ts,label,session_type,experiment_start_ts,fx,fy,fz,mx,my,mz
1786740335.5437891,resting,fast,1786740335.3081021,-464.17359179022924,-168.42078354222303,720.4774587878273,12.631558765666984,-34.81301938426745,7.215300273007331e-20
1786740335.5459638,resting,fast,1786740335.3081021,-466.99353634896534,-173.6129005303933,730.6028062484766,13.020967539779765,-35.024515226172625,7.180547713602567e-20
1786740335.5468285,resting,fast,1786740335.3081021,-463.58427135110696,-174.3707135694574,718.9581067112831,13.077803517709395,-34.768820351333154,7.029455384148734e-20
1786740335.5476644,resting,fast,1786740335.3081021,-461.2415322074089,-172.23320625963493,711.7518702018806,12.917490469472678,-34.593114915555915,6.871412067642162e-20
1786740335.552213,resting,fast,1786740335.3081021,-462.08502131039495,-171.6826756748393,705.2353872383264,12.87620067561311,-34.65637659827986,6.747816005309356e-20
1786740335.5727077,resting,fast,1786740335.3081021,-467.43013451192746,-174.90545570327617,735.5465362955301,13.117909177745926,-35.057260088394685,6.991640331164532e-20
1786740335.60119,resting,fast,1786740335.3081021,-469.1486861244498,-183.76239364241644,737.2096717298546,13.782179523181501,-35.186151459333956,7.030233015412731e-20
1786740335.6298308,resting,fast,1786740335.3081021,-464.7006589609264,-183.94518103089808,724.0114298642857,13.795888577317637,-34.85254942206971,6.975985065334943e-20
1786740335.6579318,resting,fast,1786740335.3081021,-465.18743172923996,-183.84554448626193,709.0835279109788,13.788415836469955,-34.88905737969307,6.875729829097624e-20
1786740335.6861398,resting,fast,1786740335.3081021,-468.2236975540941,-179.51177799576874,719.89542101201,13.463383349682974,-35.11677731655733,6.92945404010805e-20
1786740335.7147827,resting,fast,1786740335.3081021,-474.25144641997076,-180.2995018217797,751.6699111327898,13.522462636633652,-35.56885848149809,7.085637639255516e-20
1786740335.7433336,resting,fast,1786740335.3081021,-470.9412917430236,-178.89253413919266,742.6399747383348,13.416940060439611,-35.320596880726896,7.016979530298877e-20
1786740335.7716851,resting,fast,1786740335.3081021,-470.4440739831721,-181.39849711870568,750.3552571815208,13.6048872839031,-35.28330554873808,7.11118385671436e-20
1786740335.7999845,resting,fast,1786740335.3081021,-465.934997104971,-181.34071143300082,721.9048691713751,13.600553357475238,-34.94512478287319,7.063542373991393e-20
1786740335.8296678,resting,fast,1786740335.3081021,-467.8236720172681,-181.50968374616832,730.8981047511088,13.613226280962952,-35.0867754012952,7.146761353464926e-20
1786740335.8567338,resting,fast,1786740335.3081021,-468.74128140193625,-182.9092113878711,738.2387245719356,13.718190854090611,-35.1555961051455,7.179689299160648e-20
1786740335.8851295,resting,fast,1786740335.3081021,-466.2563590690229,-178.48089496571936,745.9587127056557,13.386067122429129,-34.969226930176944,7.16887822001563e-20
1786740335.913844,resting,fast,1786740335.3081021,-464.06559775884125,-176.42327250573396,739.8235105447093,13.231745437930353,-34.80491983191314,7.048139996793951e-20
1786740335.9419885,resting,fast,1786740335.3081021,-461.3589319249886,-174.85996657400494,714.5073932885207,13.114497493050504,-34.60191989437442,6.88921300214045e-20
1786740335.9702518,resting,fast,1786740335.3081021,-467.16306736570095,-181.20219576943055,723.9249749813698,13.590164682707442,-35.03723005242776,6.990163892673106e-20
1786740335.9985504,resting,fast,1786740335.3081021,-468.012240796666,-182.60852003001742,722.8495990145302,13.695639002251514,-35.10091805975038,7.106650495459733e-20
1786740336.0279682,resting,fast,1786740335.3081021,-472.28642750227027,-184.98361544328418,740.6698759504206,13.87377115824648,-35.42148206267048,7.181876315039128e-20
1786740336.0555267,resting,fast,1786740335.3081021,-473.9508231345435,-182.53727291850453,752.4138629729669,13.690295468888142,-35.546311735090924,7.15508607547301e-20
1786740336.083974,resting,fast,1786740335.3081021,-477.1166291291988,-187.75533601569066,747.0216611583846,14.081650201176874,-35.78374718469012,7.150077069767742e-20
1786740336.1121774,resting,fast,1786740335.3081021,-474.32056829500016,-183.4565464833098,727.5293373050827,13.759240986248368,-35.57404262212515,7.124715890481604e-20
1786740336.140597,resting,fast,1786740335.3081021,-471.5607849682069,-184.62585580398138,706.5373523866474,13.846939185298876,-35.3670588726157,7.087292767388536e-20
1786740336.169115,resting,fast,1786740335.3081021,-465.58300359489067,-179.77321590198267,699.7182228672627,13.482991192648786,-34.918725269617035,6.914878950835207e-20
1786740336.1975613,resting,fast,1786740335.3081021,-467.9458682750096,-179.1419526065671,715.3608083513946,13.435646445492853,-35.09594012062596,6.933881706740845e-20
1786740336.2263272,resting,fast,1786740335.3081021,-467.8672231402302,-178.25639742287615,721.6589092493059,13.36922980671591,-35.09004173551738,6.928559984940303e-20
1786740336.2542305,resting,fast,1786740335.3081021,-469.8599356951845,-178.29998923823337,730.5981803776758,13.372499192867696,-35.23949517713908,7.034674398255864e-20
1786740336.2826602,resting,fast,1786740335.3081021,-467.14689481908863,-180.6710929454906,723.9647324841144,13.550331970912058,-35.03601711143179,7.066953646028533e-20
1786740336.3110554,resting,fast,1786740335.3081021,-467.02564187632515,-180.81052418758168,721.9631427692357,13.560789314068888,-35.0269231407245,6.992375426871122e-20
1786740336.339398,resting,fast,1786740335.3081021,-465.49144638781263,-177.80778701758538,716.7709571306277,13.33558402631893,-34.91185847908609,6.964231588517591e-20
1786740336.368031,resting,fast,1786740335.3081021,-467.18259182035354,-175.91899848066566,722.3393854361129,13.19392488605008,-35.03869438652676,6.961452842305077e-20
1786740336.3961446,resting,fast,1786740335.3081021,-469.10272397844665,-175.22456407855032,727.2555568975949,13.141842305891512,-35.18270429838377,7.079644028173487e-20
1786740336.4253,resting,fast,1786740335.3081021,-470.011232496669,-176.66541406930025,727.2747644950678,13.249906055197744,-35.25084243725031,7.012716425392565e-20
1786740336.4529717,resting,fast,1786740335.3081021,-469.82944748616274,-181.11635137099904,719.6112049897702,13.583726352825142,-35.237208561462666,7.021681578391643e-20
1786740336.481405,resting,fast,1786740335.3081021,-468.2802427127999,-183.8796113287042,711.9877573433532,13.790970849652982,-35.12101820346019,7.024232219191963e-20
1786740336.5097578,resting,fast,1786740335.3081021,-468.37386624126384,-183.57095393233942,714.1108981201223,13.767821544925642,-35.128039968094924,7.068678604896645e-20
1786740336.5382328,resting,fast,1786740335.3081021,-465.4794869080192,-178.80497245134848,711.4832821201853,13.410372933851267,-34.910961518101615,7.007446204113138e-20
1786740336.5667467,resting,fast,1786740335.3081021,-462.4331986495208,-174.78600438148044,708.1373677095389,13.108950328611154,-34.682489898714195,6.904716060540778e-20
1786740336.5949545,resting,fast,1786740335.3081021,-464.76142684668685,-176.67859094689743,712.6555080262451,13.250894321017622,-34.857107013501654,7.004746489968422e-20
1786740336.6242895,resting,fast,1786740335.3081021,-469.08395966144553,-179.60305243499784,723.0548467891649,13.470228932625108,-35.18129697460864,6.984578764263261e-20
1786740336.651786,resting,fast,1786740335.3081021,-469.279088781901,-184.35347152048303,726.1532789424518,13.826510364036427,-35.19593165864275,7.01913395569143e-20
1786740336.6803277,resting,fast,1786740335.3081021,-467.967187596058,-182.63629020455312,726.0892330270844,13.697721765341814,-35.09753906970468,6.978256369124675e-20
1786740336.7085984,resting,fast,1786740335.3081021,-466.815064080738,-180.63765781221775,723.027718693128,13.547824335916506,-35.01112980605578,7.044337609145901e-20
1786740336.736918,resting,fast,1786740335.3081021,-468.22360403196126,-178.38990006274457,720.7735077085799,13.37924250470606,-35.116770302397335,7.033168030716055e-20
1786740336.7653859,resting,fast,1786740335.3081021,-467.33826299252587,-179.0148580531553,718.7600494310536,13.426114353986907,-35.050369724439825,6.985557465223107e-20
1786740336.7939746,resting,fast,1786740335.3081021,-465.1663939328878,-179.84713659781914,711.4644512636605,13.488535244836637,-34.88747954496672,6.967047316341255e-20
1786740336.8230925,resting,fast,1786740335.3081021,-466.63505600642156,-177.55077422178238,719.1735116900963,13.316308066633948,-34.99762920048174,7.027749025538587e-20
1786740336.8506925,resting,fast,1786740335.3081021,-469.6467781145334,-182.1933027658522,727.8254673375113,13.664497707439043,-35.22350835859026,7.089195271580041e-20
1786740336.8789692,resting,fast,1786740335.3081021,-471.48651075580256,-183.68683358896988,732.709623186599,13.776512519172979,-35.36148830668542,7.113134107000494e-20
1786740336.9072983,resting,fast,1786740335.3081021,-471.8996185615133,-183.7643203886821,738.5943307220032,13.782324029151358,-35.39247139211378,7.181261797925752e-20
1786740336.935752,resting,fast,1786740335.3081021,-471.772903409591,-179.29497981471047,735.3094931036039,13.447123486103497,-35.3829677557197,7.18178229698941e-20
1786740336.9641807,resting,fast,1786740335.3081021,-470.36744908236733,-177.85495916625678,733.4700136760648,13.339121937469503,-35.27755868117785,7.096809640349175e-20
1786740336.9924912,resting,fast,1786740335.3081021,-466.39534381883004,-176.36783045466632,717.3844549733212,13.22758728410032,-34.9796507864125,6.929503147235223e-20
1786740337.0217175,resting,fast,1786740335.3081021,-465.75606990837105,-177.21761972795753,718.0927695959263,13.291321479597006,-34.93170524312805,6.94139603150718e-20
1786740337.0494654,resting,fast,1786740335.3081021,-465.06779122637454,-178.2758247834954,720.4040776942975,13.370686858762486,-34.880084341978446,6.941098580962733e-20
1786740337.0777276,resting,fast,1786740335.3081021,-468.38801819055834,-181.9766010845874,726.6706274317539,13.64824508134419,-35.12910136429208,7.011479181093909e-20
1786740337.1060884,resting,fast,1786740335.3081021,-466.2038526108454,-180.60549215378467,717.7148965262631,13.545411911534107,-34.96528894581367,6.96773788939709e-20
1786740337.1347933,resting,fast,1786740335.3081021,-463.88307233458545,-176.051389929518,708.0751518833113,13.203854244714098,-34.791230425094135,6.960378860777734e-20
1786740337.1630032,resting,fast,1786740335.3081021,-462.20715818374083,-174.73351825775796,711.6952787308128,13.10501386933203,-34.665536863780815,6.98747534392374e-20
1786740337.19121,resting,fast,1786740335.3081021,-465.0389893639517,-174.70732898089545,722.3295028850516,13.103049673567174,-34.87792420229675,6.985593449759034e-20
1786740337.2211092,resting,fast,1786740335.3081021,-468.2683010227779,-176.33587083263944,727.5725397814467,13.225190312448138,-35.12012257670856,7.025390487560963e-20
1786740337.2483659,resting,fast,1786740335.3081021,-470.765384483821,-179.23267814675933,732.4001452577631,13.442450861007192,-35.30740383628674,7.024707203564793e-20
1786740337.2766893,resting,fast,1786740335.3081021,-469.2222189889344,-180.31081431932512,731.2991523555565,13.523311073949646,-35.191666424170386,7.039334731756206e-20
1786740337.3054569,resting,fast,1786740335.3081021,-467.13156054229785,-180.76594001039155,727.672498341889,13.557445500779497,-35.03486704067279,6.955503888270819e-20
1786740337.333641,resting,fast,1786740335.3081021,-466.8755393918327,-179.98618060825663,719.3053612494487,13.498963545619457,-35.01566545438762,6.951142175141017e-20
1786740337.3621747,resting,fast,1786740335.3081021,-467.09742629251195,-179.34504435107283,714.1119716347148,13.450878326330663,-35.0323069719385,6.874290680232191e-20
1786740337.390338,resting,fast,1786740335.3081021,-466.51847782836603,-179.7038337322184,712.5133909031056,13.477787529916693,-34.988885837127555,6.877649891034339e-20
1786740337.4191926,resting,fast,1786740335.3081021,-464.5308238624689,-178.13400788278773,718.7966836129817,13.36005059120929,-34.839811789685264,6.889301462375605e-20
1786740337.4470873,resting,fast,1786740335.3081021,-464.0439864523132,-183.2274096292996,721.6472531518575,13.742055722197495,-34.80329898392362,6.909847785956458e-20
1786740337.4753683,resting,fast,1786740335.3081021,-466.7080841036118,-182.75674363241194,731.6488876963849,13.706755772431148,-35.00310630777102,7.031233653771179e-20
1786740337.503792,resting,fast,1786740335.3081021,-467.883333380134,-182.43437124254513,720.7672498396132,13.682577843191215,-35.091250003510254,6.94318650065356e-20
1786740337.532166,resting,fast,1786740335.3081021,-465.2623939877949,-178.8655007270719,710.9635969975798,13.414912554530506,-34.894679549084906,7.009601673713447e-20
1786740337.5607495,resting,fast,1786740335.3081021,-464.06248934623954,-179.92484635148867,709.1868354767157,13.494363476361873,-34.804686700968205,6.951557513431884e-20
1786740337.588889,resting,fast,1786740335.3081021,-462.75487424700486,-179.00582877096144,710.9492816316051,13.425437157822419,-34.70661556852567,7.033224324387182e-20
1786740337.6176622,resting,fast,1786740335.3081021,-464.6522319458568,-178.85769654710066,719.4375813399538,13.414327241032705,-34.84891739593938,7.018832532447018e-20
1786740337.6459386,resting,fast,1786740335.3081021,-467.7752835513488,-180.6877317777014,721.7906833755378,13.5515798833279,-35.083146266351534,7.046349582379881e-20
1786740337.6746163,resting,fast,1786740335.3081021,-467.33801130463416,-182.45438295835777,722.822113527046,13.684078721877118,-35.05035084784771,7.0514498408897e-20
1786740337.7029173,resting,fast,1786740335.3081021,-468.1921165256713,-184.86258771294604,720.093689558752,13.864694078471363,-35.1144087394256,7.027480292426658e-20
1786740337.7310185,resting,fast,1786740335.3081021,-464.8971113150533,-180.8264372551114,705.8785495574703,13.561982794133645,-34.8672833486291,6.933828742315959e-20
1786740337.7594934,resting,fast,1786740335.3081021,-464.90485319430445,-179.5650290019338,703.7751270195276,13.467377175145241,-34.86786398957308,6.917295191408582e-20
1786740337.787828,resting,fast,1786740335.3081021,-469.28792707951743,-177.0260810070098,719.2778264761164,13.27695607552604,-35.19659453096401,6.99430449715227e-20
1786740337.8161678,resting,fast,1786740335.3081021,-470.18637888160083,-179.97388133218396,722.4828098833104,13.498041099913966,-35.26397841612033,7.0208888461843e-20
1786740337.844729,resting,fast,1786740335.3081021,-474.47223069874235,-179.78480278826498,743.1942598287706,13.483860209120326,-35.585417302405865,7.101216919290128e-20
1786740337.8729534,resting,fast,1786740335.3081021,-470.7757826252423,-180.11954303084258,732.4503985914644,13.508965727313335,-35.30818369689335,7.056423378208411e-20
1786740337.901449,resting,fast,1786740335.3081021,-467.4630428614969,-177.0567292520194,729.7346137254517,13.279254693901638,-35.05972821461262,6.98951409615421e-20
1786740337.9298687,resting,fast,1786740335.3081021,-463.36841044212406,-177.66536903260806,707.3055327762713,13.324902677445916,-34.75263078315963,6.855618807153635e-20
1786740337.9583266,resting,fast,1786740335.3081021,-463.7999159243518,-177.15181459831183,707.7421761810856,13.286386094873581,-34.784993694326616,6.829265679243637e-20
1786740337.9870045,resting,fast,1786740335.3081021,-466.75731856711036,-180.01419796306936,714.5736462744189,13.5010648472304,-35.00679889253352,6.943028677230828e-20
1786740338.0168443,resting,fast,1786740335.3081021,-469.2010665547373,-184.13987932204327,717.1632748074799,13.810490949153309,-35.190079991605565,6.968285572533133e-20
1786740338.043588,resting,fast,1786740335.3081021,-468.90138708238237,-183.28479293175053,724.176999979516,13.746359469881664,-35.167604031178946,7.066392767771753e-20
1786740338.0722167,resting,fast,1786740335.3081021,-471.32930975139607,-182.50223505142492,739.732807692264,13.687667628857145,-35.349698231354864,7.197291353713638e-20
1786740338.1005695,resting,fast,1786740335.3081021,-465.96800591230294,-177.706738828968,730.461198521104,13.32800541217296,-34.94760044342302,7.154381939375728e-20
1786740338.129249,resting,fast,1786740335.3081021,-461.89656384392083,-177.3619589465933,711.8796305040696,13.302146920994655,-34.642242288294256,7.045585117630947e-20
1786740338.1576607,resting,fast,1786740335.3081021,-458.63836849026484,-176.36837621880068,702.1278751491491,13.227628216410306,-34.39787763676996,6.895709825137917e-20
1786740338.1857467,resting,fast,1786740335.3081021,-463.2609415683464,-178.16530794636662,714.0168326358926,13.362398095977763,-34.74457061762614,6.98571323844251e-20
1786740338.2146776,resting,fast,1786740335.3081021,-466.4066928355119,-176.59006491042032,725.1748753361899,13.244254868281903,-34.98050196266347,6.95163151225631e-20
1786740338.2422812,resting,fast,1786740335.3081021,-465.05355095577033,-179.07519312854902,718.6237943867491,13.430639484641365,-34.87901632168298,6.918589084424388e-20
1786740338.2708623,resting,fast,1786740335.3081021,-463.7733776457653,-179.5381378253918,714.5955461428466,13.465360336904642,-34.78300332343274,6.889235416929449e-20
1786740338.2992976,resting,fast,1786740335.3081021,-464.0956534563684,-180.48184104752954,715.8687287444318,13.536138078564829,-34.80717400922767,6.996777341598769e-20
1786740338.3275945,resting,fast,1786740335.3081021,-465.99152088388337,-178.6359140683768,714.0486216876698,13.397693555128374,-34.949364066291395,7.061694215430924e-20
1786740338.3560812,resting,fast,1786740335.3081021,-464.6326948184287,-172.58791988272208,714.730412696962,12.944093991204287,-34.847452111382246,6.96209406071279e-20
1786740338.384425,resting,fast,1786740335.3081021,-465.58146779159415,-178.15712387124836,714.8924509821054,13.361784290343937,-34.91861008436969,6.983529362509432e-20
1786740338.4127116,resting,fast,1786740335.3081021,-465.51455103177705,-178.0063438242513,716.0985040992264,13.350475786819022,-34.913591327383536,6.928582405071523e-20
1786740338.4411662,resting,fast,1786740335.3081021,-467.17482361827797,-182.87108544541718,719.2267000682987,13.715331408406431,-35.03811177137118,6.949197265735741e-20
1786740338.4695303,resting,fast,1786740335.3081021,-467.60089517088363,-179.13938463298564,710.3960536891209,13.43545384747414,-35.07006713781648,6.890432584278708e-20
1786740338.4979384,resting,fast,1786740335.3081021,-467.85135516703986,-179.11808207067122,713.835717361032,13.433856155300536,-35.08885163752845,6.914069298861343e-20
1786740338.5265255,resting,fast,1786740335.3081021,-467.43543321633706,-179.7786462193527,711.1256171934365,13.483398466451607,-35.05765749122551,7.045197930224762e-20
1786740338.5551007,resting,fast,1786740335.3081021,-466.09989614042433,-179.50854163561814,717.20512638942,13.463140622671649,-34.957492210531974,7.072484134720093e-20
1786740338.5832727,resting,fast,1786740335.3081021,-468.62094844934245,-180.62607129530477,719.371369941,13.546955347148074,-35.14657113370089,7.139127898148827e-20
1786740338.6118033,resting,fast,1786740335.3081021,-471.0570975215128,-184.46382263750002,727.9374103761756,13.83478669781287,-35.329282314113705,7.175186699618208e-20
1786740338.6401126,resting,fast,1786740335.3081021,-471.2225892348674,-186.29047162135748,731.0373849175803,13.971785371602085,-35.3416941926151,7.187195353671993e-20
1786740338.6685016,resting,fast,1786740335.3081021,-465.2829662090521,-183.87384638706692,728.2798190474232,13.790538479030229,-34.896222465679145,7.100057373284182e-20
1786740338.6969423,resting,fast,1786740335.3081021,-464.15930711197825,-182.4828312073771,720.2298433444357,13.68621234055352,-34.811948033398465,7.034451296038413e-20
1786740338.7254708,resting,fast,1786740335.3081021,-466.37719004022847,-181.88515871951734,714.8465139836171,13.64138690396398,-34.97828925301738,7.026136490958108e-20
1786740338.7535279,resting,fast,1786740335.3081021,-470.6115805702889,-187.32380553989458,712.4418931181617,14.049285415492104,-35.295868542772,7.034262778911317e-20
1786740338.781917,resting,fast,1786740335.3081021,-467.5251538097996,-184.82320428309447,708.4674148289769,13.86174032123225,-35.06438653573513,7.039620493493848e-20
1786740338.8105009,resting,fast,1786740335.3081021,-464.9820810201395,-180.84131063187556,710.4883937653258,13.563098297390876,-34.87365607651083,7.049281794578337e-20
1786740338.838684,resting,fast,1786740335.3081021,-465.934816928022,-177.7395362798486,725.9098151221633,13.330465220988824,-34.94511126960171,7.110690413305026e-20
1786740338.8673992,resting,fast,1786740335.3081021,-467.4861604197886,-177.21503644364168,731.1376208647616,13.291127733273452,-35.06146203148431,7.086715500627763e-20
1786740338.8953278,resting,fast,1786740335.3081021,-470.90595400204757,-178.665392697843,741.2291182182807,13.3999044523384,-35.3179465501539,7.078581880248232e-20
1786740338.924095,resting,fast,1786740335.3081021,-469.7805246823982,-177.34548376738837,730.7300930346946,13.300911282554363,-35.23353935117998,7.043722795514665e-20
1786740338.9524386,resting,fast,1786740335.3081021,-471.0067587149624,-179.506154432696,731.4137184917945,13.462961582452426,-35.32550690362237,7.025518961080953e-20
1786740338.9811065,resting,fast,1786740335.3081021,-468.25528073000396,-178.2476875818561,723.2965946675877,13.368576568639423,-35.11914605475042,7.041989893756899e-20
1786740339.0091195,resting,fast,1786740335.3081021,-469.17053051629955,-179.8825564390396,723.1188760921041,13.491191732928232,-35.18778978872274,7.031146839117658e-20
1786740339.0374997,resting,fast,1786740335.3081021,-469.06303022443126,-179.31091948784763,723.1670502887409,13.448318961588793,-35.17972726683259,7.044943971287363e-20
1786740339.0659237,resting,fast,1786740335.3081021,-470.21216709102464,-179.91861531614393,729.3382627100009,13.493896148711055,-35.26591253182714,7.063953095340221e-20
1786740339.094598,resting,fast,1786740335.3081021,-467.1301162707732,-180.09170215704114,723.9387225869095,13.506877661778244,-35.03475872030835,6.992256211832871e-20
1786740339.1227944,resting,fast,1786740335.3081021,-466.8288616427162,-178.06837654668948,721.2436954523464,13.355128241001967,-35.01216462320371,7.017551077191698e-20
1786740339.1512554,resting,fast,1786740335.3081021,-463.753575224981,-181.25930877218718,711.1926558243986,13.594448157914282,-34.78151814187393,6.940465912240239e-20
1786740339.1797621,resting,fast,1786740335.3081021,-466.4261734404927,-180.33623805432705,712.5990985699618,13.525217854074594,-34.98196300803725,6.999284061372592e-20
1786740339.2090743,resting,fast,1786740335.3081021,-467.4661910242203,-181.6870915694352,718.13628190913,13.626531867707865,-35.05996432681687,6.98682284733665e-20
1786740339.2361426,resting,fast,1786740335.3081021,-471.665772392284,-182.15801243697376,728.5506398958123,13.661850932773259,-35.374932929421526,7.083074545203676e-20
1786740339.264684,resting,fast,1786740335.3081021,-473.3812196516751,-181.12799904941653,737.3205315072928,13.584599928706414,-35.50359147387576,7.079824441569855e-20
1786740339.293019,resting,fast,1786740335.3081021,-472.83416774114085,-179.32619748660898,734.204166885941,13.449464811496004,-35.462562580585654,7.049297540984855e-20
1786740339.3213391,resting,fast,1786740335.3081021,-470.1234080917184,-177.67577479132137,722.2999577473065,13.325683109349423,-35.259255606879066,6.973005154173081e-20
1786740339.3499613,resting,fast,1786740335.3081021,-468.95637600373266,-178.79895855998382,719.6923792256166,13.40992189199898,-35.171728200280114,7.032723343579531e-20
1786740339.3781755,resting,fast,1786740335.3081021,-469.3087564573184,-179.5653891375838,722.1222446934717,13.467404185319044,-35.198156734299076,7.057470250873274e-20
1786740339.4065077,resting,fast,1786740335.3081021,-468.0609231804315,-177.71467880255352,723.3089436425598,13.328600910191863,-35.10456923853254,7.050573493125421e-20
1786740339.435123,resting,fast,1786740335.3081021,-468.1476816701429,-180.58664540671327,721.5759978929482,13.543998405503626,-35.111076125261064,7.043269419773613e-20
1786740339.4634118,resting,fast,1786740335.3081021,-467.5397914107293,-180.52998632356253,723.3217374310416,13.539748974267486,-35.06548435580492,7.073633082916284e-20
1786740339.4916494,resting,fast,1786740335.3081021,-468.7374031881636,-182.3870473120021,728.1743655702167,13.67902854840042,-35.15530523911247,7.055520458446025e-20
1786740339.5203779,resting,fast,1786740335.3081021,-467.7381080648238,-176.8688712780961,727.5729321452563,13.265165345857273,-35.08035810486211,7.046505849422137e-20
1786740339.5488217,resting,fast,1786740335.3081021,-467.2583796349354,-174.7544869303115,722.5914560233405,13.106586519773703,-35.04437847262049,6.950867625894953e-20
1786740339.5769207,resting,fast,1786740335.3081021,-464.5684731876686,-175.12994919266316,710.9542823082511,13.13474618944991,-34.842635489075455,6.949466563923421e-20
1786740339.6054165,resting,fast,1786740335.3081021,-464.7868614157669,-177.82858434019965,715.6194158700309,13.337143825515195,-34.85901460618278,6.978740758625684e-20
1786740339.6340175,resting,fast,1786740335.3081021,-465.6636515149339,-180.78446883325125,717.3428520912339,13.558835162493974,-34.924773863620324,6.996019587795819e-20
1786740339.6626863,resting,fast,1786740335.3081021,-467.8918609622783,-178.44017986323718,728.5315428941722,13.383013489743131,-35.091889572171205,7.003366733605355e-20
1786740339.6907482,resting,fast,1786740335.3081021,-465.7426706946608,-174.56644758740674,720.5265570422962,13.092483569055691,-34.93070030209972,6.883144476068611e-20
1786740339.7190604,resting,fast,1786740335.3081021,-465.95593034353624,-174.51374500061968,724.7052120068574,13.088530875046747,-34.94669477576532,6.969978672373284e-20
1786740339.7477663,resting,fast,1786740335.3081021,-466.87101883919513,-175.15779946118198,720.8288752713406,13.136834959588949,-35.01532641293981,6.970373917851444e-20
1786740339.7757351,resting,fast,1786740335.3081021,-470.0111515947633,-180.03264933668697,726.6476377794888,13.502448700251772,-35.25083636960746,7.091310197872747e-20
1786740339.8052008,resting,fast,1786740335.3081021,-469.6796200848021,-179.15708813258857,720.5489998213443,13.436781609944259,-35.225971506360416,7.010823566711325e-20
1786740339.8325617,resting,fast,1786740335.3081021,-471.9444738092802,-183.3985645892152,730.6272180632832,13.7548923441914,-35.395835535696335,7.042430055453893e-20
1786740339.8609142,resting,fast,1786740335.3081021,-471.0531722878118,-181.9145011724221,727.9570274815478,13.643587587931822,-35.328987921586055,6.992182538340075e-20
1786740339.8895774,resting,fast,1786740335.3081021,-471.31495268367235,-180.678600530258,729.3047531597776,13.550895039769475,-35.348621451275754,6.978660381697492e-20
1786740339.918388,resting,fast,1786740335.3081021,-465.43645473980223,-175.4211960134295,709.4837222827819,13.15658970100736,-34.90773410548534,6.873115731531286e-20
1786740339.9464283,resting,fast,1786740335.3081021,-463.697018524997,-174.19000622607666,710.3556133212305,13.06425046695605,-34.77727638937497,6.852987642004122e-20
1786740339.974791,resting,fast,1786740335.3081021,-464.3596124095666,-176.44593629064593,716.1270656053675,13.233445221798643,-34.82697093071769,6.970506088247224e-20
1786740340.004042,resting,fast,1786740335.3081021,-466.3344958489056,-174.82842785674643,722.6306796078852,13.112132089256146,-34.975087188668276,7.012130377254129e-20
1786740340.0313246,resting,fast,1786740335.3081021,-468.20791382393736,-177.8059105199868,724.1021941133085,13.335443288999226,-35.115593536795515,7.028407591417949e-20
1786740340.0597005,resting,fast,1786740335.3081021,-467.50663008159427,-178.33619368269171,722.9484319989233,13.375214526202246,-35.062997256119836,7.002836518559527e-20
1786740340.0881379,resting,fast,1786740335.3081021,-466.3527426276196,-180.94018058152676,722.7688296522119,13.57051354361467,-34.976455697071664,6.99590123902517e-20
1786740340.1163807,resting,fast,1786740335.3081021,-466.09545516369553,-178.87318996335466,716.709508691215,13.415489247251774,-34.957159137277266,6.999984685400641e-20
1786740340.1449232,resting,fast,1786740335.3081021,-465.71494536389446,-178.8239532643646,712.524293528837,13.411796494827644,-34.928620902292394,6.94642546848014e-20
1786740340.173559,resting,fast,1786740335.3081021,-469.10533354244353,-179.50111032883092,724.5988131574959,13.46258327466246,-35.1829000156836,7.043661488383963e-20
1786740340.202778,resting,fast,1786740335.3081021,-466.88578719481984,-178.14727746033395,725.6967440597682,13.36104580952529,-35.01643403961156,7.01899462386926e-20
1786740340.2300026,resting,fast,1786740335.3081021,-467.51612013333533,-181.12563797418022,726.1357217849663,13.584422848063742,-35.06370901000054,7.028998560753939e-20
1786740340.2583513,resting,fast,1786740335.3081021,-466.2429460580147,-180.7296880637948,720.0167945552994,13.554726604784936,-34.96822095435137,6.94771497413841e-20
1786740340.286846,resting,fast,1786740335.3081021,-467.41827819082255,-181.2178605396614,730.7566143518443,13.591339540474952,-35.05637086431202,6.961603391299443e-20
1786740340.31517,resting,fast,1786740335.3081021,-465.76351967572236,-175.85633331313898,724.3843133671189,13.189224998485695,-34.932263975679255,6.955246752903451e-20
1786740340.3434372,resting,fast,1786740335.3081021,-467.0879303838965,-179.40501656056608,724.7070367791121,13.455376242042636,-35.031594778792446,6.967689677204342e-20
1786740340.3718867,resting,fast,1786740335.3081021,-466.9316805981289,-180.3448407498696,716.0998524443676,13.52586305624057,-35.01987604485997,6.977858713796492e-20
1786740340.4008553,resting,fast,1786740335.3081021,-468.1102768114506,-181.60197635615827,726.3776156425711,13.62014822671215,-35.108270760858844,7.006732712697425e-20
1786740340.4288971,resting,fast,1786740335.3081021,-468.7060286129272,-181.42697512384302,729.5575828130395,13.607023134288486,-35.15295214596968,7.066539962537244e-20
1786740340.4575336,resting,fast,1786740335.3081021,-469.02199790435907,-182.6366163117815,728.2905425347926,13.697746223383735,-35.17664984282707,7.037026688324935e-20
1786740340.4857132,resting,fast,1786740335.3081021,-467.23446660726904,-181.26358458048333,719.078491451377,13.594768843536304,-35.04258499554533,6.941489718842497e-20
1786740340.514122,resting,fast,1786740335.3081021,-465.76899298795615,-179.54063637053946,714.0903143635751,13.465547727790732,-34.932674474097,6.933437033193674e-20
1786740340.5422325,resting,fast,1786740335.3081021,-465.3358467242374,-180.10169300461484,717.1267259625974,13.507626975346287,-34.90018850431807,6.974441091800616e-20
1786740340.5707088,resting,fast,1786740335.3081021,-467.0929806530171,-179.94301578214015,724.9028196849076,13.495726183660768,-35.03197354897651,7.056571695225693e-20
1786740340.6010535,resting,fast,1786740335.3081021,-468.4858822616052,-179.8630986339623,728.5061295760352,13.489732397547524,-35.136441169620454,7.018846201943636e-20
1786740340.6275303,resting,fast,1786740335.3081021,-469.67147820307855,-178.7562225285011,726.9404417271535,13.40671668963775,-35.22536086523106,6.997276838579394e-20
1786740340.6558979,resting,fast,1786740335.3081021,-468.53280854585273,-180.24007115746952,721.1919381157813,13.518005336810557,-35.13996064093914,6.970545471641552e-20
1786740340.6842542,resting,fast,1786740335.3081021,-465.8619852528109,-177.6936933479484,715.5771110020332,13.327027001096408,-34.939648893960914,6.929768186098956e-20
1786740340.7128012,resting,fast,1786740335.3081021,-461.89771274763643,-177.3744877223196,703.116424020981,13.303086579174145,-34.64232845607302,6.870259409583722e-20
1786740340.741403,resting,fast,1786740335.3081021,-463.61283415553135,-174.6422906442814,707.2990499616208,13.098171798321413,-34.77096256166499,6.867273453006708e-20
1786740340.769643,resting,fast,1786740335.3081021,-463.8756811208432,-175.17950956433344,706.6456960522837,13.138463217325185,-34.79067608406344,6.874050270404333e-20
1786740340.7984962,resting,fast,1786740335.3081021,-466.6062962173037,-173.98096845990187,717.5274925123986,13.048572634492967,-34.9954722162979,6.954295812048137e-20
1786740340.8265295,resting,fast,1786740335.3081021,-468.09066794061255,-175.99256600785782,722.9775878825885,13.19944245058947,-35.10680009554634,6.898494503078188e-20
1786740340.855064,resting,fast,1786740335.3081021,-469.3832753643892,-177.0607605684063,729.3127209867043,13.279557042630753,-35.203745652329296,6.945009525560618e-20
1786740340.8830173,resting,fast,1786740335.3081021,-468.15621012088195,-179.15381695374208,727.1543738169739,13.436536271530837,-35.1117157590663,6.897012235435198e-20
1786740340.9117088,resting,fast,1786740335.3081021,-465.81094650853265,-179.66927801189274,715.1948092864131,13.475195850892117,-34.93582098814027,6.974526611571277e-20
1786740340.9400299,resting,fast,1786740335.3081021,-466.1330923566161,-181.74855189845448,711.298259535848,13.63114139238429,-34.95998192674652,7.019529577345501e-20
1786740340.9683013,resting,fast,1786740335.3081021,-467.6281114393346,-178.99068482405448,716.4958418365377,13.424301361804286,-35.072108357950356,7.035223467421923e-20
1786740340.9979868,resting,fast,1786740335.3081021,-470.0003120853926,-181.92969346425946,725.2399405727583,13.644727009819594,-35.250023406404445,7.092417507568368e-20
1786740341.0251572,resting,fast,1786740335.3081021,-469.5464929690702,-178.507793587185,729.8808477143748,13.388084519039094,-35.215986972680476,7.064811433794988e-20
1786740341.0533855,resting,fast,1786740335.3081021,-471.36489915402126,-180.6298547697494,734.0591556025274,13.547239107731404,-35.352367436551916,7.131931015384058e-20
1786740341.0817883,resting,fast,1786740335.3081021,-469.21405520093276,-177.91084768954397,725.1423195523212,13.343313576716017,-35.19105414007013,6.989947755901216e-20
1786740341.110394,resting,fast,1786740335.3081021,-470.4568397382109,-178.77514866668594,722.6220316859435,13.40813615000182,-35.28426298036595,6.935270264555774e-20
1786740341.138652,resting,fast,1786740335.3081021,-468.4513206601732,-177.86945397331203,715.368618443551,13.340209047998567,-35.13384904951315,6.892402341580949e-20
1786740341.1670725,resting,fast,1786740335.3081021,-466.1621863719515,-177.65217305239833,711.2192104797168,13.323912978930093,-34.96216397789658,6.936388380438595e-20
1786740341.197029,resting,fast,1786740335.3081021,-464.21945961421943,-179.17641132154756,712.2845869664106,13.438230849116298,-34.81645947106655,6.921067006280773e-20
1786740341.2239227,resting,fast,1786740335.3081021,-466.0706860876194,-181.61769148384735,718.254629682463,13.62132686128874,-34.95530145657178,6.93666656534181e-20
1786740341.2528737,resting,fast,1786740335.3081021,-463.94052247046193,-179.26753078660886,716.1235901239097,13.445064808995898,-34.79553918528488,6.8977061716914e-20
1786740341.2809305,resting,fast,1786740335.3081021,-465.3164815787791,-177.73879333863852,714.8091480337371,13.330409500398101,-34.898736118408536,6.929068120000429e-20
1786740341.3091705,resting,fast,1786740335.3081021,-464.96189359229675,-177.04523345450116,709.7752822289067,13.278392509087826,-34.87214201942226,6.937300051413025e-20
1786740341.3376756,resting,fast,1786740335.3081021,-469.2301039130866,-181.86380006103957,717.6206365693351,13.63978500457824,-35.19225779348176,7.01072346239749e-20
1786740341.3659348,resting,fast,1786740335.3081021,-467.98911334977265,-183.37895026568333,717.6314386353861,13.753421269926445,-35.099183501233036,7.104642166561057e-20
1786740341.396734,resting,fast,1786740335.3081021,-468.24490167125214,-183.8811658748873,723.5857569491609,13.791087440616788,-35.118367625344064,7.1604967176464e-20
1786740341.4226072,resting,fast,1786740335.3081021,-468.10545718823596,-181.2247975161789,730.6851044672285,13.591859813713658,-35.107909289117856,7.142578422732114e-20
1786740341.451165,resting,fast,1786740335.3081021,-467.89423936880166,-181.23177426727466,725.5401187335874,13.592383070045845,-35.09206795266038,7.027132506393906e-20
1786740341.4796212,resting,fast,1786740335.3081021,-467.5727233735911,-181.83702956919274,723.1604632323533,13.637777217689763,-35.06795425301957,6.961868917227402e-20
1786740341.5079556,resting,fast,1786740335.3081021,-467.17654641553963,-178.92911873860078,718.2071660853471,13.419683905395285,-35.03824098116576,6.957607229644396e-20
1786740341.536458,resting,fast,1786740335.3081021,-466.95869927652257,-178.13197557160095,720.9472023605531,13.35989816787026,-35.02190244573936,7.00134767464187e-20
1786740341.564568,resting,fast,1786740335.3081021,-467.85446903684215,-176.8559936687626,719.6904058905357,13.264199525157455,-35.08908517776338,7.0252005272464e-20
1786740341.5941389,resting,fast,1786740335.3081021,-469.0774854857891,-181.28768173863386,722.37057183857,13.596576130397725,-35.180811411434334,7.050287714556759e-20
1786740341.6217742,resting,fast,1786740335.3081021,-469.2836702450736,-181.9792802690638,726.1646206002561,13.648446020179836,-35.19627526838079,7.015114903725998e-20
1786740341.6502037,resting,fast,1786740335.3081021,-468.04771740695014,-181.10474549810795,723.6721533472382,13.582855912358358,-35.10357880552157,6.992858948003041e-20
1786740341.6784723,resting,fast,1786740335.3081021,-469.54591607081466,-180.26647880530277,725.1127721959729,13.519985910398017,-35.21594370531145,6.98983256688701e-20
1786740341.706736,resting,fast,1786740335.3081021,-468.15463413464204,-177.3709684883471,715.835995438917,13.302822636626292,-35.11159756009831,6.991508978118542e-20
1786740341.7352262,resting,fast,1786740335.3081021,-467.3147087015518,-176.1590626620747,719.3091653123884,13.211929699655816,-35.04860315261649,7.025320431232134e-20
1786740341.7636304,resting,fast,1786740335.3081021,-464.85466461710394,-176.38937663772003,719.6212214654815,13.229203247829286,-34.8640998462831,7.048448425363567e-20
1786740341.7933583,resting,fast,1786740335.3081021,-466.8143705239022,-177.59676724942813,726.234384168898,13.319757543707357,-35.01107778929294,7.064750034879338e-20
1786740341.8205917,resting,fast,1786740335.3081021,-468.11600976140517,-176.75430733254348,737.3959395000466,13.256573049940986,-35.108700732105575,7.077384797482215e-20
1786740341.8486078,resting,fast,1786740335.3081021,-466.9378956994983,-175.88539609681743,730.0405603879963,13.191404707261622,-35.02034217746251,7.026766100714313e-20
1786740341.8773026,resting,fast,1786740335.3081021,-469.6755726889355,-177.75478289180217,736.4228141658732,13.331608716885423,-35.22566795167052,7.088662196433923e-20
1786740341.9055266,resting,fast,1786740335.3081021,-468.48469270178657,-178.10652536738382,717.1886291268938,13.357989402554143,-35.13635195263429,6.981111594848553e-20
1786740341.9337158,resting,fast,1786740335.3081021,-467.5775527605215,-178.1984918182053,711.7848257996893,13.364886886365685,-35.06831645703945,6.938321051080703e-20
1786740341.9620693,resting,fast,1786740335.3081021,-465.3036531961511,-173.7506117582668,714.5729972372756,13.031295881870246,-34.897773989711524,6.885121772944438e-20
1786740341.9920678,resting,fast,1786740335.3081021,-465.1262408454277,-175.36040163262362,719.1513904499088,13.152030122447027,-34.88446806340736,6.922810101139876e-20
1786740342.019139,resting,fast,1786740335.3081021,-467.0446482018647,-175.1165991680017,729.7585849518537,13.133744937600394,-35.028348615140054,6.988509723156395e-20
1786740342.0475578,resting,fast,1786740335.3081021,-468.0769032576736,-179.5823201353287,726.0662096188498,13.468674010149872,-35.10576774432563,7.010343918633316e-20
1786740342.0756485,resting,fast,1786740335.3081021,-467.64474039511197,-174.64211752463086,724.086165837406,13.098158814347617,-35.07335552963352,6.962767372723389e-20
1786740342.1039853,resting,fast,1786740335.3081021,-465.7159653675485,-174.17760396178608,719.9979857363869,13.063320297134293,-34.928697402566485,6.911407218145218e-20
1786740342.1325357,resting,fast,1786740335.3081021,-466.35242046273606,-174.75126835778326,719.0307542199535,13.106345126834118,-34.976431534705476,6.911610293614424e-20
1786740342.1609957,resting,fast,1786740335.3081021,-467.64165003793823,-180.38873644888395,724.2385228037974,13.529155233666383,-35.07312375284544,6.978642565952097e-20
1786740342.1911545,resting,fast,1786740335.3081021,-469.0008188406787,-180.2327875887288,724.4280218556441,13.517459069154949,-35.17506141305114,7.022576482856873e-20
1786740342.217691,resting,fast,1786740335.3081021,-466.25736946034567,-181.25059436103743,720.7359453283898,13.593794577078167,-34.96930270952599,6.998238546277163e-20
1786740342.2465396,resting,fast,1786740335.3081021,-466.2791373526761,-182.10493107773505,718.2971731294847,13.65786983083039,-34.97093530145098,7.007691937071974e-20
1786740342.274384,resting,fast,1786740335.3081021,-470.04640667096146,-183.126365094069,725.518900653482,13.734477382055456,-35.253480500322325,7.038573106943258e-20
1786740342.3027315,resting,fast,1786740335.3081021,-469.8438996611817,-179.6522779074959,722.37132384497,13.473920843062377,-35.238292474588825,7.07516802287249e-20
1786740342.331278,resting,fast,1786740335.3081021,-467.73153398577006,-177.74697432449022,716.8706753950546,13.33102307433698,-35.07986504893296,7.006368240005684e-20
1786740342.3599918,resting,fast,1786740335.3081021,-465.8267418932637,-177.79190018645056,715.6156430257342,13.334392513984096,-34.93700564199514,7.031081647885296e-20
1786740342.3899212,resting,fast,1786740335.3081021,-467.6495484333054,-179.65432646038755,720.457683853635,13.474074484529343,-35.07371613249823,7.027062442683614e-20
1786740342.416681,resting,fast,1786740335.3081021,-471.3334994140464,-179.3189762550693,730.8565686259799,13.448923219130368,-35.35001245605362,7.145514213276706e-20
1786740342.445025,resting,fast,1786740335.3081021,-470.5133629306856,-180.82389602918522,726.5731440910904,13.56179220218915,-35.28850221980171,7.08663190761375e-20
1786740342.473225,resting,fast,1786740335.3081021,-469.60191241209304,-180.36048035987324,725.4808543692216,13.527036026990732,-35.220143430907214,7.047736893021078e-20
1786740342.501696,resting,fast,1786740335.3081021,-469.1690048235196,-182.65192340970054,720.3059860874891,13.698894255727861,-35.18767536176432,6.944084131239596e-20
1786740342.5300646,resting,fast,1786740335.3081021,-467.4205225018368,-181.22738339623686,719.1719381046778,13.592053754717835,-35.0565391876379,6.918670735635663e-20
1786740342.5583584,resting,fast,1786740335.3081021,-468.14079552189696,-180.72671407246207,717.2620562607526,13.554503555434916,-35.11055966414261,6.904935733548779e-20
1786740342.5880444,resting,fast,1786740335.3081021,-467.013894833276,-180.0151691848572,720.6537184512536,13.501137688864493,-35.02604211249595,6.948824806337946e-20
1786740342.6150477,resting,fast,1786740335.3081021,-469.59986381558656,-179.85651987749634,722.3772914908677,13.489238990812506,-35.219989786169165,7.002970134475296e-20
1786740342.6435132,resting,fast,1786740335.3081021,-470.40359134315213,-180.82249915215823,724.4540608717361,13.561687436412196,-35.28026935073664,7.0225999758892e-20
1786740342.6718156,resting,fast,1786740335.3081021,-471.4345040103676,-182.13287446100992,722.4833101278455,13.659965584575989,-35.35758780077788,7.049691193020744e-20
1786740342.7003412,resting,fast,1786740335.3081021,-471.255335987928,-180.51092658104938,722.3300784105077,13.538319493578822,-35.344150199094635,7.001949046597648e-20
1786740342.728852,resting,fast,1786740335.3081021,-469.5453208400063,-178.7559946213895,722.0616530386424,13.406699596604408,-35.215899063000855,6.995263479698581e-20
1786740342.7571113,resting,fast,1786740335.3081021,-468.80709961409593,-181.37273258716823,716.5274812812377,13.602954944037695,-35.160532471057415,6.945787555775129e-20
1786740342.7856855,resting,fast,1786740335.3081021,-467.31465404391747,-181.41121690461353,714.5733592653496,13.605841267846127,-35.04859905329387,6.910903799052981e-20
1786740342.814121,resting,fast,1786740335.3081021,-467.7876362732768,-182.96341309532727,712.8240709811544,13.722255982149857,-35.084072720495925,6.894064744415055e-20
1786740342.842349,resting,fast,1786740335.3081021,-467.95554484960576,-179.86382888847766,717.3417014169872,13.48978716663601,-35.096665863720624,6.910237617535988e-20
1786740342.8709393,resting,fast,1786740335.3081021,-467.9772972970509,-179.792813631865,724.578922163937,13.48446102238999,-35.098297297279046,7.031266188872041e-20
1786740342.8993924,resting,fast,1786740335.3081021,-467.23497839123957,-178.73080653358454,722.8331643022693,13.40481049001912,-35.04262337934318,7.028055323803811e-20
1786740342.92775,resting,fast,1786740335.3081021,-465.9596780367019,-179.07990776542442,718.0587349487678,13.430993082407145,-34.94697585275292,6.997090164121932e-20
1786740342.9559708,resting,fast,1786740335.3081021,-469.0963734198772,-180.42052586358545,720.6883600028823,13.531539439769038,-35.18222800649101,6.996781124021584e-20
1786740342.9854844,resting,fast,1786740335.3081021,-468.44886815992686,-180.83138335408864,721.1037269165854,13.562353751556895,-35.13366511199479,7.029268680696175e-20
1786740343.012515,resting,fast,1786740335.3081021,-467.66646476578035,-180.36383137192968,724.0085168269752,13.527287352894948,-35.07498485743373,7.046366841536934e-20
1786740343.0410702,resting,fast,1786740335.3081021,-464.9992706700432,-181.54180414516247,719.0171980472069,13.615635310887424,-34.87494530025362,7.068001573371575e-20
1786740343.0696507,resting,fast,1786740335.3081021,-468.9196447943632,-183.75817012991683,726.8716710999406,13.781862759744161,-35.16897335957739,7.089969161046635e-20
1786740343.0978281,resting,fast,1786740335.3081021,-469.8913147011599,-181.2436446875771,725.5667298701155,13.59327335156853,-35.24184860258718,7.112727712716944e-20
1786740343.1263688,resting,fast,1786740335.3081021,-469.34020182136646,-180.62760644030834,723.2904543579216,13.547070483023372,-35.200515136602846,7.019516829455867e-20
1786740343.1547148,resting,fast,1786740335.3081021,-465.6499109858387,-178.44481028837117,717.7666808667482,13.38336077162791,-34.923743323938105,7.005479029058748e-20
1786740343.1834397,resting,fast,1786740335.3081021,-465.257310991321,-180.16386646281023,717.8028253425928,13.512289984711042,-34.89429832434939,6.985527507327962e-20
1786740343.2116153,resting,fast,1786740335.3081021,-465.9300285337781,-179.47958518191456,717.3638451929737,13.460968888643766,-34.94475214003366,6.990476579412902e-20
1786740343.2400503,resting,fast,1786740335.3081021,-465.5979533547679,-177.99608622799667,719.3282528114396,13.349706467100123,-34.91984650160783,6.971093738918243e-20
1786740343.2684486,resting,fast,1786740335.3081021,-465.9046647283917,-176.12355555447505,720.9133316776306,13.209266666585737,-34.94284985462954,6.944230895315372e-20
1786740343.2966635,resting,fast,1786740335.3081021,-465.333505860714,-176.343810798145,721.6584868983418,13.225785809861154,-34.90001293955382,6.99455789137421e-20
1786740343.3253164,resting,fast,1786740335.3081021,-465.48771105815285,-176.9754542658227,716.9333698151167,13.273159069936955,-34.91157832936164,6.98680154830541e-20
1786740343.3536458,resting,fast,1786740335.3081021,-467.43117036990134,-179.1839752793644,720.1509564723865,13.4387981459525,-35.05733777774276,7.048264412680532e-20
1786740343.3830614,resting,fast,1786740335.3081021,-468.1620511723031,-182.4110085969579,717.7730111862538,13.680825644772252,-35.112153837923046,6.999012127765873e-20
1786740343.4104483,resting,fast,1786740335.3081021,-471.7012626479377,-184.52834536290516,723.9582872073534,13.839625902218163,-35.37759469859554,6.986044166852434e-20
1786740343.438781,resting,fast,1786740335.3081021,-470.5376447233557,-181.95759938655226,724.4797368524814,13.646819953991685,-35.290323354251875,6.988573385615487e-20
1786740343.4671533,resting,fast,1786740335.3081021,-470.79464017395185,-179.83270739606166,731.5813397588763,13.487453054704762,-35.309598013046646,7.053798975313987e-20
1786740343.495421,resting,fast,1786740335.3081021,-470.8412653681107,-179.0245756109382,733.1664428749282,13.426843170820671,-35.31309490260852,7.124729176954225e-20
1786740343.5237062,resting,fast,1786740335.3081021,-468.9119436680676,-178.8918229905653,725.7784051968474,13.41688672429267,-35.16839577510517,7.105604807677981e-20
1786740343.5522594,resting,fast,1786740335.3081021,-467.4292947643153,-177.6483181354139,719.1408557009299,13.323623860156435,-35.057197107323844,7.073543227541801e-20
1786740343.5824707,resting,fast,1786740335.3081021,-464.46825016613366,-177.0884679306896,716.7615015565561,13.281635094802045,-34.835118762460155,7.026395803146747e-20
1786740343.6089094,resting,fast,1786740335.3081021,-467.0757016896996,-177.80372175486832,725.4250335948809,13.335279131615277,-35.030677626727645,6.994281619692971e-20
1786740343.637348,resting,fast,1786740335.3081021,-466.7785473318704,-176.74805726170177,726.9542528236607,13.256104294627836,-35.00839104989047,6.913409675328682e-20
1786740343.6658666,resting,fast,1786740335.3081021,-467.2851501127134,-175.93557400323039,726.7190388247463,13.195168050242405,-35.046386258453836,6.93703184493781e-20
1786740343.6944647,resting,fast,1786740335.3081021,-467.11907280208834,-176.95984752543518,727.3476905165971,13.27198856440791,-35.03393046015665,7.000330224463079e-20
1786740343.722682,resting,fast,1786740335.3081021,-466.7879208469949,-177.82577286098729,723.7170234989217,13.336932964574249,-35.00909406352468,7.034880449628349e-20
1786740343.7510002,resting,fast,1786740335.3081021,-466.2150074790352,-176.56334150083717,718.5668770890079,13.242250612563051,-34.96612556092777,7.015235684405356e-20
1786740343.7793193,resting,fast,1786740335.3081021,-466.00283821864696,-176.43238691520105,717.2977961602674,13.232429018640321,-34.950212866398786,6.920162161557203e-20
1786740343.8077407,resting,fast,1786740335.3081021,-469.83957271168447,-178.7952322650773,728.431232886337,13.409642419881,-35.23796795337656,7.029630848782367e-20
1786740343.8362296,resting,fast,1786740335.3081021,-469.9234471610416,-180.09980010244658,731.4269537824493,13.507485007683723,-35.24425853707824,7.057656577053317e-20
1786740343.8646812,resting,fast,1786740335.3081021,-468.8732182278054,-178.0327503946229,728.287003276545,13.352456279596996,-35.16549136708582,7.129887217978464e-20
1786740343.8931177,resting,fast,1786740335.3081021,-466.6780570884657,-175.04297000262522,718.6680749048692,13.12822275019715,-35.00085428163514,7.050691788946035e-20
1786740343.9214773,resting,fast,1786740335.3081021,-465.77446335847117,-174.18512361466867,716.062733218715,13.06388427110036,-34.93308475188544,7.018425620509245e-20
1786740343.9500773,resting,fast,1786740335.3081021,-466.637859376342,-178.2653544842782,717.1354155805211,13.369901586321244,-34.99783945322589,7.01582749653659e-20
1786740343.9813452,resting,fast,1786740335.3081021,-466.7354016237714,-177.20811158335084,723.6002165065138,13.290608368751666,-35.005155121782984,7.024217418915564e-20
1786740344.0067995,resting,fast,1786740335.3081021,-469.5580951873444,-179.173676103782,730.9124126518955,13.438025707783854,-35.21685713905098,7.109466697572564e-20
1786740344.0352068,resting,fast,1786740335.3081021,-472.17892402375264,-179.0256885756612,733.4663531602664,13.426926643174742,-35.41341930178156,7.16182578747493e-20
1786740344.0634646,resting,fast,1786740335.3081021,-470.73607107725184,-179.05006720716426,725.4574089432654,13.428755040537514,-35.305205330794074,7.156240385944358e-20
1786740344.0918512,resting,fast,1786740335.3081021,-468.37797295975724,-177.09253558331488,722.9406714426095,13.281940168748914,-35.12834797198209,7.033896999660083e-20
1786740344.1203623,resting,fast,1786740335.3081021,-465.5421558277467,-176.40334255973312,725.2105358996514,13.230250691980299,-34.9156616870811,7.003015015263943e-20
1786740344.1486342,resting,fast,1786740335.3081021,-466.3517278465465,-178.02172235591274,729.1208780066518,13.35162917669366,-34.97637958849119,6.981134890847914e-20
1786740344.1798265,resting,fast,1786740335.3081021,-467.96076659698065,-178.32538118616185,729.9839893910876,13.374403588962199,-35.09705749477376,7.036573574860152e-20
1786740344.205577,resting,fast,1786740335.3081021,-469.5425376803714,-175.96440557055826,728.5552339184333,13.197330417792049,-35.21569032602795,6.999647062119208e-20
1786740344.23381,resting,fast,1786740335.3081021,-471.400872925828,-177.28893651957196,731.7232849441143,13.296670238968122,-35.3550654694374,7.041185531524685e-20
1786740344.2623286,resting,fast,1786740335.3081021,-470.35675793421024,-180.42375441419676,727.0161213386473,13.531781581064973,-35.276756845066075,7.032740984043135e-20
1786740344.2907932,resting,fast,1786740335.3081021,-467.68333314395977,-181.8728605922605,716.0263644699598,13.640464544419832,-35.07624998579731,6.985541714697996e-20
1786740344.3191369,resting,fast,1786740335.3081021,-465.71237075310455,-181.44706731496376,714.1852936969963,13.608530048622509,-34.92842780648312,6.981866005596767e-20
1786740344.3474224,resting,fast,1786740335.3081021,-465.3120010544949,-179.17304683474197,714.6256471973211,13.43797851260597,-34.89840007908733,7.038340153050414e-20
1786740344.377205,resting,fast,1786740335.3081021,-469.8500220135379,-180.24628101001554,730.1150395641171,13.518471075751375,-35.23875165101564,7.154998090812648e-20
1786740344.4042678,resting,fast,1786740335.3081021,-473.07139164819864,-180.05772320781784,734.2613147325965,13.504329240586625,-35.48035437361514,7.162239258966178e-20
1786740344.432571,resting,fast,1786740335.3081021,-474.8906161807936,-179.8379691158865,737.872318758149,13.487847683691772,-35.61679621355964,7.108322826069881e-20
1786740344.460872,resting,fast,1786740335.3081021,-471.4680841566901,-177.78722988775723,724.5206326802918,13.33404224158205,-35.360106311752,6.9933689405474e-20
1786740344.489327,resting,fast,1786740335.3081021,-468.05172946025004,-176.0415968068503,717.9881451477622,13.20311976051396,-35.10387970951905,6.97365730961395e-20
1786740344.5178921,resting,fast,1786740335.3081021,-467.27303486927303,-178.7927414102004,713.9915719144228,13.409455605765299,-35.045477615195594,6.997899195025095e-20
1786740344.5460675,resting,fast,1786740335.3081021,-465.67347671138396,-176.13533808297734,721.9809785259376,13.210150356223433,-34.92551075335393,7.014520999878902e-20
1786740344.5765512,resting,fast,1786740335.3081021,-468.0389926064008,-180.71295237343713,728.0783248100552,13.553471428008091,-35.102924445480326,7.057897459536566e-20
1786740344.6030467,resting,fast,1786740335.3081021,-465.9279476292768,-177.5234481050951,730.5027600195453,13.314258607882334,-34.944596072196,7.025388253309857e-20
1786740344.63148,resting,fast,1786740335.3081021,-468.56636249577605,-181.63474682086814,726.1896311869377,13.622606011565313,-35.14247718718323,7.078237188630407e-20
1786740344.6596744,resting,fast,1786740335.3081021,-466.04003123130724,-177.62480933665768,726.8862795033392,13.321860700249548,-34.95300234234832,7.012205912037585e-20
1786740344.6883035,resting,fast,1786740335.3081021,-465.8463559925999,-175.90165367526595,723.9540727395379,13.192624025645205,-34.93847669944518,6.978809683332062e-20
1786740344.7167747,resting,fast,1786740335.3081021,-464.43397744066397,-177.15199200580946,729.6958984735302,13.286399400436014,-34.83254830805003,7.046746599629427e-20
1786740344.7449768,resting,fast,1786740335.3081021,-466.2446921273108,-180.63068912926212,727.0602345498601,13.547301684694911,-34.96835190954845,7.163465609133828e-20
1786740344.7760968,resting,fast,1786740335.3081021,-468.533876633448,-181.80077457468678,735.4868938005402,13.635058093101794,-35.140040747508905,7.220515889940151e-20
1786740344.8020914,resting,fast,1786740335.3081021,-468.0175646676171,-178.9406304218436,730.2539225343135,13.420547281638509,-35.10131735007145,7.158106430911649e-20
1786740344.8300848,resting,fast,1786740335.3081021,-466.98460751585617,-177.03304524230612,727.196644434186,13.277478393173116,-35.02384556368945,7.066683095126712e-20
1786740344.8585653,resting,fast,1786740335.3081021,-465.9047932170529,-175.7263654229131,720.303263950048,13.179477406718735,-34.942859491279336,7.01474891722395e-20
1786740344.8869386,resting,fast,1786740335.3081021,-466.374746061339,-178.22748756834596,717.4720956142792,13.367061567626198,-34.97810595460049,6.992018463845326e-20
1786740344.9155173,resting,fast,1786740335.3081021,-467.95598336380135,-177.5650812082173,722.2635362155115,13.31738109061666,-35.09669875228535,7.016996116803847e-20
1786740344.9440017,resting,fast,1786740335.3081021,-466.9507794424467,-180.1703884255736,719.5906773919733,13.51277913191824,-35.02130845818372,7.00034350000935e-20
1786740344.9728813,resting,fast,1786740335.3081021,-468.1755955726103,-180.21979407614947,727.6544045335713,13.516484555711497,-35.11316966794594,7.063585287686916e-20
1786740345.0005984,resting,fast,1786740335.3081021,-469.5207066941671,-180.88943307786076,733.8353363329361,13.5667074808398,-35.21405300206279,7.020258414776517e-20
1786740345.029325,resting,fast,1786740335.3081021,-470.7345835862925,-179.98024237747518,729.9491614785966,13.498518178310686,-35.30509376897224,7.007705347744465e-20
1786740345.0575309,resting,fast,1786740335.3081021,-469.87867316881284,-180.0075805855547,729.5769535605732,13.500568543916724,-35.24090048766124,6.965470259455989e-20
1786740345.086081,resting,fast,1786740335.3081021,-463.5945222948053,-175.6983548436749,706.5908066171305,13.177376613275907,-34.76958917211056,6.909522259255866e-20
1786740345.114482,resting,fast,1786740335.3081021,-464.906950090774,-177.3667043987149,715.820351946194,13.30250282990379,-34.868021256808284,6.984561713781584e-20
1786740345.1426942,resting,fast,1786740335.3081021,-464.46150347119965,-176.00173219553483,712.6636409542689,13.200129914665464,-34.834612760340015,6.977329914248025e-20
1786740345.1714916,resting,fast,1786740335.3081021,-469.8076496892313,-179.82992347495758,727.6762850135156,13.487244260622067,-35.235573726692564,7.014967537622827e-20
1786740345.199264,resting,fast,1786740335.3081021,-470.2184834378636,-181.39606156145805,731.8932707131762,13.604704617109608,-35.26638625784003,7.06415360556434e-20
1786740345.2277324,resting,fast,1786740335.3081021,-468.8961071959088,-180.00738809241875,727.1529444026264,13.50055410693179,-35.1672080396933,6.990904714061087e-20
1786740345.2561915,resting,fast,1786740335.3081021,-468.9811996524222,-180.63552933041115,731.358564588968,13.5476646997809,-35.173589973931726,7.107485374517741e-20
1786740345.2844286,resting,fast,1786740335.3081021,-467.35407729293183,-178.20912175284843,720.2397211351918,13.36568413146389,-35.05155579697018,7.006116287188637e-20
1786740345.312972,resting,fast,1786740335.3081021,-468.0066120533529,-179.92123387893264,719.3095461617131,13.49409254092021,-35.100495904001576,7.050145768598221e-20
1786740345.341474,resting,fast,1786740335.3081021,-466.5701004904713,-179.27298212061862,710.7612315234237,13.445473659046538,-34.99275753678557,6.958101967700286e-20
1786740345.37069,resting,fast,1786740335.3081021,-467.10178225695654,-180.07725018142003,717.6083169352924,13.505793763606743,-35.032633669271945,7.035111667727074e-20
1786740345.3982172,resting,fast,1786740335.3081021,-468.25693940096244,-184.00834687033216,725.8266503815184,13.800626015275153,-35.119270455072275,7.069423426141302e-20
1786740345.42678,resting,fast,1786740335.3081021,-467.24884729897394,-182.89373411334168,726.8807483578776,13.717030058500786,-35.043663547423286,7.074595000003621e-20
1786740345.4550264,resting,fast,1786740335.3081021,-467.6886833272415,-182.76310744060572,722.2275653096904,13.707233058045734,-35.07665124954338,7.035980429896929e-20
1786740345.4833276,resting,fast,1786740335.3081021,-465.10273576931513,-180.2094925878573,710.9925133900397,13.515711944089592,-34.88270518269884,6.935770080330239e-20
1786740345.5118513,resting,fast,1786740335.3081021,-466.2042276695388,-181.20708007131896,713.3457399593735,13.590531005349053,-34.96531707521563,6.93941905294966e-20
1786740345.5402243,resting,fast,1786740335.3081021,-465.1071973618864,-181.4293084044798,714.8612691160679,13.607198130336325,-34.88303980214163,6.959661672277094e-20
1786740345.5704231,resting,fast,1786740335.3081021,-468.0981969731952,-179.87798458986128,729.3802260108887,13.490848844239839,-35.107364772989875,7.03696478115745e-20
1786740345.5969555,resting,fast,1786740335.3081021,-467.3298291134279,-179.82874218032578,731.2368263133812,13.487155663524756,-35.04973718350727,6.994631029135801e-20
1786740345.625274,resting,fast,1786740335.3081021,-467.175896200491,-178.77546162445026,727.0987034193286,13.408159621834006,-35.038192215037185,6.980226774957535e-20
1786740345.6536994,resting,fast,1786740335.3081021,-466.4522272001627,-178.674480499438,717.8807404980662,13.400586037458009,-34.98391704001256,6.949677594806285e-20
1786740345.6820827,resting,fast,1786740335.3081021,-468.1730559127768,-180.54657457453925,716.1214129534956,13.540993093090687,-35.112979193458514,7.037693486166897e-20
1786740345.7103057,resting,fast,1786740335.3081021,-470.5664470672609,-181.18354790783906,725.8200245103553,13.588766093088172,-35.29248353004466,7.051291707508882e-20
1786740345.7390578,resting,fast,1786740335.3081021,-471.23008875860296,-180.40656492908488,732.4336088708678,13.530492369681635,-35.3422566568955,7.107609164697802e-20
1786740345.7691758,resting,fast,1786740335.3081021,-469.0619349136309,-178.46302037605324,729.4179428076495,13.384726528204236,-35.17964511852258,7.020165045393909e-20
1786740345.7955918,resting,fast,1786740335.3081021,-468.6406541613237,-178.40499934143907,730.8114145035443,13.380374950608203,-35.14804906209957,7.014230405345845e-20
1786740345.824103,resting,fast,1786740335.3081021,-467.3398606692904,-179.3371488260732,724.8315212917269,13.450286161955656,-35.05048955019695,6.977257404652454e-20
1786740345.8527474,resting,fast,1786740335.3081021,-468.1939609149563,-180.13655215075676,726.8089682216678,13.510241411307032,-35.114547068622045,7.033095925354786e-20
1786740345.8809474,resting,fast,1786740335.3081021,-467.41358125385386,-185.76608108214657,713.8954914065089,13.93245608116111,-35.056018594039216,7.043007438064254e-20
1786740345.9092314,resting,fast,1786740335.3081021,-468.8028232450565,-184.56786652129153,716.7283755373019,13.842589989096968,-35.160211743379556,7.001612089695834e-20
1786740345.9379132,resting,fast,1786740335.3081021,-469.7599837563498,-184.05946453924787,720.886883433539,13.80445984044383,-35.23199878172631,7.030867799908157e-20
1786740345.9672177,resting,fast,1786740335.3081021,-468.49043556725474,-178.26295466054364,730.0326124066687,13.369721599540963,-35.13678266754441,7.007915801209362e-20
1786740345.994497,resting,fast,1786740335.3081021,-470.4240203907166,-181.50201735201438,734.7083846854939,13.612651301401318,-35.28180152930394,7.049655888239287e-20
1786740346.0227714,resting,fast,1786740335.3081021,-470.3131710612679,-182.34169533006968,729.3982839099281,13.675627149755432,-35.27348782959532,7.036043374949158e-20
1786740346.051401,resting,fast,1786740335.3081021,-470.6812824118433,-181.3316234735505,733.4870202977099,13.599871760516596,-35.30109618088841,7.098279533342062e-20
1786740346.07951,resting,fast,1786740335.3081021,-467.85391029124685,-179.67097923591894,723.6921643126498,13.47532344269408,-35.08904327184376,7.085089576445361e-20
1786740346.1080868,resting,fast,1786740335.3081021,-468.20628692345963,-181.1303616414317,723.3736975908869,13.584777123107674,-35.11547151925982,7.085704652293066e-20
1786740346.136709,resting,fast,1786740335.3081021,-469.3370890623414,-182.83262374219316,719.4326305358018,13.71244678066476,-35.20028167967593,7.036460417503869e-20
1786740346.1647222,resting,fast,1786740335.3081021,-472.28719028862133,-183.70026896544073,729.0153013649679,13.777520172408185,-35.42153927164692,7.105307159888986e-20
1786740346.1934333,resting,fast,1786740335.3081021,-470.5784325939994,-180.15040565668494,735.3263088901776,13.511280424251577,-35.29338244454991,7.049948566545074e-20
1786740346.2216086,resting,fast,1786740335.3081021,-470.66868346174897,-180.41696360002243,736.6046304738074,13.531272270001939,-35.30015125963141,7.052418242039576e-20
1786740346.2498226,resting,fast,1786740335.3081021,-471.17177074891833,-179.47443416519104,736.7239827408112,13.46058256238955,-35.337882806169084,7.032915731020392e-20
1786740346.278702,resting,fast,1786740335.3081021,-471.8299473451484,-184.12922290140693,733.9005873379892,13.809691717605762,-35.38724605088642,7.080630104456883e-20
1786740346.3069413,resting,fast,1786740335.3081021,-471.0971187291593,-181.64535152353426,729.7370615083892,13.62340136426528,-35.33228390468725,7.086186615675714e-20
1786740346.33515,resting,fast,1786740335.3081021,-467.4586225124963,-183.52791470932277,719.6392303476168,13.764593603199355,-35.0593966884374,7.088449860990161e-20
1786740346.3637795,resting,fast,1786740335.3081021,-467.0957513943108,-180.92955193718842,715.1058247853052,13.56971639528938,-35.03218135457333,7.065229797914921e-20
1786740346.391937,resting,fast,1786740335.3081021,-467.01576858410726,-181.6045502129242,720.2304186780693,13.620341265969575,-35.026182643808205,7.085259652926071e-20
1786740346.4202213,resting,fast,1786740335.3081021,-466.1347284892631,-179.05579968058908,727.5296441687797,13.429184976044407,-34.96010463669504,7.086385436962704e-20
1786740346.4490294,resting,fast,1786740335.3081021,-465.1142127071539,-177.92451191434895,725.6378211196452,13.344338393576411,-34.88356595303679,7.091739773867623e-20
1786740346.477068,resting,fast,1786740335.3081021,-464.9628983947314,-180.07088563539367,723.9773374329898,13.50531642265484,-34.87221737960487,7.091643539901083e-20
1786740346.5055542,resting,fast,1786740335.3081021,-466.58656997479966,-178.16979224980412,724.3420056102104,13.362734418735638,-34.99399274811014,7.069490875841077e-20
1786740346.5338511,resting,fast,1786740335.3081021,-468.59519935958633,-178.89677047530336,731.0940758507486,13.417257785647916,-35.14463995196925,7.090872659320369e-20
1786740346.5625763,resting,fast,1786740335.3081021,-468.79253404404835,-179.10105192117396,734.7091520636232,13.432578894088227,-35.15944005330386,7.0851966938084e-20
1786740346.5905857,resting,fast,1786740335.3081021,-468.9360868590543,-181.02451330301847,739.1905082357453,13.576838497726538,-35.17020651442952,7.151176953755608e-20
1786740346.6192045,resting,fast,1786740335.3081021,-469.29812993617725,-180.71355001497773,741.6035795197486,13.553516251123437,-35.19735974521354,7.141713341704906e-20
1786740346.6478264,resting,fast,1786740335.3081021,-468.4744548663148,-178.9018318905314,735.2583351652183,13.417637391790063,-35.13558411497383,7.081662847130943e-20
1786740346.6758974,resting,fast,1786740335.3081021,-466.7263611509866,-178.44341247004456,728.3857960798132,13.383255935253583,-35.00447708632408,6.976087426667429e-20
1786740346.7043452,resting,fast,1786740335.3081021,-464.91013197608663,-179.79690182203024,721.7718472163151,13.48476763665256,-34.868259898206844,6.972632022650263e-20
1786740346.7330089,resting,fast,1786740335.3081021,-465.2352387836354,-180.96592366124503,720.1334090069959,13.572444274593611,-34.89264290877295,6.989787249544981e-20
1786740346.7611322,resting,fast,1786740335.3081021,-466.82386058548354,-183.65538901287402,720.2922028059102,13.774154175965666,-35.01178954391155,7.03887106316068e-20
1786740346.7895765,resting,fast,1786740335.3081021,-468.8637321545434,-184.12837414063858,729.8643074203528,13.809628060548082,-35.16477991159097,7.154439319550989e-20
1786740346.8180008,resting,fast,1786740335.3081021,-471.50219811594343,-182.89703870070332,734.2346684566191,13.717277902552954,-35.36266485869606,7.170489080919779e-20
1786740346.8462067,resting,fast,1786740335.3081021,-469.1703759455545,-179.9655481183355,724.5587252896657,13.497416108875417,-35.18777819591689,7.061310995045955e-20
1786740346.8746974,resting,fast,1786740335.3081021,-468.4699168061793,-178.406351711831,720.0224290572878,13.380476378387744,-35.13524376046358,6.9610053707251e-20
1786740346.9031549,resting,fast,1786740335.3081021,-466.4897952085389,-180.28742423718097,715.3621381589919,13.521556817788717,-34.986734640640734,6.979579788503895e-20
1786740346.931601,resting,fast,1786740335.3081021,-469.5998227888249,-180.71977403559163,725.4324359154207,13.553983052669626,-35.21998670916213,7.064590802107248e-20
1786740346.9603558,resting,fast,1786740335.3081021,-469.7310694341627,-180.23687113515916,723.7141624615915,13.517765335137131,-35.229830207562536,7.051721129120155e-20
1786740346.9881718,resting,fast,1786740335.3081021,-470.24815774318904,-179.49973530142154,731.6936240767945,13.462480147606865,-35.26861183073947,7.065446148860101e-20
1786740347.016793,resting,fast,1786740335.3081021,-471.3388347451046,-179.77521398884517,731.0270976512556,13.483141049163546,-35.35041260588289,7.104941411964158e-20
1786740347.04504,resting,fast,1786740335.3081021,-470.08018003580537,-178.11124007072738,724.6250425842418,13.358343005304665,-35.25601350268563,7.097169935845517e-20
1786740347.0733795,resting,fast,1786740335.3081021,-469.2079639604035,-177.06287121837863,720.311186438511,13.279715341378665,-35.19059729703048,7.061004287238729e-20
1786740347.1017733,resting,fast,1786740335.3081021,-466.4208681127179,-177.9339614747346,719.6505099473834,13.345047110605325,-34.98156510845413,7.000929433086337e-20
1786740347.1301758,resting,fast,1786740335.3081021,-466.83231544209275,-178.14110275080475,724.2212567433417,13.360582706310613,-35.01242365815723,6.995381648183891e-20
1786740347.1603148,resting,fast,1786740335.3081021,-466.9333821491268,-178.56171392708768,722.2650672286773,13.392128544531875,-35.02000366118464,6.979289587836194e-20
1786740347.1871488,resting,fast,1786740335.3081021,-464.618861299522,-178.47560876584043,718.0163117000693,13.385670657438293,-34.846414597464275,6.954438133682085e-20
1786740347.215646,resting,fast,1786740335.3081021,-466.72246735032695,-178.68995001908445,724.2919401769659,13.401746251431678,-35.004185051274675,7.001340588629041e-20
1786740347.2439063,resting,fast,1786740335.3081021,-466.1761068991523,-179.26921579450652,728.1526535092762,13.445191184588243,-34.96320801743651,7.032835258632991e-20
1786740347.2725291,resting,fast,1786740335.3081021,-467.65067727410724,-177.1355220021734,730.602475978877,13.285164150163123,-35.073800795558306,7.036407384885906e-20
1786740347.3007176,resting,fast,1786740335.3081021,-466.61498106988347,-179.19378109716877,731.6986204010364,13.439533582287932,-34.99612358024169,7.086749823141614e-20
1786740347.3290756,resting,fast,1786740335.3081021,-467.990166683835,-178.10764974472443,730.7236565010708,13.358073730854588,-35.09926250128773,7.083854779198539e-20
1786740347.3576195,resting,fast,1786740335.3081021,-469.21406420543735,-180.7584189401033,730.2921507934998,13.55688142050791,-35.19105481540807,7.112083575017045e-20
1786740347.3865032,resting,fast,1786740335.3081021,-467.4167558328313,-180.44687691944125,720.6360329962399,13.533515768958278,-35.05625668746271,7.006967948481285e-20
1786740347.4145641,resting,fast,1786740335.3081021,-466.93929166885573,-179.82143432675275,718.3060793993955,13.486607574506639,-35.02044687516457,6.990093546133645e-20
1786740347.4426692,resting,fast,1786740335.3081021,-466.70446104972143,-180.42832784421057,715.6745581961704,13.532124588316027,-35.002834578729434,6.9875942370306e-20
1786740347.4709654,resting,fast,1786740335.3081021,-466.42076665478817,-178.21629430564224,718.8572943046865,13.366222072923517,-34.98155749910938,6.957956656094574e-20
1786740347.4994946,resting,fast,1786740335.3081021,-464.20104186054095,-179.92662752477497,711.9264275724054,13.494497064358203,-34.81507813954083,6.98679500629995e-20
1786740347.527813,resting,fast,1786740335.3081021,-465.6655692584559,-177.56577392902648,719.6403392248458,13.317433044677198,-34.924917694384376,7.093724301701344e-20
1786740347.5587943,resting,fast,1786740335.3081021,-466.44319996511376,-179.8054880770029,722.2416360341349,13.485411605775386,-34.98323999738386,7.175171497425238e-20
1786740347.5851607,resting,fast,1786740335.3081021,-468.31429281757164,-177.06493990374292,731.5134956237089,13.279870492781075,-35.12357196131807,7.149973994158135e-20
1786740347.6132102,resting,fast,1786740335.3081021,-467.42137558276363,-176.57497977251387,728.813440102992,13.243123482938817,-35.056603168707696,7.044981241088681e-20
1786740347.6416178,resting,fast,1786740335.3081021,-465.135581443973,-177.17809708990455,718.8293137239925,13.288357281743092,-34.88516860829843,6.922778283459242e-20
1786740347.6696808,resting,fast,1786740335.3081021,-464.20797402710195,-177.61597078846478,713.2923745687194,13.321197809134997,-34.81559805203294,6.903111159508761e-20
1786740347.6981566,resting,fast,1786740335.3081021,-465.44967834548424,-176.3756592355087,714.8987276456301,13.228174442663462,-34.90872587591157,6.920418187280784e-20
1786740347.726709,resting,fast,1786740335.3081021,-466.9818955439173,-175.84016039283517,719.9012475184345,13.188012029462893,-35.02364216579403,7.017663684954867e-20
1786740347.7569559,resting,fast,1786740335.3081021,-468.7481823060193,-176.55195264233475,730.7259508243915,13.241396448175227,-35.15611367295159,7.09752140142377e-20
1786740347.7834458,resting,fast,1786740335.3081021,-466.0491531052435,-178.62505506062882,727.3973452313776,13.396879129547319,-34.953686482893445,7.079171533318976e-20
1786740347.812026,resting,fast,1786740335.3081021,-465.69944248511774,-176.30058561568694,723.9174955917324,13.222543921176648,-34.92745818638415,7.056899494887456e-20
1786740347.8404565,resting,fast,1786740335.3081021,-466.67188863635783,-180.51520945649906,721.9447238239336,13.5386407092377,-35.000391647727085,7.079946492287142e-20
1786740347.868675,resting,fast,1786740335.3081021,-467.8114271600316,-180.30468526298534,722.530157805707,13.522851394724139,-35.085857037002555,7.123970771241399e-20
1786740347.897149,resting,fast,1786740335.3081021,-467.3170301879477,-182.39480842957073,724.7879410048454,13.679610632218019,-35.04877726409631,7.122354081315446e-20
1786740347.925339,resting,fast,1786740335.3081021,-466.0261365599704,-178.3318814806696,718.3035564682777,13.374891111050506,-34.951960241998016,7.037193642553365e-20
1786740347.953803,resting,fast,1786740335.3081021,-467.13770712936275,-178.41030453928636,727.4233978953807,13.3807728404466,-35.03532803470234,7.091410729752582e-20
1786740347.9822166,resting,fast,1786740335.3081021,-467.46871672301677,-177.90733571886153,724.7874812443715,13.343050178914762,-35.06015375422639,7.055674117763892e-20
1786740348.0106325,resting,fast,1786740335.3081021,-467.98551610442064,-176.76095847436352,725.8622782657712,13.25707188557747,-35.0989137078317,7.073945678734488e-20
1786740348.038855,resting,fast,1786740335.3081021,-463.52998552497866,-176.69689341746175,707.8648972225819,13.252267006309754,-34.76474891437354,6.888605700846589e-20
1786740348.0673697,resting,fast,1786740335.3081021,-463.78811173020904,-176.2475769925435,707.8954532872394,13.218568274441036,-34.78410837976596,6.906129838402849e-20
1786740348.095717,resting,fast,1786740335.3081021,-462.4137377398056,-178.1315023615267,707.6833580452758,13.35986267711466,-34.68103033048569,6.872991789919455e-20
1786740348.12447,resting,fast,1786740335.3081021,-464.7763182084818,-178.0747310470225,716.6244738430123,13.355604828526896,-34.85822386563631,6.98508737811168e-20
1786740348.1559403,resting,fast,1786740335.3081021,-466.25874608326285,-177.01637890023915,721.9469022128169,13.276228417518109,-34.969405956244806,7.000286505685391e-20
1786740348.1809738,resting,fast,1786740335.3081021,-467.7523396021579,-176.93388705687414,725.2436033042059,13.270041529265942,-35.081425470161996,7.02699925271071e-20
1786740348.2093768,resting,fast,1786740335.3081021,-469.18124149556115,-177.8161579092532,724.4686304244497,13.336211843194203,-35.18859311216737,7.040769370529046e-20
1786740348.2378423,resting,fast,1786740335.3081021,-469.5511369590731,-179.53033507309704,725.6135409027747,13.464775130482597,-35.21633527193072,7.026295669903191e-20
1786740348.2662947,resting,fast,1786740335.3081021,-469.5357981558582,-178.15491741430105,733.0351813084135,13.361618806072872,-35.21518486168969,7.05998321743912e-20
1786740348.2944078,resting,fast,1786740335.3081021,-468.7193761769131,-176.9362582903019,740.5439636824995,13.270219371772829,-35.15395321326868,7.054951857445372e-20
1786740348.322803,resting,fast,1786740335.3081021,-466.8816682115057,-176.08356767384373,738.1809779755122,13.20626757553843,-35.016125115863154,7.10150671472524e-20
1786740348.352973,resting,fast,1786740335.3081021,-465.84685138855275,-176.90489230650326,728.647131563851,13.26786692298798,-34.93851385414167,7.058004098024394e-20
1786740348.3797567,resting,fast,1786740335.3081021,-467.7037458233258,-179.67665165369397,727.5746249328686,13.475748874027136,-35.07778093674964,7.09411909117968e-20
1786740348.4079888,resting,fast,1786740335.3081021,-467.98194288702507,-180.3581580577776,726.8657977874072,13.52686185433367,-35.09864571652719,7.041850647751932e-20
1786740348.436364,resting,fast,1786740335.3081021,-467.1960577258692,-179.43441614158598,727.1391820867011,13.457581210619235,-35.03970432944035,7.032112705827332e-20
1786740348.4648612,resting,fast,1786740335.3081021,-463.8721702717462,-177.02987161178646,719.2297407470487,13.27724037088446,-34.790412770381266,6.919966930968175e-20
1786740348.4930956,resting,fast,1786740335.3081021,-467.1509519790661,-177.93704609748693,724.1286463628949,13.345278457311881,-35.03632139843015,6.927152737559756e-20
1786740348.5214837,resting,fast,1786740335.3081021,-468.30849262015,-181.44424964327857,723.7223025331596,13.608318723246168,-35.123136946511586,6.942167622996304e-20
1786740348.5511734,resting,fast,1786740335.3081021,-470.60665867137686,-181.57592401288878,727.8975721377565,13.618194300966938,-35.29549940035337,7.008739983487618e-20
1786740348.5782003,resting,fast,1786740335.3081021,-467.6536473877759,-182.09938464593574,725.277864528859,13.657453848445446,-35.074023554083524,7.01808631255918e-20
1786740348.6065643,resting,fast,1786740335.3081021,-468.2203525710411,-180.74629689591234,724.233506397275,13.55597226719367,-35.11652644282834,7.011158589726292e-20
1786740348.6351717,resting,fast,1786740335.3081021,-467.8779803724319,-181.4960135513337,721.9244076877512,13.612201016350195,-35.09084852793252,7.015422390219307e-20
1786740348.663364,resting,fast,1786740335.3081021,-466.2703280810583,-179.8373262919921,710.673126812203,13.487799471899724,-34.97027460607966,6.950565514850527e-20
1786740348.6917977,resting,fast,1786740335.3081021,-468.25177385471216,-180.04406085467565,715.4360400286305,13.503304564101004,-35.11888303910361,6.98241690218703e-20
1786740348.7203152,resting,fast,1786740335.3081021,-468.25417030046583,-178.73621065050077,719.0772815841583,13.40521579878791,-35.11906277253518,6.948863490972911e-20
1786740348.7486372,resting,fast,1786740335.3081021,-471.18528203759115,-177.7830800431285,731.8895011352297,13.333731003234913,-35.338896152819714,7.03669681891335e-20
1786740348.7771926,resting,fast,1786740335.3081021,-468.85179908102555,-178.0411667050114,728.9633515568448,13.353087502875919,-35.16388493107715,7.050712376577263e-20
1786740348.805457,resting,fast,1786740335.3081021,-468.54142796926,-178.49109755304232,724.4565951370141,13.386832316478465,-35.14060709769464,7.064917632779691e-20
1786740348.833989,resting,fast,1786740335.3081021,-467.4918312588279,-179.0658725751756,723.6799728956266,13.429940443138367,-35.06188734441235,7.035590496807564e-20
1786740348.8624191,resting,fast,1786740335.3081021,-467.3300388399862,-181.75252388536092,716.1400316940299,13.631439291402348,-35.04975291299909,6.987084059651817e-20
1786740348.890676,resting,fast,1786740335.3081021,-469.359493115282,-180.8413518285239,722.6013763490282,13.563101387139515,-35.20196198364644,7.04105455145659e-20
1786740348.919113,resting,fast,1786740335.3081021,-470.50168428256984,-184.0096334980517,720.9515493164063,13.800722512354039,-35.28762632119283,7.081102614226257e-20
1786740348.9475007,resting,fast,1786740335.3081021,-471.3387562188377,-181.80667924464979,731.2642963513636,13.635500943349047,-35.35040671641306,7.148054467263113e-20
1786740348.9759943,resting,fast,1786740335.3081021,-471.4106216502346,-182.76373683992767,730.4325266986152,13.70728026299481,-35.355796623767866,7.090590693904882e-20
1786740349.004356,resting,fast,1786740335.3081021,-469.44182027624083,-179.93736474073887,727.8437960935016,13.495302355555548,-35.20813652071831,7.052244598866253e-20
1786740349.0328221,resting,fast,1786740335.3081021,-468.7546834226878,-177.14558018461605,728.7789764965992,13.285918513846415,-35.156601256701805,7.032209886761453e-20
1786740349.0610962,resting,fast,1786740335.3081021,-467.91414152904963,-176.82833946266226,731.8778523828287,13.262125459699934,-35.093560614678864,7.04029272627795e-20
1786740349.0895243,resting,fast,1786740335.3081021,-468.65157247509205,-174.6011118524085,735.3395594656449,13.095083388930814,-35.14886793563204,7.030932451815039e-20
1786740349.1181183,resting,fast,1786740335.3081021,-466.625063273837,-175.828631652912,729.5796940464006,13.18714737396866,-34.996879745537875,6.946292454062077e-20
1786740349.1466603,resting,fast,1786740335.3081021,-465.56689692791497,-175.8953406289894,722.8585628729861,13.192150547174396,-34.917517269593816,6.92717651710124e-20
1786740349.1749544,resting,fast,1786740335.3081021,-466.33630689673873,-178.50944332574954,719.1872628089832,13.388208249431454,-34.975223017255544,6.935149923457398e-20
1786740349.2033336,resting,fast,1786740335.3081021,-467.0010402213952,-179.91439792452138,717.7945018315395,13.493579844339433,-35.02507801660489,7.000628386378235e-20
1786740349.2314348,resting,fast,1786740335.3081021,-466.79583092623807,-179.7350903788623,715.043318492515,13.48013177841494,-35.00968731946824,7.021644447316812e-20
1786740349.2598069,resting,fast,1786740335.3081021,-465.41856881703825,-179.04597671265617,714.2780456844775,13.428448253449549,-34.9063926612781,7.047084966032998e-20
1786740349.2882264,resting,fast,1786740335.3081021,-464.35163280877396,-175.7041425113806,711.0253710565967,13.177810688353826,-34.82637246065816,6.97350743775141e-20
1786740349.3167813,resting,fast,1786740335.3081021,-465.17407834903634,-174.8889088939045,716.9955267692831,13.116668167043184,-34.88805587617789,6.998069780061907e-20
1786740349.3469598,resting,fast,1786740335.3081021,-466.6298219560804,-176.76563328121574,725.2850181473977,13.257422496091433,-34.997236646706426,7.00411723246489e-20
1786740349.3735557,resting,fast,1786740335.3081021,-468.2237865205916,-177.7939326239582,733.7415978750978,13.334544946797092,-35.116783989044585,7.067095389325238e-20
1786740349.4022052,resting,fast,1786740335.3081021,-466.78449503648744,-178.12518540900714,728.753807066535,13.359388905675747,-35.00883712773662,7.041044110359118e-20
1786740349.4304013,resting,fast,1786740335.3081021,-466.1180108688777,-178.28197942238285,722.3228823063,13.3711484566788,-34.958850815166144,6.977960932979575e-20
1786740349.4587095,resting,fast,1786740335.3081021,-466.77514646355576,-179.41243922595993,720.1847639478456,13.4559329419473,-35.00813598476686,7.01068001310215e-20
1786740349.4871542,resting,fast,1786740335.3081021,-467.0754027486855,-181.42748400728135,721.6790019923019,13.607061300546366,-35.030655206151636,7.026626262302907e-20
1786740349.5155191,resting,fast,1786740335.3081021,-467.63939308454246,-180.8424879210504,725.401471645353,13.563186594078939,-35.07295448134108,7.079731194155293e-20
1786740349.5462356,resting,fast,1786740335.3081021,-467.7314788536778,-180.4920375080726,723.0401632116791,13.536902813105694,-35.07986091402618,7.063524952584131e-20
1786740349.572308,resting,fast,1786740335.3081021,-468.3657668437181,-179.3209524179357,725.7482443008239,13.449071431345455,-35.12743251327903,7.041415840302963e-20
1786740349.600828,resting,fast,1786740335.3081021,-469.5796338502664,-183.12435975876724,721.4180887299963,13.73432698190786,-35.21847253877028,7.050083810589219e-20
1786740349.6291904,resting,fast,1786740335.3081021,-468.6061465212624,-183.7260534285391,721.5459135174979,13.779454007140682,-35.14546098909493,7.015526159937416e-20
1786740349.6574142,resting,fast,1786740335.3081021,-469.62212227715145,-185.0900443512404,727.9525900337976,13.881753326343361,-35.221659170786424,7.065865069664788e-20
1786740349.6858783,resting,fast,1786740335.3081021,-467.06661475154397,-179.87151158455197,730.0253470691268,13.490363368841546,-35.02999610636598,7.041109987027579e-20
1786740349.7143269,resting,fast,1786740335.3081021,-468.9343483546336,-179.59291919411191,733.7604322114548,13.469468939558706,-35.17007612659765,7.077656015685896e-20
1786740349.7427566,resting,fast,1786740335.3081021,-467.71296343623726,-178.7318250091846,726.9043796269616,13.404886875689062,-35.07847225771809,7.078866248796281e-20
1786740349.7711906,resting,fast,1786740335.3081021,-468.093054191329,-179.96938979798256,726.3196864702968,13.497704234849035,-35.106979064349815,7.071658726372032e-20
1786740349.7992678,resting,fast,1786740335.3081021,-467.2835025835275,-179.22905209462385,726.9524349124649,13.442178907096977,-35.04626269376458,7.03461713419306e-20
1786740349.827896,resting,fast,1786740335.3081021,-467.8754584001608,-179.89484015244,720.7485794257145,13.49211301143308,-35.09065938001221,7.005060911032969e-20
1786740349.8561275,resting,fast,1786740335.3081021,-466.8082935401658,-176.95771881080918,718.8531228496913,13.271828910810942,-35.01062201551283,6.939491856342715e-20
1786740349.884611,resting,fast,1786740335.3081021,-465.3164291390726,-177.3157092508486,709.3382440943506,13.29867819381391,-34.89873218543066,6.919151959138138e-20
1786740349.9132104,resting,fast,1786740335.3081021,-464.7527143546713,-176.9101147329942,712.7426105821969,13.268258604974864,-34.85645357660055,6.872631801239633e-20
1786740349.9434402,resting,fast,1786740335.3081021,-466.06396832956034,-179.2618089279382,713.8630943061426,13.444635669595744,-34.9547976247174,6.950292709869371e-20
1786740349.9699385,resting,fast,1786740335.3081021,-467.5066873712876,-178.93136514951584,726.6248273368792,13.419852386213957,-35.063001552846686,7.035507456867736e-20
1786740349.9981885,resting,fast,1786740335.3081021,-470.9291810122504,-179.5257113520321,739.3997238598176,13.464428351402564,-35.31968857591895,7.155581367184283e-20
1786740350.0268779,resting,fast,1786740335.3081021,-472.7322615804046,-180.7471607621825,739.6560791074862,13.55603705716386,-35.4549196185305,7.178482295991839e-20
1786740350.055218,resting,fast,1786740335.3081021,-471.28979420990754,-181.89079457559262,730.645184142184,13.641809593169672,-35.34673456574336,7.088786333716933e-20
1786740350.0832312,resting,fast,1786740335.3081021,-468.7180189810347,-182.9739353016222,719.563956405038,13.723045147621821,-35.15385142357776,7.010032691139419e-20
1786740350.1121328,resting,fast,1786740335.3081021,-467.27892188270016,-183.85592076585863,718.161710806994,13.789194057439698,-35.045919141202674,6.974866628592261e-20
1786740350.1402893,resting,fast,1786740335.3081021,-470.52099935452725,-184.56127348277334,727.7943389827242,13.842095511208196,-35.28907495158963,7.069689380742902e-20
1786740350.1684015,resting,fast,1786740335.3081021,-470.92219161382263,-180.4263928168981,732.2302425751632,13.531979461267557,-35.31916437103686,7.05093341548939e-20
1786740350.1970553,resting,fast,1786740335.3081021,-471.0879472997435,-179.96149487743173,735.5250991396151,13.497112115807692,-35.33159604748104,7.116126257247395e-20
1786740350.2254393,resting,fast,1786740335.3081021,-467.9289704301559,-177.1263124046003,726.1922316691207,13.284473430345077,-35.09467278226169,7.019402141879294e-20
1786740350.2538147,resting,fast,1786740335.3081021,-465.7710390448933,-179.50635339706355,717.7457442338182,13.462976504779864,-34.93282792836719,7.043936188411872e-20
1786740350.2820535,resting,fast,1786740335.3081021,-463.5276005808014,-178.2126966313598,711.4977180109981,13.365952247352109,-34.76457004356029,6.947501565143694e-20
1786740350.3115838,resting,fast,1786740335.3081021,-465.96460554226405,-179.04658252798447,718.2678573650965,13.428493689598998,-34.94734541566999,7.018071412138593e-20
1786740350.3388724,resting,fast,1786740335.3081021,-466.5798132251143,-177.6475866404926,720.9327275328442,13.323568998037079,-34.993485991883745,6.920119835424186e-20
1786740350.3674898,resting,fast,1786740335.3081021,-467.7994538671478,-176.4388270445213,722.5549411122884,13.232912028339367,-35.08495904003633,6.976759388427467e-20
1786740350.3956015,resting,fast,1786740335.3081021,-465.061284250025,-174.9153347872491,720.8222771128412,13.118650109043845,-34.87959631875215,6.881078113064353e-20
1786740350.4241223,resting,fast,1786740335.3081021,-466.0686075404237,-175.27078970292393,721.682423797437,13.145309227719505,-34.955145565531936,6.990525456505519e-20
1786740350.4524426,resting,fast,1786740335.3081021,-467.01875825832985,-177.6688196332443,722.6983276126348,13.325161472493502,-35.02640686937488,7.03920658115141e-20
1786740350.4810154,resting,fast,1786740335.3081021,-467.3029884693892,-179.4369072284694,719.535059149518,13.457768042135395,-35.04772413520441,7.071802714954873e-20
1786740350.512426,resting,fast,1786740335.3081021,-468.31826503362436,-180.35244009545113,722.7100492765921,13.52643300715906,-35.12386987752211,7.071220484615003e-20
1786740350.5376236,resting,fast,1786740335.3081021,-467.7944918814969,-177.9384636433491,726.6402041593983,13.345384773251514,-35.084586891112515,7.011955806188463e-20
1786740350.5661042,resting,fast,1786740335.3081021,-469.0929747161722,-177.21019791432911,724.1093540025477,13.290764843574802,-35.181973103713155,7.013916288414516e-20
1786740350.5949347,resting,fast,1786740335.3081021,-467.6424572636315,-174.71622980599022,721.4564089714322,13.103717235449555,-35.07318429477262,6.997414087659073e-20
1786740350.6229897,resting,fast,1786740335.3081021,-467.05438357187177,-176.3649398218938,711.800013796249,13.227370486642211,-35.02907876789074,7.003610166906548e-20
1786740350.6511567,resting,fast,1786740335.3081021,-466.0301622534116,-177.64949539503232,711.541978018392,13.32371215462761,-34.95226216900611,6.986525076789747e-20
1786740350.6798458,resting,fast,1786740335.3081021,-464.6816909775498,-179.65016412413058,713.7938913651615,13.473762309310121,-34.85112682331629,6.974628822691136e-20
1786740350.7110565,resting,fast,1786740335.3081021,-464.9581320075681,-177.96291224401045,723.0889419373489,13.347218418301093,-34.87185990056784,6.982430232003061e-20
1786740350.736844,resting,fast,1786740335.3081021,-465.4396024607058,-176.7576376408981,734.2000632097388,13.256822823067498,-34.90797018455313,7.079202852118196e-20
1786740350.764911,resting,fast,1786740335.3081021,-467.9487074136823,-179.6173266426391,732.1766177214085,13.47129949819816,-35.09615305602656,7.072315336147038e-20
1786740350.7933867,resting,fast,1786740335.3081021,-467.1640101478074,-180.35005576768378,728.935787351963,13.526254182576434,-35.0373007610858,7.025386390412518e-20
1786740350.8218231,resting,fast,1786740335.3081021,-467.29925094145983,-182.63845333236077,720.8356077563367,13.69788399992731,-35.04744382060976,6.988968215584826e-20
1786740350.8502717,resting,fast,1786740335.3081021,-467.5404650509572,-180.2682036701584,720.9914189871279,13.520115275262004,-35.06553487882211,7.042054235583753e-20
1786740350.8782465,resting,fast,1786740335.3081021,-467.8770448761411,-184.11412233425085,720.2713459920078,13.808559175068961,-35.090778365710804,7.059439294414514e-20
1786740350.90668,resting,fast,1786740335.3081021,-467.3222736652101,-182.93825461940162,725.2922942664727,13.72036909645539,-35.04917052489094,7.12155295787643e-20
1786740350.9350183,resting,fast,1786740335.3081021,-464.9683389745651,-182.05585407638625,722.4817217628688,13.654189055729358,-34.87262542309251,7.059175593889023e-20
1786740350.9637845,resting,fast,1786740335.3081021,-465.6468137033012,-180.22951523792597,720.1370207651034,13.517213642844705,-34.92351102774773,7.067708052504747e-20
1786740350.9921165,resting,fast,1786740335.3081021,-467.4107389601336,-180.37563448812818,721.7352826128636,13.528172586609767,-35.055805422010145,7.064791989913485e-20
1786740351.0204368,resting,fast,1786740335.3081021,-468.1893707445033,-181.60013037442639,727.6903579872696,13.620009778082302,-35.11420280583789,7.096230765666122e-20
1786740351.0488586,resting,fast,1786740335.3081021,-468.58867448393266,-177.76975151638965,735.3631781779277,13.332731363729312,-35.144150586294984,7.145112911850878e-20
1786740351.077301,resting,fast,1786740335.3081021,-467.4497854590386,-176.62553521255245,730.0619760208856,13.246915140941727,-35.058733909428085,7.060379839009681e-20
1786740351.1055253,resting,fast,1786740335.3081021,-468.2423699761416,-175.98188708177815,725.1733115279358,13.198641531133706,-35.11817774821084,7.030068338715838e-20
1786740351.1338577,resting,fast,1786740335.3081021,-467.94462919095804,-178.8099828772239,727.6997772462046,13.410748715792106,-35.09584718932207,7.015351316164163e-20
1786740351.162089,resting,fast,1786740335.3081021,-469.77590050232266,-183.85969043644752,724.5538614276074,13.789476782733903,-35.2331925376744,7.062387418560803e-20
1786740351.1906786,resting,fast,1786740335.3081021,-469.2061417085938,-181.83209488339912,730.6930940849061,13.637407116255165,-35.1904606281448,7.069790176246483e-20
1786740351.2191608,resting,fast,1786740335.3081021,-469.4020412311065,-180.78957762354128,727.0207826212145,13.559218321765929,-35.20515309233333,7.057761341600139e-20
1786740351.2474363,resting,fast,1786740335.3081021,-467.22501801326325,-176.66569890499943,725.6776620542814,13.249927417875103,-35.04187635099502,6.979457220054201e-20
1786740351.2759757,resting,fast,1786740335.3081021,-468.7187427981912,-178.6273456760091,725.2394953656749,13.397050925701027,-35.15390570986461,7.039016913991821e-20
1786740351.30435,resting,fast,1786740335.3081021,-469.8540693286577,-179.15347239306095,723.5954599271308,13.436510429479807,-35.23905519964963,6.988210535069721e-20
1786740351.3329697,resting,fast,1786740335.3081021,-471.8229179916252,-179.37983271293785,734.2826810416909,13.453487453470576,-35.38671884937202,7.043500978204344e-20
1786740351.3612392,resting,fast,1786740335.3081021,-469.73023452502093,-179.69868783424488,726.9377856667488,13.477401587568583,-35.229767589376905,6.938316259768635e-20
1786740351.389654,resting,fast,1786740335.3081021,-469.1145254976036,-179.04401269776247,730.5379495882726,13.428300952332453,-35.18358941232057,6.988910638203852e-20
1786740351.4180043,resting,fast,1786740335.3081021,-466.29614090833684,-179.3005932179974,721.3196256908377,13.447544491350161,-34.97221056812558,6.963846972193513e-20
1786740351.4461324,resting,fast,1786740335.3081021,-467.5656237752314,-179.81410431369318,722.990768790025,13.486057823527393,-35.06742178314259,7.023437539614857e-20
1786740351.4745605,resting,fast,1786740335.3081021,-467.83504748022324,-180.13881598501314,723.8272986182228,13.510411198876216,-35.08762856101689,7.05298459811843e-20
1786740351.5032458,resting,fast,1786740335.3081021,-469.4213346446554,-178.44452394437735,727.2168266309282,13.383339295828694,-35.206600098349554,7.025626385610299e-20
1786740351.5313828,resting,fast,1786740335.3081021,-470.4383133040815,-175.48768516073437,732.3879765471211,13.161576387055309,-35.28287349780636,6.999023760675411e-20
1786740351.559929,resting,fast,1786740335.3081021,-471.343565323813,-175.99375944712392,737.7527410046523,13.19953195853449,-35.3507673992862,7.062914097441857e-20
1786740351.5881722,resting,fast,1786740335.3081021,-470.81971709047684,-175.82825499038984,739.6461109362235,13.187119124279366,-35.3114787817859,7.124775388193054e-20
1786740351.616635,resting,fast,1786740335.3081021,-469.3904807286376,-180.01777707824692,732.491630729507,13.501333280868717,-35.204286054647945,7.182741839937548e-20
1786740351.6450171,resting,fast,1786740335.3081021,-470.20424654598446,-180.47509438981285,724.8274369391847,13.53563207923614,-35.2653184909492,7.080561217368366e-20
1786740351.6733704,resting,fast,1786740335.3081021,-469.90349157953415,-182.91102167023098,718.5752800922801,13.718326625267668,-35.24276186846537,7.072387067742592e-20
1786740351.70165,resting,fast,1786740335.3081021,-471.22526241468904,-180.88763642840115,726.8759670442478,13.566572732130485,-35.341894681101856,7.078493516025086e-20
1786740351.7300575,resting,fast,1786740335.3081021,-467.45589560016015,-179.75413942085038,723.2991512257386,13.48156045656405,-35.059192170012295,7.067258670055029e-20
1786740351.7584448,resting,fast,1786740335.3081021,-467.8467867518343,-179.1217440869351,728.0889343188719,13.434130806520262,-35.088509006387824,7.025357174721807e-20
1786740351.786922,resting,fast,1786740335.3081021,-465.0839288271918,-178.74703601367298,721.1200360763078,13.406027701025788,-34.881294662039544,6.965951619579783e-20
1786740351.8152802,resting,fast,1786740335.3081021,-468.01636995010904,-181.7479766199234,722.9130218966484,13.631098246494414,-35.10122774625854,7.01860725527251e-20
1786740351.84375,resting,fast,1786740335.3081021,-466.9538017207951,-180.96787684745402,718.0621698402083,13.572590763559322,-35.02153512905969,7.01600205365393e-20
1786740351.8721657,resting,fast,1786740335.3081021,-468.58283716501,-181.2308548566117,721.2115530794326,13.592314114246069,-35.143712787375996,7.027552634213749e-20
1786740351.9031858,resting,fast,1786740335.3081021,-468.08768890623924,-179.80679739429206,724.3233321556991,13.485509804572114,-35.10657666796822,7.006678319407645e-20
1786740351.9288824,resting,fast,1786740335.3081021,-470.1081821882158,-181.14935599799048,733.6416022224494,13.586201699849578,-35.2581136641164,7.103583939891358e-20
1786740351.9571981,resting,fast,1786740335.3081021,-470.3386013133918,-182.40527566616754,733.0038346120955,13.680395674962792,-35.27539509850445,7.128062998333909e-20
1786740351.9857123,resting,fast,1786740335.3081021,-468.21597959339806,-179.23408761563894,727.149631097689,13.442556571173132,-35.116198469504916,7.073924685595677e-20
1786740352.014139,resting,fast,1786740335.3081021,-466.7010863325286,-175.89786810711462,722.2008853056459,13.192340108033871,-35.002581474939845,6.996113633834336e-20
1786740352.0425239,resting,fast,1786740335.3081021,-466.44127163702296,-175.0125202123769,721.6499490789574,13.12593901592852,-34.98309537277691,6.999489296121266e-20
1786740352.071108,resting,fast,1786740335.3081021,-468.4183446843508,-178.9763444970407,726.1299969497913,13.423225837278341,-35.13137585132649,7.023819336943758e-20
1786740352.1022906,resting,fast,1786740335.3081021,-469.55532301868743,-182.54940541910491,732.2413225019054,13.691205406433117,-35.21664922640167,7.090215805316222e-20
1786740352.1276147,resting,fast,1786740335.3081021,-469.1271060389845,-182.34336172436542,733.1102013628179,13.675752129327702,-35.18453295292416,7.05155907685752e-20
1786740352.1561377,resting,fast,1786740335.3081021,-470.21489447830163,-180.69626217569362,731.0341716450575,13.552219663177436,-35.26611708587289,7.058401106678803e-20
1786740352.184287,resting,fast,1786740335.3081021,-468.7245875762428,-178.21806645958475,721.1146413248716,13.366354984469059,-35.154344068218336,6.969198061585403e-20
1786740352.2130184,resting,fast,1786740335.3081021,-469.628173105315,-180.30435816521003,723.4576948935273,13.522826862391003,-35.22211298289872,7.015819026989018e-20
1786740352.2412279,resting,fast,1786740335.3081021,-466.58146717590535,-179.14559369219444,719.4985171515773,13.435919526914926,-34.99361003819313,6.966386695025823e-20
1786740352.2696095,resting,fast,1786740335.3081021,-467.9760307775159,-181.1813995607805,724.8003335113599,13.588604967058789,-35.098202308313866,7.058813252024611e-20
1786740352.3000891,resting,fast,1786740335.3081021,-466.9272613793687,-179.15395170259183,719.6552982097301,13.436546377694622,-35.019544603452836,7.070321992912977e-20
1786740352.3263626,resting,fast,1786740335.3081021,-467.06566032050705,-177.40752069086614,726.7700101128512,13.305564051815264,-35.02992452403812,7.106635919109245e-20
1786740352.3547313,resting,fast,1786740335.3081021,-467.8687115318221,-175.85539691511804,724.972845122461,13.189154768634058,-35.09015336488706,6.994255879364463e-20
1786740352.3832686,resting,fast,1786740335.3081021,-468.25901178834374,-174.70979592714104,722.9694580752794,13.103234694535733,-35.1194258841261,6.98423640653967e-20
1786740352.41183,resting,fast,1786740335.3081021,-467.1595617391404,-175.70848310775216,708.3628154435337,13.178136233081705,-35.03696713043577,6.97095315668465e-20
1786740352.4401064,resting,fast,1786740335.3081021,-465.3400696163226,-177.47699471062583,710.9958732208115,13.310774603297116,-34.90050522122447,7.01872245016292e-20
1786740352.4685533,resting,fast,1786740335.3081021,-465.39054598934126,-181.34114110523183,713.5110881225319,13.600585582892588,-34.90429094920091,7.002531707545669e-20
1786740352.497495,resting,fast,1786740335.3081021,-467.7644295005448,-183.1559943715148,728.6043802659024,13.73669957786402,-35.082332212540884,7.031407043429172e-20
1786740352.5251944,resting,fast,1786740335.3081021,-467.75429221736886,-182.03016797993996,721.281418091693,13.65226259849582,-35.08157191630274,6.975387857244105e-20
1786740352.5535736,resting,fast,1786740335.3081021,-466.93395711362746,-177.17580955825701,728.5336777877119,13.288185716869403,-35.020046783522176,6.940025159668082e-20
1786740352.5818734,resting,fast,1786740335.3081021,-467.1466483269405,-178.36652687095238,722.5171742448256,13.377489515321603,-35.035998624520495,6.901790307535857e-20
1786740352.6102498,resting,fast,1786740335.3081021,-466.35620028397625,-179.57655463056687,724.9360945236085,13.468241597292849,-34.9767150212985,6.950923942502404e-20
1786740352.6387436,resting,fast,1786740335.3081021,-467.7187021186078,-186.09236931872545,722.0851650120412,13.956927698904632,-35.078902658895736,7.039856283905704e-20
1786740352.6673179,resting,fast,1786740335.3081021,-466.86335909572335,-183.43414805260807,723.8959531349983,13.757561103945722,-35.01475193217964,7.051169082592232e-20
1786740352.697752,resting,fast,1786740335.3081021,-469.5271589646877,-181.88461066089656,731.0218057167067,13.641345799567393,-35.214536922351954,7.158738464971952e-20
1786740352.7240107,resting,fast,1786740335.3081021,-468.73453289577446,-177.38259029350615,724.7773942751983,13.303694272013306,-35.1550899671834,7.160818525839234e-20
1786740352.7523375,resting,fast,1786740335.3081021,-472.11338326128225,-177.2817380272179,734.2561988825337,13.296130352041569,-35.408503744596324,7.243003469143153e-20
1786740352.780959,resting,fast,1786740335.3081021,-469.7950434466843,-178.10288190200095,719.4703275718975,13.357716142650386,-35.23462825850132,7.128165649607993e-20
1786740352.8092418,resting,fast,1786740335.3081021,-467.0355572480116,-175.49134080689805,711.1129758956422,13.161850560517653,-35.027666793600915,7.062583417092277e-20
1786740352.8376062,resting,fast,1786740335.3081021,-464.5070981121694,-179.29474100909465,698.7814846303663,13.44710557568239,-34.83803235841293,7.041262898136137e-20
1786740352.8658953,resting,fast,1786740335.3081021,-463.7848391561133,-177.76001268309074,703.7285651358488,13.332000951231986,-34.783862936708786,7.003355656705349e-20
1786740352.8943594,resting,fast,1786740335.3081021,-467.77392870137646,-176.7971752635134,717.6975984884084,13.259788144763657,-35.08304465260328,7.049831136318084e-20
1786740352.9227493,resting,fast,1786740335.3081021,-465.4816233486654,-170.63202981825737,721.2053907106801,12.797402236369567,-34.91112175115012,7.019453963521543e-20
1786740352.9512866,resting,fast,1786740335.3081021,-468.3290465785035,-170.6753608994244,725.4959837795614,12.800652067457047,-35.12467849338821,7.028510439982823e-20
1786740352.9797854,resting,fast,1786740335.3081021,-467.25655652140176,-172.7848812747667,724.2911220858887,12.958866095607672,-35.044241739105324,7.006210355595155e-20
1786740353.007968,resting,fast,1786740335.3081021,-466.81658729408673,-177.33384342591955,717.2194083131053,13.300038256944259,-35.01124404705681,6.94533981186157e-20
1786740353.0364537,resting,fast,1786740335.3081021,-463.356476092154,-177.31897671610534,716.1304021886908,13.298923253708136,-34.751735706911816,7.007824496207459e-20
1786740353.0656044,resting,fast,1786740335.3081021,-461.2652812277606,-178.70365448790324,709.4177372378454,13.40277408659296,-34.59489609208227,6.91650387338159e-20
1786740353.0934813,resting,fast,1786740335.3081021,-466.718691635444,-176.81772433055312,724.376716065065,13.261329324791713,-35.003901872658346,6.96625577579279e-20
1786740353.1217709,resting,fast,1786740335.3081021,-468.0224170300412,-178.81778045998442,722.3471993358962,13.411333534498983,-35.101681277253135,6.934541684007614e-20
1786740353.1502194,resting,fast,1786740335.3081021,-467.54726677170856,-174.5831830779448,726.8309212663435,13.09373873084608,-35.06604500787843,6.858820496710574e-20
1786740353.178568,resting,fast,1786740335.3081021,-464.011466098098,-175.78591077217686,716.360272932262,13.183943307913491,-34.800859957357595,6.81682247061844e-20
1786740353.2068706,resting,fast,1786740335.3081021,-465.78804674047706,-173.92622965117835,727.8391636842052,13.044467223838641,-34.93410350553583,6.94706269404421e-20
1786740353.235235,resting,fast,1786740335.3081021,-468.1224481235886,-181.3815026822814,730.3810466176119,13.603612701171276,-35.109183609269344,7.13320461164224e-20
1786740353.2636375,resting,fast,1786740335.3081021,-468.9800886999601,-183.25427664123913,730.9477257830522,13.744070748093097,-35.173506652497124,7.229086535174639e-20
1786740353.2923265,resting,fast,1786740335.3081021,-470.53309642873455,-183.89040468916699,728.7314713374644,13.791780351687766,-35.289982232155225,7.17647605450824e-20
1786740353.3207119,resting,fast,1786740335.3081021,-470.474553268426,-181.87622151828316,725.1025630963786,13.640716613871522,-35.28559149513217,7.121827338759952e-20
1786740353.3490636,resting,fast,1786740335.3081021,-469.2860166583346,-179.0948097067178,721.771375444504,13.432110728004002,-35.19645124937518,7.029772704756288e-20
1786740353.377393,resting,fast,1786740335.3081021,-466.4867544628378,-182.0458843378134,708.9843280759978,13.653441325336207,-34.986506584712934,6.964432019438945e-20
1786740353.4057953,resting,fast,1786740335.3081021,-465.8416550254942,-180.2082068937608,708.1192074262308,13.515615517032334,-34.93812412691222,6.935573351871759e-20
1786740353.434137,resting,fast,1786740335.3081021,-464.5831529641282,-180.2961845036442,707.6504965894374,13.522213837773545,-34.84373647230991,6.944834800298885e-20
1786740353.4626222,resting,fast,1786740335.3081021,-464.7507803492963,-178.57976571208565,712.2753260200625,13.393482428406745,-34.85630852619754,6.98586391874466e-20
1786740353.4911797,resting,fast,1786740335.3081021,-468.1476720148039,-180.5929821671116,720.4033356453483,13.54447366253353,-35.111075401110554,7.055914861741761e-20
1786740353.5195222,resting,fast,1786740335.3081021,-469.7367850990199,-181.3872064795621,731.5262144576909,13.6040404859674,-35.2302588824267,7.090754612022554e-20
1786740353.5480013,resting,fast,1786740335.3081021,-470.2458542243521,-180.7431444948951,728.9661809030067,13.555735837117236,-35.268439066826474,7.01712417673225e-20
1786740353.576231,resting,fast,1786740335.3081021,-466.3768156032693,-179.39987510492097,723.1865355491791,13.454990632869293,-34.97826117024545,6.984834172576794e-20
1786740353.6046724,resting,fast,1786740335.3081021,-465.0947637513041,-177.92697920349667,715.8892793258738,13.344523440262588,-34.88210728134812,6.953262794377492e-20
1786740353.6334229,resting,fast,1786740335.3081021,-463.6756985952202,-176.74538522921011,719.3579398802494,13.25590389219104,-34.775677394641676,6.932032516193551e-20
1786740353.6619668,resting,fast,1786740335.3081021,-464.6662373594568,-176.27734441624773,724.852402705932,13.2208008312187,-34.8499678019593,6.93552498848857e-20
1786740353.690094,resting,fast,1786740335.3081021,-466.0297921315673,-178.762689902038,722.1144029451798,13.407201742653097,-34.95223440986772,6.953061771691591e-20
1786740353.7185402,resting,fast,1786740335.3081021,-468.15231196195236,-180.12606270340984,727.2461583590011,13.509454702755914,-35.11142339714671,7.056293590188492e-20
1786740353.7467256,resting,fast,1786740335.3081021,-470.27634748493165,-184.1584957242444,721.1010151457731,13.81188717931862,-35.270726061370254,7.087689502686868e-20
1786740353.7751024,resting,fast,1786740335.3081021,-470.4513692739315,-184.98059195773158,728.8772752796503,13.87354439683018,-35.283852695545164,7.113651782177748e-20
1786740353.803551,resting,fast,1786740335.3081021,-468.7129016924332,-184.45064530841762,724.1466836693662,13.833798398131623,-35.15346762693275,7.056557945425452e-20
1786740353.8319542,resting,fast,1786740335.3081021,-465.73048065724197,-178.54800038296514,726.0574792121661,13.391100028722715,-34.9297860492933,6.979782536252672e-20
1786740353.8623028,resting,fast,1786740335.3081021,-468.15567339127347,-181.535915384762,727.7482984036369,13.615193653857485,-35.11167550434581,7.055554554461203e-20
1786740353.8886585,resting,fast,1786740335.3081021,-471.9258117396721,-183.35983747070998,735.8991791600529,13.751987810303458,-35.39443588047568,7.07659993853638e-20
1786740353.9174123,resting,fast,1786740335.3081021,-472.8151179113638,-188.06350172177122,728.8835730146247,14.104762629133017,-35.46113384335246,7.150816524942707e-20
1786740353.9454107,resting,fast,1786740335.3081021,-468.56951339655325,-182.52178614033392,715.2696541967271,13.689133960525385,-35.1427135047417,7.014219646715912e-20
1786740353.9742155,resting,fast,1786740335.3081021,-465.7128462268006,-182.4524018923289,707.143302686185,13.683930141924822,-34.92846346701032,7.015422851110251e-20
1786740354.0023317,resting,fast,1786740335.3081021,-464.9632334820726,-180.24106567244735,709.3418869340976,13.51807992543392,-34.87224251115556,6.981640012384992e-20
1786740354.030799,resting,fast,1786740335.3081021,-466.0575266306537,-180.78458240424766,711.143308301107,13.558843680318855,-34.954314497299265,6.989248035472244e-20
1786740354.0607293,resting,fast,1786740335.3081021,-468.38910740627716,-179.34291264477747,722.8582896639882,13.450718448358554,-35.12918305547099,7.078519555884128e-20
1786740354.0875716,resting,fast,1786740335.3081021,-470.50059274515297,-179.38174893438224,723.0302951733229,13.453631170078882,-35.28754445588653,7.096663618370356e-20
1786740354.1158745,resting,fast,1786740335.3081021,-469.97242755771276,-177.69410008762895,734.0380948989523,13.327057506572434,-35.24793206682864,7.146011521699558e-20
1786740354.1443522,resting,fast,1786740335.3081021,-468.8436017170434,-176.8048228393517,720.9020714828475,13.260361712951582,-35.16327012877843,6.994538332280419e-20
1786740354.1730037,resting,fast,1786740335.3081021,-469.76183435095754,-178.17931721414595,728.4151226534859,13.363448791061256,-35.23213757632192,7.043469821913042e-20
1786740354.2012467,resting,fast,1786740335.3081021,-471.15435929929936,-179.33542538877964,724.7096732529999,13.450156904158792,-35.33657694744788,6.998623601587755e-20
1786740354.2295406,resting,fast,1786740335.3081021,-470.0562127665871,-180.5521158807511,728.9787229048352,13.541408691056692,-35.25421595749402,7.036098325719458e-20
1786740354.2589178,resting,fast,1786740335.3081021,-469.4063806027302,-181.86568288507453,732.215508685943,13.639926216380882,-35.205478545205,7.098739805519638e-20
1786740354.2865722,resting,fast,1786740335.3081021,-470.595534336378,-184.98919663961203,730.0877251657221,13.874189747971126,-35.29466507522843,7.172681388691779e-20
1786740354.3146043,resting,fast,1786740335.3081021,-469.04604587464473,-184.216964524339,728.3399965901372,13.816272339325732,-35.178453440598574,7.176743994321593e-20
1786740354.3432403,resting,fast,1786740335.3081021,-469.6030857787341,-181.49525891081123,723.8291791574202,13.612144418311292,-35.22023143340539,7.061938239308924e-20
1786740354.3712559,resting,fast,1786740335.3081021,-469.15813905122104,-177.46577656977377,728.039916513947,13.309933242733226,-35.186860428841875,6.996522297598131e-20
1786740354.3997989,resting,fast,1786740335.3081021,-470.06919190442613,-178.38478206929187,726.8902615112047,13.378858655197018,-35.25518939283225,7.030509521745528e-20
1786740354.4280753,resting,fast,1786740335.3081021,-464.87437847709043,-175.47239993049004,713.0895947751642,13.160429994786991,-34.865578385781966,6.972490762304517e-20
1786740354.45652,resting,fast,1786740335.3081021,-464.97644350718883,-177.89404189204515,716.6698482752954,13.34205314190363,-34.87323326303948,7.031533068889075e-20
1786740354.4848332,resting,fast,1786740335.3081021,-465.72611641938875,-178.57555381979148,714.2628635329502,13.393166536484546,-34.92945873145426,7.008849334619135e-20
1786740354.5132954,resting,fast,1786740335.3081021,-470.6934360323562,-180.38834310343907,740.5435368679864,13.529125732758128,-35.30200770242686,7.172716450521257e-20
1786740354.5418355,resting,fast,1786740335.3081021,-473.0406744997322,-179.7863256485872,740.1146452601497,13.483974423644167,-35.478050587480084,7.168410736311725e-20
1786740354.5700703,resting,fast,1786740335.3081021,-473.97028049010805,-178.46424567209715,747.1102561036123,13.384818425407648,-35.54777103675817,7.184227980216338e-20
1786740354.5987656,resting,fast,1786740335.3081021,-473.18601346722926,-180.80411357552794,732.6676937589882,13.560308518164941,-35.48895101004237,7.063782755458277e-20
1786740354.6271226,resting,fast,1786740335.3081021,-467.9907957915975,-178.73323960982907,725.9512845960644,13.404992970737407,-35.099309684369956,7.021902301090648e-20
1786740354.6556425,resting,fast,1786740335.3081021,-466.9770022991688,-178.68795322664425,724.3306115830446,13.401596491998479,-35.023275172437636,6.998922144252703e-20
1786740354.6839688,resting,fast,1786740335.3081021,-464.74253922620164,-178.8692601140408,723.0142417665984,13.41519450855331,-34.85569044196534,7.009803882137013e-20
1786740354.7120955,resting,fast,1786740335.3081021,-469.9326906120268,-183.30524977841287,731.7571385951578,13.747893733381229,-35.244951795902395,7.052491727715211e-20
1786740354.740911,resting,fast,1786740335.3081021,-468.77129350770747,-182.9415871448491,735.2129320738941,13.720619035864058,-35.15784701307825,7.087077172660191e-20
1786740354.7692876,resting,fast,1786740335.3081021,-468.32655129456407,-181.2588061287554,732.2130186511449,13.594410459656846,-35.12449134709242,7.006048772430092e-20
1786740354.7972977,resting,fast,1786740335.3081021,-463.17606588172066,-176.8948378290081,724.0730429516962,13.267112837175748,-34.738204941129275,7.004195835700995e-20
1786740354.8259923,resting,fast,1786740335.3081021,-463.8304236776398,-179.0488614650368,711.7264914422003,13.42866460987818,-34.787281775823345,6.966121308338978e-20
1786740354.8544655,resting,fast,1786740335.3081021,-464.60180712149304,-180.85522849094548,715.7155076591671,13.564142136821257,-34.84513553411227,7.04865643184654e-20
1786740354.8828306,resting,fast,1786740335.3081021,-467.78527145750286,-181.91746598193947,725.0429594855314,13.643809948645679,-35.083895359312955,7.080878306968105e-20
1786740354.9113557,resting,fast,1786740335.3081021,-470.7653756849181,-181.23830205322088,741.7103774362131,13.59287265399178,-35.30740317636911,7.1540303702322e-20
1786740354.9395404,resting,fast,1786740335.3081021,-471.8063361683535,-179.97977543223158,737.4469923489542,13.498483157417542,-35.38547521262674,7.096386255868444e-20
1786740354.9678779,resting,fast,1786740335.3081021,-471.38912332271957,-179.1132228375037,729.2483922734709,13.43349171281319,-35.354184249204124,7.026008866199893e-20
1786740354.9962425,resting,fast,1786740335.3081021,-468.08635763093434,-178.85596499998826,715.2915225512215,13.414197374999222,-35.106476822320346,6.928400184734719e-20
1786740355.0246773,resting,fast,1786740335.3081021,-465.44925877772584,-179.6599422666559,709.8164050678779,13.47449566999936,-34.908694408329616,6.934206684927989e-20
1786740355.053262,resting,fast,1786740335.3081021,-465.63112137275766,-180.8746398328018,715.7660544370701,13.56559798746024,-34.92233410295694,7.005000094421823e-20
1786740355.0842965,resting,fast,1786740335.3081021,-464.342235591178,-179.1321100831227,716.2823582456476,13.43490825623454,-34.82566766933847,6.986055464907899e-20
1786740355.109844,resting,fast,1786740335.3081021,-468.5520848571655,-178.24286109170828,734.1126535085741,13.36821458187843,-35.141406364287604,7.120295685923409e-20
1786740355.138153,resting,fast,1786740335.3081021,-471.2826114265108,-180.574129844592,738.5022505192765,13.543059738344521,-35.3461958569884,7.116246437926553e-20
1786740355.1667063,resting,fast,1786740335.3081021,-472.45378754637477,-180.60214886239305,735.326307403705,13.545161164679794,-35.43403406597836,7.11908697772647e-20
1786740355.195054,resting,fast,1786740335.3081021,-470.38507069488514,-181.57491143444702,727.5017861212773,13.618118357583757,-35.27888030211658,7.024857943112256e-20
1786740355.2232642,resting,fast,1786740335.3081021,-465.3651130835451,-178.38123047535043,715.4082603841189,13.378592285651376,-34.90238348126601,6.931892047670906e-20
1786740355.251855,resting,fast,1786740335.3081021,-465.58025665816876,-176.7950425382544,720.7069751520776,13.259628190369295,-34.9185192493629,6.921587912840921e-20
1786740355.280146,resting,fast,1786740335.3081021,-465.49575968725503,-175.73316159411195,719.2008443573295,13.179987119558593,-34.91218197654414,6.884648619395193e-20
1786740355.3087797,resting,fast,1786740335.3081021,-466.47768538000173,-176.69315566682815,721.4032266019103,13.2519866750124,-34.98582640350027,6.928077758885011e-20
1786740355.337103,resting,fast,1786740335.3081021,-466.3162310577536,-179.22404294418993,722.0349864888276,13.44180322081456,-34.97371732933168,7.003891443330006e-20
1786740355.3654406,resting,fast,1786740335.3081021,-464.2623726395432,-175.68016074752188,713.5879624451418,13.176012056064398,-34.81967794796599,6.987587940124059e-20
1786740355.393983,resting,fast,1786740335.3081021,-464.9031650401089,-174.96425714825432,715.5045907141475,13.122319286119232,-34.86773737800852,6.927496257140809e-20
1786740355.4222403,resting,fast,1786740335.3081021,-465.8034787428837,-176.16646815036222,715.314145300852,13.212485111277363,-34.93526090571641,6.933114435908506e-20
1786740355.4509377,resting,fast,1786740335.3081021,-468.3823327565078,-178.77652234355082,725.489884993769,13.408239175766493,-35.128674956738216,7.014424537729366e-20
1786740355.479272,resting,fast,1786740335.3081021,-467.3098217593938,-180.62595270780832,724.0414853180791,13.546946453085841,-35.04823663195456,7.108628131647285e-20
1786740355.5077116,resting,fast,1786740335.3081021,-469.28735416289237,-179.40964373360873,729.4183928600023,13.455723280021044,-35.196551562217074,7.056677957285728e-20
1786740355.535806,resting,fast,1786740335.3081021,-471.37985986752574,-180.50076358863691,739.9943400384991,13.537557269147971,-35.35348949006472,7.100853906842429e-20
1786740355.5643706,resting,fast,1786740335.3081021,-471.36963385033096,-176.85495963358574,731.0439860286651,13.264121972519046,-35.35272253877514,6.992041516653479e-20
1786740355.593106,resting,fast,1786740335.3081021,-472.4282900228595,-178.50176705646084,730.1782511260899,13.387632529234804,-35.43212175171474,7.071052613002285e-20
1786740355.6210837,resting,fast,1786740335.3081021,-468.0679569398553,-177.17464897582408,713.7023270571981,13.288098673187097,-35.10509677048953,7.009998541580711e-20
1786740355.650407,resting,fast,1786740335.3081021,-470.49383050021606,-182.19123906350057,728.1350038222172,13.664342929762729,-35.287037287516505,7.133183551426679e-20
1786740355.677768,resting,fast,1786740335.3081021,-466.57188210187314,-182.34418287301412,718.1902062067993,13.675813715476206,-34.99289115764082,7.062383181254713e-20
1786740355.7064576,resting,fast,1786740335.3081021,-468.08431412883647,-181.30758455523596,723.0495946024239,13.598068841642853,-35.106323559662876,7.066309347612727e-20
1786740355.7349231,resting,fast,1786740335.3081021,-468.9111348773422,-178.72788389224615,728.2361682533501,13.404591291918653,-35.168335115800865,7.000184829154535e-20
1786740355.7634513,resting,fast,1786740335.3081021,-469.15271103825535,-176.47157638828685,733.7069777163806,13.235368229121757,-35.18645332786946,7.035708042457404e-20
1786740355.7914135,resting,fast,1786740335.3081021,-472.48118725510403,-178.88928699950236,732.2282391320805,13.416696524962756,-35.43608904413308,6.965956805514473e-20
1786740355.8199725,resting,fast,1786740335.3081021,-469.91842474031864,-178.88981973678767,724.2050891353565,13.416736480259313,-35.24388185552418,6.942976263354896e-20
1786740355.8482332,resting,fast,1786740335.3081021,-470.3015832338374,-177.66391563431785,726.7050417694554,13.324793672574028,-35.27261874253801,6.909744924181601e-20
1786740355.8767693,resting,fast,1786740335.3081021,-471.4320285778472,-177.56431589681222,735.0977520425968,13.317323692261123,-35.35740214333861,6.955488003509691e-20
1786740355.9051595,resting,fast,1786740335.3081021,-472.535394323535,-180.87453322867543,725.3160460991367,13.565589992150851,-35.440154574265115,6.964672774430995e-20
1786740355.9334698,resting,fast,1786740335.3081021,-472.03534302760227,-182.33328357678965,729.1952122957591,13.674996268259324,-35.402650727070316,7.016726653308612e-20
1786740355.9619975,resting,fast,1786740335.3081021,-469.2134128769435,-181.93201985055555,726.0205365843085,13.644901488792005,-35.1910059657709,7.051104161009533e-20
1786740355.9904816,resting,fast,1786740335.3081021,-468.9307183576766,-177.74700158353482,731.8506982253502,13.331025118765428,-35.16980387682596,7.031538197881181e-20
1786740356.0185559,resting,fast,1786740335.3081021,-468.79452508243185,-179.22674641798028,734.0343389658465,13.442005981348675,-35.159589381182705,7.122697879229642e-20
1786740356.046998,resting,fast,1786740335.3081021,-468.9836611027208,-180.44323622631646,732.0998240486824,13.533242716974012,-35.1737745827044,7.105872805009608e-20
1786740356.075636,resting,fast,1786740335.3081021,-470.14098307106224,-180.91742413542283,744.9618851802152,13.568806810156861,-35.26057373032985,7.201857086797617e-20
1786740356.103861,resting,fast,1786740335.3081021,-467.5841977187283,-180.46984685038535,724.4343284074685,13.53523851377901,-35.06881482890491,7.001938659192215e-20
1786740356.1321816,resting,fast,1786740335.3081021,-467.4788936525665,-179.2819164314826,725.4330814220275,13.446143732361374,-35.0609170239426,7.011754653656393e-20
1786740356.1606214,resting,fast,1786740335.3081021,-464.57410078746943,-178.9902393722533,717.5302337535422,13.424267952919326,-34.8430575590605,7.00602207119725e-20
1786740356.1889334,resting,fast,1786740335.3081021,-469.38408975803077,-178.12157198542081,734.7298812892577,13.359117898906849,-35.20380673185253,7.10112432984694e-20
1786740356.2178597,resting,fast,1786740335.3081021,-468.0306229617577,-180.95777353655262,734.6306366449817,13.571833015241612,-35.10229672213201,7.18678232982469e-20
1786740356.2460473,resting,fast,1786740335.3081021,-467.98283333231757,-181.57334994716314,722.4025949167035,13.618001246037434,-35.09871249992409,7.099988806574978e-20
1786740356.2742167,resting,fast,1786740335.3081021,-468.5356575468413,-179.75134905516393,725.7773699192439,13.481351179137437,-35.14017431601321,7.148882469342324e-20
1786740356.3024514,resting,fast,1786740335.3081021,-472.26639880480843,-178.99453973580898,727.114875509109,13.42459048018586,-35.41997991036093,7.091123843967767e-20
1786740356.3310273,resting,fast,1786740335.3081021,-470.33095107667486,-176.83582364054416,731.2602468626328,13.262686773041214,-35.27482133075091,7.07166969679179e-20
1786740356.3593457,resting,fast,1786740335.3081021,-469.28256682301935,-180.31545001562483,729.3589580532434,13.523658751172103,-35.19619251172658,7.072006762304286e-20
1786740356.3876762,resting,fast,1786740335.3081021,-466.31594714458515,-176.86158312679993,728.1985070876362,13.264618734510169,-34.973696035844114,7.036481689584445e-20
1786740356.4160702,resting,fast,1786740335.3081021,-470.4359447445431,-179.44961649006382,735.6128010225138,13.458721236755085,-35.282695855840956,7.137530467836649e-20
1786740356.4449606,resting,fast,1786740335.3081021,-469.51565453841204,-180.3131761859447,730.1090863920981,13.523488213946127,-35.21367409038112,7.087909696845985e-20
1786740356.4730327,resting,fast,1786740335.3081021,-468.7475590570057,-181.70964828649085,725.7816740212347,13.628223621487098,-35.156066929275724,7.043916446540636e-20
1786740356.5014987,resting,fast,1786740335.3081021,-466.8267978992976,-181.3486164185755,721.1021289079908,13.601146231393468,-35.01200984244749,7.017983650355713e-20
1786740356.5301194,resting,fast,1786740335.3081021,-468.94322711948644,-180.18003787330474,721.0196003371757,13.513502840498138,-35.170742033961666,6.941244342232297e-20
1786740356.5583155,resting,fast,1786740335.3081021,-468.7175386329086,-180.26457891521375,717.4718874036062,13.519843418641248,-35.15381539746848,6.979245758346692e-20
1786740356.58656,resting,fast,1786740335.3081021,-468.66514090577584,-179.1156135160303,722.1158013557806,13.433671013702433,-35.14988556793328,6.920276407276056e-20
1786740356.6148734,resting,fast,1786740335.3081021,-466.5478099325196,-179.64828237403958,724.2767474105758,13.473621178053275,-34.99108574493912,7.035481470901549e-20
1786740356.6447172,resting,fast,1786740335.3081021,-466.2998679461398,-182.9241384866233,725.7102564985116,13.719310386497174,-34.97249009596078,7.005012695243459e-20
1786740356.671958,resting,fast,1786740335.3081021,-466.01108661642775,-182.76686471953963,719.0695256238187,13.707514853965765,-34.950831496232205,7.03447080742953e-20
1786740356.7002053,resting,fast,1786740335.3081021,-464.4738925870756,-181.64626821783963,715.4199333054412,13.623470116338158,-34.835541944030844,6.961011549340475e-20
1786740356.7288802,resting,fast,1786740335.3081021,-463.1472426045484,-177.26737807340965,713.4563887516206,13.29505335550596,-34.7360431953413,6.917737609019533e-20
1786740356.7570136,resting,fast,1786740335.3081021,-465.54287900875215,-181.05198269667733,712.6236161654278,13.578898702250985,-34.915715925656535,6.942401969218458e-20
1786740356.7852983,resting,fast,1786740335.3081021,-466.2237069874441,-181.68223286162868,706.2911975521956,13.626167464622458,-34.96677802405852,6.994141265109315e-20
1786740356.8136888,resting,fast,1786740335.3081021,-470.0354905015183,-185.86549428336082,713.3511168275754,13.939912071252369,-35.25266178761413,7.05581660747964e-20
1786740356.8429477,resting,fast,1786740335.3081021,-469.04168624909016,-185.6699544184802,714.8538036429882,13.9252465813863,-35.178126468681874,7.05067939112427e-20
1786740356.8704748,resting,fast,1786740335.3081021,-469.84314615150515,-183.5002101517358,722.906804012704,13.762515761380353,-35.23823596136309,6.998941261880914e-20
1786740356.8988109,resting,fast,1786740335.3081021,-468.4019454813815,-179.955793909853,724.9933413435037,13.496684543239116,-35.130145911103746,7.006784329175826e-20
1786740356.9273589,resting,fast,1786740335.3081021,-467.5111310807706,-178.16078593918894,725.3775043586529,13.362058945439234,-35.06333483105792,6.955191378711743e-20
1786740356.955656,resting,fast,1786740335.3081021,-466.85711106112285,-179.20385336991444,719.6313388258022,13.440289002743956,-35.01428332958444,6.946522164928558e-20
1786740356.9840894,resting,fast,1786740335.3081021,-464.3252563970991,-178.72983987830287,711.4619969447103,13.404737990872885,-34.82439422978249,6.910480661955997e-20
1786740357.0124736,resting,fast,1786740335.3081021,-464.84843183449993,-177.22509679299162,712.4251540185878,13.291882259474644,-34.86363238758783,6.939527471597802e-20
1786740357.0416687,resting,fast,1786740335.3081021,-464.49584526183935,-175.61908801980655,723.5172062165175,13.171431601485747,-34.8371883946383,6.967546310298841e-20
1786740357.0693038,resting,fast,1786740335.3081021,-467.6419953224008,-177.37866189157637,730.515988747633,13.303399641868356,-35.07314964918016,7.027551469955191e-20
1786740357.097922,resting,fast,1786740335.3081021,-467.54693054741574,-178.4199932114292,727.9576291588191,13.381499490857312,-35.06601979105651,7.019629336466775e-20
1786740357.1263611,resting,fast,1786740335.3081021,-468.1292227983631,-179.5773882272175,718.3865265771692,13.468304117041601,-35.10969170987742,7.00456474769399e-20
1786740357.1544921,resting,fast,1786740335.3081021,-469.14213388634334,-179.47232888299618,717.6118919463715,13.460424666224949,-35.185660041475884,7.011050034138937e-20
1786740357.1829715,resting,fast,1786740335.3081021,-468.09541642575414,-180.0687719956535,715.9030773346149,13.505157899674291,-35.10715623193179,7.061458457423071e-20
1786740357.2112737,resting,fast,1786740335.3081021,-467.1705642796269,-179.17634633888974,716.2976906003914,13.438225975416938,-35.03779232097232,7.029357537125761e-20
1786740357.2404919,resting,fast,1786740335.3081021,-465.34893099484225,-180.01687958795264,712.6040291781219,13.501265969096604,-34.90116982461334,6.975823633938812e-20
1786740357.2681212,resting,fast,1786740335.3081021,-466.1847938575056,-178.718279441096,719.1220148234852,13.403870958082397,-34.96385953931321,6.911417087566593e-20
1786740357.2965078,resting,fast,1786740335.3081021,-466.48269219745225,-179.99527946866317,719.69376863051,13.49964596015003,-34.9862019148092,6.951455604718762e-20
1786740357.325063,resting,fast,1786740335.3081021,-469.4775302768294,-182.56366966704297,723.4480354715424,13.692275225028592,-35.21081477076241,7.009819022381695e-20
1786740357.3534596,resting,fast,1786740335.3081021,-468.156748415277,-182.8499941802604,715.140131526201,13.713749563519787,-35.11175613114599,6.983056094218375e-20
1786740357.3818338,resting,fast,1786740335.3081021,-468.9990414187323,-182.98958583584988,716.6666337348352,13.724218937688914,-35.17492810640523,6.966041164073687e-20
1786740357.4101348,resting,fast,1786740335.3081021,-465.0095219113168,-179.4926855286219,711.9311610385603,13.461951414646716,-34.875714143348944,6.944660031343099e-20
1786740357.4387534,resting,fast,1786740335.3081021,-468.0093530128797,-181.14826195513808,721.6125586845765,13.586119646635442,-35.1007014759662,7.052909902607115e-20
1786740357.4670498,resting,fast,1786740335.3081021,-467.3318394321295,-183.30567923663796,718.3650257800609,13.747925942748086,-35.04988795740984,7.047668118300703e-20
1786740357.4955788,resting,fast,1786740335.3081021,-470.2892919402234,-181.45786124202084,726.6508348842881,13.609339593151812,-35.27169689551674,7.029558321186833e-20
1786740357.5239453,resting,fast,1786740335.3081021,-467.69772715410227,-180.60883259207458,721.117726813497,13.545662444405696,-35.077329536557805,6.928612909812193e-20
1786740357.5523024,resting,fast,1786740335.3081021,-467.3691523818602,-177.73481272300194,724.228567967597,13.330110954225407,-35.05268642863971,6.941158321548817e-20
1786740357.5804205,resting,fast,1786740335.3081021,-465.74922566808846,-178.97997066959613,723.7764503945118,13.423497800220037,-34.931191925106916,6.947160259952777e-20
1786740357.6089344,resting,fast,1786740335.3081021,-468.06006811999623,-178.37474410040375,730.6025444017032,13.378105807530378,-35.10450510899987,7.029813945814635e-20
1786740357.6372797,resting,fast,1786740335.3081021,-468.1102888895002,-179.46045154372962,729.9237572732754,13.459533865780006,-35.108271666712696,7.015788557340718e-20
1786740357.666095,resting,fast,1786740335.3081021,-467.4435017482688,-180.58186460528157,725.5667002567234,13.543639845396317,-35.05826263112042,7.018975085995431e-20
1786740357.6942844,resting,fast,1786740335.3081021,-465.7114124075165,-180.03595455312245,717.4302897057914,13.502696591484426,-34.92835593056403,6.958285836139103e-20
1786740357.722507,resting,fast,1786740335.3081021,-468.55817678268795,-178.39535607800417,719.4231884772244,13.379651705850637,-35.14186325870178,6.958849294764102e-20
1786740357.7511523,resting,fast,1786740335.3081021,-468.05652525910637,-178.48333033020094,715.9184887964193,13.386249774765222,-35.1042393944332,6.978422246136798e-20
1786740357.7795374,resting,fast,1786740335.3081021,-467.96765230184474,-179.1176631766955,718.2178507227472,13.43382473825228,-35.09757392263855,7.003204824311837e-20
1786740357.807808,resting,fast,1786740335.3081021,-465.69351094303784,-179.91585189847012,714.1524252987047,13.493688892385368,-34.927013320728115,7.033509400006879e-20
1786740357.8361306,resting,fast,1786740335.3081021,-465.08886324799005,-178.47357492548213,719.6843484756018,13.385518119411376,-34.88166474359949,7.012962310472325e-20
1786740357.8649473,resting,fast,1786740335.3081021,-466.7268218144959,-178.5383762836832,724.3495818077381,13.390378221276517,-35.00451163608727,7.03713159971624e-20
1786740357.8933322,resting,fast,1786740335.3081021,-467.836557743703,-178.4594236504364,736.4935018936776,13.384456773782862,-35.087741830777894,7.110601234595773e-20
1786740357.9212096,resting,fast,1786740335.3081021,-472.1389722080362,-178.64657441444672,743.8797092815903,13.398493081083668,-35.41042291560288,7.115843998027924e-20
1786740357.9496384,resting,fast,1786740335.3081021,-472.03904208054155,-179.29812770674528,742.8540389695236,13.44735957800621,-35.402928156040716,7.129990571225595e-20
1786740357.9779856,resting,fast,1786740335.3081021,-470.58745157451995,-180.6729660321481,733.1504414818764,13.55047245241126,-35.294058868089095,7.030622125193709e-20
1786740358.0066338,resting,fast,1786740335.3081021,-466.8002397936575,-180.13424614027258,720.6414076992141,13.510068460520667,-35.01001798452452,7.028272438511024e-20
1786740358.0355556,resting,fast,1786740335.3081021,-469.6879404040769,-180.2300040139928,727.2378057644319,13.517250301049568,-35.22659553030594,7.0616717846665e-20
1786740358.0634146,resting,fast,1786740335.3081021,-469.8368020901871,-179.0981895763848,731.2250538811695,13.432364218229036,-35.23776015676423,7.0917703203922e-20
1786740358.092051,resting,fast,1786740335.3081021,-470.48275716273065,-176.79786225627697,733.7188226043536,13.25983966922107,-35.28620678720521,7.079000611796348e-20
1786740358.1203396,resting,fast,1786740335.3081021,-467.6161621135884,-177.8655437903975,727.0431239671634,13.339915784280112,-35.07121215851934,7.014477652366822e-20
1786740358.1486285,resting,fast,1786740335.3081021,-467.54410879343413,-177.2433289256678,718.9247924344054,13.29324966942539,-35.065808159507675,6.980281366907634e-20
1786740358.1769786,resting,fast,1786740335.3081021,-468.1231774649832,-182.80402242129185,719.2354967498422,13.710301681597162,-35.109238309874115,7.029638789925261e-20
1786740358.2053618,resting,fast,1786740335.3081021,-467.32508588479686,-178.711495848631,720.3449364289982,13.403362188647474,-35.049381441360055,7.025537510180326e-20
1786740358.234028,resting,fast,1786740335.3081021,-469.49634485169554,-179.88213281442518,728.0571004766625,13.49115996108208,-35.21222586387739,7.075804744362637e-20
1786740358.262411,resting,fast,1786740335.3081021,-467.72643895763576,-178.59251376099337,724.9526309352268,13.394438532074663,-35.07948292182276,7.028695983910462e-20
1786740358.2911332,resting,fast,1786740335.3081021,-471.07707761962865,-182.53524893392557,729.3479717766513,13.690143670044495,-35.33078082147238,7.053627899334829e-20
1786740358.3192894,resting,fast,1786740335.3081021,-466.65859846894,-181.66261132471936,723.782822786382,13.62469584935413,-34.99939488517066,6.964166673353198e-20
1786740358.347373,resting,fast,1786740335.3081021,-466.33183033159366,-179.03753204391614,720.8021809546908,13.427814903293996,-34.97488727486967,6.902652030164927e-20
1786740358.3757873,resting,fast,1786740335.3081021,-462.48824846112257,-177.81148399949598,711.7418179174465,13.335861299962406,-34.6866186345843,6.888324948995719e-20
1786740358.4041262,resting,fast,1786740335.3081021,-464.86849437590445,-176.24323983664374,715.6663378980174,13.218242987748443,-34.865137078193065,6.964573809502795e-20
1786740358.4328947,resting,fast,1786740335.3081021,-466.8072687623089,-178.12732329406924,722.3885444987172,13.359549247055536,-35.01054515717333,6.987086709618417e-20
1786740358.460732,resting,fast,1786740335.3081021,-466.058127143192,-178.0176173304534,719.4928050774224,13.351321299784114,-34.954359535739655,6.9544337828995e-20
1786740358.4894354,resting,fast,1786740335.3081021,-467.91472669871155,-177.29661351307197,724.085478442953,13.297246013480692,-35.0936045024036,6.945519464716783e-20
1786740358.5176325,resting,fast,1786740335.3081021,-468.2157031667148,-174.84881133448368,724.4975159556898,13.113660850086514,-35.11617773750367,6.969969030328855e-20
1786740358.5458984,resting,fast,1786740335.3081021,-468.0693437239561,-174.89990312923794,721.6724263839551,13.11749273469314,-35.10520077929707,6.956816909776184e-20
1786740358.5742848,resting,fast,1786740335.3081021,-465.4972224057824,-176.29902583897854,713.4829793031995,13.222426937923554,-34.91229168043387,6.978190109588679e-20
1786740358.6029098,resting,fast,1786740335.3081021,-464.9828649934948,-178.9123407040231,706.5869981313026,13.418425552801967,-34.87371487451225,6.983509760806193e-20
1786740358.6311548,resting,fast,1786740335.3081021,-467.4708802082114,-178.30093436380992,714.5517394072085,13.372570077286017,-35.06031601561606,7.001893810190502e-20
1786740358.6623344,resting,fast,1786740335.3081021,-468.37127807866545,-180.9776874648469,720.7336646997892,13.573326559863975,-35.12784585590027,7.007846994778117e-20
1786740358.6881216,resting,fast,1786740335.3081021,-465.29683065636164,-182.03761432992837,722.4332678395886,13.652821074744761,-34.897262299227286,7.008676000201194e-20
1786740358.716412,resting,fast,1786740335.3081021,-463.9198246080059,-182.47178306797423,725.374786659153,13.685383730098355,-34.79398684560072,7.032075187187352e-20
1786740358.7449288,resting,fast,1786740335.3081021,-464.9132031705667,-181.7144909073728,722.7175907195478,13.628586818053204,-34.86849023779274,6.998289130415147e-20
1786740358.7736027,resting,fast,1786740335.3081021,-466.3179993596332,-179.37128305236126,719.3098013943627,13.452846228927502,-34.973849951972696,6.975502534920107e-20
1786740358.8015149,resting,fast,1786740335.3081021,-467.9385863404177,-177.47352634439756,721.6585222545627,13.310514475830065,-35.09539397553156,7.013238038559635e-20
1786740358.8300712,resting,fast,1786740335.3081021,-467.3799134976548,-173.73082337422602,722.0793537241098,13.029811753067133,-35.05349351232418,6.978650596995561e-20
1786740358.8604856,resting,fast,1786740335.3081021,-467.7683645726229,-176.53733226600752,738.6149124164112,13.240299919950633,-35.08262734294689,7.115517424687542e-20
1786740358.8868914,resting,fast,1786740335.3081021,-464.9896098836498,-174.9965749168988,735.504528491525,13.1247431187676,-34.87422074127405,7.080437392330176e-20
1786740358.9150484,resting,fast,1786740335.3081021,-463.61258823555863,-178.20337874997858,728.4625553884207,13.36525340624858,-34.77094411766725,7.092264610127634e-20
1786740358.9433637,resting,fast,1786740335.3081021,-462.83313827105667,-173.00902167177185,717.6981715295469,12.975676625383233,-34.71248537032945,6.961435672486531e-20
1786740358.9717665,resting,fast,1786740335.3081021,-466.2326341943617,-174.39554100986493,718.4197342703928,13.079665575740169,-34.967447564577334,6.970137412433975e-20
1786740359.0003035,resting,fast,1786740335.3081021,-467.89807020164926,-177.63374584091878,723.2917542130899,13.322530938069281,-35.0923552651238,7.079670163450128e-20
1786740359.028601,resting,fast,1786740335.3081021,-469.31733778563466,-177.2931781247363,728.7114542281861,13.296988359355485,-35.19880033392286,7.154380744676143e-20
1786740359.057119,resting,fast,1786740335.3081021,-468.79781644786544,-183.12219427302716,734.6184344265848,13.734164570477223,-35.15983623359014,7.218425479325683e-20
1786740359.0853758,resting,fast,1786740335.3081021,-469.8793443051268,-180.25730242907036,745.8745493065044,13.51929768218059,-35.24095082288477,7.196060101925291e-20
1786740359.1137033,resting,fast,1786740335.3081021,-471.82110127885926,-184.1250423030168,755.131398069725,13.80937817272645,-35.38658259591448,7.246767491094589e-20
1786740359.1422372,resting,fast,1786740335.3081021,-465.7380777418598,-178.31216086684856,736.6647789950921,13.37341206501387,-34.93035583063986,7.04940273994067e-20
1786740359.1708145,resting,fast,1786740335.3081021,-461.8025433494454,-176.4438501889432,722.0388913637926,13.233288764170911,-34.63519075120851,6.921634340429052e-20
1786740359.1992025,resting,fast,1786740335.3081021,-460.6891665752428,-182.26997952158456,708.4136521650971,13.67024846411903,-34.55168749314333,6.864545037223169e-20
1786740359.2278297,resting,fast,1786740335.3081021,-468.0967813495781,-187.27329279513185,728.0919171446631,14.045496959635084,-35.10725860121865,7.012712242979956e-20
1786740359.258048,resting,fast,1786740335.3081021,-470.1548419229798,-186.82149573975778,737.1688027297396,14.011612180482171,-35.261613144223574,7.06845207147739e-20
1786740359.2843535,resting,fast,1786740335.3081021,-472.0529413199033,-180.57678427460485,746.559274240517,13.5432588205956,-35.403970598992906,7.119353916596148e-20
1786740359.3127441,resting,fast,1786740335.3081021,-472.1354973087823,-175.6920998169894,739.4118357680991,13.176907486274413,-35.41016229815902,7.079122928410248e-20
1786740359.3413346,resting,fast,1786740335.3081021,-475.6399530797912,-175.702282425573,741.278207866927,13.177671181918203,-35.67299648098462,7.164273204368778e-20
1786740359.369508,resting,fast,1786740335.3081021,-473.85809712017544,-177.49468903338493,729.6825334733849,13.312101677504085,-35.53935728401342,7.113135765891151e-20
1786740359.3979769,resting,fast,1786740335.3081021,-469.44522709683406,-179.01701358173807,726.4729830321812,13.426276018630627,-35.20839203226285,7.129921384380392e-20
1786740359.42628,resting,fast,1786740335.3081021,-466.31211688905796,-179.29839234786448,722.5693528311249,13.44737942608992,-34.97340876667955,7.145776567532282e-20
1786740359.4558465,resting,fast,1786740335.3081021,-466.9341429850765,-178.2193569366783,729.4059954204722,13.366451770251079,-35.02006072388087,7.161256582100301e-20
1786740359.4830937,resting,fast,1786740335.3081021,-470.65620099479247,-178.72644909061637,739.6005828960961,13.404483681796354,-35.299215074609364,7.153051867432914e-20
1786740359.5115361,resting,fast,1786740335.3081021,-468.70774911150966,-181.73421148536204,730.6349099619192,13.630065861402517,-35.153081183363504,6.995065880688287e-20
1786740359.539842,resting,fast,1786740335.3081021,-470.30775674357574,-182.0348596228131,728.9910833189433,13.652614471711235,-35.273081755768295,6.974101432855365e-20
1786740359.5683343,resting,fast,1786740335.3081021,-466.2259329191702,-180.1687999533208,710.5051021645622,13.512659996499249,-34.96694496893794,6.967553551353941e-20
1786740359.596404,resting,fast,1786740335.3081021,-469.0473214437807,-180.42542273064691,720.7874262583819,13.531906704798917,-35.178549108283676,7.125245405944001e-20
1786740359.6248398,resting,fast,1786740335.3081021,-465.84786795925265,-179.21361898977068,715.4537851894029,13.441021424233025,-34.9385900969441,7.089430011435072e-20
1786740359.654995,resting,fast,1786740335.3081021,-469.38304428974925,-183.1200461038427,724.5857898789791,13.734003457788365,-35.20372832173142,7.157767277388337e-20
1786740359.681575,resting,fast,1786740335.3081021,-467.7314340056155,-183.16694944659787,720.1706817586146,13.737521208495057,-35.07985755042126,7.073735697448642e-20
1786740359.7100337,resting,fast,1786740335.3081021,-468.41932766553055,-182.9461196219521,722.4189500394632,13.720958971646713,-35.13144957491495,7.084024183739259e-20
1786740359.7383935,resting,fast,1786740335.3081021,-463.218657849025,-180.8407046792587,713.3694340142692,13.563052850944576,-34.74139933867709,7.000842506493647e-20
1786740359.7668192,resting,fast,1786740335.3081021,-463.4342083394158,-176.32502784953488,712.3459625423102,13.224377088715311,-34.757565625456316,6.943966473141928e-20
1786740359.7952235,resting,fast,1786740335.3081021,-463.653914660586,-177.4818094694814,717.7280810205784,13.311135710211406,-34.77404359954432,6.977610194356318e-20
1786740359.8238106,resting,fast,1786740335.3081021,-466.6756367308694,-175.98883358040473,731.0359489389657,13.199162518530581,-35.00067275481537,7.000519250552147e-20
1786740359.8540094,resting,fast,1786740335.3081021,-468.1105522391231,-178.20761566442036,733.2309112082357,13.365571174831718,-35.1082914179345,7.017429876095325e-20
1786740359.8805285,resting,fast,1786740335.3081021,-468.7185007451144,-175.92004151167828,745.7912417418356,13.194003113376201,-35.15388755588383,7.094544548241003e-20
1786740359.908979,resting,fast,1786740335.3081021,-470.02303487592553,-177.17157391704006,744.730561535358,13.287868043778243,-35.25172761569447,7.108603167794595e-20
1786740359.9371815,resting,fast,1786740335.3081021,-467.82438442349894,-177.38835285589357,735.0772638419767,13.30412646419214,-35.086828831762574,7.13091445634483e-20
1786740359.965917,resting,fast,1786740335.3081021,-466.32274540138724,-179.9473973762082,708.2918398932516,13.496054803215895,-34.974205905104164,6.987327692493778e-20
1786740359.994074,resting,fast,1786740335.3081021,-465.08213489439004,-180.2600100500107,704.4580913011241,13.519500753751021,-34.88116011707947,6.973058585503889e-20
1786740360.0224102,resting,fast,1786740335.3081021,-467.6496839610395,-179.81937604025575,710.927168124822,13.486453203019384,-35.073726297078274,6.960664908731234e-20
1786740360.0524507,resting,fast,1786740335.3081021,-468.2426792650858,-178.54012679618597,715.2873127220673,13.390509509714096,-35.11820094488161,6.956457838489238e-20
1786740360.0794618,resting,fast,1786740335.3081021,-469.42883817896245,-179.744077072344,723.4844138189083,13.48080578042602,-35.207162863422205,7.044258993061426e-20
1786740360.1078014,resting,fast,1786740335.3081021,-471.5862522008797,-184.05855429320013,732.6365528477154,13.804391571990141,-35.368968915066205,7.120730230484183e-20
1786740360.136106,resting,fast,1786740335.3081021,-473.59831989218446,-183.11923013608907,741.7287696482335,13.733942260206884,-35.51987399191406,7.160022062835553e-20
1786740360.1644273,resting,fast,1786740335.3081021,-472.2090218886624,-181.5178017674192,725.9845764032016,13.613835132556613,-35.41567664164982,7.015203191636973e-20
1786740360.1931891,resting,fast,1786740335.3081021,-469.12823791772917,-176.94431255866914,721.9793851957647,13.27082344190038,-35.184617843829884,6.987479403017803e-20
1786740360.221249,resting,fast,1786740335.3081021,-467.09762755844577,-179.17928924555724,721.883390175467,13.43844669341701,-35.03232206688363,7.030807544596948e-20
1786740360.2518716,resting,fast,1786740335.3081021,-468.45036918684036,-178.8443123380847,730.9338854372063,13.41332342535662,-35.133777689013115,7.072021241668467e-20
1786740360.2785656,resting,fast,1786740335.3081021,-468.4276971943582,-179.05385786688169,738.7346335718621,13.429039340016342,-35.13207728957694,7.15766476387088e-20
1786740360.3065884,resting,fast,1786740335.3081021,-466.7290179554798,-176.87279117928279,730.8689474505254,13.26545933844628,-35.00467634666115,7.077239247669995e-20
1786740360.335131,resting,fast,1786740335.3081021,-466.754027700159,-177.9447035533958,731.839575458378,13.345852766505015,-35.006552077512204,7.145147519263753e-20
1786740360.3636289,resting,fast,1786740335.3081021,-465.9633874943411,-176.27990423034055,721.1262261019265,13.220992817275803,-34.9472540620758,7.038548443487433e-20
1786740360.3921444,resting,fast,1786740335.3081021,-466.7401023121306,-174.40130220532467,730.9214217911422,13.080097665399496,-35.00550767340987,7.067063990946911e-20
1786740360.4202635,resting,fast,1786740335.3081021,-467.8226805181607,-175.50698825442237,737.0360398530393,13.163024119081957,-35.08670103886214,7.065220804367071e-20
1786740360.4486985,resting,fast,1786740335.3081021,-469.25844314424194,-177.62026857195826,738.4937457506394,13.321520142897182,-35.19438323581844,7.054133566264578e-20
1786740360.4770336,resting,fast,1786740335.3081021,-473.0024272760347,-179.78125086172122,737.4179332350805,13.483593814629263,-35.47518204570273,7.098757545052115e-20
1786740360.5053604,resting,fast,1786740335.3081021,-471.1737878185272,-180.44840215694887,722.6572865441312,13.533630161771367,-35.338034086389754,6.999715564503373e-20
1786740360.5337799,resting,fast,1786740335.3081021,-469.4968521036044,-178.10220534169434,717.6368841619615,13.357665400627216,-35.21226390777053,6.995866995907501e-20
1786740360.5621924,resting,fast,1786740335.3081021,-465.7139381687616,-177.98707337589053,708.1483086649923,13.349030503192036,-34.92854536265731,6.921414066414495e-20
1786740360.5905304,resting,fast,1786740335.3081021,-465.7179250702866,-173.12568957385884,711.2072252899825,12.984426718039796,-34.92884438027151,6.940208569430746e-20
1786740360.6189995,resting,fast,1786740335.3081021,-466.36551849636135,-176.38204348633258,712.1878485884044,13.228653261475163,-34.977413887227236,6.93224993005628e-20
1786740360.6474442,resting,fast,1786740335.3081021,-468.181807838997,-177.79569184615468,714.3901965486839,13.334676888461782,-35.113635587924925,6.925902628291652e-20
1786740360.6758564,resting,fast,1786740335.3081021,-468.42533619973665,-182.17613900317644,715.750602794843,13.66321042523862,-35.1319002149804,6.919324583111915e-20
1786740360.7040944,resting,fast,1786740335.3081021,-466.4693753635747,-178.60968464458813,713.8156316014129,13.395726348344336,-34.98520315226831,6.866912289374728e-20
1786740360.7325099,resting,fast,1786740335.3081021,-465.26181002038084,-176.83065704303135,717.6526723270435,13.262299278227477,-34.89463575152868,6.888293909557251e-20
1786740360.7609103,resting,fast,1786740335.3081021,-463.9104652728256,-175.36320721577465,709.9531729671598,13.152240541183406,-34.79328489546213,6.932731047215547e-20
1786740360.7893362,resting,fast,1786740335.3081021,-466.017038324022,-180.02962887647834,713.1452362983091,13.502222165736075,-34.95127787430163,7.034363052941643e-20
1786740360.817756,resting,fast,1786740335.3081021,-466.6386864695032,-183.41948173707362,713.2090905346995,13.756461130280893,-34.99790148521294,7.031945397418728e-20
1786740360.8463266,resting,fast,1786740335.3081021,-468.6953865805044,-182.6449679696999,722.5206870616903,13.69837259772775,-35.15215399353813,6.992125256528085e-20
1786740360.8749306,resting,fast,1786740335.3081021,-466.97320860794343,-179.98071297711886,718.1237054018566,13.498553473284236,-35.02299064559586,6.906221330649343e-20
1786740360.9029596,resting,fast,1786740335.3081021,-468.7464090109502,-178.9292814281356,717.5966340937712,13.419696107110415,-35.15598067582149,6.931433286023258e-20
1786740360.9316854,resting,fast,1786740335.3081021,-468.01382875975105,-178.74122503331103,726.9260212658073,13.405591877498555,-35.10103715698171,7.007771447648631e-20
1786740360.9599519,resting,fast,1786740335.3081021,-468.5282087851001,-182.39200634232463,726.1508804805962,13.679400475674687,-35.139615658882796,7.00803759994669e-20
1786740360.9881399,resting,fast,1786740335.3081021,-466.9588040476624,-181.43097496867426,723.2764296449868,13.607323122650794,-35.02191030357493,6.959844914979432e-20
1786740361.0164993,resting,fast,1786740335.3081021,-467.47787246537837,-184.90945995063691,719.2022336404489,13.868209496297968,-35.06084043490352,6.986346960744498e-20
1786740361.0479395,resting,fast,1786740335.3081021,-467.0750224819808,-179.80200975147716,723.5173040369873,13.485150731360978,-35.03062668614878,7.010002643259608e-20
1786740361.0736513,resting,fast,1786740335.3081021,-469.3350367791081,-181.59295866076377,729.0461757161229,13.61947189955735,-35.200127758433275,7.057950692292903e-20
1786740361.1018639,resting,fast,1786740335.3081021,-469.8606107044502,-182.46250350226944,724.0592705093195,13.68468776267029,-35.239545802833824,6.96912703595692e-20
1786740361.130202,resting,fast,1786740335.3081021,-470.5150642617118,-183.94690342378385,724.8109427778509,13.79601775678412,-35.28862981962857,7.020538280030805e-20
1786740361.1584418,resting,fast,1786740335.3081021,-467.02263253798947,-183.32067037070897,722.5792114235855,13.74905027780343,-35.02669744034951,7.030641005420162e-20
1786740361.1870158,resting,fast,1786740335.3081021,-463.5071168179352,-181.07893698025612,714.8940294138729,13.580920273519421,-34.7630337613454,7.011401792770697e-20
1786740361.215745,resting,fast,1786740335.3081021,-465.98243175631205,-182.39184415471925,720.9782740564624,13.679388311604225,-34.94868238172343,7.055764485138791e-20
1786740361.2435913,resting,fast,1786740335.3081021,-466.23150817294254,-180.77953088388313,716.7842042174916,13.558464816291451,-34.96736311297074,7.025248392587467e-20
1786740361.2722273,resting,fast,1786740335.3081021,-470.41195295552507,-182.6062759889585,727.7022717334612,13.69547069917228,-35.28089647166431,7.132534711082976e-20
1786740361.30038,resting,fast,1786740335.3081021,-471.20003908702347,-182.0765913476124,722.9438973238639,13.655744351071089,-35.340002931526975,7.05871988357814e-20
1786740361.3287642,resting,fast,1786740335.3081021,-473.2759409573705,-182.2247090039058,734.3702672923919,13.666853175293202,-35.49569557180291,7.16340805373746e-20
1786740361.3572326,resting,fast,1786740335.3081021,-471.37016746884,-180.2768911794543,727.2814476788835,13.520766838459277,-35.3527625601632,7.120454966026055e-20
1786740361.385693,resting,fast,1786740335.3081021,-468.6701860297403,-178.8163437607608,724.4785142592473,13.411225782057262,-35.150263952230674,7.146705744001e-20
1786740361.4142041,resting,fast,1786740335.3081021,-470.0866916446121,-179.6239801466577,721.7178422034767,13.471798510999523,-35.25650187334607,7.078014861421591e-20
1786740361.4423854,resting,fast,1786740335.3081021,-470.88599350927416,-179.5793801379125,722.7002964937665,13.468453510343767,-35.31644951319571,7.044312092563662e-20
1786740361.4708312,resting,fast,1786740335.3081021,-474.5076662443339,-187.00064459833436,729.5844556722195,14.025048344875305,-35.58807496832521,7.10972865289755e-20
1786740361.499454,resting,fast,1786740335.3081021,-471.04588633522826,-187.03873336223285,720.5403752656403,14.02790500216781,-35.32844147514227,7.055902274750613e-20
1786740361.5278563,resting,fast,1786740335.3081021,-468.6939095824787,-185.02359922923847,716.6767383285742,13.876769942193025,-35.152043218685996,7.027720642696192e-20
1786740361.5560265,resting,fast,1786740335.3081021,-464.37064008435846,-178.20995953315503,712.6515886991074,13.365746964986773,-34.82779800632701,6.96952528718594e-20
1786740361.584647,resting,fast,1786740335.3081021,-463.8864412774833,-177.48813785695916,709.1026209110942,13.311610339272153,-34.791483095811564,7.018717826050653e-20
1786740361.61296,resting,fast,1786740335.3081021,-466.24253149874494,-179.38291668011584,716.7756247193392,13.453718751008925,-34.968189862405815,7.081945493356676e-20
1786740361.641152,resting,fast,1786740335.3081021,-468.63405448065214,-181.12371579790658,726.4384890613028,13.58427868484323,-35.14755408604923,7.052745487038483e-20
1786740361.6695507,resting,fast,1786740335.3081021,-469.463643206464,-179.8682958728948,730.7315967433951,13.490122190467321,-35.20977324048503,7.032202716598448e-20
1786740361.697946,resting,fast,1786740335.3081021,-470.4559596625677,-178.80131815131517,738.7379896846114,13.410098861348853,-35.284196974692925,6.98494863365866e-20
1786740361.726477,resting,fast,1786740335.3081021,-467.8555311891214,-176.3216625050576,726.7579806486638,13.224124687879442,-35.08916483918434,6.94940911938101e-20
1786740361.7546322,resting,fast,1786740335.3081021,-467.6954961910019,-180.74657947331832,725.5150828947508,13.555993460499007,-35.07716221432536,6.971950014867459e-20
1786740361.7831733,resting,fast,1786740335.3081021,-465.11733726073226,-180.53258279974773,713.9421792227695,13.539943709981234,-34.88380029455523,7.000023437197241e-20
1786740361.8115184,resting,fast,1786740335.3081021,-467.76048343700995,-183.85898301197756,720.3817914952679,13.789423725898477,-35.082036257776004,7.059166089442582e-20
1786740361.841857,resting,fast,1786740335.3081021,-468.1099812546481,-180.04306067019945,725.1809235057463,13.503229550265193,-35.10824859409879,7.041125844603984e-20
1786740361.8683765,resting,fast,1786740335.3081021,-468.8108493790337,-178.5934959877843,730.7908277064971,13.394512199084087,-35.16081370342774,7.038035805127143e-20
1786740361.8966591,resting,fast,1786740335.3081021,-465.8244749028636,-178.16695908845156,730.6298734395814,13.362521931634102,-34.93683561771496,7.11286636484015e-20
1786740361.9251034,resting,fast,1786740335.3081021,-464.5013228728908,-177.63410052805216,728.3371093358446,13.322557539604144,-34.83759921546691,7.058745092282826e-20
1786740361.953778,resting,fast,1786740335.3081021,-465.54512359062574,-178.18602527002156,721.1253572527976,13.363951895251748,-34.91588426929718,7.044870879469496e-20
1786740361.982408,resting,fast,1786740335.3081021,-466.42828251979745,-176.15501214460312,713.6553862761675,13.211625910845402,-34.98212118898507,6.936604231631013e-20
1786740362.0104465,resting,fast,1786740335.3081021,-467.1140119891338,-173.95696819643138,716.4090447980661,13.04677261473265,-35.03355089918541,7.04925921671383e-20
1786740362.0396245,resting,fast,1786740335.3081021,-468.51014893660704,-177.878617398139,722.2420729304658,13.340896304860667,-35.13826117024572,7.100716868830488e-20
1786740362.0672414,resting,fast,1786740335.3081021,-470.18378924759827,-180.51280814445067,720.887682027379,13.538460610834033,-35.26378419357012,7.089472196220046e-20
1786740362.09584,resting,fast,1786740335.3081021,-473.2722998898589,-185.8334123033576,726.4742745217018,13.937505922751907,-35.495422491739625,7.063605197612006e-20
1786740362.1240342,resting,fast,1786740335.3081021,-472.28833425645735,-181.93681869591376,728.2923796757304,13.645261402193778,-35.42162506923445,6.986651275748802e-20
1786740362.1525028,resting,fast,1786740335.3081021,-471.036927322019,-178.9271194910956,731.7105685831857,13.41953396183241,-35.327769549151654,6.961960943013796e-20
1786740362.180824,resting,fast,1786740335.3081021,-468.0703986586868,-178.64002449739212,720.7800134431591,13.398001837304616,-35.10527989940177,6.919892148963703e-20
1786740362.2092059,resting,fast,1786740335.3081021,-465.63309538365,-178.29104359690302,718.2220181061175,13.371828269768098,-34.922482153773934,6.942449507124673e-20
1786740362.2377615,resting,fast,1786740335.3081021,-467.3881400295977,-181.00089399079172,726.7011199777662,13.575067049309485,-35.05411050221992,7.044060321361607e-20
1786740362.2659972,resting,fast,1786740335.3081021,-469.65664328296134,-181.12101584914979,732.1684894372365,13.584076188686478,-35.22424824622232,7.083266750531952e-20
1786740362.294397,resting,fast,1786740335.3081021,-469.9530436536743,-180.02418558486283,733.6165124059253,13.501813918865015,-35.24647827402567,7.084858634785654e-20
1786740362.3228993,resting,fast,1786740335.3081021,-469.020890247014,-179.2101236568534,723.9359923309739,13.440759274264156,-35.176566768526214,7.041778799222002e-20
1786740362.3514764,resting,fast,1786740335.3081021,-467.04559843371453,-174.86687382578918,725.1245117842955,13.115015536934376,-35.02841988252894,7.031370417009558e-20
1786740362.3796062,resting,fast,1786740335.3081021,-467.0118043767643,-177.42762657306355,721.4332799599733,13.307071992979996,-35.0258853282575,7.065683689695594e-20
1786740362.4080126,resting,fast,1786740335.3081021,-465.0189989083224,-176.19835851696723,720.3924409299962,13.214876888772846,-34.87642491812437,7.025184136997765e-20
1786740362.4372003,resting,fast,1786740335.3081021,-467.6196584631866,-182.63111545459708,727.9964718834744,13.697333659094891,-35.07147438473931,7.213598009088952e-20
1786740362.4650867,resting,fast,1786740335.3081021,-467.0019390404168,-184.0386256941365,723.097468168161,13.802896927060377,-35.025145428031486,7.104228986104614e-20
1786740362.4934814,resting,fast,1786740335.3081021,-469.5761679310158,-185.8619275965956,729.2726484083114,13.939644569745024,-35.2182125948263,7.198220077141253e-20
1786740362.5217123,resting,fast,1786740335.3081021,-466.7124401215806,-184.05580136193566,714.6109489688424,13.804185102145365,-35.003433009118666,6.975561786010565e-20
1786740362.5505354,resting,fast,1786740335.3081021,-466.44901991117786,-181.44896342346567,712.8754731759209,13.60867225676012,-34.98367649333845,7.003852235909168e-20
1786740362.5785851,resting,fast,1786740335.3081021,-467.0702165692346,-181.45511262926505,712.207393940681,13.609133447195159,-35.03026624269284,6.93273632266671e-20
1786740362.6068997,resting,fast,1786740335.3081021,-467.1094938721276,-181.2661834747786,717.909224788501,13.594963760608504,-35.033212040409865,7.06080417365653e-20
1786740362.6361222,resting,fast,1786740335.3081021,-470.5583329102019,-183.13019883991285,738.1344520793973,13.73476491299358,-35.29187496826536,7.22324469085455e-20
1786740362.6636505,resting,fast,1786740335.3081021,-471.8678979053052,-183.68762449045016,741.0184830536837,13.776571836783955,-35.390092342898136,7.221985897946916e-20
1786740362.6921322,resting,fast,1786740335.3081021,-473.720958063936,-182.0019394846223,741.2025498646553,13.650145461346877,-35.529071854795504,7.104314803733284e-20
1786740362.7206411,resting,fast,1786740335.3081021,-473.2550825847866,-183.04206463276728,729.3024120292948,13.728154847457883,-35.494131193859246,6.995286172078247e-20
1786740362.7487552,resting,fast,1786740335.3081021,-468.41073827930904,-179.01119154358616,725.1647379006426,13.425839365769338,-35.13080537094843,6.891937467595406e-20
1786740362.7771494,resting,fast,1786740335.3081021,-468.2611359218945,-180.20198465130647,717.4212343396221,13.515148848848131,-35.11958519414238,6.81469354265666e-20
1786740362.805774,resting,fast,1786740335.3081021,-468.9283411564129,-181.89534864629036,713.9899896176703,13.642151148471907,-35.16962558673122,6.844317850474906e-20
1786740362.8342009,resting,fast,1786740335.3081021,-471.09956195082077,-183.82265191681802,720.6496653685035,13.786698893761542,-35.33246714631171,7.016727544537171e-20
1786740362.8623652,resting,fast,1786740335.3081021,-468.230745018192,-183.28722337550323,724.3179819405113,13.74654175316289,-35.11730587636452,7.111491500371959e-20
1786740362.8908389,resting,fast,1786740335.3081021,-470.2359153132893,-182.05779163002057,730.2779650437606,13.654334372251729,-35.2676936484968,7.03930663748641e-20
1786740362.9194722,resting,fast,1786740335.3081021,-472.7869477890631,-187.3583028515792,731.1508865723299,14.05187271386865,-35.45902108418008,7.104689605088834e-20
1786740362.9476073,resting,fast,1786740335.3081021,-473.14196871050945,-186.00629723779684,722.2610199645869,13.950472292834949,-35.485647653288346,7.078511593580888e-20
1786740362.976051,resting,fast,1786740335.3081021,-466.3343992817322,-183.3379926648871,714.8555209696578,13.750349449866857,-34.97507994613012,7.055729753307404e-20
1786740363.0046175,resting,fast,1786740335.3081021,-464.4759804944433,-178.97302965660367,710.404533767588,13.42297722424539,-34.83569853708346,6.96870271474375e-20
1786740363.0357964,resting,fast,1786740335.3081021,-467.05415130008305,-181.73832209519037,723.6995601579138,13.630374157139546,-35.02906134750632,6.96226753652671e-20
1786740363.0613458,resting,fast,1786740335.3081021,-469.85945225630167,-180.83506062310323,727.3276009968977,13.562629546732968,-35.23945891922276,7.052489164369381e-20
1786740363.0902603,resting,fast,1786740335.3081021,-471.1142523097683,-180.27713510132787,730.2444527755897,13.520785132599851,-35.333568923232804,7.050539249929415e-20
1786740363.1185286,resting,fast,1786740335.3081021,-468.6162867587004,-175.84212669345618,723.9169904351938,13.18815950200933,-35.14622150690262,7.027253470803437e-20
1786740363.1466255,resting,fast,1786740335.3081021,-468.02897918192275,-177.42400981911499,717.8726800827153,13.306800736433903,-35.102173438644535,7.031391852633374e-20
1786740363.1751013,resting,fast,1786740335.3081021,-465.40783817213287,-177.65046295241723,713.1581552585949,13.323784721431462,-34.90558786291004,6.981785857298531e-20
1786740363.2035263,resting,fast,1786740335.3081021,-467.1828243915811,-181.12649655176472,723.9069072957454,13.5844872413826,-35.03871182936877,7.068782171721569e-20
1786740363.2341065,resting,fast,1786740335.3081021,-467.00335008670436,-180.0493159356123,731.1233488398793,13.503698695170957,-35.025251256502884,7.046427552540656e-20
1786740363.260353,resting,fast,1786740335.3081021,-466.89237703211984,-179.24888299947588,733.4478768816125,13.443666224960896,-35.01692827740905,7.095070492835333e-20
1786740363.2883997,resting,fast,1786740335.3081021,-466.8562597222058,-178.13351158123498,727.7072983911767,13.360013368592906,-35.01421947916548,7.017757645845518e-20
1786740363.3171396,resting,fast,1786740335.3081021,-469.75260330816263,-180.00845878183588,727.3450766617007,13.500634408637968,-35.23144524811238,7.0134110537601e-20
1786740363.3454812,resting,fast,1786740335.3081021,-471.3373793195201,-179.47779761655738,719.8550604640423,13.460834821241992,-35.35030344896419,6.955010529856105e-20
1786740363.3737853,resting,fast,1786740335.3081021,-470.6343158023351,-180.7975778313945,718.8411616636467,13.55981833735476,-35.29757368517537,6.984517216134725e-20
1786740363.4025326,resting,fast,1786740335.3081021,-467.26287584640113,-179.32977127168203,719.0984613488181,13.449732845376449,-35.04471568848029,6.940743822408738e-20
1786740363.43369,resting,fast,1786740335.3081021,-465.5270121437138,-183.84793644971023,720.2201781437661,13.78859523372849,-34.914525910778806,6.975456984412713e-20
1786740363.4589965,resting,fast,1786740335.3081021,-466.8211991918879,-183.81519251127202,731.916020877351,13.786139438345675,-35.01158993939177,7.020122840883243e-20
1786740363.4874623,resting,fast,1786740335.3081021,-466.8703148653917,-181.62789811394634,725.8251830509835,13.622092358546329,-35.01527361490466,7.030056995493367e-20
1786740363.5160098,resting,fast,1786740335.3081021,-466.7702198116622,-176.7829013565795,734.6585102965491,13.258717601743687,-35.007766485874804,7.037193653631064e-20
1786740363.5442011,resting,fast,1786740335.3081021,-465.2036923766623,-175.92362686308968,722.2114098190787,13.194272014731954,-34.89027692824987,6.995465406727383e-20
1786740363.5724773,resting,fast,1786740335.3081021,-463.47974697520567,-177.25231158537565,721.1148578272187,13.293923368903467,-34.76098102314068,6.946103268540637e-20
1786740363.600957,resting,fast,1786740335.3081021,-463.2731688534309,-177.28699687151732,716.8568283011837,13.296524765363916,-34.74548766400771,6.908104969122637e-20
1786740363.6308477,resting,fast,1786740335.3081021,-465.6503640524461,-176.73107311784747,722.9952716555044,13.25483048383882,-34.92377730393368,6.951921259267688e-20
1786740363.657769,resting,fast,1786740335.3081021,-467.0850469210545,-181.2127464668638,730.7642276195829,13.590955985015004,-35.03137851907942,6.98615899974123e-20
1786740363.6863496,resting,fast,1786740335.3081021,-467.18937168310777,-182.73114630697307,721.1662191421465,13.704835973023176,-35.03920287623319,6.950051110427144e-20
1786740363.7148266,resting,fast,1786740335.3081021,-462.30171254541256,-181.51641167178093,715.0281915243067,13.613730875383727,-34.672628440906315,6.844148654173994e-20
1786740363.7429445,resting,fast,1786740335.3081021,-463.0111176974897,-179.54126470565518,710.3418799699039,13.465594852924394,-34.725833827312,6.865311294475257e-20
1786740363.7712438,resting,fast,1786740335.3081021,-462.0438014173001,-177.82571806151248,714.4449665397469,13.33692885461367,-34.65328510629773,6.896588818578719e-20
1786740363.7997465,resting,fast,1786740335.3081021,-464.78845104274933,-178.2236621157425,715.0475000047545,13.366774658680928,-34.85913382820627,6.911381945875137e-20
1786740363.8297179,resting,fast,1786740335.3081021,-466.4782469968304,-177.1571339424678,727.8885167058697,13.28678504568531,-34.98586852476248,6.992324572686482e-20
1786740363.8568292,resting,fast,1786740335.3081021,-467.61972531752144,-179.07820010416958,730.7739019564706,13.430865007812987,-35.07147939881422,7.024128559436037e-20
1786740363.8849132,resting,fast,1786740335.3081021,-466.565208147314,-177.9052495957162,729.4304341295183,13.342893719678923,-34.99239061104871,7.043520632260454e-20
1786740363.913579,resting,fast,1786740335.3081021,-466.4356375170519,-176.3859956475535,722.579861160656,13.228949673566643,-34.982672813779125,7.010040892752407e-20
1786740363.9415693,resting,fast,1786740335.3081021,-467.8640355240291,-174.138475762849,725.7972214833326,13.060385682214008,-35.089802664302496,7.03949324993332e-20
1786740363.9702537,resting,fast,1786740335.3081021,-468.5542822906268,-175.12100666274046,724.7760134118935,13.134075499705734,-35.14157117179714,7.01074100346643e-20
1786740363.9986267,resting,fast,1786740335.3081021,-468.6401957411831,-176.33275556905937,726.8028150345845,13.224956667679788,-35.14801468058899,7.079001879624927e-20
1786740364.0285084,resting,fast,1786740335.3081021,-467.6379714291302,-177.98007041975063,727.0752748215764,13.348505281481497,-35.07284785718502,7.042131374813975e-20
1786740364.0555012,resting,fast,1786740335.3081021,-471.4057527288778,-179.62328913370118,743.7920114121807,13.471746685027934,-35.35543145466607,7.121646323357933e-20
1786740364.0836258,resting,fast,1786740335.3081021,-470.6517660323325,-182.45535818919802,737.1034485246591,13.684151864189989,-35.298882452425104,7.040467400404442e-20
1786740364.1120589,resting,fast,1786740335.3081021,-470.83859834549685,-182.70047562152683,727.7196098424101,13.702535671614758,-35.31289487591234,6.993358017119937e-20
1786740364.1403775,resting,fast,1786740335.3081021,-468.308584945099,-183.05226522675093,720.9429838703791,13.728919892006605,-35.12314387088267,7.038731651583998e-20
1786740364.1687431,resting,fast,1786740335.3081021,-466.60634583893534,-178.04471818771606,716.1313792323135,13.353353864079,-34.99547593792027,7.025884152421599e-20
1786740364.1976967,resting,fast,1786740335.3081021,-465.1940100013562,-179.06628544190005,718.9276924485503,13.42997140814288,-34.88955075010198,7.110165237336924e-20
1786740364.2259326,resting,fast,1786740335.3081021,-465.2893123536619,-179.88737893395933,710.1267376368469,13.491553420047108,-34.89669842652488,7.090710617758383e-20
1786740364.2539496,resting,fast,1786740335.3081021,-468.07078633123,-181.65912014938272,717.152931950327,13.624434011203835,-35.10530897484244,7.08207407382424e-20
1786740364.2823055,resting,fast,1786740335.3081021,-469.50658895467313,-179.76588563155804,718.0300594131559,13.482441422367078,-35.21299417160084,6.996773220489454e-20
1786740364.3107579,resting,fast,1786740335.3081021,-468.882501255825,-176.724774527342,719.532285148719,13.254358089550696,-35.16618759418711,6.879649505543222e-20
1786740364.3391788,resting,fast,1786740335.3081021,-465.53244489081317,-175.9063441584766,717.1074837394208,13.192975811885876,-34.914933366811105,6.851236528460671e-20
1786740364.3676653,resting,fast,1786740335.3081021,-466.1493648515775,-177.5155208744419,723.3346631033219,13.3136640655834,-34.96120236386854,6.925766611119697e-20
1786740364.3960674,resting,fast,1786740335.3081021,-466.0982092354334,-179.74749829385098,721.9986581718722,13.481062372038895,-34.9573656926576,6.998353775453893e-20
1786740364.4242852,resting,fast,1786740335.3081021,-467.742236330218,-181.9068327242942,719.0441569689665,13.643012454322264,-35.0806677247664,7.042592630471414e-20
1786740364.452819,resting,fast,1786740335.3081021,-469.8688871822046,-184.86536046005494,721.6584283538214,13.864902034504322,-35.240166538665484,7.089356882347696e-20
1786740364.4813693,resting,fast,1786740335.3081021,-468.8346516309434,-181.82728689305918,724.912629245674,13.637046516979606,-35.1625988723209,7.102537202515669e-20
1786740364.509896,resting,fast,1786740335.3081021,-468.77300143194725,-177.90364379625942,734.6269411163757,13.3427732847198,-35.15797510739634,7.026209076539464e-20
1786740364.5378788,resting,fast,1786740335.3081021,-466.5018766625981,-175.32105828068563,729.386348355627,13.149079371051624,-34.98764074969483,6.982020770445618e-20
1786740364.5664515,resting,fast,1786740335.3081021,-465.1165646566956,-174.70572434325504,721.052969861631,13.102929325744359,-34.88374234925242,6.932701719696975e-20
1786740364.594701,resting,fast,1786740335.3081021,-466.18416687741865,-179.39582339248886,716.5375552955766,13.454686754436768,-34.96381251580653,7.030323325984367e-20
1786740364.6232827,twist +Z,fast,1786740364.6194193,-465.0203711007416,-178.87609598461597,712.5451459969381,13.415707198846388,-34.8765278325559,6.943354445141357e-20
1786740364.651575,twist +Z,fast,1786740364.6194193,-467.5383171532394,-180.8761223350848,715.2485735274267,13.565709175131506,-35.06537378649322,6.898827843001868e-20
1786740364.6799233,twist +Z,fast,1786740364.6194193,-467.878341072837,-179.01248026799294,722.4766548715706,13.425936020099751,-35.09087558046295,6.933635651014187e-20
1786740364.7081754,twist +Z,fast,1786740364.6194193,-470.2295440978228,-177.4757178078031,728.8329311278585,13.31067883558551,-35.26721580733686,6.966953655038059e-20
1786740364.7365837,twist +Z,fast,1786740364.6194193,-473.7601099652534,-180.3615995213495,739.1658060422542,13.527119964101455,-35.5320082473942,7.083947565775593e-20
1786740364.7650888,twist +Z,fast,1786740364.6194193,-472.42057413343264,-179.21110678893513,731.7485411558264,13.440833009170337,-35.43154306000751,7.053034335353547e-20
1786740364.79343,twist +Z,fast,1786740364.6194193,-470.22345096076424,-181.2290269777028,729.9907939349223,13.592177023327832,-35.266758822057355,7.052747963066116e-20
1786740364.8219814,twist +Z,fast,1786740364.6194193,-466.476624183661,-180.589635578208,727.9695743507118,13.544222668365922,-34.985746813774796,7.043369793386977e-20
1786740364.8503494,twist +Z,fast,1786740364.6194193,-467.04519218589166,-181.11685972489192,727.7578760619508,13.583764479367009,-35.02838941394213,7.022101365083504e-20
1786740364.878669,twist +Z,fast,1786740364.6194193,-467.717741226219,-179.03763305946006,733.3834256889995,13.427822479459952,-35.07883059196671,7.09295444112115e-20
1786740364.9071577,twist +Z,fast,1786740364.6194193,-470.50512707329153,-176.47596415643739,732.0820362766935,13.235697311733059,-35.287884530497166,7.051323451764178e-20
1786740364.9356637,twist +Z,fast,1786740364.6194193,-470.646916221182,-178.1644550105683,734.0913621366035,13.362334125792838,-35.298518716588916,7.037630254161112e-20
1786740364.9641273,twist +Z,fast,1786740364.6194193,-469.46241600433405,-179.16603515691781,723.7408641725679,13.437452636769049,-35.20968120032527,6.923121988408241e-20
1786740364.9923325,twist +Z,fast,1786740364.6194193,-466.1405192456009,-180.94321273382104,720.9471595803107,13.570740955036744,-34.96053894342025,6.910134367226759e-20
1786740365.0210328,twist +Z,fast,1786740364.6194193,-466.2260767547218,-182.80594638329205,722.1267960240866,13.710445978746979,-34.96695575660434,6.939807820385922e-20
1786740365.0493028,twist +Z,fast,1786740364.6194193,-466.4220732847343,-183.27392593149705,720.348024483349,13.745544444862436,-34.98165549635528,7.013849004934494e-20
1786740365.0776532,twist +Z,fast,1786740364.6194193,-466.65895792127685,-180.13358724566308,722.8046848817012,13.510019043424972,-34.999421844095906,7.037294486519806e-20
1786740365.1060176,twist +Z,fast,1786740364.6194193,-464.72464623514634,-174.50667766567676,712.5743691018661,13.088000824926002,-34.85434846763626,6.990784224153654e-20
1786740365.1343052,twist +Z,fast,1786740364.6194193,-462.69598620699435,-173.24905244199465,716.3201733671158,12.993678933149855,-34.702198965524744,6.915799215983057e-20
1786740365.1625469,twist +Z,fast,1786740364.6194193,-459.841189997338,-173.00288642403336,702.0806935656019,12.975216481802764,-34.48808924980061,6.871499970205263e-20
1786740365.1910222,twist +Z,fast,1786740364.6194193,-459.7924241369624,-175.46383503182574,711.1762079067785,13.15978762738715,-34.484431810272284,6.906142692343979e-20
1786740365.2195356,twist +Z,fast,1786740364.6194193,-463.905442864203,-178.0635696774208,716.8775412895784,13.354767725806699,-34.792908214815405,7.036372278185804e-20
1786740365.2477498,twist +Z,fast,1786740364.6194193,-471.62553617428875,-180.29944689530976,737.6797680848458,13.522458517148596,-35.37191521307183,7.131270565025454e-20
1786740365.2762065,twist +Z,fast,1786740364.6194193,-473.1759337234321,-177.99674515019638,733.2722892688753,13.349755886264948,-35.48819502925751,7.10249762337946e-20
1786740365.3046288,twist +Z,fast,1786740364.6194193,-475.07311496357624,-177.3583479132352,732.8116933885294,13.301876093492847,-35.63048362226832,7.085737636099957e-20
1786740365.3329139,twist +Z,fast,1786740364.6194193,-469.40808049346197,-181.5492336960789,719.1829556442599,13.616192527206255,-35.205606037009964,6.97360547805297e-20
1786740365.3614032,twist +Z,fast,1786740364.6194193,-470.2740041291231,-186.40490756283202,724.0077390924935,13.980368067212634,-35.270550309684296,7.053586291162534e-20
1786740365.3900173,twist +Z,fast,1786740364.6194193,-465.00578600816425,-186.25454727262922,716.4561528285367,13.96909104544741,-34.875433950612454,7.014381381394558e-20
1786740365.4180636,twist +Z,fast,1786740364.6194193,-466.5510902471733,-181.86495830328806,725.6902774954351,13.639871872746799,-34.99133176853816,7.10441783316794e-20
1786740365.4468327,twist +Z,fast,1786740364.6194193,-466.17969713457705,-179.85117608157987,729.3736588049151,13.488838206118697,-34.963477285093425,7.050986919167534e-20
1786740365.4749596,twist +Z,fast,1786740364.6194193,-468.89882121060646,-179.726699553319,736.1954892043614,13.479502466499152,-35.16741159079562,7.055914092693909e-20
1786740365.5033755,twist +Z,fast,1786740364.6194193,-466.31706848689737,-178.41771521436817,725.3058302519767,13.381328641077761,-34.973780136517476,6.974467439985615e-20
1786740365.5317948,twist +Z,fast,1786740364.6194193,-463.90918489246496,-177.1467997169741,714.2302247826092,13.286009978773325,-34.79318886693496,6.906977412307154e-20
1786740365.5603948,twist +Z,fast,1786740364.6194193,-462.94853649139077,-179.19046309689247,703.2727783285509,13.439284732267115,-34.7211402368545,6.827713738601673e-20
1786740365.5885036,twist +Z,fast,1786740364.6194193,-463.99296610225565,-181.86188139781802,707.1013497109752,13.639641104836688,-34.79947245766909,6.84311559955032e-20
1786740365.6171606,twist +Z,fast,1786740364.6194193,-466.31286490886896,-187.7679220118432,711.7315498077323,14.08259415088855,-34.97346486816526,6.919814943123191e-20
1786740365.6452434,twist +Z,fast,1786740364.6194193,-466.9497777909387,-186.34251153477646,717.4106887985408,13.975688365108578,-35.02123333432052,6.968276087199264e-20
1786740365.6741197,twist +Z,fast,1786740364.6194193,-468.9451795490081,-184.63346727795317,723.3074339928135,13.847510045846693,-35.17088846617575,7.028293076436862e-20
1786740365.7022736,twist +Z,fast,1786740364.6194193,-467.5590868061536,-177.50213548842976,717.8802305747304,13.31266016163256,-35.06693151046184,6.97388777699464e-20
1786740365.7305214,twist +Z,fast,1786740364.6194193,-467.34982642565456,-178.78066373193246,716.5245800264593,13.40854977989527,-35.051236981924255,6.962756298755844e-20
1786740365.7590756,twist +Z,fast,1786740364.6194193,-464.49698495183384,-178.89428332222633,714.1618442180488,13.417071249167147,-34.837273871387694,6.997477559080551e-20
1786740365.787256,twist +Z,fast,1786740364.6194193,-465.1439197879049,-180.87586649723414,715.7571297850145,13.565689987292618,-34.885793984093155,6.972010669945882e-20
1786740365.8161566,twist +Z,fast,1786740364.6194193,-466.09148340705497,-179.6785077516629,716.2102958739897,13.47588808137493,-34.956861255529425,7.021157206737878e-20
1786740365.844252,twist +Z,fast,1786740364.6194193,-466.64194578283013,-180.9648345302163,710.1620360602874,13.57236258976636,-34.99814593371243,6.970010090735609e-20
1786740365.8727405,twist +Z,fast,1786740364.6194193,-467.54577706093414,-180.96751719508325,719.7846887529358,13.572563789631463,-35.065933279570295,7.011918827638578e-20
1786740365.9009511,twist +Z,fast,1786740364.6194193,-467.98731916505176,-179.65426249790664,727.8459999949218,13.474069687343071,-35.099048937379116,7.000038013587211e-20
1786740365.9291484,twist +Z,fast,1786740364.6194193,-469.15070894668725,-177.0427506733747,730.8129621971466,13.278206300503332,-35.18630317100172,6.978292935546833e-20
1786740365.957801,twist +Z,fast,1786740364.6194193,-470.1334081285104,-181.40088928339844,729.0483192856454,13.605066696255168,-35.26000560963855,7.056324209681191e-20
1786740365.9858556,twist +Z,fast,1786740364.6194193,-468.97959372722744,-180.80377177021217,725.9806953289881,13.560282882766106,-35.17346952954216,7.05762749417278e-20
1786740366.0144114,twist +Z,fast,1786740364.6194193,-470.1005694018136,-180.80432599228538,727.8686456441601,13.560324449421511,-35.25754270513615,7.07446329607779e-20
1786740366.042996,twist +Z,fast,1786740364.6194193,-471.3344390633465,-177.99295171954202,729.5268125999437,13.349471378965827,-35.35008292975122,7.048772816786754e-20
1786740366.071319,twist +Z,fast,1786740364.6194193,-474.2062189903281,-179.8881018788968,732.1767973301949,13.491607640917575,-35.565466424274895,7.050607857224838e-20
1786740366.099676,twist +Z,fast,1786740364.6194193,-474.8129689124926,-184.70681326847534,728.4147645395224,13.853010995135822,-35.6109726684372,7.049662868062752e-20
1786740366.1279192,twist +Z,fast,1786740364.6194193,-474.01019688502765,-183.5751230190407,723.1433655984556,13.768134226428256,-35.55076476637724,6.97642374571049e-20
1786740366.156474,twist +Z,fast,1786740364.6194193,-472.33225759818833,-182.88032708513447,715.0390674781775,13.716024531385326,-35.424919319864344,6.948828628834394e-20
1786740366.1851864,twist +Z,fast,1786740364.6194193,-472.1356282682941,-180.97603709537645,718.933808065457,13.573202782153334,-35.41017212012227,6.952847139999276e-20
1786740366.2134626,twist +Z,fast,1786740364.6194193,-472.3353091791382,-183.55429307559723,722.2166267449929,13.766571980669976,-35.425148188435564,7.014456153823211e-20
1786740366.2417357,twist +Z,fast,1786740364.6194193,-470.9090637449008,-182.63945842175656,723.6824592206312,13.69795938163205,-35.318179780867716,6.973578883980566e-20
1786740366.2701187,twist +Z,fast,1786740364.6194193,-473.20747194972273,-185.46520354774827,727.461636328524,13.909890266081423,-35.490560396229384,7.011924186885845e-20
1786740366.298478,twist +Z,fast,1786740364.6194193,-473.6896530814797,-184.79422405959542,728.690498734989,13.859566804469818,-35.52672398111117,7.012097882319816e-20
1786740366.326816,twist +Z,fast,1786740364.6194193,-474.33740440882184,-187.97808384170833,724.0350089871372,14.098356288128368,-35.57530533066186,7.041781827578041e-20
1786740366.3551464,twist +Z,fast,1786740364.6194193,-471.8011633490578,-185.90492189461258,715.1302359968513,13.942869142096104,-35.38508725117953,7.025307434711897e-20
1786740366.3837194,twist +Z,fast,1786740364.6194193,-471.8499147988132,-184.45484450208664,715.4952054606993,13.83411333765692,-35.38874360991129,7.046887722317182e-20
1786740366.412267,twist +Z,fast,1786740364.6194193,-473.64665885284694,-182.3287557943239,726.3517633755555,13.674656684574568,-35.52349941396372,7.111721518762912e-20
1786740366.4404783,twist +Z,fast,1786740364.6194193,-476.0442483443603,-183.56223822315587,735.3549439245398,13.767167866736866,-35.70331862582712,7.123140636804081e-20
1786740366.4688537,twist +Z,fast,1786740364.6194193,-475.18565820282174,-185.2370360834799,731.2973525433235,13.892777706261132,-35.63892436521181,7.112672567783998e-20
1786740366.4971683,twist +Z,fast,1786740364.6194193,-474.6447533133405,-185.82781050756523,733.4472378739092,13.937085788067616,-35.59835649850099,7.098408721591795e-20
1786740366.5257025,twist +Z,fast,1786740364.6194193,-472.608928406049,-182.74252578025926,728.3839778509318,13.70568943351969,-35.44566963045391,7.01312967263451e-20
1786740366.5541987,twist +Z,fast,1786740364.6194193,-472.9962742594812,-179.63379814280358,727.8503081894823,13.47253486071057,-35.47472056946129,6.97538067451249e-20
1786740366.5826194,twist +Z,fast,1786740364.6194193,-471.7590589391016,-179.18581854564275,719.6048006179135,13.438936390923491,-35.38192942043268,6.940620458028425e-20
1786740366.611963,twist +Z,fast,1786740364.6194193,-472.73272036861863,-180.82525754625237,725.8889904904108,13.561894315969223,-35.454954027646615,6.999362786194571e-20
1786740366.6394994,twist +Z,fast,1786740364.6194193,-472.22670868638806,-183.89418800008605,732.9529518467934,13.792064100006453,-35.417003151479335,7.006119963575604e-20
1786740366.667627,twist +Z,fast,1786740364.6194193,-472.30280546221775,-181.72788311584952,734.8239442567319,13.629591233688938,-35.42271040966648,7.011859016765315e-20
1786740366.6961553,twist +Z,fast,1786740364.6194193,-470.3309367552365,-181.89584785326622,728.9711852469673,13.642188588995158,-35.274820256642975,7.009990326186279e-20
1786740366.7244627,twist +Z,fast,1786740364.6194193,-471.0978766254234,-180.5879170972314,726.8095325401109,13.544093782292624,-35.33234074690695,7.064985166665793e-20
1786740366.7533934,twist +Z,fast,1786740364.6194193,-472.4900414080639,-182.12133523281852,730.9470465896848,13.659100142461572,-35.4367531056051,7.111809047710684e-20
1786740366.7815301,twist +Z,fast,1786740364.6194193,-473.38842193847586,-182.034992938384,732.2668887800619,13.652624470378957,-35.50413164538586,7.113220855836899e-20
1786740366.8099878,twist +Z,fast,1786740364.6194193,-474.59241248732815,-181.82143313712925,734.4658672465011,13.636607485284944,-35.59443093654973,7.113871592055717e-20
1786740366.8382187,twist +Z,fast,1786740364.6194193,-474.10842891607444,-183.56784739899535,734.0443618357303,13.767588554924831,-35.558132168705626,7.125418064845095e-20
1786740366.866532,twist +Z,fast,1786740364.6194193,-475.0376963737517,-186.2384086141817,732.8350461377604,13.967880646063993,-35.62782722803164,7.144505522660694e-20
1786740366.8950436,twist +Z,fast,1786740364.6194193,-473.88607087366836,-184.84424091750452,733.9699481442203,13.863318068812905,-35.54145531552526,7.140349232979486e-20
1786740366.923248,twist +Z,fast,1786740364.6194193,-473.6861555468008,-183.45176282721116,738.2336901515728,13.758882212040927,-35.52646166601046,7.119217045627488e-20
1786740366.9517424,twist +Z,fast,1786740364.6194193,-474.19418818487975,-183.5231631322381,740.6423204328676,13.764237234918046,-35.564564113866176,7.145594536647116e-20
1786740366.9800212,twist +Z,fast,1786740364.6194193,-473.5972381503634,-186.22198997402631,737.8566167454273,13.966649248052097,-35.51979286127724,7.168977850459313e-20
1786740367.0085335,twist +Z,fast,1786740364.6194193,-474.1420904011129,-184.7146708880997,733.4176882332113,13.853600316607658,-35.5606567800837,7.163774979456744e-20
1786740367.037027,twist +Z,fast,1786740364.6194193,-472.11149015913134,-183.9002216856876,731.4973383291281,13.792516626426906,-35.40836176193514,7.100121261999261e-20
1786740367.0652544,twist +Z,fast,1786740364.6194193,-470.39778326932355,-182.57925694782887,725.4279410646295,13.69344427108732,-35.27983374519933,7.021029772402645e-20
1786740367.093704,twist +Z,fast,1786740364.6194193,-470.0490652120757,-183.51183221937265,722.5639681544844,13.763387416453359,-35.253679890905836,6.994658825201557e-20
1786740367.1221461,twist +Z,fast,1786740364.6194193,-468.6571374411219,-179.67122836478063,724.2642922560144,13.475342127358697,-35.14928530808439,6.971724011153472e-20
1786740367.150742,twist +Z,fast,1786740364.6194193,-470.934366963922,-179.60329753207532,731.0446935244008,13.470247314906086,-35.32007752229441,7.045525884013132e-20
1786740367.1790633,twist +Z,fast,1786740364.6194193,-470.37849622571275,-181.48640805466584,734.6393117257712,13.611480604100176,-35.27838721692867,7.102420214494442e-20
1786740367.2089949,twist +Z,fast,1786740364.6194193,-472.47992204741195,-182.1169022262768,738.3490263843341,13.658767666970949,-35.43599415355621,7.15714853961242e-20
1786740367.2360017,twist +Z,fast,1786740364.6194193,-473.9238637094418,-183.40346228508952,744.96748297869,13.75525967138179,-35.54428977820833,7.168427043362469e-20
1786740367.264088,twist +Z,fast,1786740364.6194193,-473.7118492832715,-184.01084761708762,741.8657648673952,13.800813571281797,-35.52838869624549,7.154527632193292e-20
1786740367.292695,twist +Z,fast,1786740364.6194193,-471.9850352608296,-185.0375236823312,736.1062132216284,13.877814276175148,-35.39887764456225,7.1490049215667e-20
1786740367.3208358,twist +Z,fast,1786740364.6194193,-467.05994844140696,-184.39026657600766,720.1320076797538,13.829269993200864,-35.02949613310562,7.055170440978386e-20
1786740367.3498461,twist +Z,fast,1786740364.6194193,-466.55802744745324,-180.61916052936397,720.0455587562346,13.54643703970265,-34.99185205855915,7.040635384220201e-20
1786740367.3774517,twist +Z,fast,1786740364.6194193,-469.7146092007756,-179.94146317964066,728.5281222357544,13.495609738473323,-35.2285956900584,7.093576075741057e-20
1786740367.407063,twist +Z,fast,1786740364.6194193,-471.87247751477753,-179.9511917657344,738.2392320806111,13.496339382430303,-35.39043581360849,7.181982924038408e-20
1786740367.4346244,twist +Z,fast,1786740364.6194193,-472.6918061116776,-182.52627528015557,740.9264665980818,13.689470646011895,-35.45188545837602,7.204449544748595e-20
1786740367.4631755,twist +Z,fast,1786740364.6194193,-468.45054617284586,-183.4182124480982,733.0775642235594,13.75636593360758,-35.13379096296387,7.075399225597288e-20
1786740367.4916244,twist +Z,fast,1786740364.6194193,-469.3230364932292,-182.87736309211084,737.1591833085795,13.715802231908658,-35.19922773699238,7.066425428956816e-20
1786740367.5197983,twist +Z,fast,1786740364.6194193,-467.9479515609223,-182.6122591653774,732.3855527169435,13.695919437403472,-35.09609636706936,7.068333436455457e-20
1786740367.5480862,twist +Z,fast,1786740364.6194193,-468.73704954556615,-181.02726970508934,728.7691115286143,13.577045227882092,-35.15527871591774,7.127370879748578e-20
1786740367.5763881,twist +Z,fast,1786740364.6194193,-466.87961756077357,-181.22238655399735,719.7075440683047,13.591678991549959,-35.01597131705839,7.071770606322452e-20
1786740367.6049905,twist +Z,fast,1786740364.6194193,-467.1154671060417,-182.23914396567966,724.5685126476947,13.667935797426114,-35.033660032953364,7.041318349974629e-20
1786740367.6334574,twist +Z,fast,1786740364.6194193,-470.892741724444,-184.262993718742,733.6791154845241,13.819724528905997,-35.31695562933357,7.095401543379848e-20
1786740367.6616466,twist +Z,fast,1786740364.6194193,-470.48992683666165,-183.63680768366214,736.8746827887462,13.772760576274937,-35.286744512749905,7.114825547288815e-20
1786740367.6904886,twist +Z,fast,1786740364.6194193,-472.54788889903693,-181.48883020924166,742.5844499080576,13.611662265693337,-35.44109166742794,7.16816321543626e-20
1786740367.718376,twist +Z,fast,1786740364.6194193,-468.6711612380577,-179.1187923794979,731.9852548439321,13.433909428462645,-35.15033709285448,7.092021546999209e-20
1786740367.7467155,twist +Z,fast,1786740364.6194193,-468.2610011619995,-179.5340079105672,719.022995921453,13.465050593292876,-35.11957508715013,7.064316623272064e-20
1786740367.7750008,twist +Z,fast,1786740364.6194193,-465.7438305879987,-179.71082008720998,713.1864574804722,13.478311506541079,-34.93078729410007,6.984467097842167e-20
1786740367.8038323,twist +Z,fast,1786740364.6194193,-467.63237012609216,-180.2194793620364,726.7685030095154,13.516460952152993,-35.07242775945718,7.007382685239875e-20
1786740367.8322704,twist +Z,fast,1786740364.6194193,-468.92938339141756,-181.58321417781156,736.1541815720766,13.618741063336142,-35.16970375435647,7.031624353252828e-20
1786740367.8605685,twist +Z,fast,1786740364.6194193,-469.5762237111171,-184.05839170354147,733.4741297558294,13.804379377765873,-35.218216778334,7.056063360569382e-20
1786740367.8888314,twist +Z,fast,1786740364.6194193,-470.0376584696801,-184.7105611297244,725.8037516284094,13.853292084729436,-35.25282438522614,7.018860513024084e-20
1786740367.917064,twist +Z,fast,1786740364.6194193,-471.5752586763997,-184.88581825653546,725.2929544266362,13.866436369240464,-35.36814440073016,7.052081055952175e-20
1786740367.9455523,twist +Z,fast,1786740364.6194193,-471.32780058188473,-187.4759147149963,716.5076349465808,14.060693603624923,-35.34958504364165,6.979765335584599e-20
1786740367.9740155,twist +Z,fast,1786740364.6194193,-471.92950166060155,-187.20778639558853,726.761927144239,14.040583979669368,-35.394712624545306,7.113899842955626e-20
1786740368.002467,twist +Z,fast,1786740364.6194193,-470.85368949137865,-186.6244197868465,731.6673806066128,13.996831484013686,-35.314026711853565,7.149734100852564e-20
1786740368.030826,twist +Z,fast,1786740364.6194193,-472.98444715765663,-182.18921547975367,741.6472314864413,13.66419116098179,-35.473833536824365,7.285175147497997e-20
1786740368.059143,twist +Z,fast,1786740364.6194193,-473.28150112675894,-183.88001011346773,739.5235673902171,13.79100075851024,-35.49611258450705,7.243496486023821e-20
1786740368.0878766,twist +Z,fast,1786740364.6194193,-471.05207555989136,-182.22887903119397,732.3239259616921,13.667165927339685,-35.32890566699198,7.121280242151227e-20
1786740368.1161413,twist +Z,fast,1786740364.6194193,-469.64422353022337,-181.6971944453087,735.6230414913116,13.627289583398376,-35.22331676476692,7.051229174920657e-20
1786740368.1442971,twist +Z,fast,1786740364.6194193,-468.64866088160807,-179.4268175986566,729.9082200428829,13.457011319899554,-35.14864956612061,7.017468339971205e-20
1786740368.1728716,twist +Z,fast,1786740364.6194193,-473.81161015942143,-180.64071017231709,736.2586533611275,13.548053262924025,-35.5358707619568,7.052096066174794e-20
1786740368.201087,twist +Z,fast,1786740364.6194193,-472.11481752240707,-179.64995944873897,730.3022315533208,13.473746958655706,-35.40861131418083,7.018319499782809e-20
1786740368.2293048,twist +Z,fast,1786740364.6194193,-473.1252704244048,-179.49453756513242,736.163411636644,13.462090317385137,-35.484395281830714,7.092988155943813e-20
1786740368.2577147,twist +Z,fast,1786740364.6194193,-470.9482211959489,-179.82511876579247,739.3258151787877,13.486883907434734,-35.32111658969641,7.134726046937752e-20
1786740368.2862134,twist +Z,fast,1786740364.6194193,-472.54671196176287,-181.26688288874414,738.0760009229198,13.59501621665608,-35.441003397132505,7.173363914209504e-20
1786740368.3146677,twist +Z,fast,1786740364.6194193,-472.67031616488384,-183.86087833486738,732.4675952771249,13.789565875115347,-35.45027371236645,7.122548761976576e-20
1786740368.3432086,twist +Z,fast,1786740364.6194193,-472.64592215429275,-183.5621316059362,724.6835172673827,13.767159870445408,-35.44844416157223,7.079639292185644e-20
1786740368.371534,twist +Z,fast,1786740364.6194193,-475.0918211235685,-185.70275184701325,729.3046339507118,13.927706388526342,-35.63188658426792,7.101037922402841e-20
1786740368.400224,twist +Z,fast,1786740364.6194193,-474.1943987770278,-187.89512878174924,732.9342013378273,14.092134658631512,-35.5645799082774,7.135582416238891e-20
1786740368.4304092,twist +Z,fast,1786740364.6194193,-474.2039740009186,-187.61323997246143,738.8987309824779,14.07099299793487,-35.56529805006911,7.158336233099824e-20
1786740368.4567685,twist +Z,fast,1786740364.6194193,-470.1912957575573,-188.221646560179,740.2827048869249,14.116623492013577,-35.264347181817136,7.153658362167527e-20
1786740368.485161,twist +Z,fast,1786740364.6194193,-467.44464859151185,-184.44353240661974,729.3089536020652,13.833264930496728,-35.05834864436347,7.053927810078596e-20
1786740368.5138686,twist +Z,fast,1786740364.6194193,-466.8217276177793,-186.41377736064283,727.7191622125001,13.981033302048385,-35.011629571333614,7.09266120718312e-20
1786740368.5423648,twist +Z,fast,1786740364.6194193,-467.411987428221,-184.35298308449592,717.703810650215,13.826473731337313,-35.05589905711681,7.096449542039392e-20
1786740368.5704734,twist +Z,fast,1786740364.6194193,-469.5367868025569,-182.98392361438403,721.3603389263435,13.72379427107916,-35.21525901019184,7.105987990784506e-20
1786740368.5987697,twist +Z,fast,1786740364.6194193,-470.1742362850441,-180.79151535431208,725.1517955163936,13.559363651573573,-35.2630677213784,7.063593855584797e-20
1786740368.6287956,twist +Z,fast,1786740364.6194193,-471.5619462851446,-181.13010064257605,733.2683958816078,13.584757548193412,-35.3671459713861,7.046854304765407e-20
1786740368.655423,twist +Z,fast,1786740364.6194193,-470.32572007954514,-182.67022219480634,738.9364933021689,13.700266664610599,-35.27442900596592,7.057230866725571e-20
1786740368.6840549,twist +Z,fast,1786740364.6194193,-472.90843589328097,-182.3911394285475,733.6725556720039,13.679335457141239,-35.46813269199614,7.046173343077799e-20
1786740368.7124631,twist +Z,fast,1786740364.6194193,-472.2405718544983,-177.5408680251428,735.7149674973089,13.315565101885912,-35.418042889087594,6.986115075346494e-20
1786740368.7407084,twist +Z,fast,1786740364.6194193,-472.8605744765591,-177.56685426752836,729.0474461701197,13.317514070064963,-35.464543085742044,6.972482947026124e-20
1786740368.7691617,twist +Z,fast,1786740364.6194193,-467.94601645448074,-179.13687164656324,720.5506668413464,13.435265373492602,-35.095951234086215,6.930370289849334e-20
1786740368.7974966,twist +Z,fast,1786740364.6194193,-470.33706908306294,-184.29104725338846,723.1289377373159,13.8218285440045,-35.27528018122987,7.010690426622645e-20
1786740368.8257306,twist +Z,fast,1786740364.6194193,-470.5514208598029,-182.0655455401935,730.542668241399,13.65491591551481,-35.29135656448533,7.032956414813924e-20
1786740368.8541255,twist +Z,fast,1786740364.6194193,-475.79762239595084,-185.50193289344747,747.7924755808817,13.912644967008784,-35.684821679696704,7.137073430732568e-20
1786740368.8825037,twist +Z,fast,1786740364.6194193,-474.54730944919265,-185.2107772181596,745.915038184613,13.890808291362173,-35.59104820868959,7.139920329490312e-20
1786740368.9109983,twist +Z,fast,1786740364.6194193,-474.1598840434481,-187.2742851735378,737.8576694821686,14.045571388015478,-35.56199130325869,7.07601251808911e-20
1786740368.939321,twist +Z,fast,1786740364.6194193,-470.10024287968963,-184.20036994121733,724.6781600612112,13.815027745591667,-35.25751821597697,7.07059478545926e-20
1786740368.96768,twist +Z,fast,1786740364.6194193,-469.71806249865494,-182.88569237028923,720.1502702990911,13.716426927771924,-35.22885468739925,7.003473974995585e-20
1786740368.9962244,twist +Z,fast,1786740364.6194193,-469.2118042099214,-183.71017330752454,722.1864728005403,13.778262998064509,-35.19088531574439,7.021944609081531e-20
1786740369.0244396,twist +Z,fast,1786740364.6194193,-468.144622376456,-182.23647526842115,722.2284473066984,13.667735645131938,-35.110846678234516,6.889877840077312e-20
1786740369.0529125,twist +Z,fast,1786740364.6194193,-470.6567432273414,-184.34803482906648,729.9171420732791,13.826102612180083,-35.29925574205084,6.953689240225616e-20
1786740369.0812564,twist +Z,fast,1786740364.6194193,-473.5050959078335,-183.64979111330035,738.2244228459858,13.773734333497767,-35.512882193087925,7.022960075323794e-20
1786740369.109816,twist +Z,fast,1786740364.6194193,-475.1867854507336,-185.06157441831635,744.1863040173312,13.879618081374094,-35.63900890880517,7.128315530262008e-20
1786740369.1381335,twist +Z,fast,1786740364.6194193,-472.2559028398605,-183.68717476904703,734.8149456132069,13.776538107678807,-35.41919271298965,7.115952630759934e-20
1786740369.1667578,twist +Z,fast,1786740364.6194193,-468.6095972631483,-183.80101887531612,725.4526490947183,13.78507641564892,-35.14571979473639,7.087749571629727e-20
1786740369.1952882,twist +Z,fast,1786740364.6194193,-468.5924134228285,-181.54498639501924,725.0360073491202,13.615873979626688,-35.14443100671223,7.025725278989518e-20
1786740369.2234092,twist +Z,fast,1786740364.6194193,-468.3703501518098,-182.7966332558509,727.3147787643329,13.709747494189006,-35.127776261385904,7.010898515908367e-20
1786740369.2516086,twist +Z,fast,1786740364.6194193,-473.21389001317857,-182.2409144823365,736.4977720372426,13.668068586175327,-35.4910417509886,7.067087597017335e-20
1786740369.2801187,twist +Z,fast,1786740364.6194193,-472.3407244445066,-183.23891391084226,730.9265726626936,13.742918543313404,-35.425554333338034,7.094866585320673e-20
1786740369.3086221,twist +Z,fast,1786740364.6194193,-473.44700901891065,-179.4387711172866,732.7325941822346,13.457907833796707,-35.50852567641851,7.067590208019036e-20
1786740369.3369424,twist +Z,fast,1786740364.6194193,-468.93092678199264,-177.56611205251806,723.510884154467,13.317458403939167,-35.169819508649766,6.978813950946945e-20
1786740369.3653052,twist +Z,fast,1786740364.6194193,-471.7313246352587,-178.0029404151494,729.0657583414122,13.350220531136411,-35.37984934764448,6.972687022625771e-20
1786740369.3936527,twist +Z,fast,1786740364.6194193,-471.9281586266484,-181.70802715993966,733.4378015063094,13.628102036995596,-35.39461189699894,7.020631337659002e-20
1786740369.422034,twist +Z,fast,1786740364.6194193,-473.4271022094813,-182.15009403551232,739.5135259490644,13.661257052663732,-35.50703266571139,7.064819729336138e-20
1786740369.4503987,twist +Z,fast,1786740364.6194193,-471.23292756370347,-181.20224246094665,739.0869784701881,13.590168184571223,-35.34246956727802,7.054422167900969e-20
1786740369.4788885,twist +Z,fast,1786740364.6194193,-471.74959901785724,-181.68179932400346,736.188264606415,13.626134949300397,-35.38121992633945,7.099020450437735e-20
1786740369.507235,twist +Z,fast,1786740364.6194193,-472.07555750040274,-184.6181540562336,731.3215859483198,13.846361554217747,-35.40566681253035,7.087449947679125e-20
1786740369.5358448,twist +Z,fast,1786740364.6194193,-470.7755291009594,-186.4915177632588,724.8569195281098,13.986863832244776,-35.30816468257215,7.072253111163837e-20
1786740369.5640895,twist +Z,fast,1786740364.6194193,-468.80018925318745,-183.47336026041114,719.048160257983,13.760502019531106,-35.160014193989426,6.989537179411209e-20
1786740369.593661,twist +Z,fast,1786740364.6194193,-469.36624639757474,-181.67758070011917,722.5020150846822,13.625818552509305,-35.20246847981821,6.990824372910414e-20
1786740369.6207411,twist +Z,fast,1786740364.6194193,-471.35240768724225,-181.19725193383,724.7798132671551,13.589793895037456,-35.35143057654338,7.006587723588961e-20
1786740369.6490872,twist +Z,fast,1786740364.6194193,-470.8475903243193,-182.2314740430313,726.6248325189381,13.66736055322755,-35.3135692743241,7.013913271307448e-20
1786740369.677691,twist +Z,fast,1786740364.6194193,-469.6237934115693,-184.01814407372683,724.3189884022204,13.801360805529821,-35.221784505868,7.015859127957014e-20
1786740369.7060122,twist +Z,fast,1786740364.6194193,-469.7352763577019,-183.16878272303154,730.2632340908394,13.737658704227602,-35.230145726827715,7.081239921816554e-20
1786740369.7345586,twist +Z,fast,1786740364.6194193,-470.41103341213784,-183.09585097310503,731.5993350692943,13.732188822983087,-35.28082750591046,7.116595925597133e-20
1786740369.7629864,twist +Z,fast,1786740364.6194193,-472.253157841566,-181.89263281663193,733.963033327108,13.641947461247636,-35.41898683811752,7.140358664584002e-20
1786740369.7954903,twist +Z,fast,1786740364.6194193,-469.354650363739,-179.7820929687498,725.1709057951493,13.483656972656451,-35.20159877728052,7.000609204431996e-20
1786740369.8198082,twist +Z,fast,1786740364.6194193,-469.6504061853311,-179.69860096049194,729.6579054030972,13.477395072037229,-35.22378046390005,7.0063152431829e-20
1786740369.848076,twist +Z,fast,1786740364.6194193,-467.8237675646001,-180.24453714299455,724.9468602086527,13.518340285724978,-35.086782567345274,6.972423257130603e-20
1786740369.8768644,twist +Z,fast,1786740364.6194193,-468.6371925976391,-184.17029312494287,725.4437617287485,13.81277198437095,-35.147789444823104,7.052009094426134e-20
1786740369.9053621,twist +Z,fast,1786740364.6194193,-468.7846218940799,-183.60840091415412,720.0278369802209,13.770630068561804,-35.158846642056126,6.982192927969842e-20
1786740369.933237,twist +Z,fast,1786740364.6194193,-470.03302023288234,-182.4640217080737,721.4385930925937,13.684801628105678,-35.25247651746648,6.966509366345174e-20
1786740369.9617357,twist +Z,fast,1786740364.6194193,-472.43757510130536,-182.56856361137443,727.1513853904853,13.69264227085333,-35.43281813259816,7.014155417737758e-20
1786740369.9939897,twist +Z,fast,1786740364.6194193,-474.90161269727287,-182.41086060792884,733.3277979797904,13.680814545594846,-35.61762095229565,7.06665669468482e-20
1786740370.0187263,twist +Z,fast,1786740364.6194193,-473.86335388352063,-183.69545326260766,738.9251424636614,13.777158994695728,-35.539751541264316,7.046219984396554e-20
1786740370.0472677,twist +Z,fast,1786740364.6194193,-474.14851559347744,-181.01281938198133,738.3066859867286,13.575961453648755,-35.56113866951098,7.016155457855289e-20
1786740370.0754128,twist +Z,fast,1786740364.6194193,-472.4457701309234,-179.9377626035705,734.7317132227299,13.495332195267839,-35.433432759819425,6.99216273497978e-20
1786740370.1037986,twist +Z,fast,1786740364.6194193,-473.12884926848346,-177.35762766987898,729.1916398007097,13.301822075241287,-35.48466369513647,7.00955884723345e-20
1786740370.1323948,twist +Z,fast,1786740364.6194193,-473.71163296387203,-178.83702297669834,729.9721177643632,13.412776723252609,-35.528372472290606,7.012983764519134e-20
1786740370.160613,twist +Z,fast,1786740364.6194193,-472.4496838649611,-179.6521778347984,730.4287154158756,13.47391333760999,-35.433726289872254,7.056126086769371e-20
1786740370.1890051,twist +Z,fast,1786740364.6194193,-475.28696406628296,-182.00045513619955,737.1467963864079,13.65003413521531,-35.64652230497146,7.111176676436803e-20
1786740370.217175,twist +Z,fast,1786740364.6194193,-474.6482294858938,-185.57843819917377,740.9056574210863,13.918382864938398,-35.5986172114421,7.172434667641962e-20
1786740370.2458656,twist +Z,fast,1786740364.6194193,-477.5186452241519,-185.6114151050907,738.735998360843,13.92085613288214,-35.81389839181149,7.118490662455655e-20
1786740370.2739446,twist +Z,fast,1786740364.6194193,-474.8244132402865,-184.39160067786418,737.866182332139,13.829370050840073,-35.61183099302166,7.089193575658796e-20
1786740370.3023329,twist +Z,fast,1786740364.6194193,-473.8234709413746,-179.28399306762833,729.1403570807288,13.446299480072216,-35.536760320603285,6.999232994975269e-20
1786740370.3311903,twist +Z,fast,1786740364.6194193,-470.78199361462794,-180.36776832788792,730.3110165223816,13.52758262459184,-35.30864952109736,7.001859007198152e-20
1786740370.3596714,twist +Z,fast,1786740364.6194193,-471.3200589118096,-182.68408850039657,728.3490739308982,13.701306637529871,-35.34900441838597,7.020631953094499e-20
1786740370.3877506,twist +Z,fast,1786740364.6194193,-473.31144020469173,-183.40043098906824,732.9908159903143,13.755032324180231,-35.498358015351926,7.074867436310537e-20
1786740370.4162824,twist +Z,fast,1786740364.6194193,-475.55436048848196,-182.36893512994266,738.7214084432035,13.677670134745977,-35.66657703663624,7.140108898791139e-20
1786740370.4445455,twist +Z,fast,1786740364.6194193,-473.41790752525867,-179.53689994153,732.968990909786,13.465267495615084,-35.506343064394606,7.127409132909223e-20
1786740370.4730303,twist +Z,fast,1786740364.6194193,-471.71618534807476,-179.7086500569594,739.2009901801466,13.47814875427218,-35.37871390110577,7.14054376087304e-20
1786740370.501414,twist +Z,fast,1786740364.6194193,-470.25396100869284,-180.0629190496188,733.2554372711757,13.504718928721562,-35.26904707565213,7.091403968868197e-20
1786740370.52988,twist +Z,fast,1786740364.6194193,-472.2695502527199,-182.15496807234103,743.5361804548493,13.661622605425922,-35.42021626895406,7.155174564839194e-20
1786740370.5582912,twist +Z,fast,1786740364.6194193,-472.2763427188552,-181.65321484159062,745.5118320751753,13.62399111311949,-35.42072570391436,7.239153173503519e-20
1786740370.5863967,twist +Z,fast,1786740364.6194193,-472.4759237798098,-181.23966400509642,746.0435207745713,13.592974800382326,-35.43569428348596,7.221146685155917e-20
1786740370.6148694,twist +Z,fast,1786740364.6194193,-472.08821792770595,-182.3487242320781,742.3613361127154,13.676154317406262,-35.40661634457821,7.159855014406894e-20
1786740370.6434104,twist +Z,fast,1786740364.6194193,-470.9929142110009,-183.83270710984823,735.2705855490831,13.787453033238823,-35.32446856582523,7.066285559564429e-20
1786740370.671947,twist +Z,fast,1786740364.6194193,-471.2223053224152,-185.97346881433748,731.866993820413,13.948010161075704,-35.34167289918141,7.109395874849428e-20
1786740370.7000756,twist +Z,fast,1786740364.6194193,-472.9718377442964,-184.06880073315745,739.8811871139033,13.80516005498696,-35.47288783082246,7.19891549237699e-20
1786740370.728204,twist +Z,fast,1786740364.6194193,-472.4320231188435,-182.5978218859782,740.1517974504668,13.694836641448493,-35.43240173391344,7.187125302601203e-20
1786740370.7573645,twist +Z,fast,1786740364.6194193,-473.3797178235186,-181.5756367711224,751.8609768066071,13.618172757834419,-35.5034788367642,7.205308153082655e-20
1786740370.7850883,twist +Z,fast,1786740364.6194193,-471.9682808010284,-184.48333481873556,741.9811279458509,13.836250111405416,-35.397621060077356,7.111370926450868e-20
1786740370.8135736,twist +Z,fast,1786740364.6194193,-472.9388690480082,-183.30512620429272,739.0721768323183,13.747884465322183,-35.47041517860072,7.079178375268506e-20
1786740370.8420181,twist +Z,fast,1786740364.6194193,-469.92287690102603,-182.2702046033752,728.6516445119314,13.670265345253302,-35.24421576757696,6.985596182617485e-20
1786740370.870364,twist +Z,fast,1786740364.6194193,-470.7255995099281,-179.90905171511793,736.6095259950698,13.49317887863403,-35.304419963244776,7.106722921362796e-20
1786740370.8988788,twist +Z,fast,1786740364.6194193,-472.83607003375755,-183.5147928492663,743.1343001877913,13.763609463695222,-35.46270525253215,7.21103749554783e-20
1786740370.9270785,twist +Z,fast,1786740364.6194193,-474.70012590962597,-184.14665148262372,743.5645983602262,13.810998861196982,-35.6025094432222,7.25558976516589e-20
1786740370.9553463,twist +Z,fast,1786740364.6194193,-473.66398149665565,-184.73989190518193,739.6765911584453,13.855491892888939,-35.52479861224936,7.169826902379765e-20
1786740370.9840584,twist +Z,fast,1786740364.6194193,-473.8886871024306,-181.11807786058887,743.241273168811,13.583855839544452,-35.54165153268236,7.094096982435838e-20
1786740371.0124316,twist +Z,fast,1786740364.6194193,-474.18339482385954,-180.43435925039864,742.1018431067632,13.532576943780239,-35.56375461178965,7.071122163044981e-20
1786740371.0408792,twist +Z,fast,1786740364.6194193,-473.0568304702506,-177.90589372099475,734.6465037199359,13.342942029074958,-35.47926228526912,7.020806247542796e-20
1786740371.0691037,twist +Z,fast,1786740364.6194193,-467.86024636650745,-178.08104904099264,717.5180672647302,13.356078678074756,-35.089518477488234,6.942313113035035e-20
1786740371.097423,twist +Z,fast,1786740364.6194193,-467.2961186020525,-178.938070256179,722.7921416204817,13.420355269213776,-35.04720889515399,7.016355809919894e-20
1786740371.125917,twist +Z,fast,1786740364.6194193,-467.2788936137108,-181.86573025776352,722.8529518581208,13.639929769332529,-35.04591702102846,7.085205485359777e-20
1786740371.1545644,twist +Z,fast,1786740364.6194193,-471.70763835028174,-184.19954170541519,733.9540951094341,13.8149656279063,-35.37807287627141,7.209179857443367e-20
1786740371.1828084,twist +Z,fast,1786740364.6194193,-471.45689331988797,-185.8825677896465,728.4051679380464,13.94119258422366,-35.35926699899183,7.152083069286005e-20
1786740371.2113159,twist +Z,fast,1786740364.6194193,-472.13577283599216,-183.34581870935608,729.1567804512915,13.750936403202065,-35.41018296269949,7.04914940468408e-20
1786740371.2392998,twist +Z,fast,1786740364.6194193,-470.63387346137097,-182.5010603854057,722.4836134395546,13.687579528905534,-35.29754050960296,7.000579180978638e-20
1786740371.2679255,twist +Z,fast,1786740364.6194193,-470.0561277978054,-181.4697993673177,719.1728869760309,13.610234952549131,-35.25420958483553,7.010178133375124e-20
1786740371.2964084,twist +Z,fast,1786740364.6194193,-467.54833701257667,-182.97527979280574,718.8897582308791,13.72314598446069,-35.06612527594353,7.012032564882979e-20
1786740371.3247828,twist +Z,fast,1786740364.6194193,-466.07546930221906,-182.82176545080108,722.0097345965942,13.711632408810313,-34.95566019766675,6.959651166016553e-20
1786740371.3530977,twist +Z,fast,1786740364.6194193,-468.2168258093334,-183.69290190489812,731.3923747026938,13.776967642867692,-35.11626193570019,6.982338503322271e-20
1786740371.3813832,twist +Z,fast,1786740364.6194193,-470.74197892524353,-184.9864588362609,741.0101417540563,13.873984412719825,-35.30564841939355,7.092053091296253e-20
1786740371.409803,twist +Z,fast,1786740364.6194193,-472.96267316833473,-185.47206132847725,741.9321784880694,13.910404599636,-35.47220048762534,7.149923360739359e-20
1786740371.4381833,twist +Z,fast,1786740364.6194193,-471.0194179728637,-186.11900461264702,735.8393965495834,13.958925345948725,-35.326456347964964,7.101705253313564e-20
1786740371.4668548,twist +Z,fast,1786740364.6194193,-473.8762383451908,-185.61933128639396,730.8318847679975,13.921449846479756,-35.54071787588956,7.072189500000868e-20
1786740371.4950893,twist +Z,fast,1786740364.6194193,-473.65709583464286,-186.62689540585575,732.5734083772522,13.997017155439398,-35.524282187598395,7.061101897449866e-20
1786740371.5235343,twist +Z,fast,1786740364.6194193,-475.01072768581344,-187.87370194482344,728.5136678975668,14.090527645862192,-35.625804576436266,7.10308423349031e-20
1786740371.551955,twist +Z,fast,1786740364.6194193,-472.6516058662942,-188.04367404639913,726.4242420446826,14.10327555348012,-35.44887043997223,7.073596874840201e-20
1786740371.5802336,twist +Z,fast,1786740364.6194193,-473.21595784953524,-188.34394637336322,726.461549431152,14.125795978002433,-35.491196838715304,7.086297943509647e-20
1786740371.6084325,twist +Z,fast,1786740364.6194193,-472.12738217452716,-185.77173564702446,737.1652987645475,13.932880173526964,-35.409553663089866,7.0841160367525e-20
1786740371.6369631,twist +Z,fast,1786740364.6194193,-471.55823113470296,-184.96245788935005,738.154143214254,13.872184341701416,-35.36686733510284,7.085152575633179e-20
1786740371.6654584,twist +Z,fast,1786740364.6194193,-470.2973814972238,-184.46362715932594,737.2928141258908,13.83477203694967,-35.27230361229192,7.054506217084084e-20
1786740371.6940777,twist +Z,fast,1786740364.6194193,-473.8584964778688,-185.8293834652767,738.5079959459208,13.937203759896082,-35.539387235840294,7.125840695491327e-20
1786740371.7236228,twist +Z,fast,1786740364.6194193,-475.7568478310468,-186.87450127983573,737.6782319414151,14.015587595987942,-35.68176358732867,7.191647116359378e-20
1786740371.7506304,twist +Z,fast,1786740364.6194193,-480.5727913485407,-188.17719408230357,746.59347671454,14.113289556172912,-36.04295935114084,7.250000539186361e-20
1786740371.7787979,twist +Z,fast,1786740364.6194193,-477.9234188680621,-187.35351921016547,738.2881439783641,14.051513940762657,-35.84425641510492,7.139798372067393e-20
1786740371.8072577,twist +Z,fast,1786740364.6194193,-476.4820983442346,-185.56189723953844,736.2024635432444,13.917142292965668,-35.73615737581777,7.068708790843563e-20
1786740371.8360531,twist +Z,fast,1786740364.6194193,-473.2431887982152,-185.53224723664584,723.0630725805886,13.914918542748705,-35.49323915986635,7.037602956455797e-20
1786740371.8639264,twist +Z,fast,1786740364.6194193,-474.5138622300756,-185.6532741084901,730.6425559601876,13.92399555813697,-35.58853966725586,7.083273010503374e-20
1786740371.8925521,twist +Z,fast,1786740364.6194193,-476.888718156727,-188.18228570048655,738.3996531610674,14.113671427536747,-35.76665386175479,7.163496307574411e-20
1786740371.923119,twist +Z,fast,1786740364.6194193,-476.56407819353626,-186.22831784672428,743.1571587537419,13.967123838504481,-35.74230586451561,7.179884189112295e-20
1786740371.9493186,twist +Z,fast,1786740364.6194193,-479.5283268047392,-186.47419519231073,747.6081307285494,13.985564639423561,-35.96462451035566,7.266404838432376e-20
1786740371.9780235,twist +Z,fast,1786740364.6194193,-477.5075002964809,-183.5716400239645,744.0982012009708,13.7678730017975,-35.8130625222363,7.200932010445173e-20
1786740372.0063913,twist +Z,fast,1786740364.6194193,-475.77855943006944,-180.51365163761864,739.5940055686888,13.538523872821568,-35.6833919572554,7.1386626189303e-20
1786740372.0343297,twist +Z,fast,1786740364.6194193,-472.64589622429503,-180.66694126744926,733.7185221657992,13.550020595058921,-35.44844221682237,7.105144339304756e-20
1786740372.0627303,twist +Z,fast,1786740364.6194193,-476.06174943641054,-183.81941249582803,742.8433873075646,13.786455937187338,-35.70463120773098,7.143771954972044e-20
1786740372.0912292,twist +Z,fast,1786740364.6194193,-477.33997360865396,-186.9943826997668,747.323194505384,14.024578702482746,-35.80049802064934,7.174971009764678e-20
1786740372.120591,twist +Z,fast,1786740364.6194193,-476.83719754041067,-185.51810933474292,747.3016217887243,13.913858200105896,-35.762789815531235,7.146832284184179e-20
1786740372.1479945,twist +Z,fast,1786740364.6194193,-471.263260406417,-185.40424526394042,735.1452913542116,13.90531839479571,-35.344744530481385,7.060234518379822e-20
1786740372.1765008,twist +Z,fast,1786740364.6194193,-472.3319867541395,-185.9803523849738,738.0697633411919,13.948526428873262,-35.42489900656076,7.096433103674902e-20
1786740372.2046773,twist +Z,fast,1786740364.6194193,-471.84657537745943,-184.96495187214384,735.6684664951827,13.872371390411022,-35.38849315330981,7.080166047161335e-20
1786740372.2330813,twist +Z,fast,1786740364.6194193,-471.7885856856592,-182.85747785762567,729.5689907715223,13.714310839322,-35.38414392642459,7.120138288517489e-20
1786740372.2617927,twist +Z,fast,1786740364.6194193,-469.055131740708,-181.0600877222032,725.8557764302641,13.579506579165372,-35.179134880553185,7.092272097871798e-20
1786740372.2898302,twist +Z,fast,1786740364.6194193,-468.09928551239136,-180.2207690762774,725.3848603412916,13.516557680721132,-35.10744641342954,7.11226899474672e-20
1786740372.3195822,twist +Z,fast,1786740364.6194193,-469.391901562316,-180.8271909112999,729.5291667775864,13.562039318347818,-35.20439261717395,7.08335589977801e-20
1786740372.3469675,twist +Z,fast,1786740364.6194193,-470.56400991063856,-182.2790969187654,728.7850875304584,13.670932268907624,-35.29230074329814,7.071088466142653e-20
1786740372.375151,twist +Z,fast,1786740364.6194193,-470.6622804649983,-182.7271624941951,727.7287929709646,13.704537187064997,-35.299671034875146,7.015541474985066e-20
1786740372.4038827,twist +Z,fast,1786740364.6194193,-470.6986210431487,-177.98169060844543,728.4231196023457,13.348626795633603,-35.30239657823635,7.01581740061296e-20
1786740372.4321213,twist +Z,fast,1786740364.6194193,-469.2563403221707,-174.31565777616663,724.5445454603241,13.073674333212683,-35.19422552416291,7.053216865616189e-20
1786740372.4603653,twist +Z,fast,1786740364.6194193,-467.1596466225815,-173.42211503628448,723.5265242695523,13.00665862772168,-35.03697349669386,7.070188546389958e-20
1786740372.4889598,twist +Z,fast,1786740364.6194193,-466.9001717182837,-175.9663180010608,728.8663325237876,13.197473850079842,-35.017512878871464,7.112083644427464e-20
1786740372.51721,twist +Z,fast,1786740364.6194193,-466.334339824934,-176.19747573660368,729.7456190873372,13.214810680245453,-34.97507548687034,7.072489165514858e-20
1786740372.5455396,twist +Z,fast,1786740364.6194193,-467.30595503975246,-180.33598597697903,724.6793062716124,13.525198948273673,-35.04794662798156,7.044134289346078e-20
1786740372.5743208,twist +Z,fast,1786740364.6194193,-467.2092186849163,-182.93820905302516,722.7440384724423,13.72036567897722,-35.04069140136887,7.057778424222245e-20
1786740372.6022632,twist +Z,fast,1786740364.6194193,-469.9251079607552,-185.31155331339653,722.2150592578528,13.898366498505002,-35.24438309705695,7.050428756723984e-20
1786740372.6309428,twist +Z,fast,1786740364.6194193,-472.2071056121704,-183.33455275328936,730.1827747588995,13.750091456497078,-35.41553292091302,7.11257203283088e-20
1786740372.6590805,twist +Z,fast,1786740364.6194193,-470.38478683111725,-180.6006919011644,722.5328653155448,13.545051892587747,-35.27885901233418,7.02605492261332e-20
1786740372.6874883,twist +Z,fast,1786740364.6194193,-468.56779384415404,-181.50478169862265,720.8789492474507,13.612858627396879,-35.14258453831184,7.042596909152055e-20
1786740372.716496,twist +Z,fast,1786740364.6194193,-468.845692271947,-181.1117142101947,722.3027314506253,13.583378565764786,-35.163426920396255,7.008590966116736e-20
1786740372.744493,twist +Z,fast,1786740364.6194193,-471.7541215893898,-182.96390574186307,726.5757999885891,13.722292930640041,-35.38155911920451,7.074062377305257e-20
1786740372.7728715,twist +Z,fast,1786740364.6194193,-473.23281714322366,-178.53010243397307,730.6089672644894,13.389757682548233,-35.492461285741975,7.049771102003725e-20
1786740372.801286,twist +Z,fast,1786740364.6194193,-471.46063462157235,-179.48614939799336,729.2372622085068,13.461461204849744,-35.3595475966181,7.038191707423324e-20
1786740372.8296115,twist +Z,fast,1786740364.6194193,-470.7467635163707,-177.00902911736534,731.4032464423271,13.275677183802674,-35.30600726372813,6.995775810484142e-20
1786740372.8584754,twist +Z,fast,1786740364.6194193,-470.81130775585007,-181.92275590533848,730.4385931313436,13.644206692900621,-35.31084808168898,6.993263990817974e-20
1786740372.8863878,twist +Z,fast,1786740364.6194193,-470.2367858487637,-181.8823329799592,725.076483015825,13.64117497349724,-35.2677589386574,6.991719938657422e-20
1786740372.9149694,twist +Z,fast,1786740364.6194193,-471.22356794654297,-185.31699228811613,723.9088016726491,13.898774421609115,-35.34176759599085,7.064387211341205e-20
1786740372.9433858,twist +Z,fast,1786740364.6194193,-468.4276440279614,-180.18020511109796,727.1608375408932,13.51351538333245,-35.13207330209718,7.029589633031202e-20
1786740372.971584,twist +Z,fast,1786740364.6194193,-469.35652806121516,-177.3310413348728,736.8275242398131,13.29982810011585,-35.20173960459149,7.046628716582708e-20
1786740372.9998531,twist +Z,fast,1786740364.6194193,-469.3136207120119,-175.73127355531813,740.1380744789703,13.179845516649028,-35.198521553400994,7.034814269618237e-20
1786740373.0282018,twist +Z,fast,1786740364.6194193,-472.25495821943105,-179.57919967760347,740.2480089691844,13.468439975820555,-35.419121866457424,7.070027525387321e-20
1786740373.0567222,twist +Z,fast,1786740364.6194193,-471.30239782536364,-181.6990429120417,729.0135091744387,13.627428218403299,-35.34767983690253,7.026881306433179e-20
1786740373.08505,twist +Z,fast,1786740364.6194193,-469.24212662299624,-181.08795339036988,722.2631083728111,13.581596504278057,-35.193159496724974,6.9846786354151e-20
1786740373.1134634,twist +Z,fast,1786740364.6194193,-469.4914941105794,-181.88372367177737,726.5758839096889,13.641279275383614,-35.21186205829368,7.042854489674729e-20
1786740373.1443255,twist +Z,fast,1786740364.6194193,-471.58433881256724,-183.32782267285972,735.0817055138186,13.749586700464771,-35.36882541094272,7.146242692107916e-20
1786740373.1702259,twist +Z,fast,1786740364.6194193,-473.1617458668952,-183.1310890038908,742.1981021107122,13.734831675292039,-35.48713094001741,7.156478401719528e-20
1786740373.1986556,twist +Z,fast,1786740364.6194193,-471.60976423770353,-181.2889266828978,733.6326907147677,13.596669501217594,-35.37073231782783,7.094472268030708e-20
1786740373.227168,twist +Z,fast,1786740364.6194193,-468.37886510581666,-179.8822741970946,725.9247017688185,13.491170564782397,-35.12841488293636,6.972896641147786e-20
1786740373.2557154,twist +Z,fast,1786740364.6194193,-468.59486591464884,-179.2670853634179,723.1292051975297,13.445031402256785,-35.14461494359885,6.976895115983412e-20
1786740373.2838554,twist +Z,fast,1786740364.6194193,-469.800222893934,-182.5651985510258,724.2072163748289,13.692389891327192,-35.235016717045305,6.971246643066172e-20
1786740373.3126318,twist +Z,fast,1786740364.6194193,-471.361693192704,-182.05648241865833,732.8766108087111,13.654236181399558,-35.35212698945289,7.005672543770498e-20
1786740373.3408744,twist +Z,fast,1786740364.6194193,-470.31041892942585,-181.15430460920186,730.7894916705882,13.586572845690203,-35.273281419707075,6.950273447582694e-20
1786740373.369208,twist +Z,fast,1786740364.6194193,-469.33013172607707,-179.17794381445628,734.7748384780716,13.438345786084422,-35.199759879455875,6.98639855802365e-20
1786740373.3974628,twist +Z,fast,1786740364.6194193,-469.4620187314126,-179.39552470092792,728.5129222511614,13.454664352569761,-35.20965140485607,6.990242970165319e-20
1786740373.426059,twist +Z,fast,1786740364.6194193,-470.49264779951136,-182.53879978564635,725.7768986310393,13.690409983923875,-35.28694858496352,7.050694272645802e-20
1786740373.4542527,twist +Z,fast,1786740364.6194193,-472.10386743453455,-181.87466038072864,725.0593826087343,13.64059952855489,-35.407790057590354,7.031603497546635e-20
1786740373.4827452,twist +Z,fast,1786740364.6194193,-471.8982376100671,-183.97730846551417,725.6273685120577,13.798298134913882,-35.39236782075523,7.027967596553442e-20
1786740373.511264,twist +Z,fast,1786740364.6194193,-471.2847529251817,-182.07162298730304,724.7444659963812,13.65537172404785,-35.34635646938887,6.98370154072994e-20
1786740373.5395844,twist +Z,fast,1786740364.6194193,-469.3533044109963,-183.82243700926972,723.1743268044056,13.786682775695358,-35.20149783082513,6.984101778598077e-20
1786740373.568062,twist +Z,fast,1786740364.6194193,-472.169868874892,-184.0655151341614,730.8800186876988,13.804913635062295,-35.41274016561704,7.06211512593948e-20
1786740373.5964334,twist +Z,fast,1786740364.6194193,-473.71361326031365,-186.4670349618841,734.2726396534608,13.985027622141612,-35.528520994523795,7.127852927655639e-20
1786740373.6251686,twist +Z,fast,1786740364.6194193,-473.1046692079599,-184.21534583158984,732.1546074055695,13.816150937369496,-35.48285019059708,7.159046014382263e-20
1786740373.6535046,twist +Z,fast,1786740364.6194193,-469.91817063318604,-181.5629525818489,722.6598103086753,13.6172214436389,-35.24386279748898,7.129786767581489e-20
1786740373.6819773,twist +Z,fast,1786740364.6194193,-468.2078921645025,-177.57253580310373,728.233576754511,13.317940185232953,-35.115591912338,7.080688916005041e-20
1786740373.710525,twist +Z,fast,1786740364.6194193,-470.1796303148735,-179.6496933416164,733.6290503602095,13.473727000621405,-35.26347227361576,7.07513148251763e-20
1786740373.738553,twist +Z,fast,1786740364.6194193,-470.67194986195364,-179.24816482344966,736.0263558980096,13.443612361758934,-35.30039623964688,7.054644512724995e-20
1786740373.7670853,twist +Z,fast,1786740364.6194193,-470.15303747862254,-179.9285503915579,737.8999850757564,13.494641279367205,-35.2614778108969,7.071097592803838e-20
1786740373.795513,twist +Z,fast,1786740364.6194193,-467.9633700529894,-176.26744032705983,731.8235192556212,13.220058024529724,-35.09725275397428,6.988005966078504e-20
1786740373.8237092,twist +Z,fast,1786740364.6194193,-466.3803521106861,-175.00231109284448,725.0348357603789,13.125173331963534,-34.978526408301605,6.940017324521122e-20
1786740373.8520348,twist +Z,fast,1786740364.6194193,-467.06805152397146,-177.31692547648242,719.2510251428794,13.298769410736323,-35.03010386429803,6.981832424308168e-20
1786740373.88046,twist +Z,fast,1786740364.6194193,-469.8040862318526,-178.05841191167667,727.6777263120448,13.354380893375922,-35.23530646738919,7.064044336808497e-20
1786740373.9101176,twist +Z,fast,1786740364.6194193,-474.44096296065027,-182.34293004570952,739.9079421408069,13.675719753428464,-35.58307222204905,7.125909644102646e-20
1786740373.9374092,twist +Z,fast,1786740364.6194193,-474.44926714912935,-181.2288787348101,740.1179972086347,13.592165905110814,-35.583695036184885,7.09889266953321e-20
1786740373.965653,twist +Z,fast,1786740364.6194193,-472.0110468359212,-181.37691490546752,732.8107251684405,13.603268617910249,-35.40082851269423,7.086468529949874e-20
1786740373.9943209,twist +Z,fast,1786740364.6194193,-469.14868454415046,-178.46317807457092,726.6295826681762,13.384738355593132,-35.18615134081147,7.024528323132481e-20
1786740374.0224123,twist +Z,fast,1786740364.6194193,-468.1634356615509,-181.1140489519354,725.6679627719905,13.583553671395354,-35.11225767461651,6.999337496895995e-20
1786740374.0508978,twist +Z,fast,1786740364.6194193,-470.42908363943434,-180.6229584962615,729.2852699688847,13.54672188721992,-35.282181272957786,7.030261544037468e-20
1786740374.0792816,twist +Z,fast,1786740364.6194193,-469.2376130882544,-180.36174837530734,725.7661175142312,13.527131128148174,-35.19282098161931,7.013304976617179e-20
1786740374.1075945,twist +Z,fast,1786740364.6194193,-468.855968805286,-177.15933220709235,723.3070578500237,13.286949915532102,-35.16419766039657,6.959360007766305e-20
1786740374.1359308,twist +Z,fast,1786740364.6194193,-468.95610712477264,-177.85634954108673,725.1634453154957,13.339226215581693,-35.171708034357955,6.94943991940601e-20
1786740374.1643403,twist +Z,fast,1786740364.6194193,-469.56425411722466,-178.58975897546077,727.5634285132683,13.394231923159918,-35.21731905879197,7.03092809794642e-20
1786740374.1930728,twist +Z,fast,1786740364.6194193,-471.97948793409523,-180.25440902023,730.9587660127354,13.519080676517337,-35.398461595057285,7.052586162996506e-20
1786740374.2214887,twist +Z,fast,1786740364.6194193,-469.78200786976186,-180.41502011805926,728.2324826192216,13.531126508854829,-35.2336505902324,7.073772135511565e-20
1786740374.249636,twist +Z,fast,1786740364.6194193,-470.21603475690017,-180.1559828170989,725.9281786318397,13.511698711282666,-35.2662026067677,7.002486600661937e-20
1786740374.277866,twist +Z,fast,1786740364.6194193,-469.42663805725124,-180.0266607897745,729.5844707975739,13.501999559233386,-35.206997854294166,7.088797042882436e-20
1786740374.3062532,twist +Z,fast,1786740364.6194193,-470.69488314385444,-180.549891645152,730.3593762509872,13.541241873386678,-35.30211623578936,7.101805895610429e-20
1786740374.3349357,twist +Z,fast,1786740364.6194193,-470.9588686761508,-179.50740969665947,736.6465581003176,13.463055727249643,-35.32191515071145,7.192644662602383e-20
1786740374.3630598,twist +Z,fast,1786740364.6194193,-468.689672147254,-178.56945634711235,727.3940830499496,13.392709226033634,-35.15172541104437,7.115761826453971e-20
1786740374.3916235,twist +Z,fast,1786740364.6194193,-467.2706925143707,-179.38495402320837,721.6016081730895,13.453871551740892,-35.045301938577985,7.012157161400922e-20
1786740374.419951,twist +Z,fast,1786740364.6194193,-465.5928887019527,-179.9273495830805,716.1921645777202,13.494551218731313,-34.9194666526467,6.93900501731302e-20
1786740374.4483576,twist +Z,fast,1786740364.6194193,-466.64935390728624,-181.5677954673862,716.4488840809054,13.617584660054053,-34.9987015430468,6.922050722900423e-20
1786740374.476895,twist +Z,fast,1786740364.6194193,-467.8930528903229,-180.32510089867833,725.8082236404271,13.524382567401016,-35.091978966774384,6.985916002644111e-20
1786740374.5055072,twist +Z,fast,1786740364.6194193,-469.21165393398496,-180.2769077665679,728.2149240697227,13.52076808249284,-35.19087404504905,7.010169480711125e-20
1786740374.5334382,twist +Z,fast,1786740364.6194193,-471.69755797817743,-180.5362952469858,739.6138878745469,13.54022214352425,-35.37731684836337,7.082101553085815e-20
1786740374.5618181,twist +Z,fast,1786740364.6194193,-469.8004110007041,-179.60199217267996,732.7909494854175,13.470149412951148,-35.23503082505306,7.071215053782239e-20
1786740374.5904164,twist +Z,fast,1786740364.6194193,-469.94778023371646,-178.22295585901327,735.7303283386973,13.366721689426182,-35.246083517528945,7.104339577115614e-20
1786740374.6186612,twist +Z,fast,1786740364.6194193,-468.3989583520756,-176.97019223337145,722.5948013750776,13.272764417503172,-35.129921876405845,7.055916742294177e-20
1786740374.647111,twist +Z,fast,1786740364.6194193,-469.7558194841331,-177.44609112015667,721.2221704646308,13.308456834012102,-35.231686461310105,7.060060340011194e-20
1786740374.6756768,twist +Z,fast,1786740364.6194193,-470.35080202657446,-179.19440518817964,721.0817967041121,13.439580389113825,-35.276310151993286,7.058938310641624e-20
1786740374.706809,twist +Z,fast,1786740364.6194193,-468.7637323234744,-178.34557649086173,723.4245791363592,13.37591823681483,-35.15727992426083,7.036067510377749e-20
1786740374.7323873,twist +Z,fast,1786740364.6194193,-470.6563252541923,-179.2413897116287,731.9109773771916,13.443104228372402,-35.29922439406456,7.077202427065557e-20
1786740374.7610204,twist +Z,fast,1786740364.6194193,-470.4044737635686,-179.8142076662126,726.49415851088,13.4860655749662,-35.28033553226789,6.987974093279277e-20
1786740374.7894025,twist +Z,fast,1786740364.6194193,-469.69790044248157,-180.08051713581642,729.2990683961316,13.506038785186409,-35.2273425331862,6.997526590184133e-20
1786740374.8178864,twist +Z,fast,1786740364.6194193,-470.00261609487234,-178.68846393045328,731.8991694852202,13.401634794784233,-35.25019620711559,6.972542004054854e-20
1786740374.845868,twist +Z,fast,1786740364.6194193,-470.6083700294166,-178.92557065856897,736.241845567477,13.41941779939295,-35.29562775220642,7.052116923736371e-20
1786740374.8744092,twist +Z,fast,1786740364.6194193,-472.2638770014837,-178.43441863529017,740.3789271473479,13.382581397647062,-35.419790775111586,7.160628467648979e-20
1786740374.904983,twist +Z,fast,1786740364.6194193,-471.9549049743746,-180.30027600906146,731.6705872936518,13.522520700679824,-35.39661787307838,7.1184157264625e-20
1786740374.9315505,twist +Z,fast,1786740364.6194193,-470.98424801310466,-178.25637222058015,732.1740692251196,13.369227916543796,-35.3238186009831,7.08423093011825e-20
1786740374.959812,twist +Z,fast,1786740364.6194193,-472.3050282575887,-179.20332905930752,730.5419549905246,13.440249679448211,-35.42287711931929,7.035852306447938e-20
1786740374.9880612,twist +Z,fast,1786740364.6194193,-470.50964303454566,-177.79081570701226,731.9526316286601,13.334311178026159,-35.288223227591224,7.090937298128683e-20
1786740375.016446,twist +Z,fast,1786740364.6194193,-469.40489624888914,-179.3555182610404,728.6173051809337,13.451663869578315,-35.20536721866689,7.086496182127622e-20
1786740375.0448833,twist +Z,fast,1786740364.6194193,-470.6489730723283,-179.6434024919182,732.3191708716595,13.473255186894054,-35.29867298042479,7.102710333634005e-20
1786740375.0733395,twist +Z,fast,1786740364.6194193,-470.33369185439005,-179.74969296461632,732.3789212455931,13.481226972346416,-35.27502688907943,7.06664656372994e-20
1786740375.1016695,twist +Z,fast,1786740364.6194193,-470.5603687412204,-180.44074389262084,733.6039238740786,13.533055791946762,-35.292027655591845,7.116570370774092e-20
1786740375.129978,twist +Z,fast,1786740364.6194193,-469.601674952798,-178.7331048183388,729.0327531642506,13.404982861375675,-35.220125621460035,7.084252080003781e-20
1786740375.1584482,twist +Z,fast,1786740364.6194193,-468.90425784394074,-179.4392929941531,726.1908756565499,13.45794697456176,-35.16781933829567,7.040432565732585e-20
1786740375.1868029,twist +Z,fast,1786740364.6194193,-472.76194313979295,-179.7525083802915,724.6260945656713,13.481438128522196,-35.45714573548477,6.964311440822803e-20
1786740375.2152698,twist +Z,fast,1786740364.6194193,-472.18561407629795,-181.26715951357744,732.593846625271,13.59503696351867,-35.41392105572246,7.021724237973363e-20
1786740375.2435431,twist +Z,fast,1786740364.6194193,-472.32374331660776,-180.5363393969776,732.2336931981017,13.54022545477358,-35.42428074874567,7.044476430296182e-20
1786740375.2719092,twist +Z,fast,1786740364.6194193,-471.65259405343113,-178.94252012709512,736.552257071814,13.42068900953237,-35.37394455400736,7.071907838059218e-20
1786740375.3009663,twist +Z,fast,1786740364.6194193,-470.4568326378976,-180.29937155053892,727.0364650948895,13.522452866290703,-35.284262447842515,6.966905770148958e-20
1786740375.3291144,twist +Z,fast,1786740364.6194193,-471.5647676377357,-180.12809704504173,729.4239517465921,13.509607278378358,-35.3673575728304,6.995940325241739e-20
1786740375.3573432,twist +Z,fast,1786740364.6194193,-468.58216490843733,-179.62578967504066,730.4506676257524,13.471934225628335,-35.14366236813298,7.054806996357294e-20
1786740375.3856804,twist +Z,fast,1786740364.6194193,-467.97724309228715,-176.8666948888873,727.0076694665449,13.265002116666825,-35.098293231921765,7.087820506502324e-20
1786740375.4141622,twist +Z,fast,1786740364.6194193,-467.7681140519726,-177.03650029492485,724.8195614264378,13.277737522119512,-35.08260855389811,7.02266133968754e-20
1786740375.442419,twist +Z,fast,1786740364.6194193,-468.38228231410267,-177.51692633713503,721.76455331746,13.313769475285344,-35.128671173558075,7.00917907289362e-20
1786740375.4708848,twist +Z,fast,1786740364.6194193,-468.7519492008614,-176.71809147628585,723.3051912719102,13.253856860721658,-35.15639619006486,7.007403101597335e-20
1786740375.4990416,twist +Z,fast,1786740364.6194193,-468.69574757986993,-179.08500957657964,722.4918849393771,13.431375718243753,-35.15218106849037,7.111011232443479e-20
1786740375.5274436,twist +Z,fast,1786740364.6194193,-467.93923536894863,-180.11531824416238,721.5268767789285,13.508648868312289,-35.0954426526714,7.046241720877475e-20
1786740375.5558112,twist +Z,fast,1786740364.6194193,-471.08255459324073,-181.23100947715864,735.7106143872797,13.592325710787197,-35.331191594493205,7.092861652547706e-20
1786740375.5842693,twist +Z,fast,1786740364.6194193,-472.28474577080624,-180.78007030593506,740.0768296668612,13.558505272945322,-35.42135593281068,7.062972480226597e-20
1786740375.6128511,twist +Z,fast,1786740364.6194193,-472.6560097377892,-179.70856076322298,737.8727234928847,13.478142057241936,-35.44920073033448,7.048058372023796e-20
1786740375.6412938,twist +Z,fast,1786740364.6194193,-468.476221173069,-181.59561757085487,722.7425050660559,13.619671317814326,-35.13571658798039,7.007756633224727e-20
1786740375.669738,twist +Z,fast,1786740364.6194193,-468.37753936874196,-180.28924009894604,721.6991657716744,13.52169300742101,-35.12831545265573,7.019461265898012e-20
1786740375.6980908,twist +Z,fast,1786740364.6194193,-467.1872538264747,-180.08520696874677,724.6842994323788,13.506390522656151,-35.03904403698583,7.074820398106057e-20
1786740375.7265382,twist +Z,fast,1786740364.6194193,-469.7270157791586,-180.73955151228085,726.8859286078396,13.555466363421385,-35.229526183437166,7.071972765980056e-20
1786740375.7549186,twist +Z,fast,1786740364.6194193,-468.5232542875242,-179.60786669235983,727.0903871778073,13.470590001927153,-35.1392440715645,7.046969270986814e-20
1786740375.7834082,twist +Z,fast,1786740364.6194193,-468.69969860740775,-178.29222309563283,722.4841820974061,13.371916732172647,-35.15247739555576,6.988906275586649e-20
1786740375.8117933,twist +Z,fast,1786740364.6194193,-467.39816417040174,-177.50954841695523,726.9477052468765,13.31321613127184,-35.05486231278055,7.01996726417432e-20
1786740375.8399594,twist +Z,fast,1786740364.6194193,-467.45529759732835,-179.6091097922133,729.5926999076146,13.47068323441614,-35.05914731979982,7.101495301881693e-20
1786740375.8685465,twist +Z,fast,1786740364.6194193,-467.39416775883865,-179.7106583321838,726.4924833678788,13.47829937491414,-35.05456258191319,7.153454141399273e-20
1786740375.897804,twist +Z,fast,1786740364.6194193,-468.5568336270053,-180.17454063139803,728.281916604662,13.513090547355187,-35.14176252202568,7.14052510410076e-20
1786740375.9254043,twist +Z,fast,1786740364.6194193,-466.94896229255573,-179.2049062123515,716.4467465565504,13.440367965926544,-35.02117217194183,7.061960742542904e-20
1786740375.9538863,twist +Z,fast,1786740364.6194193,-469.12863897921306,-179.55926481533368,724.2423946272529,13.466944861150193,-35.184647923441176,7.077804401362975e-20
1786740375.982277,twist +Z,fast,1786740364.6194193,-468.2737153610665,-177.28491252027868,716.9390721103682,13.296368439021233,-35.120528652080054,7.065669208118105e-20
1786740376.0104783,twist +Z,fast,1786740364.6194193,-469.00326696699176,-175.43084236834432,721.7398453543055,13.157313177626126,-35.1752450225244,7.054969382347959e-20
1786740376.0390267,twist +Z,fast,1786740364.6194193,-466.1258055266344,-178.10788391681137,718.2942286319494,13.358091293761067,-34.959435414497726,7.00768888992556e-20
1786740376.067231,twist +Z,fast,1786740364.6194193,-464.3206420567244,-178.17513167547486,712.7325918232473,13.36313487566078,-34.82404815425455,7.019335653613194e-20
1786740376.0964959,twist +Z,fast,1786740364.6194193,-465.8319955780348,-179.73578280885488,720.551443830097,13.480183710664324,-34.937399668352775,7.086602461105998e-20
1786740376.124109,twist +Z,fast,1786740364.6194193,-467.58369991194695,-179.07059829032903,725.3641356014532,13.430294871774894,-35.0687774933961,7.172295310357958e-20
1786740376.1525052,twist +Z,fast,1786740364.6194193,-466.7638993072587,-177.6708078550338,727.4722525669504,13.325310589127714,-35.00729244804455,7.148585319328999e-20
1786740376.1810935,twist +Z,fast,1786740364.6194193,-464.24955982415486,-178.71128964250022,720.3580690908866,13.4033467231876,-34.818716986811765,7.100216756707771e-20
1786740376.2092485,twist +Z,fast,1786740364.6194193,-463.66437615204404,-178.11045573753574,713.1296254642111,13.358284180315504,-34.77482821140332,7.052764961760645e-20
1786740376.2375236,twist +Z,fast,1786740364.6194193,-465.1412355419461,-179.91790821012705,720.3259098257968,13.493843115759763,-34.88559266564622,7.10861825966739e-20
1786740376.2660756,twist +Z,fast,1786740364.6194193,-463.33385304867306,-178.35698883960583,713.6487605920584,13.376774162970538,-34.75003897865076,7.068582502982715e-20
1786740376.2947257,twist +Z,fast,1786740364.6194193,-464.64280563542434,-179.25755461073538,724.4692403343915,13.4443165958053,-34.848210422657075,7.145516299383615e-20
1786740376.3229325,twist +Z,fast,1786740364.6194193,-465.02104676582394,-178.67730108041417,724.6038328126324,13.400797581031323,-34.876578507437,7.116955478370312e-20
1786740376.35182,twist +Z,fast,1786740364.6194193,-468.20306901604727,-179.4623490026404,731.7860111283262,13.459676175198144,-35.115230176203724,7.129664918429719e-20
1786740376.37982,twist +Z,fast,1786740364.6194193,-465.9021930905019,-178.3606542594323,716.6572880750691,13.377049069457666,-34.94266448178788,6.985587374227615e-20
1786740376.40817,twist +Z,fast,1786740364.6194193,-466.553958846373,-178.1309062438704,714.2863271802535,13.35981796829061,-34.99154691347823,6.959664570750122e-20
1786740376.4364226,twist +Z,fast,1786740364.6194193,-466.3823407283662,-177.75205896564103,717.8490142541068,13.331404422423272,-34.978675554627685,6.958769003902629e-20
1786740376.4648776,twist +Z,fast,1786740364.6194193,-466.87992097091774,-177.97553466552938,726.2900785651818,13.348165099915033,-35.01599407281913,6.98454930258413e-20
1786740376.493422,twist +Z,fast,1786740364.6194193,-466.6705100449699,-179.2690330565316,729.6023739308375,13.44517747924024,-35.000288253373114,7.023568464337368e-20
1786740376.5219235,twist +Z,fast,1786740364.6194193,-466.34778744005007,-177.79749596252884,729.0921881673794,13.33481219718998,-34.976084058004005,7.045347308913227e-20
1786740376.550118,twist +Z,fast,1786740364.6194193,-468.07859327870165,-178.85835278993636,731.8129808324111,13.41437645924557,-35.105894495902874,7.050790163826288e-20
1786740376.5786314,twist +Z,fast,1786740364.6194193,-467.2930171375815,-179.40898618749623,729.0727713120741,13.455673964062395,-35.04697628531895,7.003183273761195e-20
1786740376.6068416,twist +Z,fast,1786740364.6194193,-468.0349263879925,-181.36810425088333,724.8696301483224,13.602607818816576,-35.10261947909969,6.995201420489251e-20
1786740376.6351342,twist +Z,fast,1786740364.6194193,-465.7818263789186,-179.35907868508957,722.7398340487152,13.451930901381818,-34.93363697841925,6.989799102189346e-20
1786740376.663628,twist +Z,fast,1786740364.6194193,-466.70973715873424,-180.44288046610973,720.9424912933528,13.533216034958489,-35.0032302869052,7.01983135456249e-20
1786740376.6945603,twist +Z,fast,1786740364.6194193,-467.76689841534517,-179.99539105536144,726.8839996582401,13.499654329152396,-35.082517381150964,7.05482961214338e-20
1786740376.720539,twist +Z,fast,1786740364.6194193,-468.9693874397731,-179.43701476904891,729.6014835501865,13.457776107678878,-35.17270405798336,7.088829065843667e-20
1786740376.7493596,twist +Z,fast,1786740364.6194193,-470.5270430029559,-176.07647235696686,735.5515684922148,13.205735426772971,-35.289528225222064,7.138127004454121e-20
1786740376.777518,twist +Z,fast,1786740364.6194193,-470.51132347588646,-177.79732186632668,730.3156906869608,13.334799139974773,-35.288349260691604,7.108136396073191e-20
1786740376.8057601,twist +Z,fast,1786740364.6194193,-472.6250807943479,-179.21488947627483,726.3307060031211,13.441116710720774,-35.44688105957629,7.103710993913503e-20
1786740376.833965,twist +Z,fast,1786740364.6194193,-470.1907345298191,-180.2235758471919,721.6094797950573,13.516768188539597,-35.26430508973658,7.043740804465713e-20
1786740376.8624063,twist +Z,fast,1786740364.6194193,-466.59294969200164,-178.37943189879593,717.1189117315307,13.378457392409832,-34.994471226900465,6.98509405653616e-20
1786740376.8916898,twist +Z,fast,1786740364.6194193,-464.86067947602305,-178.80344720701135,717.1866911093257,13.410258540526069,-34.86455096070193,7.000803354808085e-20
1786740376.919534,twist +Z,fast,1786740364.6194193,-465.3585343463237,-178.09934373877456,718.3947180772666,13.357450780408424,-34.90189007597446,7.026858154247889e-20
1786740376.9480233,twist +Z,fast,1786740364.6194193,-468.99053483215994,-177.30503268599284,727.4670014219291,13.297877451449754,-35.17429011241225,7.056584329121556e-20
1786740376.9762661,twist +Z,fast,1786740364.6194193,-469.85823953018325,-175.70707792000087,731.4770889395204,13.178030844000407,-35.23936796476405,7.112812730289471e-20
1786740377.0045052,twist +Z,fast,1786740364.6194193,-471.0377159042373,-175.57085986575657,729.2735753230099,13.16781448993213,-35.32782869281796,7.078197070103871e-20
1786740377.0328188,twist +Z,fast,1786740364.6194193,-471.0297540472893,-177.290679309942,733.2573827262404,13.296800948245934,-35.327231553547115,7.16672938582588e-20
1786740377.0612922,twist +Z,fast,1786740364.6194193,-469.05487143490836,-179.22646432912438,724.7205143074452,13.441984824684628,-35.17911535761825,7.083695968273574e-20
1786740377.0908275,twist +Z,fast,1786740364.6194193,-468.7848422107859,-182.66161409710128,723.7606333577123,13.699621057282709,-35.1588631658092,7.093675242819198e-20
1786740377.1181924,twist +Z,fast,1786740364.6194193,-469.3291569806215,-185.00806680550954,722.4446453177761,13.875605010413455,-35.19968677354687,7.08987116968673e-20
1786740377.1467257,twist +Z,fast,1786740364.6194193,-472.73858350306637,-187.04643706524655,727.7430101718764,14.028482779893896,-35.455393762730246,7.170611311257381e-20
1786740377.175172,twist +Z,fast,1786740364.6194193,-471.3390163443755,-184.79382449402067,729.1993956200104,13.859536837051838,-35.35042622582836,7.162133416328484e-20
1786740377.2035332,twist +Z,fast,1786740364.6194193,-469.0203558934177,-181.46188441282868,720.4087775425578,13.609641330962443,-35.17652669200662,7.066794027121837e-20
1786740377.2317524,twist +Z,fast,1786740364.6194193,-467.54282642558746,-178.24840287764778,724.0059141675383,13.368630215823831,-35.06571198191919,6.985907898823905e-20
1786740377.2600133,twist +Z,fast,1786740364.6194193,-469.5278502659198,-179.8369430180046,729.7198742168575,13.487770726350728,-35.214588769944044,7.079631549524237e-20
1786740377.2905724,twist +Z,fast,1786740364.6194193,-471.1981041512681,-179.7070702510872,734.7091927826232,13.47803026883189,-35.3398578113454,7.076715681162596e-20
1786740377.316926,twist +Z,fast,1786740364.6194193,-469.2615474299919,-179.87737620061841,730.817440565198,13.4908032150466,-35.194616057249505,7.074767853809471e-20
1786740377.3451698,twist +Z,fast,1786740364.6194193,-468.0830830284226,-177.21917030394707,722.4934860975918,13.291437772796268,-35.10623122713194,6.930241876266296e-20
1786740377.3737805,twist +Z,fast,1786740364.6194193,-466.9936642037851,-178.76392968735342,720.1475320021873,13.407294726551736,-35.024524815284266,6.956516559211658e-20
1786740377.4021058,twist +Z,fast,1786740364.6194193,-469.1093653397802,-180.52022368466623,721.6687538869237,13.539016776350156,-35.183202400483644,6.942286681945887e-20
1786740377.430337,twist +Z,fast,1786740364.6194193,-469.13687574796313,-182.57150758116825,724.0105952435715,13.692863068587794,-35.185265681097526,6.990979595231279e-20
1786740377.4589515,twist +Z,fast,1786740364.6194193,-470.27990847566207,-183.76618227024335,729.4894116722071,13.782463670268438,-35.270993135674736,7.033252853410529e-20
1786740377.4888318,twist +Z,fast,1786740364.6194193,-471.9881359001811,-184.00280558089366,734.1734094185676,13.80021041856715,-35.39911019251377,7.103819150315824e-20
1786740377.5159497,twist +Z,fast,1786740364.6194193,-473.14363562494646,-184.54689136325817,739.7488863128119,13.841016852244532,-35.48577267187118,7.134998676827436e-20
1786740377.5442326,twist +Z,fast,1786740364.6194193,-474.19984289541117,-184.7859729253364,738.7990970774927,13.8589479694005,-35.56498821715593,7.112918551493693e-20
1786740377.5723488,twist +Z,fast,1786740364.6194193,-472.7914512145844,-182.58962936968874,735.4946764281658,13.69422220272686,-35.45935884109401,7.08131701480512e-20
1786740377.6008615,twist +Z,fast,1786740364.6194193,-472.5243170907929,-182.5079681650492,732.4553163109113,13.688097612378929,-35.43932378180983,7.104630534423403e-20
1786740377.6291022,twist +Z,fast,1786740364.6194193,-471.9206923304241,-179.9845979549143,729.5441850355573,13.498844846618812,-35.39405192478202,7.045781768019767e-20
1786740377.657644,twist +Z,fast,1786740364.6194193,-472.5068628118047,-184.33108165576664,730.8912387240625,13.824831124182605,-35.43801471088558,7.079568471832346e-20
1786740377.6862164,twist +Z,fast,1786740364.6194193,-473.51351832110686,-185.2004447501546,732.8320412511048,13.890033356261842,-35.51351387408318,7.12237038911739e-20
1786740377.7144217,twist +Z,fast,1786740364.6194193,-475.315380617541,-185.0634557283962,740.9578580249545,13.879759179630046,-35.648653546315785,7.195942420399552e-20
1786740377.7426057,twist +Z,fast,1786740364.6194193,-474.7526156721465,-180.7497509818145,741.009500331932,13.556231323636236,-35.60644617541112,7.144097929790937e-20
1786740377.771372,twist +Z,fast,1786740364.6194193,-474.5014402713664,-178.34378354260912,740.7472422162145,13.37578376569596,-35.58760802035255,7.065647909663209e-20
1786740377.799455,twist +Z,fast,1786740364.6194193,-472.85715740908836,-179.95885600038844,741.1712315047898,13.496914200029227,-35.46428680568191,7.103234922488265e-20
1786740377.8279018,twist +Z,fast,1786740364.6194193,-474.4271561861992,-182.41509470460085,747.1812755075844,13.681132102845243,-35.58203671396503,7.17336216583938e-20
1786740377.856432,twist +Z,fast,1786740364.6194193,-475.10039918410257,-182.5051323203719,749.3595623341889,13.68788492402798,-35.63252993880788,7.232968911288866e-20
1786740377.8855782,twist +Z,fast,1786740364.6194193,-473.8928959300015,-184.10566001624136,739.5580461215877,13.807924501218185,-35.54196719475046,7.18027641169359e-20
1786740377.9132953,twist +Z,fast,1786740364.6194193,-473.5272808409454,-185.53225740741698,736.5336472102745,13.914919305556463,-35.51454606307118,7.15103440257655e-20
1786740377.9416826,twist +Z,fast,1786740364.6194193,-472.1498748777112,-185.30444615524914,736.2792741908315,13.897833461643888,-35.41124061582862,7.103653010153829e-20
1786740377.9700406,twist +Z,fast,1786740364.6194193,-475.12715991409686,-182.92925888679758,740.9043950197374,13.719694416510112,-35.63453699355755,7.087510219847479e-20
1786740377.9983685,twist +Z,fast,1786740364.6194193,-474.20936290278587,-178.34226414001387,740.5857388382483,13.37566981050129,-35.565702217709315,7.029732584083486e-20
1786740378.0269177,twist +Z,fast,1786740364.6194193,-474.81624158114846,-179.7969316492447,744.6414502629495,13.48476987369359,-35.61121811858635,7.084459524156002e-20
1786740378.055331,twist +Z,fast,1786740364.6194193,-473.0110360931317,-179.69855708554041,745.3845583893099,13.477391781415758,-35.475827706985136,7.143593417302597e-20
1786740378.0834465,twist +Z,fast,1786740364.6194193,-473.15832831981606,-184.06673183197825,735.931181885092,13.805004887398486,-35.48687462398641,7.165138561573262e-20
1786740378.1120617,twist +Z,fast,1786740364.6194193,-472.75379770016116,-184.58354795326022,731.0723036621994,13.843766096494885,-35.45653482751229,7.102283844888121e-20
1786740378.1406722,twist +Z,fast,1786740364.6194193,-470.99135155339354,-182.11914528545617,731.6992119185225,13.658935896409435,-35.32435136650463,7.037883015673773e-20
1786740378.1687222,twist +Z,fast,1786740364.6194193,-472.2783118075722,-179.82541793598978,739.919318756296,13.486906345199404,-35.420873385568065,7.050926189291587e-20
1786740378.1970727,twist +Z,fast,1786740364.6194193,-469.81265740132994,-177.42076853947867,732.0115796868204,13.306557640461183,-35.2359493051,7.055163039317224e-20
1786740378.2256453,twist +Z,fast,1786740364.6194193,-469.07514314609716,-179.01195494192075,722.6891253556614,13.425896620644249,-35.18063573595749,6.99104914740621e-20
1786740378.253919,twist +Z,fast,1786740364.6194193,-466.2758099508769,-177.56748325190506,716.0890170006342,13.317561243893149,-34.970685746316065,6.930621279883322e-20
1786740378.2828715,twist +Z,fast,1786740364.6194193,-465.2142654421982,-177.37889839759407,716.8559101183864,13.303417379819724,-34.89106990816517,6.827814474929545e-20
1786740378.311136,twist +Z,fast,1786740364.6194193,-465.72020369424354,-178.05921242745626,719.4896002533142,13.354440932059351,-34.929015277068444,6.869792073268964e-20
1786740378.339124,twist +Z,fast,1786740364.6194193,-465.76222901344636,-179.3327598152871,724.1788143969761,13.449956986146606,-34.932167176008605,6.913222063966969e-20
1786740378.3674345,twist +Z,fast,1786740364.6194193,-469.99559477720777,-178.8289587236793,728.6839408070764,13.412171904276168,-35.249669608290944,6.984391395907896e-20
1786740378.396126,twist +Z,fast,1786740364.6194193,-470.38011932874997,-178.01095690499903,726.871820837524,13.350821767875136,-35.278508949656434,6.995915578524168e-20
1786740378.4242544,twist +Z,fast,1786740364.6194193,-469.0419908850122,-176.49278116937387,720.931894227675,13.236958587703317,-35.1781493163761,6.959265230320445e-20
1786740378.4527144,twist +Z,fast,1786740364.6194193,-467.0034005780426,-179.440306319495,720.5708610570191,13.458022973962333,-35.02525504335367,7.004867830311601e-20
1786740378.4810722,twist +Z,fast,1786740364.6194193,-467.5062359067574,-180.80004116745386,724.3006746417313,13.560003087559398,-35.062967693007145,7.003815440894764e-20
1786740378.5100327,twist +Z,fast,1786740364.6194193,-470.0039310659895,-183.02012194137058,730.9290102630412,13.726509145603028,-35.250294829949354,7.064573874900465e-20
1786740378.537918,twist +Z,fast,1786740364.6194193,-471.0895852566414,-179.17422882932726,735.4574152885334,13.438067162199811,-35.331718894248404,7.063110463936518e-20
1786740378.5662282,twist +Z,fast,1786740364.6194193,-473.04342565615707,-178.403932939666,734.8852887186431,13.380294970475095,-35.47825692421203,7.05129160900162e-20
1786740378.5946553,twist +Z,fast,1786740364.6194193,-472.1545718724601,-177.0634403015016,732.9917285092706,13.2797580226129,-35.41159289043475,7.059046783148088e-20
1786740378.6231341,twist +Z,fast,1786740364.6194193,-470.568275073168,-179.5205191515007,721.9859080524138,13.464038936362723,-35.292620630487896,7.020698597704462e-20
1786740378.651432,twist +Z,fast,1786740364.6194193,-470.25587068547657,-179.82713748430535,724.1246377264597,13.487035311323194,-35.26919030141098,7.10357497025362e-20
1786740378.6799564,twist +Z,fast,1786740364.6194193,-470.4511938055616,-180.2442070964754,724.263381059106,13.518315532235913,-35.28383953541742,7.060484839525263e-20
1786740378.7081738,twist +Z,fast,1786740364.6194193,-471.6490057831634,-178.28088533095718,731.4760901123027,13.371066399821938,-35.373675433737546,7.07386261402228e-20
1786740378.7371585,twist +Z,fast,1786740364.6194193,-468.2509324180187,-178.74623761595,727.9360053574792,13.40596782119638,-35.118819931351766,6.999660080725981e-20
1786740378.7652032,twist +Z,fast,1786740364.6194193,-468.4212580081612,-177.83410142390278,723.5014491713155,13.337557606792966,-35.131594350612275,7.012821283611901e-20
1786740378.7934124,twist +Z,fast,1786740364.6194193,-467.8280157492404,-178.34561764590865,721.1925268228688,13.375921323443354,-35.08710118119332,7.024149908792058e-20
1786740378.8218482,twist +Z,fast,1786740364.6194193,-469.3946837303347,-178.22751020276326,719.8629132709502,13.367063265207452,-35.20460127977527,7.029462567865837e-20
1786740378.8502111,twist +Z,fast,1786740364.6194193,-468.3211449968776,-178.9712800523704,719.085863036139,13.422846003928118,-35.12408587476616,7.024066982305162e-20
1786740378.8785882,twist +Z,fast,1786740364.6194193,-469.25771603037174,-179.41009741092785,723.7430956364533,13.45575730581972,-35.194328702277936,7.027393933473768e-20
1786740378.9072213,twist +Z,fast,1786740364.6194193,-470.5257119847088,-177.7110194404978,730.913443907607,13.328326458037548,-35.28942839885345,7.061125957740197e-20
1786740378.935623,twist +Z,fast,1786740364.6194193,-472.3966439068281,-178.65635602492762,735.3813477816393,13.399226701869853,-35.42974829301235,7.098046418589443e-20
1786740378.964068,twist +Z,fast,1786740364.6194193,-470.71119199586246,-179.15772863250334,726.8230461328885,13.436829647437985,-35.30333939968992,7.028975851653455e-20
1786740378.992279,twist +Z,fast,1786740364.6194193,-468.79980227398664,-179.42560860255776,720.2512358465392,13.456920645192117,-35.159985170549184,6.968617958641232e-20
1786740379.0205417,twist +Z,fast,1786740364.6194193,-469.9711955923294,-179.84068093834242,720.5855119576281,13.48805107037597,-35.247839669424884,6.995133835616773e-20
1786740379.0491283,twist +Z,fast,1786740364.6194193,-471.848435330287,-178.07856237404064,730.2447855142173,13.35589217805337,-35.38863264977162,7.04656953178689e-20
1786740379.0777016,twist +Z,fast,1786740364.6194193,-472.97983039156406,-179.22625803253652,733.0381315512768,13.441969352440399,-35.47348727936749,7.097110187663093e-20
1786740379.1059241,twist +Z,fast,1786740364.6194193,-471.1506274547137,-179.25048766472275,730.074147279699,13.44378657485446,-35.33629705910381,7.032746576040076e-20
1786740379.1343205,twist +Z,fast,1786740364.6194193,-471.32000562463054,-182.8253212149708,723.2731744429266,13.711899091123076,-35.349000421847435,7.051228111895468e-20
1786740379.1626468,twist +Z,fast,1786740364.6194193,-472.6607752950936,-183.17445414328313,721.8927001328339,13.738084060746647,-35.44955814713224,7.048777471041462e-20
1786740379.1911848,twist +Z,fast,1786740364.6194193,-473.272523741417,-181.0895498726809,723.4900183195032,13.581716240451453,-35.49543928060647,7.023817892211474e-20
1786740379.2194269,twist +Z,fast,1786740364.6194193,-473.104982197975,-179.4776088833355,726.8729130351539,13.460820666250445,-35.48287366484831,7.012943701835669e-20
1786740379.2476904,twist +Z,fast,1786740364.6194193,-472.091608051242,-178.940687530824,727.3261009079133,13.420551564812055,-35.40687060384331,7.02809054432618e-20
1786740379.2760906,twist +Z,fast,1786740364.6194193,-472.4724950583791,-178.00265862915887,736.4873641916975,13.350199397187122,-35.43543712937863,7.11128474022538e-20
1786740379.307321,twist +Z,fast,1786740364.6194193,-471.477490937702,-177.56542850000199,731.3481095197176,13.317407137500172,-35.360811820327996,7.080894398000056e-20
1786740379.3329818,twist +Z,fast,1786740364.6194193,-471.6565301375731,-178.31187374570254,736.1991447110722,13.373390530927924,-35.374239760318275,7.100928649911695e-20
1786740379.361322,twist +Z,fast,1786740364.6194193,-472.59943061395734,-179.14641897288618,732.1429192365767,13.435981422966623,-35.444957296047015,7.04881535658086e-20
1786740379.3898594,twist +Z,fast,1786740364.6194193,-472.0423366759883,-174.6519829718444,729.3625992450125,13.098898722888524,-35.403175250699185,7.052249290414245e-20
1786740379.4183223,twist +Z,fast,1786740364.6194193,-469.6610008116072,-170.9662312861119,721.6967326949516,12.822467346458605,-35.22457506087094,6.97850235674134e-20
1786740379.4466505,twist +Z,fast,1786740364.6194193,-466.29366412946547,-170.602518814228,712.5124159749912,12.795188911067466,-34.97202480971013,6.944020676297298e-20
1786740379.4751058,twist +Z,fast,1786740364.6194193,-468.39997563548695,-173.001709593089,718.3852509280814,12.975128219481935,-35.12999817266165,6.952386300898422e-20
1786740379.505605,twist +Z,fast,1786740364.6194193,-473.20212479836937,-180.38858491987799,728.2474821196201,13.529143868991074,-35.490159359877936,7.038165680835836e-20
1786740379.5316467,twist +Z,fast,1786740364.6194193,-476.5404177384844,-182.43402941366446,740.4979244983988,13.682552206025012,-35.74053133038664,7.090593076026308e-20
1786740379.5603309,twist +Z,fast,1786740364.6194193,-475.2564715696076,-183.1733273271385,744.4918301038415,13.737999549535463,-35.64423536772077,7.091697277639786e-20
1786740379.5888352,twist +Z,fast,1786740364.6194193,-472.2254144319422,-179.69256081436038,734.1222838497752,13.476942061077178,-35.416906082395755,7.067428953817512e-20
1786740379.6172948,twist +Z,fast,1786740364.6194193,-471.0549568098263,-177.6826985638063,730.6866027474689,13.326202392285854,-35.32912176073725,6.999587621866675e-20
1786740379.6455364,twist +Z,fast,1786740364.6194193,-470.2484794609909,-178.01662448986576,722.3647872892452,13.35124683674012,-35.26863595957475,6.925311519096247e-20
1786740379.67417,twist +Z,fast,1786740364.6194193,-471.4134372534472,-175.375033379564,726.7924438262507,13.15312750346742,-35.3560077940089,6.918174431297081e-20
1786740379.7046938,twist +Z,fast,1786740364.6194193,-471.7189221165654,-177.60176878682967,728.5044219234542,13.320132659012398,-35.37891915874252,7.033225545466999e-20
1786740379.7308557,twist +Z,fast,1786740364.6194193,-474.7451909473393,-177.93078541031332,747.2369728892718,13.344808905773615,-35.605889321050654,7.178870890041962e-20
1786740379.7594216,twist +Z,fast,1786740364.6194193,-474.9784980784639,-182.19139693988916,754.0622740422432,13.664354770491801,-35.62338735588504,7.227979609856453e-20
1786740379.787711,twist +Z,fast,1786740364.6194193,-475.6059001703402,-181.13492937059527,755.8391706233269,13.585119702794916,-35.67044251277584,7.318786780145605e-20
1786740379.815995,twist +Z,fast,1786740364.6194193,-474.9965516469233,-184.88446138030167,744.7755504102925,13.866334603522933,-35.624741373519456,7.33822819976322e-20
1786740379.844387,twist +Z,fast,1786740364.6194193,-472.9162852164841,-180.7984319030594,733.9309095591716,13.559882392729701,-35.468721391236556,7.225155570193506e-20
1786740379.873075,twist +Z,fast,1786740364.6194193,-472.5163767832105,-181.7519703048946,730.9693114907304,13.631397772867341,-35.438728258740916,7.044842245579398e-20
1786740379.9010806,twist +Z,fast,1786740364.6194193,-474.5477485969809,-179.2641074930716,735.8975369047848,13.444808061980648,-35.591081144773725,6.990242893079858e-20
1786740379.929674,twist +Z,fast,1786740364.6194193,-477.62052698473326,-183.56920523039753,744.2760443156312,13.767690392280134,-35.82153952385531,7.030246902050227e-20
1786740379.9580684,twist +Z,fast,1786740364.6194193,-479.79250185090496,-183.36816462426611,743.8585711459327,13.752612346820118,-35.98443763881827,7.108928525922246e-20
1786740379.9865212,twist +Z,fast,1786740364.6194193,-476.7415114349924,-184.2975868494127,734.3306618073566,13.822319013706068,-35.75561335762473,7.094277681751345e-20
1786740380.0147543,twist +Z,fast,1786740364.6194193,-473.96640757230307,-179.79431534624598,722.5159696795481,13.484573650968688,-35.547480567923046,7.117689410811585e-20
1786740380.0431192,twist +Z,fast,1786740364.6194193,-469.5105503227933,-179.17770099550523,716.5386475813857,13.438327574663159,-35.213291274209794,7.02505309612161e-20
1786740380.07141,twist +Z,fast,1786740364.6194193,-471.45091672010994,-178.8324477233641,723.3900446720627,13.412433579252653,-35.358818754008354,7.064187979001841e-20
1786740380.099755,twist +Z,fast,1786740364.6194193,-472.3284387482295,-177.63832673760533,733.9365131796303,13.32287450532073,-35.42463290611743,7.042080224345842e-20
1786740380.128464,twist +Z,fast,1786740364.6194193,-474.31982807379654,-179.43763876152912,737.4846570814043,13.457822907114949,-35.57398710553498,7.093238706301929e-20
1786740380.1568036,twist +Z,fast,1786740364.6194193,-472.69760328323764,-180.318668933818,733.0979434073424,13.523900170036729,-35.45232024624309,7.025534058108133e-20
1786740380.18524,twist +Z,fast,1786740364.6194193,-473.52893300566893,-183.6565430785604,726.9397693877308,13.774240730892277,-35.514669975425406,7.018645778168869e-20
1786740380.2141912,twist +Z,fast,1786740364.6194193,-471.1385194946074,-179.94170065104913,720.7966281302188,13.495627548828839,-35.33538896209582,7.021416264424976e-20
1786740380.2418375,twist +Z,fast,1786740364.6194193,-468.4763080503071,-180.32641900711963,715.0238609538546,13.52448142553418,-35.135723103773216,6.986463162869413e-20
1786740380.2707865,twist +Z,fast,1786740364.6194193,-469.2652490255264,-178.30037347844075,723.6226455763608,13.372528010883254,-35.19489367691468,6.992421895980145e-20
1786740380.2987604,twist +Z,fast,1786740364.6194193,-473.34560480654545,-181.02827355130785,734.2981577526161,13.577120516348241,-35.50092036049104,7.085793045451991e-20
1786740380.327377,twist +Z,fast,1786740364.6194193,-475.5948648148251,-179.77055634670114,739.3747126943408,13.482791726002755,-35.66961486111215,7.156948084016427e-20
1786740380.3556466,twist +Z,fast,1786740364.6194193,-473.05437748041913,-182.35585729562717,729.8817261409158,13.676689297172292,-35.479078311031614,7.155181929368071e-20
1786740380.3840063,twist +Z,fast,1786740364.6194193,-471.1829329055472,-178.2938220017944,720.31848595457,13.372036650134863,-35.33871996791629,7.031129282029989e-20
1786740380.4123664,twist +Z,fast,1786740364.6194193,-474.65643614657074,-177.49453239315642,726.417361329909,13.31208992948697,-35.59923271099302,7.049680228931488e-20
1786740380.4407992,twist +Z,fast,1786740364.6194193,-475.32063405459803,-176.5645514161689,730.8416246243114,13.242341356212943,-35.64904755409512,7.093202524962106e-20
1786740380.469199,twist +Z,fast,1786740364.6194193,-475.5849389745481,-181.58779899999456,738.3701924606994,13.61908492499975,-35.668870423091434,7.116870476800818e-20
1786740380.4973907,twist +Z,fast,1786740364.6194193,-473.6364640553611,-182.86935346834787,739.3837633592284,13.715201510126395,-35.522734804152336,7.075484327132945e-20
1786740380.525746,twist +Z,fast,1786740364.6194193,-474.4536522168278,-182.99096876209023,737.9999790409565,13.724322657157007,-35.58402391626236,7.032718867557545e-20
1786740380.5541923,twist +Z,fast,1786740364.6194193,-474.6000438787246,-179.67953064843869,736.3748605960691,13.475964798633125,-35.59500329090461,7.035538790262481e-20
1786740380.5825572,twist +Z,fast,1786740364.6194193,-472.5499599135969,-181.3565208672827,729.9421581019815,13.60173906504652,-35.44124699352,7.009559786529947e-20
1786740380.6108584,twist +Z,fast,1786740364.6194193,-476.69313796158895,-181.81540125997685,739.8615536303778,13.636155094498623,-35.75198534711941,7.079682109058823e-20
1786740380.639178,twist +Z,fast,1786740364.6194193,-475.9788718582522,-181.77376860284767,739.1552574052293,13.63303264521375,-35.69841538936924,7.073307477047636e-20
1786740380.667803,twist +Z,fast,1786740364.6194193,-477.9037129272183,-179.48304717411634,740.4337216924623,13.461228538059022,-35.842778469541464,7.133235615829806e-20
1786740380.69616,twist +Z,fast,1786740364.6194193,-475.77833273859505,-183.57479963317883,732.5572948107547,13.768109972488691,-35.68337495539483,7.075148629785299e-20
1786740380.724481,twist +Z,fast,1786740364.6194193,-477.7413466148396,-188.996162224954,738.099430430947,14.174712166871668,-35.830600996113176,7.118499268906165e-20
1786740380.7530327,twist +Z,fast,1786740364.6194193,-478.5684755652037,-189.54789001649965,737.1189569864964,14.216091751237744,-35.892635667390536,7.099914785737549e-20
1786740380.7813048,twist +Z,fast,1786740364.6194193,-476.67663656635705,-182.0624521297999,740.994730973569,13.654683909735315,-35.75074774247705,7.148363519112837e-20
1786740380.8097534,twist +Z,fast,1786740364.6194193,-475.6939511772798,-181.53997833264862,732.9301997034327,13.615498374948945,-35.67704633829622,7.132110465781173e-20
1786740380.8381686,twist +Z,fast,1786740364.6194193,-472.8691805362869,-181.25897138759956,736.8627858007521,13.594422854070249,-35.46518854022182,7.172266809860859e-20
1786740380.8668475,twist +Z,fast,1786740364.6194193,-471.85649411274653,-183.04661965835567,727.337425647177,13.728496474376986,-35.389237058456224,7.104601225531549e-20
1786740380.897133,twist +Z,fast,1786740364.6194193,-471.88212484470023,-180.76631180877348,737.2482063864009,13.557473385658074,-35.39115936335266,7.163758036742528e-20
1786740380.9233642,twist +Z,fast,1786740364.6194193,-472.79300673153466,-182.6718292579003,734.594394818675,13.700387194342884,-35.45947550486525,7.152152845886066e-20
1786740380.9517398,twist +Z,fast,1786740364.6194193,-471.78852044713676,-182.60296348085444,736.6701281534633,13.695222261064341,-35.38413903353564,7.159577666688566e-20
1786740380.9801207,twist +Z,fast,1786740364.6194193,-468.115139108505,-180.1875050780925,723.6595434390738,13.514062880857157,-35.10863543313815,7.06046607581399e-20
1786740381.0086055,twist +Z,fast,1786740364.6194193,-466.2179901883078,-177.1095170708229,713.5485809509055,13.2832137803119,-34.96634926412325,6.982636501623054e-20
1786740381.036885,twist +Z,fast,1786740364.6194193,-463.1972193933102,-177.70999574253676,710.3605929213109,13.328249680690465,-34.73979145449838,6.915692369785311e-20
1786740381.0653284,twist +Z,fast,1786740364.6194193,-463.8698834345096,-178.70532083751652,714.3414503701324,13.40289906281404,-34.790241257588406,6.970132619162061e-20
1786740381.0954762,twist +Z,fast,1786740364.6194193,-465.9071966588531,-180.335131013887,721.1790925470377,13.525134826041711,-34.943039749414076,6.971639194362252e-20
1786740381.122063,twist +Z,fast,1786740364.6194193,-470.48842876713934,-182.13019006824197,735.2576197256349,13.659764255118471,-35.286632157535685,7.082944521076735e-20
1786740381.150373,twist +Z,fast,1786740364.6194193,-473.1933021042032,-182.78823199837348,733.9242343374272,13.70911739987817,-35.48949765781549,7.094931013940485e-20
1786740381.1787088,twist +Z,fast,1786740364.6194193,-473.1157240266316,-185.15465951740623,731.0306175066598,13.886599463805691,-35.48367930199751,7.167260350229045e-20
1786740381.2072666,twist +Z,fast,1786740364.6194193,-472.71068216591766,-186.0388620000947,722.4712665057596,13.952914650007177,-35.45330116244405,7.124711434135707e-20
1786740381.235503,twist +Z,fast,1786740364.6194193,-470.0315061231845,-188.8842728751771,716.9989538062409,14.16632046563836,-35.25236295923901,7.03804671366579e-20
1786740381.2642791,twist +Z,fast,1786740364.6194193,-469.9236400676996,-187.36974196470874,722.533322309816,14.05273064735334,-35.24427300507766,7.02350604347074e-20
1786740381.2951255,twist +Z,fast,1786740364.6194193,-469.7261044780598,-186.19069221294728,725.8959114038798,13.964301915971195,-35.229457835854866,7.085230300983385e-20
1786740381.3209443,twist +Z,fast,1786740364.6194193,-469.99252321949916,-183.66527381498008,730.3463799019182,13.774895536123747,-35.24943924146263,7.073481531535982e-20
1786740381.3492916,twist +Z,fast,1786740364.6194193,-473.1434060697802,-179.9497003009078,736.1493337400434,13.496227522568436,-35.485755455233786,7.10927050754731e-20
1786740381.377676,twist +Z,fast,1786740364.6194193,-472.68580937751676,-180.10244121893174,732.2939560156465,13.507683091420173,-35.45143570331384,7.066105005821357e-20
1786740381.4061608,twist +Z,fast,1786740364.6194193,-473.90168673255994,-179.24368675060293,731.4030967239005,13.443276506295465,-35.54262650494232,7.155786741661466e-20
1786740381.434495,twist +Z,fast,1786740364.6194193,-469.08508464163197,-180.98806167867713,725.9475352055215,13.574104625901011,-35.18138134812252,7.07462562358711e-20
1786740381.4628778,twist +Z,fast,1786740364.6194193,-467.9613343867668,-178.7684766940563,727.0003483396658,13.407635752054386,-35.097100079007596,7.043505230144372e-20
1786740381.4925897,twist +Z,fast,1786740364.6194193,-466.6446314411073,-177.00955604281717,729.8680562077052,13.275716703211547,-34.99834735808326,6.976612184163318e-20
1786740381.519727,twist +Z,fast,1786740364.6194193,-467.7446523589383,-177.95291690438398,735.3976712170188,13.346468767829041,-35.0808489269205,6.996799399283474e-20
1786740381.5481396,twist +Z,fast,1786740364.6194193,-468.8874674305239,-179.3035940860168,731.7579248099473,13.447769556451636,-35.16656005728958,6.984248513275169e-20
1786740381.5764964,twist +Z,fast,1786740364.6194193,-469.9174992253438,-180.67097869533063,731.0572735888627,13.550323402150095,-35.243812441900985,7.006141581502065e-20
1786740381.6048033,twist +Z,fast,1786740364.6194193,-468.9297809106606,-180.00022999816292,714.83154758203,13.500017249862385,-35.169733568299705,6.934028807788303e-20
1786740381.633226,twist +Z,fast,1786740364.6194193,-467.1614730272481,-178.84406785209774,713.0715875871638,13.413305088907546,-35.0371104770439,6.891735175307066e-20
1786740381.6617951,twist +Z,fast,1786740364.6194193,-464.5533416486928,-179.06357110396584,709.8686291732929,13.429767832797726,-34.841500623652024,6.788837444397337e-20
1786740381.692703,twist +Z,fast,1786740364.6194193,-465.3176234077846,-177.92213140743274,717.3481127812001,13.344159855557837,-34.89882175558418,6.853480780416921e-20
1786740381.7184808,twist +Z,fast,1786740364.6194193,-467.8421655249408,-178.2387839650952,735.1065388697871,13.367908797382288,-35.0881624143707,7.020484674713017e-20
1786740381.746904,twist +Z,fast,1786740364.6194193,-471.3762452421729,-177.26418586127,736.8901264269289,13.294813939595603,-35.353218393163274,7.115043999531147e-20
1786740381.7757275,twist +Z,fast,1786740364.6194193,-471.7076529059268,-176.85601932397606,737.7082269400025,13.264201449298529,-35.37807396794462,7.084289018186656e-20
1786740381.8036218,twist +Z,fast,1786740364.6194193,-469.18448473995204,-176.10353210196035,718.307433324806,13.20776490764732,-35.18883635549661,6.927071373391005e-20
1786740381.8321924,twist +Z,fast,1786740364.6194193,-467.6293197321579,-179.89193323876248,718.0339946846334,13.491894992907593,-35.07219897991216,6.941123372681843e-20
1786740381.860438,twist +Z,fast,1786740364.6194193,-467.74439472116364,-185.35312050772052,715.4949290359227,13.901484038079364,-35.08082960408741,7.00438156166189e-20
1786740381.8886986,twist +Z,fast,1786740364.6194193,-471.4220090029985,-187.25907539857099,724.73283485497,14.044430654893024,-35.356650675225225,7.049049434897425e-20
1786740381.9171515,twist +Z,fast,1786740364.6194193,-474.00589381562304,-183.68765654027743,736.9958394624791,13.776574240521061,-35.550442036171944,7.080240075867883e-20
1786740381.945858,twist +Z,fast,1786740364.6194193,-472.3143004935396,-179.07617820282576,734.2144770758268,13.43071336521211,-35.423572537015616,7.025517823995534e-20
1786740381.9741988,twist +Z,fast,1786740364.6194193,-472.4370118446218,-178.72496846577485,731.566256215815,13.404372634933235,-35.43277588834684,7.025491664145828e-20
1786740382.0023596,twist +Z,fast,1786740364.6194193,-471.5307375245511,-180.76399335567828,713.2239537479272,13.557299501676116,-35.36480531434153,6.937092467967834e-20
1786740382.0308592,twist +Z,fast,1786740364.6194193,-472.1920105350782,-182.95420259265745,715.8288166469201,13.721565194449521,-35.41440079013118,6.95690956345475e-20
1786740382.0593011,twist +Z,fast,1786740364.6194193,-471.58902476266303,-183.6385414936501,718.722040487627,13.772890612024018,-35.369176857199996,7.031329982144214e-20
1786740382.0885017,twist +Z,fast,1786740364.6194193,-471.95430475685953,-182.5971791940483,729.7165798107844,13.694788439553871,-35.396572856764735,7.085255291542695e-20
1786740382.116016,twist +Z,fast,1786740364.6194193,-473.90805375501714,-181.30563836322267,733.6423853280294,13.597922877242123,-35.54310403162647,7.091307976489462e-20
1786740382.1446006,twist +Z,fast,1786740364.6194193,-473.5333742886801,-180.73096446505974,730.9054515152866,13.554822334879571,-35.515003071651144,7.046498333715897e-20
1786740382.1727753,twist +Z,fast,1786740364.6194193,-469.43526815662835,-179.590029857363,719.1951224134182,13.469252239302403,-35.207645111747304,6.943742320391419e-20
1786740382.2012873,twist +Z,fast,1786740364.6194193,-465.9333318356453,-179.35148074108736,709.0225226373523,13.451361055581732,-34.944999887673546,6.937484832943991e-20
1786740382.229736,twist +Z,fast,1786740364.6194193,-464.9521682496975,-181.0753180756401,708.0560708807834,13.580648855673335,-34.87141261872735,6.886727762724143e-20
1786740382.2580569,twist +Z,fast,1786740364.6194193,-469.3407991079821,-184.50648773667,725.1813030088233,13.83798658025042,-35.2005599330989,7.058519081140489e-20
1786740382.2872088,twist +Z,fast,1786740364.6194193,-472.0264211241015,-184.67700420345102,734.3319513872912,13.85077531525906,-35.401981584307705,7.115253176522032e-20
1786740382.3147218,twist +Z,fast,1786740364.6194193,-474.1060701602519,-181.52364500382168,740.5598267524601,13.614273375286803,-35.55795526201932,7.161556777177753e-20
1786740382.3431337,twist +Z,fast,1786740364.6194193,-472.088129250184,-179.43139243059272,729.6834517862135,13.457354432294625,-35.40660969376406,7.070166691766033e-20
1786740382.3715634,twist +Z,fast,1786740364.6194193,-472.5248903470974,-180.86654175217836,731.0693899549706,13.564990631413547,-35.439366776032294,7.060061474282743e-20
1786740382.4001057,twist +Z,fast,1786740364.6194193,-468.240059470535,-183.6463045611814,718.5480209570678,13.773472842088662,-35.118004460290294,7.001575692128486e-20
1786740382.4284427,twist +Z,fast,1786740364.6194193,-468.98024870860263,-184.30725252830337,719.4417280990328,13.823043939622995,-35.17351865314542,7.001549179406583e-20
1786740382.4568589,twist +Z,fast,1786740364.6194193,-468.48289425263147,-183.69392929508933,717.3940714436712,13.777044697131952,-35.13621706894759,7.051518657586662e-20
1786740382.4858627,twist +Z,fast,1786740364.6194193,-469.5315089336473,-181.17619284707212,723.596241103507,13.588214463530651,-35.214863170023825,7.062530744260118e-20
1786740382.513568,twist +Z,fast,1786740364.6194193,-470.3921582316025,-181.60616870415913,732.7399102557365,13.620462652812112,-35.27941186737046,7.052090599041592e-20
1786740382.541853,twist +Z,fast,1786740364.6194193,-468.93242471851227,-180.00014956231314,727.7772540400047,13.500011217173768,-35.16993185388858,6.908741009897072e-20
1786740382.570391,twist +Z,fast,1786740364.6194193,-469.75827595542705,-183.50215718285278,721.9163104726149,13.762661788714187,-35.23187069665708,6.891497361861159e-20
1786740382.598778,twist +Z,fast,1786740364.6194193,-466.6884716225113,-182.16967321650782,708.1961380087278,13.662725491238415,-35.001635371688685,6.876553811651398e-20
1786740382.6272142,twist +Z,fast,1786740364.6194193,-471.53907588908396,-181.96927503568702,719.0162900817804,13.647695627676786,-35.365430691681425,6.92952968134012e-20
1786740382.655583,twist +Z,fast,1786740364.6194193,-470.10096822981495,-180.4048881518397,719.5287178894323,13.530366611388036,-35.257572617236434,6.977460305260133e-20
1786740382.6854377,twist +Z,fast,1786740364.6194193,-470.7777110136817,-181.05580685134316,719.9667098411146,13.579185513850955,-35.308328326026405,7.043981057146017e-20
1786740382.7125182,twist +Z,fast,1786740364.6194193,-468.2619707391236,-181.29735985752313,715.0947361688113,13.59730198931447,-35.11964780543453,7.078435074688801e-20
1786740382.740692,twist +Z,fast,1786740364.6194193,-470.6581504979322,-182.39945632851902,722.7793718479534,13.679959224639124,-35.29936128734512,7.118951293531335e-20
1786740382.7691119,twist +Z,fast,1786740364.6194193,-469.49002121509784,-181.10134544855362,723.2982549281523,13.582600908641592,-35.21175159113242,7.054080537088213e-20
1786740382.79749,twist +Z,fast,1786740364.6194193,-466.8240160565424,-183.23686583350343,726.6798312046321,13.742764937512941,-35.011801204240776,7.059648053181545e-20
1786740382.825883,twist +Z,fast,1786740364.6194193,-464.98262252234053,-180.30676172147366,722.2225869364011,13.523007129110763,-34.873696689175794,6.99913723672525e-20
1786740382.854483,twist +Z,fast,1786740364.6194193,-469.0516749489534,-183.10291344978953,727.9467872125706,13.732718508734298,-35.17887562117167,7.06455704811374e-20
1786740382.884356,twist +Z,fast,1786740364.6194193,-471.29112208214383,-180.0134308725502,723.937696599266,13.501007315441516,-35.34683415616088,6.981419147624946e-20
1786740382.9112604,twist +Z,fast,1786740364.6194193,-473.84351066589534,-180.12620973895594,730.8015672847459,13.509465730422026,-35.53826329994255,7.028184793674211e-20
1786740382.9398222,twist +Z,fast,1786740364.6194193,-472.25551634958856,-179.67671983787875,734.5160775939958,13.475753987841149,-35.419163726219345,6.984190426476674e-20
1786740382.9680412,twist +Z,fast,1786740364.6194193,-470.7002845687498,-179.2831981094289,731.7289931483547,13.446239858207452,-35.302521342656426,6.975894867443652e-20
1786740382.9963992,twist +Z,fast,1786740364.6194193,-468.678001708,-178.66670931562692,721.1267799091693,13.40000319867232,-35.15085012810012,6.887307415250366e-20
1786740383.024793,twist +Z,fast,1786740364.6194193,-466.77612468999496,-175.30485740671918,718.4932412194648,13.147864305504132,-35.00820935174982,6.817698832809745e-20
1786740383.0532143,twist +Z,fast,1786740364.6194193,-466.94173391029335,-177.12777113237132,724.763911112499,13.28458283492807,-35.02063004327205,6.938832124726182e-20
1786740383.0828834,twist +Z,fast,1786740364.6194193,-466.79592821034976,-178.2474556534454,736.2408077257733,13.368559174008514,-35.00969461577658,6.996990778615747e-20
1786740383.1101224,twist +Z,fast,1786740364.6194193,-469.2222099970163,-180.34640387499303,744.1572275257513,13.525980290624748,-35.191665749776405,7.166881683387449e-20
1786740383.1385226,twist +Z,fast,1786740364.6194193,-468.31332925276274,-180.9006965068853,731.9326733681564,13.567552238016578,-35.12349969395749,7.056439567099915e-20
1786740383.1671844,twist +Z,fast,1786740364.6194193,-469.4175543372812,-182.457566043694,726.4185877595255,13.684317453277291,-35.20631657529634,7.076899958596778e-20
1786740383.19507,twist +Z,fast,1786740364.6194193,-466.5821729446684,-181.13263652320063,709.7063500647173,13.584947739240281,-34.993662970850345,6.924943070588839e-20
1786740383.2234733,twist +Z,fast,1786740364.6194193,-468.5500658439523,-179.47842147372774,713.8325301561508,13.46088161052975,-35.14125493829659,6.910859127579283e-20
1786740383.2518797,twist +Z,fast,1786740364.6194193,-469.31591331155096,-180.83327687708675,717.9277634830278,13.562495765781893,-35.198693498366545,6.921455962327292e-20
1786740383.2824388,twist +Z,fast,1786740364.6194193,-471.79767856793615,-181.4387305920544,728.8531113940135,13.60790479440421,-35.38482589259562,7.028855569548808e-20
1786740383.3090627,twist +Z,fast,1786740364.6194193,-472.19737039564006,-182.29584308738197,742.061738348676,13.672188231553793,-35.41480277967318,7.119140631436743e-20
1786740383.337155,twist +Z,fast,1786740364.6194193,-472.4877236158618,-182.83904892371118,739.0656080104736,13.712928669278657,-35.43657927118992,7.136455965415581e-20
1786740383.3656864,twist +Z,fast,1786740364.6194193,-471.89713302707423,-182.58951596830514,730.8052248037839,13.694213697623145,-35.392284977030826,7.079694845493931e-20
1786740383.3940585,twist +Z,fast,1786740364.6194193,-469.32992420578466,-182.24035794300528,721.4204169534087,13.668026845725645,-35.19974431543422,6.995147443629686e-20
1786740383.4223316,twist +Z,fast,1786740364.6194193,-467.87444756065224,-180.17486453189588,717.5553796180293,13.513114839892491,-35.09058356704922,6.968710789324585e-20
1786740383.4511573,twist +Z,fast,1786740364.6194193,-468.0544313644109,-182.61382199403113,724.9093802980233,13.696036649552422,-35.10408235233088,7.025033562374347e-20
1786740383.4816067,twist +Z,fast,1786740364.6194193,-470.7571365800468,-183.17975411702128,733.3078813715538,13.73848155877683,-35.30678524350378,7.140940465356927e-20
1786740383.507688,twist +Z,fast,1786740364.6194193,-470.65289292981015,-180.5973363246443,739.911709123202,13.544800224348581,-35.29896696973603,7.138751851768362e-20
1786740383.5359871,twist +Z,fast,1786740364.6194193,-469.59259548656064,-177.8079311443504,736.2403336163543,13.335594835826601,-35.21944466149215,7.088363283086047e-20
1786740383.5643132,twist +Z,fast,1786740364.6194193,-468.40902910315526,-179.40211988305168,725.9653638707714,13.455158991229023,-35.13067718273668,6.997985812675656e-20
1786740383.5929294,twist +Z,fast,1786740364.6194193,-467.8398792171388,-179.218667989977,719.0711064714042,13.4414000992485,-35.0879909412856,6.948248049415068e-20
1786740383.6212113,twist +Z,fast,1786740364.6194193,-469.12998389249105,-179.44905851062276,720.395749108061,13.458679388296904,-35.18474879193711,6.982649099000723e-20
1786740383.649771,twist +Z,fast,1786740364.6194193,-468.5172422237915,-178.36352508039158,724.1820739962368,13.377264381029608,-35.13879316678455,7.046918106611454e-20
1786740383.678956,twist +Z,fast,1786740364.6194193,-467.4632392788035,-180.36072181574912,727.048802957027,13.527054136181388,-35.0597429459105,7.049909658199191e-20
1786740383.7067475,twist +Z,fast,1786740364.6194193,-467.9894600910038,-183.27712165469097,730.9021052033195,13.745784124102027,-35.09920950682548,7.074890865570114e-20
1786740383.7347414,twist +Z,fast,1786740364.6194193,-467.1270250245457,-182.9980453819827,724.6408703764209,13.724853403648897,-35.034526876840985,7.007626890549432e-20
1786740383.7632453,twist +Z,fast,1786740364.6194193,-469.6665824502011,-182.68219550375875,724.1381151400974,13.701164662782208,-35.22499368376537,7.051885693062035e-20
1786740383.7914941,twist +Z,fast,1786740364.6194193,-468.02016826327326,-178.95448241704935,716.1554600690151,13.421586181279086,-35.101512619745634,7.009670314044655e-20
1786740383.8199332,twist +Z,fast,1786740364.6194193,-466.2853157180725,-179.37821126365452,713.3174083196882,13.4533658447743,-34.9713986788556,6.962467587498534e-20
1786740383.8482652,twist +Z,fast,1786740364.6194193,-463.1467268414535,-181.3338700114092,705.7856953776964,13.600040250855844,-34.73600451310901,6.970109573682467e-20
1786740383.8767295,twist +Z,fast,1786740364.6194193,-463.67488962519565,-183.7417459234374,714.7844921336564,13.780630944258082,-34.77561672188979,7.000333845068393e-20
1786740383.9051483,twist +Z,fast,1786740364.6194193,-467.0096853221471,-181.2400259025368,718.992071160751,13.593001942690488,-35.02572639916116,7.056321995418908e-20
1786740383.9336953,twist +Z,fast,1786740364.6194193,-469.7667147858592,-179.6755739335847,733.9621233219868,13.475668045018995,-35.232503608939695,7.092767404757435e-20
1786740383.9620535,twist +Z,fast,1786740364.6194193,-469.51817543273955,-179.46808680363915,729.6303959124825,13.460106510273203,-35.21386315745561,7.045805034584419e-20
1786740383.9904253,twist +Z,fast,1786740364.6194193,-467.7304522777895,-180.64292214035743,729.9978081842064,13.548219160527065,-35.07978392083456,7.026418037542448e-20
1786740384.0189672,twist +Z,fast,1786740364.6194193,-465.8919920576709,-181.00172159970793,717.7209098693456,13.575129119978389,-34.94189940432565,6.961498852425706e-20
1786740384.0470858,twist +Z,fast,1786740364.6194193,-465.76418068536987,-180.7383851699501,713.5628791488389,13.555378887746432,-34.93231355140287,6.927978529713406e-20
1786740384.075758,twist +Z,fast,1786740364.6194193,-467.4563036384684,-183.6207972386644,718.5716559612938,13.771559792900117,-35.059222772885306,6.989610023740694e-20
1786740384.1053166,twist +Z,fast,1786740364.6194193,-466.8913690515474,-181.1956112844672,719.7590467309328,13.58967084633527,-35.01685267886642,6.973513432532072e-20
1786740384.1326075,twist +Z,fast,1786740364.6194193,-465.850807109804,-178.22283421301483,725.812965436764,13.36671256597634,-34.93881053323558,7.010992353821563e-20
1786740384.160842,twist +Z,fast,1786740364.6194193,-466.0820737420354,-177.18757789835024,724.083831516672,13.289068342376584,-34.95615553065296,6.992547611664308e-20
1786740384.189413,twist +Z,fast,1786740364.6194193,-469.91986726043706,-179.82914350590897,727.9441692832779,13.487185762943302,-35.24399004453287,7.023800593547877e-20
1786740384.2176745,twist +Z,fast,1786740364.6194193,-472.1378499040802,-183.44446516824632,730.84695087603,13.758334887618805,-35.41033874280627,7.109389482993906e-20
1786740384.2461722,twist +Z,fast,1786740364.6194193,-471.85959802273555,-181.47412759625308,735.1262241949671,13.610559569719161,-35.38946985170547,7.125729343524404e-20
1786740384.2743688,twist +Z,fast,1786740364.6194193,-469.7196916549233,-182.6283803364871,735.0201503941034,13.697128525236824,-35.22897687411945,7.14774902929947e-20
1786740384.3044121,twist +Z,fast,1786740364.6194193,-467.0636767448691,-181.77377969726388,722.6161099672272,13.63303347729499,-35.02977575586544,7.036626129194628e-20
1786740384.3314228,twist +Z,fast,1786740364.6194193,-470.7158491029827,-183.61166328239995,726.3327379287957,13.770874746180201,-35.30368868272384,7.031796194685129e-20
1786740384.3597655,twist +Z,fast,1786740364.6194193,-470.905957026971,-181.43715908003446,728.1927541214909,13.607786931002824,-35.317946777022954,6.96615541176527e-20
1786740384.3883064,twist +Z,fast,1786740364.6194193,-471.9288356619477,-179.98620815723677,727.7162082943787,13.498965611792858,-35.39466267464611,6.9187117322202e-20
1786740384.416377,twist +Z,fast,1786740364.6194193,-469.6393036603422,-179.42501044965263,721.7023740754985,13.456875783724211,-35.22294777452579,6.927469380248308e-20
1786740384.44475,twist +Z,fast,1786740364.6194193,-470.2517847009394,-180.15475364506779,718.7731886371448,13.51160652338044,-35.26888385257069,6.960289351686437e-20
1786740384.4738169,twist +Z,fast,1786740364.6194193,-472.75882298066335,-180.86017412953436,727.8167842580324,13.564513059715186,-35.456911723550114,6.984804680063746e-20
1786740384.5018754,twist +Z,fast,1786740364.6194193,-473.2182965842917,-184.1721302153802,736.326506244447,13.81290976615379,-35.491372243821985,6.994715364082238e-20
1786740384.5302145,twist +Z,fast,1786740364.6194193,-474.25589307883365,-183.5087196859762,738.7813235001413,13.763153976448667,-35.56919198091261,6.969052935098113e-20
1786740384.5585058,twist +Z,fast,1786740364.6194193,-470.15904695812105,-183.1135338635329,729.8837984495758,13.733515039765134,-35.261928521859346,6.976592882747532e-20
1786740384.5865593,twist +Z,fast,1786740364.6194193,-467.75118761449903,-179.29734409634295,716.948125969845,13.447300807225897,-35.08133907108756,6.904198983869856e-20
1786740384.6152275,twist +Z,fast,1786740364.6194193,-466.271487037332,-181.00295075683823,714.4465521234933,13.575221306763222,-34.97036152779988,6.930809062039739e-20
1786740384.6435046,twist +Z,fast,1786740364.6194193,-467.9430664804463,-180.90932651330752,718.7099090264373,13.568199488498234,-35.09572998603372,6.942921276108773e-20
1786740384.6721354,twist +Z,fast,1786740364.6194193,-468.85313192223884,-180.61444717965787,723.7437595043812,13.546083538474644,-35.16398489416813,6.969836159327697e-20
1786740384.700349,twist +Z,fast,1786740364.6194193,-471.6216575928079,-179.61869943868373,730.1634368686491,13.471402457901409,-35.37162431946079,6.985506839600389e-20
1786740384.7288125,twist +Z,fast,1786740364.6194193,-472.5023270897582,-179.3273195695847,731.3542946622747,13.449548967719206,-35.43767453173199,6.99103255240397e-20
1786740384.7569714,twist +Z,fast,1786740364.6194193,-472.8828727911109,-179.33917925918865,732.9417415123326,13.450438444439268,-35.466215459333526,7.015709481172033e-20
1786740384.7855127,twist +Z,fast,1786740364.6194193,-471.67886609265315,-179.04578179134148,726.2518315729785,13.428433634350913,-35.37591495694904,7.031981917923375e-20
1786740384.813944,twist +Z,fast,1786740364.6194193,-471.2917724918125,-180.15397127393908,726.5904895265721,13.511547845545753,-35.34688293688637,7.046754097169621e-20
1786740384.8422413,twist +Z,fast,1786740364.6194193,-470.48776591407295,-179.8779360869844,721.9769641142557,13.490845206523996,-35.28658244355568,6.994960691486383e-20
1786740384.8716762,twist +Z,fast,1786740364.6194193,-470.18425614137504,-180.48697662006396,727.4354038138526,13.536523246505201,-35.26381921060352,7.006383256554231e-20
1786740384.8992946,twist +Z,fast,1786740364.6194193,-471.2543410023927,-182.7491545033737,732.9583875058543,13.706186587753376,-35.344075575179744,7.027096221480489e-20
1786740384.9275398,twist +Z,fast,1786740364.6194193,-471.8186168359057,-183.16130101331373,732.3204713118712,13.737097575998835,-35.38639626269322,7.101378984329373e-20
1786740384.9560127,twist +Z,fast,1786740364.6194193,-470.9808219856668,-184.00280383317852,732.8372583385662,13.800210287488543,-35.32356164892526,7.081152645930102e-20
1786740384.9843717,twist +Z,fast,1786740364.6194193,-471.5934261856405,-184.45656558246947,730.3600658463338,13.834242418685573,-35.369506963923165,7.096159348409539e-20
1786740385.0132763,twist +Z,fast,1786740364.6194193,-471.65482717452187,-186.3104982379897,727.6073903692159,13.97328736784932,-35.37411203808929,7.138466558775096e-20
1786740385.0410283,twist +Z,fast,1786740364.6194193,-469.6593100822847,-184.72024987261125,720.59584718727,13.85401874044599,-35.22444825617166,7.13303378912309e-20
1786740385.069353,twist +Z,fast,1786740364.6194193,-469.67999805025147,-182.5045273751963,726.7162049694871,13.687839553139778,-35.22599985376925,7.196095115839307e-20
1786740385.0977352,twist +Z,fast,1786740364.6194193,-468.1973178282942,-180.20343752903375,734.2519008825157,13.515257814677714,-35.114798837122294,7.188390487538165e-20
1786740385.1261303,twist +Z,fast,1786740364.6194193,-471.1745942513371,-179.61584024204024,737.9446998163385,13.471188018153331,-35.33809456885045,7.185031723795105e-20
1786740385.1546519,twist +Z,fast,1786740364.6194193,-470.62997828402877,-178.8441077063776,738.7197982282878,13.413308077978524,-35.29724837130255,7.147472854049283e-20
1786740385.182995,twist +Z,fast,1786740364.6194193,-471.42181555095794,-176.63933145265196,735.0650584258519,13.247949858949053,-35.356636166322005,7.12591923627433e-20
1786740385.2114599,twist +Z,fast,1786740364.6194193,-470.59842606365874,-176.56180522158354,735.8025349361496,13.242135391618977,-35.294881954774574,7.120024758902809e-20
1786740385.240035,twist +Z,fast,1786740364.6194193,-470.4563396841072,-178.89933733561577,731.6137529610696,13.417450300171264,-35.28422547630826,7.157807276134713e-20
1786740385.2680128,twist +Z,fast,1786740364.6194193,-470.23860806436505,-180.80831623934273,731.6869159565449,13.560623717950943,-35.26789560482746,7.121247828811594e-20
1786740385.2965279,twist +Z,fast,1786740364.6194193,-470.2166782547133,-180.83787193271348,732.7083155671862,13.562840394953678,-35.26625086910367,7.187870246798441e-20
1786740385.324881,twist +Z,fast,1786740364.6194193,-469.8199608487821,-176.47948517621091,730.7694289611436,13.23596138821603,-35.23649706365875,7.151836235165206e-20
1786740385.353371,twist +Z,fast,1786740364.6194193,-472.3877338984853,-177.48327495404374,739.3454664189185,13.311245621553471,-35.42908004238671,7.187016527096482e-20
1786740385.3822267,twist +Z,fast,1786740364.6194193,-470.5231569605553,-179.15298709185913,733.59658847421,13.436474031889642,-35.28923677204186,7.142048793419543e-20
1786740385.4099998,twist +Z,fast,1786740364.6194193,-469.1383420754837,-179.43064484627928,729.1651423640133,13.457298363471214,-35.185375655661446,7.111909099140698e-20
1786740385.4386816,twist +Z,fast,1786740364.6194193,-467.28337094380186,-181.4906228081053,719.4948521773331,13.611796710607994,-35.04625282078541,7.063926960996702e-20
1786740385.4668853,twist +Z,fast,1786740364.6194193,-470.5539066087108,-181.46409339365255,726.100644688061,13.60980700452414,-35.291542995653636,7.061038159898197e-20
1786740385.4955297,twist +Z,fast,1786740364.6194193,-472.3842485990781,-183.2032240489691,737.7385466236183,13.740241803672891,-35.428818644931034,7.129241613955489e-20
1786740385.5241704,twist +Z,fast,1786740364.6194193,-472.55521910498646,-180.72636485960027,740.7084839569698,13.554477364470255,-35.441641432874206,7.153065957331949e-20
1786740385.552431,twist +Z,fast,1786740364.6194193,-470.48302780812764,-181.24575748261702,737.0958275241219,13.593431811196528,-35.28622708560985,7.114821115383807e-20
1786740385.5803838,twist +Z,fast,1786740364.6194193,-471.00545412269,-183.13805591573976,731.8754976267201,13.735354193680745,-35.32540905920205,7.121188944623087e-20
1786740385.609194,twist +Z,fast,1786740364.6194193,-471.41196820458754,-182.9386717508329,733.6251045454701,13.720400381312675,-35.355897615344425,7.158390567558126e-20
1786740385.637527,twist +Z,fast,1786740364.6194193,-473.1021884818442,-181.20345496884113,737.5990208466746,13.590259122663372,-35.48266413613855,7.221508367380347e-20
1786740385.6657119,twist +Z,fast,1786740364.6194193,-471.8566975522067,-179.14217823612046,738.6094110515232,13.435663367709193,-35.389252316415686,7.146361745588079e-20
1786740385.6945364,twist +Z,fast,1786740364.6194193,-471.0773160961312,-181.52091207678427,740.4954578454981,13.614068405758918,-35.33079870721013,7.107927718022846e-20
1786740385.7224793,twist +Z,fast,1786740364.6194193,-471.02258659751215,-183.65928297771097,738.782671332975,13.7744462233285,-35.326693994813496,7.164204487327578e-20
1786740385.7507946,twist +Z,fast,1786740364.6194193,-470.69712862229153,-185.27628585843115,731.9175578091699,13.895721439382537,-35.30228464667205,7.131641585569923e-20
1786740385.7793777,twist +Z,fast,1786740364.6194193,-471.2865043076763,-183.43770272220445,728.2775556025963,13.757827704165447,-35.34648782307585,7.221553077709962e-20
1786740385.8075285,twist +Z,fast,1786740364.6194193,-470.3256177843987,-181.40910451571176,728.3767503418594,13.605682838678572,-35.27442133383017,7.188876204113403e-20
1786740385.8359385,twist +Z,fast,1786740364.6194193,-472.65673037248234,-182.12951432334864,742.6462709958896,13.659713574251452,-35.44925477793641,7.338704610425051e-20
1786740385.8659067,twist +Z,fast,1786740364.6194193,-472.58281477420314,-184.42632939847158,738.8869371846786,13.831974704885635,-35.44371110806536,7.2163608890978e-20
1786740385.8928163,twist +Z,fast,1786740364.6194193,-472.10971120104887,-185.28652647577758,741.3581959768335,13.89648948568352,-35.40822834007864,7.141353059688524e-20
1786740385.9212933,twist +Z,fast,1786740364.6194193,-470.95854307031505,-183.61679335532085,730.2495259389707,13.771259501649272,-35.32189073027378,7.083441335596548e-20
1786740385.9495506,twist +Z,fast,1786740364.6194193,-472.6094845468797,-180.8663720082351,736.1014846379139,13.564977900617922,-35.445711341016256,7.08621587219118e-20
1786740385.9778347,twist +Z,fast,1786740364.6194193,-472.6540528266396,-181.43306316918017,726.7696078226181,13.607479737688823,-35.449053961998445,7.181727985002724e-20
1786740386.0063205,twist +Z,fast,1786740364.6194193,-472.0340126739484,-179.41836659285514,722.229191082356,13.456377494464302,-35.40255095054635,7.117564962152541e-20
1786740386.034604,twist +Z,fast,1786740364.6194193,-473.45752684100853,-180.26111027024888,732.9945816102017,13.51958327026895,-35.50931451307594,7.229134095392165e-20
1786740386.0641015,twist +Z,fast,1786740364.6194193,-475.0552627734887,-179.36130100686603,743.5331500767761,13.452097575515172,-35.62914470801197,7.14747490449678e-20
1786740386.091463,twist +Z,fast,1786740364.6194193,-478.00238760000457,-183.81056025944645,759.2278337099206,13.785792019458714,-35.85017907000064,7.320235131968871e-20
1786740386.1199508,twist +Z,fast,1786740364.6194193,-475.49563991703144,-188.72219455552454,752.3589820790376,14.154164591664514,-35.662172993777375,7.364910610256077e-20
1786740386.148524,twist +Z,fast,1786740364.6194193,-475.69503142128406,-186.68841371224642,753.0804712100535,14.001631028418789,-35.677127356596586,7.38170037390322e-20
1786740386.176747,twist +Z,fast,1786740364.6194193,-474.6787588095108,-184.21870692127982,738.986481342231,13.816403019096267,-35.600906910713334,7.272912662650421e-20
1786740386.2050006,twist +Z,fast,1786740364.6194193,-473.6558827196973,-179.64440065349743,731.3778310822672,13.473330049012535,-35.52419120397744,7.13462222430336e-20
1786740386.2334938,twist +Z,fast,1786740364.6194193,-471.15552390763787,-178.96326117050194,728.2965480798821,13.422244587787905,-35.336664293073156,7.130296730790064e-20
1786740386.2634242,twist +Z,fast,1786740364.6194193,-468.7553231072461,-178.0456330732933,726.9587997549534,13.353422480497212,-35.156649233043716,7.049293811334466e-20
1786740386.2901516,twist +Z,fast,1786740364.6194193,-469.62382530530294,-180.47827020898546,726.3400186865392,13.535870265674173,-35.22178689789818,7.063329889665803e-20
1786740386.31886,twist +Z,fast,1786740364.6194193,-472.9256380863585,-182.2740181329225,731.6768093184937,13.670551359969178,-35.46942285647701,7.081781997926748e-20
1786740386.34718,twist +Z,fast,1786740364.6194193,-475.70472629856204,-183.4268944590541,737.9932182661933,13.757017084429275,-35.67785447239251,7.092901112727523e-20
1786740386.3752296,twist +Z,fast,1786740364.6194193,-474.3640262378749,-183.25399617371738,735.790291485664,13.744049713029025,-35.57730196784071,7.066525015226667e-20
1786740386.4036832,twist +Z,fast,1786740364.6194193,-471.711571397409,-183.7653518097809,726.6256814017861,13.782401385733674,-35.3783678548058,7.016056531387688e-20
1786740386.4321423,twist +Z,fast,1786740364.6194193,-473.63785405602175,-187.52002482226192,725.009377867289,14.064001861669968,-35.522839054201924,7.061099998146346e-20
1786740386.462204,twist +Z,fast,1786740364.6194193,-477.0873092392071,-189.31724058838745,738.7718253982839,14.198793044129335,-35.78154819294077,7.110243130431468e-20
1786740386.4890344,twist +Z,fast,1786740364.6194193,-481.350028733234,-189.42842292234286,758.7516956004183,14.207131719176001,-36.101252154992764,7.212661767044535e-20
1786740386.5173507,twist +Z,fast,1786740364.6194193,-477.74347682533744,-184.09293978125754,763.6016165016035,13.806970483594373,-35.83076076190064,7.201105640179741e-20
1786740386.5458426,twist +Z,fast,1786740364.6194193,-476.02020210165756,-181.43554063329566,749.0666716177238,13.60766554749748,-35.701515157624534,7.16592258705791e-20
1786740386.5740945,twist +Z,fast,1786740364.6194193,-473.08839778464426,-183.04491121890146,727.659258787925,13.72836834141776,-35.48162983384852,7.137309483493311e-20
1786740386.6023772,twist +Z,fast,1786740364.6194193,-472.78790653888973,-185.97315091141013,722.7446276967266,13.947986318356019,-35.459092990416906,7.12652694373633e-20
1786740386.630938,twist +Z,fast,1786740364.6194193,-477.80629125634005,-184.0278175152904,739.2542032817428,13.802086313647091,-35.835471844225616,7.2054105886275e-20
1786740386.6593342,twist +Z,fast,1786740364.6194193,-476.86367044121744,-182.97919828254112,745.2441271085427,13.723439871190731,-35.76477528309149,7.097604123885776e-20
1786740386.6879156,twist +Z,fast,1786740364.6194193,-479.03292566415803,-182.15050369563414,751.1481367816732,13.661287777172834,-35.927469424811946,7.091317056668896e-20
1786740386.7160358,twist +Z,fast,1786740364.6194193,-474.9174772838469,-185.2828230829856,746.8601198876304,13.896211731224195,-35.61881079628893,7.118232750004684e-20
1786740386.744495,twist +Z,fast,1786740364.6194193,-475.20289659832224,-183.3871468327069,741.6921657334551,13.754036012453259,-35.64021724487443,7.162921724245302e-20
1786740386.7729,twist +Z,fast,1786740364.6194193,-474.7290967629515,-181.0079336761794,739.6425163318345,13.575595025713572,-35.604682257221576,7.172144756497952e-20
1786740386.8012817,twist +Z,fast,1786740364.6194193,-471.7519791233217,-177.72196244591566,734.6951129658819,13.329147183443919,-35.3813984342493,7.074672744174832e-20
1786740386.8296077,twist +Z,fast,1786740364.6194193,-471.94159114609283,-178.76554954721894,738.6195241696432,13.407416216041707,-35.3956193359571,7.042051886248453e-20
1786740386.8609152,twist +Z,fast,1786740364.6194193,-470.71834835805294,-184.6166008843378,734.3592018520658,13.84624506632549,-35.303876126854234,7.073231778227353e-20
1786740386.8863437,twist +Z,fast,1786740364.6194193,-472.72871722626587,-185.21351940065676,740.2594460696728,13.891013955049434,-35.45465379197023,7.155841746941033e-20
1786740386.914882,twist +Z,fast,1786740364.6194193,-472.781727401225,-183.02749811870933,737.1084064329771,13.727062358903385,-35.45862955509199,7.183624797142482e-20
1786740386.9430873,twist +Z,fast,1786740364.6194193,-472.1025745144657,-178.67928904196822,740.4532940408499,13.400946678147822,-35.40769308858512,7.186872930012539e-20
1786740386.9716277,twist +Z,fast,1786740364.6194193,-472.5654951865449,-176.67317417476784,733.540349035,13.250488063107806,-35.442412138991216,7.141781149612503e-20
1786740386.999851,twist +Z,fast,1786740364.6194193,-471.05658221016256,-179.06924799835258,733.8979308722464,13.430193599876542,-35.32924366576247,7.135824155744374e-20
1786740387.028608,twist +Z,fast,1786740364.6194193,-471.35773997396655,-178.1714867938573,732.9311859516611,13.362861509539446,-35.35183049804773,7.071313557053649e-20
1786740387.0592432,twist +Z,fast,1786740364.6194193,-470.8036280115816,-179.76557287703315,733.189485991209,13.482417965777632,-35.310272100868914,7.061723976236327e-20
1786740387.0852199,twist +Z,fast,1786740364.6194193,-472.248930583798,-180.94587983676,740.7592162518704,13.570940987757343,-35.41866979378525,7.206684066529949e-20
1786740387.1138258,twist +Z,fast,1786740364.6194193,-472.3419465044185,-179.35691772830899,738.7825098870371,13.451768829623372,-35.4256459878317,7.222594598492948e-20
1786740387.1422756,twist +Z,fast,1786740364.6194193,-470.027127097484,-176.75555768847232,733.1225218481359,13.256666826635605,-35.252034532311576,7.146667633798561e-20
1786740387.1703954,twist +Z,fast,1786740364.6194193,-469.5154022845818,-174.62349194845854,724.6968527146428,13.09676189613462,-35.21365517134381,7.014512560968956e-20
1786740387.1989813,twist +Z,fast,1786740364.6194193,-470.17703168076787,-179.22001276104334,727.2320722705763,13.441500957078585,-35.26327737605775,7.043672359255793e-20
1786740387.227288,twist +Z,fast,1786740364.6194193,-474.1218229539495,-182.3243581077137,738.3387290912269,13.674326858078846,-35.55913672154635,7.10272943661287e-20
1786740387.2585807,twist +Z,fast,1786740364.6194193,-474.606329306956,-183.00828367181896,743.0435014941932,13.725621275386569,-35.59547469802177,7.150235321993758e-20
1786740387.2841122,twist +Z,fast,1786740364.6194193,-471.4718989463763,-181.453453337822,736.9481010591808,13.609009000336886,-35.3603924209784,7.116660166791279e-20
1786740387.3124962,twist +Z,fast,1786740364.6194193,-469.5856213631637,-179.48596280887364,731.7662665189246,13.46144721066575,-35.218921602237536,7.106562902162376e-20
1786740387.3408597,twist +Z,fast,1786740364.6194193,-468.67080791835315,-177.95338400024275,732.3356358986812,13.346503800018343,-35.15031059387671,7.086310776794052e-20
1786740387.3693707,twist +Z,fast,1786740364.6194193,-471.0580478755737,-177.42458566501773,731.7173625875694,13.306843924876521,-35.329353590668234,7.135629061261383e-20
1786740387.3974993,twist +Z,fast,1786740364.6194193,-473.38971723731174,-179.65607044851947,738.9050480454798,13.474205283639275,-35.50422879279848,7.202575213081406e-20
1786740387.4261675,twist +Z,fast,1786740364.6194193,-473.0859945461257,-182.07575676937506,729.8758178691141,13.655681757703324,-35.48144959095972,7.1925536559236e-20
1786740387.454516,twist +Z,fast,1786740364.6194193,-477.4277113358603,-183.52143311333748,742.7939607828612,13.76410748350052,-35.8070783501898,7.19472126136253e-20
1786740387.4830241,twist +Z,fast,1786740364.6194193,-477.45687177029095,-181.8433040651089,738.434021776392,13.638247804883381,-35.80926538277204,7.182539200397251e-20
1786740387.5112946,twist +Z,fast,1786740364.6194193,-480.3407421795364,-178.0951637426358,748.614959804665,13.357137280697803,-36.02555566346534,7.182465172073318e-20
1786740387.5396545,twist +Z,fast,1786740364.6194193,-475.1019799740211,-176.01975072373818,738.7086169591084,13.201481304280495,-35.63264849805174,7.170336253716978e-20
1786740387.5681136,twist +Z,fast,1786740364.6194193,-471.23915833631327,-176.58698549984126,728.8049648540955,13.244023912488256,-35.342936875223714,7.119981976792098e-20
1786740387.5966122,twist +Z,fast,1786740364.6194193,-471.2865433966663,-177.96325542869192,734.3761284310176,13.34724415715208,-35.34649075475021,7.226378456073839e-20
1786740387.6249137,twist +Z,fast,1786740364.6194193,-471.273987972751,-176.5227835194138,731.9643526914906,13.239208763956196,-35.34554909795667,7.179349712974863e-20
1786740387.653228,twist +Z,fast,1786740364.6194193,-471.64162438342737,-176.1021619540653,734.8415350706209,13.207662146555098,-35.373121828757355,7.142283637061745e-20
1786740387.6816778,twist +Z,fast,1786740364.6194193,-471.0325684696677,-180.3300406771101,724.7838762959573,13.524753050783463,-35.327442635225346,7.018952220121063e-20
1786740387.7102492,twist +Z,fast,1786740364.6194193,-474.05011118108087,-181.08741243178156,733.777139079335,13.581555932383832,-35.55375833858113,7.020443125768845e-20
1786740387.738484,twist +Z,fast,1786740364.6194193,-474.10848786642373,-182.59963571432934,738.5692672821015,13.694972678574818,-35.558136589982176,7.039022762949619e-20
1786740387.766956,twist +Z,fast,1786740364.6194193,-472.4940568305474,-181.49663444533962,734.1201061338161,13.612247583400798,-35.43705426229111,7.032712208716353e-20
1786740387.7952414,twist +Z,fast,1786740364.6194193,-469.1540478232723,-182.30970284145508,722.5610089366974,13.67322771310938,-35.18655358674564,7.008712439576398e-20
1786740387.8237598,twist +Z,fast,1786740364.6194193,-469.9887765864555,-181.96390955504808,719.1335560560847,13.647293216628864,-35.24915824398433,6.989551249592391e-20
1786740387.854961,twist +Z,fast,1786740364.6194193,-470.8469049027576,-178.62432193961763,724.4940361730796,13.396824145471644,-35.31351786770704,6.988872474049539e-20
1786740387.8804302,twist +Z,fast,1786740364.6194193,-474.24067201655225,-183.95713455626628,737.0496223194459,13.79678509172017,-35.568050401241564,7.134095949920962e-20
1786740387.9089038,twist +Z,fast,1786740364.6194193,-474.39358627119236,-182.66069288575886,732.6324051852635,13.699551966432121,-35.579518970339606,7.164827763075387e-20
1786740387.9373758,twist +Z,fast,1786740364.6194193,-473.40234199599126,-183.86333498124384,727.9395329169929,13.789750123593581,-35.50517564969967,7.13786620320117e-20
1786740387.965873,twist +Z,fast,1786740364.6194193,-470.93305688514965,-177.57267507080826,719.5298802477573,13.317950630310964,-35.31997926638637,7.026663779614813e-20
1786740387.994212,twist +Z,fast,1786740364.6194193,-471.8773434570044,-181.21614741147948,722.786081940284,13.591211055861248,-35.39080075927559,6.996580490881206e-20
1786740388.022412,twist +Z,fast,1786740364.6194193,-472.3923935493358,-181.56555470653768,730.054945687255,13.617416602990527,-35.42942951620036,7.071683307294084e-20
1786740388.0531247,twist +Z,fast,1786740364.6194193,-473.04201200024227,-182.37915942458676,729.9672442423862,13.678436956844198,-35.478150900018456,7.062375316249184e-20
1786740388.0792966,twist +Z,fast,1786740364.6194193,-473.47595669150405,-176.61252824897701,742.176684553373,13.245939618673564,-35.510696751862966,7.077083470711649e-20
1786740388.1079075,twist +Z,fast,1786740364.6194193,-473.3600641128992,-174.62732982193063,732.770565993681,13.097049736645165,-35.5020048084677,7.006306040166027e-20
1786740388.1360843,twist +Z,fast,1786740364.6194193,-473.3844484342153,-175.938547487626,732.6627001210891,13.195391061572135,-35.503833632566305,7.039098899781655e-20
1786740388.164491,twist +Z,fast,1786740364.6194193,-470.30989989019963,-180.07122810892793,715.9984491438945,13.505342108169689,-35.27324249176531,7.003013992700722e-20
1786740388.1931047,twist +Z,fast,1786740364.6194193,-472.40769555505995,-182.9380625860664,729.5600697597974,13.720354693955354,-35.43057716662961,7.152713991287366e-20
1786740388.221409,twist +Z,fast,1786740364.6194193,-473.1657735337253,-187.25850203747882,729.3355402271654,14.044387652811128,-35.487433015029644,7.1886208363944e-20
1786740388.251137,twist +Z,fast,1786740364.6194193,-475.06502488897877,-187.51034988331105,737.4130505064122,14.063276241248577,-35.62987686667364,7.213709779359944e-20
1786740388.2780442,twist +Z,fast,1786740364.6194193,-476.18141974893433,-190.6803667674069,741.1631188818346,14.301027507555599,-35.71360648117033,7.152782120608886e-20
1786740388.3067656,twist +Z,fast,1786740364.6194193,-476.1392519258202,-185.70302963325332,742.2155824883412,13.927727222494209,-35.71044389443682,7.102553407883504e-20
1786740388.335246,twist +Z,fast,1786740364.6194193,-475.5112991861447,-184.0175689096668,743.7282548057874,13.801317668225114,-35.66334743896116,7.134531481534391e-20
1786740388.363406,twist +Z,fast,1786740364.6194193,-473.5579706244853,-185.76266818791646,732.5892329137359,13.932200114094062,-35.51684779683658,7.187220740456877e-20
1786740388.3921013,twist +Z,fast,1786740364.6194193,-473.67762018762414,-184.0155134500526,737.4414281106574,13.801163508754176,-35.525821514072014,7.213073816871547e-20
1786740388.4203608,twist +Z,fast,1786740364.6194193,-473.835626949568,-186.0279991187382,734.7981497553365,13.952099933905526,-35.53767202121772,7.223792617227273e-20
1786740388.4487917,twist +Z,fast,1786740364.6194193,-473.02181476601845,-181.9497958075077,734.9811021448313,13.646234685563218,-35.47663610745169,7.125059799272319e-20
1786740388.4769554,twist +Z,fast,1786740364.6194193,-472.50684229057197,-183.93951121460532,744.256377152441,13.7954633410957,-35.438013171793145,7.217129233424404e-20
1786740388.5052478,twist +Z,fast,1786740364.6194193,-470.97853737334935,-183.25341606598772,740.2664093214271,13.744006204949326,-35.32339030300139,7.185569987712114e-20
1786740388.5336874,twist +Z,fast,1786740364.6194193,-472.44021427996404,-181.17619645214916,739.2590397138756,13.588214733911546,-35.433016070997475,7.187400241089948e-20
1786740388.562185,twist +Z,fast,1786740364.6194193,-473.1774370083108,-182.48489783290609,728.8294903201304,13.686367337468273,-35.48830777562351,7.113128340296024e-20
1786740388.5906162,twist +Z,fast,1786740364.6194193,-477.80965783915553,-182.92455911163427,745.8271392203351,13.719341933372842,-35.8357243379367,7.266357781104173e-20
1786740388.6189876,twist +Z,fast,1786740364.6194193,-476.282725759756,-183.42883451756666,751.611936669603,13.757162588817653,-35.72120443198196,7.334124181741663e-20
1786740388.6478863,twist +Z,fast,1786740364.6194193,-477.1904368467658,-186.3117229360697,753.3140331809072,13.973379220205505,-35.789282763507735,7.330082755715586e-20
1786740388.6757143,twist +Z,fast,1786740364.6194193,-475.379414423448,-188.82732075017964,741.9783010759611,14.162049056263736,-35.65345608175883,7.249996874423152e-20
1786740388.7042625,twist +Z,fast,1786740364.6194193,-474.738380000279,-187.49062939134183,733.6598035993984,14.061797204350864,-35.60537850002116,7.193501919649076e-20
1786740388.732725,twist +Z,fast,1786740364.6194193,-472.77318180789734,-182.41841994892604,729.8845927247776,13.68138149616978,-35.4579886355927,7.140518687154453e-20
1786740388.7608473,twist +Z,fast,1786740364.6194193,-470.2469233506604,-179.01975487154755,724.1408180578374,13.426481615366324,-35.26851925129985,7.086733787447851e-20
1786740388.7892013,twist +Z,fast,1786740364.6194193,-469.9308486321652,-179.4824601468158,724.2336731607411,13.461184511011442,-35.24481364741256,7.040539280251506e-20
1786740388.8175924,twist +Z,fast,1786740364.6194193,-470.81201559640795,-179.9869932241113,731.384373423346,13.49902449180858,-35.31090116973088,7.160033279991513e-20
1786740388.8463314,twist +Z,fast,1786740364.6194193,-471.29275497660046,-179.6929147369632,733.3164074429669,13.476968605272521,-35.346956623245205,7.116471425942219e-20
1786740388.8744128,twist +Z,fast,1786740364.6194193,-470.8183727304263,-181.76343052282687,733.906488203641,13.632257289212259,-35.311377954782024,7.186509341232653e-20
1786740388.902956,twist +Z,fast,1786740364.6194193,-468.7923207404838,-181.57579167653535,724.8126764768549,13.618184375740366,-35.159424055536405,7.107457977147998e-20
1786740388.9312093,twist +Z,fast,1786740364.6194193,-468.69560080736665,-180.05118453494117,725.2529951348724,13.50383884012069,-35.1521700605527,7.148466805080081e-20
1786740388.9597912,twist +Z,fast,1786740364.6194193,-469.24024226351867,-178.34467423852482,720.4353875727147,13.37585056788954,-35.19301816976411,7.119176475053137e-20
1786740388.9882417,twist +Z,fast,1786740364.6194193,-470.877854269977,-179.52571774885598,723.0102124628875,13.464428831164323,-35.31583907024852,7.147387237310177e-20
1786740389.016601,twist +Z,fast,1786740364.6194193,-472.37995549226207,-182.24523557084706,725.4545977156513,13.668392667813873,-35.428496661919816,7.194217588113783e-20
1786740389.0465746,twist +Z,fast,1786740364.6194193,-473.0090797273788,-182.0488349424851,736.8291476871163,13.65366262068665,-35.47568097955367,7.245882935609765e-20
1786740389.0732002,twist +Z,fast,1786740364.6194193,-471.45772022951724,-180.6720316045746,734.2496730193752,13.55040237034341,-35.359329017214,7.186718036853623e-20
1786740389.101677,twist +Z,fast,1786740364.6194193,-468.61093670192713,-177.65180354939207,733.9128594728327,13.323885266204723,-35.145820252644775,7.114144251522918e-20
1786740389.1305933,twist +Z,fast,1786740364.6194193,-469.36712582238533,-177.65312509621003,728.4639337499566,13.323984382216015,-35.20253443667919,7.006014904365487e-20
1786740389.1584437,twist +Z,fast,1786740364.6194193,-469.8606323034246,-179.47827667771014,723.6354762368564,13.460870750828551,-35.23954742275721,6.995406047995439e-20
1786740389.1868565,twist +Z,fast,1786740364.6194193,-472.9850769261002,-179.5408958676344,729.6172639233309,13.465567190072665,-35.47388076945767,7.070995183604925e-20
1786740389.215351,twist +Z,fast,1786740364.6194193,-474.1503900784119,-179.25847258859653,740.2781349445386,13.444385444144888,-35.561279255881146,7.190370734551728e-20
1786740389.2455604,twist +Z,fast,1786740364.6194193,-476.17967557119164,-179.90819196602672,758.5226498122929,13.49311439745227,-35.71347566783953,7.334027038587036e-20
1786740389.2719553,twist +Z,fast,1786740364.6194193,-478.44221841288345,-184.46880212564554,760.5547902252092,13.83516015942369,-35.88316638096647,7.309730329909703e-20
1786740389.3006685,twist +Z,fast,1786740364.6194193,-476.0018552025008,-186.19739271850926,748.9906115543536,13.96480445388831,-35.70013914018772,7.26509021154304e-20
1786740389.3291423,twist +Z,fast,1786740364.6194193,-477.40770167164055,-184.07304588588397,737.3805031134407,13.805478441441448,-35.80557762537338,7.112690129468198e-20
1786740389.3572586,twist +Z,fast,1786740364.6194193,-472.8838906225101,-179.45832512254128,722.0166084314542,13.459374384190841,-35.46629179668861,7.060531379597342e-20
1786740389.3857007,twist +Z,fast,1786740364.6194193,-472.8912112503226,-178.65617453778202,719.4140083856955,13.39921309033387,-35.46684084377437,6.988061287369211e-20
1786740389.4140754,twist +Z,fast,1786740364.6194193,-470.02680904596446,-180.05182300527736,722.6634131749051,13.503886725396097,-35.252010678447576,7.020514054914661e-20
1786740389.4455905,twist +Z,fast,1786740364.6194193,-473.19634728734763,-183.7347577394736,740.9226740481026,13.78010683046077,-35.48972604655128,7.177781511678685e-20
1786740389.4711196,twist +Z,fast,1786740364.6194193,-475.6122861491167,-182.4698916259498,762.3866671775395,13.685241871946392,-35.670921461184065,7.30555057174304e-20
1786740389.4992995,twist +Z,fast,1786740364.6194193,-479.4808136136403,-182.93864414303653,765.0700217598323,13.720398310728118,-35.961061021023326,7.280034751017165e-20
1786740389.5276968,twist +Z,fast,1786740364.6194193,-479.3973491584875,-180.80180661378665,750.3335045911053,13.560135496034267,-35.95480118688675,7.229486442687754e-20
1786740389.556297,twist +Z,fast,1786740364.6194193,-475.5552578654365,-182.22232371050552,727.4247841754468,13.666674278288124,-35.666644339907975,7.135861690437277e-20
1786740389.5844817,twist +Z,fast,1786740364.6194193,-472.8051630505661,-181.89405667909114,721.0375803281049,13.642054250932052,-35.4603872287927,7.120784838540824e-20
1786740389.612956,twist +Z,fast,1786740364.6194193,-472.5510336403536,-184.4179916231111,730.3353186420582,13.831349371733676,-35.44132752302664,7.097020685539089e-20
1786740389.6412642,twist +Z,fast,1786740364.6194193,-473.34728178044816,-183.7858199083547,736.6395788893014,13.783936493126863,-35.50104613353393,7.078032069789965e-20
1786740389.6699364,twist +Z,fast,1786740364.6194193,-472.60334740062535,-180.95259664010075,735.7097683556613,13.571444748007696,-35.44525105504695,7.099654333569107e-20
1786740389.6982996,twist +Z,fast,1786740364.6194193,-470.8182812416212,-178.65893401906965,734.0039497891312,13.399420051430486,-35.311371093121856,7.042597673800236e-20
1786740389.7266145,twist +Z,fast,1786740364.6194193,-472.1788729980749,-179.7259031600787,732.259892197736,13.479442737006199,-35.41341547485584,7.149119392625905e-20
1786740389.755637,twist +Z,fast,1786740364.6194193,-472.01019104799434,-180.66542386002993,732.6706376289931,13.549906789502383,-35.400764328599884,7.164210874642336e-20
1786740389.7833543,twist +Z,fast,1786740364.6194193,-469.2507426003476,-179.34318325605182,716.9069617598543,13.450738744204255,-35.19380569502634,7.041831144212341e-20
1786740389.8118439,twist +Z,fast,1786740364.6194193,-468.50231333444754,-175.87575715260118,720.9781108585585,13.190681786445193,-35.137673500083736,6.958956901559962e-20
1786740389.8417542,twist +Z,fast,1786740364.6194193,-470.86191780701665,-175.71291914500455,731.1440866585554,13.178468935875454,-35.314643835526475,6.965998236162404e-20
1786740389.8685527,twist +Z,fast,1786740364.6194193,-473.93899988400426,-175.70820231004166,741.1178334936785,13.178115173253243,-35.54542499130064,7.078289339577709e-20
1786740389.8971977,twist +Z,fast,1786740364.6194193,-475.78452900265665,-180.43075797921688,740.2235554704048,13.532306848441468,-35.683839675199586,7.151380804970395e-20
1786740389.9253507,twist +Z,fast,1786740364.6194193,-472.40130200777685,-179.64225147112757,727.8939996901181,13.473168860334841,-35.43009765058354,7.081639371928163e-20
1786740389.9537146,twist +Z,fast,1786740364.6194193,-473.1136103138001,-179.8030846714979,731.708577272665,13.485231350362628,-35.483520773535126,7.114083863532527e-20
1786740389.982345,twist +Z,fast,1786740364.6194193,-473.86376654058813,-180.4293314587618,732.169112659566,13.532199859407353,-35.53978249054431,7.082375718304847e-20
1786740390.0107806,twist +Z,fast,1786740364.6194193,-477.0420184298987,-180.75075918996674,737.6513002468764,13.556306939247708,-35.77815138224262,7.170788499836032e-20
1786740390.041307,twist +Z,fast,1786740364.6194193,-475.75756976890625,-179.49260782497674,735.7640971590217,13.46194558687348,-35.68181773266811,7.114761508982742e-20
1786740390.0675113,twist +Z,fast,1786740364.6194193,-473.5327569290339,-176.00928159766318,739.8195398349944,13.200696119824922,-35.51495676967765,7.123882790163026e-20
1786740390.096006,twist +Z,fast,1786740364.6194193,-473.23188392421343,-176.80427937742888,749.3680096441612,13.260320953307474,-35.492391294316356,7.1272065651846e-20
1786740390.1245322,twist +Z,fast,1786740364.6194193,-471.8619290379129,-178.27934405663007,738.3506202056478,13.37095080424746,-35.38964467784369,7.122255898832724e-20
1786740390.1528232,twist +Z,fast,1786740364.6194193,-470.25561367464525,-180.7854057190773,725.0353627537907,13.558905428930938,-35.26917102559849,7.065102685935785e-20
1786740390.181128,twist +Z,fast,1786740364.6194193,-467.9411939705469,-182.31671330698543,714.6226792358202,13.673753498024166,-35.09558954779136,7.038760200808924e-20
1786740390.2093525,twist +Z,fast,1786740364.6194193,-470.0484275772842,-180.47246249010948,728.4105359896766,13.535434686758482,-35.253632068296696,7.140459110380565e-20
1786740390.2380407,twist +Z,fast,1786740364.6194193,-472.92746772550163,-178.2373625716658,747.2674636889979,13.367802192875065,-35.46956007941281,7.226234105114452e-20
1786740390.2661557,twist +Z,fast,1786740364.6194193,-474.3854852965396,-179.39896605728302,743.2709650874049,13.454922454296533,-35.578911397240674,7.225852680852818e-20
1786740390.2946844,twist +Z,fast,1786740364.6194193,-475.5212991384642,-181.74937263300478,754.6857051081925,13.631202947475419,-35.664097435384896,7.30188442005147e-20
1786740390.323057,twist +Z,fast,1786740364.6194193,-472.49592751764385,-179.85723671283324,741.3323755021911,13.489292753462639,-35.437194563823645,7.151474848483161e-20
1786740390.3516607,twist +Z,fast,1786740364.6194193,-468.9695583806306,-175.49201934075745,740.0801009890074,13.161901450557057,-35.17271687854761,7.122484110309906e-20
1786740390.3799658,twist +Z,fast,1786740364.6194193,-467.67825053560273,-176.4227719981634,731.917738082645,13.231707899862453,-35.07586879017042,7.049101916439953e-20
1786740390.4083962,twist +Z,fast,1786740364.6194193,-471.259396823491,-179.48529869030017,736.5365047839505,13.461397401772725,-35.34445476176205,7.188101635949337e-20
1786740390.437094,twist +Z,fast,1786740364.6194193,-473.72104875286595,-181.0077003146322,738.6104450580351,13.575577523597634,-35.52907865646522,7.18422689373104e-20
1786740390.465052,twist +Z,fast,1786740364.6194193,-474.23685568705196,-180.7262606088956,735.6057909478095,13.554469545667391,-35.56776417652908,7.17695434782696e-20
1786740390.4932625,twist +Z,fast,1786740364.6194193,-473.20176573291064,-179.97439629869552,742.0855254310245,13.498079722402462,-35.49013242996865,7.171205322801892e-20
1786740390.521979,twist +Z,fast,1786740364.6194193,-474.65639054907615,-180.27053084018928,746.7948673812871,13.520289813014319,-35.599229291180905,7.187718179674562e-20
1786740390.550465,twist +Z,fast,1786740364.6194193,-474.24174939180375,-177.87810047260712,743.8169520403899,13.34085753544554,-35.56813120438542,7.118858400644114e-20
1786740390.5788565,twist +Z,fast,1786740364.6194193,-471.77610861325866,-176.36853698925427,734.3067658532109,13.227640274194403,-35.38320814599474,7.062458540520547e-20
1786740390.607081,twist +Z,fast,1786740364.6194193,-468.8876433016594,-176.9905823474553,726.9534449942948,13.274293676059433,-35.16657324762463,7.067529449590927e-20
1786740390.6355891,twist +Z,fast,1786740364.6194193,-469.50667193944673,-177.09120568112883,729.9241675718122,13.28184042608488,-35.213000395458735,7.099572183064586e-20
1786740390.663778,twist +Z,fast,1786740364.6194193,-471.26990153331826,-178.94362263215066,726.7499437017368,13.420771697411542,-35.34524261499909,7.116129588555778e-20
1786740390.6922798,twist +Z,fast,1786740364.6194193,-475.42942090205725,-179.52127792808096,742.7364452536167,13.464095844606252,-35.657206567654534,7.244945014287106e-20
1786740390.7205951,twist +Z,fast,1786740364.6194193,-472.71795859494796,-181.18320105096416,732.5020351685516,13.588740078822557,-35.453846894621236,7.227772484118326e-20
1786740390.7490015,twist +Z,fast,1786740364.6194193,-473.7809780200878,-182.156579814986,737.4942537575907,13.661743486124163,-35.53357335150688,7.214423386088401e-20
1786740390.7773438,twist +Z,fast,1786740364.6194193,-470.0846388633363,-183.35678723537933,716.0423694373812,13.751759042653749,-35.25634791475043,7.12298972000015e-20
1786740390.8056204,twist +Z,fast,1786740364.6194193,-472.3359390145997,-184.28286408714973,721.6124980744253,13.821214806536421,-35.42519542609527,7.096593945406635e-20
1786740390.8345065,twist +Z,fast,1786740364.6194193,-471.69320858377705,-182.2956005476824,726.6000185718513,13.672170041076303,-35.37699064378336,7.097567589012777e-20
1786740390.8625515,twist +Z,fast,1786740364.6194193,-471.12363152042144,-178.09331066389893,732.5534354397823,13.356998299792604,-35.33427236403162,6.99840213626376e-20
1786740390.8909957,twist +Z,fast,1786740364.6194193,-472.89244778520015,-177.41584812041958,744.9950453175743,13.30618860903179,-35.46693358389027,7.051370067066278e-20
1786740390.9193933,twist +Z,fast,1786740364.6194193,-475.54167191788156,-179.18131144225083,750.9108230034635,13.438598358169042,-35.6656253938413,7.202075060128733e-20
1786740390.9476953,twist +Z,fast,1786740364.6194193,-476.70311670082856,-179.91041548466444,753.2636252775283,13.493281161350016,-35.752733752562385,7.210009242420821e-20
1786740390.9763927,twist +Z,fast,1786740364.6194193,-477.6141851665743,-180.95547280506491,747.9102911328719,13.571660460380063,-35.82106388749337,7.234099100173117e-20
1786740391.004614,twist +Z,fast,1786740364.6194193,-474.7119903607004,-182.2172178139606,731.1363673587102,13.66629133604744,-35.60339927705265,7.102497837797016e-20
1786740391.0333993,twist +Z,fast,1786740364.6194193,-476.3171848720958,-181.6484259887833,736.3611704528348,13.623631949159023,-35.72378886540746,7.217556779862364e-20
1786740391.061255,twist +Z,fast,1786740364.6194193,-475.89244489451767,-183.3680708828881,736.8032672125664,13.752605316216663,-35.69193336708916,7.166227885806814e-20
1786740391.089691,twist +Z,fast,1786740364.6194193,-476.09586904718844,-180.07751454972697,747.6604722950642,13.505813591229657,-35.707190178539214,7.178619260953536e-20
1786740391.1182036,twist +Z,fast,1786740364.6194193,-472.037555482334,-182.2290984246589,738.1935264298527,13.667182381849631,-35.40281666117528,7.115282422308971e-20
1786740391.14651,twist +Z,fast,1786740364.6194193,-468.83696480576236,-180.1365386752493,727.7344452544539,13.51024040064394,-35.162772360432356,7.15790311206257e-20
1786740391.1749494,twist +Z,fast,1786740364.6194193,-467.9493662622567,-178.99776970889968,715.1526702464635,13.424832728167754,-35.09620246966959,7.098309783291329e-20
1786740391.2032084,twist +Z,fast,1786740364.6194193,-469.2099315497335,-178.6193136330554,714.0463327237067,13.39644852247947,-35.190744866230254,7.080667647393595e-20
1786740391.231999,twist +Z,fast,1786740364.6194193,-469.8176644265809,-177.25504094707492,719.6325139751307,13.294128071030872,-35.23632483199382,7.0845272343025e-20
1786740391.2601774,twist +Z,fast,1786740364.6194193,-472.219156133845,-182.0066976578214,737.5089938970832,13.650502324336767,-35.416436710038646,7.209234335427929e-20
1786740391.288402,twist +Z,fast,1786740364.6194193,-475.08018950277255,-181.63224512523732,751.9187108762799,13.622418384393061,-35.63101421270811,7.276601486897087e-20
1786740391.316759,twist +Z,fast,1786740364.6194193,-475.72451064923507,-182.4039832210509,750.7293846625698,13.680298741578891,-35.67933829869291,7.246479874643433e-20
1786740391.3452787,twist +Z,fast,1786740364.6194193,-471.739941283211,-177.49296016472977,733.0724589555412,13.311972012355017,-35.380495596241126,7.098151235166871e-20
1786740391.3736613,twist +Z,fast,1786740364.6194193,-473.0023021446409,-179.41195627322656,731.3126252699976,13.45589672049228,-35.475172660848365,7.088824404261162e-20
1786740391.4021323,twist +Z,fast,1786740364.6194193,-470.6228857665783,-178.45183789251564,726.1153103707957,13.383887841939018,-35.29671643249343,7.056476249132721e-20
1786740391.4302385,twist +Z,fast,1786740364.6194193,-472.507401042546,-179.11554435907874,732.9601555910094,13.43366582693113,-35.43805507819112,7.174247729431472e-20
1786740391.4589195,twist +Z,fast,1786740364.6194193,-471.41039662843514,-177.35135462693654,737.6126368926743,13.301351597020489,-35.35577974713293,7.238861238530809e-20
1786740391.4872763,twist +Z,fast,1786740364.6194193,-472.6900251705192,-176.27182921747442,741.3074570135814,13.220387191310767,-35.451751887789186,7.188849729423821e-20
1786740391.515693,twist +Z,fast,1786740364.6194193,-471.86425772220764,-177.9533815617691,736.6603101159953,13.346503617132807,-35.38981932916596,7.070320037575623e-20
1786740391.544116,twist +Z,fast,1786740364.6194193,-469.54735903779874,-178.43143446105466,717.8532177088618,13.3823575845793,-35.21605192783507,6.963989432654895e-20
1786740391.5723486,twist +Z,fast,1786740364.6194193,-469.08873088767086,-178.25114400711038,717.1214981861176,13.36883580053357,-35.18165481657559,7.014900940330334e-20
1786740391.6008477,twist +Z,fast,1786740364.6194193,-469.79260501233375,-179.19439470589157,719.8318918570767,13.439579602942278,-35.234445375925254,7.045240471606893e-20
1786740391.6305337,twist +Z,fast,1786740364.6194193,-470.7836512407448,-178.4804233957119,727.143705003874,13.386031754678694,-35.30877384305597,7.078241898462176e-20
1786740391.6577866,twist +Z,fast,1786740364.6194193,-472.2164533616392,-181.17995869788183,738.0310685045224,13.588496902341422,-35.41623400212308,7.151858587856869e-20
1786740391.6862044,twist +Z,fast,1786740364.6194193,-474.8165337470332,-180.5539714910309,744.6333434551716,13.541547861827599,-35.61124003102772,7.24439695361166e-20
1786740391.714782,twist +Z,fast,1786740364.6194193,-476.72043326852827,-179.30373243142924,750.8728289436458,13.44777993235741,-35.754032495139796,7.235684112194401e-20
1786740391.743044,twist +Z,fast,1786740364.6194193,-475.96894701251813,-180.62888973083477,734.5951324695461,13.547166729812812,-35.69767102593906,7.201119486973965e-20
1786740391.7714386,twist +Z,fast,1786740364.6194193,-473.7550469908333,-180.10633965115323,726.4681248293573,13.507975473836769,-35.53162852431269,7.112657297428111e-20
1786740391.7996564,twist +Z,fast,1786740364.6194193,-469.38808959557264,-184.8829566297071,720.3884036923955,13.866221747228156,-35.20410671966821,7.037820206353354e-20
1786740391.8287938,twist +Z,fast,1786740364.6194193,-469.11490986401395,-181.55454865590093,729.3471937314325,13.616591149192804,-35.18361823980133,7.019640687296293e-20
1786740391.8565784,twist +Z,fast,1786740364.6194193,-470.8810970195286,-182.87921972066158,741.105970466876,13.715941479049864,-35.31608227646477,7.118881833255541e-20
1786740391.8849611,twist +Z,fast,1786740364.6194193,-474.6118574597708,-179.40769668688245,747.3180785858021,13.45557725151642,-35.595889309483034,7.21813059062305e-20
1786740391.9135199,twist +Z,fast,1786740364.6194193,-475.17863727276836,-181.32793335111683,751.17122542996,13.599595001333928,-35.6383977954579,7.221284114376017e-20
1786740391.9418163,twist +Z,fast,1786740364.6194193,-475.13230075285355,-177.8531325925884,741.8692200097457,13.338984944444238,-35.634922556464325,7.134241383443173e-20
1786740391.9701545,twist +Z,fast,1786740364.6194193,-474.9530495534859,-179.86082300081011,738.3973445418214,13.489561725061211,-35.62147871651168,7.10622871608225e-20
1786740391.9985955,twist +Z,fast,1786740364.6194193,-473.92876202684465,-180.42370368242348,729.0656320867938,13.531777776181993,-35.54465715201354,7.122510090388775e-20
1786740392.027488,twist +Z,fast,1786740364.6194193,-474.49536071510875,-185.26178211250203,735.6576327231451,13.894633658437836,-35.58715205363336,7.206681490095913e-20
1786740392.055299,twist +Z,fast,1786740364.6194193,-473.9092999404779,-184.05107618221825,735.2033386047087,13.803830713666596,-35.54319749553588,7.258393183187411e-20
1786740392.0837355,twist +Z,fast,1786740364.6194193,-477.47423820696577,-186.15098490948333,749.1288690430965,13.961323868211434,-35.81056786552248,7.248091562694877e-20
1786740392.112223,twist +Z,fast,1786740364.6194193,-479.6135162514606,-185.52364495107304,751.4170013065605,13.914273371330626,-35.97101371885971,7.222017999558138e-20
1786740392.140761,twist +Z,fast,1786740364.6194193,-479.79820714410516,-187.47976097819344,755.2484018208943,14.060982073364773,-35.984865535808105,7.183650228032606e-20
1786740392.1691349,twist +Z,fast,1786740364.6194193,-477.35331574275506,-187.08606477897217,740.7685657220491,14.031454858423185,-35.801498680706786,7.167519863900906e-20
1786740392.197249,twist +Z,fast,1786740364.6194193,-473.7899267385369,-187.11077385588464,731.8227326792721,14.033308039191706,-35.53424450539043,7.157585162079975e-20
1786740392.2256584,twist +Z,fast,1786740364.6194193,-472.561760972249,-184.62664572061487,725.0163543707213,13.846998429046284,-35.442132072919016,7.140446112194514e-20
1786740392.2568858,twist +Z,fast,1786740364.6194193,-476.5533420479301,-181.55836678944593,742.7341599802403,13.616877509208646,-35.74150065359489,7.199490079388141e-20
1786740392.2824583,twist +Z,fast,1786740364.6194193,-476.2513574051791,-179.64343903467568,743.1129334159496,13.47325792760083,-35.718851805388724,7.176751121957726e-20
1786740392.3110583,twist +Z,fast,1786740364.6194193,-479.3734203530953,-180.816799271303,750.5942505317917,13.56125994534779,-35.953006526482504,7.180605723305384e-20
1786740392.3392062,twist +Z,fast,1786740364.6194193,-478.4579441562337,-180.48681984466043,745.6014351640233,13.536511488349891,-35.88434581171773,7.129842641620629e-20
1786740392.3679295,twist +Z,fast,1786740364.6194193,-477.9300811346734,-180.98691239424795,741.7758690719129,13.574018429568856,-35.8447560851008,7.151511497623442e-20
1786740392.3961968,twist +Z,fast,1786740364.6194193,-477.21209264055415,-179.623779151706,743.0844829797679,13.471783436378157,-35.79090694804183,7.249103861785252e-20
1786740392.4246728,twist +Z,fast,1786740364.6194193,-473.83825724253256,-179.7962566501708,733.6872490600699,13.484719248763017,-35.53786929319032,7.266518434127705e-20
1786740392.4557915,twist +Z,fast,1786740364.6194193,-479.55022781894013,-182.4828931942625,749.1949714518887,13.686216989569903,-35.966267086420956,7.262070044032206e-20
1786740392.4812021,twist +Z,fast,1786740364.6194193,-477.16987502959364,-181.47878370801743,749.9245018426427,13.610908778101507,-35.78774062721966,7.192408233167454e-20
1786740392.5097697,twist +Z,fast,1786740364.6194193,-480.84619759264933,-182.88844270575828,756.2627146356235,13.716633202932062,-36.063464819449,7.172197964909821e-20
1786740392.5383558,twist +Z,fast,1786740364.6194193,-476.08101693855406,-182.7174176943903,749.669511954613,13.703806327079537,-35.7060762703918,7.248302444126887e-20
1786740392.5664783,twist +Z,fast,1786740364.6194193,-478.8107328669089,-182.53408546626338,744.1551970193186,13.690056409970158,-35.91080496501846,7.206652315734358e-20
1786740392.595025,twist +Z,fast,1786740364.6194193,-475.2840807729158,-181.99594394379324,735.6308573730785,13.64969579578472,-35.6463060579689,7.188598702260937e-20
1786740392.623533,twist +Z,fast,1786740364.6194193,-474.2375967145872,-178.8805795901152,728.4169784178221,13.41604346925902,-35.567819753594364,7.064262067848324e-20
1786740392.654083,twist +Z,fast,1786740364.6194193,-473.2860818207887,-179.63050240432324,736.9933896303246,13.472287680324545,-35.49645613655935,7.093235678185889e-20
1786740392.6804814,twist +Z,fast,1786740364.6194193,-475.91328347616536,-177.7483050248835,751.8092680110367,13.331122876866647,-35.6934962607127,7.130397826164645e-20
1786740392.7086143,twist +Z,fast,1786740364.6194193,-474.46439218329397,-175.6993685871313,745.8201556993672,13.177452644035082,-35.584829413747286,7.024018887260203e-20
1786740392.7369342,twist +Z,fast,1786740364.6194193,-473.4351207367222,-175.8733243557176,739.8152693383308,13.19049932667902,-35.50763405525451,7.050514780275394e-20
1786740392.7651532,twist +Z,fast,1786740364.6194193,-471.25171398563907,-176.65213648809254,725.3033719202695,13.248910236607248,-35.34387854892319,7.08469008053508e-20
1786740392.793651,twist +Z,fast,1786740364.6194193,-473.626387444971,-177.54472619882335,736.6868123080267,13.315854464911947,-35.52197905837303,7.270239103096843e-20
1786740392.8222897,twist +Z,fast,1786740364.6194193,-474.2709640130329,-179.2497734815073,735.295094226668,13.443733011113206,-35.57032230097749,7.295130547219602e-20
1786740392.8511605,twist +Z,fast,1786740364.6194193,-474.21618327522174,-180.6828275570026,739.7056145779006,13.551212066775417,-35.56621374564181,7.255816420496982e-20
1786740392.8792157,twist +Z,fast,1786740364.6194193,-477.34916344295925,-185.70129033269768,748.2008506676602,13.927596774952494,-35.801187258222306,7.226997520990585e-20
1786740392.9073443,twist +Z,fast,1786740364.6194193,-478.0641213467079,-186.39826613387618,744.6822192082473,13.979869960041032,-35.85480910100318,7.171843246202864e-20
1786740392.935544,twist +Z,fast,1786740364.6194193,-478.0156246905053,-185.14212809752598,748.0076270086474,13.885659607314626,-35.85117185178818,7.213382457046668e-20
1786740392.9639735,twist +Z,fast,1786740364.6194193,-473.13800247499466,-181.37295154462015,734.5508235503967,13.602971365846702,-35.48535018562487,7.192993363849958e-20
1786740392.9923162,twist +Z,fast,1786740364.6194193,-471.1319640629331,-181.0043232462673,737.4200613427265,13.57532424347023,-35.33489730472012,7.165679614060608e-20
1786740393.0211565,twist +Z,fast,1786740364.6194193,-471.7007471191505,-181.3673967555353,740.3888803842156,13.602554756665302,-35.37755603393646,7.174283803546368e-20
1786740393.0508506,twist +Z,fast,1786740364.6194193,-473.5567733996995,-181.64599401935254,745.8154582599655,13.623449551451575,-35.51675800497758,7.205026100792618e-20
1786740393.0775924,twist +Z,fast,1786740364.6194193,-473.6214703804885,-181.79265359322176,747.6973480424194,13.634449019491857,-35.52161027853664,7.201634889374957e-20
1786740393.106165,twist +Z,fast,1786740364.6194193,-472.65149389602357,-180.2095820236799,736.3474614133047,13.515718651776229,-35.448862042202,7.09258152329636e-20
1786740393.134264,twist +Z,fast,1786740364.6194193,-472.2592590230902,-180.35713772468205,731.9061618439282,13.526785329351423,-35.419444426732056,7.040156918141376e-20
1786740393.1630695,twist +Z,fast,1786740364.6194193,-472.0665212134918,-178.3106806308657,727.7451980164124,13.373301047315262,-35.40498909101218,6.988916824644126e-20
1786740393.191292,twist +Z,fast,1786740364.6194193,-474.9962054119169,-178.77803096820196,739.4173223350563,13.408352322615283,-35.624715405893895,7.072519035697366e-20
1786740393.2196186,twist +Z,fast,1786740364.6194193,-473.6863108804041,-179.109683122487,740.003846702607,13.433226234186716,-35.52647331603051,7.090816675407619e-20
1786740393.2490318,twist +Z,fast,1786740364.6194193,-473.9692094715988,-179.8492421822616,741.1425826565037,13.488693163669883,-35.54769071037004,7.184946849190319e-20
1786740393.276726,twist +Z,fast,1786740364.6194193,-471.97711934935023,-183.03676889372844,734.2391466775098,13.72775766702971,-35.398283951201435,7.153559753471491e-20
1786740393.304616,twist +Z,fast,1786740364.6194193,-474.1445118750098,-183.95986975594417,736.7845414976946,13.796990231695904,-35.56083839062595,7.182175964691207e-20
1786740393.3334494,twist +Z,fast,1786740364.6194193,-476.96815904939785,-186.06406799657168,741.0321259364382,13.954805099743123,-35.7726119287052,7.201430533925132e-20
1786740393.3614738,twist +Z,fast,1786740364.6194193,-476.3491486762887,-183.03215013391412,737.5396409460345,13.727411260043677,-35.72618615072184,7.175377019895549e-20
1786740393.3901238,twist +Z,fast,1786740364.6194193,-476.1493671401531,-182.65025990286904,733.072305860931,13.698769492715225,-35.71120253551165,7.138758904660213e-20
1786740393.418348,twist +Z,fast,1786740364.6194193,-474.42306796276216,-181.55088543174531,737.3544229222152,13.61631640738101,-35.58173009720727,7.232302255360043e-20
1786740393.4492,twist +Z,fast,1786740364.6194193,-473.5135630361897,-181.00047813936214,738.3849210770295,13.57503586045235,-35.51351722771439,7.270568874276188e-20
1786740393.4751122,twist +Z,fast,1786740364.6194193,-474.8401144517011,-183.39519613567177,753.1032524319698,13.754639710175642,-35.61300858387767,7.352300986915767e-20
1786740393.5036623,twist +Z,fast,1786740364.6194193,-473.55765805829924,-185.09051103850857,742.0473003499328,13.881788327888376,-35.51682435437276,7.206931706134267e-20
1786740393.5320942,twist +Z,fast,1786740364.6194193,-474.4372233815029,-185.21775425446208,745.2701695284122,13.891331569084851,-35.58279175361296,7.179573444684818e-20
1786740393.5605605,twist +Z,fast,1786740364.6194193,-472.28380101049515,-179.42094301537645,731.2755041863811,13.456570726153497,-35.42128507578722,7.070786269903445e-20
1786740393.5887918,twist +Z,fast,1786740364.6194193,-472.23586129841624,-175.9988568478875,738.154650419463,13.19991426359179,-35.417689597381475,7.102706809119007e-20
1786740393.6170828,twist +Z,fast,1786740364.6194193,-473.0159640848847,-177.85861717137755,743.3920271925717,13.339396287853578,-35.4761973063666,7.158030997954583e-20
1786740393.6456137,twist +Z,fast,1786740364.6194193,-473.05752568899334,-180.9600322876331,745.190905316419,13.572002421572765,-35.47931442667468,7.181297444655185e-20
1786740393.6738899,twist +Z,fast,1786740364.6194193,-475.04834274148607,-182.96684339462888,742.9543538256949,13.722513254597441,-35.62862570561187,7.165478364834953e-20
1786740393.702399,twist +Z,fast,1786740364.6194193,-475.8622225000804,-185.58644058933112,742.1721050533097,13.918983044199958,-35.68966668750636,7.169912215816789e-20
1786740393.7311463,twist +Z,fast,1786740364.6194193,-474.98086823019503,-185.61402423447282,735.5436776820425,13.921051817585646,-35.623565117264846,7.17612687269862e-20
1786740393.7591882,twist +Z,fast,1786740364.6194193,-475.0524952848782,-185.72216315782043,730.8490969434524,13.929162236836678,-35.62893714636609,7.235922379231746e-20
1786740393.787499,twist +Z,fast,1786740364.6194193,-472.6548844146496,-182.8322583758479,720.9226644042656,13.712419378188745,-35.44911633109904,7.1452371160338e-20
1786740393.816112,twist +Z,fast,1786740364.6194193,-471.75176871759504,-182.81478900120555,726.6131249504951,13.711109175090645,-35.381382653819905,7.15915772506296e-20
1786740393.8468335,twist +Z,fast,1786740364.6194193,-470.61996886944553,-180.52503732270532,732.9048848676994,13.539377799203113,-35.29649766520862,7.089699129219199e-20
1786740393.8727715,twist +Z,fast,1786740364.6194193,-474.0028061307871,-181.47601747545025,742.5884007847508,13.610701310658829,-35.55021045980921,7.144316056017549e-20
1786740393.9014797,twist +Z,fast,1786740364.6194193,-477.9029276039182,-183.56939910298183,743.105339321558,13.767704932724047,-35.84271957029415,7.10720072732974e-20
1786740393.9301147,twist +Z,fast,1786740364.6194193,-477.0805643186636,-183.26407419856196,742.2879799565126,13.744805564892335,-35.78104232390016,7.11345408170699e-20
1786740393.9580398,twist +Z,fast,1786740364.6194193,-474.78891397610505,-183.5408824874262,739.7636410289024,13.765566186557198,-35.60916854820824,7.165113828009725e-20
1786740393.9864385,twist +Z,fast,1786740364.6194193,-472.09841432617577,-182.46677365073083,733.5922288498505,13.685008023805121,-35.4073810744634,7.200304316792566e-20
1786740394.0149994,twist +Z,fast,1786740364.6194193,-473.0079636156902,-183.72096210487337,732.4469773201272,13.77907215786583,-35.47559727117684,7.202332020510843e-20
1786740394.044805,twist +Z,fast,1786740364.6194193,-475.0061479842375,-186.35566662077576,731.575408612608,13.976674996558447,-35.62546109881794,7.230238087699544e-20
1786740394.0715992,twist +Z,fast,1786740364.6194193,-476.1678271532519,-183.1927833959171,743.7055669685024,13.739458754694045,-35.71258703649406,7.257045377964719e-20
1786740394.0999582,twist +Z,fast,1786740364.6194193,-475.05251505001206,-182.48609475509988,742.5167750716828,13.686457106632748,-35.62893862875119,7.233919256437514e-20
1786740394.1284156,twist +Z,fast,1786740364.6194193,-471.745814846523,-178.64990842201018,734.3146924078383,13.39874313165095,-35.380936113489405,7.092486683838521e-20
1786740394.1567717,twist +Z,fast,1786740364.6194193,-471.25228570952913,-179.89960854195192,731.2120797589678,13.49247064064652,-35.34392142821489,7.089382465226231e-20
1786740394.18508,twist +Z,fast,1786740364.6194193,-470.1178904192766,-178.00636472385634,724.8732671397347,13.350477354289527,-35.258841781446066,7.10236941048905e-20
1786740394.2134113,twist +Z,fast,1786740364.6194193,-471.10843543029523,-177.7121643726067,732.4433269698848,13.328412327945873,-35.33313265727226,7.176688484516404e-20
1786740394.2419398,twist +Z,fast,1786740364.6194193,-472.22723113247457,-177.5519908571879,737.2555948644795,13.316399314289225,-35.417042334935715,7.176878053946604e-20
1786740394.2703264,twist +Z,fast,1786740364.6194193,-476.70513483893956,-182.68081585994423,752.4809836435588,13.701061189496105,-35.75288511292059,7.234058017907164e-20
1786740394.2985334,twist +Z,fast,1786740364.6194193,-478.61246002052894,-182.02548020945312,757.1592919084096,13.651911015709114,-35.89593450153979,7.290109934004701e-20
1786740394.3269372,twist +Z,fast,1786740364.6194193,-476.8610146670535,-181.60703077491723,750.5968918701446,13.620527308118877,-35.76457610002922,7.34967194605665e-20
1786740394.3554978,twist +Z,fast,1786740364.6194193,-474.63311197228177,-177.7804225720232,740.5686337407096,13.333531692901975,-35.597483397921216,7.31284871030414e-20
1786740394.3837826,twist +Z,fast,1786740364.6194193,-473.1478345664109,-179.5597205098345,729.0078477709367,13.466979038237955,-35.486087592480935,7.247504391711627e-20
1786740394.4123018,twist +Z,fast,1786740364.6194193,-474.39449395685733,-180.50280996016897,732.00157540488,13.537710747012799,-35.579587046764516,7.154313149943453e-20
1786740394.440647,twist +Z,fast,1786740364.6194193,-473.6813044294854,-183.50653856615088,728.7301314949664,13.762990392461457,-35.526097832211654,7.126535138233025e-20
1786740394.4688873,twist +Z,fast,1786740364.6194193,-474.18112852719287,-182.9113574749406,732.4883041477451,13.718351810620764,-35.56358463953957,7.122686984460575e-20
1786740394.4974275,twist +Z,fast,1786740364.6194193,-473.08285032914773,-183.34256952505314,727.5277293695863,13.750692714378989,-35.48121377468626,7.119352212583879e-20
1786740394.525739,twist +Z,fast,1786740364.6194193,-473.1387246355812,-182.80602230481156,726.3662533716351,13.710451672861094,-35.48540434766879,7.086946418508282e-20
1786740394.5542343,twist +Z,fast,1786740364.6194193,-471.7688508817223,-181.9504130958711,730.779659455673,13.64628098219048,-35.38266381612946,7.063587121129178e-20
1786740394.5826068,twist +Z,fast,1786740364.6194193,-470.57792744185235,-180.21034341495294,727.4785380354087,13.51577575612166,-35.29334455813911,7.058997323238092e-20
1786740394.6110237,twist +Z,fast,1786740364.6194193,-473.23056870775554,-180.35872236024147,739.1677414843134,13.526904177018341,-35.492292653081954,7.161581376440426e-20
1786740394.6393142,twist +Z,fast,1786740364.6194193,-474.7512711186987,-180.81551707782035,739.8686372324419,13.561163780836875,-35.60634533390256,7.193671913767315e-20
1786740394.6678524,twist +Z,fast,1786740364.6194193,-476.9923182229886,-181.07724820061492,750.6234864586759,13.580793615046279,-35.77442386672443,7.263504675313487e-20
1786740394.696115,twist +Z,fast,1786740364.6194193,-475.62263257909854,-178.36027072818547,741.9675710151269,13.377020304614266,-35.671697443432656,7.19321096579993e-20
1786740394.7246475,twist +Z,fast,1786740364.6194193,-473.471295346852,-177.54774980777518,742.1651897495949,13.316081235583308,-35.51034715101414,7.185945242704189e-20
1786740394.7530613,twist +Z,fast,1786740364.6194193,-476.7336081161384,-180.29806334168768,749.265042397571,13.5223547506268,-35.755020608710694,7.20497440157308e-20
1786740394.781327,twist +Z,fast,1786740364.6194193,-473.31089237339893,-181.80763566520875,745.4350743837731,13.635572674890906,-35.498316928005124,7.171178843057273e-20
1786740394.809787,twist +Z,fast,1786740364.6194193,-474.1649574060857,-179.91174486437626,744.1379959535789,13.493380864828321,-35.562371805456756,7.169923782945632e-20
1786740394.838036,twist +Z,fast,1786740364.6194193,-470.3851374320575,-177.50821605772853,730.9605052325787,13.313116204329805,-35.27888530740442,7.07472220916913e-20
1786740394.8664587,twist +Z,fast,1786740364.6194193,-471.9406148168746,-176.32055539952626,735.485033855698,13.224041654964811,-35.39554611126588,7.108944326022969e-20
1786740394.8948858,twist +Z,fast,1786740364.6194193,-472.9224304391414,-178.45134020815556,730.3131301426338,13.383850515611886,-35.469182282935854,7.074246864851067e-20
1786740394.9233348,twist +Z,fast,1786740364.6194193,-473.0919375671824,-181.1224579955757,730.6370608335237,13.584184349668522,-35.48189531753908,7.105778354822964e-20
1786740394.9518397,twist +Z,fast,1786740364.6194193,-476.3975737938499,-184.2080532277115,735.7910115489058,13.815603992078646,-35.729818034538944,7.167106019208731e-20
1786740394.9801712,twist +Z,fast,1786740364.6194193,-472.6169785335396,-186.09664098361907,730.9638261878272,13.957248073771598,-35.446273390015875,7.124778114260772e-20
1786740395.0087717,twist +Z,fast,1786740364.6194193,-471.73864298200215,-182.45833284075593,732.5238430279705,13.6843749630568,-35.380398223650324,7.07084075235004e-20
1786740395.0369673,twist +Z,fast,1786740364.6194193,-470.23214121489355,-179.04238097734333,728.5991541850299,13.428178573300986,-35.26741059111733,7.032169899512947e-20
1786740395.0654922,twist +Z,fast,1786740364.6194193,-473.04840359126456,-177.8557377068239,734.7080941085333,13.33918032801218,-35.47863026934488,7.079970991558758e-20
1786740395.0938718,twist +Z,fast,1786740364.6194193,-472.6287112682526,-179.96320132442395,728.8611759636588,13.497240099331943,-35.44715334511933,7.0837421278413e-20
1786740395.122109,twist +Z,fast,1786740364.6194193,-470.2027309631376,-181.5533576988273,723.2551925333391,13.616501827412296,-35.265204822235475,7.021398539633038e-20
1786740395.1506572,twist +Z,fast,1786740364.6194193,-469.54119120589985,-180.8218924099407,723.8998016392825,13.561641930745775,-35.215589340442655,7.027559733580822e-20
1786740395.1792235,twist +Z,fast,1786740364.6194193,-471.0974880677095,-179.72741609737352,734.9495566638934,13.479556207303265,-35.33231160507832,7.144746760409821e-20
1786740395.207172,twist +Z,fast,1786740364.6194193,-473.43288693521345,-179.39240485933317,741.7122430026639,13.454430364450115,-35.507466520141286,7.192441982362477e-20
1786740395.235575,twist +Z,fast,1786740364.6194193,-474.94594109889385,-180.07282220608488,742.251803515278,13.505461665456561,-35.62094558241728,7.216753565476077e-20
1786740395.263953,twist +Z,fast,1786740364.6194193,-474.783327236682,-181.70034900715928,735.8978203631732,13.627526175537287,-35.608749542751404,7.156030991792401e-20
1786740395.2924042,twist +Z,fast,1786740364.6194193,-475.3777843547705,-179.64363840915007,737.135049553156,13.473272880686604,-35.65333382660795,7.161922457823608e-20
1786740395.3210394,twist +Z,fast,1786740364.6194193,-474.6367552652364,-180.9199638682843,738.156685963806,13.568997290121633,-35.597756644893025,7.184004609233495e-20
1786740395.3492694,twist +Z,fast,1786740364.6194193,-471.918596452113,-179.95920634145784,734.4581975004721,13.49694047560951,-35.39389473390868,7.127846851848668e-20
1786740395.377818,twist +Z,fast,1786740364.6194193,-468.7723017652993,-181.33851321017698,730.6770399018542,13.600388490763468,-35.15792263239765,7.09868124097108e-20
1786740395.4065633,twist +Z,fast,1786740364.6194193,-469.616814418423,-178.9721175829161,732.5254405969263,13.422908818718984,-35.22126108138191,7.086785432705212e-20
1786740395.4344304,twist +Z,fast,1786740364.6194193,-471.08208016341996,-178.90607737285882,732.9253874497936,13.417955802964553,-35.33115601225667,7.090406171658542e-20
1786740395.4627392,twist +Z,fast,1786740364.6194193,-470.56590805073256,-180.83025876620957,726.1460608318812,13.562269407465894,-35.29244310380525,7.059710652472294e-20
1786740395.491442,twist +Z,fast,1786740364.6194193,-468.71774437934346,-179.51487416247073,722.00824544244,13.463615562185385,-35.15383082845112,6.992179557499077e-20
1786740395.5196502,twist +Z,fast,1786740364.6194193,-471.2052900518174,-181.19225070467417,728.4694177838874,13.58941880285079,-35.34039675388653,7.085595304036154e-20
1786740395.5480623,twist +Z,fast,1786740364.6194193,-474.90692069069655,-179.07610586656233,738.8812616176301,13.430707939992548,-35.61801905180246,7.178042278880482e-20
1786740395.5763607,twist +Z,fast,1786740364.6194193,-473.57969741845136,-179.8520654702745,734.9025776042217,13.488904910270737,-35.51847730638417,7.223433257429781e-20
1786740395.6047883,twist +Z,fast,1786740364.6194193,-473.2922742581177,-177.42231135744657,737.1967084698545,13.30667335180868,-35.49692056935895,7.176173010151548e-20
1786740395.6332448,twist +Z,fast,1786740364.6194193,-474.225759540348,-178.85001195831455,741.7604643982168,13.413750896873797,-35.56693196552639,7.191022891293967e-20
1786740395.6615293,twist +Z,fast,1786740364.6194193,-476.7164102662541,-180.41625717611782,748.0009172865803,13.53121928820907,-35.75373076996917,7.15895098446691e-20
1786740395.690124,twist +Z,fast,1786740364.6194193,-474.6184086770463,-180.23761106214636,743.0494369303387,13.517820829661137,-35.59638065077879,7.154874560445062e-20
1786740395.718404,twist +Z,fast,1786740364.6194193,-470.93133570401915,-179.34152749015004,733.0384908030355,13.450614561761473,-35.319850177801584,7.089484706628516e-20
1786740395.746933,twist +Z,fast,1786740364.6194193,-471.27248504211366,-178.12179205392147,735.1300953952314,13.359134404044216,-35.34543637815869,7.105265058455438e-20
1786740395.7752008,twist +Z,fast,1786740364.6194193,-473.2129831902298,-179.285828136266,742.4750668965526,13.446437110220263,-35.490973739267424,7.197749050370012e-20
1786740395.8036168,twist +Z,fast,1786740364.6194193,-473.8968072613857,-178.6132913131031,744.1176352236935,13.395996848482948,-35.542260544604076,7.213920929277267e-20
1786740395.8322093,twist +Z,fast,1786740364.6194193,-473.0120841056091,-177.42204285245066,741.7244634910085,13.30665321393398,-35.47590630792091,7.209934168019641e-20
1786740395.8606653,twist +Z,fast,1786740364.6194193,-472.41344871605224,-177.99748771970542,738.8819869386216,13.349811578978052,-35.431008653703984,7.176724077484678e-20
1786740395.8892512,twist +Z,fast,1786740364.6194193,-475.7829067605958,-177.83479435185916,743.1655555281322,13.337609576389841,-35.6837180070449,7.187170018736918e-20
1786740395.9174805,twist +Z,fast,1786740364.6194193,-476.2106948731048,-179.1446615129313,743.9660960721385,13.43584961346993,-35.715802115483,7.175634820773584e-20
1786740395.9459054,twist +Z,fast,1786740364.6194193,-474.7434696624632,-178.70099775471238,737.3265518462249,13.402574831603719,-35.605760224684914,7.11630355163347e-20
1786740395.9742916,twist +Z,fast,1786740364.6194193,-471.6698851782103,-181.50738032906588,732.4071985781038,13.613053524680186,-35.37524138836601,7.099435071939703e-20
1786740396.00254,twist +Z,fast,1786740364.6194193,-470.96861268773273,-182.39735347025328,729.9016388114696,13.67980151026924,-35.322645951580085,7.107855962786175e-20
1786740396.030957,twist +Z,fast,1786740364.6194193,-470.8685224626847,-180.40749971737705,727.8501423680973,13.530562478803656,-35.31513918470149,7.074730742806595e-20
1786740396.0591848,twist +Z,fast,1786740364.6194193,-469.97321910965366,-178.213864752091,732.5537824929934,13.366039856407024,-35.24799143322424,7.083164088562592e-20
1786740396.0878205,twist +Z,fast,1786740364.6194193,-469.37423200743206,-178.42478849611155,733.5503234447187,13.381859137208604,-35.20306740055751,7.13253091114405e-20
1786740396.1159995,twist +Z,fast,1786740364.6194193,-468.1696209107872,-177.98207101289927,730.4598273277288,13.348655325967751,-35.112721568309304,7.064974413588721e-20
1786740396.144623,twist +Z,fast,1786740364.6194193,-468.24068732690284,-178.6410532997727,727.6072775356906,13.398078997483122,-35.11805154951786,7.114025937712742e-20
1786740396.172897,twist +Z,fast,1786740364.6194193,-468.39446771657185,-178.17998281258724,726.2171587036601,13.363498710944366,-35.129585078743105,7.150273692849225e-20
1786740396.2012165,twist +Z,fast,1786740364.6194193,-468.08557076862144,-179.77860808133914,726.6793785750097,13.483395606100562,-35.106417807646714,7.148653830600916e-20
1786740396.229684,twist +Z,fast,1786740364.6194193,-467.47219866155547,-179.42828087700036,722.3163308184003,13.457121065775194,-35.06041489961692,7.04259085292817e-20
1786740396.2581358,twist +Z,fast,1786740364.6194193,-468.019843399356,-180.06417253448262,723.6667507510692,13.504812940086392,-35.10148825495181,6.950108828425636e-20
1786740396.2863946,twist +Z,fast,1786740364.6194193,-469.77690699153936,-181.2081032291702,722.9188083257959,13.590607742188023,-35.2332680243657,6.943200742328393e-20
1786740396.3147938,twist +Z,fast,1786740364.6194193,-471.4065385773738,-183.44732673072258,725.8905992115151,13.758549504804467,-35.35549039330325,7.002811164325623e-20
1786740396.3434196,twist +Z,fast,1786740364.6194193,-470.2145785311168,-182.8161591830551,721.9541266712858,13.711211938729296,-35.266093389833976,6.991635804159549e-20
1786740396.371904,twist +Z,fast,1786740364.6194193,-469.88725958675514,-180.44585118871782,724.6362287417023,13.533438839154005,-35.24154446900687,7.059167566101546e-20
1786740396.4001188,twist +Z,fast,1786740364.6194193,-467.03651863034975,-176.57028786587864,717.6579293458963,13.242771589941082,-35.027738897276485,6.927676912706613e-20
1786740396.4284904,twist +Z,fast,1786740364.6194193,-466.05170060127057,-175.16002965159828,716.2093763401672,13.137002223870109,-34.95387754509555,6.964736493534249e-20
1786740396.4569066,twist +Z,fast,1786740364.6194193,-466.58892173229515,-178.37239670174006,726.2551395974597,13.377929752630688,-34.99416912992229,7.057333827170084e-20
1786740396.4851494,twist +Z,fast,1786740364.6194193,-470.9797434359625,-179.78902567612715,734.7156897433042,13.484176925709644,-35.32348075769745,7.167283806933991e-20
1786740396.5136266,twist +Z,fast,1786740364.6194193,-473.86293847376373,-182.2398924390002,739.3942606465007,13.66799193292525,-35.53972038553251,7.232543674561179e-20
1786740396.5421886,twist +Z,fast,1786740364.6194193,-473.10703030458444,-181.0938262655842,727.2403351218918,13.582036969919027,-35.483027272844005,7.117177715095799e-20
1786740396.5703444,twist +Z,fast,1786740364.6194193,-469.19329985706327,-179.4987679249149,723.3329576729457,13.462407594368845,-35.189497489279944,7.07905226012261e-20
1786740396.5989738,twist +Z,fast,1786740364.6194193,-468.93168732820504,-180.0428153533104,726.7425963017813,13.503211151498565,-35.16987654961549,7.012676829684355e-20
1786740396.6274664,twist +Z,fast,1786740364.6194193,-467.186746747901,-179.34003442071662,725.3671855196517,13.450502581554002,-35.03900600609283,6.976884709226302e-20
1786740396.6557717,twist +Z,fast,1786740364.6194193,-467.81150721760923,-182.33649680646772,726.950934498881,13.675237260485385,-35.085863041320934,7.03108723575443e-20
1786740396.6840975,twist +Z,fast,1786740364.6194193,-469.2593838509988,-182.1523126357481,727.6229235573082,13.661423447681319,-35.194453788825136,7.030361025556721e-20
1786740396.7125285,twist +Z,fast,1786740364.6194193,-470.54513299299833,-182.04816642088213,735.0033289125986,13.653612481566402,-35.29088497447501,7.063913116841234e-20
1786740396.7409036,twist +Z,fast,1786740364.6194193,-470.06046053243017,-180.75447382597872,730.6440141061212,13.556585536948635,-35.25453453993256,6.99707031147553e-20
1786740396.7692146,twist +Z,fast,1786740364.6194193,-467.23680606769904,-179.2344175558644,723.9302890379031,13.442581316690049,-35.04276045507768,7.001273042087721e-20
1786740396.7974682,twist +Z,fast,1786740364.6194193,-468.0477614139204,-180.46029284221424,720.9461229397248,13.534521963166231,-35.10358210604428,7.010106173884146e-20
1786740396.8259394,twist +Z,fast,1786740364.6194193,-469.33304801657596,-182.50517407123652,721.3761973412611,13.687888055343091,-35.199978601243416,7.024117360040407e-20
1786740396.8545184,twist +Z,fast,1786740364.6194193,-470.4130264784535,-181.79973017640873,721.5078671195397,13.634979763230927,-35.28097698588408,6.967410703190429e-20
1786740396.8828628,twist -Z,fast,1786740396.861293,-469.6443769601783,-180.2146814747898,727.4854905711536,13.516101110609466,-35.22332827201366,6.99117895761548e-20
1786740396.9111319,twist -Z,fast,1786740396.861293,-469.5027183757679,-176.8820914912576,731.2917555742797,13.26615686184454,-35.21270387818282,7.046229436269528e-20
1786740396.9395552,twist -Z,fast,1786740396.861293,-469.9992262203609,-179.7968494727528,735.3169977086209,13.484763710456651,-35.24994196652727,7.128116370890602e-20
1786740396.967959,twist -Z,fast,1786740396.861293,-469.8457658607649,-179.70240509440646,726.4716213508791,13.477680382080809,-35.23843243955767,7.105086952623954e-20
1786740396.9966223,twist -Z,fast,1786740396.861293,-469.8487699146749,-182.62093664068038,730.3550661171839,13.696570248051305,-35.238657743600776,7.141846438749148e-20
1786740397.0249956,twist -Z,fast,1786740396.861293,-467.7922554648326,-182.02906545432393,725.3272023434056,13.65217990907453,-35.084419159862605,7.079574754086662e-20
1786740397.05332,twist -Z,fast,1786740396.861293,-467.21291795923526,-180.71955599462115,726.8038760141799,13.553966699596867,-35.04096884694304,7.063631754865917e-20
1786740397.081518,twist -Z,fast,1786740396.861293,-466.58109111287604,-180.19824916879804,720.2271011473113,13.514868687660023,-34.99358183346607,7.004377092042099e-20
1786740397.1101065,twist -Z,fast,1786740396.861293,-469.66008056040073,-180.71086939428665,724.8100296102411,13.553315204571792,-35.22450604203031,7.050027281429341e-20
1786740397.1384459,twist -Z,fast,1786740396.861293,-472.7587074274238,-183.29611298502778,730.0770200972465,13.747208473877262,-35.45690305705704,7.06554125010511e-20
1786740397.1668591,twist -Z,fast,1786740396.861293,-472.5055398550112,-182.5557723354251,729.9690670084992,13.691682925157156,-35.43791548912609,7.04633078159356e-20
1786740397.1956773,twist -Z,fast,1786740396.861293,-470.14757719015915,-181.76202864153697,725.2546490942468,13.632152148115619,-35.261068289262106,7.000589172450941e-20
1786740397.2235448,twist -Z,fast,1786740396.861293,-466.66267277898623,-179.63441215967168,718.1197336930672,13.472580911975736,-34.999700458424364,6.93857954556208e-20
1786740397.2522779,twist -Z,fast,1786740396.861293,-468.01203607561774,-179.05497664028712,723.198805804418,13.429123248021877,-35.100902705671665,6.978175834805761e-20
1786740397.280518,twist -Z,fast,1786740396.861293,-468.6472542603219,-178.27465857719653,728.9168148999788,13.370599393289954,-35.14854406952424,7.000461081182863e-20
1786740397.3089151,twist -Z,fast,1786740396.861293,-470.4238473559326,-179.39849935617622,730.1891140810621,13.454887451713478,-35.28178855169514,7.092120117566271e-20
1786740397.3372056,twist -Z,fast,1786740396.861293,-469.8196578185457,-181.06089861210341,726.9954369937468,13.579567395907976,-35.236474336391154,7.074628038114302e-20
1786740397.3656714,twist -Z,fast,1786740396.861293,-468.8870027530402,-178.28387991863076,718.88547455153,13.37129099389757,-35.16652520647801,7.038472777100619e-20
1786740397.3939373,twist -Z,fast,1786740396.861293,-467.6313570119287,-176.96643249137344,722.0767055673741,13.272482436853235,-35.07235177589505,6.985972137701176e-20
1786740397.4225113,twist -Z,fast,1786740396.861293,-468.6803006358532,-174.6901684296064,727.1631024116405,13.101762632220737,-35.15102254768926,6.996866827108719e-20
1786740397.4510539,twist -Z,fast,1786740396.861293,-470.62231554515074,-178.41310326507562,732.9759697724185,13.380982744880992,-35.29667366588656,7.029078779036483e-20
1786740397.4794416,twist -Z,fast,1786740396.861293,-471.2408437692843,-180.2727023230617,727.2597559153755,13.520452674229933,-35.34306328269652,7.024747036754831e-20
1786740397.5075169,twist -Z,fast,1786740396.861293,-467.6701221739295,-177.3729729251868,718.403287666416,13.302972969389213,-35.07525916304497,6.96126271673442e-20
1786740397.5360603,twist -Z,fast,1786740396.861293,-467.1890039337677,-175.50125104049675,720.4312637993162,13.162593828037554,-35.039175295032734,7.027840642437295e-20
1786740397.5643783,twist -Z,fast,1786740396.861293,-467.26914354505743,-174.55066430300155,722.8442978597768,13.091299822725485,-35.04518576587943,7.051283234760049e-20
1786740397.5932126,twist -Z,fast,1786740396.861293,-469.75335677905014,-176.96818158897565,725.3064693032411,13.272613619173459,-35.23150175842889,7.098110553431089e-20
1786740397.6214201,twist -Z,fast,1786740396.861293,-469.4297400439282,-179.56047572413956,723.8176184699632,13.46703567931063,-35.20723050329473,7.040165791475337e-20
1786740397.64998,twist -Z,fast,1786740396.861293,-470.4539361156353,-179.830753630681,727.4775440933327,13.487306522301228,-35.284045208672865,7.080937184952113e-20
1786740397.6781604,twist -Z,fast,1786740396.861293,-471.657215226322,-183.96176757190904,733.5600151981334,13.797132567893396,-35.37429114197429,7.131668924448837e-20
1786740397.706373,twist -Z,fast,1786740396.861293,-470.38936535202583,-182.4385430647037,730.7506740676135,13.682890729853025,-35.27920240140202,7.155306280973736e-20
1786740397.7348034,twist -Z,fast,1786740396.861293,-468.8689096966614,-181.13831881464057,729.9553513589844,13.585373911098149,-35.16516822724982,7.184131421208251e-20
1786740397.7632837,twist -Z,fast,1786740396.861293,-467.8153443193455,-179.27938424182366,724.2607379886413,13.445953818136989,-35.086150823951165,7.166183282479701e-20
1786740397.7924652,twist -Z,fast,1786740396.861293,-466.47796798317677,-179.3578392900447,721.1189530723823,13.451837946753603,-34.9858475987385,7.095010123702704e-20
1786740397.8200727,twist -Z,fast,1786740396.861293,-467.49061470267134,-181.86354935406098,720.5479666362089,13.63976620155481,-35.061796102700484,7.083730516700395e-20
1786740397.8485177,twist -Z,fast,1786740396.861293,-463.7160663815098,-179.08366667115843,712.9086420264848,13.431275000337106,-34.778704978613455,6.954186931515686e-20
1786740397.8767676,twist -Z,fast,1786740396.861293,-465.05937505375505,-176.17957048628205,718.8589017848763,13.213467786471359,-34.879453129031845,6.94999842122068e-20
1786740397.9050593,twist -Z,fast,1786740396.861293,-462.21503668074047,-172.68009453474087,708.1718540078482,12.951007090105872,-34.66612775105569,6.880702634682807e-20
1786740397.9333932,twist -Z,fast,1786740396.861293,-463.7767678813134,-174.05844309280508,711.5307876908219,13.054383231960738,-34.78325759109876,6.940443745049016e-20
1786740397.9618783,twist -Z,fast,1786740396.861293,-463.0291746557241,-175.31895315537656,710.0524480935483,13.148921486653482,-34.727188099179585,6.980097284789201e-20
1786740397.9906397,twist -Z,fast,1786740396.861293,-466.35139146504207,-181.92250070790828,715.4452590235951,13.644187553093385,-34.976354359878364,7.023848667831715e-20
1786740398.0186403,twist -Z,fast,1786740396.861293,-467.05094174166925,-182.77587123929038,720.9504335618722,13.708190342946896,-35.02882063062535,7.006715175987751e-20
1786740398.0472045,twist -Z,fast,1786740396.861293,-466.10037528923067,-184.34763659898067,713.0914600544447,13.826072744923767,-34.957528146692326,6.963379067905865e-20
1786740398.0754795,twist -Z,fast,1786740396.861293,-461.33494175085434,-179.85216651534643,712.9365595730878,13.488912488651113,-34.60012063131415,6.896741313427323e-20
1786740398.1038837,twist -Z,fast,1786740396.861293,-457.7922675767918,-178.10621724954456,694.8644671317252,13.357966293716135,-34.33442006825969,6.81927575923451e-20
1786740398.1321578,twist -Z,fast,1786740396.861293,-459.27825396583376,-178.0616451511463,699.0850821828999,13.354623386336218,-34.4458690474378,6.824264998552014e-20
1786740398.1608095,twist -Z,fast,1786740396.861293,-460.6174718764669,-179.64004850711365,698.3249730983944,13.473003638033699,-34.54631039073508,6.815161700548847e-20
1786740398.18967,twist -Z,fast,1786740396.861293,-463.1846391788349,-182.17738544874567,713.2664683161183,13.663303908656136,-34.738847938412704,6.89554684271113e-20
1786740398.217591,twist -Z,fast,1786740396.861293,-462.09552064802574,-184.810502035676,711.4601584246002,13.86078765267585,-34.65716404860198,6.888578272592682e-20
1786740398.2458396,twist -Z,fast,1786740396.861293,-461.9534501204753,-184.71880754839435,710.4180238399367,13.853910566129795,-34.64650875903591,6.903262227278261e-20
1786740398.2745707,twist -Z,fast,1786740396.861293,-461.7338272222355,-183.5811963408289,707.0933668956022,13.76858972556236,-34.630037041667805,6.870862260742011e-20
1786740398.3026416,twist -Z,fast,1786740396.861293,-460.5041653172898,-180.46901449009158,708.0321898713664,13.535176086757073,-34.537812398796795,6.842266003035803e-20
1786740398.3312712,twist -Z,fast,1786740396.861293,-460.38486500069075,-180.8005023291762,705.3472100381796,13.560037674688413,-34.5288648750522,6.811936743877229e-20
1786740398.3594193,twist -Z,fast,1786740396.861293,-460.0882244032455,-181.8907755797344,705.5436766424364,13.641808168480292,-34.50661683024354,6.852327498224647e-20
1786740398.388029,twist -Z,fast,1786740396.861293,-459.9709102624911,-184.8877332002853,703.3666383341351,13.866579990021659,-34.49781826968694,6.878478040231343e-20
1786740398.4162707,twist -Z,fast,1786740396.861293,-459.7780536185942,-184.57414391120187,704.2146483966644,13.843060793340403,-34.48335402139476,6.888987079475172e-20
1786740398.444816,twist -Z,fast,1786740396.861293,-459.22626769349745,-186.49962295217153,705.4535577551533,13.987471721413062,-34.441970077012506,6.875408498006113e-20
1786740398.4731643,twist -Z,fast,1786740396.861293,-458.8137676270662,-186.66590944201096,706.9744177534549,13.99994320815102,-34.41103257203022,6.884595900841939e-20
1786740398.5017996,twist -Z,fast,1786740396.861293,-457.5804412250959,-190.09221865914685,701.9736895520045,14.256916399436125,-34.31853309188254,6.825296815456327e-20
1786740398.5300443,twist -Z,fast,1786740396.861293,-458.1503634629039,-189.93306540993922,704.854658746236,14.244979905745591,-34.36127725971802,6.932043803698531e-20
1786740398.558239,twist -Z,fast,1786740396.861293,-457.0824476087787,-188.84759420403327,698.2705977329488,14.163569565302755,-34.2811835706587,6.858040297879667e-20
1786740398.5866647,twist -Z,fast,1786740396.861293,-458.7902575755802,-185.73365258125557,704.3934471293987,13.930023943594353,-34.40926931816869,6.860392306211447e-20
1786740398.6151202,twist -Z,fast,1786740396.861293,-459.1866341440991,-184.08322736989305,702.8229840790436,13.80624205274221,-34.43899756080781,6.730454460766401e-20
1786740398.6434696,twist -Z,fast,1786740396.861293,-459.65343428007236,-186.78448207492704,704.0370506981872,14.00883615561973,-34.474007571005764,6.775755194061612e-20
1786740398.6719356,twist -Z,fast,1786740396.861293,-459.65564914526794,-184.6336366881036,704.0401682695874,13.847522751608121,-34.474173685895295,6.777867200005431e-20
1786740398.7003448,twist -Z,fast,1786740396.861293,-455.62100875716396,-185.328533793504,692.1243536586471,13.899640034512846,-34.171575656787496,6.770915179801605e-20
1786740398.7287807,twist -Z,fast,1786740396.861293,-455.58512961722636,-181.88242615006254,691.9090398182725,13.641181961255025,-34.168884721292265,6.751127905534886e-20
1786740398.7570071,twist -Z,fast,1786740396.861293,-455.9771675404386,-184.92632411543775,698.6172121529298,13.869474308657974,-34.19828756553307,6.864444676747102e-20
1786740398.7853863,twist -Z,fast,1786740396.861293,-455.61834140927476,-184.2397144504306,695.5067607316714,13.817978583782587,-34.17137560569576,6.818696284526212e-20
1786740398.8142776,twist -Z,fast,1786740396.861293,-455.8608411565215,-183.73783543170578,694.5025470168321,13.780337657378144,-34.18956308673943,6.780637304521616e-20
1786740398.8424585,twist -Z,fast,1786740396.861293,-453.27475622599286,-183.7920888544735,684.7669057040221,13.784406664085747,-33.99560671694978,6.697754789553619e-20
1786740398.8707268,twist -Z,fast,1786740396.861293,-455.1969215870622,-185.56582036613054,694.6581475477669,13.917436527460016,-34.139769119029815,6.728654590765808e-20
1786740398.899138,twist -Z,fast,1786740396.861293,-455.0817902095241,-186.8829225777415,697.1299534394557,14.016219193330716,-34.13113426571438,6.762611118066012e-20
1786740398.9274025,twist -Z,fast,1786740396.861293,-454.7162316092581,-184.80788529005656,700.5017793121988,13.86059139675449,-34.10371737069456,6.781976355279726e-20
1786740398.956136,twist -Z,fast,1786740396.861293,-453.4106474884911,-183.37243526652924,695.8142164372775,13.752932644989844,-34.00579856163705,6.767312863585169e-20
1786740398.9845088,twist -Z,fast,1786740396.861293,-452.07823077489047,-182.22106041929703,693.8078408629035,13.666579531447606,-33.90586730811689,6.769729693494802e-20
1786740399.016392,twist -Z,fast,1786740396.861293,-452.3405175246212,-182.75218868746458,691.2614037241265,13.706414151560072,-33.92553881434674,6.741525908501656e-20
1786740399.0412543,twist -Z,fast,1786740396.861293,-455.3964491213437,-183.593905370083,701.7895108801667,13.769542902756452,-34.154733684100954,6.79053978651086e-20
1786740399.069996,twist -Z,fast,1786740396.861293,-458.72357798026815,-183.0357303604021,707.1319891896865,13.727679777030342,-34.40426834852021,6.805009439272211e-20
1786740399.0981424,twist -Z,fast,1786740396.861293,-458.3932411019123,-183.54507265462257,706.3250161644228,13.765880449096887,-34.37949308264356,6.828752205325072e-20
1786740399.126425,twist -Z,fast,1786740396.861293,-455.7003484347183,-182.36154969601705,693.7026852147146,13.677116227201541,-34.177526132604136,6.792945643635327e-20
1786740399.1547477,twist -Z,fast,1786740396.861293,-452.743637861759,-182.05156110717144,690.7725774605324,13.65386708303799,-33.95577283963228,6.774216846939756e-20
1786740399.1831334,twist -Z,fast,1786740396.861293,-452.29736423964687,-179.85378508331064,687.9278123530394,13.489033881248663,-33.92230231797371,6.741925990026933e-20
1786740399.2146602,twist -Z,fast,1786740396.861293,-454.25892346094633,-181.7054116708964,696.8618492985606,13.627905875317492,-34.069419259571234,6.763430188597006e-20
1786740399.240064,twist -Z,fast,1786740396.861293,-455.3570490225675,-184.8727461979288,696.304495035035,13.865455964844859,-34.15177867669258,6.757207152029367e-20
1786740399.2683735,twist -Z,fast,1786740396.861293,-457.8505804813849,-186.45717663831363,699.67555198843,13.984288247873717,-34.33879353610394,6.745796039139546e-20
1786740399.2968123,twist -Z,fast,1786740396.861293,-456.28456554209606,-185.56508307122772,690.075624675851,13.917381230342304,-34.221342415657325,6.732509754138063e-20
1786740399.3251433,twist -Z,fast,1786740396.861293,-454.77136083242567,-183.307137309155,685.528697654815,13.748035298186839,-34.10785206243202,6.694535113815468e-20
1786740399.3536534,twist -Z,fast,1786740396.861293,-453.6844352491221,-185.34927230078029,690.3663677648674,13.901195422558903,-34.02633264368448,6.779867941610753e-20
1786740399.3821993,twist -Z,fast,1786740396.861293,-455.0278624808461,-185.43215056320707,694.6030797555522,13.907411292240685,-34.12708968606362,6.785599218659191e-20
1786740399.4126763,twist -Z,fast,1786740396.861293,-456.52071319065726,-187.86994500351148,696.3818472582379,14.09024587526353,-34.239053489299415,6.822171353247339e-20
1786740399.4391472,twist -Z,fast,1786740396.861293,-456.1211089308363,-187.6308003800151,691.4766628888774,14.072310028501537,-34.20908316981294,6.768058698485996e-20
1786740399.4675624,twist -Z,fast,1786740396.861293,-454.35005915920283,-185.23400050677412,693.0667074525682,13.892550038008292,-34.0762544369404,6.729620322343801e-20
1786740399.4956825,twist -Z,fast,1786740396.861293,-453.25845743503487,-182.82402583858118,693.9233839617164,13.711801937893828,-33.994384307627904,6.723014276802998e-20
1786740399.5242326,twist -Z,fast,1786740396.861293,-453.0046781853389,-183.1295267386423,691.7601705109055,13.734714505398404,-33.9753508639006,6.731019499737772e-20
1786740399.5525124,twist -Z,fast,1786740396.861293,-454.16204231530037,-183.18751905036834,690.342250873201,13.739063928777849,-34.06215317364774,6.758994627970124e-20
1786740399.5811434,twist -Z,fast,1786740396.861293,-453.5954151591477,-183.75346753458632,694.4243124582408,13.781510065094128,-34.01965613693633,6.778912907292944e-20
1786740399.6093056,twist -Z,fast,1786740396.861293,-453.85574637428635,-184.63752331257547,699.6876485348857,13.847814248443317,-34.03918097807165,6.812354432245304e-20
1786740399.6375563,twist -Z,fast,1786740396.861293,-452.335450342473,-183.57373994076374,701.1495898833809,13.768030495557493,-33.925158775685716,6.837141159724935e-20
1786740399.6661973,twist -Z,fast,1786740396.861293,-454.27013495549863,-182.21047297462871,702.1542961998202,13.665785473097497,-34.07026012166257,6.833805598034182e-20
1786740399.6944916,twist -Z,fast,1786740396.861293,-450.33614638186964,-176.9437935260022,692.7038916835199,13.270784514450458,-33.77521097864042,6.719368446090866e-20
1786740399.722815,twist -Z,fast,1786740396.861293,-453.3430066925798,-180.69106894394736,694.9680936973145,13.551830170796183,-34.00072550194361,6.744493583348073e-20
1786740399.7511685,twist -Z,fast,1786740396.861293,-452.3326363408405,-182.4772974732217,689.1736479849069,13.685797310491804,-33.924947725563385,6.749969574210481e-20
1786740399.7819958,twist -Z,fast,1786740396.861293,-458.2058187698699,-187.78388671560265,702.3063574779408,14.083791503670387,-34.36543640774043,6.897710120288083e-20
1786740399.8079915,twist -Z,fast,1786740396.861293,-456.2436710335828,-187.54750500711964,697.9305621925469,14.066062875534175,-34.21827532751882,6.82945110317049e-20
1786740399.8365152,twist -Z,fast,1786740396.861293,-458.62241119307737,-187.048858618983,702.5372778072988,14.028664396424045,-34.39668083948085,6.855051082282934e-20
1786740399.8649518,twist -Z,fast,1786740396.861293,-456.66783208348124,-183.32473222432043,696.1099878396953,13.74935491682427,-34.2500874062612,6.79938330353871e-20
1786740399.893169,twist -Z,fast,1786740396.861293,-456.67696870568943,-180.8187502416282,696.0416649812669,13.561406268122287,-34.25077265292698,6.82577897675576e-20
1786740399.9217103,twist -Z,fast,1786740396.861293,-453.16227463779023,-180.46839310439213,687.9087851371314,13.5351294828296,-33.987170597834506,6.789199461845686e-20
1786740399.9500816,twist -Z,fast,1786740396.861293,-452.5762311135527,-182.79375336004023,687.0895308652434,13.709531502003326,-33.9432173335168,6.802187595210143e-20
1786740399.978618,twist -Z,fast,1786740396.861293,-452.94858004249045,-183.69111498220718,694.3432494337058,13.776833623665706,-33.97114350318707,6.824700234757911e-20
1786740400.0069876,twist -Z,fast,1786740396.861293,-454.140980590616,-184.0708291779314,702.2774681240708,13.805312188345088,-34.060573544296346,6.907827447142305e-20
1786740400.0352285,twist -Z,fast,1786740396.861293,-454.9724822925732,-184.32662530853952,701.4215417709729,13.824496898140591,-34.122936171943174,6.874029537873801e-20
1786740400.063596,twist -Z,fast,1786740396.861293,-453.87094074795095,-184.03520692819893,694.8852435262042,13.802640519615178,-34.04032055609653,6.838106243815209e-20
1786740400.0921123,twist -Z,fast,1786740396.861293,-452.4874897957957,-182.31402214485468,690.5562128184447,13.673551660864394,-33.9365617346849,6.736010935317789e-20
1786740400.1204672,twist -Z,fast,1786740396.861293,-451.5104748944391,-181.37759275716576,692.737218067532,13.60331945678762,-33.863285617083164,6.739949875003543e-20
1786740400.1487925,twist -Z,fast,1786740396.861293,-453.18594326708535,-182.21148812002423,692.5439241059003,13.665861609002096,-33.98894574503176,6.763054498286918e-20
1786740400.1771898,twist -Z,fast,1786740396.861293,-453.4294824301596,-182.61262183107044,692.6101652152238,13.695946637330547,-34.00721118226238,6.813384326970296e-20
1786740400.2058282,twist -Z,fast,1786740396.861293,-454.2711919209164,-182.10531794985206,693.5179076188442,13.65789884623904,-34.07033939406897,6.819172667318421e-20
1786740400.2342446,twist -Z,fast,1786740396.861293,-454.5428351156834,-180.28178923289863,699.7930414235061,13.521134192467525,-34.090712633676404,6.846610907225327e-20
1786740400.2624695,twist -Z,fast,1786740396.861293,-457.3359398670086,-182.1906220246509,701.4372558246278,13.664296651849089,-34.300195490025686,6.865280140673162e-20
1786740400.290931,twist -Z,fast,1786740396.861293,-455.6124120726622,-180.56362606489552,698.9984513132813,13.542271954867434,-34.17093090544981,6.827804189485886e-20
1786740400.319076,twist -Z,fast,1786740396.861293,-455.60715800779917,-182.1588869757387,696.0965353240899,13.661916523180604,-34.17053685058516,6.828958846206581e-20
1786740400.3474739,twist -Z,fast,1786740396.861293,-453.09922936845396,-178.9117364575344,691.096104090765,13.41838023431529,-33.98244220263428,6.777548493037102e-20
1786740400.3769977,twist -Z,fast,1786740396.861293,-454.82208616362504,-182.6874139744957,689.1691405752426,13.7015560480874,-34.11165646227202,6.779220558994989e-20
1786740400.4043677,twist -Z,fast,1786740396.861293,-455.2988126171599,-183.4358014485116,688.9653867314491,13.757685108638594,-34.14741094628718,6.75888733917047e-20
1786740400.4327154,twist -Z,fast,1786740396.861293,-457.6424115231989,-188.82152246948215,694.5317687407123,14.161614185211508,-34.323180864240136,6.808004687356252e-20
1786740400.461186,twist -Z,fast,1786740396.861293,-457.2887773755483,-187.2565377926196,691.9695826955876,14.04424033444673,-34.29665830316619,6.845554852583423e-20
1786740400.489603,twist -Z,fast,1786740396.861293,-457.5507573385685,-187.30610833185676,691.393887446593,14.047958124889437,-34.31630680039275,6.853704189282584e-20
1786740400.5181174,twist -Z,fast,1786740396.861293,-455.30160084182853,-186.65527358903785,689.7385070062219,13.999145519178189,-34.147620063137396,6.822428902323525e-20
1786740400.546352,twist -Z,fast,1786740396.861293,-458.04085658835356,-186.75775710356436,699.1239777279325,14.006831782767652,-34.35306424412686,6.840924739313756e-20
1786740400.5755587,twist -Z,fast,1786740396.861293,-456.15841856379484,-185.81136595539692,698.9152264995855,13.935852446654966,-34.21188139228484,6.80628051507251e-20
1786740400.6031015,twist -Z,fast,1786740396.861293,-456.1235919125311,-184.80881891019737,698.0171508390058,13.860661418264986,-34.209269393440096,6.768245940479643e-20
1786740400.6318812,twist -Z,fast,1786740396.861293,-455.74448019535066,-184.11669030195242,700.8753975385143,13.808751772646698,-34.18083601465145,6.782946089917678e-20
1786740400.6600292,twist -Z,fast,1786740396.861293,-455.0533480260183,-183.0818053023986,698.1888354670873,13.731135397680067,-34.12900110195167,6.749488383898906e-20
1786740400.6884034,twist -Z,fast,1786740396.861293,-455.6090474141388,-182.81984658774275,694.9038698607419,13.711488494081063,-34.17067855606057,6.787167749666777e-20
1786740400.7169735,twist -Z,fast,1786740396.861293,-453.4584303901065,-182.9082286403583,692.9050551780392,13.718117148027009,-34.009382279258304,6.750523349401854e-20
1786740400.7452857,twist -Z,fast,1786740396.861293,-455.1333350342138,-183.47402318960565,697.3025803967357,13.760551739220578,-34.13500012756622,6.814596876031142e-20
1786740400.7737832,twist -Z,fast,1786740396.861293,-454.2762065670063,-182.45623444585226,698.8499742012746,13.68421758343911,-34.07071549252569,6.788500802741751e-20
1786740400.8020933,twist -Z,fast,1786740396.861293,-453.83279995382645,-182.9710239610862,690.4194273879166,13.722826797081556,-34.037459996537144,6.802516856096323e-20
1786740400.8304718,twist -Z,fast,1786740396.861293,-453.46361990034893,-181.08766382163833,688.6152284752861,13.58157478662304,-34.00977149252642,6.779531514427766e-20
1786740400.8586664,twist -Z,fast,1786740396.861293,-454.47980946020925,-179.03089262406195,688.8331209628577,13.427316946804911,-34.085985709516,6.7479117155153e-20
1786740400.887146,twist -Z,fast,1786740396.861293,-453.43459954072796,-177.68074514671093,688.1805255685913,13.326055886003548,-34.007594965554745,6.674601745657574e-20
1786740400.915428,twist -Z,fast,1786740396.861293,-453.49630416138007,-182.26156001776292,691.1753017207111,13.66961700133233,-34.01222281210367,6.726454041507849e-20
1786740400.9438486,twist -Z,fast,1786740396.861293,-451.49488288186876,-184.02145771952746,691.160736390354,13.801609328964926,-33.86211621614037,6.738022684500625e-20
1786740400.972873,twist -Z,fast,1786740396.861293,-453.40432831875614,-186.45242599273195,695.813243313577,13.98393194945491,-34.00532462390693,6.827483394060955e-20
1786740401.0010474,twist -Z,fast,1786740396.861293,-453.4817880302726,-184.95694357464868,693.4743430280978,13.87177076809883,-34.01113410227061,6.728200162377931e-20
1786740401.0292203,twist -Z,fast,1786740396.861293,-455.3214970299414,-184.3361627271505,696.5971403727654,13.825212204536495,-34.149112277245806,6.760140994253181e-20
1786740401.0575006,twist -Z,fast,1786740396.861293,-455.17381711291455,-183.49829195000814,697.6021170003469,13.76237189625073,-34.13803628346883,6.742857340239171e-20
1786740401.0859003,twist -Z,fast,1786740396.861293,-456.2359266537278,-181.6188993309895,697.512828754132,13.621417449824374,-34.21769449902979,6.801542284010988e-20
1786740401.1146276,twist -Z,fast,1786740396.861293,-455.41106768686905,-183.53038813786725,691.1543766780123,13.764779110340204,-34.15583007651529,6.830219146484577e-20
1786740401.1427593,twist -Z,fast,1786740396.861293,-453.93348900176807,-182.79318873848536,687.6133297706401,13.709489155386532,-34.045011675132606,6.814970503411077e-20
1786740401.1714308,twist -Z,fast,1786740396.861293,-453.8031270882234,-185.2173526021636,694.734417876246,13.891301445162508,-34.03523453161682,6.901949339438365e-20
1786740401.199622,twist -Z,fast,1786740396.861293,-454.4577135045606,-183.31730235885436,699.0532269549376,13.748797676914311,-34.08432851284217,6.844253219046688e-20
1786740401.22823,twist -Z,fast,1786740396.861293,-455.09822709664513,-182.13019388333225,698.8552282664496,13.65976454125023,-34.13236703224856,6.88370976739232e-20
1786740401.2562034,twist -Z,fast,1786740396.861293,-453.0493523013283,-181.73106045773125,689.5800367091442,13.629829534330167,-33.97870142259975,6.793172869000285e-20
1786740401.2845254,twist -Z,fast,1786740396.861293,-452.0315006346077,-180.23662998327643,689.574894231042,13.517747248745852,-33.90236254759592,6.799583069269495e-20
1786740401.312973,twist -Z,fast,1786740396.861293,-451.7656474033174,-182.80760962723105,691.0282071717438,13.710570722042565,-33.88242355524926,6.753491609751668e-20
1786740401.3414385,twist -Z,fast,1786740396.861293,-451.2062853566167,-183.4103901079951,688.3275287632241,13.755779258099917,-33.84047140174643,6.738756099595409e-20
1786740401.3724616,twist -Z,fast,1786740396.861293,-453.70793381342173,-186.55285355089586,693.5377289844464,13.991464016317426,-34.028095036006874,6.781948692434445e-20
1786740401.3980734,twist -Z,fast,1786740396.861293,-455.4643237131654,-185.65125445799924,702.3148671986992,13.923844084350133,-34.15982427848762,6.865783884830818e-20
1786740401.426485,twist -Z,fast,1786740396.861293,-456.7559371539569,-184.3535290035843,707.0922018460487,13.826514675269141,-34.256695286546844,6.906499297548371e-20
1786740401.455049,twist -Z,fast,1786740396.861293,-455.75994366579744,-184.97602412042215,704.9235167903262,13.873201809031702,-34.181995774935054,6.946158695498936e-20
1786740401.4833043,twist -Z,fast,1786740396.861293,-453.03290803044774,-183.71765062066527,693.882024811569,13.778823796550231,-33.9774681022836,6.866803048611814e-20
1786740401.5116642,twist -Z,fast,1786740396.861293,-452.47017570733396,-183.5554860724568,689.5375426650926,13.766661455434463,-33.935263178050306,6.816548575303757e-20
1786740401.5403473,twist -Z,fast,1786740396.861293,-451.98621707235134,-183.0068386836432,687.1014211909369,13.725512901273508,-33.8989662804265,6.744788625607643e-20
1786740401.5711493,twist -Z,fast,1786740396.861293,-454.86990125364673,-185.330933405481,692.6160680973635,13.899820005411318,-34.11524259402369,6.79093833166721e-20
1786740401.5968843,twist -Z,fast,1786740396.861293,-455.25900064167536,-186.16178069422665,697.4097756361343,13.962133552067218,-34.144425048125875,6.855229149760948e-20
1786740401.6254287,twist -Z,fast,1786740396.861293,-454.53811460256566,-185.11008124041314,695.2871202378728,13.88325609303116,-34.090358595192605,6.840637733251448e-20
1786740401.6535456,twist -Z,fast,1786740396.861293,-453.0484868161866,-182.37133650780834,692.6240068083753,13.6778502380857,-33.978636511214084,6.800330006679136e-20
1786740401.6820178,twist -Z,fast,1786740396.861293,-452.6048764273319,-182.35766985634416,687.5952447300224,13.676825239225995,-33.945365732050135,6.763417925136271e-20
1786740401.7105608,twist -Z,fast,1786740396.861293,-453.8138257457881,-183.48694350619007,689.3848935968354,13.761520762964505,-34.036036930934316,6.788122428166332e-20
1786740401.7388785,twist -Z,fast,1786740396.861293,-455.4736504856487,-185.52332806058678,696.8553358611398,13.914249604544164,-34.16052378642382,6.859649634827528e-20
1786740401.7694764,twist -Z,fast,1786740396.861293,-455.01110514072525,-184.04645877673897,698.9521886448574,13.803484408255418,-34.12583288555463,6.841621402456399e-20
1786740401.795835,twist -Z,fast,1786740396.861293,-455.3969217669196,-184.51023650343734,707.5336533069349,13.838267737758063,-34.1547691325191,6.868471613102952e-20
1786740401.8240817,twist -Z,fast,1786740396.861293,-453.4627996091567,-185.3221689813039,693.8882341738581,13.89916267359806,-34.00970997068694,6.78290982268033e-20
1786740401.852379,twist -Z,fast,1786740396.861293,-456.5887623416843,-184.350078930177,699.1736034232372,13.826255919763465,-34.24415717562658,6.786024107259363e-20
1786740401.8807003,twist -Z,fast,1786740396.861293,-454.2146091999325,-185.79890167017993,683.525015379133,13.934917625263754,-34.066095689995365,6.735642106907361e-20
1786740401.9093027,twist -Z,fast,1786740396.861293,-454.3964980600799,-184.19501130674485,691.6093586737043,13.814625848006234,-34.079737354506186,6.743671843976394e-20
1786740401.9378197,twist -Z,fast,1786740396.861293,-453.6192318991366,-188.09427973274614,693.889470056044,14.10707097995611,-34.021442392435375,6.794453946111201e-20
1786740401.9659522,twist -Z,fast,1786740396.861293,-455.81756848045416,-185.45358470259077,702.5127476782445,13.909018852694668,-34.18631763603433,6.824203731205054e-20
1786740401.9943373,twist -Z,fast,1786740396.861293,-456.8795649814774,-185.12528717450846,702.3903537147435,13.8843965380882,-34.265967373611055,6.896252873157227e-20
1786740402.0231924,twist -Z,fast,1786740396.861293,-454.0036277955237,-181.892976348008,692.1577528581201,13.641973226100792,-34.05027208466438,6.810970008577292e-20
1786740402.0513756,twist -Z,fast,1786740396.861293,-451.23796883606065,-180.9557715808669,686.1231879759271,13.57168286856518,-33.84284766270461,6.764560326461004e-20
1786740402.0796382,twist -Z,fast,1786740396.861293,-448.53308835132475,-181.71633671979612,676.3799103163201,13.628725253984857,-33.6399816263494,6.660183523381715e-20
1786740402.1079803,twist -Z,fast,1786740396.861293,-447.88971827548175,-181.51670657424359,675.9976266520944,13.613752993068562,-33.591728870661406,6.676550599443287e-20
1786740402.1363623,twist -Z,fast,1786740396.861293,-452.06052791346883,-185.33492409559574,685.5352004502283,13.90011930716977,-33.904539593510286,6.808829223842261e-20
1786740402.1665256,twist -Z,fast,1786740396.861293,-456.2265424235302,-187.4946913441886,696.0962192237139,14.062101850814503,-34.21699068176492,6.906954310967724e-20
1786740402.1930585,twist -Z,fast,1786740396.861293,-458.71450124564944,-188.3472827726904,701.8014825936161,14.126046207951948,-34.40358759342404,6.941336777616564e-20
1786740402.221556,twist -Z,fast,1786740396.861293,-458.6380313388604,-186.3090039847599,700.2963781862154,13.973175298857317,-34.397852350414574,6.84204376618147e-20
1786740402.2499483,twist -Z,fast,1786740396.861293,-458.1716973908933,-184.2908860090796,698.478920769564,13.821816450681194,-34.36287730431715,6.798000958343528e-20
1786740402.2783637,twist -Z,fast,1786740396.861293,-455.85252103611447,-184.36674098588207,690.2451716582318,13.827505573941355,-34.18893907770893,6.75641321398181e-20
1786740402.3069093,twist -Z,fast,1786740396.861293,-453.8422020505859,-183.2818477111009,692.6163522486131,13.746138578332836,-34.03816515379421,6.849781122035135e-20
1786740402.335199,twist -Z,fast,1786740396.861293,-450.94325951505334,-181.34916823884612,693.2388868185926,13.60118761791357,-33.8207444636292,6.838300438585745e-20
1786740402.363418,twist -Z,fast,1786740396.861293,-452.7816366934758,-185.2765970574004,699.8516515621423,13.895744779305208,-33.95862275201094,6.915819260132551e-20
1786740402.3918977,twist -Z,fast,1786740396.861293,-453.3020913489022,-183.726212995968,697.4161788526299,13.77946597469781,-33.997656851167754,6.882101609909755e-20
1786740402.4201777,twist -Z,fast,1786740396.861293,-454.14876815891057,-184.66710314776594,696.452013585058,13.850032736082508,-34.061157611918375,6.913463243567985e-20
1786740402.4487062,twist -Z,fast,1786740396.861293,-454.6455985712878,-178.95151790211787,694.2711452056083,13.42136384265908,-34.098419892846835,6.866475025092897e-20
1786740402.4770863,twist -Z,fast,1786740396.861293,-454.30825350981013,-181.03328469715393,697.7007087225738,13.577496352286868,-34.07311901323587,6.901758259009957e-20
1786740402.5054955,twist -Z,fast,1786740396.861293,-454.4684423437434,-183.1104860990605,691.8914510829582,13.73328645742981,-34.08513317578096,6.923400817277833e-20
1786740402.5336938,twist -Z,fast,1786740396.861293,-455.31803740848954,-185.33731282016424,699.5775846769657,13.900298461512488,-34.14885280563693,6.9897504715807e-20
1786740402.5627022,twist -Z,fast,1786740396.861293,-454.57521107080083,-183.90021447790366,692.9572493403693,13.79251608584305,-34.093140830310325,6.872700937222432e-20
1786740402.5909317,twist -Z,fast,1786740396.861293,-453.53182163895735,-182.57568486806838,694.4973720667604,13.693176365105433,-34.01488662292192,6.768645057627143e-20
1786740402.619057,twist -Z,fast,1786740396.861293,-451.3440239974675,-180.20829167163834,688.2852082564368,13.515621875373203,-33.850801799810235,6.728541582019941e-20
1786740402.6472704,twist -Z,fast,1786740396.861293,-452.39852670273376,-180.14729237678648,686.4059027175272,13.511046928259038,-33.92988950270532,6.737558870473487e-20
1786740402.6756194,twist -Z,fast,1786740396.861293,-454.99917207173485,-180.27073359064275,694.8742665619075,13.520305019298622,-34.1249379053801,6.819101450511722e-20
1786740402.7041132,twist -Z,fast,1786740396.861293,-454.3199870142944,-182.85439566851528,693.8311276636896,13.714079675139,-34.073999026072336,6.802779218532257e-20
1786740402.7321405,twist -Z,fast,1786740396.861293,-453.52212112237703,-182.56252339463083,697.586475084051,13.692189254597483,-34.01415908417864,6.856152778297098e-20
1786740402.7619474,twist -Z,fast,1786740396.861293,-451.4986382821253,-181.75208249770412,692.6351084100197,13.631406187328114,-33.86239787115969,6.825065748973807e-20
1786740402.7891371,twist -Z,fast,1786740396.861293,-452.9385234714209,-182.26828004227195,695.8347186358178,13.670121003170753,-33.970389260356846,6.797547123024728e-20
1786740402.8173528,twist -Z,fast,1786740396.861293,-453.4624205728269,-185.16925226627882,697.0810858517407,13.887693919971124,-34.00968154296214,6.765164513526251e-20
1786740402.8456929,twist -Z,fast,1786740396.861293,-452.76639348555227,-182.91436172563976,695.3104653120145,13.718577129423213,-33.95747951141648,6.750364396596056e-20
1786740402.874594,twist -Z,fast,1786740396.861293,-451.2718224902187,-180.36056543412712,693.8991250689996,13.527042407559701,-33.84538668676656,6.744779512914014e-20
1786740402.90269,twist -Z,fast,1786740396.861293,-450.0706286690429,-179.21474757128965,690.5736105173555,13.441106067847006,-33.755297150178436,6.758334411345815e-20
1786740402.9308512,twist -Z,fast,1786740396.861293,-451.568748605971,-180.80222928368812,692.485566123918,13.560167196276854,-33.86765614544799,6.822706454910918e-20
1786740402.9594648,twist -Z,fast,1786740396.861293,-453.6294513350981,-185.0266955474841,699.5730238464994,13.877002166061505,-34.022208850132444,6.945952028348099e-20
1786740402.9877877,twist -Z,fast,1786740396.861293,-454.59569005410594,-185.0298417919347,699.0489014827126,13.877238134395323,-34.094676754058156,6.913285790723049e-20
1786740403.0159762,twist -Z,fast,1786740396.861293,-454.1666245958304,-185.09563154218392,701.3068474611546,13.88217236566405,-34.06249684468745,6.906759267592848e-20
1786740403.0443838,twist -Z,fast,1786740396.861293,-450.6974666366609,-180.64545927227255,685.4252668232839,13.548409445420543,-33.80230999774985,6.722357268664183e-20
1786740403.0729601,twist -Z,fast,1786740396.861293,-448.521528577302,-181.66543948734216,679.6920415098284,13.624907961550921,-33.639114643297816,6.71140408038054e-20
1786740403.1011624,twist -Z,fast,1786740396.861293,-449.6057569565751,-184.2958999346314,681.3959384498876,13.822192495097493,-33.72043177174322,6.701317509420414e-20
1786740403.1298993,twist -Z,fast,1786740396.861293,-452.03572914880897,-186.01629376674111,689.8320216022266,13.951222032505871,-33.90267968616079,6.753517683621198e-20
1786740403.1578617,twist -Z,fast,1786740396.861293,-455.5219602555999,-185.8851059894081,698.0816858924782,13.94138294920582,-34.16414701917008,6.7866188862531e-20
1786740403.1864638,twist -Z,fast,1786740396.861293,-455.9478287398415,-182.21117253326076,697.5806806969822,13.665837939994791,-34.19608715548844,6.783244863913371e-20
1786740403.2150183,twist -Z,fast,1786740396.861293,-456.1398938041889,-182.57724929108383,696.2577821409923,13.693293696831507,-34.21049203531427,6.800818138141483e-20
1786740403.2428682,twist -Z,fast,1786740396.861293,-452.8721104347237,-179.72407164490096,692.2122515613,13.479305373367783,-33.96540828260427,6.762877257404612e-20
1786740403.2713232,twist -Z,fast,1786740396.861293,-451.2817337768115,-180.6765134385854,688.0477811311639,13.550738507894284,-33.84613003326098,6.701453487486641e-20
1786740403.2997622,twist -Z,fast,1786740396.861293,-451.1268878230444,-181.41024575020742,691.6413353527687,13.60576843126584,-33.834516586728434,6.736038750472572e-20
1786740403.3285098,twist -Z,fast,1786740396.861293,-452.10916981280843,-181.71679734579743,697.1382641617702,13.628759800935132,-33.90818773596088,6.743547480196473e-20
1786740403.3564596,twist -Z,fast,1786740396.861293,-451.94192823565027,-181.9889112259542,702.4902933336334,13.649168341946758,-33.89564461767395,6.759724698673934e-20
1786740403.3847454,twist -Z,fast,1786740396.861293,-451.5994077724208,-181.38883742576093,698.7920865490123,13.604162806932305,-33.869955582931766,6.771008138212189e-20
1786740403.4135847,twist -Z,fast,1786740396.861293,-451.6748891968127,-180.92165602979298,695.9356279046988,13.569124202234644,-33.87561668976126,6.767350915204767e-20
1786740403.4415414,twist -Z,fast,1786740396.861293,-451.55426352050927,-183.78903610787324,691.8548247185781,13.784177708090578,-33.86656976403852,6.793817924237774e-20
1786740403.4698973,twist -Z,fast,1786740396.861293,-451.70817537557514,-183.2886979197591,693.073536424662,13.746652343982102,-33.878113153168236,6.782125761481217e-20
1786740403.498327,twist -Z,fast,1786740396.861293,-452.77371399558206,-186.55249103214408,693.1428514439003,13.991436827411054,-33.95802854966892,6.829489132851714e-20
1786740403.526688,twist -Z,fast,1786740396.861293,-452.9440025617382,-185.15787120968116,689.8902671038677,13.886840340726085,-33.970800192130625,6.822367401572489e-20
1786740403.5550847,twist -Z,fast,1786740396.861293,-454.45718703427974,-184.27355269632994,694.1300294925941,13.820516452224897,-34.084289027571266,6.799812915756823e-20
1786740403.5834107,twist -Z,fast,1786740396.861293,-453.4427634494841,-183.0903867114788,696.4103679790896,13.731779003361122,-34.00820725871141,6.815888050316185e-20
1786740403.6119828,twist -Z,fast,1786740396.861293,-452.85400446363656,-181.99545356094734,697.8220323635369,13.649659017071276,-33.96405033477278,6.841563886874502e-20
1786740403.6403792,twist -Z,fast,1786740396.861293,-451.8407909291918,-185.21141947888157,695.6540202902461,13.890856460916364,-33.88805931968956,6.894843016567399e-20
1786740403.6687636,twist -Z,fast,1786740396.861293,-452.9677352968365,-187.84154084888348,693.935851573975,14.088115563666403,-33.97258014726302,6.922029618100258e-20
1786740403.696986,twist -Z,fast,1786740396.861293,-451.97014630119975,-188.27216054700682,692.9156188811994,14.120412041025777,-33.89776097259006,6.911906113366038e-20
1786740403.7254372,twist -Z,fast,1786740396.861293,-451.6909289305022,-183.23061447966643,695.7977088115686,13.742296085975166,-33.87681966978786,6.86929271760132e-20
1786740403.7539048,twist -Z,fast,1786740396.861293,-452.08138410051106,-180.13063649585615,698.3232193542872,13.509797737189377,-33.90610380753856,6.864687762727284e-20
1786740403.7821593,twist -Z,fast,1786740396.861293,-452.42935734908406,-177.8720861917326,698.7823286293233,13.340406464380056,-33.93220180118147,6.816365951647823e-20
1786740403.81091,twist -Z,fast,1786740396.861293,-453.4745593226635,-180.47991325262478,696.0741347984585,13.535993493947057,-34.01059194919997,6.864935060273415e-20
1786740403.8392177,twist -Z,fast,1786740396.861293,-451.0858676501134,-181.30628848305184,691.4623438167409,13.597971636229087,-33.831440073758806,6.80610564171805e-20
1786740403.8674192,twist -Z,fast,1786740396.861293,-450.8589014220006,-182.46774410515638,692.00945611734,13.685080807887093,-33.81441760665026,6.81566854198439e-20
1786740403.8957815,twist -Z,fast,1786740396.861293,-448.31256547984776,-182.9659120319178,683.5767586536967,13.722443402394081,-33.62344241098871,6.717594391472907e-20
1786740403.9245589,twist -Z,fast,1786740396.861293,-451.7765699582428,-185.0879811803528,683.3673952607769,13.881598588526696,-33.88324274686842,6.705845495016558e-20
1786740403.9526486,twist -Z,fast,1786740396.861293,-453.74532226338306,-185.81164981914526,686.7040160225652,13.935873736436097,-34.03089916975377,6.743918065970491e-20
1786740403.9807768,twist -Z,fast,1786740396.861293,-455.13945082917644,-185.22469163796507,698.1080821164915,13.891851872847585,-34.135458812188425,6.761288516791151e-20
1786740404.0091922,twist -Z,fast,1786740396.861293,-452.8457276115637,-182.61389419582667,697.8796921237108,13.69604206468723,-33.96342957086756,6.755136288682479e-20
1786740404.0375996,twist -Z,fast,1786740396.861293,-451.29770629038603,-181.33452275350146,698.3140511902611,13.600089206512909,-33.84732797177905,6.707974280382543e-20
1786740404.0661864,twist -Z,fast,1786740396.861293,-449.81580217518604,-180.1665636843279,689.7894254908897,13.51249227632481,-33.73618516313921,6.697573523718885e-20
1786740404.0943449,twist -Z,fast,1786740396.861293,-449.1319462806414,-180.0635182418215,690.0288064810247,13.50476386813676,-33.6848959710483,6.695567912202175e-20
1786740404.1227794,twist -Z,fast,1786740396.861293,-450.95278997329115,-180.70588436645937,690.1857129750606,13.552941327484714,-33.82145924799691,6.764322323023514e-20
1786740404.151191,twist -Z,fast,1786740396.861293,-452.74381223598357,-182.52624663667518,694.2540601777555,13.689468497750777,-33.95578591769904,6.819835089757644e-20
1786740404.1796968,twist -Z,fast,1786740396.861293,-454.15980348688345,-182.00679413184855,703.1426389488142,13.650509559888963,-34.061985261516526,6.836293466495644e-20
1786740404.207912,twist -Z,fast,1786740396.861293,-454.6161016991814,-183.1320890768153,702.3524939730014,13.734906680761267,-34.09620762743856,6.822234645364518e-20
1786740404.23632,twist -Z,fast,1786740396.861293,-453.2470838214349,-182.04541864123064,696.9951197510882,13.65340639809249,-33.99353128660777,6.774038301064114e-20
1786740404.2648866,twist -Z,fast,1786740396.861293,-451.97954872434957,-183.87226759586986,687.5237336529071,13.790420069690366,-33.89846615432653,6.812593543603201e-20
1786740404.293277,twist -Z,fast,1786740396.861293,-449.9114504066274,-183.60043847360362,684.0419942639519,13.770032885520425,-33.743358780497374,6.774105930855951e-20
1786740404.3216965,twist -Z,fast,1786740396.861293,-453.4020360293448,-187.0839408971334,692.5437469370463,14.031295567285323,-34.0051527022011,6.864999072886976e-20
1786740404.3502016,twist -Z,fast,1786740396.861293,-455.2851935288945,-184.84631782193708,698.1590933470316,13.8634738366455,-34.146389514667284,6.844695265412186e-20
1786740404.3782427,twist -Z,fast,1786740396.861293,-458.17363192251287,-186.80322782317262,705.3554632511341,14.01024208673822,-34.363022394188626,6.899948973986325e-20
1786740404.4069152,twist -Z,fast,1786740396.861293,-457.05937275555243,-183.12263736727778,706.0037735472206,13.734197802546088,-34.27945295666667,6.878310679155903e-20
1786740404.435159,twist -Z,fast,1786740396.861293,-455.46740434185904,-182.6141274835992,697.5142555965913,13.696059561270207,-34.16005532563968,6.847711414341634e-20
1786740404.4633124,twist -Z,fast,1786740396.861293,-453.37239335648474,-180.12216879728896,694.741036356485,13.509162659797031,-34.00292950173656,6.868774007558052e-20
1786740404.4922311,twist -Z,fast,1786740396.861293,-452.0430420368125,-180.91105618071617,694.2820031754418,13.568329213553934,-33.90322815276108,6.852501908533894e-20
1786740404.5201678,twist -Z,fast,1786740396.861293,-452.5329054249951,-183.15166345799082,703.6325150128623,13.73637475934957,-33.93996790687483,6.91547601356134e-20
1786740404.548672,twist -Z,fast,1786740396.861293,-451.5716727373683,-182.49819932638786,699.5278332439411,13.687364949479193,-33.86787545530267,6.829385534531625e-20
1786740404.5771706,twist -Z,fast,1786740396.861293,-451.49986886449506,-184.59988722480114,695.7025880543106,13.844991541860185,-33.86249016483735,6.798753851316669e-20
1786740404.6053696,twist -Z,fast,1786740396.861293,-453.1494092198154,-183.93954378931892,693.7096685323168,13.795465784199191,-33.98620569148638,6.840995377616985e-20
1786740404.6340125,twist -Z,fast,1786740396.861293,-452.3474672314819,-182.73894444855375,694.7288127370421,13.705420833641664,-33.92606004236126,6.875878815338266e-20
1786740404.6625311,twist -Z,fast,1786740396.861293,-451.6236007367115,-181.54228255414648,686.5429407903684,13.615671191561145,-33.87177005525339,6.866321304739122e-20
1786740404.6908362,twist -Z,fast,1786740396.861293,-449.3334018220994,-179.73333484899126,688.1536180306421,13.480000113674603,-33.700005136657616,6.84592490814625e-20
1786740404.7190833,twist -Z,fast,1786740396.861293,-451.77421410490115,-183.90401272942256,689.5472606499397,13.792800954706866,-33.88306605786781,6.866876170956635e-20
1786740404.7473214,twist -Z,fast,1786740396.861293,-451.7971709975841,-184.55000785556922,694.1927180099283,13.841250589167796,-33.88478782481907,6.856309657855113e-20
1786740404.775831,twist -Z,fast,1786740396.861293,-454.3440881675888,-187.83802133350343,694.4318609272259,14.087851600012858,-34.075806612569245,6.828909631402312e-20
1786740404.804207,twist -Z,fast,1786740396.861293,-455.52882740720406,-187.0549841212403,695.2210078976996,14.029123809093246,-34.16466205554041,6.831880839938095e-20
1786740404.83246,twist -Z,fast,1786740396.861293,-456.1753387000522,-183.02669355960472,697.1280928966553,13.727002016970584,-34.21315040250404,6.836238272888035e-20
1786740404.8609524,twist -Z,fast,1786740396.861293,-453.411644699087,-182.34741999820415,688.7966225465125,13.676056499865378,-34.00587335243168,6.792759495302935e-20
1786740404.8892,twist -Z,fast,1786740396.861293,-450.38731973374206,-179.20535256773326,686.6006486795313,13.440401442580349,-33.77904898003083,6.775052478984632e-20
1786740404.9180467,twist -Z,fast,1786740396.861293,-452.7948089677311,-182.26952974596918,691.1645351292846,13.670214730947972,-33.959610672580105,6.831937782248156e-20
1786740404.9462051,twist -Z,fast,1786740396.861293,-454.3155595374046,-181.3130645707497,698.9390682286657,13.598479842806544,-34.07366696530542,6.891122929718859e-20
1786740404.9743369,twist -Z,fast,1786740396.861293,-456.79078096153125,-181.90346027822432,706.2699343925278,13.642759520867092,-34.25930857211496,6.956269938561214e-20
1786740405.0027378,twist -Z,fast,1786740396.861293,-455.328985053568,-183.22390344335383,701.8116804181536,13.741792758251751,-34.14967387901756,6.943685542914219e-20
1786740405.031501,twist -Z,fast,1786740396.861293,-456.71441697606815,-183.27117075373553,703.4932278467013,13.745337806530369,-34.25358127320524,6.923940808992067e-20
1786740405.0596638,twist -Z,fast,1786740396.861293,-454.9931594537006,-184.3634640153781,696.9218116687525,13.827259801153676,-34.12448695902787,6.863125971070241e-20
1786740405.0879796,twist -Z,fast,1786740396.861293,-455.4939522814707,-184.21820888176092,699.7755783202292,13.816365666132388,-34.162046421110546,6.889976593947847e-20
1786740405.1163404,twist -Z,fast,1786740396.861293,-453.4242580258506,-182.67199330756375,701.6160872998134,13.70039949806748,-34.00681935193886,6.861867774323177e-20
1786740405.1446958,twist -Z,fast,1786740396.861293,-454.6767001942608,-184.2760890430195,703.1844655090681,13.820706678226632,-34.10075251456977,6.890383662175664e-20
1786740405.173364,twist -Z,fast,1786740396.861293,-451.8990516202757,-182.5319725099797,699.101012680344,13.689897938248794,-33.89242887152096,6.752351615850843e-20
1786740405.2018657,twist -Z,fast,1786740396.861293,-452.6202555398404,-182.90619850187534,691.1273190796155,13.717964887640921,-33.946519165488226,6.768015084537618e-20
1786740405.2300637,twist -Z,fast,1786740396.861293,-450.3223841001709,-179.02594467379106,687.7356691913847,13.426945850534569,-33.77417880751304,6.659937731529011e-20
1786740405.2584856,twist -Z,fast,1786740396.861293,-449.9390272359142,-179.9725225266361,682.5370795379949,13.497939189497924,-33.74542704269393,6.743455905683843e-20
1786740405.2867954,twist -Z,fast,1786740396.861293,-448.61425095651975,-179.81748484635352,680.2402670424635,13.48631136347674,-33.64606882173928,6.722995815986646e-20
1786740405.315407,twist -Z,fast,1786740396.861293,-449.3363738469279,-180.9986150904532,685.7672058472444,13.574896131784232,-33.700228038519754,6.797224986714522e-20
1786740405.3437922,twist -Z,fast,1786740396.861293,-451.80852638162423,-179.6239840203067,694.9618706646015,13.47179880152314,-33.885639478621975,6.813065285147547e-20
1786740405.3724356,twist -Z,fast,1786740396.861293,-452.2909052462064,-178.62523618088915,701.1940350239875,13.39689271356698,-33.921817893465565,6.846161019807399e-20
1786740405.4005818,twist -Z,fast,1786740396.861293,-451.84557705013503,-179.72851292257621,689.4276363067429,13.479638469193521,-33.888418278760284,6.823078752243431e-20
1786740405.4290366,twist -Z,fast,1786740396.861293,-450.79272037691953,-180.19568845816548,684.2034010110592,13.514676634362697,-33.80945402826913,6.80207967865295e-20
1786740405.4572465,twist -Z,fast,1786740396.861293,-449.7315777764129,-181.3013145696474,682.1821289315767,13.597598592723731,-33.729868333231046,6.784974347562469e-20
1786740405.4856174,twist -Z,fast,1786740396.861293,-450.7590342634776,-183.0389492407188,689.0508171946994,13.727921193054026,-33.80692756976094,6.817300365297193e-20
1786740405.5142307,twist -Z,fast,1786740396.861293,-450.07208431180516,-186.4397847168117,689.6308689512625,13.982983853761244,-33.75540632338565,6.836034663364224e-20
1786740405.5425138,twist -Z,fast,1786740396.861293,-450.6027093048233,-187.5110692777647,687.4119903576375,14.063330195832574,-33.795203197861966,6.82697931946187e-20
1786740405.5711033,twist -Z,fast,1786740396.861293,-450.7166059490505,-186.3846761921243,689.5776142025506,13.978850714409464,-33.80374544617907,6.812996820017522e-20
1786740405.5993876,twist -Z,fast,1786740396.861293,-454.00841265986173,-182.97876735663,701.6406317391493,13.723407551747567,-34.050630949489744,6.90575848851343e-20
1786740405.6275442,twist -Z,fast,1786740396.861293,-454.42664533162224,-183.02744892380917,702.8347361668448,13.7270586692858,-34.08199839987172,6.923846488510372e-20
1786740405.6562722,twist -Z,fast,1786740396.861293,-454.40183490927893,-186.1858238353883,697.4044189753795,13.963936787654323,-34.08013761819598,6.908696869692979e-20
1786740405.6844766,twist -Z,fast,1786740396.861293,-451.14813137422607,-184.76290073695316,685.3865512524717,13.857217555271685,-33.83610985306732,6.782763539421669e-20
1786740405.7128673,twist -Z,fast,1786740396.861293,-451.1528923566975,-183.94650324706754,685.1523111521965,13.795987743530315,-33.83646692675243,6.793510113072592e-20
1786740405.7411993,twist -Z,fast,1786740396.861293,-450.046823040097,-180.66721910122328,686.0919475908122,13.550041432591986,-33.75351172800734,6.780558381755562e-20
1786740405.770136,twist -Z,fast,1786740396.861293,-451.4069713261233,-180.6800784803362,695.2462633581081,13.55100588602524,-33.85552284945948,6.793729206943627e-20
1786740405.7982697,twist -Z,fast,1786740396.861293,-451.7390011633224,-180.74200377543036,698.3076205743128,13.555650283157494,-33.8804250872493,6.775448564809303e-20
1786740405.8264444,twist -Z,fast,1786740396.861293,-452.16426263881385,-180.0468470955634,697.916870236767,13.503513532167556,-33.912319697911386,6.75662545994886e-20
1786740405.85491,twist -Z,fast,1786740396.861293,-452.15045431911176,-182.31166727771563,695.7059844245659,13.673375045828951,-33.91128407393361,6.801413327445032e-20
1786740405.883285,twist -Z,fast,1786740396.861293,-451.29017737511776,-182.92433065213163,687.6236346506848,13.719324798909934,-33.8467633031339,6.757383503588291e-20
1786740405.9119043,twist -Z,fast,1786740396.861293,-452.8811668722483,-185.0505105744104,694.9635437174484,13.878788293080913,-33.966087515418984,6.829758260229322e-20
1786740405.940147,twist -Z,fast,1786740396.861293,-454.1529333098415,-188.0018574029242,693.678226358973,14.100139305219475,-34.06146999823822,6.873901975669589e-20
1786740405.9684699,twist -Z,fast,1786740396.861293,-454.9913496586646,-187.8187804755546,702.3086687434716,14.086408535666795,-34.1243512244,6.908357323837814e-20
1786740405.9967606,twist -Z,fast,1786740396.861293,-453.38110117119777,-185.8700698874452,697.7301059166075,13.940255241558521,-34.00358258784003,6.871653042628789e-20
1786740406.025239,twist -Z,fast,1786740396.861293,-451.97213606837295,-180.52544593556524,691.0094111530725,13.539408445167748,-33.89791020512821,6.735259357698438e-20
1786740406.0535326,twist -Z,fast,1786740396.861293,-454.03109521828355,-182.0199773128171,696.8491881370555,13.651498298461437,-34.052332141371515,6.820641524970534e-20
1786740406.0819087,twist -Z,fast,1786740396.861293,-454.6579346551248,-183.02815081915446,694.4263855830222,13.727111311436868,-34.09934509913458,6.823665210693721e-20
1786740406.110571,twist -Z,fast,1786740396.861293,-454.1404760958153,-184.87528175228272,699.6813862711579,13.865646131421496,-34.06053570718635,6.885279849128623e-20
1786740406.1389468,twist -Z,fast,1786740396.861293,-455.52286608500935,-185.47735578781692,702.2402076271455,13.910801684086476,-34.164214956375766,6.916179725644942e-20
1786740406.167153,twist -Z,fast,1786740396.861293,-453.9458770875949,-183.18838890626125,702.3618798253228,13.739129167969853,-34.0459407815698,6.877974487532502e-20
1786740406.1955264,twist -Z,fast,1786740396.861293,-455.37587460293116,-181.66503676517937,702.9575423845436,13.624877757388827,-34.153190595220025,6.835695877853019e-20
1786740406.2240489,twist -Z,fast,1786740396.861293,-450.36781107016895,-178.40187171147033,687.4096754032971,13.38014037836059,-33.77758583026286,6.683582452848834e-20
1786740406.2523792,twist -Z,fast,1786740396.861293,-453.69590907217025,-180.73790753566948,699.3277197306516,13.555343065175453,-34.02719318041295,6.832010425553841e-20
1786740406.2807055,twist -Z,fast,1786740396.861293,-451.5609065933377,-181.8552734856986,690.8922853534232,13.63914551142749,-33.86706799450054,6.863704052020768e-20
1786740406.3090274,twist -Z,fast,1786740396.861293,-454.9699591786298,-187.2626041939153,694.3748997276325,14.044695314543834,-34.12274693839744,6.893884375301854e-20
1786740406.3376634,twist -Z,fast,1786740396.861293,-453.6432567097545,-186.70254749427886,692.6544048422647,14.002691062071161,-34.023244253231596,6.883244194917014e-20
1786740406.3658435,twist -Z,fast,1786740396.861293,-453.4628815339156,-185.91011018757104,699.0366942400242,13.943258264067953,-34.009716115043744,6.910934021993893e-20
1786740406.3943586,twist -Z,fast,1786740396.861293,-454.5294955866734,-183.11873746003346,705.7728092297011,13.73390530950272,-34.089712169000684,6.991072892500262e-20
1786740406.4228194,twist -Z,fast,1786740396.861293,-452.81255233803086,-179.8939279733787,702.0418468450243,13.492044598003542,-33.96094142535245,6.864120785358981e-20
1786740406.4510303,twist -Z,fast,1786740396.861293,-453.22632271073735,-178.9817860504636,697.9157426751963,13.423633953784911,-33.99197420330566,6.860608373327421e-20
1786740406.4796014,twist -Z,fast,1786740396.861293,-450.20658555795217,-180.10462400892038,689.6244849436271,13.507846800669338,-33.76549391684678,6.779827909429781e-20
1786740406.5079303,twist -Z,fast,1786740396.861293,-451.28331697014437,-185.74428371290617,684.5735462468556,13.93082127846807,-33.84624877276104,6.83100574136626e-20
1786740406.5363755,twist -Z,fast,1786740396.861293,-452.16750806482196,-188.38990364532572,691.4252739404483,14.129242773399586,-33.91256310486186,6.79988217366472e-20
1786740406.5647857,twist -Z,fast,1786740396.861293,-450.6321968736979,-185.79384682610146,694.2730360023388,13.934538511957744,-33.79741476552738,6.79763447228704e-20
1786740406.5931525,twist -Z,fast,1786740396.861293,-453.2682451946371,-182.62381571988408,697.8895578787397,13.69678617899159,-33.99511838959795,6.767969422315723e-20
1786740406.6215057,twist -Z,fast,1786740396.861293,-453.0347114617525,-187.34373817378537,689.6802591220694,14.050780363034033,-33.97760335963175,6.862981081999383e-20
1786740406.650034,twist -Z,fast,1786740396.861293,-454.4418173924937,-187.46721897692635,686.6575022941797,14.060041423269663,-34.083136304437105,6.845821305096028e-20
1786740406.6783354,twist -Z,fast,1786740396.861293,-449.0720190576335,-188.9578073029877,681.4867467066906,14.17183554772426,-33.680401429322764,6.827185735684189e-20
1786740406.7068918,twist -Z,fast,1786740396.861293,-448.913832492452,-183.51047234602322,683.0681519676255,13.763285425951832,-33.668537436933946,6.789206106633569e-20
1786740406.7354236,twist -Z,fast,1786740396.861293,-448.1540373257849,-182.55823600077167,686.179090830492,13.691867700057788,-33.61155279943406,6.836837275229434e-20
1786740406.7635498,twist -Z,fast,1786740396.861293,-450.6887606164555,-181.20036028311063,688.5283274622634,13.590027021233578,-33.80165704623424,6.827203113846938e-20
1786740406.7920551,twist -Z,fast,1786740396.861293,-454.92734267941705,-180.647409599732,698.3239542919264,13.548555719980204,-34.11955070095642,6.766659712786062e-20
1786740406.820134,twist -Z,fast,1786740396.861293,-453.55474813983574,-181.38007964730969,695.3331711830797,13.60350597354854,-34.016606110487984,6.703013813272084e-20
1786740406.8488214,twist -Z,fast,1786740396.861293,-452.61688588168045,-183.2325825156579,693.8387920217419,13.74244368867441,-33.94626644112623,6.748595805274557e-20
1786740406.877151,twist -Z,fast,1786740396.861293,-449.56385319311903,-184.17915357680715,698.198549334963,13.813436518260833,-33.71728898948419,6.856998315162827e-20
1786740406.9056563,twist -Z,fast,1786740396.861293,-451.15459077313244,-182.2298242509837,709.8615736509173,13.667236818824055,-33.83659430798509,6.947012484073786e-20
1786740406.933825,twist -Z,fast,1786740396.861293,-453.83727271610405,-180.38969164419643,716.8591593172232,13.529226873315015,-34.03779545370811,6.985340687797515e-20
1786740406.9622452,twist -Z,fast,1786740396.861293,-451.7035690452685,-179.48381285585845,705.6008263753474,13.461285964189617,-33.87776767839537,6.899252117782831e-20
1786740406.9906046,twist -Z,fast,1786740396.861293,-449.73748398477574,-178.8535529858733,690.9772718357226,13.414016473940752,-33.73031129885821,6.801438798945825e-20
1786740407.0188005,twist -Z,fast,1786740396.861293,-446.5931293120275,-178.78889082702347,683.5811333872689,13.40916681202695,-33.49448469840239,6.702096202714693e-20
1786740407.0473359,twist -Z,fast,1786740396.861293,-448.45630362951897,-178.8352978057345,683.5556239821581,13.412647335430304,-33.63422277221413,6.702692445353895e-20
1786740407.075824,twist -Z,fast,1786740396.861293,-451.6967719937252,-183.86900034099938,693.8583885972967,13.79017502557507,-33.87725789952953,6.8112626891366e-20
1786740407.1042583,twist -Z,fast,1786740396.861293,-453.76000867565426,-184.72043169321194,696.2224501212377,13.854032376991182,-34.03200065067436,6.877866820264984e-20
1786740407.1323826,twist -Z,fast,1786740396.861293,-457.66065817658364,-187.98831154070058,705.8042510349915,14.099123365552654,-34.324549363243904,6.93908123589407e-20
1786740407.160712,twist -Z,fast,1786740396.861293,-459.45386877294186,-185.3856375727537,709.6529380248348,13.903922817956786,-34.45904015797084,6.913490769450854e-20
1786740407.1892462,twist -Z,fast,1786740396.861293,-460.54864745828263,-185.34053695619468,711.0130081898433,13.900540271714835,-34.54114855937152,6.89526258368961e-20
1786740407.2177098,twist -Z,fast,1786740396.861293,-457.3431309323182,-180.87775491159437,705.7244857110845,13.56583161836988,-34.300734819923974,6.83860550283654e-20
1786740407.2459211,twist -Z,fast,1786740396.861293,-454.23736659865153,-180.16103315498162,702.3447042643647,13.512077486623841,-34.067802494899084,6.834411143386068e-20
1786740407.2744322,twist -Z,fast,1786740396.861293,-453.31400743987933,-182.40693141061035,707.3962919684991,13.680519855795875,-33.99855055799122,6.933878333369411e-20
1786740407.302694,twist -Z,fast,1786740396.861293,-452.6886287385187,-184.15476563145023,706.7253499044637,13.811607422359142,-33.95164715538923,6.928187681373709e-20
1786740407.331001,twist -Z,fast,1786740396.861293,-452.95926299392204,-185.75753220284025,702.4900633888601,13.931814915213355,-33.97194472454425,6.905938246043311e-20
1786740407.3594701,twist -Z,fast,1786740396.861293,-453.55098161752676,-180.95596639241865,699.4189598766925,13.571697479431482,-34.01632362131478,6.780313414443532e-20
1786740407.3879368,twist -Z,fast,1786740396.861293,-453.0029423485412,-178.11002368110746,704.3089816632037,13.358251776083218,-33.97522067614082,6.782673882405789e-20
1786740407.4166052,twist -Z,fast,1786740396.861293,-454.20172019655,-177.20598321719172,705.342907684013,13.290448741289627,-34.06512901474139,6.843118743086918e-20
1786740407.444736,twist -Z,fast,1786740396.861293,-453.6380165909791,-180.34356544878915,697.1131435736779,13.525767408659366,-34.02285124432379,6.87415852606811e-20
1786740407.4730937,twist -Z,fast,1786740396.861293,-452.40768204686583,-180.57845101421765,691.689390207147,13.543383826066535,-33.93057615351517,6.854314343945967e-20
1786740407.5019262,twist -Z,fast,1786740396.861293,-451.52942924902163,-178.70265007190278,696.7805083110234,13.40269875539278,-33.8647071936768,6.781470685105854e-20
1786740407.529747,twist -Z,fast,1786740396.861293,-451.55284992870656,-176.74771028320913,701.1284573639759,13.256078271240991,-33.86646374465331,6.766811724569557e-20
1786740407.5583503,twist -Z,fast,1786740396.861293,-453.56006553001816,-178.4211716319437,700.8389748556392,13.381587872396121,-34.01700491475157,6.749894547028299e-20
1786740407.5868995,twist -Z,fast,1786740396.861293,-451.12173079097056,-180.46234113933133,692.9003044999172,13.534675585450199,-33.83412980932306,6.724558558914376e-20
1786740407.6150105,twist -Z,fast,1786740396.861293,-450.4963850743966,-180.77452620404608,691.6529161070239,13.55808946530367,-33.78722888057992,6.698788860099619e-20
1786740407.6435022,twist -Z,fast,1786740396.861293,-449.39812278669706,-184.10844835961666,683.1546953919196,13.808133626971316,-33.70485920900266,6.793945736963401e-20
1786740407.6718976,twist -Z,fast,1786740396.861293,-452.6364183144133,-185.0569808460641,683.4460850265441,13.879273563454834,-33.94773137358111,6.84445613399412e-20
1786740407.700382,twist -Z,fast,1786740396.861293,-452.3718584516214,-186.94152260381713,688.5982540741343,14.02061419528663,-33.92788938387196,6.863800086152711e-20
1786740407.7303374,twist -Z,fast,1786740396.861293,-453.72233822266617,-184.8003774210771,699.7804722862074,13.860028306580983,-34.0291753667001,6.836810141119484e-20
1786740407.756939,twist -Z,fast,1786740396.861293,-455.65544490114416,-184.0081850288907,713.4154347665872,13.800613877166906,-34.1741583675859,6.876078692826105e-20
1786740407.7852483,twist -Z,fast,1786740396.861293,-456.67038386199965,-183.2077766525157,709.0208349646646,13.740583248938922,-34.25027878965012,6.917318945787918e-20
1786740407.8136897,twist -Z,fast,1786740396.861293,-454.66815922587784,-181.56178567066115,701.4881585649828,13.617133925299758,-34.10011194194095,6.807787976018119e-20
1786740407.8420532,twist -Z,fast,1786740396.861293,-451.8180744757765,-179.54094162161994,685.3721036060579,13.465570621621705,-33.886355585683376,6.751870173606311e-20
1786740407.8705702,twist -Z,fast,1786740396.861293,-450.70501824165467,-176.84381157643077,685.8830997983787,13.26328586823249,-33.802876368124245,6.675352846884104e-20
1786740407.8990943,twist -Z,fast,1786740396.861293,-453.6505334731246,-180.00343630209875,694.5614996643926,13.500257722657661,-34.023790010484596,6.811360925045196e-20
1786740407.9291282,twist -Z,fast,1786740396.861293,-455.3919195104827,-182.71065211409427,705.5137442269479,13.703298908557276,-34.154393963286324,6.832165264902862e-20
1786740407.955904,twist -Z,fast,1786740396.861293,-456.0444720900632,-182.90543628661692,711.9976763072127,13.717907721496605,-34.20333540675488,6.882524812086483e-20
1786740407.984015,twist -Z,fast,1786740396.861293,-453.1972024701872,-181.84468006869326,701.7191242068311,13.638351005152234,-33.989790185264184,6.811338205153756e-20
1786740408.0123332,twist -Z,fast,1786740396.861293,-454.44115775043565,-181.29065699198543,700.5705488968088,13.596799274399157,-34.08308683128283,6.811391570980932e-20
1786740408.040729,twist -Z,fast,1786740396.861293,-453.5458177900896,-183.13033085047755,687.0735768823988,13.734774813785936,-34.01593633425684,6.788594171270845e-20
1786740408.0691733,twist -Z,fast,1786740396.861293,-454.7523739950866,-183.05772945989156,695.7318591137882,13.72932970949211,-34.106428049631596,6.809267934656716e-20
1786740408.0976148,twist -Z,fast,1786740396.861293,-453.692285255911,-182.32263658259683,699.8312111084397,13.674197743694993,-34.02692139419344,6.882430606445795e-20
1786740408.1274176,twist -Z,fast,1786740396.861293,-453.45238780868476,-182.1339588485157,706.5030644227072,13.660046913638805,-34.00892908565149,6.887076696273189e-20
1786740408.154419,twist -Z,fast,1786740396.861293,-454.0003872240618,-182.40603021866093,710.3599509540682,13.68045226639978,-34.05002904180491,6.863293065220361e-20
1786740408.1827102,twist -Z,fast,1786740396.861293,-452.5759513498765,-183.9116958738182,698.8815238951438,13.793377190536678,-33.94319635124104,6.75470756476842e-20
1786740408.2111812,twist -Z,fast,1786740396.861293,-454.13126221861194,-184.9329006730145,693.195457610741,13.869967550476307,-34.059844666396124,6.700204544608059e-20
1786740408.2395794,twist -Z,fast,1786740396.861293,-452.86551396557206,-183.67969064938472,681.9811617929827,13.775976798704146,-33.96491354741813,6.694998475847985e-20
1786740408.267865,twist -Z,fast,1786740396.861293,-451.6088939513479,-182.92795080616804,681.732237794763,13.719596310462695,-33.87066704635121,6.6807232366998e-20
1786740408.2965088,twist -Z,fast,1786740396.861293,-452.4263734287656,-182.52328960705302,694.9875342110063,13.68924672052908,-33.931978007157554,6.833956939902455e-20
1786740408.3276525,twist -Z,fast,1786740396.861293,-453.1622956760407,-182.9984294417236,698.9698481007417,13.724882208129511,-33.987172175703456,6.880272182733228e-20
1786740408.3532627,twist -Z,fast,1786740396.861293,-455.66494434383594,-182.3599107139903,707.2091921509173,13.676993303549548,-34.17487082578793,6.94356254062296e-20
1786740408.38149,twist -Z,fast,1786740396.861293,-457.0092580553646,-182.89902455584354,702.3370443732547,13.717426841688297,-34.27569435415262,6.858994596913207e-20
1786740408.4097018,twist -Z,fast,1786740396.861293,-456.9486519543352,-184.24537242959445,708.738052461661,13.818402932219644,-34.271148896575326,6.952775665402212e-20
1786740408.4382565,twist -Z,fast,1786740396.861293,-454.6738391252461,-182.82402919288074,703.8426333399493,13.711802189466393,-34.10053793439372,6.953893055495165e-20
1786740408.4665194,twist -Z,fast,1786740396.861293,-452.59858551394336,-183.21808956154769,700.9301316077153,13.741356717116364,-33.94489391354599,6.988085314144461e-20
1786740408.4949772,twist -Z,fast,1786740396.861293,-453.0462041109149,-184.33999497264006,692.3978226104227,13.825499622948282,-33.978465308318846,6.916711435567934e-20
1786740408.5261483,twist -Z,fast,1786740396.861293,-453.3137779321355,-185.89450473242323,684.8642153922965,13.942087854931945,-33.99853334491046,6.868242758033765e-20
1786740408.5523508,twist -Z,fast,1786740396.861293,-454.17651673497767,-185.56731141633463,688.1900670621972,13.91754835622545,-34.06323875512351,6.819016081495095e-20
1786740408.5802255,twist -Z,fast,1786740396.861293,-456.0020023158231,-185.86506801853454,690.5637809348464,13.93988010139017,-34.200150173687106,6.831303038662862e-20
1786740408.6084332,twist -Z,fast,1786740396.861293,-455.51216619246907,-185.36970516547933,692.9636540102529,13.90272788741115,-34.163412464435304,6.80437477759925e-20
1786740408.6369436,twist -Z,fast,1786740396.861293,-452.9477681975259,-184.16899468448844,694.9729175029552,13.81267460133692,-33.971082614814485,6.862628857685871e-20
1786740408.6651766,twist -Z,fast,1786740396.861293,-450.35294916831253,-181.09277852469552,693.4956832084918,13.581958389352234,-33.77647118762355,6.826930481604913e-20
1786740408.6940193,twist -Z,fast,1786740396.861293,-451.2311760583402,-182.34458082495212,696.4554897806811,13.675843561871527,-33.84233820437557,6.860926255498571e-20
1786740408.7254183,twist -Z,fast,1786740396.861293,-452.38933571518237,-183.87935219892313,696.4874174307415,13.790951414919551,-33.92920017863895,6.824580590435769e-20
1786740408.7507,twist -Z,fast,1786740396.861293,-451.74458875804567,-182.78961418476933,696.9404484500637,13.709221063857907,-33.880844156853584,6.777780905443601e-20
1786740408.7787004,twist -Z,fast,1786740396.861293,-451.59550753565645,-183.29241239892394,694.9534803566148,13.746930929919454,-33.86966306517439,6.843360556426988e-20
1786740408.807054,twist -Z,fast,1786740396.861293,-451.5015735872762,-183.45430421998458,689.0894626278314,13.759072816499074,-33.86261801904582,6.883713907524497e-20
1786740408.8354654,twist -Z,fast,1786740396.861293,-451.7050738931043,-184.5077460563507,688.5445278866673,13.838080954226509,-33.877880541983,6.886700673918932e-20
1786740408.8640501,twist -Z,fast,1786740396.861293,-453.61434238294487,-181.81875019488837,692.1007942375154,13.636406264616742,-34.02107567872101,6.807552785928074e-20
1786740408.8931313,twist -Z,fast,1786740396.861293,-454.7728772839514,-181.44806865067903,698.8669489789672,13.608605148801008,-34.10796579629643,6.791521118421347e-20
1786740408.9209397,twist -Z,fast,1786740396.861293,-455.22473839202985,-184.25464012402688,697.4646184566491,13.819098009302134,-34.14185537940256,6.764073290661694e-20
1786740408.9492977,twist -Z,fast,1786740396.861293,-454.0570572777415,-185.5012300203374,702.5064783444768,13.91259225152557,-34.05427929583078,6.846739296334841e-20
1786740408.9777231,twist -Z,fast,1786740396.861293,-454.26099118175125,-185.31980694572553,704.4101885888504,13.898985520929731,-34.06957433863138,6.845284557503791e-20
1786740409.0060244,twist -Z,fast,1786740396.861293,-452.2578868131477,-181.48327838394698,705.9167110065664,13.611245878796186,-33.919341510986364,6.853135585740975e-20
1786740409.0343187,twist -Z,fast,1786740396.861293,-452.840621095791,-181.5993651406401,700.7621087306488,13.619952385548128,-33.963046582184596,6.824655221637539e-20
1786740409.062474,twist -Z,fast,1786740396.861293,-450.99587541652227,-180.78396107848164,688.992984256618,13.558797080886318,-33.824690656239284,6.802768322017576e-20
1786740409.090896,twist -Z,fast,1786740396.861293,-454.698225684911,-182.92623758590423,695.023325284882,13.719467818943112,-34.10236692636861,6.875943211809155e-20
1786740409.119263,twist -Z,fast,1786740396.861293,-454.3786665580219,-183.49833942577504,697.0132576044198,13.762375456933466,-34.07839999185188,6.837627070004738e-20
1786740409.147779,twist -Z,fast,1786740396.861293,-454.87037816341353,-183.40690571668415,706.0756327559811,13.755517928751555,-34.115278362256106,6.873283473097876e-20
1786740409.1760397,twist -Z,fast,1786740396.861293,-451.02405445341583,-180.45137675801595,696.6557356234707,13.533853256851511,-33.82680408400649,6.82746941248556e-20
1786740409.2045922,twist -Z,fast,1786740396.861293,-450.1983064189553,-180.3197613869877,697.2725971862928,13.523982104024324,-33.76487298142188,6.856104888281402e-20
1786740409.2330246,twist -Z,fast,1786740396.861293,-450.69366409863005,-183.07892814333536,693.4704964648408,13.730919610750373,-33.80202480739729,6.826890310764092e-20
1786740409.2612944,twist -Z,fast,1786740396.861293,-451.18780162117673,-184.26188569453495,694.2988132744622,13.819641427090371,-33.839085121588504,6.840849202966387e-20
1786740409.2897751,twist -Z,fast,1786740396.861293,-451.7481343667114,-185.07426486833447,692.3692457766965,13.880569865125228,-33.88111007750352,6.85772665637652e-20
1786740409.32096,twist -Z,fast,1786740396.861293,-450.98501000740134,-184.0135200904242,700.4285561005217,13.80101400678225,-33.823875750555366,6.928535622107496e-20
1786740409.3466213,twist -Z,fast,1786740396.861293,-452.4570479954705,-183.4483087804182,704.8098742765214,13.758623158531567,-33.934278599660374,6.954561120634796e-20
1786740409.3749058,twist -Z,fast,1786740396.861293,-452.8361833271547,-182.8052637774349,707.1240046439616,13.710394783307809,-33.96271374953665,6.947331410337618e-20
1786740409.4037626,twist -Z,fast,1786740396.861293,-453.1079683150638,-185.0978999904023,697.7489405488886,13.88234249928028,-33.983097623629966,7.011992883658135e-20
1786740409.431585,twist -Z,fast,1786740396.861293,-455.70152828330265,-185.8883508433122,699.1903304936923,13.941626313248609,-34.177614621247876,6.967588499838589e-20
1786740409.4601102,twist -Z,fast,1786740396.861293,-454.91852697139893,-186.16490075041975,698.9066475721065,13.962367556281595,-34.118889522855156,6.947287504169614e-20
1786740409.4886925,twist -Z,fast,1786740396.861293,-455.90109410243804,-183.41621695933316,701.9989429226998,13.756216271950162,-34.19258205768313,6.857545687332703e-20
1786740409.5197916,twist -Z,fast,1786740396.861293,-453.9957022498688,-183.96493088021668,705.75743888549,13.797369816016651,-34.049677668740415,6.944899781649864e-20
1786740409.54543,twist -Z,fast,1786740396.861293,-455.0944074950553,-184.78246843069974,704.5164083388045,13.85868513230282,-34.13208056212937,6.972171945711071e-20
1786740409.5736275,twist -Z,fast,1786740396.861293,-455.52991246188003,-179.2422088747296,703.2233128510006,13.44316566560499,-34.16474343464123,6.861481516782479e-20
1786740409.601958,twist -Z,fast,1786740396.861293,-455.59425190026604,-178.65264698315468,700.6607571451405,13.398948523736816,-34.16956889252021,6.809539407556543e-20
1786740409.6303356,twist -Z,fast,1786740396.861293,-455.4418275315111,-178.4807197594854,701.6936216790828,13.386053981961584,-34.15813706486347,6.810767251643389e-20
1786740409.658567,twist -Z,fast,1786740396.861293,-450.67204394442797,-184.12687587870414,692.3579775048756,13.809515690903023,-33.80040329583239,6.79139820908682e-20
1786740409.6870954,twist -Z,fast,1786740396.861293,-448.83130156308107,-183.7466378117923,681.7788062703639,13.780997835884595,-33.6623476172312,6.73565530173087e-20
1786740409.7162294,twist -Z,fast,1786740396.861293,-451.00352640353503,-186.81843039155854,684.2298036046204,14.011382279367123,-33.825264480265126,6.711731933830175e-20
1786740409.7439642,twist -Z,fast,1786740396.861293,-457.49662661030607,-189.6410421059437,700.6274275826672,14.223078157945938,-34.31224699577314,6.826001607807873e-20
1786740409.77264,twist -Z,fast,1786740396.861293,-458.8652275230884,-188.81686060918219,718.3882249462022,14.161264545688763,-34.41489206423186,6.871401139443843e-20
1786740409.8005998,twist -Z,fast,1786740396.861293,-453.7490313284802,-183.96604562165123,707.9840701300036,13.797453421623938,-34.03117734963619,6.845584555039272e-20
1786740409.8289762,twist -Z,fast,1786740396.861293,-450.10780593666004,-178.3041224474713,701.9943262779725,13.372809183560623,-33.758085445249705,6.845583117067888e-20
1786740409.8572693,twist -Z,fast,1786740396.861293,-450.26325341603024,-183.17544295174355,690.9962711097014,13.738158221380981,-33.76974400620236,6.851625984575199e-20
1786740409.8857815,twist -Z,fast,1786740396.861293,-450.5768385296592,-184.62782817011407,692.3590670120511,13.847087112758746,-33.79326288972479,6.926252437610511e-20
1786740409.914045,twist -Z,fast,1786740396.861293,-451.4116200622484,-186.91833500608845,696.8397808614054,14.018875125456876,-33.855871504668656,6.942253685690228e-20
1786740409.9426212,twist -Z,fast,1786740396.861293,-450.1948799180436,-182.9900884295306,693.1736458311416,13.7242566322149,-33.76461599385327,6.938909787422478e-20
1786740409.9710865,twist -Z,fast,1786740396.861293,-451.1255246869173,-182.88216629006104,691.7424599287233,13.716162471754618,-33.83441435151899,6.82154309383621e-20
1786740409.9993615,twist -Z,fast,1786740396.861293,-452.96447604761715,-183.64837199926694,692.7874096234373,13.77362789994535,-33.97233570357168,6.817597378983894e-20
1786740410.027692,twist -Z,fast,1786740396.861293,-451.23736954612787,-178.55668913975614,689.1557177038376,13.391751685481882,-33.84280271595973,6.776776261327698e-20
1786740410.0559895,twist -Z,fast,1786740396.861293,-452.2712277074729,-178.66402395756177,698.4342359662096,13.399801796817304,-33.92034207806058,6.884773043911636e-20
1786740410.0843875,twist -Z,fast,1786740396.861293,-449.08319933353823,-176.93439772156944,686.0563173696492,13.270079829117815,-33.68123995001545,6.837026992897229e-20
1786740410.1143441,twist -Z,fast,1786740396.861293,-450.41047688658864,-181.6937435774007,689.130266596022,13.627030768305278,-33.78078576649439,6.843466666611019e-20
1786740410.1416693,twist -Z,fast,1786740396.861293,-450.095069419835,-182.43899650851506,686.3960782480008,13.682924738138762,-33.75713020648776,6.824338957010344e-20
1786740410.170225,twist -Z,fast,1786740396.861293,-450.23792606193865,-179.53603644181044,688.595363632945,13.465202733135914,-33.76784445464556,6.799242430723753e-20
1786740410.198205,twist -Z,fast,1786740396.861293,-451.3087350602259,-182.20194070796254,693.1710575024372,13.665145553097386,-33.848155129517195,6.827267488930876e-20
1786740410.2265937,twist -Z,fast,1786740396.861293,-450.69185117504094,-181.51272669195066,685.7383622764637,13.613454501896573,-33.801888838128384,6.818859831279813e-20
1786740410.254988,twist -Z,fast,1786740396.861293,-451.2742597741167,-185.48170596660464,689.3820370715421,13.911127947495434,-33.84556948305903,6.890658478088944e-20
1786740410.2832446,twist -Z,fast,1786740396.861293,-452.5414342123013,-185.49494701795606,693.7612519783106,13.912121026346913,-33.94060756592289,6.922366893006424e-20
1786740410.311787,twist -Z,fast,1786740396.861293,-454.71603602266987,-185.5194939594753,704.0382183052225,13.913962046960815,-34.10370270170037,6.92487460465778e-20
1786740410.3401458,twist -Z,fast,1786740396.861293,-454.2606732655245,-185.0071049120503,702.8698982542719,13.875532868404125,-34.069550494914424,6.868946713727235e-20
1786740410.3683949,twist -Z,fast,1786740396.861293,-452.8095256152019,-184.35813097105347,699.3437783493864,13.826859822829352,-33.96071442114045,6.822483610180373e-20
1786740410.3970046,twist -Z,fast,1786740396.861293,-449.16628834898574,-182.4334341458374,689.9367466019148,13.682507560937946,-33.687471626174144,6.722171893692417e-20
1786740410.425413,twist -Z,fast,1786740396.861293,-453.1624490155473,-181.1184893648459,696.3668021317972,13.583886702363703,-33.987183676166225,6.781330492155107e-20
1786740410.45364,twist -Z,fast,1786740396.861293,-455.169247508069,-179.82652244259918,709.2003835213209,13.486989183195131,-34.13769356310531,6.87718447603258e-20
1786740410.481981,twist -Z,fast,1786740396.861293,-459.191293119919,-181.70710108532649,716.8334999696172,13.62803258139974,-34.43934698399408,7.002896049656134e-20
1786740410.5106893,twist -Z,fast,1786740396.861293,-457.4442019128269,-182.39223259503194,715.8048128973915,13.679417444627614,-34.30831514346211,6.967722255658889e-20
1786740410.538562,twist -Z,fast,1786740396.861293,-454.8562262792084,-183.80713735621976,705.2829921802731,13.78553530171661,-34.11421697094075,6.854989728765815e-20
1786740410.5672898,twist -Z,fast,1786740396.861293,-451.1613809313285,-182.80960531850735,699.9754423982113,13.710720398888231,-33.83710356984987,6.774693991678202e-20
1786740410.5958192,twist -Z,fast,1786740396.861293,-450.7071573699295,-182.33477626908677,699.667767143892,13.675108220181908,-33.80303680274494,6.746105115491607e-20
1786740410.6238549,twist -Z,fast,1786740396.861293,-450.740065014822,-181.20288649655708,694.2245073711638,13.590216487242035,-33.80550487611192,6.735585257480597e-20
1786740410.6523452,twist -Z,fast,1786740396.861293,-450.95502469884195,-180.82777463779382,691.9017664616849,13.562083097834776,-33.821626852413154,6.690698780696916e-20
1786740410.680914,twist -Z,fast,1786740396.861293,-451.7974205673695,-182.5981487026752,689.984234759605,13.694861152700884,-33.88480654255315,6.782289895206372e-20
1786740410.7092905,twist -Z,fast,1786740396.861293,-454.41996324946604,-183.43602331708973,694.2932183577641,13.757701748781944,-34.0814972437101,6.876955026652371e-20
1786740410.7379012,twist -Z,fast,1786740396.861293,-457.61828778804147,-182.63349404941562,700.4733961850279,13.697512053706266,-34.321371584103204,6.905163315522893e-20
1786740410.7660072,twist -Z,fast,1786740396.861293,-455.324889661405,-180.98724943449372,695.424946451798,13.574043707587347,-34.149366724605656,6.783997329965226e-20
1786740410.7944672,twist -Z,fast,1786740396.861293,-453.74820550896857,-180.48849017123803,695.9247202434217,13.536636762843134,-34.031115413172806,6.733748456319108e-20
1786740410.8226354,twist -Z,fast,1786740396.861293,-452.6700829246606,-183.8157162780093,694.1163057218891,13.786178720851066,-33.95025621934968,6.79119346691501e-20
1786740410.8510559,twist -Z,fast,1786740396.861293,-453.45148219214116,-183.90062035400786,700.5089348453203,13.792546526550712,-34.00886116441084,6.839883647902252e-20
1786740410.8796828,twist -Z,fast,1786740396.861293,-453.4627997958164,-183.70831670274572,703.6974813210072,13.778123752706126,-34.00970998468652,6.90476536523958e-20
1786740410.9080236,twist -Z,fast,1786740396.861293,-452.65099038042536,-179.27681494132605,705.3117179632063,13.445761120599638,-33.948824278532,6.890637412525268e-20
1786740410.9362106,twist -Z,fast,1786740396.861293,-452.17141023349996,-179.69276282049657,701.1466687179809,13.476957211537265,-33.912855767512745,6.8629016345838e-20
1786740410.964706,twist -Z,fast,1786740396.861293,-450.3867089321302,-178.85708477741275,691.7151849987358,13.414281358306251,-33.779003169909984,6.760623216664181e-20
1786740410.993328,twist -Z,fast,1786740396.861293,-454.3572044051248,-179.61302283097405,696.939480534922,13.47097671232336,-34.07679033038459,6.758511784757167e-20
1786740411.0214887,twist -Z,fast,1786740396.861293,-454.4339690709171,-180.24286301394284,700.6766424357093,13.518214726046086,-34.08254768031899,6.795789733646412e-20
1786740411.0502293,twist -Z,fast,1786740396.861293,-456.71458832611097,-180.5465469378571,704.2072297845089,13.540991020339288,-34.253594124458374,6.792110563744927e-20
1786740411.0782402,twist -Z,fast,1786740396.861293,-453.8645502007962,-185.71917358402982,696.7580203153038,13.928938018802395,-34.03984126505993,6.817176057679286e-20
1786740411.106509,twist -Z,fast,1786740396.861293,-453.67654298527214,-184.5157139129625,696.5817653101622,13.83867854347248,-34.02574072389566,6.844380299759613e-20
1786740411.1350827,twist -Z,fast,1786740396.861293,-454.0418549815781,-185.17852878785766,701.7149827812118,13.888389659089444,-34.05313912361848,6.888667049980754e-20
1786740411.1636865,twist -Z,fast,1786740396.861293,-452.58811938955114,-181.6902828366292,700.1387224290274,13.626771212747382,-33.9441089542166,6.855117945972513e-20
1786740411.191795,twist -Z,fast,1786740396.861293,-454.87706081513124,-181.3270109548513,701.9106044354739,13.599525821614026,-34.11577956113496,6.792735281240406e-20
1786740411.2200925,twist -Z,fast,1786740396.861293,-451.6729914911716,-179.18067773110147,696.9410404655555,13.438550829832852,-33.87547436183806,6.736327546547441e-20
1786740411.2487853,twist -Z,fast,1786740396.861293,-452.23780498002134,-179.79900363769798,696.4976805627393,13.484925272827443,-33.91783537350176,6.758715532790325e-20
1786740411.2769406,twist -Z,fast,1786740396.861293,-449.63795660664255,-182.1982569737885,692.8198528835501,13.664869273034288,-33.7228467454982,6.804969483139857e-20
1786740411.305464,twist -Z,fast,1786740396.861293,-451.131926466644,-185.56687097482165,686.6168845985849,13.917515323111939,-33.83489448499855,6.845011657089551e-20
1786740411.3339124,twist -Z,fast,1786740396.861293,-451.2286687806868,-185.79957117289973,688.8434629740186,13.934967837967708,-33.84215015855179,6.810976227352658e-20
1786740411.362323,twist -Z,fast,1786740396.861293,-449.85522350016754,-183.03360047971546,682.2649849583422,13.727520035978639,-33.739141762512816,6.733289667876584e-20
1786740411.390868,twist -Z,fast,1786740396.861293,-452.501314882662,-183.15296132105846,693.791968358596,13.73647209907951,-33.93759861619983,6.816080660220626e-20
1786740411.4189692,twist -Z,fast,1786740396.861293,-451.133385048111,-179.96699698706448,696.2725419440767,13.497524774029973,-33.83500387860845,6.817598985336252e-20
1786740411.4474738,twist -Z,fast,1786740396.861293,-451.07725385202275,-179.40157640928658,700.8729703975041,13.455118230696709,-33.8307940389018,6.850893412581969e-20
1786740411.4760666,twist -Z,fast,1786740396.861293,-449.17876670782834,-176.8862116287462,697.6037535605574,13.266465872156136,-33.688407503087355,6.810656727256381e-20
1786740411.5040894,twist -Z,fast,1786740396.861293,-450.240357633405,-176.93229782213098,692.6274203699195,13.269922336660077,-33.76802682250557,6.778464675377617e-20
1786740411.5326116,twist -Z,fast,1786740396.861293,-453.81146441791134,-179.90820397362882,700.7208020626776,13.493115298022513,-34.035859831343544,6.837506120016812e-20
1786740411.5607708,twist -Z,fast,1786740396.861293,-453.6041452886957,-182.3246989781411,701.3982432417624,13.674352423360663,-34.02031089665235,6.809212510739673e-20
1786740411.5891416,twist -Z,fast,1786740396.861293,-455.2225591799888,-185.90772438501142,704.4789963405574,13.943079328876262,-34.14169193849943,6.872454312727196e-20
1786740411.6180158,twist -Z,fast,1786740396.861293,-453.07108976186237,-185.13534816077288,700.890837026157,13.88515111205798,-33.980331732139774,6.867041333181506e-20
1786740411.6461124,twist -Z,fast,1786740396.861293,-452.57101703030503,-182.65333852957053,691.7694212863926,13.699000389717941,-33.942826277273085,6.810400215651096e-20
1786740411.6743226,twist -Z,fast,1786740396.861293,-453.1556587189343,-183.6176355483807,691.5610456862378,13.771322666128942,-33.98667440392016,6.831062207250884e-20
1786740411.7036388,twist -Z,fast,1786740396.861293,-454.87599346239085,-183.01733181732322,697.8285411048855,13.726299886299277,-34.11569950967962,6.85733715621427e-20
1786740411.7313573,twist -Z,fast,1786740396.861293,-456.7243824606894,-184.8077373741056,708.0231978145457,13.860580303057983,-34.25432868455187,6.91827925210983e-20
1786740411.7596793,twist -Z,fast,1786740396.861293,-451.8119955941788,-183.88875397824268,698.5635420794233,13.791656548368326,-33.885899669563535,6.796147732225797e-20
1786740411.7880607,twist -Z,fast,1786740396.861293,-450.5696255434659,-185.51082159834914,690.7475113452856,13.9133116198764,-33.79272191575999,6.660055888275623e-20
1786740411.8163443,twist -Z,fast,1786740396.861293,-451.95934535354627,-183.57273404625164,695.1820003586554,13.767955053469127,-33.89695090151611,6.69575098890814e-20
1786740411.844939,twist -Z,fast,1786740396.861293,-454.5458389135388,-181.31354273204397,700.5254618861027,13.598515704903544,-34.09093791851551,6.77583070004787e-20
1786740411.8732595,twist -Z,fast,1786740396.861293,-453.99983504017973,-179.26967500899093,700.3036621527199,13.445225625674663,-34.04998762801376,6.867229099520029e-20
1786740411.9020433,twist -Z,fast,1786740396.861293,-452.40914095420794,-181.27725082006816,696.7236725866906,13.595793811505278,-33.93068557156581,6.857399370087667e-20
1786740411.9300995,twist -Z,fast,1786740396.861293,-453.85846172558104,-183.93885307300718,703.0566080432955,13.795413980475846,-34.03938462941859,6.875476162960357e-20
1786740411.9583752,twist -Z,fast,1786740396.861293,-454.8139248382704,-184.73036665245274,706.487088439847,13.854777498934151,-34.11104436287048,6.91349893716421e-20
1786740411.9867747,twist -Z,fast,1786740396.861293,-452.69856508696785,-183.105374076683,703.6170764473918,13.732903055751326,-33.95239238152279,6.855586980578084e-20
1786740412.0151076,twist -Z,fast,1786740396.861293,-452.2752804046754,-181.19186791151003,700.2603304712093,13.589390093363537,-33.92064603035053,6.875823609467529e-20
1786740412.0434024,twist -Z,fast,1786740396.861293,-450.635912037018,-178.76494488219555,691.5327470968305,13.407370866164886,-33.797693402776524,6.76665029911335e-20
1786740412.0719178,twist -Z,fast,1786740396.861293,-454.01836241625733,-182.4849252268873,692.8396200860007,13.686369392016825,-34.051377181219316,6.862468331345773e-20
1786740412.1005702,twist -Z,fast,1786740396.861293,-455.05668076385746,-187.31636845891796,698.2665656737745,14.048727634419084,-34.12925105728946,6.909076473030297e-20
1786740412.1287637,twist -Z,fast,1786740396.861293,-457.17585603139787,-189.24100047900606,702.3757570752368,14.193075035925691,-34.28818920235505,6.972550066154632e-20
1786740412.1570811,twist -Z,fast,1786740396.861293,-454.52085294736753,-185.39567288312287,700.9975759354638,13.904675466234462,-34.08906397105281,6.916392330508546e-20
1786740412.185632,twist -Z,fast,1786740396.861293,-453.375262518251,-180.548864264852,694.8251020114103,13.541164819863926,-34.0031446888691,6.849673115580915e-20
1786740412.2142236,twist -Z,fast,1786740396.861293,-453.416682316657,-180.3282079357482,694.6402710002303,13.524615595181356,-34.00625117374943,6.803879089079954e-20
1786740412.2420313,twist -Z,fast,1786740396.861293,-454.419240412873,-182.97363288124006,693.3593273870756,13.723022466093386,-34.081443030965794,6.835808959680859e-20
1786740412.270356,twist -Z,fast,1786740396.861293,-454.87416859137375,-182.38514017821024,706.010006237695,13.678885513365973,-34.115562644353126,6.957071557151513e-20
1786740412.3001044,twist -Z,fast,1786740396.861293,-455.3842036903461,-188.12722063232707,709.4097439854168,14.109541547424843,-34.15381527677615,7.041786856128837e-20
1786740412.3272662,twist -Z,fast,1786740396.861293,-456.0280378684929,-188.08609201034938,715.5603208898901,14.10645690077654,-34.202102840137314,7.026498781115788e-20
1786740412.355564,twist -Z,fast,1786740396.861293,-456.35290736786783,-191.81622925736588,707.0871778671353,14.386217194302791,-34.22646805259032,6.881756941081901e-20
1786740412.3840315,twist -Z,fast,1786740396.861293,-454.3966624834957,-186.60857645267015,701.8646435322971,13.99564323395045,-34.07974968626253,6.808282330486273e-20
1786740412.4122865,twist -Z,fast,1786740396.861293,-452.0439140933463,-183.82528932715502,691.983914830259,13.786896699536914,-33.9032935570012,6.748605873194473e-20
1786740412.4408274,twist -Z,fast,1786740396.861293,-452.0508190030532,-180.65474323203398,686.3428551026564,13.549105742402698,-33.9038114252292,6.748954958761397e-20
1786740412.469104,twist -Z,fast,1786740396.861293,-453.3822966542343,-182.39280860899032,689.4272932640315,13.679460645674535,-34.00367224906783,6.847487396000187e-20
1786740412.4977818,twist -Z,fast,1786740396.861293,-455.945001155053,-186.8356599255277,689.6758619269312,14.01267449441487,-34.195875086629215,6.86639724526757e-20
1786740412.5260684,twist -Z,fast,1786740396.861293,-454.5413442075351,-185.92482115812857,699.4710560869298,13.94436158686003,-34.090600815565296,6.929616300962939e-20
1786740412.5546377,twist -Z,fast,1786740396.861293,-454.1977189196655,-183.65941149050263,697.8279450069331,13.774455861788038,-34.06482891897532,6.81444065372767e-20
1786740412.5828154,twist -Z,fast,1786740396.861293,-453.3086022801781,-182.37804537507645,696.3791133561244,13.678353403130988,-33.998145171013505,6.802872994972476e-20
1786740412.6113815,twist -Z,fast,1786740396.861293,-453.50147614562457,-181.99929191541025,696.0231405360109,13.649946893655997,-34.01261071092199,6.821084096334423e-20
1786740412.639521,twist -Z,fast,1786740396.861293,-453.33470075685864,-183.7226038375171,699.081224663063,13.779195287813959,-34.00010255676462,6.864080099209767e-20
1786740412.6678762,twist -Z,fast,1786740396.861293,-454.0723325090239,-180.7487223777781,705.4669643898433,13.556154178333731,-34.05542493817691,6.913061586420297e-20
1786740412.6964111,twist -Z,fast,1786740396.861293,-454.35623154641553,-182.57757461299275,702.0371095625642,13.693318095974814,-34.076717365981196,6.855267848501328e-20
1786740412.7247205,twist -Z,fast,1786740396.861293,-455.13491230685304,-182.27487962731732,695.4600016106278,13.670615972049102,-34.135118423014305,6.825755617194951e-20
1786740412.7530215,twist -Z,fast,1786740396.861293,-451.61322694684895,-182.09008881096156,684.3050561968194,13.65675666082237,-33.87099202101394,6.780984687064389e-20
1786740412.7813213,twist -Z,fast,1786740396.861293,-450.8034115274022,-184.00239458549277,674.4708521777557,13.800179593912038,-33.81025586455542,6.715493710422203e-20
1786740412.8097427,twist -Z,fast,1786740396.861293,-448.90058840415895,-183.65031249135143,673.6739959385668,13.773773436851567,-33.66754413031202,6.771514738600122e-20
1786740412.838336,twist -Z,fast,1786740396.861293,-450.5339173139296,-187.74691279576393,685.4794817466509,14.081018459682515,-33.7900437985449,6.813870380384452e-20
1786740412.866516,twist -Z,fast,1786740396.861293,-449.0010402821531,-186.34787480948023,688.2112909457774,13.976090610711193,-33.67507802116168,6.864986727162888e-20
1786740412.8949268,twist -Z,fast,1786740396.861293,-449.90682858418586,-187.5458677076889,695.2455381655436,14.06594007807686,-33.74301214381416,6.844129357539532e-20
1786740412.923703,twist -Z,fast,1786740396.861293,-448.5894875759923,-185.54229509219556,686.0808346966878,13.91567213191487,-33.64421156819948,6.791725841537361e-20
1786740412.9521606,twist -Z,fast,1786740396.861293,-451.12346270614034,-183.9294222262514,694.8782656960921,13.794706666969187,-33.834259702960615,6.782201653816765e-20
1786740412.9801328,twist -Z,fast,1786740396.861293,-449.78760441329314,-181.6310317842616,694.0303128875512,13.622327383819997,-33.734070330997135,6.775825907393025e-20
1786740413.008638,twist -Z,fast,1786740396.861293,-453.0027232421594,-180.93835217629487,709.7267645233669,13.570376413222366,-33.97520424316212,6.875917107172086e-20
1786740413.036921,twist -Z,fast,1786740396.861293,-452.0951975864914,-182.90984060944072,713.8865038114191,13.718238045708393,-33.90713981898713,7.02564143441488e-20
1786740413.065762,twist -Z,fast,1786740396.861293,-454.62278981735335,-183.41702509338677,718.4782529607901,13.756276882004325,-34.09670923630173,7.098434792819652e-20
1786740413.0940578,twist -Z,fast,1786740396.861293,-450.5267046253866,-182.14893018680493,705.8212058184126,13.66116976401057,-33.78950284690425,7.001046770736841e-20
1786740413.1219666,twist -Z,fast,1786740396.861293,-449.6629726090273,-178.98578326785434,699.8368095674605,13.423933745089183,-33.72472294567718,6.879732071324933e-20
1786740413.1504571,twist -Z,fast,1786740396.861293,-452.2321232669947,-179.7843035818289,698.0638620892951,13.483822768637364,-33.91740924502466,6.855590840546773e-20
1786740413.1787715,twist -Z,fast,1786740396.861293,-453.36193229572837,-183.1453195475026,697.9070441681279,13.735898966062894,-34.00214492217977,6.863088389511845e-20
1786740413.207108,twist -Z,fast,1786740396.861293,-455.61058336330825,-185.9926883422727,696.334875434256,13.949451625670537,-34.1707937522483,6.885533835585567e-20
1786740413.2357364,twist -Z,fast,1786740396.861293,-453.2769833046377,-187.4721011371464,692.4172918973854,14.06040758528636,-33.99577374784822,6.862281632468704e-20
1786740413.2644713,twist -Z,fast,1786740396.861293,-456.18895828948143,-184.35569784820507,697.3715537908411,13.826677338615536,-34.21417187171136,6.85771041285634e-20
1786740413.2926142,twist -Z,fast,1786740396.861293,-458.27038605538655,-187.67777852158179,699.4259868855679,14.075833389118902,-34.37027895415423,6.852364203827994e-20
1786740413.321187,twist -Z,fast,1786740396.861293,-461.0472383031188,-188.58780118127754,704.6243862587944,14.144085088596032,-34.578542872734026,6.885883910607166e-20
1786740413.3495414,twist -Z,fast,1786740396.861293,-462.1653985205685,-188.4547362660411,705.8848987070278,14.13410521995338,-34.66240488904279,6.872510695266866e-20
1786740413.3779736,twist -Z,fast,1786740396.861293,-459.6940935509442,-187.68479449268727,694.938298993914,14.076359586951735,-34.477057016321176,6.889445570420039e-20
1786740413.4060729,twist -Z,fast,1786740396.861293,-456.19014977064535,-185.4164248126732,683.4002115807252,13.906231860950687,-34.214261232798634,6.818897213258895e-20
1786740413.4342873,twist -Z,fast,1786740396.861293,-455.43535997825666,-186.18458258603744,689.0257865220319,13.96384369395297,-34.15765199836939,6.945743907171972e-20
1786740413.462751,twist -Z,fast,1786740396.861293,-457.52129692970084,-183.44789466457019,699.584717879854,13.758592099842968,-34.31409726972779,6.928844459947654e-20
1786740413.491132,twist -Z,fast,1786740396.861293,-460.79695580262114,-181.38341622114717,715.4202558546995,13.603756216586252,-34.55977168519682,6.888859314523143e-20
1786740413.5196915,twist -Z,fast,1786740396.861293,-460.7399196339925,-180.76753431584393,718.9115979465687,13.557565073688568,-34.555493972549776,6.796624320624481e-20
1786740413.5479991,twist -Z,fast,1786740396.861293,-460.85554597073724,-180.3111298026546,719.534058054167,13.523334735199196,-34.56416594780561,6.807321456741882e-20
1786740413.576294,twist -Z,fast,1786740396.861293,-457.90725073420117,-180.5622099760168,713.2862202817159,13.542165748201622,-34.343043805065406,6.86632992573856e-20
1786740413.6047914,twist -Z,fast,1786740396.861293,-460.2260502730769,-182.2762324936922,706.6782806724195,13.670717437027282,-34.51695377048092,6.874959342604951e-20
1786740413.6332767,twist -Z,fast,1786740396.861293,-458.34505657263617,-180.07744924327517,710.1314374358199,13.505808693245871,-34.375879242947875,6.859152235282112e-20
1786740413.66167,twist -Z,fast,1786740396.861293,-458.8323021053111,-183.00582432432225,705.4512774475379,13.725436824324252,-34.41242265789854,6.902202517934504e-20
1786740413.6899767,twist -Z,fast,1786740396.861293,-459.2415949072556,-182.1684273708023,705.2373435372665,13.662632052810427,-34.44311961804443,6.861289689194884e-20
1786740413.7182765,twist -Z,fast,1786740396.861293,-459.76389407932675,-184.35227211170923,697.8943929775669,13.826420408378599,-34.482292055949735,6.821462904966458e-20
1786740413.7466705,twist -Z,fast,1786740396.861293,-462.65333148986474,-180.21827864145018,709.8028489415519,13.51637089810897,-34.69899986174021,6.838265968265485e-20
1786740413.7750413,twist -Z,fast,1786740396.861293,-459.00129514901346,-179.41590269103642,702.1123061449644,13.456192701827884,-34.42509713617621,6.862199810042806e-20
1786740413.8037472,twist -Z,fast,1786740396.861293,-462.950786746173,-178.31204468536055,713.545236134114,13.373403351402278,-34.7213090059632,6.912162731243868e-20
1786740413.8321607,twist -Z,fast,1786740396.861293,-460.2062916053096,-183.06025093560504,704.2015598353037,13.729518820170693,-34.515471870398464,6.899795637980816e-20
1786740413.8603349,twist -Z,fast,1786740396.861293,-460.5972002855606,-182.5651225989999,712.4207633020014,13.692384194925214,-34.54479002141719,6.909518532757059e-20
1786740413.8888023,twist -Z,fast,1786740396.861293,-460.1881101507729,-184.26579289567883,708.2961246301693,13.819934467176122,-34.51410826130828,6.874986839690497e-20
1786740413.9172015,twist -Z,fast,1786740396.861293,-459.5541791540991,-182.51835723684405,706.7332726257628,13.688876792763484,-34.46656343655781,6.780637243074388e-20
1786740413.9455705,twist -Z,fast,1786740396.861293,-460.1988034245269,-182.81471926058884,703.0653747028164,13.711103944544451,-34.51491025683977,6.774882617937194e-20
1786740413.9740696,twist -Z,fast,1786740396.861293,-454.89273720925485,-176.83242004200736,691.3818276611573,13.262431503150847,-34.11695529069436,6.734985263427015e-20
1786740414.0022633,twist -Z,fast,1786740396.861293,-455.85281457969995,-175.64370092228717,692.7758448479335,13.173277569171727,-34.1889610934777,6.805598786084657e-20
1786740414.03084,twist -Z,fast,1786740396.861293,-457.1987165777605,-175.9949192083617,694.13038610474,13.199618940627477,-34.2899037433322,6.811496470417346e-20
1786740414.059347,twist -Z,fast,1786740396.861293,-461.3364915798106,-182.24709048278157,711.2596470670123,13.6685317862088,-34.60023686848595,6.94565208491691e-20
1786740414.0874884,twist -Z,fast,1786740396.861293,-463.53508158091654,-183.8945481675812,713.1064282162315,13.792091112568809,-34.76513111856893,6.916105740950737e-20
1786740414.1160824,twist -Z,fast,1786740396.861293,-461.5476096318953,-182.65344549367717,712.571366954945,13.699008412025979,-34.616070722392344,6.900286662583755e-20
1786740414.1443744,resting,fast,1786740414.1227374,-458.5638431604507,-181.64408542530077,698.190365555738,13.623306406897743,-34.39228823703394,6.759532715816961e-20
1786740414.172923,resting,fast,1786740414.1227374,-458.33202543696734,-180.114039850704,692.0158707450391,13.508552988803043,-34.374901907772845,6.807690354346119e-20
1786740414.2013717,resting,fast,1786740414.1227374,-458.12683477858445,-182.73885724334673,694.6334357632632,13.705414293251156,-34.35951260839382,6.835578025390328e-20
1786740414.2294457,resting,fast,1786740414.1227374,-458.13255166818954,-181.89453604034873,699.0518600587029,13.642090203026275,-34.35994137511446,6.857505959534906e-20
1786740414.260101,resting,fast,1786740414.1227374,-456.56772181431734,-181.81289861050186,706.6697838463733,13.635967395787826,-34.24257913607399,6.850458470124655e-20
1786740414.2862692,resting,fast,1786740414.1227374,-455.4688554286363,-177.79362598800765,708.1410170588833,13.3345219491007,-34.160164157147925,6.862377381267356e-20
1786740414.3147426,resting,fast,1786740414.1227374,-458.06488078904795,-180.75330300284293,705.0199969696778,13.556497725213493,-34.354866059178796,6.899611661525487e-20
1786740414.3433008,resting,fast,1786740414.1227374,-457.0904251675597,-181.59165985176196,697.6463425129759,13.619374488882254,-34.28178188756709,6.759361032173183e-20
1786740414.3715036,resting,fast,1786740414.1227374,-458.74647773542074,-183.73251785042487,690.2756554143061,13.77993883878204,-34.40598583015665,6.690997114333254e-20
1786740414.400053,resting,fast,1786740414.1227374,-457.2917231813017,-182.08277348332842,693.3350895857866,13.65620801124987,-34.29687923859781,6.66670398696174e-20
1786740414.4282804,resting,fast,1786740414.1227374,-454.24726425793597,-178.90050877622468,692.7079637823044,13.417538158217024,-34.06854481934536,6.688588360304882e-20
1786740414.4583745,resting,fast,1786740414.1227374,-455.6887821178593,-180.06577297940294,699.5311576435188,13.50493297345545,-34.17665865883967,6.721648042938299e-20
1786740414.484943,resting,fast,1786740414.1227374,-459.1157757224196,-180.83424974479237,715.1577445954044,13.56256873085977,-34.433683179181685,6.790230233725842e-20
1786740414.5136795,resting,fast,1786740414.1227374,-466.3578989537459,-183.9822539180626,725.8391714896643,13.798669043854968,-34.976842421531146,6.956442825064472e-20
1786740414.5417237,resting,fast,1786740414.1227374,-463.5888888391214,-182.87687031325788,718.4767157247134,13.715765273494537,-34.76916666293426,6.941085528599387e-20
1786740414.5702677,resting,fast,1786740414.1227374,-460.67074751171094,-178.34305249542945,705.7685283997835,13.375728937157358,-34.550306063378564,6.894350336699838e-20
1786740414.5986078,resting,fast,1786740414.1227374,-458.14294332240297,-177.12170722970336,706.3608344015993,13.284128042228037,-34.36072074918051,6.815055327414404e-20
1786740414.62697,resting,fast,1786740414.1227374,-461.0866387707124,-177.71869038110992,716.9111082416493,13.328901778583504,-34.58149790780374,6.917823086021916e-20
1786740414.6569586,resting,fast,1786740414.1227374,-460.58128490425133,-180.38159268698587,722.0741938236133,13.528619451524154,-34.54359636781903,6.903500970998251e-20
1786740414.6838336,resting,fast,1786740414.1227374,-460.07088944063844,-181.54377920535126,721.2481476502544,13.615783440401604,-34.50531670804826,6.873542424714084e-20
1786740414.7122343,resting,fast,1786740414.1227374,-457.79279159407406,-180.35159018868922,713.4907145386378,13.526369264151992,-34.3344593695557,6.798362565667677e-20
1786740414.7404275,resting,fast,1786740414.1227374,-457.3032179843635,-180.0936327466252,708.9597330394281,13.507022455997198,-34.29774134882737,6.83835265870755e-20
1786740414.769038,resting,fast,1786740414.1227374,-457.3189303593754,-179.4000186783145,706.3737956174446,13.455001400873801,-34.29891977695333,6.842767646616749e-20
1786740414.7973607,resting,fast,1786740414.1227374,-461.45278701205734,-178.75222104656928,716.6600373328547,13.40641657849292,-34.60895902590436,6.843482412569691e-20
1786740414.8258321,resting,fast,1786740414.1227374,-460.3601439415611,-177.3309819388678,710.23577185461,13.299823645415469,-34.52701079561728,6.753322174009015e-20
1786740414.8565705,resting,fast,1786740414.1227374,-460.4702635125236,-177.16902775262668,720.433323522132,13.287677081447296,-34.53526976343947,6.911452472887908e-20
1786740414.8823593,resting,fast,1786740414.1227374,-460.5453558655372,-181.09291450439252,726.1475279535471,13.581968587829731,-34.540901689915536,7.003161261505489e-20
1786740414.9108803,resting,fast,1786740414.1227374,-463.15826734143866,-182.4989752133299,737.4853060326122,13.687423141000085,-34.736870050608104,7.134283073272809e-20
1786740414.939415,resting,fast,1786740414.1227374,-460.2042259311429,-184.0370127924167,718.2757034168462,13.802775959431369,-34.51531694483598,6.964767726337383e-20
1786740414.96757,resting,fast,1786740414.1227374,-454.101035819338,-177.18515760436412,696.2248045953338,13.288886820327537,-34.057577686450614,6.900780110180147e-20
1786740414.9959831,resting,fast,1786740414.1227374,-451.3188740762539,-178.106130134674,682.9146437268355,13.35795976010068,-33.84891555571916,6.754581231781791e-20
1786740415.02448,resting,fast,1786740414.1227374,-454.09315304988513,-175.92857075273446,697.9097345688133,13.194642806455324,-34.05698647874163,6.80920241013844e-20
1786740415.0528283,resting,fast,1786740414.1227374,-459.92467348717855,-178.61775513592306,715.534243280872,13.396331635194382,-34.49435051153849,6.814528345350483e-20
1786740415.0812485,resting,fast,1786740414.1227374,-459.5153894877376,-177.91003763802667,719.7508667305638,13.343252822852325,-34.46365421158045,6.7936415542061e-20
1786740415.109562,resting,fast,1786740414.1227374,-460.602915389813,-181.14220551686037,710.1039197667797,13.585665413764698,-34.545218654236166,6.756888004869083e-20
1786740415.1380858,resting,fast,1786740414.1227374,-459.2098005135199,-181.3162142827233,701.6695626406763,13.598716071204588,-34.440735038514276,6.697362768289608e-20
1786740415.1664178,resting,fast,1786740414.1227374,-459.44703410959073,-180.71890245092538,693.4957323066783,13.55391768381968,-34.45852755821959,6.755372493981168e-20
1786740415.1948378,resting,fast,1786740414.1227374,-456.4795630297567,-179.92401275539305,691.8489158538359,13.49430095665453,-34.235967227232024,6.736717669720063e-20
1786740415.2233598,resting,fast,1786740414.1227374,-454.6186191984607,-182.20762968456359,692.406441618924,13.665572226342551,-34.096396439884636,6.751409493612e-20
1786740415.2533321,resting,fast,1786740414.1227374,-459.01271499727227,-183.98687055798257,709.3532555598067,13.799015291848907,-34.42595362479546,6.840444610474107e-20
1786740415.280094,resting,fast,1786740414.1227374,-457.1701492507459,-182.85183344327038,709.4418456911126,13.71388750824546,-34.28776119380609,6.80409226377757e-20
1786740415.3084621,resting,fast,1786740414.1227374,-456.9754763125984,-182.806069904448,705.0477804227821,13.710455242833834,-34.27316072344507,6.790665933561356e-20
1786740415.337003,resting,fast,1786740414.1227374,-453.6041808974828,-182.5441810715181,696.3751829241965,13.690813580364019,-34.02031356731146,6.70654513910028e-20
1786740415.3653,resting,fast,1786740414.1227374,-458.0230225992341,-182.60242429574157,697.7402200685628,13.695181822180825,-34.351726694942776,6.759782286842098e-20
1786740415.3938599,resting,fast,1786740414.1227374,-458.5158081628824,-181.7897419650575,700.1758917751504,13.63423064737955,-34.38868561221639,6.806138853391901e-20
1786740415.4221342,resting,fast,1786740414.1227374,-460.6268222210315,-181.4653790465867,708.4034907996347,13.609903428494281,-34.54701166657763,6.833422889853921e-20
1786740415.4503644,resting,fast,1786740414.1227374,-459.9193474836334,-181.3027811019224,713.4084817330549,13.59770858264444,-34.49395106127284,6.857714910020714e-20
1786740415.4787505,resting,fast,1786740414.1227374,-463.99195195555103,-184.05031377088096,727.0255364557715,13.803773532816212,-34.79939639666673,6.92849672857785e-20
1786740415.5074723,resting,fast,1786740414.1227374,-461.4221278994032,-179.20340225888788,723.5612948496964,13.440255169417025,-34.60665959245547,6.864385634533636e-20
1786740415.5354943,resting,fast,1786740414.1227374,-461.41722722928534,-179.15173629835022,724.0075131804988,13.436380222376524,-34.60629204219666,6.835664926006056e-20
1786740415.5640628,resting,fast,1786740414.1227374,-457.42381001325884,-176.72565198863447,707.7824645325572,13.254423899147756,-34.30678575099472,6.697473057460288e-20
1786740415.5923336,resting,fast,1786740414.1227374,-459.42808511580415,-181.41429477385702,709.0025769471868,13.606072108039495,-34.457106383685485,6.78833381299768e-20
1786740415.6211152,resting,fast,1786740414.1227374,-459.4267709536248,-183.25413762865833,707.4260095334439,13.74406032214971,-34.457007821522126,6.800642435557607e-20
1786740415.6494937,resting,fast,1786740414.1227374,-463.1893509932156,-182.35219244978077,719.6831199723756,13.676414433733644,-34.739201324491255,6.918259938446758e-20
1786740415.6775784,resting,fast,1786740414.1227374,-461.9619853049094,-180.3288858472623,716.7521019236519,13.524666438544852,-34.6471488978682,6.899304892400436e-20
1786740415.7059984,resting,fast,1786740414.1227374,-464.49371140982566,-180.83836954376795,717.1593792555159,13.562877715782701,-34.83702835573715,6.917775155863129e-20
1786740415.7345226,resting,fast,1786740414.1227374,-461.44497676077253,-182.09759093764626,713.8190584523654,13.657319320323655,-34.60837325705803,6.868207306420844e-20
1786740415.7628877,resting,fast,1786740414.1227374,-462.3695911166733,-188.00383716352633,710.8527972619104,14.10028778726468,-34.67771933375086,6.889259044030555e-20
1786740415.791227,resting,fast,1786740414.1227374,-459.41982665023943,-185.20453161750982,703.7271338883083,13.890339871313532,-34.45648699876823,6.868545302742552e-20
1786740415.8195617,resting,fast,1786740414.1227374,-458.5415059189818,-186.04258301616073,701.6635838707907,13.953193726212323,-34.39061294392383,6.861840148041743e-20
1786740415.8479855,resting,fast,1786740414.1227374,-459.45294634779884,-182.42746127848943,706.8888978806272,13.682059595886937,-34.458970976085126,6.880241128205763e-20
1786740415.8769023,resting,fast,1786740414.1227374,-459.6103157985963,-182.04392936875615,713.862342394038,13.653294702657082,-34.47077368489488,6.883049655487852e-20
1786740415.9047663,resting,fast,1786740414.1227374,-460.7620167510004,-181.29167375239967,710.0541870219677,13.596875531430161,-34.557151256325106,6.905558318716263e-20
1786740415.933217,resting,fast,1786740414.1227374,-462.1561352342628,-180.5302716545126,715.3518835799505,13.539770374088622,-34.66171014256987,6.921586189987482e-20
1786740415.961549,resting,fast,1786740414.1227374,-461.0301201117313,-179.46879885978774,717.1330872567787,13.460159914484361,-34.57725900837989,6.88540892370401e-20
1786740415.9900537,resting,fast,1786740414.1227374,-463.4948802667941,-180.09341450417037,723.375084471274,13.507006087813057,-34.762116020009685,6.879496044669189e-20
1786740416.0182037,resting,fast,1786740414.1227374,-462.0858421376083,-185.0625830673947,716.1714106685959,13.879693730054814,-34.65643816032081,6.866166849641436e-20
1786740416.0494876,resting,fast,1786740414.1227374,-462.32531891797043,-186.69520470029295,716.2695381058084,14.002140352522094,-34.67439891884797,6.890978723048825e-20
1786740416.0749497,resting,fast,1786740414.1227374,-459.1616266754263,-185.11720006220935,715.6527099687883,13.88379000466588,-34.437122000657205,6.856355806848829e-20
1786740416.1032863,resting,fast,1786740414.1227374,-457.69286493693653,-179.25532215607097,708.8572528884797,13.444149161705585,-34.32696487027047,6.805260706968694e-20
1786740416.1317616,resting,fast,1786740414.1227374,-459.6506856987594,-179.01824212142856,706.2608204944427,13.426368159107401,-34.47380142740711,6.798771683127315e-20
1786740416.1600773,resting,fast,1786740414.1227374,-459.4579568193585,-180.88977788317698,700.2934776850079,13.566733341238521,-34.459346761452274,6.776012114654029e-20
1786740416.1885035,resting,fast,1786740414.1227374,-459.5963861413411,-181.0678069462308,705.5507754232012,13.580085520967419,-34.469728960600996,6.752279281704928e-20
1786740416.2169168,resting,fast,1786740414.1227374,-458.404010306132,-181.16564963723476,708.0176641024655,13.587423722792916,-34.38030077296009,6.844869028703958e-20
1786740416.247345,resting,fast,1786740414.1227374,-458.3878049692985,-180.04738655082326,711.2911819502442,13.503553991311986,-34.379085372697524,6.904442649221052e-20
1786740416.2737253,resting,fast,1786740414.1227374,-458.342114281023,-179.5435210736846,710.9713328016878,13.465764080526544,-34.3756585710769,6.86873854378661e-20
1786740416.3021739,resting,fast,1786740414.1227374,-458.1874706046401,-177.91823930195142,706.5877964619949,13.343867947646583,-34.36406029534818,6.792799072168308e-20
1786740416.3305771,resting,fast,1786740414.1227374,-457.3830991410441,-174.3857289638878,701.2522277763164,13.078929672291746,-34.30373243557864,6.72984899897761e-20
1786740416.3591847,resting,fast,1786740414.1227374,-457.18775830608365,-177.71100076953087,701.526545178479,13.328325057714945,-34.289081872956565,6.853490705016459e-20
1786740416.3872683,resting,fast,1786740414.1227374,-457.37082009096684,-178.89768725922033,704.1449540569483,13.41732654444176,-34.30281150682272,6.863954420801583e-20
1786740416.4158263,resting,fast,1786740414.1227374,-460.0791204544994,-185.24895205770974,713.6582215857943,13.893671404328447,-34.50593403408769,6.959661175262705e-20
1786740416.4441624,resting,fast,1786740414.1227374,-457.46239460992456,-183.7808689008009,701.5391696250363,13.783565167560358,-34.3096795957447,6.794354135714007e-20
1786740416.4726374,resting,fast,1786740414.1227374,-456.4360805601559,-185.11121226679745,696.5653737400798,13.883340920010173,-34.23270604201193,6.770367352950695e-20
1786740416.5011103,resting,fast,1786740414.1227374,-453.9064910654556,-181.92488778236816,688.458256658384,13.644366583677854,-34.042986829909395,6.703982895257262e-20
1786740416.5293865,resting,fast,1786740414.1227374,-457.3609059712485,-184.87522832202546,705.549172707656,13.86564212415215,-34.30206794784386,6.844279057494528e-20
1786740416.5578036,resting,fast,1786740414.1227374,-457.4767249266647,-184.77551100955793,703.0764916002754,13.858163325717069,-34.31075436949989,6.901365686477293e-20
1786740416.5863485,resting,fast,1786740414.1227374,-457.4775510157069,-185.38438257958126,705.102692310501,13.903828693468807,-34.310816326178205,6.84100120587407e-20
1786740416.6151688,resting,fast,1786740414.1227374,-456.65823621803065,-182.62104170886028,701.6277196679748,13.696578128164791,-34.24936771635255,6.840696620026777e-20
1786740416.6429303,resting,fast,1786740414.1227374,-457.67060677731024,-186.15667599059998,706.6019019293335,13.961750699295091,-34.32529550829838,6.783898199632519e-20
1786740416.67133,resting,fast,1786740414.1227374,-460.02637395727015,-185.30253401468417,707.1978296931329,13.89769005110156,-34.501978046795514,6.845548810983885e-20
1786740416.699793,resting,fast,1786740414.1227374,-461.8244556373934,-186.49201277129316,702.9478001375392,13.986900957847165,-34.636834172804605,6.828049767729646e-20
1786740416.7282279,resting,fast,1786740414.1227374,-458.89065402278993,-181.39421830929177,696.8424015510509,13.604566373197041,-34.41679905170949,6.79005972866072e-20
1786740416.75659,resting,fast,1786740414.1227374,-458.44122489419897,-183.2060070059589,700.0404907056864,13.740450525447226,-34.38309186706518,6.79601912505483e-20
1786740416.7850778,resting,fast,1786740414.1227374,-454.8880229407496,-176.67755961190755,700.5038912777954,13.250816970893236,-34.11660172055646,6.799780863202273e-20
1786740416.8138247,resting,fast,1786740414.1227374,-458.67271284787375,-177.49736270647577,715.0238917642982,13.312302202985887,-34.40045346359072,6.935707632512581e-20
1786740416.8417618,resting,fast,1786740414.1227374,-457.80113773639096,-178.67699488998733,706.6492328489421,13.400774616749363,-34.3350853302295,6.963282024421521e-20
1786740416.8704662,resting,fast,1786740414.1227374,-459.998984419306,-182.30501619456516,709.0769984973194,13.672876214592545,-34.499923831448235,6.999807161899844e-20
1786740416.8986857,resting,fast,1786740414.1227374,-457.9446906546723,-181.32018441129458,697.0364230711612,13.599013830847117,-34.34585179910049,6.917556136019978e-20
1786740416.9270592,resting,fast,1786740414.1227374,-454.84820717301227,-179.75674419777818,692.4495899728709,13.481755814833488,-34.11361553797613,6.809546781117607e-20
1786740416.955319,resting,fast,1786740414.1227374,-453.4035691572385,-180.60746470149388,686.7211141660846,13.545559852612204,-34.00526768679307,6.796252213443181e-20
1786740416.9840205,resting,fast,1786740414.1227374,-453.04967213150394,-181.1263867492704,685.5085310732029,13.584479006195426,-33.9787254098629,6.781552156084869e-20
1786740417.0136235,resting,fast,1786740414.1227374,-457.2652927983204,-179.571341352103,694.4728703958626,13.467850601408006,-34.294896959874094,6.863176776350185e-20
1786740417.040483,resting,fast,1786740414.1227374,-459.4151402743869,-184.14463009112865,701.5746449127955,13.810847256835064,-34.456135520579274,6.808325473337838e-20
1786740417.0692759,resting,fast,1786740414.1227374,-460.69379131197957,-186.61837563016252,707.1029567385867,13.996378172262386,-34.552034348398685,6.89425918776849e-20
1786740417.0972798,resting,fast,1786740414.1227374,-459.2889946124842,-183.98638801842742,708.9983286825336,13.798979101382262,-34.44667459593659,6.91767511148668e-20
1786740417.1258752,resting,fast,1786740414.1227374,-457.0738311749442,-181.92747429522626,700.6519156902632,13.644560572142293,-34.28053733812108,6.978396534923372e-20
1786740417.1543465,resting,fast,1786740414.1227374,-456.48465938751815,-181.31922694422553,695.7626666837114,13.598942020817201,-34.23634945406405,6.958093909023185e-20
1786740417.1827755,resting,fast,1786740414.1227374,-457.55524956434783,-184.66180540593348,695.0805112011494,13.849635405445188,-34.31664371732635,6.939248006743839e-20
1786740417.2118595,resting,fast,1786740414.1227374,-458.4084616528771,-182.8662428946302,702.3690901030386,13.714968217097603,-34.38063462396613,6.900853687952318e-20
1786740417.2393677,resting,fast,1786740414.1227374,-461.6110249314356,-179.69494749715045,713.0776439044712,13.47712106228651,-34.62082686985772,6.85493780221355e-20
1786740417.2679756,resting,fast,1786740414.1227374,-460.8380436608509,-178.59878671988042,717.4221947649776,13.394909003991362,-34.56285327456406,6.913124139608645e-20
1786740417.2962313,resting,fast,1786740414.1227374,-465.9551821378054,-180.61841262496262,734.5416919362306,13.5463809468724,-34.94663866033561,7.042008420030217e-20
1786740417.3244498,resting,fast,1786740414.1227374,-462.95757650331007,-182.927151486022,728.5440605594013,13.719536361451755,-34.721818237748536,7.04038216073171e-20
1786740417.3529725,resting,fast,1786740414.1227374,-462.0245107888759,-184.3600653314436,721.0422472985992,13.82700489985869,-34.65183830916581,6.927211522541232e-20
1786740417.3812587,resting,fast,1786740414.1227374,-458.56480224612187,-182.8951514849581,708.3839257718955,13.717136361372045,-34.39236016845938,6.855157390305884e-20
1786740417.41089,resting,fast,1786740414.1227374,-459.7916685207465,-183.42370717566985,707.3626273288855,13.756778038175252,-34.48437513905615,6.846214766462011e-20
1786740417.4383063,resting,fast,1786740414.1227374,-459.3307000017203,-182.90432880491142,715.1378366739336,13.717824660368546,-34.449802500129174,6.820866362018214e-20
1786740417.4667299,resting,fast,1786740414.1227374,-457.9255296266615,-179.47109740493102,707.0566262133889,13.46033230537007,-34.344414721999954,6.690208811524744e-20
1786740417.4949143,resting,fast,1786740414.1227374,-459.1322034377099,-178.8977514184603,712.4081072772433,13.41733135638469,-34.434915257828415,6.753063352389862e-20
1786740417.523206,resting,fast,1786740414.1227374,-459.6391046849626,-177.10969770460076,702.5716632253916,13.283227327845157,-34.47293285137243,6.789307325260801e-20
1786740417.5518813,resting,fast,1786740414.1227374,-461.34438061844094,-181.31644937716726,708.759710962222,13.598733703287845,-34.600828546383354,6.869709660611279e-20
1786740417.579936,resting,fast,1786740414.1227374,-460.49961159717486,-181.23238582356282,712.7166899624735,13.592428936767401,-34.53747086978836,6.895329324843937e-20
1786740417.6084542,resting,fast,1786740414.1227374,-461.33334763515313,-182.19221481907505,711.057043067336,13.664416111430935,-34.60000107263661,6.897267196426917e-20
1786740417.6368437,resting,fast,1786740414.1227374,-459.898960274983,-182.0130078204969,714.5384151864746,13.650975586537559,-34.49242202062392,6.94091448240724e-20
1786740417.6653569,resting,fast,1786740414.1227374,-461.20076941138814,-186.7488726893488,712.367402721542,14.006165451701367,-34.59005770585425,6.965866680999311e-20
1786740417.6939564,resting,fast,1786740414.1227374,-460.5767455744708,-187.440466108823,718.8903789251026,14.05803495816178,-34.54325591808546,6.9879924119227e-20
1786740417.722234,resting,fast,1786740414.1227374,-460.1339843029018,-184.4983467963807,715.4763946540243,13.837376009728803,-34.51004882271787,6.889502140962633e-20
1786740417.7505016,resting,fast,1786740414.1227374,-459.56056081464885,-180.72435370878145,717.9181477040675,13.554326528158956,-34.46704206109892,6.901062894795984e-20
1786740417.7787433,resting,fast,1786740414.1227374,-457.96450150362307,-183.35868750761927,710.7737649523733,13.75190156307153,-34.34733761277192,6.901712013826545e-20
1786740417.8071215,resting,fast,1786740414.1227374,-457.49615898159755,-182.8833321286587,706.3246240557582,13.71624990964963,-34.31221192361992,6.883382589860365e-20
1786740417.8356557,resting,fast,1786740414.1227374,-455.00821113014626,-182.0350792749341,706.8555641758321,13.652630945620277,-34.125615834761206,6.892275603780698e-20
1786740417.8640475,resting,fast,1786740414.1227374,-458.6656815175984,-179.0420111730774,713.9915804026377,13.428150837980962,-34.39992611382005,6.910135033898069e-20
1786740417.8923843,resting,fast,1786740414.1227374,-460.33748041580566,-179.55175785649863,716.8393943786396,13.466381839237567,-34.52531103118569,6.99448422931438e-20
1786740417.9207926,resting,fast,1786740414.1227374,-460.36996139333223,-178.69087888619185,708.1445778269162,13.401815916464653,-34.52774710450016,6.883439500733386e-20
1786740417.9492009,resting,fast,1786740414.1227374,-457.3709076856744,-177.07331988235717,702.4156035969481,13.280498991177037,-34.302818076425744,6.837875666441752e-20
1786740417.9775324,resting,fast,1786740414.1227374,-452.9614521455678,-177.17921967955942,693.8962636866054,13.28844147596713,-33.972108910917775,6.742667511000174e-20
1786740418.0060582,resting,fast,1786740414.1227374,-453.31869852056116,-178.01978668999266,691.8472287056138,13.3514840017497,-33.99890238904221,6.732381702626465e-20
1786740418.0371935,resting,fast,1786740414.1227374,-454.14156248389327,-181.2546533964187,691.793654425328,13.594099004731536,-34.06061718629205,6.738860808475508e-20
1786740418.0626938,resting,fast,1786740414.1227374,-456.88419906843137,-183.95616077964007,696.7426333517697,13.796712058473222,-34.26631493013263,6.79828302120016e-20
1786740418.0913732,resting,fast,1786740414.1227374,-456.283894381389,-182.46279976209814,696.8802921441438,13.684709982157525,-34.22129207860431,6.776422699634209e-20
1786740418.1194887,resting,fast,1786740414.1227374,-456.8921892446974,-181.5915090780037,707.9778648257206,13.61936318085053,-34.2669141933525,6.84119428921864e-20
1786740418.1478436,resting,fast,1786740414.1227374,-457.9667184464074,-178.77800044500339,709.0608689325418,13.408350033375537,-34.34750388348069,6.869478664249201e-20
1786740418.1762795,resting,fast,1786740414.1227374,-458.1216655408707,-177.54804007443647,705.8989068283427,13.316103005583013,-34.35912491556551,6.895910762897327e-20
1786740418.2047803,resting,fast,1786740414.1227374,-459.0931253448125,-177.65388734341434,699.9272756181008,13.324041550756238,-34.431984400861204,6.880814704907257e-20
1786740418.2355282,resting,fast,1786740414.1227374,-457.51183311583964,-179.57833885413197,698.075228259826,13.468375414060066,-34.31338748368825,6.842072975817732e-20
1786740418.2616584,resting,fast,1786740414.1227374,-458.67794169649096,-182.7718611167969,708.2305419926297,13.707889583760075,-34.40084562723708,6.873196736914483e-20
1786740418.2900817,resting,fast,1786740414.1227374,-459.6102447317935,-184.16370262502426,710.626257134566,13.812277696877064,-34.47076835488459,6.864961466102249e-20
1786740418.3183415,resting,fast,1786740414.1227374,-462.36657308130725,-182.05282123315328,723.5331658713776,13.653961592486777,-34.6774929810983,6.959263417166237e-20
1786740418.34661,resting,fast,1786740414.1227374,-461.9009796253149,-181.92588201017395,714.174425177428,13.64444115076326,-34.642573471898864,6.961790163079519e-20
1786740418.375264,resting,fast,1786740414.1227374,-458.8002239964253,-178.8752128850798,708.6071133193291,13.415640966381215,-34.41001679973209,6.994006837035176e-20
1786740418.4035115,resting,fast,1786740414.1227374,-457.6800625994265,-179.7921189869578,700.2548006034876,13.484408924021832,-34.32600469495729,6.992625546426394e-20
1786740418.434735,resting,fast,1786740414.1227374,-459.6289567220174,-177.77218910800264,714.0640904412412,13.332914183100396,-34.47217175415145,6.961915308981766e-20
1786740418.4607909,resting,fast,1786740414.1227374,-459.3665298240626,-177.26988443498624,715.243781556157,13.295241332624183,-34.452489736804736,6.920841633238046e-20
1786740418.4890983,resting,fast,1786740414.1227374,-458.1082274698924,-176.161187665346,711.2535345947435,13.212089074901233,-34.358117060241945,6.846260340853711e-20
1786740418.5173566,resting,fast,1786740414.1227374,-454.0430664142473,-174.78702602071223,705.8910631479976,13.10902695155362,-34.05322998106863,6.804947431425314e-20
1786740418.545647,resting,fast,1786740414.1227374,-453.50967187045626,-176.89856930489225,700.8837518749533,13.267392697867148,-34.01322539028445,6.722766335186594e-20
1786740418.574117,resting,fast,1786740414.1227374,-454.31037184519255,-177.9785890714994,704.2158413451325,13.348394180362643,-34.07327788838956,6.737709834636565e-20
1786740418.6027126,resting,fast,1786740414.1227374,-456.67400772109613,-183.86419978547076,697.1856827052625,13.789814983910592,-34.25055057908245,6.759574760214575e-20
1786740418.6333067,resting,fast,1786740414.1227374,-458.5277907344839,-181.69745240951215,702.2874320633882,13.627308930713486,-34.389584305086274,6.840812933323446e-20
1786740418.6592054,resting,fast,1786740414.1227374,-459.75150153468303,-181.63883862403702,714.2833115672065,13.62291289680297,-34.48136261510141,6.890567919519921e-20
1786740418.687865,resting,fast,1786740414.1227374,-457.7143761275843,-177.75233557700858,710.7128917703312,13.331425168275945,-34.32857820956912,6.884892321062254e-20
1786740418.7158124,resting,fast,1786740414.1227374,-458.75320214238127,-178.70306294917805,716.2755413539262,13.40272972118849,-34.406490160678935,6.856235770355119e-20
1786740418.7442527,resting,fast,1786740414.1227374,-461.06550266975773,-178.49036141874308,714.8517255997867,13.386777106405898,-34.57991270023189,6.87265919755129e-20
1786740418.7727757,resting,fast,1786740414.1227374,-464.7612010183143,-178.94738319199757,723.2509112864645,13.421053739399976,-34.85709007637361,6.881436119433942e-20
1786740418.800963,resting,fast,1786740414.1227374,-462.8138858645948,-178.78864972913482,718.0225695987065,13.409148729685338,-34.71104143984478,6.888601463418675e-20
1786740418.829891,resting,fast,1786740414.1227374,-458.40794379074714,-180.1750148747699,707.7746964069584,13.513126115607935,-34.38059578430614,6.796074662390715e-20
1786740418.8579466,resting,fast,1786740414.1227374,-454.2825291615691,-182.85148758770265,701.851665911403,13.713861569078016,-34.07118968711776,6.737455370613754e-20
1786740418.8862565,resting,fast,1786740414.1227374,-455.02087091013664,-182.79204552832573,701.4603820529692,13.709403414624557,-34.12656531826044,6.760345791225547e-20
1786740418.914613,resting,fast,1786740414.1227374,-458.12051376512863,-182.62350785227466,707.5887161672172,13.696763088920829,-34.35903853238491,6.813076431133568e-20
1786740418.9432352,resting,fast,1786740414.1227374,-459.9291451104077,-179.91460667423917,715.7788487827311,13.493595500568151,-34.49468588328076,6.924863064548349e-20
1786740418.9715261,resting,fast,1786740414.1227374,-460.58781279657114,-183.15647448701918,711.5800370996603,13.736735586526581,-34.544085959743164,6.892860003464676e-20
1786740418.9997873,resting,fast,1786740414.1227374,-458.01709764573707,-182.75359947666016,703.4449667778936,13.706519960749748,-34.35128232343064,6.843108729017621e-20
1786740419.0283523,resting,fast,1786740414.1227374,-458.80598087736644,-183.48038480743367,703.0960257611641,13.761028860557705,-34.4104485658027,6.785490083604486e-20
1786740419.056641,resting,fast,1786740414.1227374,-460.39788851268895,-185.02635712396716,708.7815879099198,13.876976784297721,-34.52984163845184,6.857914064182383e-20
1786740419.085093,resting,fast,1786740414.1227374,-462.30342401578446,-185.7225400216788,710.2606251869256,13.929190501626085,-34.672756801184164,6.880338426209944e-20
1786740419.1135938,resting,fast,1786740414.1227374,-464.7733392576347,-186.8832749228635,711.3226378020881,14.016245619214967,-34.85800044432278,6.931819795466589e-20
1786740419.1423838,resting,fast,1786740414.1227374,-463.5520265422292,-186.89542636593796,705.831463465518,14.017156977445541,-34.76640199066743,6.842299423931849e-20
1786740419.1706128,resting,fast,1786740414.1227374,-464.0086981302793,-189.419293064886,702.3843047235496,14.206446979866772,-34.80065235977132,6.807736864610936e-20
1786740419.198841,resting,fast,1786740414.1227374,-458.1861215330973,-189.19092184300996,691.4442806659954,14.189319138226036,-34.36395911498252,6.66259472405737e-20
1786740419.2274032,resting,fast,1786740414.1227374,-456.6438753751936,-183.85356105273718,698.5454149525749,13.789017078955506,-34.24829065313966,6.655692167678022e-20
1786740419.2590356,resting,fast,1786740414.1227374,-454.1140177696375,-182.21254823872937,702.4058677733447,13.665941117904975,-34.058551332722985,6.676492537663142e-20
1786740419.2840157,resting,fast,1786740414.1227374,-457.3548798495531,-182.22142208783282,705.6838283656143,13.666606656587572,-34.30161598871658,6.757295801138035e-20
1786740419.3124793,resting,fast,1786740414.1227374,-459.693867106731,-183.16241061319067,703.5520943819411,13.737180795989456,-34.477040033005075,6.824621966241073e-20
1786740419.3406534,resting,fast,1786740414.1227374,-460.2660581555374,-182.0209828179626,704.7612397100565,13.651573711347378,-34.519954361665555,6.868312769987936e-20
1786740419.3692212,resting,fast,1786740414.1227374,-459.1666792206779,-180.49546413933683,702.0314046449766,13.537159810450472,-34.43750094155108,6.850994903740295e-20
1786740419.39763,resting,fast,1786740414.1227374,-457.3747301494277,-180.7215243438917,708.1762867944708,13.554114325791954,-34.30310476120723,6.869232492127946e-20
1786740419.4262574,resting,fast,1786740414.1227374,-457.4965895919131,-180.53177584740217,699.9117670366768,13.539883188555347,-34.31224421939362,6.815381754183361e-20
1786740419.4544415,resting,fast,1786740414.1227374,-461.1570450560216,-184.67826865629422,712.956751944992,13.850870149222356,-34.586778379201746,6.929933951208492e-20
1786740419.4828763,resting,fast,1786740414.1227374,-463.1074782409837,-186.20544299645803,706.4124632148969,13.965408224734656,-34.73306086807391,6.894759137645042e-20
1786740419.5110192,resting,fast,1786740414.1227374,-463.062737477615,-189.40278949420724,708.6366290775713,14.20520921206565,-34.72970531082136,6.841964815242499e-20
1786740419.5395331,resting,fast,1786740414.1227374,-459.6997942344192,-185.33155724559174,699.4145332179678,13.899866793419715,-34.4774845675816,6.730529376590909e-20
1786740419.5680382,resting,fast,1786740414.1227374,-454.9781898868414,-184.9803391905234,699.0958126887199,13.873525439289434,-34.123364241513436,6.684978801175015e-20
1786740419.5962338,resting,fast,1786740414.1227374,-454.65095106707486,-182.1503959030979,703.6078061986409,13.66127969273241,-34.09882133003073,6.707026169294402e-20
1786740419.624684,resting,fast,1786740414.1227374,-456.3059661745697,-182.12327312247953,707.5231883550969,13.659245484186155,-34.22294746309296,6.751211906146799e-20
1786740419.653087,resting,fast,1786740414.1227374,-462.5538373956083,-181.7992764600524,716.8623945879935,13.634945734504132,-34.69153780467072,6.832488362918299e-20
1786740419.6813257,resting,fast,1786740414.1227374,-464.4821372184033,-183.46035031316262,727.113253104546,13.75952627348737,-34.83616029138069,6.947638920843952e-20
1786740419.7097805,resting,fast,1786740414.1227374,-464.4612017272848,-182.88197848513516,724.7949465998736,13.71614838638553,-34.834590129546385,6.966571941021402e-20
1786740419.738245,resting,fast,1786740414.1227374,-460.26038351810894,-181.44209876406944,715.2809328214844,13.608157407305324,-34.51952876385825,6.93503637422173e-20
1786740419.7664993,resting,fast,1786740414.1227374,-459.36058402315075,-178.73758032527223,703.3965337762083,13.405318524395543,-34.452043801736615,6.868249221339536e-20
1786740419.7951753,resting,fast,1786740414.1227374,-458.6231408266849,-179.0985087932031,707.4289955447712,13.432388159490483,-34.39673556200152,6.840443084285637e-20
1786740419.8234005,resting,fast,1786740414.1227374,-459.61380488592613,-180.91265909422373,708.2487709602356,13.568449432066966,-34.47103536644456,6.85504388666421e-20
1786740419.851764,resting,fast,1786740414.1227374,-460.2103499700552,-181.0481045711398,715.3823597584014,13.578607842835726,-34.515776247754296,6.920502311311526e-20
1786740419.880212,resting,fast,1786740414.1227374,-459.34619752198114,-181.82324928651508,712.9830452175611,13.636743696488818,-34.45096481414871,6.922623999724572e-20
1786740419.908599,resting,fast,1786740414.1227374,-460.3506246696611,-180.84034134737362,711.781211835646,13.56302560105318,-34.526296850224625,6.89909605612756e-20
1786740419.9369648,resting,fast,1786740414.1227374,-457.18411401483627,-179.05968003802593,698.628991176095,13.429476002852024,-34.288808551112936,6.812159392913811e-20
1786740419.965487,resting,fast,1786740414.1227374,-459.32792860656355,-177.52991545307384,701.392327503384,13.314743658980912,-34.44959464549255,6.832609354537762e-20
1786740419.9936466,resting,fast,1786740414.1227374,-459.3965492290363,-180.3238686026757,704.4187041529049,13.524290145201075,-34.454741192177764,6.832704986987953e-20
1786740420.0240817,resting,fast,1786740414.1227374,-460.7426222597287,-183.57204549382664,711.4804353801519,13.767903412037189,-34.55569666947975,6.809793685365819e-20
1786740420.0506673,resting,fast,1786740414.1227374,-458.8890060511594,-182.7120850012011,711.3708096303217,13.703406375090307,-34.41667545383707,6.816172517357957e-20
1786740420.078909,resting,fast,1786740414.1227374,-457.330217706085,-179.13157289613332,715.3120575531148,13.434867967210135,-34.299766327956746,6.845865691105973e-20
1786740420.1074328,resting,fast,1786740414.1227374,-461.37236635258296,-179.7493033490697,720.9988600601382,13.48119775118047,-34.60292747644392,6.959437138356439e-20
1786740420.1359134,resting,fast,1786740414.1227374,-459.6710525738822,-180.1823227166417,711.0654761034175,13.51367420374844,-34.475328943041326,6.88516241458362e-20
1786740420.1642509,resting,fast,1786740414.1227374,-459.6776659634179,-180.50936428064244,701.4800132622731,13.538202321048399,-34.47582494725639,6.799328668335797e-20
1786740420.1926818,resting,fast,1786740414.1227374,-457.03554820562067,-178.37834007908043,697.388296211233,13.378375505931235,-34.277666115421646,6.776093849925695e-20
1786740420.223102,resting,fast,1786740414.1227374,-458.04118234276393,-181.20988910775077,701.2945209497675,13.5907416830816,-34.35308867570761,6.783608824698393e-20
1786740420.249662,resting,fast,1786740414.1227374,-458.9746588420894,-180.55438966401368,712.4760525641977,13.541579224801342,-34.423099413156976,6.851619935103288e-20
1786740420.2781022,resting,fast,1786740414.1227374,-460.82592396320797,-183.6828021030501,711.8910513881519,13.776210157729036,-34.56194429724077,6.810672811506623e-20
1786740420.306254,resting,fast,1786740414.1227374,-459.8738481302803,-181.67107283325424,708.8865146538155,13.625330462494372,-34.490538609771235,6.825159602399011e-20
1786740420.3347642,resting,fast,1786740414.1227374,-458.5974779921153,-184.25695158023268,699.3911343497475,13.819271368517565,-34.39481084940887,6.796641382119358e-20
1786740420.3630774,resting,fast,1786740414.1227374,-454.7486303464093,-181.30788277053625,695.0485487976703,13.598091207790478,-34.106147275980966,6.769267191671875e-20
1786740420.3914185,resting,fast,1786740414.1227374,-456.5055785761906,-181.8410292718777,702.9308581054065,13.638077195391137,-34.23791839321439,6.833011894113165e-20
1786740420.4208252,resting,fast,1786740414.1227374,-456.44237446363013,-179.36151999597178,704.577575091862,13.452113999698145,-34.23317808477246,6.814170333942257e-20
1786740420.4481926,resting,fast,1786740414.1227374,-457.2546625142636,-182.33889403052274,704.079218052032,13.675417052289443,-34.29409968857004,6.83719126101442e-20
1786740420.4768262,resting,fast,1786740414.1227374,-458.9770976435875,-183.0044340282817,701.8741176030871,13.725332552121326,-34.42328232326906,6.828161608886416e-20
1786740420.5050318,resting,fast,1786740414.1227374,-459.3412324073324,-184.64504412984877,699.7166090200353,13.84837830973883,-34.450592430550195,6.873160337551735e-20
1786740420.5336363,resting,fast,1786740414.1227374,-459.61473086547085,-181.49109811001665,698.4503835651531,13.611832358251323,-34.47110481491048,6.82924131719737e-20
1786740420.561846,resting,fast,1786740414.1227374,-457.381301301094,-180.7402635833082,693.1997508248787,13.5555197687484,-34.30359759758231,6.740774979188478e-20
1786740420.5902622,resting,fast,1786740414.1227374,-459.1199109504332,-181.1455447929502,697.9104393333237,13.58591585947143,-34.43399332128263,6.750176648226161e-20
1786740420.6189816,resting,fast,1786740414.1227374,-458.77195032626605,-183.98056305882267,700.1005039884894,13.798542229411968,-34.40789627447007,6.816651014042294e-20
1786740420.6470208,resting,fast,1786740414.1227374,-459.55333272723783,-184.80191207724613,705.354280976223,13.860143405793881,-34.466499954542996,6.893082286929027e-20
1786740420.6755579,resting,fast,1786740414.1227374,-456.7980308053084,-181.09787994403587,706.3276356850765,13.582340995802927,-34.259852310398436,6.861785557243119e-20
1786740420.703757,resting,fast,1786740414.1227374,-457.7792216287344,-178.94980404910802,707.7160525923409,13.421235303683513,-34.33344162215539,6.795553718994258e-20
1786740420.7321343,resting,fast,1786740414.1227374,-458.3315607886607,-176.28636014714016,709.618439091857,13.221477011035756,-34.37486705914974,6.800761181120591e-20
1786740420.7607963,resting,fast,1786740414.1227374,-459.51792920686876,-180.8782975021212,705.8378801320032,13.565872312659327,-34.463844690515366,6.762317073028305e-20
1786740420.7889006,resting,fast,1786740414.1227374,-459.15832851029745,-180.24148085550826,711.2293217170181,13.518111064163353,-34.436874638272556,6.835918134762127e-20
1786740420.818598,resting,fast,1786740414.1227374,-459.0733329546397,-183.45425295115263,708.5781123479446,13.759068971336543,-34.43049997159808,6.852785144250277e-20
1786740420.845769,resting,fast,1786740414.1227374,-461.0103616010879,-185.024494591966,708.8871552592582,13.876837094397654,-34.57577712008191,6.931500072115896e-20
1786740420.873992,resting,fast,1786740414.1227374,-461.10235196084295,-186.38446708853712,703.2203659465958,13.978835031640482,-34.58267639706341,6.879496610760579e-20
1786740420.9023752,resting,fast,1786740414.1227374,-460.7921551591262,-185.66743707948103,703.307420706542,13.925057780961343,-34.559411636934676,6.878939070896446e-20
1786740420.9307606,resting,fast,1786740414.1227374,-459.30404066919755,-181.25632870924494,701.9702206349784,13.59422465319361,-34.44780305018991,6.863925306235733e-20
1786740420.9591918,resting,fast,1786740414.1227374,-458.94371849254003,-181.58912885459551,704.6085638664063,13.619184664094913,-34.420778886940745,6.885715579137575e-20
1786740420.9877768,resting,fast,1786740414.1227374,-458.7145240639543,-181.7344742507796,705.676832474448,13.630085568808727,-34.403589304796796,6.859563411654528e-20
1786740421.0173826,resting,fast,1786740414.1227374,-461.36598501144135,-186.01930111119646,715.8656524087601,13.951447583340059,-34.60244887585826,6.924974265669496e-20
1786740421.044439,resting,fast,1786740414.1227374,-462.700069503981,-184.65599100652287,710.9026629584814,13.849199325489362,-34.702505212798826,6.890096247620976e-20
1786740421.0728602,resting,fast,1786740414.1227374,-464.6443612269236,-185.85652190501537,714.4746573928596,13.939239142876392,-34.848327092019666,6.86674863257112e-20
1786740421.1011944,resting,fast,1786740414.1227374,-462.4468951256622,-185.10276099015402,706.7717215943267,13.882707074261706,-34.68351713442498,6.756896264070005e-20
1786740421.1295035,resting,fast,1786740414.1227374,-459.88446015996533,-184.86531026423916,706.284165691779,13.864898269818188,-34.4913345119978,6.796550489991036e-20
1786740421.1578207,resting,fast,1786740414.1227374,-457.61068539903044,-184.06866750025608,699.9421424924567,13.805150062519491,-34.32080140492759,6.791979178341879e-20
1786740421.1862502,resting,fast,1786740414.1227374,-456.1530858692395,-181.88828827702991,696.2331043059603,13.641621620777503,-34.2114814401931,6.790489050922069e-20
1786740421.2147017,resting,fast,1786740414.1227374,-459.1682387979108,-182.04036354412358,707.2314520482178,13.653027265809481,-34.437617909843496,6.866685111901908e-20
1786740421.2430491,resting,fast,1786740414.1227374,-457.12111065748513,-180.67456696871125,702.5361184933499,13.550592522653599,-34.28408329931148,6.834094514090008e-20
1786740421.271476,resting,fast,1786740414.1227374,-461.2356176846115,-180.89684761386627,709.4682600020788,13.567263571040247,-34.59267132634614,6.875963786940434e-20
1786740421.2999284,resting,fast,1786740414.1227374,-459.38983438041123,-182.88825682913705,702.0354483081155,13.716619262185464,-34.454237578531064,6.785668660908464e-20
1786740421.3284438,resting,fast,1786740414.1227374,-461.5188271764596,-184.26199042636586,699.927787292725,13.819649281977558,-34.61391203823474,6.85922558528802e-20
1786740421.356729,resting,fast,1786740414.1227374,-458.7148775738824,-186.61999196050215,692.3498650279989,13.996499397037969,-34.40361581804136,6.933303537586627e-20
1786740421.3851671,resting,fast,1786740414.1227374,-460.19104138892226,-187.51925069969843,695.7835722893687,14.063943802477642,-34.51432810416933,6.96400801880317e-20
1786740421.4170957,resting,fast,1786740414.1227374,-461.4109311152215,-187.27777947509685,707.0369645844503,14.045833460632377,-34.60581983364195,6.976999491037162e-20
1786740421.4418323,resting,fast,1786740414.1227374,-459.83760253215223,-185.52799728783373,705.4591248509496,13.914599796587733,-34.48782018991171,6.856418717133805e-20
1786740421.4702432,resting,fast,1786740414.1227374,-458.9501261529972,-181.92913545969623,698.5924510436325,13.644685159477536,-34.421259461475046,6.80295923103143e-20
1786740421.4986215,resting,fast,1786740414.1227374,-458.29090309886715,-181.5922999919104,695.855391528502,13.619422499393476,-34.3718177324152,6.733449262562881e-20
1786740421.527248,resting,fast,1786740414.1227374,-459.29237991475566,-180.43027341315963,695.2887004315153,13.532270505987118,-34.44692849360682,6.778759494089886e-20
1786740421.5555243,resting,fast,1786740414.1227374,-458.2946920426507,-182.55964488072254,695.1376059230488,13.691973366054501,-34.372101903198924,6.791683240723285e-20
1786740421.5839162,resting,fast,1786740414.1227374,-457.4239473722396,-182.88701379103395,695.2451639764713,13.716526034327753,-34.30679605291807,6.883868982306735e-20
1786740421.6154606,resting,fast,1786740414.1227374,-460.9616725628921,-185.75479183631114,705.5701979873738,13.931609387723544,-34.57212544221709,6.8656128615985e-20
1786740421.6406631,resting,fast,1786740414.1227374,-463.29758645661104,-186.32777204847014,713.716753205349,13.974582903635461,-34.747318984245986,6.931281417732243e-20
1786740421.6691945,resting,fast,1786740414.1227374,-464.1342944440062,-186.775680077414,712.8954982479245,14.008176005806359,-34.81007208330056,6.90352591999972e-20
1786740421.6977427,resting,fast,1786740414.1227374,-461.3561114954223,-184.36896516951106,711.4442226240772,13.827672387713495,-34.60170836215678,6.940968455457546e-20
1786740421.726041,resting,fast,1786740414.1227374,-457.673612115967,-180.47936566509338,699.992131284529,13.535952424882165,-34.325520908697705,6.845127367080133e-20
1786740421.75442,resting,fast,1786740414.1227374,-459.7782670766619,-179.70622001940797,704.0427698633957,13.477966501455857,-34.48337003074985,6.814057635396634e-20
1786740421.7827914,resting,fast,1786740414.1227374,-458.7007338968351,-179.5003788513808,704.1277630814839,13.462528413853736,-34.40255504226284,6.85274515402514e-20
1786740421.8116405,resting,fast,1786740414.1227374,-460.21813428362475,-180.2525016234846,709.4037779777336,13.518937621761562,-34.51636007127186,6.874398650980768e-20
1786740421.8395941,resting,fast,1786740414.1227374,-456.6669176616224,-180.33566475149507,700.6530052050812,13.525174856362373,-34.25001882462187,6.8232383580487e-20
1786740421.8680704,resting,fast,1786740414.1227374,-456.5226502565092,-178.56533291794733,698.8200010723885,13.392399968846181,-34.23919876923839,6.787883661692047e-20
1786740421.896284,resting,fast,1786740414.1227374,-457.0693668277713,-180.61454023612646,695.2031732676169,13.54609051770976,-34.28020251208314,6.783938008557968e-20
1786740421.924642,resting,fast,1786740414.1227374,-457.56881380984396,-180.41868527520512,699.4715209482565,13.531401395640632,-34.31766103573858,6.866094587414569e-20
1786740421.9535062,resting,fast,1786740414.1227374,-459.6552031535043,-181.6518315028369,700.7003747514036,13.62388736271291,-34.47414023651286,6.840208198099412e-20
1786740421.9816036,resting,fast,1786740414.1227374,-460.90082294088006,-181.87507937779117,708.8428233598588,13.640630953334469,-34.567561720566296,6.878665595872523e-20
1786740422.010202,resting,fast,1786740414.1227374,-461.57592110057067,-181.0754640628869,711.3634706909234,13.580659804716841,-34.618194082543,6.845057239462785e-20
1786740422.0383978,resting,fast,1786740414.1227374,-461.29362845670585,-184.52332598254839,714.7503663584585,13.839249448691294,-34.59702213425311,6.897611897743755e-20
1786740422.0666635,resting,fast,1786740414.1227374,-459.8380379177315,-184.65448201881372,714.9071130754037,13.849086151411267,-34.487852843829955,6.969460970511788e-20
1786740422.0951147,resting,fast,1786740414.1227374,-459.480843481193,-184.354208895929,709.5974384161427,13.826565667194796,-34.46106326108979,6.945664991127433e-20
1786740422.1234357,resting,fast,1786740414.1227374,-457.05295857416877,-180.1521227198922,699.8368904799372,13.51140920399222,-34.27897189306275,6.83755029463449e-20
1786740422.151934,resting,fast,1786740414.1227374,-456.3973803952749,-179.99709614266737,692.8734620617397,13.499782210700328,-34.22980352964586,6.721936307889414e-20
1786740422.1801777,resting,fast,1786740414.1227374,-460.25775609953735,-182.57818992513296,704.7267112585623,13.693364244385155,-34.51933170746543,6.820432560458785e-20
1786740422.2092178,resting,fast,1786740414.1227374,-461.186956459509,-185.09799780436674,704.8115453079517,13.882349835327663,-34.58902173446324,6.8383733989936e-20
1786740422.2371347,resting,fast,1786740414.1227374,-461.2602302942141,-184.92173148390134,709.0875117263076,13.869129861292759,-34.5945172720663,6.875033587156727e-20
1786740422.2658007,resting,fast,1786740414.1227374,-458.4211562712876,-184.2777831622126,704.9767409393771,13.820833737166243,-34.38158672034682,6.840082966405026e-20
1786740422.29387,resting,fast,1786740414.1227374,-459.37954229535353,-182.3815586848442,708.7764733383392,13.678616901363522,-34.453465672151665,6.898997827537661e-20
1786740422.3223748,resting,fast,1786740414.1227374,-461.18519911614203,-183.50602965725227,709.6956293014473,13.762952224294015,-34.588889933710966,6.90402429751655e-20
1786740422.3507833,resting,fast,1786740414.1227374,-461.25668165222896,-181.86351676574407,708.8876798418623,13.6397637574312,-34.59425112391746,6.860262474815369e-20
1786740422.3793547,resting,fast,1786740414.1227374,-460.6615455617298,-181.62232554506932,711.7636147506182,13.62167441588041,-34.54961591712993,6.846100219239991e-20
1786740422.4099,resting,fast,1786740414.1227374,-458.599702996853,-182.24225348218317,706.7786994007593,13.668169011163886,-34.39497772476408,6.838296350604342e-20
1786740422.4357722,resting,fast,1786740414.1227374,-458.9290002227017,-183.1481132156615,711.9182721787984,13.73610849117485,-34.419675016702925,6.897967693463575e-20
1786740422.4643776,resting,fast,1786740414.1227374,-458.13697239977,-182.4905962613792,708.2803518657929,13.686794719603729,-34.360272929982926,6.915694078053336e-20
1786740422.492612,resting,fast,1786740414.1227374,-458.84065017023477,-179.38772702904055,710.3674424391384,13.454079527178418,-34.413048762767865,6.899928560046832e-20
1786740422.5211406,resting,fast,1786740414.1227374,-457.30966835900017,-180.7308612300534,699.7567362223745,13.554814592254143,-34.29822512692513,6.879948437597308e-20
1786740422.5499275,resting,fast,1786740414.1227374,-459.0387075984877,-182.90389680350313,701.1351827934486,13.717792260262822,-34.42790306988674,6.877848472941719e-20
1786740422.5780663,resting,fast,1786740414.1227374,-457.99082228215593,-184.90871356523496,700.883637410132,13.868153517392717,-34.34931167116182,6.876129594931753e-20
1786740422.6062083,resting,fast,1786740414.1227374,-458.6826980370929,-183.07200575542038,705.0531836752361,13.730400431656836,-34.40120235278222,6.867011487874493e-20
1786740422.634935,resting,fast,1786740414.1227374,-461.5002870014673,-183.350135458689,714.6895848930671,13.751260159401927,-34.61252152511024,6.919867378408637e-20
1786740422.6631784,resting,fast,1786740414.1227374,-462.7981298113723,-184.33971578990077,713.7848686688449,13.825478684242714,-34.709859735853236,6.96989441048153e-20
1786740422.6914005,resting,fast,1786740414.1227374,-461.08573491178413,-182.78232763382812,709.77504076689,13.708674572537223,-34.581430118384,6.949753232858663e-20
1786740422.719896,resting,fast,1786740414.1227374,-456.1333290442126,-183.22950379847032,692.5380902754914,13.742212784885584,-34.20999967831617,6.871648676464205e-20
1786740422.7482793,resting,fast,1786740414.1227374,-454.8806830833146,-181.79468584374104,692.3765761846635,13.634601438280843,-34.116051231248754,6.836119618494838e-20
1786740422.7765326,resting,fast,1786740414.1227374,-455.0000068139939,-184.57828674778284,692.066761458651,13.84337150608393,-34.12500051104969,6.839098276819761e-20
1786740422.8066328,resting,fast,1786740414.1227374,-456.1804067191001,-183.245451119407,700.415183643936,13.743408833955673,-34.21353050393259,6.864262220235579e-20
1786740422.8337805,resting,fast,1786740414.1227374,-459.87941355502426,-181.62350793100256,710.5608046405769,13.621763094825479,-34.490956016627,6.864143849502252e-20
1786740422.8618798,resting,fast,1786740414.1227374,-461.1685849024839,-181.273434880708,715.1609125444957,13.59550761605345,-34.58764386768647,6.892920050604236e-20
1786740422.8904767,resting,fast,1786740414.1227374,-461.6059816862453,-180.91572658228404,712.5384432566461,13.568679493671642,-34.62044862646861,6.877605272022173e-20
1786740422.9190981,resting,fast,1786740414.1227374,-460.17119148250003,-181.16781505464996,707.1499259787543,13.587586129098963,-34.51283936118758,6.905346849603226e-20
1786740422.9472854,resting,fast,1786740414.1227374,-460.82831997817357,-181.55447024807177,704.2386762540427,13.616585268605736,-34.56212399836319,6.89745466978223e-20
1786740422.975517,resting,fast,1786740414.1227374,-457.8723520252338,-183.33204952374524,702.3518255745439,13.7499037142811,-34.340426401892636,6.883620208367033e-20
1786740423.0043247,resting,fast,1786740414.1227374,-457.51298752365074,-184.14661716829346,705.4094846105736,13.810996287622341,-34.313474064273976,6.90031826205666e-20
1786740423.032375,resting,fast,1786740414.1227374,-456.2315197678763,-184.90921195306714,703.097161692298,13.868190896480268,-34.21736398259087,6.868286856121575e-20
1786740423.0606346,resting,fast,1786740414.1227374,-459.8862247327115,-185.08321678398977,705.2353001303218,13.881241258799381,-34.491466854953444,6.919585335676163e-20
1786740423.0890841,resting,fast,1786740414.1227374,-458.2676029344725,-182.56144701991127,697.4242987457719,13.692108526493445,-34.370070220085694,6.835014496829053e-20
1786740423.1174812,resting,fast,1786740414.1227374,-459.4253235089718,-179.87098437753968,702.840000665432,13.490323828315734,-34.45689926317311,6.817184695290015e-20
1786740423.1458027,resting,fast,1786740414.1227374,-457.75800626686896,-177.38348931950964,702.0263410906009,13.303761698963367,-34.33185047001534,6.736597944440878e-20
1786740423.1740983,resting,fast,1786740414.1227374,-457.248074043664,-178.50088709638635,702.1325842452543,13.387566532229105,-34.29360555327494,6.773019690340749e-20
1786740423.2052033,resting,fast,1786740414.1227374,-455.88442274787894,-179.36300795529007,696.7264733980101,13.452225596647121,-34.191331706091006,6.765402377895691e-20
1786740423.230988,resting,fast,1786740414.1227374,-456.1858154949755,-181.18437944960237,700.6388262035398,13.588828458720524,-34.21393616212344,6.793630317898376e-20
1786740423.259229,resting,fast,1786740414.1227374,-456.8589410636978,-180.57846109779427,700.7269597462982,13.54338458233487,-34.26442057977744,6.788836778647632e-20
1786740423.2877724,resting,fast,1786740414.1227374,-457.9013654390633,-180.43660880462062,708.8285649609188,13.532745660346816,-34.342602407929924,6.860102657858382e-20
1786740423.31622,resting,fast,1786740414.1227374,-458.49525538064654,-179.984706176617,708.0724269994507,13.498852963246602,-34.38714415354873,6.882734576465933e-20
1786740423.3447015,resting,fast,1786740414.1227374,-457.1599305774116,-181.7063291385242,705.4318753123262,13.627974685389557,-34.28699479330605,6.843506331906101e-20
1786740423.3730354,resting,fast,1786740414.1227374,-457.98497943510665,-181.2227796985236,702.2843688430821,13.591708477389485,-34.34887345763316,6.767259362515879e-20
1786740423.401202,resting,fast,1786740414.1227374,-456.5136786408366,-181.66828463135278,698.8609255869524,13.625121347351698,-34.238525898062946,6.745501533223145e-20
1786740423.4299924,resting,fast,1786740414.1227374,-456.8500138737545,-179.76942731766053,702.3744306090675,13.482707048824818,-34.263751040531815,6.663361264281675e-20
1786740423.4582024,resting,fast,1786740414.1227374,-453.5940221480255,-179.44163408569023,693.7978497778322,13.458122556426932,-34.01955166110204,6.647351830811522e-20
1786740423.4864838,resting,fast,1786740414.1227374,-452.83042597427766,-178.86007039893195,693.2416690907885,13.414505279920231,-33.962281948071166,6.634591670706925e-20
1786740423.5150816,resting,fast,1786740414.1227374,-455.70169977518026,-180.82505223513215,699.9831923827069,13.56187891763513,-34.177627483138735,6.808163906345646e-20
1786740423.5434885,resting,fast,1786740414.1227374,-458.00539924440363,-182.7128656540798,705.7873787995841,13.703464924056131,-34.350404943330446,6.887478379211179e-20
1786740423.5717926,resting,fast,1786740414.1227374,-458.92867474020795,-181.10162242248873,705.0149688817992,13.582621681686906,-34.41965060551578,6.892387855635201e-20
1786740423.6003623,resting,fast,1786740414.1227374,-456.06372378124706,-180.45936923950035,697.4755126267528,13.534452692962756,-34.204779283593794,6.819303465995838e-20
1786740423.6287756,resting,fast,1786740414.1227374,-456.86182724328046,-180.25515970347487,701.5801812309273,13.519136977760862,-34.26463704324625,6.764805129960906e-20
1786740423.6574435,resting,fast,1786740414.1227374,-459.4081779433245,-182.34105399033444,710.7073240347127,13.675579049275346,-34.4556133457495,6.836292728904544e-20
1786740423.6853042,resting,fast,1786740414.1227374,-459.9507643277884,-183.05553302841724,710.1533110668825,13.729164977131578,-34.49630732458434,6.828895739727285e-20
1786740423.7138736,resting,fast,1786740414.1227374,-459.8129968189173,-183.26655770301033,712.2298580334445,13.744991827725887,-34.48597476141898,6.918323337536885e-20
1786740423.7424843,resting,fast,1786740414.1227374,-458.02468668907704,-182.91085804432998,705.744828991059,13.718314353324988,-34.351851501681026,6.837105316663055e-20
1786740423.7709115,resting,fast,1786740414.1227374,-459.48181095158316,-182.47820706705522,712.7149194507583,13.685865530029385,-34.46113582136894,6.88669285431517e-20
1786740423.7990634,resting,fast,1786740414.1227374,-459.00800040190916,-181.3013254663515,708.7060306259509,13.59759940997667,-34.42560003014331,6.834689112277913e-20
1786740423.827261,resting,fast,1786740414.1227374,-458.8038360403243,-178.55572398699132,714.1071425396995,13.391679299024485,-34.41028770302451,6.909834999100899e-20
1786740423.855669,resting,fast,1786740414.1227374,-458.532807071952,-176.13138489266362,710.4146168228363,13.209853866950066,-34.38996053039653,6.866784471271607e-20
1786740423.8842137,resting,fast,1786740414.1227374,-455.86538779007606,-177.1906354055859,701.5086658774553,13.289297655419158,-34.18990408425594,6.83992929351252e-20
1786740423.9128969,resting,fast,1786740414.1227374,-457.462413844657,-179.65610898503724,697.4264231171255,13.474208173878115,-34.3096810383494,6.803873678321764e-20
1786740423.9409964,resting,fast,1786740414.1227374,-454.8614863640146,-183.69049030244673,692.1834257007376,13.776786772683867,-34.114611477301295,6.852074676856818e-20
1786740423.9691882,resting,fast,1786740414.1227374,-457.40903401262995,-182.5496840269442,696.2075774267669,13.691226302021061,-34.305677550947365,6.863664902757746e-20
1786740423.9978855,resting,fast,1786740414.1227374,-458.93721559008463,-187.3023725100701,694.3058951690973,14.04767793825555,-34.42029116925668,6.880257351686044e-20
1786740424.0259879,resting,fast,1786740414.1227374,-461.2447141741559,-185.398286415661,697.4329277230399,13.904871481174855,-34.593353563061854,6.85500936067322e-20
1786740424.0547662,resting,fast,1786740414.1227374,-461.35815095062526,-183.5086537504867,706.1199946576544,13.763149031286705,-34.60186132129714,6.854678865524782e-20
1786740424.082822,resting,fast,1786740414.1227374,-458.0695413470394,-177.37104565521452,705.874156134124,13.302828424141357,-34.35521560102826,6.801791853585158e-20
1786740424.1113503,resting,fast,1786740414.1227374,-459.53097709914846,-177.88845907737846,710.6452744812286,13.341634430803847,-34.4648232824363,6.832788063568868e-20
1786740424.139973,resting,fast,1786740414.1227374,-458.790725930342,-181.6353203253666,707.2733266881514,13.622649024402744,-34.409304444775756,6.858141068838148e-20
1786740424.1680977,resting,fast,1786740414.1227374,-460.3357319116144,-183.51467551993358,713.5930629493159,13.763600663995238,-34.52517989337125,6.866128088156339e-20
1786740424.1982675,resting,fast,1786740414.1227374,-459.2681890675026,-182.43008051263757,712.2020874119189,13.682256038447928,-34.4451141800628,6.920733092741382e-20
1786740424.224735,resting,fast,1786740414.1227374,-459.6014018561855,-179.10126473098865,715.498018632652,13.432594854824355,-34.47010513921388,6.961814561990569e-20
1786740424.2533796,resting,fast,1786740414.1227374,-458.06174372425176,-177.4798939050013,709.2474927948115,13.310992042875245,-34.354630779319024,6.96966153047873e-20
1786740424.2815661,resting,fast,1786740414.1227374,-457.8843359072798,-177.7204235455739,707.3350288862966,13.329031765918334,-34.34132519304623,6.901952091131775e-20
1786740424.310134,resting,fast,1786740414.1227374,-458.42512440556766,-178.11928023348548,699.1609250334877,13.358946017511801,-34.38188433041772,6.860015518390286e-20
1786740424.3384318,resting,fast,1786740414.1227374,-458.978438102431,-181.27516461769505,700.5044355418377,13.595637346327276,-34.423382857682675,6.88315322565958e-20
1786740424.3668249,resting,fast,1786740414.1227374,-458.7555723341475,-184.5553761701451,699.9585930080184,13.841653212761099,-34.40666792506132,6.859999683535358e-20
1786740424.395351,resting,fast,1786740414.1227374,-459.2329459292673,-185.92287441700068,705.3933429567069,13.944215581275234,-34.44247094469529,6.851461982294387e-20
1786740424.4236434,resting,fast,1786740414.1227374,-461.87892055533666,-186.01659579555906,708.0149445024053,13.95124468466702,-34.6409190416505,6.883481215625947e-20
1786740424.4520574,resting,fast,1786740414.1227374,-461.0850535766285,-182.26279973255396,710.3082986261388,13.669709979941718,-34.581379018247304,6.836558938930119e-20
1786740424.4803355,resting,fast,1786740414.1227374,-459.1637405214742,-184.009795655826,706.2058288320231,13.80073467418713,-34.43728053911075,6.834872539992044e-20
1786740424.5088255,resting,fast,1786740414.1227374,-456.17132422606255,-183.15480855320743,700.7517731321695,13.736610641490888,-34.21284931695485,6.761084528486138e-20
1786740424.5371344,resting,fast,1786740414.1227374,-454.6203625026601,-186.45731119653522,692.7605954312876,13.984298339740416,-34.09652718769969,6.748625284115207e-20
1786740424.5658233,resting,fast,1786740414.1227374,-455.55679830368763,-185.45591910213682,691.8050253286583,13.909193932660468,-34.16675987277672,6.723911692216822e-20
1786740424.5941172,resting,fast,1786740414.1227374,-456.98428437137227,-185.5872393018676,698.869071429317,13.919042947640353,-34.273821327853,6.778608331823044e-20
1786740424.622507,resting,fast,1786740414.1227374,-459.7150283688329,-182.44739983726936,705.2124760061879,13.68355498779545,-34.47862712766269,6.854543624825255e-20
1786740424.6510427,resting,fast,1786740414.1227374,-462.2075626139631,-182.8554662529982,709.6166457009504,13.714159968975164,-34.66556719604734,6.873357766177309e-20
1786740424.6793826,resting,fast,1786740414.1227374,-459.8818406870005,-180.2005504740672,703.8899383530261,13.515041285555387,-34.491138051525354,6.810420974341612e-20
1786740424.7075727,resting,fast,1786740414.1227374,-460.7926227386188,-180.92699290702228,711.018908915702,13.569524468027058,-34.55944670539666,6.882617136515317e-20
1786740424.7359457,resting,fast,1786740414.1227374,-460.6069836672291,-180.141245662453,712.4433550835256,13.510593424684156,-34.545523775042405,6.891477851836866e-20
1786740424.76435,resting,fast,1786740414.1227374,-461.66310319609147,-180.6639998418782,713.679901734421,13.549799988141093,-34.624732739707056,6.934311909353602e-20
1786740424.7929075,resting,fast,1786740414.1227374,-460.08283586588504,-178.96414763761481,706.8688340266153,13.422311072821355,-34.50621268994154,6.840988108382863e-20
1786740424.8211513,resting,fast,1786740414.1227374,-458.0306658428776,-178.5370384769186,703.515178918431,13.390277885769105,-34.352299938215964,6.847663341875537e-20
1786740424.849781,resting,fast,1786740414.1227374,-457.62920694763034,-177.94069829121463,705.9397018939844,13.345552371841276,-34.32219052107242,6.84240384589796e-20
1786740424.87814,resting,fast,1786740414.1227374,-460.0164968482927,-180.14105924584578,711.8712588632334,13.510579443438676,-34.50123726362206,6.879754053838656e-20
1786740424.9063814,resting,fast,1786740414.1227374,-459.15197744597026,-178.92717028399557,714.317972079838,13.419537771299932,-34.436398308448005,6.828919957347035e-20
1786740424.934856,resting,fast,1786740414.1227374,-460.4486980494926,-179.91324378508045,714.086514179965,13.493493283881445,-34.53365235371208,6.86120511143238e-20
1786740424.9635541,resting,fast,1786740414.1227374,-459.89951444297276,-179.95211411683795,712.6882737399492,13.496408558763097,-34.492463583223255,6.833910681181778e-20
1786740424.9916904,resting,fast,1786740414.1227374,-461.06178192208426,-180.81329160260373,713.9242409455946,13.560996870195478,-34.57963364415627,6.899634807909058e-20
1786740425.0202384,resting,fast,1786740414.1227374,-459.79813013726607,-179.56557463434865,709.3219416005659,13.46741809757646,-34.48485976029515,6.828742502823805e-20
1786740425.0486698,resting,fast,1786740414.1227374,-458.38033558623465,-177.64872548589472,705.4612201136051,13.32365441144228,-34.37852516896772,6.798793093892595e-20
1786740425.0770836,resting,fast,1786740414.1227374,-458.72797159843867,-179.10062383726472,706.9654336454423,13.432546787795037,-34.40459786988305,6.832745389774498e-20
1786740425.105391,resting,fast,1786740414.1227374,-458.8806371640403,-181.45060035406027,706.7022153382495,13.60879502655477,-34.41604778730327,6.84401815154064e-20
1786740425.1338503,resting,fast,1786740414.1227374,-459.6582598032196,-182.26504425089354,708.4318936284626,13.66987831881723,-34.47436948524163,6.891055102997238e-20
1786740425.1621077,resting,fast,1786740414.1227374,-460.0862802607012,-180.57973062046392,709.560925771586,13.54347979653502,-34.50647101955282,6.872928107114936e-20
1786740425.1907146,resting,fast,1786740414.1227374,-460.42250158584466,-179.99687368890454,707.7144294610862,13.49976552666799,-34.53168761893854,6.867868661829711e-20
1786740425.2190423,resting,fast,1786740414.1227374,-460.90023645574956,-183.1924916206242,713.6715116525938,13.73943687154706,-34.56751773418145,6.919955651633568e-20
1786740425.2472746,resting,fast,1786740414.1227374,-459.8145901044795,-183.65003515268506,707.8478881472984,13.773752636451565,-34.48609425783621,6.847345427578796e-20
1786740425.2756214,resting,fast,1786740414.1227374,-459.1723004482228,-181.7612548153436,708.062370229024,13.632094111151002,-34.43792253361692,6.838588241108023e-20
1786740425.3040671,resting,fast,1786740414.1227374,-458.2160103898832,-179.08844737683125,701.8340637991332,13.431633553262674,-34.36620077924133,6.790438803921077e-20
1786740425.332599,resting,fast,1786740414.1227374,-458.23196927180925,-179.04655623163217,700.3927287958468,13.428491717372555,-34.36739769538578,6.790102204786423e-20
1786740425.3624485,resting,fast,1786740414.1227374,-458.37649754696395,-180.64047317328664,707.3731190850376,13.548035487996746,-34.37823731602244,6.822042924891118e-20
1786740425.3891883,resting,fast,1786740414.1227374,-458.33006485217174,-182.5694543473296,705.9457923131949,13.692709076049947,-34.37475486391306,6.818001803444102e-20
1786740425.417668,resting,fast,1786740414.1227374,-459.21088683039943,-184.35452872119606,709.297024791068,13.826589654090103,-34.440816512280264,6.840074602085153e-20
1786740425.4464095,resting,fast,1786740414.1227374,-461.75039773547905,-184.9821554009594,712.6066202892262,13.873661655072173,-34.63127983016125,6.864208598063295e-20
1786740425.4745653,resting,fast,1786740414.1227374,-462.26610206543955,-181.88983619274438,709.7996147983167,13.641737714456031,-34.669957654908245,6.846920566134371e-20
1786740425.5030303,resting,fast,1786740414.1227374,-460.3817797909237,-181.18140349646535,706.025774002921,13.588605262235053,-34.52863348431947,6.781899898871884e-20
1786740425.5316687,resting,fast,1786740414.1227374,-458.7185000560735,-180.13919167148833,701.9026520028228,13.510439375361837,-34.403887504205734,6.775309008777937e-20
1786740425.5599577,resting,fast,1786740414.1227374,-456.9654830132199,-178.66972589577392,705.8667543983265,13.400229442183349,-34.27241122599195,6.768022682852203e-20
1786740425.588174,resting,fast,1786740414.1227374,-458.70413585992173,-177.38626886097734,709.4185730756972,13.303970164573595,-34.40281018949442,6.793610431724894e-20
1786740425.616351,resting,fast,1786740414.1227374,-461.81653901614436,-178.59564400351474,713.5293858594569,13.394673300263921,-34.63624042621101,6.822048802685779e-20
1786740425.6449053,resting,fast,1786740414.1227374,-461.6727500451266,-182.28932192251682,708.2255247938556,13.671699144189017,-34.62545625338456,6.833382194613365e-20
1786740425.6733723,resting,fast,1786740414.1227374,-458.72098652704835,-182.00509678593778,698.891619981302,13.650382258945616,-34.40407398952882,6.778464153184198e-20
1786740425.7018256,resting,fast,1786740414.1227374,-454.42283447926684,-180.95393252806718,687.0875228621653,13.571544939605236,-34.08171258594512,6.697815631628293e-20
1786740425.730062,resting,fast,1786740414.1227374,-454.6672984867273,-179.8628956674171,688.3088780756725,13.489717175056509,-34.100047386504734,6.68940960688301e-20
1786740425.7593527,resting,fast,1786740414.1227374,-456.37161621830273,-184.11344147300008,696.7791239939997,13.80850811047522,-34.2278712163728,6.801789702597242e-20
1786740425.7869656,resting,fast,1786740414.1227374,-457.818638138036,-186.6580630231016,705.589317787073,13.999354726732808,-34.33639786035286,6.858388866737508e-20
1786740425.815147,resting,fast,1786740414.1227374,-458.69447968510076,-187.40014827371954,707.2581463821443,14.055011120529219,-34.40208597638288,6.838549852418618e-20
1786740425.8435545,resting,fast,1786740414.1227374,-458.1851602557508,-187.40919142066662,700.8059655410116,14.055689356550321,-34.36388701918138,6.77560846633602e-20
1786740425.8719475,resting,fast,1786740414.1227374,-455.8965664738994,-185.72850136589182,694.3132556587816,13.929637602442082,-34.19224248554256,6.727884082051485e-20
1786740425.9003522,resting,fast,1786740414.1227374,-454.95631597550437,-185.5051914324256,693.6470208137007,13.912889357432046,-34.121723698163166,6.666834123924323e-20
1786740425.928869,resting,fast,1786740414.1227374,-455.23847877146,-180.30460505732628,700.3446910124012,13.52284537929965,-34.14288590785968,6.700564427576813e-20
1786740425.957169,resting,fast,1786740414.1227374,-458.37402231539363,-181.90018081973938,709.9667433783607,13.64251356148078,-34.378051673654625,6.778066603221226e-20
1786740425.985693,resting,fast,1786740414.1227374,-460.13429457948087,-182.13113945207226,708.9187087421724,13.659835458905643,-34.5100720934613,6.841811434086587e-20
1786740426.01388,resting,fast,1786740414.1227374,-462.5384637068446,-184.7821291504132,709.0983240757341,13.858659686281147,-34.690384778013645,6.823094625145626e-20
1786740426.0422888,resting,fast,1786740414.1227374,-460.4644352467026,-183.12749481397668,701.4124406992378,13.734562111048557,-34.534832643502746,6.738240710949698e-20
1786740426.0707808,resting,fast,1786740414.1227374,-457.85325602452804,-181.20185962782523,698.1567869547125,13.590139472087042,-34.33899420183972,6.727005359816315e-20
1786740426.099351,resting,fast,1786740414.1227374,-454.9165835556837,-179.74211443064735,692.2058717481559,13.480658582298819,-34.11874376667663,6.766831437476935e-20
1786740426.1277456,resting,fast,1786740414.1227374,-456.0122092132765,-179.33039141869062,692.6104266487537,13.449779356402,-34.20091569099594,6.800679624014028e-20
1786740426.1561651,resting,fast,1786740414.1227374,-460.10080830211245,-184.03636971485082,703.6554270171255,13.802727728613956,-34.50756062265861,6.920026345156271e-20
1786740426.184481,resting,fast,1786740414.1227374,-461.1532510404463,-183.96407825050653,709.3818295071496,13.797305868788133,-34.58649382803367,6.897943918782434e-20
1786740426.2128465,resting,fast,1786740414.1227374,-461.57083930745193,-185.67705982747566,710.4541074419521,13.925779487060947,-34.617812948059026,6.932973439139004e-20
1786740426.2411125,resting,fast,1786740414.1227374,-458.82238095171215,-181.46638681503111,702.4773823169053,13.609979011127553,-34.41167857137873,6.822138868198795e-20
1786740426.2694905,resting,fast,1786740414.1227374,-460.8109519207369,-183.2112436899746,704.4859523452415,13.740843276748155,-34.560821394055424,6.873913662221919e-20
1786740426.2978678,resting,fast,1786740414.1227374,-458.6176981352728,-183.0711870820694,701.699755671194,13.730339031155477,-34.39632736014572,6.837893016755978e-20
1786740426.3263235,resting,fast,1786740414.1227374,-458.5771285665214,-182.83652512236847,700.9416228988948,13.712739384177905,-34.393284642489355,6.826128225045236e-20
1786740426.3551078,resting,fast,1786740414.1227374,-455.6467402168896,-183.31484502253772,694.3596539957525,13.748613376690567,-34.173505516266964,6.82095285904706e-20
1786740426.3834624,resting,fast,1786740414.1227374,-459.2071557640452,-182.42666671505503,700.3380122764174,13.682000003629309,-34.44053668230358,6.850288477547902e-20
1786740426.4117541,resting,fast,1786740414.1227374,-460.0989982278247,-182.0784680704819,710.7847938172044,13.655885105286334,-34.50742486708698,6.918965804164273e-20
1786740426.4403193,resting,fast,1786740414.1227374,-461.25458921824156,-178.19698728137587,712.2427105128027,13.364774046103431,-34.594094191368285,6.862091770500415e-20
1786740426.4685748,resting,fast,1786740414.1227374,-459.53338855481616,-176.9309726029519,707.6264589048096,13.269822945221588,-34.46500414161149,6.834880410596088e-20
1786740426.4968507,resting,fast,1786740414.1227374,-459.1576900963805,-179.77830942327444,703.2915495489033,13.4833732067458,-34.436826757228765,6.780350814936e-20
1786740426.5252182,resting,fast,1786740414.1227374,-458.1231328594672,-180.90742313333476,703.4114626653263,13.568056735000287,-34.35923496446025,6.777507314921381e-20
1786740426.5538578,resting,fast,1786740414.1227374,-460.59653221647204,-181.27914456662813,713.413546444086,13.595935842497209,-34.544739916235656,6.845836404345972e-20
1786740426.5823631,resting,fast,1786740414.1227374,-461.218938219763,-180.08378809000828,715.2041996391763,13.506284106750986,-34.59142036648245,6.907479174496351e-20
1786740426.6108267,resting,fast,1786740414.1227374,-462.348957202415,-178.88476912382941,721.156316523533,13.41635768428738,-34.67617179018121,6.938214269099009e-20
1786740426.639091,resting,fast,1786740414.1227374,-460.13793426694247,-179.2101405904731,717.4547869019716,13.440760544285691,-34.510345070020975,6.864132415799997e-20
1786740426.667344,resting,fast,1786740414.1227374,-458.99279439904876,-179.63318183771105,712.588953851473,13.472488637828643,-34.424459579928794,6.776531643776245e-20
1786740426.6958835,resting,fast,1786740414.1227374,-459.8332067199631,-181.681063826142,717.7128970193671,13.626079786960869,-34.487490503997606,6.860612334739944e-20
1786740426.7240276,resting,fast,1786740414.1227374,-457.3191683972391,-182.51062707860422,706.3751310568696,13.68829703089548,-34.29893762979315,6.763726342277053e-20
1786740426.7530692,resting,fast,1786740414.1227374,-457.500194072049,-182.57120472826534,705.2668158651759,13.692840354620014,-34.31251455540383,6.791520911993916e-20
1786740426.7846086,resting,fast,1786740414.1227374,-456.23733559846005,-183.01211042853026,694.5028078692085,13.725908282139986,-34.21780016988458,6.665470199262646e-20
1786740426.809552,resting,fast,1786740414.1227374,-456.6585031055465,-180.41298265807825,702.5511487166905,13.53097369935617,-34.24938773291617,6.762525025734365e-20
1786740426.8376477,resting,fast,1786740414.1227374,-460.39764520542303,-182.4074354604105,708.4830182606074,13.680557659531164,-34.52982339040693,6.830066000709515e-20
1786740426.8662965,resting,fast,1786740414.1227374,-460.9754089460789,-180.767518730318,715.8321541518744,13.557563904774216,-34.573155670956304,6.899465143516275e-20
1786740426.894408,resting,fast,1786740414.1227374,-463.574644750473,-183.99796698710986,715.4941444329943,13.79984752403347,-34.76809835628571,6.922266927063395e-20
1786740426.922824,resting,fast,1786740414.1227374,-459.69188123514914,-180.59876099826408,710.0644692640981,13.544907074870057,-34.4768910926363,6.82410334162029e-20
1786740426.9513133,resting,fast,1786740414.1227374,-460.75730478893956,-180.9891908501171,710.1628291841744,13.574189313759174,-34.55679785917061,6.837486534753725e-20
1786740426.9798787,resting,fast,1786740414.1227374,-459.7205268907078,-177.7296314288095,712.3040540645852,13.32972235716095,-34.47903951680326,6.848575787055489e-20
1786740427.008303,resting,fast,1786740414.1227374,-461.4914104535246,-179.78243087482895,716.9131996057804,13.483682315612274,-34.61185578401452,6.938517006174561e-20
1786740427.0366678,resting,fast,1786740414.1227374,-460.7997033781303,-180.3604511469522,712.3828914909827,13.52703383602184,-34.55997775336005,6.908520288635379e-20
1786740427.0650048,resting,fast,1786740414.1227374,-461.7122417541864,-184.8345600354014,711.0728575325393,13.862592002655315,-34.62841813156422,6.904164749921385e-20
1786740427.0932438,resting,fast,1786740414.1227374,-461.85935042369374,-183.80898502795674,715.834631552756,13.785673877096922,-34.63945128177712,6.939138520347272e-20
1786740427.1217592,resting,fast,1786740414.1227374,-462.52506301616586,-183.87500570612542,717.1807581056873,13.790625427959743,-34.68937972621275,6.985089592322965e-20
1786740427.150407,resting,fast,1786740414.1227374,-462.6110151648122,-180.3796306737155,717.1374070008451,13.528472300528794,-34.695826137361124,6.936527884391795e-20
1786740427.1784656,resting,fast,1786740414.1227374,-461.7455190165606,-180.7414214461037,713.2075624964054,13.555606608458088,-34.63091392624224,6.89164784063037e-20
1786740427.2070627,resting,fast,1786740414.1227374,-459.3052343534523,-181.85304982509376,706.3713296894512,13.63897873688224,-34.44789257650913,6.773851544251345e-20
1786740427.2353017,resting,fast,1786740414.1227374,-461.0680935413884,-183.52795812011323,712.8675807767922,13.764596859008744,-34.58010701560433,6.871419770596372e-20
1786740427.2639842,resting,fast,1786740414.1227374,-461.71562475951396,-183.87662908418145,711.2995191329283,13.790747181313836,-34.62867185696378,6.872502584323501e-20
1786740427.292088,resting,fast,1786740414.1227374,-463.9979545720921,-183.2452865038323,715.6126120958397,13.743396487787582,-34.799846592906924,6.958452181422536e-20
1786740427.3205929,resting,fast,1786740414.1227374,-460.4595628641805,-185.4803136907159,703.6810522281548,13.911023526803891,-34.53446721481374,6.875703083855666e-20
1786740427.348956,resting,fast,1786740414.1227374,-459.9362605406636,-184.49994721820838,710.6215026828759,13.837496041365892,-34.495219540549925,6.896007242617199e-20
1786740427.3802993,resting,fast,1786740414.1227374,-459.27994159470745,-184.0522192807,715.6474924948516,13.803916446052778,-34.44599561960322,6.850325166606731e-20
1786740427.4056952,resting,fast,1786740414.1227374,-460.46822927588573,-183.15864140913504,722.273460513572,13.736898105685245,-34.535117195691676,6.898611516042373e-20
1786740427.4344728,resting,fast,1786740414.1227374,-458.9405914815861,-183.28289851732802,712.8292334990647,13.746217388799803,-34.42054436111919,6.850794328376593e-20
1786740427.462897,resting,fast,1786740414.1227374,-458.3638336889044,-182.41766328234723,705.3687131492452,13.681324746176177,-34.37728752666789,6.816347574203437e-20
1786740427.490933,resting,fast,1786740414.1227374,-458.88955852515164,-179.85510132815477,703.1433608156503,13.489132599611924,-34.41671688938649,6.769641259714519e-20
1786740427.5193753,resting,fast,1786740414.1227374,-459.106319144817,-181.15728085339947,700.4446158943392,13.586796064005267,-34.43297393586134,6.735896778127773e-20
1786740427.54808,resting,fast,1786740414.1227374,-459.4188499488155,-182.54960424183128,706.2013665576987,13.691220318137528,-34.456413746161296,6.792466430050348e-20
1786740427.576438,resting,fast,1786740414.1227374,-460.93725379060015,-183.33034107064543,711.157128574836,13.749775580298621,-34.570294034295124,6.808685364000778e-20
1786740427.6046786,resting,fast,1786740414.1227374,-462.29207126355095,-182.36139189546338,718.0999986847901,13.677104392160093,-34.671905344766465,6.892781506927372e-20
1786740427.633191,resting,fast,1786740414.1227374,-466.34986605227505,-183.78423510011783,720.9224794304955,13.783817632509066,-34.976239953920825,6.903800211919712e-20
1786740427.661594,resting,fast,1786740414.1227374,-463.03468032578667,-183.28473825605784,711.6601659487796,13.746355369204647,-34.727601024434264,6.89706765021484e-20
1786740427.6897082,resting,fast,1786740414.1227374,-461.5881787847675,-183.23699949710885,706.29340547621,13.742774962283452,-34.619113408857736,6.820744642795398e-20
1786740427.7183015,resting,fast,1786740414.1227374,-456.5325599814846,-181.74510394584502,703.6853831172975,13.6308827959387,-34.23994199861141,6.79426764590968e-20
1786740427.7463524,resting,fast,1786740414.1227374,-458.3015048566249,-183.9940937313711,702.7981963718821,13.799557029852895,-34.37261286424703,6.846163715290974e-20
1786740427.7750561,resting,fast,1786740414.1227374,-458.8859112039204,-182.6240215206302,706.0833683247165,13.696801614047668,-34.41644334029427,6.826963433466606e-20
1786740427.8034117,resting,fast,1786740414.1227374,-460.5752725062516,-184.30211623790717,704.726927178529,13.8226587178432,-34.54314543796904,6.886040244813783e-20
1786740427.8318331,resting,fast,1786740414.1227374,-460.7711376969619,-182.22249275209913,710.5618008594083,13.666686956407698,-34.557835327272265,6.818205169573817e-20
1786740427.8600264,resting,fast,1786740414.1227374,-462.2327734053297,-183.31880216659067,706.1121397496026,13.748910162494422,-34.66745800539975,6.842412575025615e-20
1786740427.8884413,resting,fast,1786740414.1227374,-458.657299225787,-182.4099552925327,697.0918610215667,13.680746646940069,-34.399297441934316,6.743006062320956e-20
1786740427.916801,resting,fast,1786740414.1227374,-459.8733624863494,-182.15779868945674,704.0414020563057,13.661834901709508,-34.49050218647633,6.800236029234703e-20
1786740427.9454284,resting,fast,1786740414.1227374,-459.62442588460954,-182.38449050434178,712.8137676398637,13.678836787825848,-34.47183194134584,6.88453137044085e-20
1786740427.9737716,resting,fast,1786740414.1227374,-463.30536862386225,-180.16114638375518,721.9866291649396,13.512085978781908,-34.74790264678992,6.911453333545103e-20
1786740428.0021033,resting,fast,1786740414.1227374,-459.31629046910166,-180.4543115783423,716.4193629552301,13.534073368375896,-34.448721785182926,6.876467235958887e-20
1786740428.0306304,resting,fast,1786740414.1227374,-461.059885723595,-182.55554834307338,709.869493780202,13.691666125730695,-34.579491429269844,6.857739462454265e-20
1786740428.0589695,resting,fast,1786740414.1227374,-457.8836107265738,-182.35956723827746,702.0558236518564,13.676967542871143,-34.34127080449319,6.784876894565195e-20
1786740428.0872502,resting,fast,1786740414.1227374,-460.8508890861199,-182.91145019125508,702.4613051731876,13.718358764344426,-34.56381668145911,6.815701191837918e-20
1786740428.115806,resting,fast,1786740414.1227374,-458.00062171834725,-181.95482883452644,702.0328696680772,13.646612162589793,-34.35004662887629,6.761655487596378e-20
1786740428.1442876,resting,fast,1786740414.1227374,-460.87093847300775,-182.53996814443792,708.8608293113402,13.690497610833216,-34.565320385475765,6.843846865127501e-20
1786740428.1725368,resting,fast,1786740414.1227374,-460.3425370894206,-181.28842378691002,710.5788332780539,13.596631784018403,-34.52569028170673,6.826476187571971e-20
1786740428.200845,resting,fast,1786740414.1227374,-460.1143082954395,-182.54280898038348,710.9374221103872,13.690710673529,-34.50857312215829,6.811958891736237e-20
1786740428.2295725,resting,fast,1786740414.1227374,-459.4356202802378,-183.7792009142339,704.8572910567582,13.78344006856771,-34.457671521018,6.807867539717298e-20
1786740428.2580059,resting,fast,1786740414.1227374,-457.8103103666658,-184.06503958163648,702.4576790362344,13.804877968622886,-34.33577327750011,6.787109807393637e-20
1786740428.2862058,resting,fast,1786740414.1227374,-458.0715503990614,-179.97105402795262,701.012175806989,13.49782905209673,-34.355366279929896,6.788804500361901e-20
1786740428.3148096,resting,fast,1786740414.1227374,-458.19702022479987,-180.68010838584735,707.4883842145882,13.551008128938701,-34.36477651686017,6.839507132433354e-20
1786740428.3439465,resting,fast,1786740414.1227374,-460.28535548859963,-181.55802881683144,714.5229702358602,13.616852161262482,-34.521401661645285,6.84094776683128e-20
1786740428.3714602,resting,fast,1786740414.1227374,-462.05636437704743,-184.75099370784312,720.064614623484,13.856324528088468,-34.654227328278644,6.862168447062512e-20
1786740428.3999608,resting,fast,1786740414.1227374,-462.74137377306806,-183.7582709173371,715.0823219239901,13.781870318800575,-34.705603032980406,6.763987072955591e-20
1786740428.4281623,resting,fast,1786740414.1227374,-463.4497439691286,-185.57692574371708,712.1009206991657,13.918269430779059,-34.758730797684656,6.836065945728248e-20
1786740428.4568272,resting,fast,1786740414.1227374,-461.9835480087154,-183.85367213438246,709.0842440221486,13.789025410078867,-34.64876610065394,6.86954459110624e-20
1786740428.4849832,resting,fast,1786740414.1227374,-462.3439954221285,-185.65810700843508,718.9932478714554,13.92435802563293,-34.675799656659805,7.026734186873943e-20
1786740428.513288,resting,fast,1786740414.1227374,-459.37923293221684,-184.170420827792,717.8082854422237,13.812781562084691,-34.45344246991649,7.027856024883884e-20
1786740428.5429046,resting,fast,1786740414.1227374,-458.7376710395256,-182.70810135360716,718.3513247811379,13.703107601520767,-34.40532532796456,6.992509237886108e-20
1786740428.5700765,resting,fast,1786740414.1227374,-457.8642832226251,-181.74180503250705,713.4186973885207,13.630635377438256,-34.33982124169701,6.892931797767912e-20
1786740428.5984414,resting,fast,1786740414.1227374,-457.08940790576753,-180.0358308153087,705.7451979460748,13.502687311148282,-34.281705592932596,6.794555398458264e-20
1786740428.6269808,resting,fast,1786740414.1227374,-458.51780795562945,-182.2077867580815,701.5838364355295,13.665584006856353,-34.38883559667237,6.793542939833743e-20
1786740428.6555371,resting,fast,1786740414.1227374,-456.63530577833535,-181.79989217928585,698.0211345217404,13.63499191344675,-34.24764793337539,6.777791757385061e-20
1786740428.683642,resting,fast,1786740414.1227374,-458.2358310242171,-182.18945082183905,698.4286826297612,13.664208811638215,-34.3676873268164,6.761180714450396e-20
1786740428.7121997,resting,fast,1786740414.1227374,-458.21822921358125,-181.09510781444442,706.9987308399923,13.582133086083541,-34.36636719101868,6.830267082081083e-20
1786740428.7430851,resting,fast,1786740414.1227374,-458.7134546323746,-181.42157178510718,709.0381956165347,13.606617883883029,-34.40350909742829,6.818056598234086e-20
1786740428.7692008,resting,fast,1786740414.1227374,-461.6140430315272,-183.1031993608616,717.2638559191955,13.732739952064815,-34.62105322736482,6.884508758027096e-20
1786740428.7973619,resting,fast,1786740414.1227374,-463.17533091600035,-185.83003666244713,714.688993030627,13.937252749683719,-34.73814981870029,6.884079332481437e-20
1786740428.82587,resting,fast,1786740414.1227374,-463.852516694777,-183.44970034608173,710.2536272752222,13.75872752595632,-34.78893875210841,6.849936805014224e-20
1786740428.8541076,resting,fast,1786740414.1227374,-461.0294500225741,-181.6738875607209,702.5027571254705,13.625541567054402,-34.577208751693455,6.816935454427713e-20
1786740428.882891,resting,fast,1786740414.1227374,-457.7390210993067,-180.09262259305297,696.980273115817,13.50694669447915,-34.33042658244829,6.703199007718473e-20
1786740428.9112315,resting,fast,1786740414.1227374,-458.26885705845143,-179.77018399097142,699.1566472433524,13.482763799323113,-34.37016427938417,6.758748497226049e-20
1786740428.939797,resting,fast,1786740414.1227374,-459.8887857169807,-179.65361862858242,705.1456409361435,13.47402139714394,-34.49165892877366,6.75712260817804e-20
1786740428.9678526,resting,fast,1786740414.1227374,-462.8197170961512,-181.63153925390498,708.7458679573783,13.622365444043151,-34.71147878221144,6.811172655913984e-20
1786740428.9960394,resting,fast,1786740414.1227374,-462.53122556377593,-182.63320404087892,712.6095742303823,13.697490303066179,-34.68984191728347,6.865317211068894e-20
1786740429.0243003,resting,fast,1786740414.1227374,-462.0393130883185,-184.2912711678856,704.8549687059458,13.821845337591721,-34.652948481624136,6.859817760567953e-20
1786740429.0527256,resting,fast,1786740414.1227374,-457.28979564109295,-182.30670404772206,697.9326101915285,13.673002803579298,-34.29673467308217,6.815109370204145e-20
1786740429.0810711,resting,fast,1786740414.1227374,-455.4960267015931,-184.57445379044452,692.3083137585427,13.843084034283589,-34.162202002619566,6.772087104786074e-20
1786740429.1095936,resting,fast,1786740414.1227374,-456.80027973551114,-182.64195835249632,698.7378222359466,13.698146876437438,-34.26002098016364,6.846951244078091e-20
1786740429.1407173,resting,fast,1786740414.1227374,-459.7160145793091,-183.06384975073695,708.993976388545,13.729788731305586,-34.47870109344839,6.891095759734873e-20
1786740429.1663883,resting,fast,1786740414.1227374,-461.76479555114656,-181.0710974165247,715.0720825436965,13.580332306239566,-34.63235966633621,6.864420481198923e-20
1786740429.1949422,resting,fast,1786740414.1227374,-460.80584932333204,-182.24935052780472,714.3597655357153,13.66870128958563,-34.56043869925007,6.825971047465403e-20
1786740429.2232418,resting,fast,1786740414.1227374,-459.4197976014693,-179.24731134510705,705.1425659676825,13.443548350883194,-34.45648482011042,6.771206706645666e-20
1786740429.2515972,resting,fast,1786740414.1227374,-460.265752160828,-182.84331333426508,701.0602960905253,13.713248500070076,-34.519931412062036,6.786898625624446e-20
1786740429.279945,resting,fast,1786740414.1227374,-457.59543638977175,-183.90806468200492,692.8374308015027,13.793104851150478,-34.319657729233036,6.70857086470816e-20
1786740429.3083062,resting,fast,1786740414.1227374,-460.54990313788585,-187.47889200339932,703.1569318422107,14.06091690025524,-34.54124273534166,6.845827347101109e-20
1786740429.337781,resting,fast,1786740414.1227374,-459.8884683323204,-184.4792913116304,706.9667459267412,13.835946848372547,-34.49163512492415,6.872193147038688e-20
1786740429.365439,resting,fast,1786740414.1227374,-461.77043352766214,-184.49965726578864,713.3455479903605,13.837474294934456,-34.63278251457498,6.912784416731427e-20
1786740429.393777,resting,fast,1786740414.1227374,-461.1537014877272,-182.74788402091121,712.5925848349107,13.70609130156863,-34.58652761157968,6.81839716125515e-20
1786740429.4221337,resting,fast,1786740414.1227374,-460.30351907320846,-180.39285381558614,705.2537480976353,13.529464036169205,-34.52276393049093,6.713291524269055e-20
1786740429.4505177,resting,fast,1786740414.1227374,-459.6264565981078,-178.9738688658092,703.9927198149398,13.423040164935767,-34.471984244858334,6.733970326231998e-20
1786740429.4787753,resting,fast,1786740414.1227374,-460.68087898002295,-182.6276049711937,701.5631612037823,13.697070372839715,-34.55106592350191,6.816832638870196e-20
1786740429.5071764,resting,fast,1786740414.1227374,-463.1268369282625,-186.90683530645572,711.051525490806,14.018012647984438,-34.73451276961995,6.954326322007018e-20
1786740429.5365381,resting,fast,1786740414.1227374,-463.1064957204426,-187.72140101949537,711.9885136826415,14.07910507646245,-34.73298717903324,6.956599652795587e-20
1786740429.5640414,resting,fast,1786740414.1227374,-462.56981738515833,-183.74834394183893,712.3687515500869,13.781125795638157,-34.69273630388701,6.890402637906123e-20
1786740429.5925493,resting,fast,1786740414.1227374,-461.6142731181544,-180.97904972382128,714.300957065615,13.573428729286707,-34.621070483861764,6.875207753118196e-20
1786740429.6212077,resting,fast,1786740414.1227374,-462.00685466470804,-179.7904285744229,715.1797315642843,13.484282143081952,-34.650514099853204,6.873547898840299e-20
1786740429.649319,resting,fast,1786740414.1227374,-459.9098628662059,-181.24487583387577,712.3697821601772,13.593365687540793,-34.493239714965576,6.899599031519762e-20
1786740429.6775346,resting,fast,1786740414.1227374,-459.4056836104792,-181.60523117689183,713.8239197020148,13.620392338267198,-34.455426270786276,6.894088271617838e-20
1786740429.7060947,resting,fast,1786740414.1227374,-460.0298994923228,-185.50816066174718,707.9735382747685,13.91311204963117,-34.50224246192448,6.87838685879723e-20
1786740429.7372358,resting,fast,1786740414.1227374,-461.70608008185354,-185.44936249854265,712.5441921244674,13.90870218739089,-34.62795600613918,6.891656736499166e-20
1786740429.7627418,resting,fast,1786740414.1227374,-462.2966820108595,-186.38096577853173,706.8938033027707,13.978572433390188,-34.67225115081476,6.895032407610697e-20
1786740429.7913294,resting,fast,1786740414.1227374,-459.9203860261664,-180.00379729543533,709.8662899262799,13.500284797158006,-34.494028951962704,6.875745747467866e-20
1786740429.8197198,resting,fast,1786740414.1227374,-459.0261608409837,-178.71979922425146,710.1008421172337,13.403984941819164,-34.42696206307383,6.810395498373316e-20
1786740429.8481226,resting,fast,1786740414.1227374,-457.9424713755643,-177.60196835073862,706.1563258288907,13.32014762630568,-34.34568535316755,6.790115690753492e-20
1786740429.8764684,resting,fast,1786740414.1227374,-460.2944087931314,-178.918944173893,713.3123522758033,13.418920813042188,-34.52208065948507,6.84487196111193e-20
1786740429.904725,resting,fast,1786740414.1227374,-458.8098070174683,-177.02970569738682,709.8511562306949,13.277227927304306,-34.41073552631027,6.874648043106417e-20
1786740429.9339354,resting,fast,1786740414.1227374,-459.9269674195293,-180.21347411790384,711.2331388470966,13.516010558843075,-34.494522556464965,6.89180190754039e-20
1786740429.9617245,resting,fast,1786740414.1227374,-461.98232061896806,-184.83045550964528,709.9264796217849,13.862284163223638,-34.64867404642274,6.873677141781224e-20
1786740429.9901373,resting,fast,1786740414.1227374,-463.60516912905905,-186.440666927611,714.4190198517717,13.983050019571177,-34.77038768467956,6.946913810470098e-20
1786740430.018459,resting,fast,1786740414.1227374,-461.7412836137446,-188.06119102928312,715.7099534276922,14.104589327196297,-34.63059627103098,6.927342862338644e-20
1786740430.04669,resting,fast,1786740414.1227374,-458.00390841205535,-184.75449184120635,705.8365809470879,13.856586888090629,-34.350293130904326,6.94159234053525e-20
1786740430.0751321,resting,fast,1786740414.1227374,-458.91323972364853,-184.51488544106599,701.2329134813817,13.838616408080174,-34.418492979273644,6.90077200167085e-20
1786740430.1035368,resting,fast,1786740414.1227374,-459.8734382479629,-182.02677956703337,699.812717347776,13.65200846752764,-34.49050786859738,6.910428750967981e-20
1786740430.132239,resting,fast,1786740414.1227374,-460.1619691586684,-181.86281574967575,704.15010828091,13.639711181226044,-34.51214768690033,6.868636486315622e-20
1786740430.1603692,resting,fast,1786740414.1227374,-459.42763806304174,-182.73160670688617,706.4848044543996,13.704870503016696,-34.45707285472823,6.841567346851982e-20
1786740430.1889277,resting,fast,1786740414.1227374,-457.7579094624425,-180.88867526541412,700.9536695193119,13.566650644906137,-34.3318432096833,6.789430670272845e-20
1786740430.217161,resting,fast,1786740414.1227374,-459.304973886944,-182.26377840422208,706.8484928279313,13.669783380316932,-34.447873041521056,6.863129525258407e-20
1786740430.2454462,resting,fast,1786740414.1227374,-457.59640588399907,-184.70515681376787,698.7482550274981,13.852886761032845,-34.31973044129998,6.854680849956216e-20
1786740430.2739928,resting,fast,1786740414.1227374,-458.5403497682569,-183.76993299895958,704.2523742898211,13.782744974922128,-34.39052623261939,6.896585932587758e-20
1786740430.3023837,resting,fast,1786740414.1227374,-458.57271660651895,-185.10277478813396,701.8486097571749,13.88270810911035,-34.39295374548916,6.879261421721283e-20
1786740430.3306162,resting,fast,1786740414.1227374,-458.6956219725821,-182.04180135925333,700.6908554331594,13.653135101944056,-34.40217164794384,6.808434389490527e-20
1786740430.3591747,resting,fast,1786740414.1227374,-460.2858216999184,-184.39901494879064,705.1902963855209,13.829926121159485,-34.52143662749404,6.842904608926315e-20
1786740430.3874462,resting,fast,1786740414.1227374,-458.28324516983275,-181.22413899044284,702.0834358400571,13.591810424283562,-34.37124338773775,6.745664464839432e-20
1786740430.4158185,resting,fast,1786740414.1227374,-459.5707425879227,-181.7348676842172,709.904459815556,13.630115076316354,-34.46780569409425,6.844962306113426e-20
1786740430.444218,resting,fast,1786740414.1227374,-458.6158573441912,-180.6496731272165,705.8737962549931,13.548725484541347,-34.39618930081463,6.801706209950132e-20
1786740430.472449,resting,fast,1786740414.1227374,-457.9311748466366,-180.9492251302663,703.0644954898053,13.571191884770247,-34.34483811349784,6.81089028473958e-20
1786740430.5009434,resting,fast,1786740414.1227374,-456.50501679353374,-181.74743688324304,700.8623133682877,13.631057766243547,-34.23787625951531,6.761107297228184e-20
1786740430.5291736,resting,fast,1786740414.1227374,-456.02109334375837,-182.16577907547173,696.7810726005691,13.662433430660645,-34.201582000782146,6.754019273608415e-20
1786740430.5577633,resting,fast,1786740414.1227374,-457.41913251911956,-184.88206282613373,703.4478385855682,13.866154711960245,-34.30643493893417,6.845057823902135e-20
1786740430.5862455,resting,fast,1786740414.1227374,-457.74685987583143,-183.7597630920534,702.0709875048888,13.781982231904298,-34.331014490687544,6.870160821885744e-20
1786740430.6146662,resting,fast,1786740414.1227374,-459.379646902074,-183.4522947452449,707.5291712536,13.75892210589372,-34.453473517655674,6.901138538884689e-20
1786740430.6430893,resting,fast,1786740414.1227374,-460.2880278988205,-183.05757700266213,707.2451709513862,13.729318275199883,-34.52160209241156,6.894931596456575e-20
1786740430.6713805,resting,fast,1786740414.1227374,-461.83439186822443,-184.34784131410584,709.8567893967966,13.826088098558184,-34.63757939011704,6.891159550677344e-20
1786740430.7000484,resting,fast,1786740414.1227374,-460.76336739630005,-185.52621569544135,712.3696556723189,13.914466177158193,-34.55725255472286,6.894623358939441e-20
1786740430.7281601,resting,fast,1786740414.1227374,-460.93873781132015,-183.1719335920518,711.5197973619106,13.737895019404124,-34.5704053358493,6.871779148072331e-20
1786740430.7565928,resting,fast,1786740414.1227374,-459.5532660876861,-181.28302643516633,709.8832088089839,13.596226982637706,-34.46649495657663,6.867110611194446e-20
1786740430.784875,resting,fast,1786740414.1227374,-457.63135758861335,-179.95975218328363,703.0282830636434,13.4969814137465,-34.32235181914611,6.827084897248682e-20
1786740430.8131614,resting,fast,1786740414.1227374,-456.019578696144,-178.5194041632534,705.8445366609994,13.388955312244189,-34.201468402210935,6.849417110024787e-20
1786740430.8415759,resting,fast,1786740414.1227374,-454.8087657388969,-178.1331837891198,703.7485459089894,13.359988784184171,-34.110657430417476,6.824412700723932e-20
1786740430.8706343,resting,fast,1786740414.1227374,-456.9768239827945,-178.84500395263797,703.4391472192838,13.413375296447999,-34.27326179870992,6.847473863293725e-20
1786740430.8986773,resting,fast,1786740414.1227374,-456.85559378386006,-180.35894601228097,700.7514137542612,13.526920950921255,-34.26416953378966,6.799550755939803e-20
1786740430.9268568,resting,fast,1786740414.1227374,-458.63676980914533,-181.52667096003518,703.7003468110661,13.614500322002787,-34.39775773568605,6.874924237891995e-20
1786740430.9552102,resting,fast,1786740414.1227374,-460.431862643798,-182.79529587708964,716.927589578102,13.709647190782047,-34.532389698285094,6.920832849223872e-20
1786740430.9835732,resting,fast,1786740414.1227374,-460.48786367227194,-186.59063642102535,712.4244208725877,13.994297731577223,-34.5365897754206,6.88285833450127e-20
1786740431.011899,resting,fast,1786740414.1227374,-459.43683486546206,-184.37507961152653,709.634675758155,13.828130970864844,-34.45776261491003,6.807130340516811e-20
1786740431.0405235,resting,fast,1786740414.1227374,-456.67596975774313,-180.55676602470965,697.7011844277804,13.541757451853417,-34.25069773183098,6.675726094408302e-20
1786740431.068733,resting,fast,1786740414.1227374,-457.5142561740431,-175.87407966755222,702.2633479110182,13.190555975066648,-34.31356921305353,6.774804725485545e-20
1786740431.0972667,resting,fast,1786740414.1227374,-459.1632258947766,-178.59537072317244,709.0851706698277,13.394652804238081,-34.43724194210846,6.781492409497741e-20
1786740431.128417,resting,fast,1786740414.1227374,-459.26541544594465,-180.35221550474,710.024996809826,13.526416162855764,-34.444906158446145,6.845633923962118e-20
1786740431.1546423,resting,fast,1786740414.1227374,-459.5510578417711,-179.9518327227563,709.7900400286135,13.496387454207035,-34.466329338133185,6.807301198699225e-20
1786740431.1825235,resting,fast,1786740414.1227374,-458.7978545801766,-178.99913951649944,707.2897073288641,13.424935463737587,-34.40983909351338,6.842383406523557e-20
1786740431.2108467,resting,fast,1786740414.1227374,-458.97852335986454,-178.06055590670906,714.0647195214824,13.35454169300328,-34.42338925199012,6.861176727879414e-20
1786740431.239343,resting,fast,1786740414.1227374,-458.8400762614169,-179.25537060890656,716.483232576722,13.444152795668185,-34.413005719606474,6.838198394598453e-20
1786740431.267623,resting,fast,1786740414.1227374,-458.75002207416946,-179.87281932302267,715.607225120315,13.490461449226931,-34.40625165556284,6.823087229372783e-20
1786740431.2961736,resting,fast,1786740414.1227374,-458.76860149698996,-180.95065448930723,712.6012974124706,13.571299086698257,-34.407645112274466,6.788675679505992e-20
1786740431.3262916,resting,fast,1786740414.1227374,-457.0741700368626,-180.1497680093247,706.3877236071239,13.511232600699724,-34.28056275276488,6.769985962481717e-20
1786740431.3527696,resting,fast,1786740414.1227374,-457.67752656630637,-176.7077378268682,712.4302855905416,13.253080337015493,-34.325814492473405,6.782788878532834e-20
1786740431.381125,resting,fast,1786740414.1227374,-458.18531853283685,-179.27071444415117,708.9385556545185,13.445303583311567,-34.36389888996302,6.808291950562881e-20
1786740431.4095218,resting,fast,1786740414.1227374,-461.28970790196445,-180.8018640255484,714.9281534812835,13.560139801916339,-34.59672809264762,6.828034045191572e-20
1786740431.4378421,resting,fast,1786740414.1227374,-459.7660569016143,-185.09566773175686,711.935265813283,13.882175079881844,-34.48245426762119,6.83822443037461e-20
1786740431.466153,resting,fast,1786740414.1227374,-461.73711075222946,-182.728809767538,715.5261284804046,13.704660732565511,-34.630283306417596,6.843994394029761e-20
1786740431.4947062,resting,fast,1786740414.1227374,-458.36192074458586,-182.12524784388836,708.3163352975489,13.659393588291795,-34.377144055844234,6.849980756251994e-20
1786740431.5235386,resting,fast,1786740414.1227374,-459.4398910115947,-180.5495444635726,706.9562156748161,13.54121583476822,-34.457991825869854,6.86057037484814e-20
1786740431.5517032,resting,fast,1786740414.1227374,-458.13918076619666,-181.30458528648091,704.7441589951595,13.597843896486285,-34.36043855746506,6.882823267710395e-20
1786740431.5801435,resting,fast,1786740414.1227374,-459.43592793021116,-182.04307189238136,707.0246631267573,13.653230391928819,-34.457694594766174,6.87890947091642e-20
1786740431.6082506,resting,fast,1786740414.1227374,-458.48874160327705,-181.01697327124145,698.9900953511387,13.57627299534332,-34.38665562024595,6.779136173554916e-20
1786740431.636724,resting,fast,1786740414.1227374,-458.73556034320427,-180.8628043769953,701.3362544094989,13.564710328274902,-34.40516702574049,6.727718437557193e-20
1786740431.6649518,resting,fast,1786740414.1227374,-458.3506661685401,-179.56712947860353,699.5624914329583,13.467534710895446,-34.37629996264093,6.729999366814768e-20
1786740431.6933694,resting,fast,1786740414.1227374,-458.93852212385036,-181.85929890610078,704.4415154871567,13.639447417957744,-34.42038915928898,6.791053481974134e-20
1786740431.72385,resting,fast,1786740414.1227374,-456.8004229188309,-180.56879192481279,697.2616345888327,13.542659394361326,-34.26003171891238,6.800673919844157e-20
1786740431.7501605,resting,fast,1786740414.1227374,-460.6516234794235,-184.61911230257692,709.9841976360822,13.846433422693398,-34.54887176095706,6.907765076011403e-20
1786740431.778743,resting,fast,1786740414.1227374,-461.8289871579923,-184.98435824125238,713.3474059230412,13.87382686809421,-34.63717403684971,6.920865634716225e-20
1786740431.8070333,resting,fast,1786740414.1227374,-461.80867932427327,-186.52560329743733,712.5305243139501,13.989420247308136,-34.63565094932067,6.95357218712377e-20
1786740431.8353949,resting,fast,1786740414.1227374,-460.4363207824008,-185.33448051720495,713.4368385212747,13.900086038790608,-34.53272405868026,6.940264224267838e-20
1786740431.8638906,resting,fast,1786740414.1227374,-460.57558389615906,-188.19519558011814,709.2246811968635,14.11463966850906,-34.5431687922121,6.957015004703916e-20
1786740431.89265,resting,fast,1786740414.1227374,-461.7253682908963,-187.3953211763161,714.3384891269552,14.054649088223943,-34.62940262181736,6.917787426956141e-20
1786740431.920555,resting,fast,1786740414.1227374,-463.36163520052514,-185.70907968916742,715.8791168136413,13.92818097668793,-34.75212264003963,6.903384747571761e-20
1786740431.9492025,resting,fast,1786740414.1227374,-463.4264535903153,-182.23636801526584,717.7021315344282,13.667727601145113,-34.756984019273744,6.873717144704142e-20
1786740431.9775782,resting,fast,1786740414.1227374,-461.0934210320229,-179.73643846657546,710.2752635754305,13.480232884993352,-34.58200657740194,6.838736133632819e-20
1786740432.005864,resting,fast,1786740414.1227374,-456.37538764908595,-178.05713005845973,692.9922820895426,13.354284754384675,-34.22815407368163,6.789871287467014e-20
1786740432.0342586,resting,fast,1786740414.1227374,-455.3408734061477,-178.28013515444025,692.7946311855121,13.37101013658334,-34.15056550546128,6.795499257229454e-20
1786740432.062565,resting,fast,1786740414.1227374,-456.3597031182653,-180.40834650685247,698.1778043437707,13.530625988014219,-34.226977733870115,6.85715940042089e-20
1786740432.0921693,resting,fast,1786740414.1227374,-458.3793669135425,-183.62705208956493,704.2044243429882,13.772028906717704,-34.378452518515864,6.894613550004862e-20
1786740432.1193945,resting,fast,1786740414.1227374,-458.8285407636963,-184.4102644749678,707.3707509751202,13.830769835622885,-34.41214055727739,6.94885531974065e-20
1786740432.1480117,resting,fast,1786740414.1227374,-460.2478806566128,-185.48795466391437,706.9680207712145,13.911596599793778,-34.518591049246176,6.948241054650431e-20
1786740432.176296,resting,fast,1786740414.1227374,-458.75123733706914,-183.62971818640926,708.4798691563128,13.772228863980917,-34.406342800280584,6.84720583605258e-20
1786740432.2046952,resting,fast,1786740414.1227374,-458.6417293347854,-181.7899238508253,709.7377250188638,13.634244288812173,-34.39812970010922,6.760106552231207e-20
1786740432.2332559,resting,fast,1786740414.1227374,-458.5576962970372,-181.8428999363482,715.8091444004103,13.63821749522646,-34.39182722227807,6.804247088541716e-20
1786740432.2615247,resting,fast,1786740414.1227374,-458.32944087322903,-182.11140882882262,708.0504469986645,13.658355662161906,-34.37470806549247,6.87495531885047e-20
1786740432.290131,resting,fast,1786740414.1227374,-460.2921098343918,-183.19731450594975,713.0782428070124,13.739798587946613,-34.52190823757944,6.989045066603685e-20
1786740432.3184578,resting,fast,1786740414.1227374,-458.243846693902,-185.56418106549256,702.5319604743918,13.917313579912022,-34.36828850204285,6.899272293385682e-20
1786740432.3466954,resting,fast,1786740414.1227374,-461.0840948643968,-185.36825266900303,712.054130538766,13.902618950175484,-34.58130711482984,6.932307544540457e-20
1786740432.3753068,resting,fast,1786740414.1227374,-460.35849211068626,-186.16031770323048,710.3882961969693,13.962023827742424,-34.52688690830171,6.936043972680859e-20
1786740432.4037464,resting,fast,1786740414.1227374,-461.93131318954465,-184.8582333729156,712.0712787619441,13.864367502968907,-34.64484848921586,6.938906916880181e-20
1786740432.4321415,resting,fast,1786740414.1227374,-458.0310600885837,-183.23486654100998,698.9200340602738,13.74261499057609,-34.35232950664393,6.78233120326295e-20
1786740432.4603057,resting,fast,1786740414.1227374,-456.36199695416826,-183.6244156542407,688.8905319331134,13.7718311740684,-34.22714977156282,6.704232860522165e-20
1786740432.488765,resting,fast,1786740414.1227374,-456.3326864749247,-178.56368154170582,692.8849284084454,13.392276115628182,-34.22495148561968,6.724103681334829e-20
1786740432.51712,resting,fast,1786740414.1227374,-458.17980797382324,-178.21250847986653,704.7494508000027,13.365938135990351,-34.36348559803688,6.875694393647213e-20
1786740432.5454438,resting,fast,1786740414.1227374,-458.69652050177,-176.77725764673608,704.0259418346586,13.258294323505591,-34.40223903763307,6.798374987823364e-20
1786740432.5741262,resting,fast,1786740414.1227374,-457.15323730163027,-177.7404042084588,709.654924883158,13.330530315634807,-34.28649279762246,6.805614673712242e-20
1786740432.6021621,resting,fast,1786740414.1227374,-455.9612729657365,-179.39239577290607,706.9727242844783,13.454429682968193,-34.19709547243051,6.745434714958627e-20
1786740432.630521,resting,fast,1786740414.1227374,-455.96519607425716,-179.80573521644737,708.9991435932043,13.48543014123388,-34.19738970556933,6.825608862298966e-20
1786740432.6592171,resting,fast,1786740414.1227374,-457.34198467752503,-181.41366722416694,703.1842987806485,13.606025041812781,-34.3006488508145,6.835741449625579e-20
1786740432.6873593,resting,fast,1786740414.1227374,-458.6411887035815,-182.93941658235224,704.1031115652113,13.72045624367669,-34.39808915276872,6.877236214298317e-20
1786740432.7157872,resting,fast,1786740414.1227374,-460.62907493005287,-184.62821740893753,708.4536229804362,13.847116305670415,-34.54718061975435,6.89395148762427e-20
1786740432.744226,resting,fast,1786740414.1227374,-461.3890160110186,-186.07931687349037,710.1545654755755,13.955948765511959,-34.604176200826636,6.87089175236919e-20
1786740432.7730317,resting,fast,1786740414.1227374,-461.73324688212597,-185.38490271652518,712.1469676666657,13.90386770373971,-34.629993516159594,6.883646615491882e-20
1786740432.8012426,resting,fast,1786740414.1227374,-458.6765962270183,-184.07580510508194,705.1320867467366,13.805685382881453,-34.40074471702655,6.838334600370555e-20
1786740432.829533,resting,fast,1786740414.1227374,-460.4918544304637,-183.35974339814027,712.926772455392,13.751980754860593,-34.53688908228508,6.920074265189597e-20
1786740432.8578565,resting,fast,1786740414.1227374,-462.55372572401393,-184.89250874967252,713.6563497395919,13.866938156225576,-34.69152942930115,6.895088784669795e-20
1786740432.886224,resting,fast,1786740414.1227374,-464.8548625867161,-185.73475490297653,718.5581698402539,13.930106617723428,-34.86411469400375,6.914384478295972e-20
1786740432.916282,resting,fast,1786740414.1227374,-463.620120417168,-187.76998040625767,713.4593993250373,14.082748530469662,-34.77150903128785,6.922438305644713e-20
1786740432.942968,resting,fast,1786740414.1227374,-462.97755548298665,-185.24846415361674,716.3788507467807,13.893634811521498,-34.723316661224295,6.873477302030797e-20
1786740432.9715548,resting,fast,1786740414.1227374,-463.7133291781952,-182.99743697817576,719.3711288095465,13.724807773363363,-34.778499688364874,6.888623052352253e-20
1786740432.9997747,resting,fast,1786740414.1227374,-463.52261125564337,-182.72765628496927,719.6707825877265,13.70457422137289,-34.76419584417353,6.869730440316319e-20
1786740433.0281818,resting,fast,1786740414.1227374,-460.3268621751058,-181.0629171426648,708.9640500240675,13.579718785700091,-34.52451466313321,6.827959937523736e-20
1786740433.0566654,resting,fast,1786740414.1227374,-459.66237192579,-184.44438471913804,707.3509391180396,13.83332885393543,-34.47467789443438,6.863094310036256e-20
1786740433.0851035,resting,fast,1786740414.1227374,-459.421607598013,-184.20955600941352,702.8817901735601,13.815716700706336,-34.456620569851104,6.816780879209718e-20
1786740433.113325,resting,fast,1786740414.1227374,-462.01951178022364,-187.0078720290636,710.6040215983521,14.025590402180004,-34.65146338351687,6.917988260080452e-20
1786740433.141689,resting,fast,1786740414.1227374,-459.1335501939816,-184.20681949459652,707.42984890966,13.815511462095106,-34.43501626454876,6.829857319536217e-20
1786740433.170291,resting,fast,1786740414.1227374,-459.35269430907647,-182.56320865656755,707.2412370922139,13.692240649242638,-34.451452073181024,6.810692205222486e-20
1786740433.1984863,resting,fast,1786740414.1227374,-459.6556665554672,-181.3469209431761,713.437605309332,13.601019070738563,-34.47417499166009,6.850956693231275e-20
1786740433.2268896,resting,fast,1786740414.1227374,-459.58417357209646,-180.68919697917318,715.6570851880278,13.551689773438223,-34.46881301790748,6.885696188271684e-20
1786740433.255336,resting,fast,1786740414.1227374,-460.173400123786,-183.99978318904414,713.7760442113095,13.799983739178376,-34.51300500928406,6.868166192333868e-20
1786740433.2836268,resting,fast,1786740414.1227374,-458.97237771750315,-183.64058614916837,703.4873043136531,13.773043961187785,-34.4229283288131,6.775699064790417e-20
1786740433.3123837,resting,fast,1786740414.1227374,-459.5929897305409,-185.2862974198075,703.0193601902793,13.896472306485716,-34.46947422979082,6.817685705776361e-20
1786740433.3406277,resting,fast,1786740414.1227374,-457.8269745240641,-182.66142724148187,715.3419850649316,13.699607043111374,-34.33702308930502,6.935019381816595e-20
1786740433.3689427,resting,fast,1786740414.1227374,-458.36759913046626,-182.85002049148204,726.1185153113811,13.713751536861306,-34.37756993478522,6.977809514577946e-20
1786740433.397314,resting,fast,1786740414.1227374,-460.6354045373587,-180.9339238146889,723.5309421759839,13.570044286101801,-34.54765534030223,7.028178860321094e-20
1786740433.4257908,resting,fast,1786740414.1227374,-459.78418479358197,-178.3283128008826,707.5629175976674,13.374623460066598,-34.483813859518825,6.886107507376598e-20
1786740433.4543538,resting,fast,1786740414.1227374,-460.79289486732023,-180.15937898994866,703.0756555541038,13.51195342424646,-34.55946711504935,6.925483137682227e-20
1786740433.4843664,resting,fast,1786740414.1227374,-461.2120894185873,-183.0311709893167,718.9828432942522,13.727337824198866,-34.59090670639431,6.885773347249457e-20
1786740433.5110762,resting,fast,1786740414.1227374,-461.8251726884573,-181.96003058637723,734.5578239130955,13.647002293978542,-34.63688795163453,6.947068835559944e-20
1786740433.5393586,resting,fast,1786740414.1227374,-459.47774478249767,-180.97071264947147,728.3649318939861,13.57280344871047,-34.460830858687615,6.874476517282901e-20
1786740433.567953,resting,fast,1786740414.1227374,-460.99467686558637,-178.3606527919195,721.0592965092801,13.377048959394127,-34.57460076491911,6.87902047790977e-20
1786740433.5964005,resting,fast,1786740414.1227374,-462.2185568348232,-184.28799693373696,709.989482287755,13.821599770030293,-34.66639176261189,6.943695487121775e-20
1786740433.6246183,resting,fast,1786740414.1227374,-461.2982930368257,-183.43110564416077,704.2105600596014,13.757332923312202,-34.59737197776203,6.868605708365323e-20
1786740433.6530447,resting,fast,1786740414.1227374,-456.2504502595434,-183.67067915853,696.6737911169375,13.775300936889924,-34.21878376946593,6.797184378399138e-20
1786740433.6812673,resting,fast,1786740414.1227374,-455.18115895815663,-182.40739510100786,700.6458760766209,13.680554632575838,-34.1385869218621,6.709808633769656e-20
1786740433.7099323,resting,fast,1786740414.1227374,-459.9703386454921,-185.39082198767312,710.3319475880871,13.904311649075726,-34.49777539841217,6.858571591314617e-20
1786740433.7380297,resting,fast,1786740414.1227374,-462.14282893930385,-187.87123035425589,718.5842375877364,14.090342276569348,-34.66071217044794,6.94619099509876e-20
1786740433.7666407,resting,fast,1786740414.1227374,-462.9746914276575,-185.19914340885498,715.3246289510234,13.889935755664471,-34.72310185707444,6.904054560149625e-20
1786740433.795126,resting,fast,1786740414.1227374,-459.7852215723524,-183.92941209207174,712.5604609421925,13.794705906905595,-34.48389161792666,6.857014843303549e-20
1786740433.823328,resting,fast,1786740414.1227374,-459.32661572256075,-181.04740939610815,707.4459297568255,13.578555704708403,-34.44949617919217,6.771779684118759e-20
1786740433.8517597,resting,fast,1786740414.1227374,-457.4363300565187,-180.85088874690018,706.7042831596118,13.563816656017867,-34.307724754239125,6.77728736133339e-20
1786740433.8805656,resting,fast,1786740414.1227374,-457.6158543185161,-181.9092679588365,704.066313762517,13.643195096912994,-34.32118907388891,6.786084111445524e-20
1786740433.908793,resting,fast,1786740414.1227374,-457.26741288595804,-181.950873848862,699.8999300480828,13.64631553866484,-34.29505596644712,6.774737790793631e-20
1786740433.9369853,resting,fast,1786740414.1227374,-462.1486592732708,-182.38455999697283,707.1757746298063,13.67884199977318,-34.661149445495425,6.86636175787975e-20
1786740433.965333,resting,fast,1786740414.1227374,-463.4478627422641,-179.1709996714202,709.3324723173073,13.437824975356715,-34.758589705670055,6.80160003350947e-20
1786740433.9937453,resting,fast,1786740414.1227374,-463.4951818849654,-178.22865966197764,709.8235090215276,13.367149474648496,-34.76213864137247,6.774323754543486e-20
1786740434.0220854,resting,fast,1786740414.1227374,-460.85328145834,-178.88951830346298,703.6918809910567,13.416713872759825,-34.56399610937561,6.747743849338057e-20
1786740434.0504546,resting,fast,1786740414.1227374,-460.9100679170697,-179.22446802184913,704.0432569329205,13.441835101639004,-34.5682550937804,6.872403621446561e-20
1786740434.0800009,resting,fast,1786740414.1227374,-465.6382949314493,-183.38638440673844,713.9430389687022,13.753978830505563,-34.9228721198588,6.991484689744373e-20
1786740434.1075695,resting,fast,1786740414.1227374,-470.0300602650991,-187.1403011182798,723.6221197483101,14.035522583871124,-35.25225451988265,7.002662718292124e-20
1786740434.1359098,resting,fast,1786740414.1227374,-467.802705717932,-187.70241011999497,721.6225344973127,14.077680758999865,-35.08520292884508,6.884430257147148e-20
1786740434.1643531,resting,fast,1786740414.1227374,-462.7311203986342,-183.65375998557852,708.5492126981626,13.77403199891857,-34.70483402989773,6.792464297572237e-20
1786740434.1927297,resting,fast,1786740414.1227374,-458.1910204517035,-181.77948759702508,698.8698632826372,13.633461569777136,-34.36432653387789,6.820870469656853e-20
1786740434.2208767,resting,fast,1786740414.1227374,-458.2855453870293,-182.16059541953996,700.0233373575893,13.66204465646575,-34.371415904027344,6.835978877322133e-20
1786740434.2491784,resting,fast,1786740414.1227374,-459.5653347389257,-185.61766272685247,700.106663231023,13.921324704514188,-34.46740010541985,6.835712628172997e-20
1786740434.2784545,resting,fast,1786740414.1227374,-459.581852320327,-183.79582365084434,710.1511446634286,13.78468677381355,-34.46863892402478,6.809242025605199e-20
1786740434.3061683,resting,fast,1786740414.1227374,-460.6532618832957,-185.08171470123716,712.8038322045059,13.88112860259309,-34.548994641247404,6.822918023558239e-20
1786740434.3346548,resting,fast,1786740414.1227374,-460.50123116985924,-183.75518732879516,721.6422327764312,13.781639049659898,-34.53759233773965,6.890816986571803e-20
1786740434.363105,resting,fast,1786740414.1227374,-459.7177595299595,-182.4453562495304,716.1610637400827,13.683401718715029,-34.47883196474722,6.82715335958636e-20
1786740434.391288,resting,fast,1786740414.1227374,-459.533971942275,-180.8740134172208,715.3674755895563,13.565551006291901,-34.465047895670764,6.849754620987969e-20
1786740434.4196656,resting,fast,1786740414.1227374,-460.1517755603595,-182.38666020640483,713.3291872056498,13.678999515480509,-34.511383167027226,6.842383469796288e-20
1786740434.4481082,resting,fast,1786740414.1227374,-459.68182698604005,-181.14653636067476,706.0886342435078,13.585990227050868,-34.47613702395307,6.852728152174667e-20
1786740434.476639,resting,fast,1786740414.1227374,-459.2617566933045,-182.86719231512927,705.401949309643,13.715039423634952,-34.44463175199812,6.834995179082431e-20
1786740434.5048037,resting,fast,1786740414.1227374,-457.63727707028556,-182.08742239978517,700.8490136385062,13.656556679984082,-34.32279578027172,6.783610826943119e-20
1786740434.5332005,resting,fast,1786740414.1227374,-460.97087056285955,-184.40072660987914,713.920478140175,13.830054495741155,-34.5728152922147,6.846671115424148e-20
1786740434.56159,resting,fast,1786740414.1227374,-462.53747820684066,-184.78589910574829,708.7294663369275,13.858942432931268,-34.690310865513304,6.823910604949233e-20
1786740434.5899913,resting,fast,1786740414.1227374,-461.22222926224504,-183.43063162450062,704.5416835577516,13.757297371837861,-34.59166719466859,6.757625302202133e-20
1786740434.6183221,resting,fast,1786740414.1227374,-459.29527228209736,-188.035324717687,692.6797928884307,14.10264935382688,-34.44714542115748,6.695484254609999e-20
1786740434.6468232,resting,fast,1786740414.1227374,-456.5827155592474,-184.18779168258413,696.6947568633623,13.814084376193978,-34.243703666943766,6.713363686808758e-20
1786740434.6763487,resting,fast,1786740414.1227374,-459.81593264537787,-181.52116275182436,709.4971733169868,13.614087206387158,-34.48619494840344,6.869814036858288e-20
1786740434.7036388,resting,fast,1786740414.1227374,-460.01694489874444,-177.8639570416624,717.5259350952347,13.339796778124825,-34.501270867406014,6.93082558576621e-20
1786740434.7321582,resting,fast,1786740414.1227374,-461.7928187954676,-179.56256982286186,717.6748385411101,13.46719273671508,-34.63446140966011,6.939727871106632e-20
1786740434.7602737,resting,fast,1786740414.1227374,-460.75082272344343,-184.5566494710581,709.1876863486168,13.84174871032965,-34.55631170425837,6.815207435517064e-20
1786740434.7887356,resting,fast,1786740414.1227374,-459.6634496806414,-186.12796641410296,700.6888387168647,13.959597481058065,-34.47475872604824,6.821636244017753e-20
1786740434.8171856,resting,fast,1786740414.1227374,-460.21698166868146,-186.8261996831137,702.4848633057591,14.011964976233859,-34.51627362515136,6.834580891050322e-20
1786740434.8456917,resting,fast,1786740414.1227374,-460.57061485206214,-185.10259877232488,702.8257931475255,13.882694907924463,-34.542796113904856,6.856563136845203e-20
1786740434.8742123,resting,fast,1786740414.1227374,-464.10228606480223,-185.7779145422055,711.4966340857009,13.933343590665505,-34.80767145486046,6.844888116333672e-20
1786740434.9025288,resting,fast,1786740414.1227374,-464.23195013792883,-189.13788226922964,711.0538579431004,14.185341170192348,-34.81739626034509,6.825000827859427e-20
1786740434.9306479,resting,fast,1786740414.1227374,-463.4821222303908,-187.5079335782582,712.1901642271341,14.063095018369598,-34.76115916727947,6.819252824812704e-20
1786740434.9591694,resting,fast,1786740414.1227374,-458.50694720812226,-183.18996432576728,701.9394401456484,13.739247324432906,-34.3880210406092,6.75159139063292e-20
1786740434.9879186,resting,fast,1786740414.1227374,-457.13908827161777,-178.25763619028112,700.1347941272816,13.369322714271387,-34.28543162037157,6.734198539999139e-20
1786740435.016101,resting,fast,1786740414.1227374,-457.3772758216637,-179.08214783346864,703.9852767232624,13.431161087510421,-34.30329568662508,6.808664589594039e-20
1786740435.0442448,resting,fast,1786740414.1227374,-457.76488461716644,-182.32466592061462,700.9096236773294,13.674349944046345,-34.33236634628759,6.830628387950655e-20
1786740435.072912,resting,fast,1786740414.1227374,-459.8014980998064,-183.35653924386372,703.90489331959,13.751740443290043,-34.485112357485576,6.870599331827141e-20
1786740435.1012497,resting,fast,1786740414.1227374,-461.29684432571594,-182.9334614786543,708.6601638561679,13.720009610899293,-34.59726332442892,6.852709661572596e-20
1786740435.1298223,resting,fast,1786740414.1227374,-460.26389150715477,-180.51297444741624,711.7059471157572,13.53847308355638,-34.519791863036765,6.836263105911235e-20
1786740435.1583245,resting,fast,1786740414.1227374,-459.4441792970092,-181.74139667165377,711.7723314266495,13.630604750374427,-34.45831344727586,6.825253099536237e-20
1786740435.1865227,resting,fast,1786740414.1227374,-458.5796423697643,-182.3146481646637,700.2371403648585,13.67359861234986,-34.3934731777325,6.773400680081724e-20
1786740435.2151837,resting,fast,1786740414.1227374,-460.3455817031713,-183.94753954865632,702.199363496662,13.79606546614939,-34.525918627738086,6.806066144523093e-20
1786740435.2432795,resting,fast,1786740414.1227374,-457.0285640941747,-183.01255942374007,694.0751533093226,13.725941956780705,-34.27714230706326,6.804515032495944e-20
1786740435.271721,resting,fast,1786740414.1227374,-457.356019129792,-183.5815180179244,700.0690431449611,13.768613851344522,-34.30170143473448,6.847342814192858e-20
1786740435.3018293,resting,fast,1786740414.1227374,-458.16975675528056,-183.52888795297883,706.7425503592394,13.764666596473699,-34.36273175664639,6.901610211657168e-20
1786740435.3284788,resting,fast,1786740414.1227374,-460.14451773232486,-181.38679934260472,713.5419141022312,13.604009950695538,-34.510838829924495,6.877358324210842e-20
1786740435.3568351,resting,fast,1786740414.1227374,-457.44558282129583,-179.58444270497375,705.4003321302662,13.468833202873459,-34.3084187115974,6.847604504177227e-20
1786740435.3851755,resting,fast,1786740414.1227374,-455.9933064969573,-180.1110195613768,697.007406189934,13.508326467103561,-34.19949798727194,6.76439258270574e-20
1786740435.4137037,resting,fast,1786740414.1227374,-456.9641566739251,-182.07161493123078,700.986772559545,13.655371119842481,-34.272311750544525,6.866000949853621e-20
1786740435.4420202,resting,fast,1786740414.1227374,-457.19613426411024,-185.2793268355481,699.4839247824775,13.89594951266643,-34.28971006980849,6.864743830320794e-20
1786740435.4706187,resting,fast,1786740414.1227374,-459.42729058644227,-181.88826842790775,706.530719573113,13.641620132093475,-34.45704679398335,6.870713597574827e-20
1786740435.5007312,resting,fast,1786740414.1227374,-460.1836955676272,-183.83512802000484,706.1199753124147,13.787634601500638,-34.51377716757229,6.830578189364278e-20
1786740435.5271802,resting,fast,1786740414.1227374,-461.6591820783001,-181.37174324719683,716.7926912217508,13.602880743540066,-34.62443865587256,6.845404697708934e-20
1786740435.5557625,resting,fast,1786740414.1227374,-460.87017702072444,-183.0284395041217,719.1373062709226,13.727132962809439,-34.56526327655442,6.904941321703653e-20
1786740435.584175,resting,fast,1786740414.1227374,-458.30610076567564,-181.7495898424454,707.7075577920723,13.631219238183778,-34.37295755742589,6.808872074340039e-20
1786740435.6124406,resting,fast,1786740414.1227374,-459.89043964608936,-184.04313838104952,704.6159608597754,13.80323537857888,-34.49178297345682,6.819705734215531e-20
1786740435.6408193,resting,fast,1786740414.1227374,-459.0770740720254,-183.35681168943074,693.3791899817916,13.751760876707483,-34.43078055540199,6.764717257230671e-20
1786740435.669226,resting,fast,1786740414.1227374,-459.8556910802008,-181.33041321474104,699.3694905782677,13.599780991105856,-34.489176831015264,6.809967957820448e-20
1786740435.698365,resting,fast,1786740414.1227374,-456.52527862923216,-181.02635539857806,694.4381819316986,13.576976654893496,-34.23939589719269,6.760578215422223e-20
1786740435.7258248,resting,fast,1786740414.1227374,-458.3884938387864,-184.45308148161257,703.3941406863196,13.833981111121094,-34.379137037909175,6.795697031586811e-20
1786740435.7544267,resting,fast,1786740414.1227374,-458.82893079372934,-185.49851172547187,704.5369638044585,13.912388379410555,-34.41216980952976,6.827139739429014e-20
1786740435.7829032,resting,fast,1786740414.1227374,-459.38075506521363,-182.53510242487323,706.3847626357674,13.690132681865688,-34.45355662989123,6.811214775678447e-20
1786740435.8114274,resting,fast,1786740414.1227374,-459.07590882346267,-179.4695007082977,706.9318846928863,13.460212553122627,-34.43069316175992,6.86241971273935e-20
1786740435.8394573,resting,fast,1786740414.1227374,-458.06079046830655,-180.51335124662273,703.4156680886026,13.538501343496836,-34.354559285123266,6.842522591726646e-20
1786740435.868114,resting,fast,1786740414.1227374,-460.62178604359633,-181.08041822334667,706.8348951504022,13.581031366751095,-34.54663395327,6.874156294113252e-20
1786740435.897008,resting,fast,1786740414.1227374,-460.81878269294384,-183.49020654300773,707.3129349073306,13.761765490725903,-34.561408701970876,6.828385004978387e-20
1786740435.924585,resting,fast,1786740414.1227374,-463.48565613598066,-184.7629921836177,717.4495480375735,13.857224413771473,-34.761424210198754,6.85910926632307e-20
1786740435.9529395,resting,fast,1786740414.1227374,-461.4226431581005,-184.93667110060994,715.5041275571675,13.870250332545982,-34.606698236857525,6.874244263065142e-20
1786740435.9812953,resting,fast,1786740414.1227374,-461.7845320312076,-182.2214851721934,717.1020676808848,13.666611387914596,-34.63383990234097,6.860423473070616e-20
1786740436.0097413,resting,fast,1786740414.1227374,-460.4034566154414,-177.12166760592686,714.0908337842902,13.284125070444762,-34.53025924615829,6.846904049425324e-20
1786740436.0385616,resting,fast,1786740414.1227374,-461.03741640441467,-178.8228822094834,717.489561866234,13.411716165711493,-34.57780623033129,6.874316755287266e-20
1786740436.066686,resting,fast,1786740414.1227374,-459.2281286919015,-179.59357796907386,712.2924176280876,13.46951834768085,-34.4421096518929,6.832984891207925e-20
1786740436.0950127,resting,fast,1786740414.1227374,-461.10070343824054,-184.1317298918707,714.2457970619289,13.809879741890573,-34.58255275786833,6.863617073081927e-20
1786740436.1233022,resting,fast,1786740414.1227374,-461.6330078479141,-181.95021270483994,711.4268069064892,13.646265952863256,-34.622475588593865,6.89432790931077e-20
1786740436.151921,resting,fast,1786740414.1227374,-462.4721146873908,-180.91455681198318,717.9213688519394,13.568591760898844,-34.68540860155448,6.996947318384062e-20
1786740436.180303,resting,fast,1786740414.1227374,-460.4416260249227,-177.89795293474947,713.2102976715851,13.342346470106424,-34.533121951869305,6.936466858125302e-20
1786740436.2084265,resting,fast,1786740414.1227374,-459.73105004336503,-178.2892284753848,715.0504640816671,13.37169213565404,-34.479828753252534,6.854507316201328e-20
1786740436.2371178,resting,fast,1786740414.1227374,-460.1853535550549,-182.2942725046746,708.769961859176,13.672070437850795,-34.513901516629396,6.845241639113958e-20
1786740436.2653735,resting,fast,1786740414.1227374,-458.7717961268463,-182.91846088333068,701.3402124504237,13.718884566250008,-34.407884709513766,6.840416362572264e-20
1786740436.2936375,resting,fast,1786740414.1227374,-458.76205537650094,-182.1733173261423,704.6595474524702,13.662998799460905,-34.4071541532377,6.921006012985459e-20
1786740436.3221946,resting,fast,1786740414.1227374,-460.03858037900227,-181.54705996765733,711.9140350487578,13.616029497574448,-34.50289352842531,6.917047488831545e-20
1786740436.3505926,resting,fast,1786740414.1227374,-462.65845291763117,-182.08908509516573,722.2977438450607,13.656681382137759,-34.69938396882256,6.95510459788618e-20
1786740436.3788736,resting,fast,1786740414.1227374,-462.856535914726,-184.80247438701747,716.2878844096276,13.860185579026467,-34.71424019360465,6.85400140752842e-20
1786740436.4076428,resting,fast,1786740414.1227374,-461.035889664829,-181.02853587198808,709.4579825967048,13.577140190399408,-34.57769172486228,6.826214980463835e-20
1786740436.4360018,resting,fast,1786740414.1227374,-461.9733577942279,-180.9094820065102,704.946300618165,13.568211150488427,-34.6480018345673,6.765670156657419e-20
1786740436.464693,resting,fast,1786740414.1227374,-460.6293307498199,-180.4020769266648,698.7903066433464,13.530155769500194,-34.54719980623663,6.800834330813723e-20
1786740436.492867,resting,fast,1786740414.1227374,-462.7547853694846,-181.86542613494407,705.9593869722457,13.639906960121092,-34.70660890271165,6.804776092326994e-20
1786740436.5211394,resting,fast,1786740414.1227374,-460.72104551573966,-180.81665032713533,709.4265649234212,13.56124877453529,-34.55407841368058,6.853545984036933e-20
1786740436.5501392,resting,fast,1786740414.1227374,-462.312461680408,-179.88349109611931,718.3221581849866,13.491261832209272,-34.67343462603067,6.871463860266163e-20
1786740436.5780492,resting,fast,1786740414.1227374,-459.85615623269587,-179.7758407486764,717.5855101270554,13.483188056151118,-34.48921171745245,6.888834963104937e-20
1786740436.6064186,resting,fast,1786740414.1227374,-459.81665192632454,-181.66678452331018,714.0765435039693,13.625008839248569,-34.48624889447455,6.876334871483401e-20
1786740436.6350029,resting,fast,1786740414.1227374,-461.53718203274866,-180.82182568512906,715.309665788739,13.561636926384804,-34.61528865245645,6.894921984873771e-20
1786740436.6631887,resting,fast,1786740414.1227374,-462.3121317461405,-181.88275310217819,708.3157832194465,13.64120648266351,-34.67340988096065,6.836803715749247e-20
1786740436.6912673,resting,fast,1786740414.1227374,-459.79543031621824,-182.01431018520066,709.5664363021342,13.651073263890364,-34.48465727371656,6.767352630029167e-20
1786740436.7198133,resting,fast,1786740414.1227374,-454.12484389488964,-182.91764450697656,701.769106247918,13.71882333802326,-34.059363292116885,6.72424623443062e-20
1786740436.7482479,resting,fast,1786740414.1227374,-454.1714311057335,-182.9052316473177,707.3945116381465,13.717892373548995,-34.062857332930086,6.8445594985592e-20
1786740436.7769015,resting,fast,1786740414.1227374,-458.65519353977015,-185.14605759029052,707.3694457369184,13.885954319271907,-34.399139515483014,6.926053887923843e-20
1786740436.8049092,resting,fast,1786740414.1227374,-461.664257151509,-184.7212790155004,713.6236632959954,13.854095926162866,-34.62481928636326,6.921834060586981e-20
1786740436.8337762,resting,fast,1786740414.1227374,-460.78981724661026,-185.8290164504026,705.2015317750647,13.937176233780537,-34.55923629349586,6.856680711847034e-20
1786740436.8618457,resting,fast,1786740414.1227374,-457.0213881765999,-184.29043392347523,696.1200118498073,13.821782544260923,-34.27660411324517,6.786330320523882e-20
1786740436.8899348,resting,fast,1786740414.1227374,-458.13369781073516,-183.86430480194633,693.4098291069786,13.789822860146241,-34.36002733580527,6.818014067671136e-20
1786740436.9183233,resting,fast,1786740414.1227374,-457.8154938054763,-182.91399433241338,694.1372095441493,13.718549574931178,-34.336162035410986,6.774260817309588e-20
1786740436.946869,resting,fast,1786740414.1227374,-459.3701861681807,-179.5930224139115,704.0656924252789,13.469476681043691,-34.45276396261376,6.832514344152495e-20
1786740436.975442,resting,fast,1786740414.1227374,-461.2540547921699,-181.35367281122876,712.3528511900067,13.601525460842513,-34.594054109412994,6.836886730825974e-20
1786740437.0037656,resting,fast,1786740414.1227374,-460.72954568174555,-179.36621439076612,713.6004554268702,13.452466079307694,-34.55471592613099,6.845248103504952e-20
1786740437.0323253,resting,fast,1786740414.1227374,-463.296628817699,-185.10219101043765,709.3955025894902,13.882664325783065,-34.74724716132762,6.903089791278386e-20
1786740437.0604959,resting,fast,1786740414.1227374,-460.1954232841581,-185.66101490686037,704.6623411880555,13.924576118014617,-34.51465674631215,6.945096641311339e-20
1786740437.089255,resting,fast,1786740414.1227374,-462.38459646486035,-188.07495829315565,714.8966242439747,14.105621871986887,-34.678844734864704,7.029810530959893e-20
1786740437.1173418,resting,fast,1786740414.1227374,-460.7795279927882,-182.8956832111054,723.04779968822,13.717176240833101,-34.55846459945916,7.035519569327898e-20
1786740437.1457922,resting,fast,1786740414.1227374,-461.23180490116374,-181.244607201147,718.168205159388,13.5933455400863,-34.59238536758753,6.927165965952569e-20
1786740437.174077,resting,fast,1786740414.1227374,-459.5729680955178,-179.79856713241827,709.9181126234571,13.484892534931479,-34.46797260716394,6.804398867274909e-20
1786740437.202456,resting,fast,1786740414.1227374,-462.5320825015606,-187.57691148564663,702.8167810447212,14.06826836142363,-34.689906187617225,6.788898362256642e-20
1786740437.2308755,resting,fast,1786740414.1227374,-462.4767897429315,-186.8548282493001,704.5937894725166,14.014112118697735,-34.68575923072019,6.850366104667062e-20
1786740437.2595565,resting,fast,1786740414.1227374,-461.7995337497928,-186.9650563515455,702.1852720952465,14.02237922636606,-34.634965031234785,6.869368729873124e-20
1786740437.2879837,resting,fast,1786740414.1227374,-457.1341979464469,-179.4398624388067,706.1842763420209,13.457989682910696,-34.28506484598364,6.81431458208078e-20
1786740437.3175607,resting,fast,1786740414.1227374,-459.04992949337884,-180.7098606860436,716.5270074927876,13.553239551453412,-34.428744712003564,6.877067462186434e-20
1786740437.3445385,resting,fast,1786740414.1227374,-459.0546081913121,-179.8802526789185,714.0534833445918,13.491018950919102,-34.429095614348626,6.850323100348639e-20
1786740437.372906,resting,fast,1786740414.1227374,-458.84715042158587,-181.64011695763134,708.6994762993418,13.623008771822636,-34.41353628161907,6.845193613429219e-20
1786740437.4013054,resting,fast,1786740414.1227374,-456.4089558683786,-182.57072762685596,701.7799513925884,13.692804572014435,-34.23067169012866,6.794862682381568e-20
1786740437.4296682,resting,fast,1786740414.1227374,-455.6731981276557,-184.4852333486382,699.6339360726124,13.836392501148044,-34.17548985957429,6.792032089701435e-20
1786740437.4584005,resting,fast,1786740414.1227374,-457.92543721834454,-184.2852015600223,708.4527072075452,13.821390117002014,-34.34440779137608,6.838713132588512e-20
1786740437.486419,resting,fast,1786740414.1227374,-458.85797983283373,-182.25433022421623,708.8092052778939,13.66907476681644,-34.414348487462796,6.840024311904215e-20
1786740437.5160458,resting,fast,1786740414.1227374,-461.62499559343723,-179.9896790706772,717.7968749638703,13.499225930300828,-34.62187466950789,6.88421288625675e-20
1786740437.54303,resting,fast,1786740414.1227374,-459.9182659455905,-179.1473017313931,712.2430444165948,13.436047629854738,-34.49386994591946,6.843416646596808e-20
1786740437.5716877,resting,fast,1786740414.1227374,-461.0959132563421,-178.96740458201805,712.5673343096041,13.42255534365177,-34.58219349422579,6.830599873525588e-20
1786740437.5999024,resting,fast,1786740414.1227374,-458.5318285634421,-177.85708675277908,705.8606738884391,13.339281506458573,-34.38988714225829,6.815495231845397e-20
1786740437.6282418,resting,fast,1786740414.1227374,-461.6281446528578,-179.937025909829,710.8943299331559,13.495276943237396,-34.622110848964475,6.86463977661402e-20
1786740437.6565435,resting,fast,1786740414.1227374,-459.07055200436525,-179.12094439179793,704.0877252905348,13.434070829385004,-34.430291400327526,6.813295670491499e-20
1786740437.6849031,resting,fast,1786740414.1227374,-462.8967420014733,-181.64396106592562,709.8170748283128,13.623297079944695,-34.71725565011069,6.855635768921365e-20
1786740437.7132964,resting,fast,1786740414.1227374,-460.4909437212318,-178.6521427708259,707.7645686121286,13.398910707812345,-34.5368207790925,6.820636812462637e-20
1786740437.7416978,resting,fast,1786740414.1227374,-461.7952694113237,-182.42662001575434,709.7664451433184,13.68199650118186,-34.63464520584957,6.82378672980579e-20
1786740437.7702525,resting,fast,1786740414.1227374,-460.3181156477003,-181.27163742641983,707.3698039076207,13.595372806981839,-34.523858673577706,6.812144153560659e-20
1786740437.7984328,resting,fast,1786740414.1227374,-459.4519757307985,-182.64468134073047,707.0644334850895,13.698351100555104,-34.458898179810085,6.841293609281774e-20
1786740437.8268898,resting,fast,1786740414.1227374,-459.51929991572706,-181.15179609569816,706.2611317211795,13.586384707177569,-34.463947493679655,6.876156062068821e-20
1786740437.8555331,resting,fast,1786740414.1227374,-460.19920637845007,-180.7594231955062,709.5957328886998,13.556956739663267,-34.51494047838388,6.883226588457052e-20
1786740437.884392,resting,fast,1786740414.1227374,-460.8848915097119,-181.15217324621426,708.958400574089,13.586412993466272,-34.56636686322852,6.8688804169779e-20
1786740437.9121614,resting,fast,1786740414.1227374,-460.21502279405377,-179.64410620486,710.1822829686553,13.473307965364615,-34.516126709554094,6.878558124663152e-20
1786740437.940671,resting,fast,1786740414.1227374,-458.30834993850704,-181.45032015730862,706.1559389693739,13.608774011798278,-34.37312624538812,6.872008199825843e-20
1786740437.9688733,resting,fast,1786740414.1227374,-459.65765629550924,-181.8329094002869,709.7904611344129,13.637468205021772,-34.47432422216337,6.899561191395217e-20
1786740437.9973829,resting,fast,1786740414.1227374,-458.1383956547511,-181.79820282111757,707.4156306875238,13.634865211584088,-34.360379674106596,6.851744618535165e-20
1786740438.0258174,resting,fast,1786740414.1227374,-455.9896097613855,-179.09338343693128,705.1955839703332,13.432003757770072,-34.199220732104166,6.802554591110843e-20
1786740438.054572,resting,fast,1786740414.1227374,-455.17671812415256,-179.02770661894453,702.245029371511,13.427077996421144,-34.13825385931171,6.80954405026662e-20
1786740438.0828383,resting,fast,1786740414.1227374,-456.83743948769506,-180.75546193618084,700.9252432403755,13.556659645213788,-34.26280796157741,6.855410039837063e-20
1786740438.1110332,resting,fast,1786740414.1227374,-458.89926863399114,-182.3976599259645,702.0735636464551,13.679824494447683,-34.41744514754959,6.853284788437952e-20
1786740438.1395721,resting,fast,1786740414.1227374,-457.2398566567199,-183.70590892685243,693.7471461708392,13.777943169514199,-34.29298924925407,6.764166055585325e-20
1786740438.1677115,resting,fast,1786740414.1227374,-459.2059315004917,-184.16313967277097,701.404109228939,13.812235475458198,-34.4404448625371,6.785673845245836e-20
1786740438.196453,resting,fast,1786740414.1227374,-458.2634961154731,-182.23326992830732,703.1331743412902,13.6674952446233,-34.36976220866067,6.851631450058091e-20
1786740438.2246268,resting,fast,1786740414.1227374,-459.5423974710179,-180.1020267978405,708.0287556557878,13.50765200983837,-34.465679810326606,6.860388438865089e-20
1786740438.2529318,resting,fast,1786740414.1227374,-456.48597051021443,-177.6772904926246,702.1947160299587,13.32579678694714,-34.2364477882664,6.845080526801471e-20
1786740438.2813604,resting,fast,1786740414.1227374,-460.4807926622443,-181.55805214881173,709.0934735596184,13.616853911160998,-34.53605944966849,6.826447488898973e-20
1786740438.309773,resting,fast,1786740414.1227374,-460.09742684432604,-183.20757235722454,704.4186041736593,13.74056792679227,-34.50730701332463,6.833518464661241e-20
1786740438.3381083,resting,fast,1786740414.1227374,-461.9732741539069,-183.6220921198625,707.2015820378238,13.771656908989886,-34.647995561543155,6.854164544718054e-20
1786740438.3665528,resting,fast,1786740414.1227374,-459.22495727001024,-180.86160305102544,695.4586423221435,13.564620228827135,-34.441871795251075,6.838543965769793e-20
1786740438.395071,resting,fast,1786740414.1227374,-460.57563271524396,-178.41425820536256,702.9363465057277,13.38106936540257,-34.54317245364359,6.839918726250305e-20
1786740438.4235222,resting,fast,1786740414.1227374,-459.5297686689546,-176.9216401023765,702.5989493809757,13.26912300767842,-34.46473265017178,6.846328184910859e-20
1786740438.4521759,resting,fast,1786740414.1227374,-458.94989795751235,-177.66579138403006,708.3070757421001,13.324934353802643,-34.42124234681367,6.851907658959069e-20
1786740438.481023,resting,fast,1786740414.1227374,-458.9768035771008,-179.6598495515184,714.9781127330698,13.47448871636406,-34.423260268282846,6.946238521747539e-20
1786740438.5084105,resting,fast,1786740414.1227374,-461.07588405202887,-182.33339103093203,719.1728948565287,13.675004327320114,-34.58069130390236,6.934739538583006e-20
1786740438.5367985,resting,fast,1786740414.1227374,-460.9209293274771,-182.7471310988103,716.8334728731361,13.706034832411003,-34.56906969956091,6.934210529536347e-20
1786740438.5654638,resting,fast,1786740414.1227374,-458.08391062615647,-179.0315900423243,706.5764966353954,13.427369253174742,-34.35629329696209,6.784008066861848e-20
1786740438.5936992,resting,fast,1786740414.1227374,-455.27576840652637,-178.85068426363102,696.8563256169664,13.413801319772578,-34.14568263048951,6.740058095736142e-20
1786740438.6220834,resting,fast,1786740414.1227374,-455.9219558005625,-178.56023390937378,697.0113760086733,13.392017543203263,-34.194146685042334,6.712621230479125e-20
1786740438.6508253,resting,fast,1786740414.1227374,-457.29119954005955,-181.04894957832494,699.3001762821059,13.578671218374655,-34.29683996550456,6.80483916905905e-20
1786740438.6802857,resting,fast,1786740414.1227374,-457.81949385965254,-180.80858803752483,703.5207870960103,13.560644102814546,-34.33646203947413,6.79316974325486e-20
1786740438.7074227,resting,fast,1786740414.1227374,-458.5476898116285,-182.43617560911707,709.1181042630669,13.682713170683972,-34.39107673587243,6.840967149017843e-20
1786740438.7356732,resting,fast,1786740414.1227374,-458.40435859028184,-181.77337891976663,704.2215327244339,13.633003418982728,-34.380326894271334,6.818919455914486e-20
1786740438.7641394,resting,fast,1786740414.1227374,-457.1666081048702,-182.3137679948636,698.4322130604223,13.673532599615175,-34.28749560786545,6.790984092876522e-20
1786740438.7927456,resting,fast,1786740414.1227374,-458.20832797963885,-182.1059144662712,692.285544926608,13.657943584970749,-34.36562459847315,6.823148999947518e-20
1786740438.8211322,resting,fast,1786740414.1227374,-458.1543114269207,-184.0421306597998,693.6473926190984,13.803159799485254,-34.36157335701928,6.793473922024888e-20
1786740438.8493767,resting,fast,1786740414.1227374,-461.1866599548953,-185.53917673791295,698.4755718580072,13.915438255343748,-34.588999496617404,6.868588028670661e-20
1786740438.878873,resting,fast,1786740414.1227374,-462.7323923679078,-184.57120725282846,712.21781634736,13.842840543962328,-34.70492942759322,6.909576519272536e-20
1786740438.906095,resting,fast,1786740414.1227374,-463.69214743688826,-186.070956409602,714.5604022647003,13.955321730720375,-34.776911057766924,6.886620082106464e-20
1786740438.934482,resting,fast,1786740414.1227374,-464.4325829563445,-184.72109732957904,720.9134480953799,13.854082299718744,-34.83244372172597,6.902998839670385e-20
1786740438.963173,resting,fast,1786740414.1227374,-459.0561837899454,-183.9764845376218,704.870825980549,13.798236340321882,-34.429213784246095,6.792493037359428e-20
1786740438.9916246,resting,fast,1786740414.1227374,-458.34766329437116,-181.6409367080372,705.6647210734272,13.623070253103062,-34.376074747077965,6.864366030255901e-20
1786740439.0200055,resting,fast,1786740414.1227374,-454.6806682338988,-178.89945637456935,701.0598429693982,13.417459228092877,-34.10105011754271,6.853228503275275e-20
1786740439.0482457,resting,fast,1786740414.1227374,-457.30612580135903,-179.36763439295544,704.4638382828389,13.452572579471838,-34.29795943510201,6.855704479738364e-20
1786740439.0779707,resting,fast,1786740414.1227374,-458.8982503953039,-181.0908689911853,711.3951841821245,13.58181517433911,-34.417368779648015,6.892296174233055e-20
1786740439.1049962,resting,fast,1786740414.1227374,-461.0048295213942,-185.95013744748746,712.4889338176763,13.946260308561673,-34.575362214104956,6.883805021056608e-20
1786740439.1333828,resting,fast,1786740414.1227374,-460.2783396625982,-184.47591298895588,715.3556430399094,13.835693474172064,-34.52087547469517,6.843723778678197e-20
1786740439.162047,resting,fast,1786740414.1227374,-458.82553979286513,-182.9643174613169,704.6341847821686,13.7223238095992,-34.41191548446524,6.785262215249058e-20
1786740439.190465,resting,fast,1786740414.1227374,-457.1646020416101,-179.1043089834311,699.7241302855764,13.432823173757587,-34.287345153120924,6.746246639268169e-20
1786740439.2187505,resting,fast,1786740414.1227374,-457.782065686235,-179.74206346492076,697.2679841923946,13.48065475986932,-34.3336549264678,6.86493142726436e-20
1786740439.247094,resting,fast,1786740414.1227374,-455.94343864028315,-177.7567306891233,694.2234416517458,13.331754801684415,-34.1957578980214,6.826916226427404e-20
1786740439.276473,resting,fast,1786740414.1227374,-457.98750146991097,-179.05640215189328,699.9010582118253,13.4292301613923,-34.34906261024352,6.873656635016058e-20
1786740439.3034854,resting,fast,1786740414.1227374,-459.0102127747273,-179.42098545179522,704.9140309896802,13.45657390888481,-34.425765958104755,6.821668422843647e-20
1786740439.33244,resting,fast,1786740414.1227374,-461.676351600805,-180.64400686239958,711.8487058197161,13.54830051468021,-34.625726370060626,6.878155691882452e-20
1786740439.3602476,resting,fast,1786740414.1227374,-461.11367475043335,-183.16713532008316,703.134792100178,13.73753514900648,-34.583525606282706,6.809212681850267e-20
1786740439.3886583,resting,fast,1786740414.1227374,-458.5007781493541,-184.7523376798522,692.4258308985836,13.856425325989154,-34.387558361201684,6.789335354224536e-20
1786740439.4172695,resting,fast,1786740414.1227374,-458.2942951136538,-186.6948022762582,696.6523826440607,14.002110170719579,-34.372072133524334,6.796905781774357e-20
1786740439.445542,resting,fast,1786740414.1227374,-459.5150412611988,-185.6457231422362,704.2772843354287,13.923429235668163,-34.4636280945901,6.876341729408163e-20
1786740439.4752612,resting,fast,1786740414.1227374,-460.84444874799556,-183.80853388730247,711.2594930804898,13.78564004154794,-34.56333365609994,6.866773904904506e-20
1786740439.5021563,resting,fast,1786740414.1227374,-460.45848337905863,-180.94326697881445,708.6785743485652,13.570745023411138,-34.53438625342952,6.879857395096306e-20
1786740439.5307057,resting,fast,1786740414.1227374,-459.368829395833,-178.61477542392424,707.6610157954901,13.396108156794423,-34.45266220468767,6.792515309637526e-20
1786740439.5590777,resting,fast,1786740414.1227374,-457.1988958099587,-180.4376954122814,703.9853035936494,13.5328271559214,-34.28991718574709,6.7401821453693e-20
1786740439.5875194,resting,fast,1786740414.1227374,-455.428561585185,-181.22298154936936,697.1328760972656,13.591723616202817,-34.15714211888894,6.678840136376573e-20
1786740439.6160316,resting,fast,1786740414.1227374,-453.40470279886085,-182.73196800185406,694.603921953093,13.704897600139159,-34.005352709914796,6.718169561134815e-20
1786740439.6442406,resting,fast,1786740414.1227374,-455.7028527668217,-181.59267227479552,693.9318098315607,13.619450420609976,-34.17771395751175,6.766070081335317e-20
1786740439.6735153,resting,fast,1786740414.1227374,-456.05754659761396,-184.49341129891923,701.584863801846,13.837005847419139,-34.204315994821364,6.840509176293779e-20
1786740439.700936,resting,fast,1786740414.1227374,-460.2390460758629,-187.39433154964638,711.4646724444283,14.054574866223877,-34.51792845569008,6.886354402946328e-20
1786740439.7294705,resting,fast,1786740414.1227374,-459.6869768832794,-188.15815996816127,713.7434925916868,14.111861997612255,-34.47652326624632,6.855170448560217e-20
1786740439.7579038,resting,fast,1786740414.1227374,-459.2040538278725,-185.8118023060306,710.775726917308,13.935885172952549,-34.440304037090854,6.748008282076344e-20
1786740439.78643,resting,fast,1786740414.1227374,-457.1515459174666,-181.76323026196008,702.9621690812046,13.632242269647133,-34.286365943810125,6.728814728143023e-20
1786740439.8148441,resting,fast,1786740414.1227374,-457.8075239991281,-181.4904310786692,703.9632297948392,13.611782330900407,-34.3355642999348,6.799296556814654e-20
1786740439.8435001,resting,fast,1786740414.1227374,-459.7408504539567,-182.71241760166617,708.661812399645,13.70343132012523,-34.480563784046836,6.84887613761003e-20
1786740439.8722951,resting,fast,1786740414.1227374,-458.0574109770737,-181.27502916695653,708.8732290965272,13.595627187521938,-34.35430582328064,6.87205237696857e-20
1786740439.900055,resting,fast,1786740414.1227374,-460.20317186794955,-184.6180053932843,713.8584093117361,13.846350404496679,-34.51523789009638,6.856107831527477e-20
1786740439.928238,resting,fast,1786740414.1227374,-460.1234177726569,-180.4464592540736,712.060212819646,13.533484444055855,-34.5092563329495,6.905502214706788e-20
1786740439.956781,resting,fast,1786740414.1227374,-460.5312400472517,-181.32022268784556,704.2067658676706,13.599016701588507,-34.53984300354419,6.834520974360324e-20
1786740439.9850175,resting,fast,1786740414.1227374,-456.82090026583955,-176.73512064708802,697.7936663000219,13.255134048531882,-34.26156751993831,6.804633395904652e-20
1786740440.0133126,resting,fast,1786740414.1227374,-456.4189505045988,-179.38731560937867,688.0014650515404,13.45404867070361,-34.23142128784511,6.723148021439027e-20
1786740440.0418642,resting,fast,1786740414.1227374,-455.3399342773391,-179.35156780949535,696.6385671204143,13.45136758571228,-34.15049507080067,6.763728825818066e-20
1786740440.070497,resting,fast,1786740414.1227374,-455.7217023741923,-179.97192326729294,697.4519862057905,13.497894245047231,-34.17912767806438,6.743887432367216e-20
1786740440.098883,resting,fast,1786740414.1227374,-456.6731989591872,-181.2923907790264,711.4499186649373,13.596929308427168,-34.25048992193927,6.805927197893064e-20
1786740440.1270218,resting,fast,1786740414.1227374,-458.3861903606821,-181.39271471900827,708.5988325371372,13.604453603925837,-34.37896427705144,6.794226522591509e-20
1786740440.155731,resting,fast,1786740414.1227374,-463.90787967927736,-182.3655749518282,720.2004984746172,13.677418121387301,-34.79309097594589,6.857982758778324e-20
1786740440.1840482,resting,fast,1786740414.1227374,-459.86422963775567,-178.70122944330683,710.9022544924792,13.402592208248226,-34.489817222832016,6.743822859402103e-20
1786740440.2125587,resting,fast,1786740414.1227374,-463.1042444701561,-179.5369220307116,724.5415102483385,13.465269152303637,-34.73281833526196,6.856038666783563e-20
1786740440.2407558,resting,fast,1786740414.1227374,-456.98955426560997,-178.19261474679206,706.4023735769451,13.364446106009556,-34.274216569920725,6.832399453362484e-20
1786740440.269264,resting,fast,1786740414.1227374,-461.4680074900475,-181.89744063108992,707.8191677797431,13.642308047331898,-34.61010056175361,6.92945104877475e-20
1786740440.2975378,resting,fast,1786740414.1227374,-459.5711564266694,-181.77195167630202,701.5123535681469,13.632896375722947,-34.467836732000265,6.828151948979988e-20
1786740440.3260791,resting,fast,1786740414.1227374,-462.4549557626883,-183.2248292495227,715.5472951887505,13.741862193714471,-34.684121682201905,6.860569935540313e-20
1786740440.3543956,resting,fast,1786740414.1227374,-463.67874535853434,-182.08787620089663,719.0708292587169,13.65659071506742,-34.77590590189035,6.865834438978e-20
1786740440.3828633,resting,fast,1786740414.1227374,-461.37016074199073,-179.5746628132796,708.5115747713635,13.46809971099626,-34.60276205564935,6.822250243247778e-20
1786740440.4112313,resting,fast,1786740414.1227374,-458.90544188588956,-179.88684779249138,695.8327469162923,13.491513584437005,-34.417908141441856,6.718099356009264e-20
1786740440.4393663,resting,fast,1786740414.1227374,-455.5012933848516,-181.12393459657937,690.6870580233162,13.584295094743826,-34.16259700386406,6.758949186487033e-20
1786740440.4680743,resting,fast,1786740414.1227374,-458.0195204651277,-183.62391688774971,699.6864825596385,13.771793766581393,-34.35146403488473,6.849927089905627e-20
1786740440.496382,resting,fast,1786740414.1227374,-461.03622150380124,-184.7760380559215,714.5185662956055,13.858202854194406,-34.577716612785245,7.002423832094523e-20
1786740440.5248268,resting,fast,1786740414.1227374,-462.96185992201845,-184.41246464122014,720.5599946962029,13.830934848091783,-34.72213949415179,6.942674304615398e-20
1786740440.5532837,resting,fast,1786740414.1227374,-463.2006681189923,-185.89772948628354,721.9624869102754,13.94232971147137,-34.740050108924635,6.960451851612874e-20
1786740440.5815094,resting,fast,1786740414.1227374,-459.6016245645501,-183.18677075898302,708.3548843952485,13.739007806923933,-34.470121842341335,6.824642713946007e-20
1786740440.610085,resting,fast,1786740414.1227374,-458.4907853431023,-182.58848131637467,705.173317808144,13.69413609872829,-34.38680890073292,6.811593260898542e-20
1786740440.6384022,resting,fast,1786740414.1227374,-454.3565729376014,-178.1488066325992,700.3662624782255,13.361160497445187,-34.0767429703204,6.71529017726608e-20
1786740440.6668158,resting,fast,1786740414.1227374,-456.70656124527295,-177.31403218177684,710.9075816439181,13.298552413633363,-34.25299209339559,6.806545995222385e-20
1786740440.6953495,resting,fast,1786740414.1227374,-460.0154706073058,-180.62096540021253,715.4404288772976,13.54657240501621,-34.501160295548374,6.881265560555929e-20
1786740440.7236283,resting,fast,1786740414.1227374,-464.5801933706116,-187.65780915588027,723.9673219195765,14.074335686691061,-34.84351450279619,7.001369938881174e-20
1786740440.7520335,resting,fast,1786740414.1227374,-465.6921766608193,-187.16932157262056,717.6173502224347,14.037699117946797,-34.926913249561686,6.929644610201828e-20
1786740440.7803807,resting,fast,1786740414.1227374,-462.75038767170236,-181.24302410945268,710.1673225814993,13.59322680820922,-34.70627907537788,6.866059575651123e-20
1786740440.808698,resting,fast,1786740414.1227374,-460.66054528048926,-179.23074095454717,699.0277728135288,13.442305571591131,-34.5495408960369,6.685030364593064e-20
1786740440.8371258,resting,fast,1786740414.1227374,-459.01724112442344,-182.19334194088287,696.5586307779104,13.664500645566488,-34.42629308433198,6.761014123375893e-20
1786740440.865708,resting,fast,1786740414.1227374,-458.8002139787004,-184.14029998747492,698.6597339559667,13.810522499060841,-34.410016048402795,6.78120147766675e-20
1786740440.8942058,resting,fast,1786740414.1227374,-459.0230031033093,-182.6088112456872,706.0348494530408,13.695660843426754,-34.426725232748346,6.895424815847593e-20
1786740440.9221952,resting,fast,1786740414.1227374,-459.11025644901883,-179.65040868684832,717.5663696002712,13.473780651513803,-34.43326923367661,6.883195839386612e-20
1786740440.9508848,resting,fast,1786740414.1227374,-462.27363555910597,-179.56510627949478,724.1823987243351,13.467382970962422,-34.67052266693313,6.913573657386238e-20
1786740440.9790614,resting,fast,1786740414.1227374,-461.7656588059367,-177.94980556319535,728.1609161148754,13.346235417239878,-34.63242441044545,6.895876734163279e-20
1786740441.007326,resting,fast,1786740414.1227374,-462.1389530133579,-179.5320523218037,720.0406813037134,13.464903924135495,-34.66042147600183,6.897561317845493e-20
1786740441.0357525,resting,fast,1786740414.1227374,-457.78924983406796,-181.57954977957718,712.8031181220904,13.61846623346845,-34.33419373755526,6.860058289714076e-20
1786740441.0647984,resting,fast,1786740414.1227374,-457.6110197636008,-183.73484499653034,701.611865404634,13.780113374740058,-34.32082648227026,6.863957445919412e-20
1786740441.092657,resting,fast,1786740414.1227374,-459.41433030389953,-183.70298266834334,708.4100453002775,13.777723700125986,-34.45607477279257,6.855761582736474e-20
1786740441.1211686,resting,fast,1786740414.1227374,-462.984930062114,-186.0526664336668,714.5043820583505,13.953949982525227,-34.7238697546588,6.902116559986189e-20
1786740441.14941,resting,fast,1786740414.1227374,-465.6774212421801,-181.93167546771463,718.3948350774863,13.644875660078835,-34.92580659316365,6.858831903938543e-20
1786740441.1778579,resting,fast,1786740414.1227374,-465.35311155693034,-181.7276562511903,716.1724073307105,13.629574218839561,-34.90148336677004,6.842509516950434e-20
1786740441.2063286,resting,fast,1786740414.1227374,-462.44579095369136,-178.427725455943,708.0876853145819,13.382079409196034,-34.683434321527145,6.774482003367135e-20
1786740441.2346725,resting,fast,1786740414.1227374,-460.8210791005772,-182.88824034401034,713.543298370385,13.716618025801022,-34.561580932543556,6.860541982253616e-20
1786740441.2632015,resting,fast,1786740414.1227374,-459.5690411236692,-183.4361697642537,713.3495732599304,13.757712732319124,-34.467678084275335,6.906669339480757e-20
1786740441.2912858,resting,fast,1786740414.1227374,-460.6422032190212,-184.91484636074654,720.9575511819303,13.868613477056204,-34.54816524142669,7.013585925688446e-20
1786740441.3198037,resting,fast,1786740414.1227374,-463.5703788032588,-186.25231684032678,721.4905470251624,13.968923763024716,-34.767778410244645,7.038339914691045e-20
1786740441.3484986,resting,fast,1786740414.1227374,-464.4533429421549,-189.84042476856212,720.2884766375582,14.238031857642444,-34.83400072066189,7.150569563651387e-20
1786740441.3767564,resting,fast,1786740414.1227374,-464.7319252456273,-186.1419431553236,727.1520389782527,13.960645736649578,-34.85489439342218,7.145620634233973e-20
1786740441.4050014,resting,fast,1786740414.1227374,-460.45045444537936,-180.26819916843112,715.0231014442434,13.520114937632751,-34.53378408340361,7.010313867152516e-20
1786740441.433565,resting,fast,1786740414.1227374,-456.41433843631967,-175.45493227569125,708.9578449620349,13.159119920677245,-34.23107538272422,6.77368266688267e-20
1786740441.4620464,resting,fast,1786740414.1227374,-457.07899831476925,-177.40993560585628,707.5495211395892,13.305745170439526,-34.28092487360781,6.755736240768458e-20
1786740441.4899962,resting,fast,1786740414.1227374,-460.5001827575579,-179.3077370309884,718.0784885703542,13.448080277324504,-34.53751370681697,6.834789423826885e-20
1786740441.5183842,resting,fast,1786740414.1227374,-466.52036235277455,-181.5763978593759,730.0661598958823,13.61822983945331,-34.989027176458436,6.955936769145129e-20
1786740441.5469418,resting,fast,1786740414.1227374,-463.4816622188823,-179.985983807254,713.0436838414953,13.498948785544261,-34.76112466641643,6.830218420805614e-20
1786740441.5754733,resting,fast,1786740414.1227374,-459.91948712288786,-180.9593453525215,702.8481673683746,13.571950901439376,-34.493961534216915,6.810861644931832e-20
1786740441.603694,resting,fast,1786740414.1227374,-455.25222356174027,-180.68299917304046,690.2786262293739,13.551224937978343,-34.14391676713078,6.765129962211344e-20
1786740441.6323075,resting,fast,1786740414.1227374,-458.2286935803704,-181.91995737407683,700.3571160452357,13.643996803055867,-34.36715201852801,6.839841809790234e-20
1786740441.6606233,resting,fast,1786740414.1227374,-457.8096045996863,-182.40410964602006,708.9606536571009,13.680308223451629,-34.335720344976615,6.822581270230157e-20
1786740441.6888652,resting,fast,1786740414.1227374,-459.942229977803,-181.99437689632975,720.7275710630147,13.649578267224992,-34.495667248335494,6.869900821018974e-20
1786740441.7172883,resting,fast,1786740414.1227374,-459.63852866623984,-183.13946440984193,719.1543378234774,13.735459830738446,-34.47288964996823,6.841388167973174e-20
1786740441.7455137,resting,fast,1786740414.1227374,-461.8395439953201,-184.53255531888976,714.6802883327009,13.839941648916973,-34.637965799649365,6.861405197232789e-20
1786740441.7739806,resting,fast,1786740414.1227374,-460.8043066992823,-185.1823191986689,704.6639560623644,13.888673939900332,-34.56032300244621,6.821041538938964e-20
1786740441.8023279,resting,fast,1786740414.1227374,-459.2868230148774,-181.29935897870575,698.7744530230566,13.597451923403138,-34.446511726116064,6.788705298136348e-20
1786740441.830841,resting,fast,1786740414.1227374,-455.6020293903307,-181.13160521846441,692.6557164029782,13.58487039138505,-34.17015220427488,6.728660765863674e-20
1786740441.8592198,resting,fast,1786740414.1227374,-456.04769593914625,-183.59622763081268,691.1842848338501,13.769717072311234,-34.20357719543623,6.743299554605011e-20
1786740441.889548,resting,fast,1786740414.1227374,-457.6151653470756,-185.21640737986513,697.9607192168933,13.891230553490185,-34.32113740103084,6.788521695641022e-20
1786740441.9162567,resting,fast,1786740414.1227374,-461.7594005770802,-184.14464142628685,709.1748818466649,13.810848106971743,-34.631955043281245,6.817917704463911e-20
1786740441.9443893,resting,fast,1786740414.1227374,-462.85024314919156,-179.74513806263042,715.9450609944397,13.480885354697417,-34.71376823618963,6.793786878682264e-20
1786740441.973105,resting,fast,1786740414.1227374,-459.89896284398264,-182.676402757019,706.9240280817476,13.700730206776651,-34.49242221329889,6.733767524769747e-20
1786740442.0013797,resting,fast,1786740414.1227374,-456.45497457585,-184.47108332696826,694.5934642708262,13.835331249522891,-34.234123093188956,6.69079401104321e-20
1786740442.0297868,resting,fast,1786740414.1227374,-455.2574406085387,-186.63008334791652,686.9861067196161,13.997256251094104,-34.14430804564046,6.69744458358347e-20
1786740442.05829,resting,fast,1786740414.1227374,-455.33522080252305,-185.4684159020021,694.3449651757537,13.910131192650379,-34.150141560189454,6.787922505966257e-20
1786740442.0884788,resting,fast,1786740414.1227374,-457.8665578304958,-184.50883244177373,702.8499892128948,13.838162433133196,-34.33999183728741,6.85340218391537e-20
1786740442.1146793,resting,fast,1786740414.1227374,-459.4346899018128,-182.13733273734476,711.0498916116976,13.660299955301209,-34.45760174263619,6.841662954952814e-20
1786740442.1433656,resting,fast,1786740414.1227374,-461.58929663050503,-181.5567236110595,711.083896041293,13.616754270829691,-34.61919724728813,6.807250405722814e-20
1786740442.171883,resting,fast,1786740414.1227374,-460.5882657544762,-179.04825545144092,706.7731235884867,13.4286191588583,-34.54411993158601,6.782086938720647e-20
1786740442.2000747,resting,fast,1786740414.1227374,-457.4589988483499,-179.4291103028603,698.0801600071563,13.45718327271469,-34.3094249136266,6.766820952486268e-20
1786740442.2285647,resting,fast,1786740414.1227374,-457.3210757016186,-178.4991373284911,694.757154419699,13.387435299637058,-34.29908067762149,6.719003258831333e-20
1786740442.2572396,resting,fast,1786740414.1227374,-459.1223640728358,-182.34399911669152,697.7622035567483,13.675799933752142,-34.434177305462946,6.813887941037807e-20
1786740442.2854402,resting,fast,1786740414.1227374,-459.563875287924,-185.11432113284786,698.9540555806934,13.883574084963808,-34.46729064659441,6.864049861353924e-20
1786740442.3141446,resting,fast,1786740414.1227374,-460.7446938976318,-186.93416465783378,708.2886879828484,14.020062349337739,-34.55585204232244,6.939453164129428e-20
1786740442.3424985,resting,fast,1786740414.1227374,-462.7930918262391,-185.57834902475201,709.8172882112221,13.918376176856622,-34.709481886968064,6.910011331320328e-20
1786740442.3705597,resting,fast,1786740414.1227374,-461.42992502247125,-183.39572422144442,711.2097975703336,13.754679316608513,-34.60724437668563,6.881573121423972e-20
1786740442.3988612,resting,fast,1786740414.1227374,-459.44675337286844,-185.4193199940487,699.9897469431289,13.906448999553813,-34.458506502965115,6.836493889487396e-20
1786740442.427213,resting,fast,1786740414.1227374,-457.98337961762763,-185.33250246131445,699.5220060708725,13.899937684598758,-34.34875347132224,6.767402030103901e-20
1786740442.4556935,resting,fast,1786740414.1227374,-461.860701764268,-183.10438281418817,711.0084073983089,13.732828711064247,-34.63955263232044,6.859918939705542e-20
1786740442.484012,resting,fast,1786740414.1227374,-463.4806219650477,-182.29822673424997,714.0961673069378,13.67236700506901,-34.76104664737877,6.907568252740557e-20
1786740442.512278,resting,fast,1786740414.1227374,-464.55734043897064,-179.43290063695054,726.2402100205109,13.45746754777139,-34.84180053292313,6.897838808277638e-20
1786740442.5407329,resting,fast,1786740414.1227374,-461.8267434782074,-180.0887167332221,716.7753496912092,13.506653754991927,-34.63700576086571,6.801155849314992e-20
1786740442.5692537,resting,fast,1786740414.1227374,-460.96023501498803,-177.10221433809284,712.3281883514255,13.282666075357216,-34.57201762612428,6.717486758141343e-20
1786740442.5974414,resting,fast,1786740414.1227374,-457.1367818182607,-179.31830008129748,696.6959889874397,13.448872506097455,-34.28525863636971,6.804129378327104e-20
1786740442.6258929,resting,fast,1786740414.1227374,-455.5581664277888,-178.86157315320293,693.8616279909202,13.414617986490466,-34.166862482084284,6.779849423012304e-20
1786740442.6544096,resting,fast,1786740414.1227374,-454.45366710910184,-180.04309119912932,697.521738111227,13.503231839934909,-34.0840250331828,6.805528012514604e-20
1786740442.6839437,resting,fast,1786740414.1227374,-456.64280809785805,-178.47696724674233,702.4562303306539,13.385772543505933,-34.248210607339544,6.763996125646843e-20
1786740442.7113378,resting,fast,1786740414.1227374,-457.7761099781346,-180.05001999006367,704.646359667785,13.503751499254985,-34.33320824836032,6.733380963801175e-20
1786740442.739427,resting,fast,1786740414.1227374,-458.31671942630237,-180.38426002424876,712.6811911982268,13.528819501818884,-34.37375395697282,6.832517843304517e-20
1786740442.7677433,resting,fast,1786740414.1227374,-460.0120679171314,-183.31995822505633,710.5309211347267,13.74899686687947,-34.500905093785036,6.863826876720564e-20
1786740442.7963846,resting,fast,1786740414.1227374,-460.01810328289,-185.46669572762482,708.7549779238234,13.91000217957205,-34.50135774621689,6.927085327329065e-20
1786740442.8245792,resting,fast,1786740414.1227374,-460.2622585651402,-185.04244895086902,705.2942347396338,13.87818367131528,-34.51966939238585,6.874659596689472e-20
1786740442.853147,resting,fast,1786740414.1227374,-458.50207699038083,-183.99394903588325,707.4601678088429,13.799546177691472,-34.38765577427868,6.815817440854315e-20
1786740442.8813999,resting,fast,1786740414.1227374,-460.61122703969886,-181.54436589376564,710.9559879180979,13.615827442032728,-34.54584202797756,6.806051872302991e-20
1786740442.909746,resting,fast,1786740414.1227374,-460.7697396379517,-181.32227336343522,711.5935918381201,13.599170502257909,-34.55773047284657,6.803512945424209e-20
1786740442.9382386,resting,fast,1786740414.1227374,-461.4658921660357,-181.1613046692704,715.287200723752,13.587097850195494,-34.60994191245305,6.867463986076062e-20
1786740442.9665568,resting,fast,1786740414.1227374,-460.2550165372918,-182.28479169919535,710.147467442006,13.67135937743986,-34.519126240297055,6.839344265690342e-20
1786740442.9948695,resting,fast,1786740414.1227374,-458.05488186200955,-184.5565024224005,696.6777089615316,13.841737681680339,-34.354116139650884,6.78854457740594e-20
1786740443.0232387,resting,fast,1786740414.1227374,-457.9354980215521,-183.5804096166795,692.4333226752369,13.768530721251235,-34.34516235161661,6.743539106230619e-20
1786740443.0518153,resting,fast,1786740414.1227374,-459.66296489241813,-184.5636042862144,698.8245374676371,13.842270321466234,-34.47472236693155,6.77001008753099e-20
1786740443.0822315,resting,fast,1786740414.1227374,-462.35500367043414,-183.12925251528304,707.4875010723044,13.734693938646462,-34.6766252752827,6.75530265069217e-20
1786740443.108386,resting,fast,1786740414.1227374,-461.40273789982894,-186.5264693206542,704.6090056300272,13.989485199049351,-34.60520534248729,6.757686636853719e-20
1786740443.136866,resting,fast,1786740414.1227374,-459.9227695605132,-183.0418047558395,701.9581439355579,13.728135356688146,-34.494207717038776,6.744323790997304e-20
1786740443.165327,resting,fast,1786740414.1227374,-457.80114006983194,-184.23985628177195,701.0453188712199,13.817989221133072,-34.33508550523754,6.796927971965064e-20
1786740443.19396,resting,fast,1786740414.1227374,-457.52542395857245,-182.86482664221967,704.0490410902967,13.714861998166636,-34.31440679689311,6.842706948924025e-20
1786740443.222282,resting,fast,1786740414.1227374,-458.5357181044292,-184.7850199289835,707.5775035023953,13.85887649467394,-34.39017885783236,6.897946111391988e-20
1786740443.2507093,resting,fast,1786740414.1227374,-461.17275865087504,-184.08138168545668,717.6050750793493,13.806103626409449,-34.587956898815776,6.93430980464791e-20
1786740443.2790904,resting,fast,1786740414.1227374,-458.14233644795695,-183.32637878593812,708.9291571874473,13.74947840894573,-34.36067523359693,6.871799419822583e-20
1786740443.3074913,resting,fast,1786740414.1227374,-457.4531927940284,-182.62084460738902,702.2692357563392,13.696563345554448,-34.30898945955237,6.870934132397142e-20
1786740443.335697,resting,fast,1786740414.1227374,-456.95762701856256,-179.79943191612858,695.0538331658963,13.48495739370983,-34.27182202639229,6.770759367201913e-20
1786740443.3641636,resting,fast,1786740414.1227374,-460.4851917217252,-178.47882413778314,710.7892105222691,13.385911810333877,-34.53638937912955,6.841807286490333e-20
1786740443.3924394,resting,fast,1786740414.1227374,-463.8366381454148,-178.38243959702686,722.5137060045518,13.37868296977729,-34.78774786090634,6.85358366416139e-20
1786740443.420793,resting,fast,1786740414.1227374,-464.61372179709315,-180.4297511224786,723.1679459607612,13.532231334186068,-34.8460291347822,6.87849027262132e-20
1786740443.4492064,resting,fast,1786740414.1227374,-467.01724604372293,-182.41042758310812,720.8420106963467,13.680782068733325,-35.02629345327943,6.83805747899048e-20
1786740443.4775455,resting,fast,1786740414.1227374,-463.2636833528195,-182.4355101904481,715.0212264514284,13.682663264283807,-34.74477625146156,6.793442757375907e-20
1786740443.5062065,resting,fast,1786740414.1227374,-461.2822749109205,-182.25917999524177,713.7655953598978,13.669438499643423,-34.59617061831936,6.832493988537094e-20
1786740443.5344765,resting,fast,1786740414.1227374,-459.9173789057345,-176.7885055518592,708.5255692838855,13.259137916389431,-34.4938034179303,6.831970068566258e-20
1786740443.5627933,resting,fast,1786740414.1227374,-460.15152197594944,-177.57009418592077,704.329199896596,13.317757063944331,-34.51136414819648,6.826352632349277e-20
1786740443.591284,resting,fast,1786740414.1227374,-461.86127459759837,-176.50529474146254,716.8477025125585,13.23789710560997,-34.63959559482003,6.880807622160267e-20
1786740443.6194685,resting,fast,1786740414.1227374,-459.26516055873344,-181.10513996191492,708.2346499023315,13.582885497143874,-34.44488704190525,6.823907668567365e-20
1786740443.6481526,resting,fast,1786740414.1227374,-460.8850487697855,-182.4813024921648,719.0947266925004,13.686097686912593,-34.56637865773412,6.943362432879478e-20
1786740443.6762588,resting,fast,1786740414.1227374,-460.39600627210484,-183.5760487654618,715.6226463069843,13.76820365740998,-34.529700470408116,6.963793558728961e-20
1786740443.704557,resting,fast,1786740414.1227374,-461.07037930276647,-185.63158670786743,722.7437562455489,13.922369003090228,-34.58027844770767,7.029994448486706e-20
1786740443.7331185,resting,fast,1786740414.1227374,-462.95891098354423,-184.76464051700214,717.2392961334617,13.857348038775338,-34.72191832376609,6.90685076251572e-20
1786740443.7613533,resting,fast,1786740414.1227374,-461.00186934607245,-185.40805042134093,709.1050015305791,13.905603781600728,-34.57514020095561,6.868369367773233e-20
1786740443.7899644,resting,fast,1786740414.1227374,-462.8600605401757,-182.18927439257016,721.631271764003,13.664195579443014,-34.71450454051357,6.911604431894576e-20
1786740443.8182538,resting,fast,1786740414.1227374,-460.7942856690902,-185.53171303593717,718.9040903306695,13.914878477695343,-34.55957142518202,6.977456596457993e-20
1786740443.8473363,resting,fast,1786740414.1227374,-460.849198623564,-181.9876817316333,712.7775160764986,13.649076129872686,-34.563689896767535,6.924075497959734e-20
1786740443.875305,resting,fast,1786740414.1227374,-462.49389647735416,-183.46255839454216,704.589940869324,13.759691879590914,-34.687042235801705,6.82995764405807e-20
1786740443.9037294,resting,fast,1786740414.1227374,-461.66109803489735,-179.7091274198267,707.3899575737814,13.478184556487395,-34.624582352617544,6.754137049764885e-20
1786740443.9320722,resting,fast,1786740414.1227374,-464.51322188512995,-181.8160975966381,716.4698773049367,13.636207319748177,-34.838491641384834,6.726453541758736e-20
1786740443.9601715,resting,fast,1786740414.1227374,-460.5243498310256,-179.78419013362225,717.6705137005656,13.483814260021877,-34.53932623732708,6.750124301794119e-20
1786740443.9886434,resting,fast,1786740414.1227374,-461.33829318955395,-179.7456818541898,725.5400462507014,13.48092613906434,-34.600371989216654,6.839003880651071e-20
1786740444.017074,resting,fast,1786740414.1227374,-461.48507451874093,-183.0717280751045,728.520257557896,13.730379605633171,-34.61138058890574,6.95701249017181e-20
1786740444.0452912,resting,fast,1786740414.1227374,-463.7867830308801,-184.0415693068527,724.6322994893762,13.803117698014159,-34.78400872731621,6.959358625053732e-20
1786740444.073805,resting,fast,1786740414.1227374,-464.33388192170196,-186.1851822099153,713.2585523848556,13.963888665744069,-34.82504114412777,6.924388331739871e-20
1786740444.1022274,resting,fast,1786740414.1227374,-460.7534988686898,-182.36143039648834,701.277979495333,13.677107279736877,-34.55651241515209,6.788036487890658e-20
1786740444.1308317,resting,fast,1786740414.1227374,-460.74622099058934,-182.154537384626,700.8763238706961,13.661590303847209,-34.55596657429441,6.77035715014244e-20
1786740444.1590729,resting,fast,1786740414.1227374,-458.86643556446415,-180.4038654121398,707.2112477810524,13.53028990591056,-34.414982667334925,6.795429007011441e-20
1786740444.1873493,resting,fast,1786740414.1227374,-459.7389321838841,-181.18465379405018,706.6113541379582,13.588849034553878,-34.48041991379146,6.844502520628323e-20
1786740444.2160335,resting,fast,1786740414.1227374,-458.8955566949462,-180.83602723713454,713.9556045065165,13.562702042785308,-34.41716675212118,6.893923044364134e-20
1786740444.2463229,resting,fast,1786740414.1227374,-458.262535661318,-181.04978999016407,705.8739662041344,13.57873424926245,-34.3696901745991,6.798848066527457e-20
1786740444.272605,resting,fast,1786740414.1227374,-460.2564148435663,-181.18621791626674,715.5858742095388,13.588966343720205,-34.51923111326772,6.822891452940349e-20
1786740444.3009458,resting,fast,1786740414.1227374,-460.1411781840561,-183.82489498291216,707.6928698285647,13.786867123718611,-34.51058836380435,6.783960557676102e-20
1786740444.3294547,resting,fast,1786740414.1227374,-457.6446377675561,-181.41932697843902,705.4719957071547,13.606449523383215,-34.323347832566895,6.692338077122661e-20
1786740444.3577018,resting,fast,1786740414.1227374,-456.8415199906308,-180.6350500607557,702.0377055341942,13.547628754557007,-34.26311399929756,6.697707275108755e-20
1786740444.3861363,resting,fast,1786740414.1227374,-456.44015812981934,-179.39993973418632,702.1700593289188,13.454995480064223,-34.23301185973653,6.706338445614691e-20
1786740444.4146595,resting,fast,1786740414.1227374,-461.0955843652446,-181.32884442849638,716.8672120701576,13.599663332137421,-34.58216882739354,6.959637047255503e-20
1786740444.4431405,resting,fast,1786740414.1227374,-460.76582413723327,-183.53799768100998,715.0178563162644,13.765349826075873,-34.557436810292714,6.910202519315476e-20
1786740444.471629,resting,fast,1786740414.1227374,-465.8176010431325,-184.67527607063766,728.6481826989093,13.85064570529823,-34.93632007823512,6.999402619730853e-20
1786740444.5002337,resting,fast,1786740414.1227374,-465.04472109346125,-185.56063569257117,717.6542205973365,13.917047676943096,-34.8783540820099,6.870032289810194e-20
1786740444.5282018,resting,fast,1786740414.1227374,-465.5311731984348,-185.33077337232896,717.6016860722866,13.899808002924832,-34.914837989882884,6.956901146600863e-20
1786740444.556604,resting,fast,1786740414.1227374,-460.7082441804537,-184.4108939493699,708.2778631808324,13.830817046202956,-34.55311831353425,6.953940449079817e-20
1786740444.5849628,resting,fast,1786740414.1227374,-462.1210472048997,-185.65721564333182,704.8705201792218,13.92429117325003,-34.659078540367624,6.975394434004695e-20
1786740444.6132314,resting,fast,1786740414.1227374,-462.54081827057416,-185.37018746833803,702.4892128581159,13.902764060125453,-34.69056137029331,6.940721097444918e-20
1786740444.641779,resting,fast,1786740414.1227374,-461.45988683196674,-185.0572031891163,703.2059237755193,13.879290239183934,-34.60949151239764,6.895027784037902e-20
1786740444.6701462,resting,fast,1786740414.1227374,-460.6246834235026,-183.5527943725923,709.4324744968962,13.76645957794469,-34.54685125676309,6.863772527597345e-20
1786740444.6984603,resting,fast,1786740414.1227374,-459.5113130790969,-185.63446418336878,710.6111688763458,13.92258481375281,-34.46334848093247,6.825729853764432e-20
1786740444.7269568,resting,fast,1786740414.1227374,-462.36502660812994,-186.31069496557677,712.0805634350272,13.973302122418549,-34.67737699561003,6.839667515388574e-20
1786740444.7554154,resting,fast,1786740414.1227374,-461.42664734145,-186.05685221869783,707.4397209468589,13.954263916402578,-34.60699855060906,6.919628774757863e-20
1786740444.7838454,resting,fast,1786740414.1227374,-463.4045113409429,-185.92020639200348,713.1883839335005,13.94401547940053,-34.755338350570874,7.005794471590314e-20
1786740444.8122497,resting,fast,1786740414.1227374,-461.38232465714555,-186.87652082869852,710.1567335395812,14.015739062152523,-34.60367434928605,6.976230833076786e-20
1786740444.8403466,resting,fast,1786740414.1227374,-461.3077931082098,-188.02602931949423,712.4073343449218,14.10195219896222,-34.59808448311591,6.914204647119194e-20
1786740444.8693643,resting,fast,1786740414.1227374,-459.1229822226842,-185.8538137249535,706.5795200829316,13.939036029371653,-34.434223666701435,6.742113555838496e-20
1786740444.8972914,resting,fast,1786740414.1227374,-460.7135036749655,-183.96337776262328,707.9991082335591,13.79725333219702,-34.55351277562263,6.782870580612002e-20
1786740444.9258063,resting,fast,1786740414.1227374,-459.68853235369625,-178.96822730165604,702.3336763490097,13.42261704762453,-34.47663992652733,6.768130665089482e-20
1786740444.9540405,resting,fast,1786740414.1227374,-461.41143219603146,-179.92813672592763,701.7602561647045,13.494610254444854,-34.60585741470247,6.905352310718196e-20
1786740444.982443,resting,fast,1786740414.1227374,-457.97522969513557,-182.172691408412,689.2328652261995,13.662951855631196,-34.34814222713548,6.823709071354774e-20
1786740445.0107677,resting,fast,1786740414.1227374,-458.5660603786496,-185.48886848223583,700.2714374585757,13.911665136167795,-34.392454528398936,6.894191716070714e-20
1786740445.0391247,resting,fast,1786740414.1227374,-457.34470863548495,-184.95159798340205,704.6373430860913,13.87136984875541,-34.30085314766168,6.876825870857495e-20
1786740445.0675418,resting,fast,1786740414.1227374,-458.48842093562916,-179.73095492391985,716.6780519688764,13.47982161929431,-34.38663157017248,6.90755258322527e-20
1786740445.09599,resting,fast,1786740414.1227374,-459.24036280353585,-180.5182542559569,719.7456957260638,13.538869069196988,-34.443027210265456,6.90853614411254e-20
1786740445.1244786,resting,fast,1786740414.1227374,-458.97321528330986,-181.42308121988037,710.5386183002383,13.606731091491358,-34.42299114624834,6.878073103641933e-20
1786740445.152814,resting,fast,1786740414.1227374,-458.0379903865846,-183.32162161486463,704.7241336596562,13.749121621114998,-34.35284927899404,6.86073371592967e-20
1786740445.181411,resting,fast,1786740414.1227374,-454.8287042349134,-184.98769860489176,687.9561737692893,13.874077395367163,-34.11215281761885,6.751806911685123e-20
1786740445.2098935,resting,fast,1786740414.1227374,-456.74673532547604,-182.0713891671528,706.2113670228882,13.655354187536783,-34.256005149410825,6.798834197575996e-20
1786740445.23979,resting,fast,1786740414.1227374,-456.726411832326,-183.08545009706108,706.9358313539369,13.731408757279876,-34.25448088742464,6.753133523987736e-20
1786740445.2666597,resting,fast,1786740414.1227374,-459.2178152414567,-181.18789587655306,720.2496438722137,13.589092190741805,-34.441336143109545,6.805530622165289e-20
1786740445.2948925,resting,fast,1786740414.1227374,-458.5787126050068,-183.19681254685293,711.537958546467,13.739760941014293,-34.39340344537569,6.768846772156307e-20
1786740445.3233683,resting,fast,1786740414.1227374,-459.87033071122323,-184.73042649653826,706.8537934137921,13.854781987240631,-34.49027480334181,6.808373084461236e-20
1786740445.3518429,resting,fast,1786740414.1227374,-459.2232389718415,-183.39300419486415,697.6117864055796,13.754475314615195,-34.44174292288822,6.761154385334741e-20
1786740445.3800726,resting,fast,1786740414.1227374,-458.124938123603,-182.99721017692445,697.4996658434593,13.724790763269628,-34.35937035927053,6.73919417066186e-20
1786740445.4084368,resting,fast,1786740414.1227374,-457.3828579971969,-181.30070985056318,701.3813750753097,13.597553238792518,-34.30371434979002,6.809243035391146e-20
1786740445.437298,resting,fast,1786740414.1227374,-457.20007814766495,-183.1538106163415,704.3442380600163,13.736535796225834,-34.29000586107518,6.875852791108916e-20
1786740445.4652739,resting,fast,1786740414.1227374,-457.77682080617114,-185.78991022058688,712.3628412702674,13.934243266544168,-34.33326156046311,6.964133403031304e-20
1786740445.4938073,resting,fast,1786740414.1227374,-458.88721766508706,-185.06687666040534,722.8855393358517,13.880015749530589,-34.41654132488166,6.956631615749675e-20
1786740445.5218155,resting,fast,1786740414.1227374,-458.3065533624772,-183.75323610436396,722.5443426308511,13.7814927078275,-34.37299150218599,6.889090078441202e-20
1786740445.5504725,resting,fast,1786740414.1227374,-459.9552159223699,-182.8058016848563,710.8951790781275,13.710435126364391,-34.49664119417794,6.806483455486696e-20
1786740445.5789676,resting,fast,1786740414.1227374,-459.45427367513594,-181.49279980118263,704.4087439747464,13.61195998508909,-34.45907052563554,6.765367241965799e-20
1786740445.6072676,resting,fast,1786740414.1227374,-461.96104939621273,-183.9166636182415,709.6127281044992,13.79374977136835,-34.64707870471613,6.812355465636864e-20
1786740445.6373532,resting,fast,1786740414.1227374,-461.25658312968835,-181.70497148389916,720.2124040686722,13.627872861292634,-34.59424373472667,6.890347692403646e-20
1786740445.663931,resting,fast,1786740414.1227374,-461.52422390045376,-185.1871451871948,717.5185582405502,13.889035889039722,-34.61431679253431,6.892986031780531e-20
1786740445.6922915,resting,fast,1786740414.1227374,-460.46917861283464,-185.17212727856656,711.8056563273658,13.887909545892665,-34.53518839596279,6.876769537585194e-20
1786740445.7207184,resting,fast,1786740414.1227374,-460.1707929427075,-186.30317832979608,706.2778195569481,13.972738374734941,-34.51280947070343,6.851492516540477e-20
1786740445.7492115,resting,fast,1786740414.1227374,-456.7006717118511,-181.55890104118305,699.1395923103255,13.61691757808904,-34.25255037838887,6.785997440531435e-20
1786740445.7776322,resting,fast,1786740414.1227374,-457.2196242800169,-178.769066338916,701.0899296758234,13.407679975418997,-34.291471821001515,6.814596093825076e-20
1786740445.8060756,resting,fast,1786740414.1227374,-458.6727150886027,-179.8689642834712,701.1897716563271,13.490172321260541,-34.400453631645355,6.889519071842289e-20
1786740445.834619,resting,fast,1786740414.1227374,-460.87500866618393,-182.91605967061275,712.0273874021477,13.718704475296168,-34.56562564996395,6.937539376576909e-20
1786740445.863059,resting,fast,1786740414.1227374,-460.59792261690427,-185.24034523025796,711.1631404127065,13.89302589226956,-34.544844196267995,6.936794688860346e-20
1786740445.891219,resting,fast,1786740414.1227374,-457.6672501593466,-180.95157265593605,711.6076966958126,13.571367949195459,-34.325043761951186,6.812366630987657e-20
1786740445.9194996,resting,fast,1786740414.1227374,-460.7503083992847,-180.49296515987078,715.3700106786473,13.536972386990552,-34.556273129946526,6.832896392423385e-20
1786740445.9481719,resting,fast,1786740414.1227374,-461.88750022914746,-179.19272929092153,713.4791903814394,13.439454696819414,-34.641562517186216,6.844746708257169e-20
1786740445.9762673,resting,fast,1786740414.1227374,-462.8837540383133,-180.24483810203765,712.7920815507996,13.518362857653148,-34.71628155287376,6.901659037681836e-20
1786740446.0048263,resting,fast,1786740414.1227374,-461.6300445827196,-182.46627061653044,703.5512819732166,13.684970296240063,-34.62225334370424,6.940988364612794e-20
1786740446.0355897,resting,fast,1786740414.1227374,-459.8123134573884,-181.82771014758475,703.8135179744222,13.637078261069068,-34.48592350930439,6.901222398508746e-20
1786740446.0614834,resting,fast,1786740414.1227374,-459.2633063082394,-181.7671747981127,709.4582720909011,13.632538109858682,-34.44474797311829,6.931365606772326e-20
1786740446.0900445,resting,fast,1786740414.1227374,-457.89746643212857,-181.1575986449226,707.9442300796309,13.586819898369544,-34.34230998240984,6.844623324304709e-20
1786740446.1186652,resting,fast,1786740414.1227374,-457.5933612990666,-180.69201927638858,712.4204593063669,13.551901445729431,-34.31950209743008,6.870121952629123e-20
1786740446.1468585,resting,fast,1786740414.1227374,-454.2261546314744,-181.33698735717383,692.5483761150927,13.600274051788244,-34.06696159736067,6.737168792213175e-20
1786740446.1753278,resting,fast,1786740414.1227374,-453.1102299453287,-179.86661339085765,693.8406734364507,13.48999600431463,-33.9832672458999,6.76669038581371e-20
1786740446.2037735,resting,fast,1786740414.1227374,-455.42413498821315,-178.85288011159025,690.4309361354863,13.413966008369503,-34.15681012411614,6.752207120835883e-20
1786740446.2318857,resting,fast,1786740414.1227374,-457.7319996771621,-178.19948407785353,700.9679862678568,13.364961305839348,-34.32989997578742,6.834995470543723e-20
1786740446.2604568,resting,fast,1786740414.1227374,-459.62128161574856,-177.8967528321872,710.8045581054257,13.342256462414216,-34.4715961211813,6.87599122507441e-20
1786740446.2889695,resting,fast,1786740414.1227374,-461.88500075926186,-178.70509611539865,720.7927917300949,13.402882208655104,-34.64137505694472,6.894349925513968e-20
1786740446.317294,resting,fast,1786740414.1227374,-463.6106983917948,-180.65178728337116,729.6198712015148,13.548884046253104,-34.77080237938483,6.921563199141012e-20
1786740446.3455005,resting,fast,1786740414.1227374,-463.3487215288078,-181.0945722979484,723.9524874780345,13.58209292234643,-34.75115411466082,6.876045945187376e-20
1786740446.3740776,resting,fast,1786740414.1227374,-458.55570981587425,-181.38521526980685,713.8976393372432,13.603891145235675,-34.391678236190714,6.873066553526704e-20
1786740446.4025307,resting,fast,1786740414.1227374,-458.38763690185397,-181.57990696316415,705.1939867845322,13.618493022237526,-34.3790727676393,6.843957937315891e-20
1786740446.4313998,resting,fast,1786740414.1227374,-458.32676722878796,-182.5901523433031,702.7405719084618,13.694261425748063,-34.374507542159286,6.848157254992924e-20
1786740446.4592223,resting,fast,1786740414.1227374,-459.7017782299872,-183.59150107066898,715.4534613640244,13.769362580300427,-34.47763336724925,6.874087775281607e-20
1786740446.487486,resting,fast,1786740414.1227374,-462.33251282969695,-182.24228514792958,718.9003050569991,13.668171386095036,-34.67493846222744,6.859753543027627e-20
1786740446.5157883,resting,fast,1786740414.1227374,-460.95299308611766,-180.7964446842442,714.9836498851591,13.559733351318453,-34.57147448145873,6.840224228570159e-20
1786740446.5440724,resting,fast,1786740414.1227374,-458.9746361702187,-179.51365729866473,695.917483047815,13.463524297400031,-34.42309771276653,6.72742409345133e-20
1786740446.572605,resting,fast,1786740414.1227374,-457.2726424691805,-179.79285580540147,696.1773850502759,13.48446418540529,-34.295448185188604,6.76091384749627e-20
1786740446.601194,resting,fast,1786740414.1227374,-455.72499114356924,-180.10016079545426,698.6678969151635,13.507512059659344,-34.1793743357679,6.696567172750457e-20
1786740446.629237,resting,fast,1786740414.1227374,-456.44265400080894,-182.3878074454899,708.0403762695523,13.679085558411995,-34.23319905006093,6.822174286587037e-20
1786740446.657623,resting,fast,1786740414.1227374,-455.5839997170092,-180.2242200313774,711.4539746372193,13.516816502353489,-34.168799978775795,6.801905288550473e-20
1786740446.6863468,resting,fast,1786740414.1227374,-458.5995993188444,-179.99133692184898,714.5614962290929,13.499350269138919,-34.39496994891356,6.942900554029878e-20
1786740446.7145894,resting,fast,1786740414.1227374,-461.9815074858934,-178.44745555740326,717.6697559516433,13.383559166805487,-34.648613061442056,6.916406930563149e-20
1786740446.7428384,resting,fast,1786740414.1227374,-459.3773726439931,-177.7198585707407,703.3062171138899,13.328989392805784,-34.453302948299644,6.845602680550768e-20
