ts,label,session_type,experiment_start_ts,fx,fy,fz,mx,my,mz
1786739449.199068,resting,fast,1786739448.8772085,-474.1879336953957,-189.6289081905801,751.7951314723668,14.222168114293769,-35.56409502715491,7.274940452717103e-20
1786739449.203677,resting,fast,1786739448.8772085,-469.46127856472776,-187.7129146125011,723.2387674136298,14.07846859593764,-35.209595892354734,7.111731012560935e-20
1786739449.2047374,resting,fast,1786739448.8772085,-467.0382044808657,-186.58451804896356,717.0704052627443,13.993838853672433,-35.02786533606511,7.1184822421843e-20
1786739449.2098598,resting,fast,1786739448.8772085,-465.4019426278328,-184.13400704178014,715.8332804332704,13.810050528133619,-34.90514569708757,7.100106900437609e-20
1786739449.2108653,resting,fast,1786739448.8772085,-465.7545649413564,-183.47408498101925,725.9237380096602,13.760556373576694,-34.93159237060182,7.157857545866714e-20
1786739449.2120647,resting,fast,1786739448.8772085,-467.01649155146424,-179.0925122250893,740.4904815335376,13.43193841688191,-35.02623686635994,7.226303412273202e-20
1786739449.2375445,resting,fast,1786739448.8772085,-468.19138767083405,-181.49851942230578,735.9620771318569,13.612388956673175,-35.114354075312825,7.071479680826192e-20
1786739449.2659922,resting,fast,1786739448.8772085,-469.4790489240536,-182.3118423100126,742.425643497576,13.67338817325108,-35.210928669304174,7.108687608416529e-20
1786739449.2942817,resting,fast,1786739448.8772085,-470.86735039950236,-188.54688652937352,732.4387794191516,14.14101648970328,-35.31505127996284,6.995796571117931e-20
1786739449.3228168,resting,fast,1786739448.8772085,-468.179161997301,-189.62081967350343,724.0136713902839,14.221561475512924,-35.11343714979761,7.01208097826275e-20
1786739449.3512208,resting,fast,1786739448.8772085,-465.5950379842707,-187.5703703902418,718.4325654063869,14.067777779268265,-34.91962784882038,6.89636627929657e-20
1786739449.3797529,resting,fast,1786739448.8772085,-464.35765637826717,-186.4098291145492,716.0742047850672,13.980737183591547,-34.82682422837022,6.844951838493107e-20
1786739449.4078994,resting,fast,1786739448.8772085,-463.73834316846296,-183.9631735933009,723.203302429738,13.7972380194978,-34.78037573763489,6.95620617047121e-20
1786739449.4362872,resting,fast,1786739448.8772085,-463.56273193000334,-183.6686511548645,724.5645247903576,13.775148836615084,-34.767204894750364,6.945072401785532e-20
1786739449.464877,resting,fast,1786739448.8772085,-464.9122922310444,-182.75489619992527,726.1185419889634,13.706617214994534,-34.868421917328405,7.009682080404797e-20
1786739449.493051,resting,fast,1786739448.8772085,-465.1011549770774,-182.12021906456118,723.1014148010217,13.659016429842357,-34.88258662328095,6.937036925396077e-20
1786739449.521637,resting,fast,1786739448.8772085,-464.74838998145424,-183.96897398527608,715.5607722805271,13.797673048895863,-34.85612924860913,6.932843379263722e-20
1786739449.5501688,resting,fast,1786739448.8772085,-461.81340185760337,-184.9731811059537,713.6003872996325,13.872988582946693,-34.63600513932046,6.892345367123024e-20
1786739449.5785718,resting,fast,1786739448.8772085,-461.07569456289866,-183.0602153685894,717.5049851794902,13.729516152644191,-34.58067709221759,6.89035735358712e-20
1786739449.606641,resting,fast,1786739448.8772085,-461.51232297759,-181.85160891379178,716.0619108996007,13.638870668534704,-34.61342422331945,6.910623381340845e-20
1786739449.6350405,resting,fast,1786739448.8772085,-461.55571293321054,-179.2887864721115,713.6632432964916,13.446658985408558,-34.61667846999084,6.870917602268455e-20
1786739449.6635702,resting,fast,1786739448.8772085,-461.1104126103519,-181.7560533740326,702.7979498038503,13.631704003052715,-34.5832809457765,6.847357027037011e-20
1786739449.6937234,resting,fast,1786739448.8772085,-462.9462545608126,-182.35893134708715,709.6637938225995,13.676919851031716,-34.72096909206115,6.888017142843857e-20
1786739449.7202206,resting,fast,1786739448.8772085,-462.31103775987003,-186.65587430609332,709.7816098775611,13.999190572957207,-34.67332783199049,6.937955355458827e-20
1786739449.7485027,resting,fast,1786739448.8772085,-464.8329421585404,-187.7237580001738,714.6255873503587,14.079281850013228,-34.862470661890654,6.974326838843762e-20
1786739449.7770846,resting,fast,1786739448.8772085,-463.843046656551,-186.78774339375605,713.6899546135173,14.009080754531848,-34.78822849924168,6.948015245745471e-20
1786739449.8055177,resting,fast,1786739448.8772085,-464.5119262983876,-184.12650064425247,705.1832746811442,13.809487548319137,-34.8383944723792,6.924246618299895e-20
1786739449.8338747,resting,fast,1786739448.8772085,-464.27706059248794,-182.9887700497519,703.0350447728315,13.724157753731664,-34.820779544436746,6.922267060165954e-20
1786739449.8622851,resting,fast,1786739448.8772085,-464.50772860553434,-185.13400381549695,700.8241705486726,13.885050286162535,-34.83807964541533,6.987590996774504e-20
1786739449.8918679,resting,fast,1786739448.8772085,-465.62847525203597,-184.99268923970044,715.7189791866795,13.874451692977818,-34.922135643902934,7.000373191795856e-20
1786739449.9194381,resting,fast,1786739448.8772085,-466.1518581130422,-186.0483240611934,725.3432908007235,13.953624304589571,-34.96138935847837,7.02910616512563e-20
1786739449.94741,resting,fast,1786739448.8772085,-465.6036851599015,-184.46167739766315,722.7061648965473,13.834625804825084,-34.92027638699274,6.958824672194769e-20
1786739449.9759266,resting,fast,1786739448.8772085,-465.53827052418364,-183.9050364160039,721.8228318973306,13.79287773120041,-34.91537028931398,6.972480494049658e-20
1786739450.0042048,resting,fast,1786739448.8772085,-462.43310539916183,-182.8694126288051,707.7026508520712,13.715205947160566,-34.682482904937395,6.906316718380022e-20
1786739450.0325081,resting,fast,1786739448.8772085,-462.24433708263814,-182.53434024354328,703.5291859260669,13.690075518266116,-34.66832528119805,6.857728693226961e-20
1786739450.0608673,resting,fast,1786739448.8772085,-460.68173848804554,-182.0993112183038,698.4452054090534,13.657448341373065,-34.55113038660374,6.80047824854875e-20
1786739450.090722,resting,fast,1786739448.8772085,-463.3040864886161,-180.2537704557941,707.8091096069393,13.51903278418484,-34.74780648664619,6.859840048883886e-20
1786739450.1177456,resting,fast,1786739448.8772085,-465.7916099395866,-183.77294827548508,725.8212254771979,13.782971120661646,-34.93437074546929,6.93858111160715e-20
1786739450.146249,resting,fast,1786739448.8772085,-467.23679430784114,-184.56081734319457,731.2244045539092,13.842061300739896,-35.04275957308814,7.015086204404742e-20
1786739450.1744971,resting,fast,1786739448.8772085,-466.434694227582,-186.42819614259122,730.8786260918741,13.982114710694564,-34.98260206706886,7.009182547005134e-20
1786739450.202824,resting,fast,1786739448.8772085,-463.9546835558863,-183.5666601030257,722.4485649730859,13.76749950772724,-34.7966012666917,6.986799602397977e-20
1786739450.231389,resting,fast,1786739448.8772085,-464.9014483468427,-183.9605341292148,725.5287445652766,13.797040059691259,-34.86760862601343,6.988604789057566e-20
1786739450.259538,resting,fast,1786739448.8772085,-464.5457039995986,-183.44900607844863,725.609963919921,13.758675455883921,-34.840927799970125,6.961463174204247e-20
1786739450.2880688,resting,fast,1786739448.8772085,-465.2336010576637,-183.31715017182694,721.9972297605409,13.748786262887268,-34.89252007932495,6.920660967639129e-20
1786739450.316591,resting,fast,1786739448.8772085,-464.2855962931071,-185.93169790865568,719.9960696896351,13.944877343149518,-34.82141972198332,6.940268760519721e-20
1786739450.3449254,resting,fast,1786739448.8772085,-463.28819714616156,-184.67358851877464,713.1964617984577,13.850519138908371,-34.74661478596238,6.91798616445658e-20
1786739450.373472,resting,fast,1786739448.8772085,-463.00894908173814,-185.98888935824266,712.8121845908308,13.94916670186841,-34.72567118113052,6.948805257544962e-20
1786739450.4014707,resting,fast,1786739448.8772085,-463.70556831899466,-183.73079072589803,709.7492747601555,13.779809304442583,-34.77791762392475,6.878341820850254e-20
1786739450.4299512,resting,fast,1786739448.8772085,-463.50849856197055,-183.37274324562213,715.2761361535868,13.752955743421811,-34.76313739214805,6.872592093583076e-20
1786739450.4582613,resting,fast,1786739448.8772085,-462.17312929071704,-180.98906266935523,715.4130595369124,13.5741797002018,-34.662984696804,6.89858408867656e-20
1786739450.4865475,resting,fast,1786739448.8772085,-462.90690137219326,-178.73066057061988,719.8041252827734,13.404799542796656,-34.71801760291469,6.924177513924284e-20
1786739450.5150175,resting,fast,1786739448.8772085,-464.7096413059717,-177.71916749307331,724.222440684819,13.328937561980705,-34.85322309794805,6.957550764145092e-20
1786739450.5434573,resting,fast,1786739448.8772085,-466.1559092109628,-180.11592093378226,727.0309995066591,13.50869407003395,-34.96169319082237,6.925504331034273e-20
1786739450.5719557,resting,fast,1786739448.8772085,-464.88949703872777,-178.63676179296954,719.9534618686757,13.397757134473014,-34.86671227790474,6.859808362359207e-20
1786739450.6003647,resting,fast,1786739448.8772085,-464.3449698847853,-179.42345755017573,719.2922868795249,13.45675931626337,-34.82587274135899,6.89072223092747e-20
1786739450.6290655,resting,fast,1786739448.8772085,-464.4584688983482,-178.3610232266658,721.4190891737953,13.377076742000146,-34.834385167376254,6.945366040350726e-20
1786739450.6570008,resting,fast,1786739448.8772085,-464.52440148482856,-183.43299301498826,723.8242118886983,13.75747447612429,-34.839330111362315,7.077877542827436e-20
1786739450.685407,resting,fast,1786739448.8772085,-463.721327365643,-186.456464121757,716.4709774236644,13.984234809132001,-34.77909955242358,6.979401661578182e-20
1786739450.7139664,resting,fast,1786739448.8772085,-464.1093192584226,-186.65568485453025,714.5648473277461,13.999176364090058,-34.80819894438192,6.940651503132729e-20
1786739450.7427182,resting,fast,1786739448.8772085,-463.32641713503835,-186.05221326301876,716.0679015086826,13.953915994726632,-34.749481285128205,6.875435365780318e-20
1786739450.7708998,resting,fast,1786739448.8772085,-464.53010261684494,-184.79160741242788,721.922510594266,13.859370555932248,-34.83975769626376,6.941291237435862e-20
1786739450.7992299,resting,fast,1786739448.8772085,-462.8383596478975,-183.73036861852677,719.3374423501718,13.779777646389729,-34.712876973592536,6.912605472833849e-20
1786739450.8281567,resting,fast,1786739448.8772085,-463.06281612791327,-183.91049043913176,718.9114652300086,13.793286782935073,-34.729711209593674,6.914791253218236e-20
1786739450.8560648,resting,fast,1786739448.8772085,-462.7869054939115,-183.5508817323497,716.640230670565,13.766316129926505,-34.70901791204343,6.903535934505933e-20
1786739450.8842206,resting,fast,1786739448.8772085,-462.09860425496845,-183.45408704601027,714.3372003431559,13.759056528450945,-34.65739531912274,6.904549939212308e-20
1786739450.914951,resting,fast,1786739448.8772085,-462.22934645086934,-179.95769943580626,717.8029676058941,13.496827457685743,-34.667200983815505,6.892224859971113e-20
1786739450.9410508,resting,fast,1786739448.8772085,-462.48726787582655,-179.9275503259446,719.0877323861259,13.49456627444594,-34.6865450906872,6.888319095663547e-20
1786739450.9691732,resting,fast,1786739448.8772085,-466.8713799846696,-180.620193406804,725.0497212926102,13.54651450551059,-35.015353498850274,6.902094952246569e-20
1786739450.997712,resting,fast,1786739448.8772085,-467.89848251742706,-182.36327140682954,723.2879077158532,13.67724535551238,-35.09238618880725,6.927707619314497e-20
1786739451.025921,resting,fast,1786739448.8772085,-466.3205292448488,-182.7038380581597,718.5343797948972,13.702787854362253,-34.97403969336384,6.926378953075689e-20
1786739451.05439,resting,fast,1786739448.8772085,-462.72272906782746,-182.48341729199126,715.398948416283,13.68625629689961,-34.70420468008725,6.891405858197185e-20
1786739451.0830176,resting,fast,1786739448.8772085,-461.6456904919455,-183.33851790675737,718.2355175133007,13.750388843006942,-34.62342678689613,6.90262935386903e-20
1786739451.1145935,resting,fast,1786739448.8772085,-461.73124998696267,-182.7224935299256,718.4099739866706,13.704187014744537,-34.62984374902236,6.879789401070248e-20
1786739451.139757,resting,fast,1786739448.8772085,-462.7276630725687,-183.05970190466473,718.5147946587767,13.729477642849954,-34.70457473044299,6.92486273227351e-20
1786739451.1678236,resting,fast,1786739448.8772085,-463.5545125384074,-183.53681897198885,714.1065646060033,13.765261422899304,-34.76658844038084,6.903540256741681e-20
1786739451.196432,resting,fast,1786739448.8772085,-464.49747901289857,-183.67827843991984,716.9128262906643,13.775870882994145,-34.83731092596769,6.960884325745619e-20
1786739451.2249331,resting,fast,1786739448.8772085,-464.30289840995556,-184.86727120420562,713.5803299255413,13.865045340315593,-34.82271738074672,6.967066860066723e-20
1786739451.2534244,resting,fast,1786739448.8772085,-461.73926716832966,-183.31513796472166,707.1992288961719,13.748635347354305,-34.63044503762476,6.895640734571146e-20
1786739451.281466,resting,fast,1786739448.8772085,-461.0466070769776,-184.30558763651538,708.6048713905375,13.822919072738738,-34.57849553077363,6.85540026740242e-20
1786739451.3098779,resting,fast,1786739448.8772085,-461.5670125673887,-183.9527372216105,710.6901629032009,13.796455291620926,-34.617525942554366,6.824174595688293e-20
1786739451.3380928,resting,fast,1786739448.8772085,-464.65179049802646,-184.51051418953364,721.7138378148184,13.838288564215357,-34.848884287352185,6.923656293770393e-20
1786739451.3667192,resting,fast,1786739448.8772085,-464.6882586646411,-183.4731042680654,719.2525772520867,13.760482820105185,-34.85161939984836,6.905521474553687e-20
1786739451.394997,resting,fast,1786739448.8772085,-463.4919172816899,-182.7461391052591,721.1041050852946,13.705960432894596,-34.76189379612687,6.851985561966971e-20
1786739451.4233172,resting,fast,1786739448.8772085,-460.8328392263047,-181.0505479924633,709.0445588681541,13.578791099434842,-34.56246294197319,6.78980143419545e-20
1786739451.451711,resting,fast,1786739448.8772085,-460.97931541822663,-182.7826176867619,705.3626675650676,13.708696326507418,-34.57344865636707,6.865061647585487e-20
1786739451.4802353,resting,fast,1786739448.8772085,-461.09549126786123,-182.59793378569282,706.0213718586328,13.694845033927226,-34.58216184508986,6.884077630293949e-20
1786739451.5114806,resting,fast,1786739448.8772085,-465.68962119885373,-185.24164950473244,719.0479393911564,13.893123712855125,-34.9267215899143,6.912597530894506e-20
1786739451.537057,resting,fast,1786739448.8772085,-465.98934480057505,-183.200527124593,725.895164680871,13.740039534344756,-34.94920086004341,6.888790437287645e-20
1786739451.565464,resting,fast,1786739448.8772085,-464.9862266499099,-182.7968075694481,721.846446686347,13.709760567708816,-34.87396699874356,6.914190223082879e-20
1786739451.5940597,resting,fast,1786739448.8772085,-461.9182335934438,-182.11733811261615,715.7620409268957,13.658800358446317,-34.643867519508454,6.904336135332609e-20
1786739451.622231,resting,fast,1786739448.8772085,-459.5309167704195,-184.12484931859694,702.1399756591045,13.809363698895023,-34.46481875778172,6.833356904965897e-20
1786739451.6507757,resting,fast,1786739448.8772085,-460.6350466446943,-183.71944179909042,698.7495086899144,13.77895813493203,-34.54762849835232,6.858170043741856e-20
1786739451.6791356,resting,fast,1786739448.8772085,-462.03155519911843,-185.18535498189317,704.5755206441609,13.88890162364228,-34.65236663993405,6.881441358403716e-20
1786739451.7104053,resting,fast,1786739448.8772085,-463.65951814466325,-183.92388093528018,712.9878236917593,13.79429107014644,-34.77446386084985,6.948318756929546e-20
1786739451.7354748,resting,fast,1786739448.8772085,-463.7829824728092,-184.2283298543125,718.7777237600731,13.817124739073616,-34.78372368546099,6.93404788813103e-20
1786739451.7640853,resting,fast,1786739448.8772085,-460.8746080654896,-181.58138380362902,710.0967591661793,13.618603785272452,-34.565595604912,6.889314170515779e-20
1786739451.7924542,resting,fast,1786739448.8772085,-462.9372163205903,-182.95932967507758,711.8502928989255,13.721949725631067,-34.7202912240445,6.869113542535689e-20
1786739451.8210425,resting,fast,1786739448.8772085,-461.9762599320111,-182.59513127191963,710.3607208906778,13.694634845394102,-34.648219494901035,6.845387371363157e-20
1786739451.8492663,resting,fast,1786739448.8772085,-461.7585579744309,-184.07563227902097,705.287108980202,13.805672420926758,-34.631891848082574,6.862881783899169e-20
1786739451.8779023,resting,fast,1786739448.8772085,-462.1677888986319,-183.8061640984264,710.1228530620601,13.785462307382257,-34.662584167397654,6.892283805939378e-20
1786739451.9058287,resting,fast,1786739448.8772085,-461.57916314321074,-183.7764766526425,706.641253857023,13.78323574894846,-34.618437235741006,6.887756867883513e-20
1786739451.9343066,resting,fast,1786739448.8772085,-464.3253873452122,-185.345857251363,718.4782985755846,13.900939293852357,-34.82440405089117,6.963210946433329e-20
1786739451.9627013,resting,fast,1786739448.8772085,-462.59886551272984,-184.4236411616098,712.2829094631534,13.831773087120883,-34.69491491345494,6.932681335967677e-20
1786739451.991276,resting,fast,1786739448.8772085,-464.3520138258168,-187.00565875475388,716.7447042495123,14.025424406606607,-34.826401036936346,6.983941834603305e-20
1786739452.0195816,resting,fast,1786739448.8772085,-462.372898032409,-186.18866591471783,714.9855952101034,13.964149943604216,-34.677967352430876,6.94141603060767e-20
1786739452.0478473,resting,fast,1786739448.8772085,-461.5882879528749,-185.77989685299042,714.5415335975495,13.933492263974532,-34.61912159646567,6.938059836059836e-20
1786739452.0765388,resting,fast,1786739448.8772085,-462.65330898928323,-185.76357218119108,717.5588442227318,13.932267913589474,-34.698998174196454,6.992245342832159e-20
1786739452.104653,resting,fast,1786739448.8772085,-463.16247340319705,-182.41108212761662,713.8081377376357,13.680831159571472,-34.73718550523987,6.969376429405153e-20
1786739452.1330884,resting,fast,1786739448.8772085,-463.1287241474638,-183.05573973559547,712.612691194021,13.72918048016982,-34.73465431105996,6.919841752783702e-20
1786739452.1612618,resting,fast,1786739448.8772085,-460.9920000715706,-181.47787553323053,710.8525551723114,13.610840664992491,-34.5744000053679,6.860273044245525e-20
1786739452.1898077,resting,fast,1786739448.8772085,-461.50540654865335,-182.345855168105,709.8281770541262,13.675939137608086,-34.61290549114928,6.817706157725902e-20
1786739452.218232,resting,fast,1786739448.8772085,-461.18038374250955,-182.64932973332418,709.5131510878318,13.698699729999628,-34.58852878068834,6.867467657869137e-20
1786739452.2466836,resting,fast,1786739448.8772085,-460.9874311718536,-185.210131199613,701.5157523039479,13.890759839971349,-34.57405733788919,6.824868272496665e-20
1786739452.2750413,resting,fast,1786739448.8772085,-461.0790038590835,-186.45966114122518,707.5558303571852,13.984474585592093,-34.580925289431406,6.8720660391374e-20
1786739452.3068385,resting,fast,1786739448.8772085,-462.0334992529374,-182.54459478751835,713.4271451173463,13.690844609064104,-34.65251244397058,6.850276412746225e-20
1786739452.3319972,resting,fast,1786739448.8772085,-462.94924784421846,-176.94038834586195,724.0049573542283,13.270529125940048,-34.72119358831658,6.918249807370303e-20
1786739452.3602533,resting,fast,1786739448.8772085,-462.91084096840495,-176.96167670371233,724.8236544432675,13.27212575277861,-34.71831307263063,6.919963952319743e-20
1786739452.3885934,resting,fast,1786739448.8772085,-463.5917312071474,-179.09010679444123,721.3332754091016,13.431758009583387,-34.76937984053622,6.954293001516989e-20
1786739452.4169505,resting,fast,1786739448.8772085,-463.70814652687386,-179.0429821371158,715.8216813511272,13.428223660283908,-34.77811098951572,6.859787242567622e-20
1786739452.4451063,resting,fast,1786739448.8772085,-461.1595449286542,-176.62468394823895,707.7128628956907,13.246851296118212,-34.586965869649255,6.804581656924838e-20
1786739452.4736512,resting,fast,1786739448.8772085,-461.35663455368194,-178.5478375855971,708.9163663874124,13.391087818919974,-34.60174759152624,6.850722829516972e-20
1786739452.5030692,resting,fast,1786739448.8772085,-462.4842090631105,-182.95654162583799,714.9858109196948,13.721740621938121,-34.68631567973338,6.996763719934344e-20
1786739452.5304744,resting,fast,1786739448.8772085,-463.55414606449176,-187.05327849929108,719.1464435613489,14.02899588744717,-34.76656095483697,7.058167220250121e-20
1786739452.5587084,resting,fast,1786739448.8772085,-463.1796004289645,-187.0534121770428,717.9747419603073,14.0290059132783,-34.738470032172444,7.020903452283193e-20
1786739452.587066,resting,fast,1786739448.8772085,-460.34034180705476,-185.02485686966145,707.22602560838,13.876864265224828,-34.52552563552919,6.868489543867696e-20
1786739452.6157975,resting,fast,1786739448.8772085,-461.10373566207363,-182.08504330603557,707.5206991878003,13.656378247952947,-34.58278017465584,6.853312247855573e-20
1786739452.6440382,resting,fast,1786739448.8772085,-462.55228139750534,-182.19572749337192,709.9651691589452,13.664679562003112,-34.69142110481295,6.832719498890374e-20
1786739452.672488,resting,fast,1786739448.8772085,-463.7672803541782,-183.89566220433562,713.5347955031475,13.792174665325337,-34.7825460265635,6.864814599497964e-20
1786739452.7013264,resting,fast,1786739448.8772085,-464.3020596024221,-183.30532371405116,715.9394036225158,13.74789927855414,-34.82265447018181,6.862597777324502e-20
1786739452.7293725,resting,fast,1786739448.8772085,-463.072739279296,-182.85955601624107,715.1852556190388,13.71446670121821,-34.73045544594732,6.899637481768041e-20
1786739452.7574558,resting,fast,1786739448.8772085,-465.0021627193969,-182.48890183237654,723.8794466252803,13.686667637428588,-34.875162203955114,6.96859249877995e-20
1786739452.7859957,resting,fast,1786739448.8772085,-463.1401507268565,-182.57358436058246,714.8021823386525,13.693018827044074,-34.73551130451448,6.918206542867267e-20
1786739452.8144684,resting,fast,1786739448.8772085,-461.74244496960955,-180.7112261394616,714.8270366938032,13.553341960459871,-34.63068337272093,6.884487908995493e-20
1786739452.8426845,resting,fast,1786739448.8772085,-460.54803977429765,-181.85271389591242,707.039333239486,13.638953542193757,-34.54110298307247,6.819795004649325e-20
1786739452.8716109,resting,fast,1786739448.8772085,-462.85272675473743,-185.02930906839367,710.048463298579,13.877198180129593,-34.71395450660551,6.85339031760007e-20
1786739452.8994036,resting,fast,1786739448.8772085,-464.90770943859025,-186.6830954824776,712.9684478161244,14.001232161186014,-34.86807820789438,6.909468352329004e-20
1786739452.9277642,resting,fast,1786739448.8772085,-464.7960446363695,-184.72905169466992,715.669768278648,13.854678877100358,-34.85970334772808,6.950198928990375e-20
1786739452.9561448,resting,fast,1786739448.8772085,-466.9045384008332,-184.5749005221105,722.166385796153,13.843117539158438,-35.017840380062765,7.020408016492206e-20
1786739452.9848351,resting,fast,1786739448.8772085,-466.5003595056014,-185.64118120216165,712.8746743778074,13.92308859016244,-34.98752696292027,6.918719481149296e-20
1786739453.0131447,resting,fast,1786739448.8772085,-466.6304122938168,-186.03473358690542,714.5030920050131,13.952605019017998,-34.99728092203639,6.928896108048698e-20
1786739453.0413752,resting,fast,1786739448.8772085,-463.9031023911248,-184.21123009790767,717.211438992118,13.815842257343196,-34.7927326793346,6.87873601344809e-20
1786739453.0696843,resting,fast,1786739448.8772085,-462.8980780204797,-182.79370669101036,719.8785030827739,13.709528001826154,-34.71735585153601,6.906400904346033e-20
1786739453.099839,resting,fast,1786739448.8772085,-464.21188827998367,-184.25338731774764,723.1071106689169,13.8190040488313,-34.81589162099901,6.992203316455693e-20
1786739453.1269276,resting,fast,1786739448.8772085,-463.2865428460286,-183.59683032717805,713.9500748322625,13.76976227453861,-34.7464907134524,6.933787146369486e-20
1786739453.155233,resting,fast,1786739448.8772085,-464.76178893146607,-182.88937769702795,719.6115054910224,13.716703327277362,-34.857134169860096,6.95079487412125e-20
1786739453.1836138,resting,fast,1786739448.8772085,-461.9416981786894,-180.28227778429084,709.1224847082185,13.521170833821945,-34.645627363402085,6.781788819325864e-20
1786739453.2124593,resting,fast,1786739448.8772085,-462.24365096548854,-178.44394365768028,708.5532027898707,13.383295774326289,-34.668273822411784,6.827745015198731e-20
1786739453.2402632,resting,fast,1786739448.8772085,-459.7852716570965,-179.31595620237283,703.8438649166937,13.448696715178077,-34.483895374282476,6.818715213525762e-20
1786739453.2686455,resting,fast,1786739448.8772085,-460.87101398913137,-180.28366872256242,702.2737395792446,13.521275154192434,-34.56532604918506,6.85054287729725e-20
1786739453.29757,resting,fast,1786739448.8772085,-461.709033241435,-185.70356352029592,707.0302390610723,13.927767264022432,-34.62817749310781,6.89729848297332e-20
1786739453.3252454,resting,fast,1786739448.8772085,-462.9223921047919,-185.63307609213223,707.541143179672,13.922480706910182,-34.719179407859585,6.90601357362205e-20
1786739453.3537352,resting,fast,1786739448.8772085,-464.12060918214866,-187.51176424167681,713.8965290288788,14.063382318125942,-34.80904568866129,6.943040504810178e-20
1786739453.3819923,resting,fast,1786739448.8772085,-462.6042227551102,-185.55586635984025,711.361321356726,13.916689976988149,-34.695316706633406,6.892490055238528e-20
1786739453.410356,resting,fast,1786739448.8772085,-462.90164377969813,-182.4114824724603,718.3946648708416,13.680861185434654,-34.7176232834775,6.895945171301164e-20
1786739453.439003,resting,fast,1786739448.8772085,-461.2169780172426,-181.70689294732517,715.1890070149675,13.628016971049494,-34.591273351293296,6.90386160839155e-20
1786739453.467558,resting,fast,1786739448.8772085,-461.96618699746296,-182.074890176782,715.5664464426236,13.655616763258802,-34.64746402480989,6.941828967786065e-20
1786739453.49567,resting,fast,1786739448.8772085,-463.23206711075045,-185.83295573218038,712.5068097990461,13.937471679913802,-34.742405033306405,6.987579382976007e-20
1786739453.5241141,resting,fast,1786739448.8772085,-463.6206079360186,-184.3712624393297,713.9803092343964,13.827844682949877,-34.77154559520158,6.953312838294756e-20
1786739453.5524762,resting,fast,1786739448.8772085,-465.213374084683,-181.44655483907616,719.792929263399,13.608491612930951,-34.8910030563513,6.921274308911463e-20
1786739453.580956,resting,fast,1786739448.8772085,-464.4559413466436,-181.25574797052877,716.4415706173086,13.594181097789903,-34.83419560099857,6.865578095228458e-20
1786739453.6093519,resting,fast,1786739448.8772085,-463.0099422628955,-180.95825084776345,719.618487906625,13.571868813582459,-34.72574566971736,6.90282986164094e-20
1786739453.6376789,resting,fast,1786739448.8772085,-461.81091201675827,-184.59297408092414,712.8730330243843,13.844473056069528,-34.635818401257055,6.927633566775914e-20
1786739453.666166,resting,fast,1786739448.8772085,-459.4267245147248,-184.10319178164013,706.5979813654658,13.807739383623083,-34.4570043386044,6.874107501946625e-20
1786739453.694524,resting,fast,1786739448.8772085,-461.49046096996017,-185.38023075758542,704.5702202087168,13.903517306819072,-34.61178457274715,6.847836389765436e-20
1786739453.7228734,resting,fast,1786739448.8772085,-459.5774071492583,-183.89353767407943,699.8531969823771,13.792015325556218,-34.46830553619468,6.809228163919213e-20
1786739453.751138,resting,fast,1786739448.8772085,-463.9979282577933,-186.82997324003748,710.5374028681199,14.01224799300292,-34.799844619334664,6.892944762722398e-20
1786739453.7796717,resting,fast,1786739448.8772085,-465.3567393873618,-185.79920427213983,718.0592535096475,13.934940320410828,-34.901755454052335,6.930841623017733e-20
1786739453.8076153,resting,fast,1786739448.8772085,-465.76752875299735,-185.52362889017502,717.6617499307968,13.91427216676325,-34.932564656475,6.927207018125068e-20
1786739453.836408,resting,fast,1786739448.8772085,-463.18916783338955,-181.58497248810954,722.1086284143021,13.61887293660848,-34.73918758750448,6.90765628637152e-20
1786739453.8645606,resting,fast,1786739448.8772085,-462.2309344101136,-181.32012660778003,716.4040985987149,13.599009495583775,-34.66732008075867,6.912236467397651e-20
1786739453.894064,resting,fast,1786739448.8772085,-463.9056019056925,-181.47276683064388,723.323454021328,13.610457512298556,-34.79292014292707,6.932574355137654e-20
1786739453.9214938,resting,fast,1786739448.8772085,-464.8928111504988,-183.7239161027386,718.1308246441968,13.779293707705524,-34.86696083628757,6.961975132424794e-20
1786739453.9501977,resting,fast,1786739448.8772085,-464.42422745424665,-183.7741248796442,720.0706563114964,13.783059365973546,-34.83181705906863,6.982285302808216e-20
1786739453.9785488,resting,fast,1786739448.8772085,-462.98866733285377,-183.3219579192214,714.4776322427906,13.74914684394179,-34.72415004996427,6.935634011835746e-20
1786739454.0067205,resting,fast,1786739448.8772085,-461.3418050410787,-181.96585115411006,711.9678748737069,13.647438836558447,-34.60063537808102,6.949069034604665e-20
1786739454.0349631,resting,fast,1786739448.8772085,-463.5335288347974,-185.29385955684575,709.7714818880622,13.897039466763676,-34.76501466260982,6.955370683230315e-20
1786739454.0632393,resting,fast,1786739448.8772085,-466.53075825321775,-185.03917087963634,720.0146326535933,13.877937815972924,-34.98980686899156,7.028287198741426e-20
1786739454.0924475,resting,fast,1786739448.8772085,-469.3321480035456,-186.27537865922466,724.5300489465053,13.970653399442195,-35.199911100266156,6.991912124372037e-20
1786739454.12045,resting,fast,1786739448.8772085,-466.2317460554741,-185.16421366557597,719.9610039246254,13.887316024918345,-34.96738095416075,6.839407395047885e-20
1786739454.1483805,resting,fast,1786739448.8772085,-466.1665053522952,-187.08581182144792,716.6341472500353,14.03143588660885,-34.9624879014222,6.871800040315611e-20
1786739454.176983,resting,fast,1786739448.8772085,-462.72227964547164,-186.16706876277226,710.0186351099746,13.962530157208125,-34.70417097341047,6.856999754276566e-20
1786739454.2056136,resting,fast,1786739448.8772085,-462.5472229481752,-184.30959954815194,711.5196647550656,13.823219966111541,-34.6910417211135,6.96802347346885e-20
1786739454.2337756,resting,fast,1786739448.8772085,-460.88788165080405,-182.57083212832174,706.9316373794181,13.692812409624334,-34.56659112381049,6.871139314768119e-20
1786739454.2619524,resting,fast,1786739448.8772085,-462.2384453926684,-181.930915774479,708.7918278270954,13.644818683086118,-34.667883404450244,6.860487769049851e-20
1786739454.2916481,resting,fast,1786739448.8772085,-464.5913055873989,-182.2574985486981,713.4304391664509,13.669312391152527,-34.844347919055046,6.857496584417925e-20
1786739454.319004,resting,fast,1786739448.8772085,-462.6974429594525,-184.976503676324,712.1204267023295,13.873237775724537,-34.70230822195908,6.855120575666957e-20
1786739454.3473935,resting,fast,1786739448.8772085,-462.0155752780156,-185.6950319890899,711.1553074516596,13.927127399181874,-34.65116814585149,6.897709038780466e-20
1786739454.3756897,resting,fast,1786739448.8772085,-460.710120488292,-186.8423431637351,710.9895816970939,14.013175737280267,-34.55325903662214,6.877575649056184e-20
1786739454.403775,resting,fast,1786739448.8772085,-461.2019248606266,-183.88263813147603,707.0206900084459,13.791197859860898,-34.590144364547164,6.854481237585498e-20
1786739454.4321299,resting,fast,1786739448.8772085,-462.6266400785985,-182.97292921705753,711.2310651141188,13.722969691279584,-34.69699800589507,6.842242509486171e-20
1786739454.4605143,resting,fast,1786739448.8772085,-461.3132924331899,-184.02053183288706,708.6118797401905,13.801539887466756,-34.598496932489475,6.853574552164034e-20
1786739454.490044,resting,fast,1786739448.8772085,-462.8625048581571,-183.42825507819032,717.9943896814875,13.757119130864556,-34.71468786436202,6.952113146694851e-20
1786739454.5174406,resting,fast,1786739448.8772085,-461.3529076071836,-186.3078587353541,720.959408401468,13.973089405151693,-34.601468070538935,6.959556398672658e-20
1786739454.545721,resting,fast,1786739448.8772085,-464.35463152620014,-184.1849730529841,726.017005384896,13.81387297897405,-34.82659736446521,7.009260616500994e-20
1786739454.5743973,resting,fast,1786739448.8772085,-465.3669570825632,-186.5766010004901,730.2484594836433,13.993245075036757,-34.902521781192426,7.058782942875676e-20
1786739454.6026797,resting,fast,1786739448.8772085,-465.03063161700084,-184.34919987762817,720.0454772947196,13.826189990822296,-34.87729737127529,7.065443429826052e-20
1786739454.6311424,resting,fast,1786739448.8772085,-462.99751531873926,-185.67544546743682,714.299561853657,13.925658410057903,-34.72481364890557,7.011489807113733e-20
1786739454.6592515,resting,fast,1786739448.8772085,-462.40655277201586,-184.40376886295792,709.2045648632093,13.830282664722066,-34.68049145790134,6.941462082468324e-20
1786739454.6891441,resting,fast,1786739448.8772085,-463.6402629536856,-185.81163574335176,712.1503466282929,13.935872680751654,-34.77301972152655,6.917223144287204e-20
1786739454.7160964,resting,fast,1786739448.8772085,-464.1546225799884,-183.88571840930172,721.1470023927741,13.791428880697811,-34.81159669349934,6.91557096880263e-20
1786739454.7446163,resting,fast,1786739448.8772085,-464.8982403205073,-184.0134432676466,720.0015654682329,13.801008245073707,-34.86736802403823,6.869060695668305e-20
1786739454.7729719,resting,fast,1786739448.8772085,-465.05523028580365,-182.69914560135737,723.398013781356,13.702435920102065,-34.87914227143535,6.888322036315423e-20
1786739454.801387,resting,fast,1786739448.8772085,-464.9330223753823,-183.86522568586622,722.1142537523883,13.78989192644013,-34.86997667815387,6.93194510907612e-20
1786739454.8295047,resting,fast,1786739448.8772085,-464.47354851084856,-181.9068478830717,725.7816971723369,13.643013591230616,-34.8355161383138,6.983664634083638e-20
1786739454.8578966,resting,fast,1786739448.8772085,-464.8934451384289,-181.72166390126768,722.2060644104758,13.629124792595302,-34.867008385382384,7.02557340206426e-20
1786739454.888066,resting,fast,1786739448.8772085,-464.2408096097138,-181.87065623394392,711.7580288835861,13.640299217546069,-34.81806072072862,6.989311842904711e-20
1786739454.9149709,resting,fast,1786739448.8772085,-463.19800355067355,-183.71515994288154,715.0043289193,13.77863699571628,-34.739850266300664,6.993711494872116e-20
1786739454.9429414,resting,fast,1786739448.8772085,-463.5000144500086,-185.38023048626292,716.0940565071651,13.903517286470066,-34.76250108375071,6.906385545447539e-20
1786739454.9716542,resting,fast,1786739448.8772085,-463.7966228419973,-181.27715179448717,718.9249302890685,13.59578638458677,-34.784746713150035,6.814078828225261e-20
1786739454.9998002,resting,fast,1786739448.8772085,-463.5687711630071,-180.20184024568346,711.4717485972651,13.515138018426438,-34.76765783722551,6.767138798421837e-20
1786739455.0282454,resting,fast,1786739448.8772085,-459.0444624247848,-178.3228002804583,701.1454622612755,13.374210021034745,-34.428334681859134,6.713231266565552e-20
1786739455.0565002,resting,fast,1786739448.8772085,-459.07857279928203,-180.87632624433138,702.3063861836545,13.565724468325254,-34.43089295994639,6.853232749844915e-20
1786739455.087282,resting,fast,1786739448.8772085,-459.15136980955185,-181.56526775767247,699.5789641545216,13.617395081825709,-34.436352735716625,6.850829094763574e-20
1786739455.1133697,resting,fast,1786739448.8772085,-463.8531815993606,-182.5063817823824,720.9173692509185,13.687978633678998,-34.78898861995212,7.004308832625388e-20
1786739455.1418731,resting,fast,1786739448.8772085,-463.08296657921255,-182.98587292617185,715.1369573056863,13.72394046946312,-34.73122249344126,6.909535825077779e-20
1786739455.170267,resting,fast,1786739448.8772085,-464.58742680736805,-184.79600568649175,727.1145520022692,13.859700426487048,-34.844057010552795,7.041872322574553e-20
1786739455.1985142,resting,fast,1786739448.8772085,-463.30497049383075,-184.2875949992913,720.9755409183254,13.821569624947177,-34.747872787037366,7.007160663270926e-20
1786739455.2269256,resting,fast,1786739448.8772085,-462.91789454634727,-184.77237114805723,729.4856002075448,13.857927836104526,-34.7188420909762,7.109793614039977e-20
1786739455.2553937,resting,fast,1786739448.8772085,-461.7072262447882,-183.84608583648628,723.6380260370233,13.788456437736723,-34.62804196835911,7.070443833425208e-20
1786739455.2846556,resting,fast,1786739448.8772085,-461.0366316697514,-181.99729563993947,718.5795586053246,13.64979717299575,-34.577747375231574,7.044343140196789e-20
1786739455.3120923,resting,fast,1786739448.8772085,-463.35101509252945,-182.95812500476836,718.8452608062325,13.72185937535794,-34.751326131939955,6.979751763329859e-20
1786739455.340334,resting,fast,1786739448.8772085,-463.1610447882772,-183.17040549751448,718.7688918745571,13.737780412313835,-34.73707835912095,6.938162613793976e-20
1786739455.3688335,resting,fast,1786739448.8772085,-466.60875318682974,-187.27443759174412,721.5929708205067,14.045582819381021,-34.995656489012354,6.928191719732305e-20
1786739455.3971443,resting,fast,1786739448.8772085,-465.71249777388766,-185.12880198037521,716.1176850053944,13.884660148528393,-34.92843733304174,6.924848613348678e-20
1786739455.4256482,resting,fast,1786739448.8772085,-467.0325876439424,-183.89842318567673,715.2852420269319,13.792381738925936,-35.02744407329579,6.924853853873631e-20
1786739455.4542763,resting,fast,1786739448.8772085,-462.64276648781606,-179.76974676035877,710.7785975140923,13.482731007027159,-34.69820748658632,6.827910205421116e-20
1786739455.482297,resting,fast,1786739448.8772085,-462.12086803471766,-180.3265472787681,708.2970870038234,13.52449104590784,-34.65906510260409,6.78262944406176e-20
1786739455.5107794,resting,fast,1786739448.8772085,-462.11882045555603,-183.79392837711157,709.6322881822944,13.784544628283673,-34.65891153416702,6.768437288113064e-20
1786739455.5393043,resting,fast,1786739448.8772085,-463.1028522173947,-187.03607863107948,709.9837828485352,14.02770589733117,-34.732713916304846,6.874458310573823e-20
1786739455.5674896,resting,fast,1786739448.8772085,-464.07288330968277,-185.67502764316077,710.2322461963076,13.925627073237226,-34.80546624822636,6.876634574358188e-20
1786739455.5959938,resting,fast,1786739448.8772085,-462.22792475353526,-182.90546095964612,705.4968146133597,13.717909571973603,-34.66709435651523,6.851588201208599e-20
1786739455.6241844,resting,fast,1786739448.8772085,-461.00560355674133,-177.74460260694764,701.1186920575292,13.330845195521508,-34.57542026675576,6.792442819982956e-20
1786739455.6527555,resting,fast,1786739448.8772085,-459.4042960914812,-178.11540437702604,705.2410088244533,13.358655328277205,-34.45532220686132,6.819776954241884e-20
1786739455.6808624,resting,fast,1786739448.8772085,-459.5851203609582,-179.73227591507384,705.0683059083703,13.479920693630714,-34.468884027071944,6.860116574766943e-20
1786739455.7094398,resting,fast,1786739448.8772085,-462.4736908487025,-183.99462008819694,710.9187831799127,13.79959650661485,-34.68552681365274,6.91857403147693e-20
1786739455.7377756,resting,fast,1786739448.8772085,-463.85896335117286,-185.48597850267686,710.6481565150725,13.91144838770101,-34.78942225133821,6.932916251642114e-20
1786739455.7661953,resting,fast,1786739448.8772085,-463.71457414348197,-181.7204108180531,712.4429763874532,13.629030811354166,-34.77859306076141,6.876193037589921e-20
1786739455.7945044,resting,fast,1786739448.8772085,-462.47119253905566,-182.22498317340057,709.1342839399185,13.666873738005219,-34.685339440429246,6.888780265180302e-20
1786739455.8228774,resting,fast,1786739448.8772085,-463.65605001836,-182.82102917747739,714.8327249714466,13.71157718831098,-34.774203751377144,6.932461170154166e-20
1786739455.8515177,resting,fast,1786739448.8772085,-464.01081128160786,-184.17664798207045,720.3928318103235,13.813248598655587,-34.800810846120875,6.967779303381625e-20
1786739455.8821526,resting,fast,1786739448.8772085,-462.85129205478233,-183.13087147454166,720.4407289332858,13.734815360590769,-34.71384690410889,6.940572616959065e-20
1786739455.9083807,resting,fast,1786739448.8772085,-463.18053446747217,-181.4611209263553,728.9720324284954,13.60958406947682,-34.738540085060606,6.963557369377463e-20
1786739455.9368393,resting,fast,1786739448.8772085,-461.5684295520823,-179.76483947650604,719.3167631031829,13.48236296073819,-34.617632216406385,6.949801653780897e-20
1786739455.9649236,resting,fast,1786739448.8772085,-462.39318641297496,-181.00711158558136,718.7554171654892,13.575533368918887,-34.67948898097319,6.996849645009115e-20
1786739455.993333,resting,fast,1786739448.8772085,-458.7732528975421,-181.67116916507143,700.4698751058477,13.625337687380753,-34.40799396731585,6.90913583637389e-20
1786739456.0216746,resting,fast,1786739448.8772085,-460.51658230135536,-184.73044659293532,700.6531809909575,13.854783494470272,-34.53874367260184,6.932116263573111e-20
1786739456.0501618,resting,fast,1786739448.8772085,-461.8880618719859,-186.27278401843796,702.1424865479703,13.97045880138285,-34.641604640399045,6.925589277759127e-20
1786739456.0805886,resting,fast,1786739448.8772085,-464.1734369621872,-188.95487531384242,714.2287395329167,14.171615648538346,-34.81300777216445,7.031594791133754e-20
1786739456.1070077,resting,fast,1786739448.8772085,-463.64518323139146,-187.7593787299105,718.9820628282368,14.081953404743548,-34.773388742354555,6.982773083527887e-20
1786739456.1354125,resting,fast,1786739448.8772085,-463.922546601018,-186.21528076179368,723.7379976036627,13.966146057134747,-34.794190995076576,6.982933826193482e-20
1786739456.1636553,resting,fast,1786739448.8772085,-462.888930568507,-183.05186848026005,715.1627578169273,13.728890136019682,-34.71666979263826,6.905886118009952e-20
1786739456.1921697,resting,fast,1786739448.8772085,-462.6039640514982,-182.53981478070443,711.7596393251024,13.69048610855322,-34.69529730386257,6.897086293406907e-20
1786739456.2203276,resting,fast,1786739448.8772085,-460.80364682231175,-182.5748615083703,708.698196921473,13.693114613127943,-34.560273511673564,6.876218761645284e-20
1786739456.2487588,resting,fast,1786739448.8772085,-462.53144963122077,-183.27292318954449,705.5921999287684,13.745469239216053,-34.68985872234178,6.878844733164225e-20
1786739456.2797678,resting,fast,1786739448.8772085,-464.92027446056454,-185.64784145761928,711.9784331076271,13.923588109321638,-34.869020584542554,6.951483917064455e-20
1786739456.3057911,resting,fast,1786739448.8772085,-466.299478841388,-185.26026759395052,713.8049262022732,13.894520069546342,-34.97246091310432,6.938773172570934e-20
1786739456.3340263,resting,fast,1786739448.8772085,-465.88821517488805,-185.71773161514625,716.5363418358047,13.928829871136163,-34.94161613811699,6.955681090119156e-20
1786739456.3623457,resting,fast,1786739448.8772085,-463.7238137194795,-183.79004198623159,706.0300628602254,13.78425314896749,-34.779286028961145,6.912835731087301e-20
1786739456.390749,resting,fast,1786739448.8772085,-462.13956652085426,-183.42823243341297,701.6098583860839,13.757117432506274,-34.66046748906421,6.909676990631333e-20
1786739456.4188774,resting,fast,1786739448.8772085,-460.95729787676373,-184.6202336294764,704.5215849859287,13.846517522210956,-34.571797340757435,6.916926660898774e-20
1786739456.4473596,resting,fast,1786739448.8772085,-462.0612019378664,-183.77936311712028,706.5645230983564,13.783452233784285,-34.654590145340244,6.872004961221511e-20
1786739456.4771585,resting,fast,1786739448.8772085,-464.54968634586794,-183.74845820720793,713.6931881894452,13.781134365540726,-34.841226475940324,6.913168619518826e-20
1786739456.5041833,resting,fast,1786739448.8772085,-462.03837383193286,-181.5786864113445,710.1402196500794,13.618401480851087,-34.652878037395176,6.828455391662287e-20
1786739456.5326612,resting,fast,1786739448.8772085,-462.110951373651,-182.4620693907758,716.0952199674084,13.684655204308218,-34.658321353023986,6.869461232107392e-20
1786739456.5608919,resting,fast,1786739448.8772085,-460.3228747349194,-181.25632293891442,712.3278672128763,13.594224220418791,-34.52421560511923,6.825345265073145e-20
1786739456.5892284,resting,fast,1786739448.8772085,-461.45316233311996,-180.39250686047365,706.4295303163844,13.52943801453571,-34.60898717498416,6.82295131155781e-20
1786739456.6177673,resting,fast,1786739448.8772085,-460.81911496613384,-181.1285022558808,708.5669022083712,13.584637669191078,-34.56143362246018,6.828778642548837e-20
1786739456.6461124,resting,fast,1786739448.8772085,-461.18003742367773,-181.35579314204244,709.0323126621406,13.601684485653262,-34.58850280677614,6.799194847712356e-20
1786739456.6769447,resting,fast,1786739448.8772085,-464.2924533408009,-182.75389652022716,718.6253689411506,13.706542239017192,-34.8219340005602,6.868524160993382e-20
1786739456.7032347,resting,fast,1786739448.8772085,-466.9527136124648,-182.68988447613856,723.82454161852,13.70174133571064,-35.02145352093498,6.959258201831109e-20
1786739456.731187,resting,fast,1786739448.8772085,-467.29436335522087,-181.94095885913578,724.6675280082472,13.645571914435248,-35.047077251641824,7.006492810451466e-20
1786739456.759826,resting,fast,1786739448.8772085,-464.94591043596074,-182.12190672619124,722.5968494224153,13.659143004464507,-34.87094328269745,7.012553496420262e-20
1786739456.7881749,resting,fast,1786739448.8772085,-462.8445302649279,-180.92423688208305,713.0527436313887,13.569317766156463,-34.713339769869854,6.942500632673208e-20
1786739456.816325,resting,fast,1786739448.8772085,-462.4560900625388,-182.78343045010763,716.8970000566096,13.70875728375842,-34.68420675469069,6.989782488020299e-20
1786739456.8447871,resting,fast,1786739448.8772085,-463.53105090665986,-184.46351019320184,718.8771525244074,13.834763264490352,-34.76482881799952,6.994254744707285e-20
1786739456.8734093,resting,fast,1786739448.8772085,-464.3425658190158,-186.30100848090206,721.9259471999094,13.972575636067855,-34.8256924364264,7.010585462216699e-20
1786739456.9016685,resting,fast,1786739448.8772085,-464.21359457948756,-185.49643396844385,721.108233564868,13.912232547633462,-34.816019593461746,6.949102050542557e-20
1786739456.9299479,resting,fast,1786739448.8772085,-465.6168640562287,-182.08962770446703,727.3011416529926,13.656722077835202,-34.92126480421737,6.950179858647462e-20
1786739456.9583127,resting,fast,1786739448.8772085,-462.85743584676356,-181.38834326056667,725.4041488989578,13.604125744542717,-34.71430768850743,6.927368599414689e-20
1786739456.9866688,resting,fast,1786739448.8772085,-461.2281532881707,-182.5311156339452,715.7059544675503,13.689833672546076,-34.59211149661309,6.943411656882412e-20
1786739457.0150669,resting,fast,1786739448.8772085,-456.2325853967609,-184.87565233498105,697.9614509205148,13.865673925123755,-34.21744390475711,6.840512805352491e-20
1786739457.045568,resting,fast,1786739448.8772085,-458.6489947090781,-186.49697079484065,701.3202630737396,13.987272809613206,-34.39867460318117,6.852972639738762e-20
1786739457.0720582,resting,fast,1786739448.8772085,-461.51482859306316,-185.26680125614882,712.5738933338944,13.895010094211376,-34.61361214447996,6.82859154699024e-20
1786739457.1002028,resting,fast,1786739448.8772085,-467.9336987424613,-185.91923588638497,728.4184854085406,13.943942691479062,-35.09502740568489,6.962082528431714e-20
1786739457.1286757,resting,fast,1786739448.8772085,-466.4592844417066,-182.92983219804466,722.1035434189143,13.719737414853594,-34.9844463331282,6.90368050427388e-20
1786739457.1571553,resting,fast,1786739448.8772085,-464.88412415098765,-183.36896119327378,717.9904490980907,13.752672089495658,-34.86630931132437,6.947743117486495e-20
1786739457.1853187,resting,fast,1786739448.8772085,-461.36103789576464,-181.11575203252687,710.2667054592575,13.583681402439641,-34.60207784218244,6.893468525367706e-20
1786739457.2137234,resting,fast,1786739448.8772085,-461.1850466494625,-180.44700964688377,709.3097513623406,13.53352572351638,-34.58887849870996,6.901561609070716e-20
1786739457.2435818,resting,fast,1786739448.8772085,-461.7731339734387,-183.12945471807143,706.7768851430283,13.73470910385566,-34.632985048008074,6.864753801491754e-20
1786739457.2705452,resting,fast,1786739448.8772085,-463.734077828145,-183.01373651084498,712.6935741276056,13.726030238313594,-34.780055837111,6.871317670687258e-20
1786739457.2989094,resting,fast,1786739448.8772085,-465.4326745734834,-186.19696471169857,714.1684881942156,13.964772353377686,-34.90745059301145,6.881435991712681e-20
1786739457.3275213,resting,fast,1786739448.8772085,-463.56162700205596,-181.8194740907992,711.5133096271165,13.63646055681021,-34.767122025154336,6.844244417564879e-20
1786739457.355783,resting,fast,1786739448.8772085,-462.05122665207455,-184.57814386622715,712.1512645293296,13.843360789967218,-34.65384199890568,6.890864643182729e-20
1786739457.3840382,resting,fast,1786739448.8772085,-461.0842225060128,-182.35002548198122,713.3556717202109,13.676251911148757,-34.581316687951244,6.899014069922708e-20
1786739457.4126422,resting,fast,1786739448.8772085,-463.4081704758851,-184.41417905559956,716.6756601776879,13.831063429170118,-34.7556127856916,6.915562388280664e-20
1786739457.4428902,resting,fast,1786739448.8772085,-464.7612511086295,-183.37967004315715,717.1508184652248,13.753475253237053,-34.85709383314748,6.860518634004151e-20
1786739457.4692018,resting,fast,1786739448.8772085,-466.07375254293356,-182.5308613856355,722.2001564833563,13.689814603922951,-34.95553144072029,6.888813121811654e-20
1786739457.497798,resting,fast,1786739448.8772085,-465.82997594804647,-183.8665384483976,723.6770790347928,13.789990383630059,-34.93724819610366,6.944134281239171e-20
1786739457.5263245,resting,fast,1786739448.8772085,-464.65363857722286,-183.9298544467391,717.2448478807173,13.794739083505608,-34.849022893291874,6.948938615599868e-20
1786739457.554267,resting,fast,1786739448.8772085,-461.9947781967244,-184.5874377984121,707.6233385463511,13.844057834881173,-34.649608364754414,6.944256305557293e-20
1786739457.5826716,resting,fast,1786739448.8772085,-459.63211769300733,-183.47156386857785,700.2369671449642,13.760367290143574,-34.47240882697585,6.84817479379543e-20
1786739457.6114745,resting,fast,1786739448.8772085,-460.83565479870913,-183.52102081597673,704.9363033826021,13.764076561198468,-34.56267410990332,6.912667097194265e-20
1786739457.6394527,resting,fast,1786739448.8772085,-462.81265438776063,-186.99087330685688,712.1499068599987,14.024315498014456,-34.710949079082226,6.945910884704068e-20
1786739457.6681058,resting,fast,1786739448.8772085,-464.7609908240988,-187.4742689679956,713.875323867188,14.060570172599665,-34.857074311807494,6.993758185876522e-20
1786739457.696287,resting,fast,1786739448.8772085,-465.63379614935366,-190.2034917335053,714.0514221424355,14.265261880013124,-34.92253471120161,6.95301994979908e-20
1786739457.7248702,resting,fast,1786739448.8772085,-462.4208883557476,-189.40229633950514,704.7380295134299,14.20517222546319,-34.68156662668124,6.838501099138779e-20
1786739457.75301,resting,fast,1786739448.8772085,-461.8368173826866,-186.57046277512427,709.7632004764655,13.99278470813444,-34.637761303701666,6.879267676643215e-20
1786739457.781424,resting,fast,1786739448.8772085,-456.3429510665328,-182.56302075041208,696.6248343842544,13.69222655628106,-34.22572132999023,6.786181131364718e-20
1786739457.8098247,resting,fast,1786739448.8772085,-460.07045948532095,-183.7387746745727,704.0877332307027,13.780408100593302,-34.50528446139933,6.826627884745006e-20
1786739457.840414,resting,fast,1786739448.8772085,-460.4019715080649,-184.19573679520613,704.382844718978,13.814680259640749,-34.530147863105064,6.736616979297531e-20
1786739457.866763,resting,fast,1786739448.8772085,-462.373380516844,-184.07344474410672,708.163718364839,13.805508355808431,-34.67800353876349,6.79552396868499e-20
1786739457.8952677,resting,fast,1786739448.8772085,-461.8091088973033,-181.0325053910218,712.7357539758295,13.57743790432701,-34.63568316729789,6.865627655821104e-20
1786739457.9235241,resting,fast,1786739448.8772085,-459.83784467045234,-181.25380935178168,707.6455579884177,13.594035701383863,-34.487838350284065,6.842274104981338e-20
1786739457.9519353,resting,fast,1786739448.8772085,-462.68036142223855,-180.96031152749742,716.0341538239827,13.572023364562515,-34.70102710666802,6.895217450090321e-20
1786739457.980352,resting,fast,1786739448.8772085,-463.68685307992973,-183.00425265423803,713.8317586422118,13.72531894906803,-34.77651398099503,6.860670381946096e-20
1786739458.0090754,resting,fast,1786739448.8772085,-466.0400965152394,-183.6472965798788,719.6870528355021,13.773547243491077,-34.95300723864314,6.969005401060947e-20
1786739458.0381622,resting,fast,1786739448.8772085,-464.8053353349678,-183.45779412381455,723.7282237232248,13.75933455928637,-34.860400150122736,6.950880156516761e-20
1786739458.0654905,resting,fast,1786739448.8772085,-462.9160622325621,-182.68049576010117,722.3299623497169,13.701037182007756,-34.718704667442154,6.954225477844152e-20
1786739458.0939574,resting,fast,1786739448.8772085,-462.6819719342807,-183.89044320249195,717.6245704489556,13.791783240187197,-34.70114789507135,6.958518308865285e-20
1786739458.1223505,resting,fast,1786739448.8772085,-462.1462374615826,-185.1915028465138,709.7491473343916,13.889362713488755,-34.66096780961879,6.884536879633194e-20
1786739458.1507785,resting,fast,1786739448.8772085,-463.1396983167906,-183.40751138274163,712.2183377855245,13.755563353705785,-34.73547737375942,6.868828595490709e-20
1786739458.1791027,resting,fast,1786739448.8772085,-462.4489240597827,-182.50552718714687,715.3057812944535,13.687914539036225,-34.683669304483885,6.854549851956634e-20
1786739458.2072473,resting,fast,1786739448.8772085,-462.4577070294945,-182.73287619493374,712.7732228172417,13.704965714620226,-34.68432802721225,6.882183292916785e-20
1786739458.2376819,resting,fast,1786739448.8772085,-462.865986878322,-183.38176427392898,711.0420384199288,13.753632320544956,-34.714949015874424,6.88451146754813e-20
1786739458.2642033,resting,fast,1786739448.8772085,-466.4000936212342,-183.9502900700387,716.9367996008268,13.796271755253269,-34.98000702159273,6.923225213977571e-20
1786739458.2928934,resting,fast,1786739448.8772085,-466.52060609976706,-180.20429002057483,724.8546374838679,13.515321751543294,-34.9890454574827,6.954780910421434e-20
1786739458.321329,resting,fast,1786739448.8772085,-465.2916846233893,-179.93122098173205,728.1446099925852,13.494841573630229,-34.89687634675433,7.013497616703234e-20
1786739458.3494372,resting,fast,1786739448.8772085,-459.78711317743773,-178.7763964442637,713.7432386502142,13.408229733319931,-34.484033488308036,6.885880126439882e-20
1786739458.3777525,resting,fast,1786739448.8772085,-459.58762015216826,-181.4944675389446,712.3998484017857,13.612085065421187,-34.46907151141298,6.884315547132288e-20
1786739458.4062502,resting,fast,1786739448.8772085,-458.17423915589734,-181.43490675726275,704.135802855405,13.607618006794883,-34.36306793669244,6.801129621688306e-20
1786739458.435817,resting,fast,1786739448.8772085,-461.29974013744004,-184.7344237888824,709.4371140371177,13.855081784166355,-34.5974805103081,6.882435793115853e-20
1786739458.4629512,resting,fast,1786739448.8772085,-463.12404161970517,-187.17508077414254,711.6193833922998,14.038131058061051,-34.73430312147812,6.874169560094508e-20
1786739458.4913397,resting,fast,1786739448.8772085,-465.63393945179723,-188.36482938304584,716.8555313296793,14.127362203728548,-34.922545458885025,6.929159967471421e-20
1786739458.5196033,resting,fast,1786739448.8772085,-465.2320105680906,-184.35359539008027,725.6232916580493,13.82651965425634,-34.89240079260707,6.945997887924658e-20
1786739458.548003,resting,fast,1786739448.8772085,-462.65421119392477,-181.27246850443169,717.5987251037996,13.595435137832556,-34.69906583954459,7.024924369435509e-20
1786739458.57649,resting,fast,1786739448.8772085,-460.98860646537014,-181.09188656037657,710.4745759064072,13.581891492028564,-34.57414548490292,6.985035245007396e-20
1786739458.6047642,resting,fast,1786739448.8772085,-462.54027629921256,-182.27043094063697,706.5460161186411,13.670282320548015,-34.690520722441015,6.956099637493249e-20
1786739458.63351,resting,fast,1786739448.8772085,-466.13582586156235,-181.09129714894323,717.528792045855,13.581847286170959,-34.96018693961742,6.87853247496336e-20
1786739458.661748,resting,fast,1786739448.8772085,-466.15977746170256,-181.7987007103343,718.4150715239384,13.634902553275285,-34.96198330962797,6.847980472382096e-20
1786739458.690108,resting,fast,1786739448.8772085,-465.5571623811329,-181.42274947166436,724.9345114586631,13.606706210375062,-34.916787178585245,6.88573596697155e-20
1786739458.7184858,resting,fast,1786739448.8772085,-462.78770479670993,-184.84630771115042,713.7383902217052,13.863473078336508,-34.70907785975337,6.87550403955452e-20
1786739458.7468507,resting,fast,1786739448.8772085,-462.27038503889844,-183.34796467295575,713.5141225867173,13.751097350471998,-34.67027887791744,6.85964237757942e-20
1786739458.7751372,resting,fast,1786739448.8772085,-460.9201201920778,-184.36123546759814,706.1178124472181,13.827092660070125,-34.56900901440592,6.875718257070121e-20
1786739458.8036728,resting,fast,1786739448.8772085,-461.0846996472601,-185.52371066176636,706.6864858493882,13.914278299632596,-34.58135247354475,6.95841773844086e-20
1786739458.833302,resting,fast,1786739448.8772085,-461.90754702162667,-186.30688975594217,708.0167234481514,13.973016731695711,-34.643066026622186,6.995149457892205e-20
1786739458.8601162,resting,fast,1786739448.8772085,-464.2690427997718,-190.21997798769962,718.4618776156221,14.266498349077526,-34.820178209982956,7.077005827468613e-20
1786739458.8886797,resting,fast,1786739448.8772085,-465.57879301019875,-187.21863538334298,723.3589787471701,14.04139765375093,-34.91840947576531,6.993539351671303e-20
1786739458.9173863,resting,fast,1786739448.8772085,-465.8888724330841,-187.9818971572721,726.5524364618386,14.098642286795492,-34.94166543248148,7.095540308021562e-20
1786739458.9453983,resting,fast,1786739448.8772085,-464.0591844412261,-184.11056097245898,712.8431497613919,13.808292072934744,-34.80443883309225,6.965619448118483e-20
1786739458.9737787,resting,fast,1786739448.8772085,-463.40466568281,-184.39738763158982,713.4370454454765,13.829804072369608,-34.755349926210975,6.979004352831262e-20
1786739459.0023236,resting,fast,1786739448.8772085,-462.5847932732722,-182.72866337050516,715.6633356208649,13.704649752788274,-34.69385949549566,6.846197314354058e-20
1786739459.0329103,resting,fast,1786739448.8772085,-462.4808984910742,-181.58054634975304,724.353465669039,13.618540976231717,-34.68606738683083,6.869661993735252e-20
1786739459.0591688,resting,fast,1786739448.8772085,-462.8591448335169,-181.14798102614202,724.7508333673368,13.586098576960897,-34.714435862513824,6.845973186721113e-20
1786739459.0875776,resting,fast,1786739448.8772085,-462.91398562936456,-180.96565645943474,719.2105616580211,13.572424234457909,-34.71854892220266,6.871057577009452e-20
1786739459.1158023,resting,fast,1786739448.8772085,-461.35957618851626,-182.36682155474261,708.9375769585113,13.677511616605958,-34.601968214138864,6.827991158329656e-20
1786739459.1442206,resting,fast,1786739448.8772085,-458.8727996857069,-182.59986786216825,698.3216801324297,13.694990089662841,-34.41545997642824,6.841047788177411e-20
1786739459.172677,resting,fast,1786739448.8772085,-457.12448238251454,-185.13929123388937,693.8074750693631,13.885446842542283,-34.28433617868885,6.815649440734163e-20
1786739459.2009969,resting,fast,1786739448.8772085,-458.8570405606506,-185.96822418601107,701.9798739733933,13.947616813950969,-34.41427804204895,6.858397762439951e-20
1786739459.2295258,resting,fast,1786739448.8772085,-462.20608088728113,-187.58232530662565,711.1160553442223,14.068674397997146,-34.66545606654632,6.863721562140706e-20
1786739459.257664,resting,fast,1786739448.8772085,-466.08823401169957,-187.9347707824984,720.1016659032903,14.09510780868749,-34.95661755087761,6.964432121452681e-20
1786739459.2860107,resting,fast,1786739448.8772085,-465.8710116058137,-187.1253969885105,712.9639607803583,14.034404774138618,-34.94032587043619,6.974626348444449e-20
1786739459.314546,resting,fast,1786739448.8772085,-462.90172216716155,-185.83755842727942,710.7782577438938,13.937816882046189,-34.717629162537456,6.997231743021922e-20
1786739459.34288,resting,fast,1786739448.8772085,-459.0990154211722,-185.23873376652364,699.4813203523527,13.89290503248947,-34.432426156588214,6.92873194255166e-20
1786739459.371441,resting,fast,1786739448.8772085,-458.57742725027765,-183.12272601075165,703.0033793075727,13.734204450806576,-34.39330704377092,6.885977107169281e-20
1786739459.3998516,resting,fast,1786739448.8772085,-460.2579506319671,-182.62925700103187,706.0772998252041,13.697194275077681,-34.51934629739768,6.920866259458105e-20
1786739459.428158,resting,fast,1786739448.8772085,-462.7250859149449,-181.09504136160535,716.7936961310279,13.582128102120638,-34.70438144362103,6.985076855617389e-20
1786739459.4566424,resting,fast,1786739448.8772085,-463.8288535380989,-182.28801699673966,720.2658516619886,13.67160127475577,-34.78716401535759,7.034420513921268e-20
1786739459.484895,resting,fast,1786739448.8772085,-464.443465171913,-181.93686634159894,718.7124905506462,13.645264975620211,-34.83325988789351,6.990406827575417e-20
1786739459.5131707,resting,fast,1786739448.8772085,-462.3026240527979,-183.31454032029114,716.3714289442805,13.748590524022166,-34.672696803960086,6.960079031925144e-20
1786739459.5413983,resting,fast,1786739448.8772085,-461.38328816065814,-182.85654754237044,712.0181161349437,13.71424106567795,-34.60374661204956,6.896649417415972e-20
1786739459.5698087,resting,fast,1786739448.8772085,-461.9080342155439,-185.9220371505761,714.3982487886933,13.944152786293504,-34.64310256616608,6.926294657588263e-20
1786739459.598448,resting,fast,1786739448.8772085,-463.97303481035897,-183.18275767637908,719.1704602488162,13.738706825728624,-34.79797761077707,6.932359718624823e-20
1786739459.6298788,resting,fast,1786739448.8772085,-463.32067290760824,-183.46989990833447,715.6690901524971,13.760242493125158,-34.749050468070884,6.948541914923728e-20
1786739459.6552925,resting,fast,1786739448.8772085,-464.27268786056584,-182.96859703677706,714.421277141987,13.722644777758578,-34.82045158954245,6.909026599928921e-20
1786739459.6837037,resting,fast,1786739448.8772085,-463.7762285056124,-182.2879613786538,708.8229348410941,13.671597103399133,-34.783217137921085,6.859590129744735e-20
1786739459.7119565,resting,fast,1786739448.8772085,-466.40368656847204,-182.62562187946082,715.2361086089422,13.696921640959747,-34.98027649263555,6.897103324219235e-20
1786739459.7403393,resting,fast,1786739448.8772085,-464.1155701843777,-179.77882348530648,718.3508099299206,13.483411761398347,-34.80866776382864,6.953745904102137e-20
1786739459.768524,resting,fast,1786739448.8772085,-465.29676791580187,-183.43935735243076,725.7233929901804,13.757951801432508,-34.897257593685296,7.047870987179553e-20
1786739459.7972527,resting,fast,1786739448.8772085,-463.85924202842125,-182.31690659039384,726.944220362212,13.673767994279732,-34.78944315213181,7.034427165975801e-20
1786739459.8272886,resting,fast,1786739448.8772085,-462.03530598443695,-181.87958743077115,720.6166542864148,13.640969057308116,-34.65264794883292,6.973169585936549e-20
1786739459.8543696,resting,fast,1786739448.8772085,-461.2097727785549,-180.07711280692627,716.6045609524817,13.50578346051962,-34.59073295839188,6.910319956936199e-20
1786739459.882634,resting,fast,1786739448.8772085,-461.69964743962464,-181.00424614856513,713.0140146369577,13.575318461142697,-34.62747355797207,6.907260609231138e-20
1786739459.9106958,resting,fast,1786739448.8772085,-461.77274316922194,-181.7631126488875,711.8916499858169,13.63223344866677,-34.63295573769183,6.870040038950112e-20
1786739459.9388626,resting,fast,1786739448.8772085,-462.098961408647,-182.0428810992031,716.3336348386465,13.653216082440462,-34.657422105648656,6.899286279902213e-20
1786739459.96724,resting,fast,1786739448.8772085,-461.32812697362215,-182.04905649284092,715.8947803769406,13.653679236963303,-34.5996095230219,6.875057920420346e-20
1786739459.995839,resting,fast,1786739448.8772085,-464.3302124199513,-183.19854446642057,727.4373067250335,13.73989083498179,-34.82476593149655,6.957180452030216e-20
1786739460.0252972,resting,fast,1786739448.8772085,-465.1255705574081,-182.92343170687695,720.0069383652481,13.719257378015872,-34.88441779180582,6.894892120652045e-20
1786739460.052523,resting,fast,1786739448.8772085,-464.49708530597354,-182.28611686736497,723.8995171520728,13.671458765052481,-34.837281397948246,6.885492371592383e-20
1786739460.0809975,resting,fast,1786739448.8772085,-464.0135258142218,-183.53044379381254,711.5770114780444,13.764783284536154,-34.8010144360668,6.849448488529039e-20
1786739460.1092532,resting,fast,1786739448.8772085,-463.0005110555903,-183.34578116118143,712.4615418594012,13.750933587088912,-34.72503832916954,6.838253732042908e-20
1786739460.137721,resting,fast,1786739448.8772085,-463.4580361354315,-184.9340009818817,709.624241543198,13.870050073641476,-34.759352710157636,6.859546672478116e-20
1786739460.1662774,resting,fast,1786739448.8772085,-462.49285260531224,-184.03379218852638,714.6506659068782,13.802534414139647,-34.68696394539854,6.830935721150793e-20
1786739460.1944942,resting,fast,1786739448.8772085,-464.0782192731831,-185.96674149123987,722.3963932757442,13.947505611843216,-34.80586644548904,6.892278851293602e-20
1786739460.2227907,resting,fast,1786739448.8772085,-467.43064168744286,-187.22311941146438,726.1503980261105,14.041733955860071,-35.05729812655846,6.935706124321598e-20
1786739460.2513964,resting,fast,1786739448.8772085,-466.75236743517644,-186.09789144648983,720.0810027346188,13.957341858486803,-35.006427557638325,6.951574170843971e-20
1786739460.2796175,resting,fast,1786739448.8772085,-465.07221243426056,-184.9901950386933,718.139887165552,13.874264627902303,-34.88041593256972,6.915433125178989e-20
1786739460.3086479,resting,fast,1786739448.8772085,-462.1728949964154,-183.19266164423902,715.5245646435906,13.739449623318247,-34.66296712473132,6.90625160682915e-20
1786739460.3365853,resting,fast,1786739448.8772085,-463.1279451429168,-185.26107969970315,714.3733423419499,13.89458097747789,-34.73459588571907,6.842144564091829e-20
1786739460.364712,resting,fast,1786739448.8772085,-464.2443790629054,-186.64876642029787,710.4073453291376,13.99865748152246,-34.81832842971821,6.838850567326248e-20
1786739460.3930943,resting,fast,1786739448.8772085,-463.31974117524487,-186.21699733279263,704.9013167791318,13.966274799959638,-34.74898058814354,6.770059626757455e-20
1786739460.4232075,resting,fast,1786739448.8772085,-465.1111794226699,-187.1562684277469,714.870048541683,14.036720132081168,-34.88333845670037,6.838399245753542e-20
1786739460.4497254,resting,fast,1786739448.8772085,-463.68443163510483,-185.02880621246493,712.3333645512903,13.877160465934953,-34.776332372632936,6.848604900122291e-20
1786739460.47805,resting,fast,1786739448.8772085,-465.08261813234503,-187.55612842644484,718.1178365024616,14.066709631983702,-34.881196359925944,6.891959708123778e-20
1786739460.506517,resting,fast,1786739448.8772085,-462.394036343886,-186.81102626780796,711.498551196818,14.010826970085898,-34.679552725791794,6.894534070589857e-20
1786739460.5349634,resting,fast,1786739448.8772085,-461.70721925002954,-186.4468677942716,708.7119979813388,13.983515084570524,-34.62804144375244,6.912367222186437e-20
1786739460.5633452,resting,fast,1786739448.8772085,-459.7395393490051,-184.37834921556941,702.8133073268273,13.82837619116798,-34.48046545117542,6.900404787637534e-20
1786739460.5917084,resting,fast,1786739448.8772085,-458.0518349787744,-182.77913586338525,698.6238438307128,13.708435189754216,-34.35388762340825,6.849807491966782e-20
1786739460.6217139,resting,fast,1786739448.8772085,-458.961223975979,-184.54852845524476,706.7455122953052,13.841139634143556,-34.422091798198565,6.911961799393066e-20
1786739460.6484518,resting,fast,1786739448.8772085,-460.6103569906941,-184.75791911810836,713.2840101570928,13.85684393385834,-34.54577677430226,6.928365990007378e-20
1786739460.6770308,resting,fast,1786739448.8772085,-465.3076424572914,-185.6818507810044,729.593214285389,13.926138808575441,-34.89807318429701,7.114958116141474e-20
1786739460.7051983,resting,fast,1786739448.8772085,-464.9844264114445,-185.99784092106393,723.7473654385949,13.949838069079913,-34.87383198085847,7.07646415739908e-20
1786739460.7336056,resting,fast,1786739448.8772085,-462.65322734716847,-185.50727293858859,714.3441114351745,13.91304547039427,-34.69899205103787,7.033738022286661e-20
1786739460.762006,resting,fast,1786739448.8772085,-459.0805462690828,-183.86638444966798,702.1755259191323,13.789978833725382,-34.431040970181364,6.843939977243337e-20
1786739460.7904754,resting,fast,1786739448.8772085,-458.5988339823398,-182.71163630651688,699.7393284092996,13.703372722989013,-34.394912548675585,6.776914191588643e-20
1786739460.8206306,resting,fast,1786739448.8772085,-461.4832680366512,-184.45937150375062,710.2904841024201,13.834452862781514,-34.61124510274892,6.909108400799831e-20
1786739460.8471777,resting,fast,1786739448.8772085,-462.6788045468834,-183.99454976508093,713.5098666289459,13.799591232381236,-34.700910341016446,6.972951984188213e-20
1786739460.8756797,resting,fast,1786739448.8772085,-465.23962922445116,-186.0504862507753,720.6669991544222,13.953786468808307,-34.8929721918342,7.054465825700326e-20
1786739460.9041107,resting,fast,1786739448.8772085,-464.4358678949825,-184.14965180197635,720.713688444027,13.811223885148426,-34.832690092123826,7.02768472620053e-20
1786739460.9324384,resting,fast,1786739448.8772085,-464.1726375240414,-185.59339325718554,715.1103132722001,13.919504494289004,-34.812947814303264,6.998735766142655e-20
1786739460.9607983,resting,fast,1786739448.8772085,-462.69394067757366,-182.5836817600076,712.4424366981057,13.69377613200086,-34.70204555081812,6.922461247516624e-20
1786739460.989119,resting,fast,1786739448.8772085,-462.97485144763823,-182.70010583634337,710.1012306377852,13.702507937725965,-34.72311385857305,6.877309946117053e-20
1786739461.0197349,resting,fast,1786739448.8772085,-463.9167104856033,-182.3609354490378,719.6215831338568,13.677070158677939,-34.7937532864204,6.954062326168356e-20
1786739461.045872,resting,fast,1786739448.8772085,-466.0056247614034,-183.49689825729638,725.9131403828314,13.762267369297494,-34.95042185710539,7.001560375968467e-20
1786739461.0743496,resting,fast,1786739448.8772085,-464.69779406196585,-182.59222360704734,722.4482374052413,13.694416770528836,-34.852334554647776,6.949528528429537e-20
1786739461.1025362,resting,fast,1786739448.8772085,-463.71827322641957,-181.5126570908767,717.8283810180246,13.613449281816056,-34.77887049198177,6.834834346934607e-20
1786739461.1311371,resting,fast,1786739448.8772085,-461.420839796383,-181.0871945336322,714.8459730593295,13.581539590022597,-34.606562984728946,6.837530665004064e-20
1786739461.1592934,resting,fast,1786739448.8772085,-462.4421035457676,-181.8236842488966,717.0653850301214,13.636776318667454,-34.6831577659327,6.836394681085029e-20
1786739461.1876519,resting,fast,1786739448.8772085,-462.04090522046226,-183.9972624959904,716.3363873214666,13.79979468719942,-34.65306789153485,6.898057297019934e-20
1786739461.2179925,resting,fast,1786739448.8772085,-462.12935833290567,-182.8356977029997,715.3744683761452,13.712677327725228,-34.65970187496803,6.876700686776526e-20
1786739461.2445927,resting,fast,1786739448.8772085,-461.1222796715174,-181.12579754797707,719.3524228140632,13.58443481609861,-34.58417097536398,6.858109466443057e-20
1786739461.2729504,resting,fast,1786739448.8772085,-462.8652061534144,-178.16649671535788,726.1590824821324,13.362487253652166,-34.714890461506265,6.849403678234888e-20
1786739461.301356,resting,fast,1786739448.8772085,-462.750775001035,-178.96848783987082,725.6072969907382,13.422636587990407,-34.706308125077875,6.870623388065373e-20
1786739461.3299685,resting,fast,1786739448.8772085,-462.42261758090217,-177.51237074312508,717.1673093029285,13.313427805734644,-34.68169631856769,6.884725001356396e-20
1786739461.3582084,resting,fast,1786739448.8772085,-459.5053014160371,-182.2748773477391,703.9946116607089,13.670615801080789,-34.46289760620309,6.870038760292259e-20
1786739461.3864357,resting,fast,1786739448.8772085,-459.3729155109304,-182.45649210643478,705.2408434195713,13.684236907982896,-34.45296866332006,6.828862884336348e-20
1786739461.4172153,resting,fast,1786739448.8772085,-460.4314208383289,-187.2426349094984,709.0448648030842,14.04319761821252,-34.53235656287488,6.907503311459176e-20
1786739461.4432185,resting,fast,1786739448.8772085,-462.4088891282904,-184.3659610157215,713.2107880592994,13.827447076179336,-34.68066668462186,6.904245563238118e-20
1786739461.4717321,resting,fast,1786739448.8772085,-464.22688612802904,-185.58947037822463,712.1976577309606,13.919210278367,-34.817016459602335,6.966649972404128e-20
1786739461.5000277,resting,fast,1786739448.8772085,-464.0755498096569,-184.63729478181517,710.3336933051496,13.84779710863631,-34.80566623572443,6.90345795389356e-20
1786739461.5284424,resting,fast,1786739448.8772085,-462.4202865756665,-184.46599437758482,708.7833301375413,13.834949578319037,-34.68152149317513,6.890774087657937e-20
1786739461.5569415,resting,fast,1786739448.8772085,-461.7164208505915,-184.82779419797384,710.468281921866,13.8620845648482,-34.62873156379465,6.872076708550294e-20
1786739461.5854108,resting,fast,1786739448.8772085,-461.89000146527223,-185.42458721464516,709.088703936568,13.906844041098527,-34.64175010989559,6.889078659617266e-20
1786739461.6142504,resting,fast,1786739448.8772085,-463.04329338379375,-184.3427194157241,716.526292599513,13.825703956179641,-34.72824700378477,6.884166819437514e-20
1786739461.6420472,resting,fast,1786739448.8772085,-461.1972693406333,-182.64259059470032,713.0251571258377,13.698194294602846,-34.589795200547606,6.842662440324258e-20
1786739461.6703756,resting,fast,1786739448.8772085,-463.65283360392414,-183.72879773888076,714.8833824694912,13.779659830416318,-34.77396252029444,6.782648362256612e-20
1786739461.6986551,resting,fast,1786739448.8772085,-463.23767492458137,-186.42040761480234,710.7545673126788,13.981530571110415,-34.74282561934386,6.830789117971249e-20
1786739461.7272098,resting,fast,1786739448.8772085,-464.63148074585934,-187.43682254694465,709.4361097177971,14.057761691021074,-34.8473610559396,6.837732258442299e-20
1786739461.7553856,resting,fast,1786739448.8772085,-461.92145960402286,-187.24704668707034,708.4008604866985,14.043528501530485,-34.644109470302034,6.879490664530762e-20
1786739461.7837913,resting,fast,1786739448.8772085,-462.32789369487045,-185.18562415716247,709.7246675155702,13.888921811787451,-34.67459202711546,6.86255517474949e-20
1786739461.815162,resting,fast,1786739448.8772085,-462.70780617880064,-186.62141857961217,707.2100604703473,13.996606393471058,-34.70308546341035,6.851162497450075e-20
1786739461.8406806,resting,fast,1786739448.8772085,-463.37487761685315,-184.6662209603462,709.7402735525147,13.849966572026357,-34.753115821264046,6.863715450893716e-20
1786739461.8690343,resting,fast,1786739448.8772085,-464.3624854300033,-185.6392435723502,708.4658444605957,13.92294326792658,-34.82718640725059,6.902583589120341e-20
1786739461.8975158,resting,fast,1786739448.8772085,-463.79043431004993,-186.45925122158587,715.0869265821239,13.984443841619107,-34.78428257325393,6.931682941003061e-20
1786739461.9261427,resting,fast,1786739448.8772085,-463.54693680736864,-185.9850031267855,716.236021018839,13.948875234509156,-34.766020260552885,6.944778386169266e-20
1786739461.9542367,resting,fast,1786739448.8772085,-461.31161849244245,-185.7653900025756,708.7054000212975,13.932404250193425,-34.59837138693346,6.904553036885455e-20
1786739461.9825277,resting,fast,1786739448.8772085,-461.0409619494403,-182.3902013933896,705.9026126981798,13.679265104504314,-34.57807214620824,6.89244769494065e-20
1786739462.0129168,resting,fast,1786739448.8772085,-460.4476776692022,-183.0536882327027,704.993897176244,13.72902661745292,-34.533575825190404,6.908719267300159e-20
1786739462.0393047,resting,fast,1786739448.8772085,-463.54963850828744,-185.2900180260459,720.3634609240844,13.896751351953572,-34.76622288812171,6.958217086264158e-20
1786739462.0678067,resting,fast,1786739448.8772085,-463.0251762935836,-184.53052365756616,715.5143809329738,13.839789274317877,-34.726888222018836,6.888879524230765e-20
1786739462.0962918,resting,fast,1786739448.8772085,-463.14118231292514,-185.2670735670497,716.0768330545607,13.895030517528962,-34.735588673469714,6.881878801896092e-20
1786739462.1245403,resting,fast,1786739448.8772085,-461.5557767805294,-184.77052690176845,703.1763305339236,13.857789517632842,-34.616683258539865,6.791633554157738e-20
1786739462.1532047,resting,fast,1786739448.8772085,-461.62729177913525,-185.71798537086636,706.7376522008853,13.928848902815101,-34.62204688343532,6.828737133217654e-20
1786739462.181769,resting,fast,1786739448.8772085,-463.5902772468239,-185.74653799151793,706.5764481429669,13.930990349364155,-34.76927079351215,6.798308380422127e-20
1786739462.2130518,resting,fast,1786739448.8772085,-463.76735920905094,-183.2644671891536,715.8575455815089,13.744835039186679,-34.78255194067897,6.836735711890045e-20
1786739462.2384086,resting,fast,1786739448.8772085,-465.1342298488198,-183.13581460639625,721.0065362480882,13.735186095479879,-34.88506723866166,6.907372578172561e-20
1786739462.2667181,resting,fast,1786739448.8772085,-463.44905746330414,-183.04741437391021,721.0440067591226,13.72855607804345,-34.75867930974798,6.934480077847727e-20
1786739462.2950265,resting,fast,1786739448.8772085,-462.08664056513135,-183.05238523889466,715.3125634812823,13.728928892917377,-34.65649804238513,6.916145974063422e-20
1786739462.3231897,resting,fast,1786739448.8772085,-460.3507905231013,-184.58607061194004,704.1209037031467,13.843955295895842,-34.52630928923288,6.824850513384511e-20
1786739462.3517613,resting,fast,1786739448.8772085,-460.39175536558514,-184.02082681536854,705.8893051722844,13.801562011153027,-34.529381652419,6.820651367671701e-20
1786739462.3803563,resting,fast,1786739448.8772085,-461.89998597933663,-188.20781034940285,707.469373353083,14.11558577620541,-34.64249894845032,6.882138941289803e-20
1786739462.411364,resting,fast,1786739448.8772085,-462.4364868850689,-189.11616633996323,712.3046601253536,14.183712475497419,-34.682736516380274,6.967781384577123e-20
1786739462.4369357,resting,fast,1786739448.8772085,-463.2470904946258,-189.0961495903772,709.9766829672835,14.182211219278539,-34.743531787097076,6.946607866136053e-20
1786739462.4658213,resting,fast,1786739448.8772085,-463.23824428138596,-185.33743232188408,713.0800678065116,13.900307424141662,-34.742868321104226,6.963262281131154e-20
1786739462.4937022,resting,fast,1786739448.8772085,-464.3882680458055,-181.91723203001266,715.565294099275,13.643792402251261,-34.829120103435514,6.908673200549294e-20
1786739462.5220788,resting,fast,1786739448.8772085,-463.0714907545457,-182.14658722191928,712.8919314551968,13.66099404164412,-34.730361806591155,6.911444719507882e-20
1786739462.5503447,resting,fast,1786739448.8772085,-462.232457695995,-181.8022644691232,707.8460931061545,13.635169835184602,-34.66743432719974,6.870634935033253e-20
1786739462.5786765,resting,fast,1786739448.8772085,-461.20100019961455,-182.7169204081032,707.0559950783736,13.703769030608083,-34.590075014971355,6.891811502447954e-20
1786739462.6081722,resting,fast,1786739448.8772085,-460.9894414317073,-182.68571681785704,704.6120758158268,13.70142876133946,-34.57420810737834,6.85781413716106e-20
1786739462.6360183,resting,fast,1786739448.8772085,-462.4878680343745,-185.68266675082862,707.809937583459,13.926200006312282,-34.68659010257828,6.82797679374934e-20
1786739462.6641183,resting,fast,1786739448.8772085,-463.53470298589264,-185.42723550945254,707.3191834175559,13.907042663209257,-34.76510272394208,6.814869016535142e-20
1786739462.692588,resting,fast,1786739448.8772085,-466.501371677487,-185.553591008176,717.0924267405826,13.916519325613418,-34.98760287581179,6.861372177513651e-20
1786739462.7210138,resting,fast,1786739448.8772085,-463.5460656081041,-182.78784571229676,711.0519232073648,13.709088428422394,-34.76595492060803,6.858019304743678e-20
1786739462.7495122,resting,fast,1786739448.8772085,-461.9184871071061,-182.08727495136975,710.0072719206619,13.656545621353008,-34.64388653303313,6.841304880305455e-20
1786739462.7778406,resting,fast,1786739448.8772085,-460.691148043838,-183.49206103116944,705.4132777919503,13.761904577337877,-34.55183610328794,6.871959548279373e-20
1786739462.8087087,resting,fast,1786739448.8772085,-461.53003440522434,-182.04475254871898,710.0609372799918,13.653356441154191,-34.61475258039196,6.891625339004475e-20
1786739462.8345063,resting,fast,1786739448.8772085,-466.56275697964975,-185.51062455026306,719.3864153022951,13.913296841269908,-34.992206773473924,6.937378753909913e-20
1786739462.8627763,resting,fast,1786739448.8772085,-465.8083184820589,-182.4720732482706,725.4382992023066,13.685405493620483,-34.93562388615484,6.901049841931559e-20
1786739462.8912623,resting,fast,1786739448.8772085,-467.5056948726242,-183.05674885605674,724.5331269275384,13.729256164204532,-35.06292711544711,6.858962561211699e-20
1786739462.9197288,resting,fast,1786739448.8772085,-464.32713453758834,-179.81356017985001,722.1362201378715,13.486017013489107,-34.82453509031932,6.92685182730693e-20
1786739462.9480817,resting,fast,1786739448.8772085,-463.2196595205455,-177.91568236698402,710.7254039821519,13.3436761775239,-34.741474464041154,6.879049633662364e-20
1786739462.9765348,resting,fast,1786739448.8772085,-462.6073597676191,-180.1782310123308,708.9443503535431,13.513367325924992,-34.69555198257161,6.969151618450858e-20
1786739463.0046914,resting,fast,1786739448.8772085,-462.47721417643334,-182.4366784813525,711.1348837625301,13.682750886101541,-34.6857910632326,6.918026967939898e-20
1786739463.033404,resting,fast,1786739448.8772085,-463.22843147424874,-183.80309346662534,717.2933228422207,13.785232009997127,-34.742132360568746,6.968689008895618e-20
1786739463.0614777,resting,fast,1786739448.8772085,-462.2128845392408,-184.95005666723,717.8461196447279,13.871254250042409,-34.66596634044324,6.909953419209071e-20
1786739463.090244,resting,fast,1786739448.8772085,-463.6662874607123,-185.13357157138853,712.432997136937,13.885017867854291,-34.774971559553556,6.913893026533954e-20
1786739463.1183374,resting,fast,1786739448.8772085,-462.43580320166893,-184.51587053981496,705.8452672626127,13.838690290486365,-34.68268524012546,6.926489952897291e-20
1786739463.146855,resting,fast,1786739448.8772085,-463.511385275317,-182.95633632699014,710.3173013649621,13.721725224524416,-34.76335389564897,6.99369446248118e-20
1786739463.1752753,resting,fast,1786739448.8772085,-461.1602173389142,-182.5509206420635,711.3312310641722,13.691319048155027,-34.58701630041865,6.971282551119733e-20
1786739463.2037358,resting,fast,1786739448.8772085,-463.2192343764091,-185.04534475322532,719.6295252425762,13.878400856492025,-34.74144257823081,6.95511050327698e-20
1786739463.2323043,resting,fast,1786739448.8772085,-466.946049656819,-187.66899222570942,718.400285879402,14.075174416928352,-35.020953724261645,6.937668674745319e-20
1786739463.2604,resting,fast,1786739448.8772085,-465.53274150165817,-185.3871969161736,717.6894872573657,13.904039768713243,-34.914955612624716,6.897828143756539e-20
1786739463.2888894,resting,fast,1786739448.8772085,-466.13041808401886,-185.54626274296754,709.6118392338949,13.915969705722734,-34.95978135630159,6.873521873705868e-20
1786739463.3173585,resting,fast,1786739448.8772085,-461.8993228745794,-183.67949218202523,696.8216173333121,13.775961913652086,-34.642449215593714,6.807441376288918e-20
1786739463.3454611,resting,fast,1786739448.8772085,-462.7851868906314,-184.63898231830478,696.6886721320443,13.847923673873073,-34.708889016797606,6.815386489259816e-20
1786739463.3739362,resting,fast,1786739448.8772085,-461.3360015829671,-181.79108019483817,706.2072410109886,13.634331014612922,-34.60020011872257,6.885870560270043e-20
1786739463.4037015,resting,fast,1786739448.8772085,-460.5563690044787,-178.86662042793932,720.6725816160579,13.41499653209561,-34.541727675335984,6.918435232903305e-20
1786739463.43086,resting,fast,1786739448.8772085,-461.1149419961139,-175.9515001841064,727.8565810357413,13.196362513808236,-34.58362064970875,6.950510206912591e-20
1786739463.4589815,resting,fast,1786739448.8772085,-460.3014050883603,-177.50942341093628,723.5232601718608,13.313206755820435,-34.522605381627166,6.917476641252094e-20
1786739463.487686,resting,fast,1786739448.8772085,-459.97616179952684,-178.67049534525063,713.9510397181411,13.400287150894034,-34.498212134964696,6.892323394694336e-20
1786739463.515825,resting,fast,1786739448.8772085,-458.11744415654357,-181.034931230614,697.5516185464949,13.577619842296382,-34.35880831174098,6.816736988853849e-20
1786739463.5441885,resting,fast,1786739448.8772085,-460.7152045621265,-182.3911686947672,699.8296526231406,13.679337652107701,-34.55364034215962,6.814081598259283e-20
1786739463.5733552,resting,fast,1786739448.8772085,-461.5050173605173,-185.07321779294512,698.2866791354654,13.880491334471,-34.61287630203894,6.847202170766529e-20
1786739463.6022453,resting,fast,1786739448.8772085,-465.6752598968742,-188.62395556543822,709.4966953841331,14.146796667408093,-34.92564449226571,6.939909258719235e-20
1786739463.6296272,resting,fast,1786739448.8772085,-464.80171822818056,-189.7364808122394,715.0965819708508,14.230236060918262,-34.8601288671139,6.905373596947414e-20
1786739463.657812,resting,fast,1786739448.8772085,-466.59968133202756,-189.41752199682128,723.4777664495396,14.206314149761692,-34.99497609990229,6.90637764511356e-20
1786739463.6862183,resting,fast,1786739448.8772085,-462.9534367486476,-187.3674352894883,716.633634440579,14.052557646711985,-34.72150775614864,6.871944247970094e-20
1786739463.7146266,resting,fast,1786739448.8772085,-459.9819640128635,-185.60849581419222,701.3777397420108,13.920637186064635,-34.498647300965054,6.868315279474528e-20
1786739463.743317,resting,fast,1786739448.8772085,-458.2660026223766,-181.82142185628288,692.7986188901432,13.636606639221537,-34.3699501966785,6.876858385158237e-20
1786739463.771323,resting,fast,1786739448.8772085,-459.68453790351623,-179.93492598207092,701.6964799053503,13.495119448655512,-34.476340342763784,6.933032304880183e-20
1786739463.799786,resting,fast,1786739448.8772085,-460.8142832573694,-177.88009586132023,712.4494859046135,13.341007189599214,-34.561071244302845,6.94657475602218e-20
1786739463.8280628,resting,fast,1786739448.8772085,-462.6806897354322,-180.36764339446609,719.3395440934601,13.527573254585274,-34.701051730157616,6.922175770307879e-20
1786739463.8567877,resting,fast,1786739448.8772085,-461.79401166666275,-182.8993687523091,709.3142287842265,13.717452656423365,-34.634550874999896,6.8394091342332e-20
1786739463.8849378,resting,fast,1786739448.8772085,-463.36268430655446,-184.58755871515393,704.0232684899747,13.844066903636726,-34.752201322991844,6.835154067593889e-20
1786739463.913501,resting,fast,1786739448.8772085,-463.8288826704452,-184.4019423894838,705.3490678388043,13.830145679211586,-34.787166200283544,6.906061045689628e-20
1786739463.9417415,resting,fast,1786739448.8772085,-465.3378880991104,-184.80573309256806,717.3433535767708,13.860429981942726,-34.90034160743352,7.013475760121264e-20
1786739463.9700775,resting,fast,1786739448.8772085,-464.0720021645775,-185.23536602643787,716.7317355121668,13.892652451983043,-34.80540016234331,7.052613061423552e-20
1786739463.9992218,resting,fast,1786739448.8772085,-461.3624342357375,-185.8383815820747,715.551288996081,13.937878618655791,-34.602182567680615,6.982006035476281e-20
1786739464.0268435,resting,fast,1786739448.8772085,-461.7053072860831,-184.78539305034485,705.7022729760438,13.858904478776136,-34.62789804645648,6.901319581774938e-20
1786739464.0555358,resting,fast,1786739448.8772085,-462.79112972527264,-185.2622916608069,709.73284001923,13.894671874560718,-34.709334729395515,6.891959953337916e-20
1786739464.0838459,resting,fast,1786739448.8772085,-463.4860410097285,-183.96238697162028,708.109772050715,13.797179022871706,-34.76145307572975,6.869086594685602e-20
1786739464.1123235,resting,fast,1786739448.8772085,-462.350125465834,-179.86578117778458,710.3464799749763,13.489933588334114,-34.67625940993773,6.837037501246594e-20
1786739464.1407962,resting,fast,1786739448.8772085,-462.1416172054237,-179.76878751187883,711.6677931409695,13.482659063391207,-34.66062129040694,6.836834723123023e-20
1786739464.1690028,resting,fast,1786739448.8772085,-462.1937997401351,-180.2576010739208,715.6457837408143,13.519320080544407,-34.66453498051016,6.874576745180261e-20
1786739464.199673,resting,fast,1786739448.8772085,-461.68631060931875,-183.44996964651568,713.8820076622724,13.758747723488941,-34.62647329569902,6.897100343591139e-20
1786739464.2255182,resting,fast,1786739448.8772085,-461.07487718136326,-183.56130453671392,712.6569239122873,13.767097840253793,-34.58061578860245,6.830114259242353e-20
1786739464.254121,resting,fast,1786739448.8772085,-463.2345304717328,-182.28689747830174,715.8702144371418,13.671517310873003,-34.74258978538005,6.85131497743234e-20
1786739464.2822514,resting,fast,1786739448.8772085,-463.2905262632553,-183.0959282727124,716.8130347314709,13.732194620453587,-34.74678946974429,6.897079596608236e-20
1786739464.3107297,resting,fast,1786739448.8772085,-464.61572335449137,-179.17656218531988,713.6217963545141,13.438242163899286,-34.846179251586975,6.904490711710033e-20
1786739464.3391023,resting,fast,1786739448.8772085,-463.40900876690466,-182.3611263215323,715.8756740959698,13.67708447411508,-34.75567565751809,6.899020134600346e-20
1786739464.3673935,resting,fast,1786739448.8772085,-464.9653895549095,-185.01149003830278,714.4495474378373,13.875861752872982,-34.87240421661853,6.926462247770963e-20
1786739464.3985777,resting,fast,1786739448.8772085,-464.7582343373924,-191.1658927255795,714.5458619845249,14.337441954418654,-34.85686757530451,6.98939843906019e-20
1786739464.4243166,resting,fast,1786739448.8772085,-463.0872141459645,-190.19666306803936,709.0061186084722,14.264749730103151,-34.731541060947556,7.003371759218924e-20
1786739464.4525404,resting,fast,1786739448.8772085,-461.03552430862146,-186.62300568966646,707.0351870757086,13.99672542672523,-34.57766432314683,6.890263496988387e-20
1786739464.480947,resting,fast,1786739448.8772085,-460.8986532276572,-184.06766552531303,715.2595657178172,13.805074914398585,-34.567398992074516,6.938291426664209e-20
1786739464.5093608,resting,fast,1786739448.8772085,-460.66199390071006,-183.52576479038237,704.7852668225514,13.764432359278938,-34.549649542553354,6.887141978012241e-20
1786739464.5379155,resting,fast,1786739448.8772085,-462.3579211498454,-185.9281540528708,713.5944897580366,13.94461155396549,-34.67684408623847,7.020504025627957e-20
1786739464.5661614,resting,fast,1786739448.8772085,-461.5645721179317,-188.45972321522493,703.3398577661501,14.134479241142234,-34.617342908845174,6.959204116803962e-20
1786739464.59622,resting,fast,1786739448.8772085,-462.957898611734,-188.36193214052776,716.676387323535,14.127144910539851,-34.721842395880294,7.015367082004797e-20
1786739464.6229916,resting,fast,1786739448.8772085,-461.53007296891246,-183.34977257973208,715.7427019072429,13.751232943480066,-34.6147554726687,6.937896542717487e-20
1786739464.65137,resting,fast,1786739448.8772085,-461.3982076910115,-180.85958293663202,714.1179949870393,13.564468720247678,-34.60486557682607,6.935327753802967e-20
1786739464.6798687,resting,fast,1786739448.8772085,-460.7748011960098,-178.67836332260208,716.062141098033,13.40087724919547,-34.55811008970071,6.903945585222456e-20
1786739464.7081368,resting,fast,1786739448.8772085,-461.04320197051356,-181.68806884602054,709.9228964414824,13.626605163451853,-34.578240147788556,6.913925602485707e-20
1786739464.7365596,resting,fast,1786739448.8772085,-459.831156357669,-182.09899515569214,706.9107929865004,13.65742463667711,-34.487336726825475,6.854116539814013e-20
1786739464.7651443,resting,fast,1786739448.8772085,-460.68622018951373,-184.5104361295348,702.567047466091,13.838282709715362,-34.55146651421353,6.85872462724049e-20
1786739464.7966385,resting,fast,1786739448.8772085,-465.3610719863318,-183.1149232477435,712.1727803528438,13.733619243580957,-34.90208039897508,6.841621936793316e-20
1786739464.8220396,resting,fast,1786739448.8772085,-470.13782629322895,-183.35592533236502,724.5621921153297,13.75169439992764,-35.26033697199242,6.933710353548484e-20
1786739464.8501394,resting,fast,1786739448.8772085,-470.2045285751833,-181.69709286503178,720.072508990851,13.627281964877685,-35.26533964313888,6.922215599287304e-20
1786739464.8783605,resting,fast,1786739448.8772085,-465.0369434309173,-181.22777908515707,709.2449734408956,13.592083431386957,-34.877770757319034,6.927320094778435e-20
1786739464.9069023,resting,fast,1786739448.8772085,-461.18962134581534,-180.27225170117026,706.8066959050184,13.52041887758816,-34.58922160093628,6.933264242428943e-20
1786739464.9354086,resting,fast,1786739448.8772085,-460.8452209224456,-181.83939434735214,705.4699013188047,13.637954576051737,-34.56339156918359,6.900722867803575e-20
1786739464.9645925,resting,fast,1786739448.8772085,-462.11497114367194,-184.219211297921,711.6122259855383,13.8164408473442,-34.65862283577542,6.96223604815973e-20
1786739464.9920847,resting,fast,1786739448.8772085,-463.2194487010888,-184.44505360528365,714.5288423427082,13.833379020396453,-34.74145865258172,6.882325218042568e-20
1786739465.020434,resting,fast,1786739448.8772085,-462.96767974542126,-187.1320822011195,719.9596896118064,14.034906165084248,-34.72257598090683,6.89988880822484e-20
1786739465.0488036,resting,fast,1786739448.8772085,-461.9452693846829,-186.34385822396803,714.9413827103581,13.975789366797745,-34.645895203851566,6.814707809266191e-20
1786739465.0771897,resting,fast,1786739448.8772085,-459.0710849816737,-183.96641331451008,702.0606859571444,13.797480998588444,-34.430331373625656,6.807624817394367e-20
1786739465.1054664,resting,fast,1786739448.8772085,-458.93711091401474,-181.9729524506646,699.3771322397743,13.647971433800297,-34.42028331855129,6.830215354070394e-20
1786739465.133982,resting,fast,1786739448.8772085,-459.3947289248554,-182.6022743327169,701.8306736599634,13.695170574953952,-34.45460466936439,6.935008818669284e-20
1786739465.1624622,resting,fast,1786739448.8772085,-461.37995268114946,-185.82995215245467,711.4651388830125,13.937246411434355,-34.6034964510865,7.023346531646905e-20
1786739465.1910193,resting,fast,1786739448.8772085,-462.4411688000341,-185.26617785658266,714.3436902951253,13.894963339243876,-34.683087660002705,7.001657326778102e-20
1786739465.2194028,resting,fast,1786739448.8772085,-461.7874956081496,-185.95238311508683,721.2499396604062,13.946428733631695,-34.634062170611585,6.991026865141723e-20
1786739465.247529,resting,fast,1786739448.8772085,-461.6492961167528,-185.61959754252848,715.6732219977121,13.921469815689978,-34.623697208756674,6.959934028303498e-20
1786739465.275909,resting,fast,1786739448.8772085,-460.6024938948035,-185.17028347082714,711.1060181337607,13.887771260312217,-34.5451870421104,6.928833977472647e-20
1786739465.3041382,resting,fast,1786739448.8772085,-461.99682224217986,-186.34398245021396,703.7920225449543,13.975798683766211,-34.649761668163706,6.847956268579978e-20
1786739465.333004,resting,fast,1786739448.8772085,-462.9198219558725,-184.6136033557873,707.4341577770529,13.846020251684255,-34.718986646690595,6.827710171468725e-20
1786739465.3632975,resting,fast,1786739448.8772085,-462.79340322875896,-184.55029947372032,714.5468495614004,13.841272460529272,-34.70950524215704,6.915754149914874e-20
1786739465.3893664,resting,fast,1786739448.8772085,-460.6197575993292,-178.85220695346231,713.9532375346171,13.41391552151001,-34.54648181994974,6.934954233908316e-20
1786739465.4183483,resting,fast,1786739448.8772085,-462.1526421819244,-181.545376335529,721.064173492121,13.615903225164939,-34.661448163644465,6.991672503149137e-20
1786739465.4462996,resting,fast,1786739448.8772085,-462.9136081124934,-183.68061491622336,714.6820962237571,13.776046118717094,-34.718520608437196,6.963526454559874e-20
1786739465.474415,resting,fast,1786739448.8772085,-464.46239922992436,-186.3950823471372,718.9174322397857,13.979631176035564,-34.83467994224433,7.024210519823414e-20
1786739465.5028446,resting,fast,1786739448.8772085,-461.8587272611817,-185.23909777064011,706.5846186693943,13.892932332798242,-34.63940454458886,6.98060564908829e-20
1786739465.531262,resting,fast,1786739448.8772085,-463.0636308754724,-185.63745741415107,708.6568556386055,13.922809306061662,-34.72977231566078,6.97620109347229e-20
1786739465.5602388,resting,fast,1786739448.8772085,-463.93648966503724,-188.15124444397293,706.413112647243,14.111343333298283,-34.79523672487795,6.913953031923522e-20
1786739465.5881548,resting,fast,1786739448.8772085,-464.2284463731917,-188.74420203474597,709.4775624147651,14.15581515260629,-34.817133477989515,6.8926767200367e-20
1786739465.6164753,resting,fast,1786739448.8772085,-461.61132570842847,-186.480620327172,704.1702291649826,13.986046524538178,-34.62084942813242,6.800121509109497e-20
1786739465.6449227,resting,fast,1786739448.8772085,-460.216865455081,-182.4306705814014,702.3815942403271,13.682300293605298,-34.516264909131266,6.715650581095037e-20
1786739465.67324,resting,fast,1786739448.8772085,-462.3101829507541,-180.7042330935717,707.8264319012778,13.55281748201823,-34.673263721306796,6.742259181618127e-20
1786739465.7015874,resting,fast,1786739448.8772085,-463.27260015932006,-180.73524460899523,716.8602982299881,13.55514334567486,-34.74544501194922,6.85277699989745e-20
1786739465.7301872,resting,fast,1786739448.8772085,-464.8220636099236,-184.34498488531233,717.2348766374616,13.825873866398684,-34.861654770744515,6.930039117813855e-20
1786739465.7601907,resting,fast,1786739448.8772085,-462.5661316816131,-185.51532478860724,715.4312803995244,13.913649359145726,-34.692459876121184,6.918151155974195e-20
1786739465.7868283,resting,fast,1786739448.8772085,-462.39974909938474,-185.66428328820882,713.9846801411504,13.92482124661581,-34.67998118245407,6.884255478922785e-20
1786739465.8152955,resting,fast,1786739448.8772085,-459.3373985419439,-183.06582407380995,716.7324633330663,13.72993680553581,-34.450304890645874,6.866637592330508e-20
1786739465.8435543,resting,fast,1786739448.8772085,-460.928509932166,-182.84591508835467,717.5292169842769,13.71344363162677,-34.56963824491251,6.887008944108341e-20
1786739465.8720298,resting,fast,1786739448.8772085,-458.4522993210476,-183.21270708879877,705.45132737106,13.740953031660158,-34.38392244907878,6.805520739541135e-20
1786739465.9005826,resting,fast,1786739448.8772085,-460.73135768799875,-185.56431822261368,701.8219858168231,13.917323866696183,-34.55485182660011,6.816658902645328e-20
1786739465.9286284,resting,fast,1786739448.8772085,-457.78809039557154,-183.34191388155284,694.75839390688,13.750643541116542,-34.33410677966801,6.762711256049348e-20
1786739465.9584796,resting,fast,1786739448.8772085,-462.6026018503994,-184.14522973057967,716.089468776182,13.810892229793605,-34.695195138780015,6.945109935467641e-20
1786739465.985494,resting,fast,1786739448.8772085,-464.7817129697287,-181.9161566826058,720.0856383051832,13.643711751195593,-34.85862847272971,7.013985260609348e-20
1786739466.013936,resting,fast,1786739448.8772085,-468.4553731979886,-182.52908732634387,727.0191237242998,13.689681549476024,-35.13415298984944,7.074288732222728e-20
1786739466.0422418,resting,fast,1786739448.8772085,-465.46036460306686,-180.06590619862357,719.1886489859189,13.504942964897072,-34.909527345230224,6.937857821754082e-20
1786739466.0710516,resting,fast,1786739448.8772085,-462.58792177422583,-183.13249405373722,713.2739916254168,13.734937054030528,-34.69409413306721,6.838726568902546e-20
1786739466.0989933,resting,fast,1786739448.8772085,-459.97360168225714,-183.44744284519788,706.672462580259,13.758558213390007,-34.49802012616953,6.819904631127406e-20
1786739466.1274488,resting,fast,1786739448.8772085,-459.55198742911034,-182.61563545619595,696.8031461967375,13.69617265921487,-34.46639905718349,6.847957544099537e-20
1786739466.1561735,resting,fast,1786739448.8772085,-461.00248828738995,-181.79671508619583,704.0316863946364,13.6347536314649,-34.575186621554415,6.913504503908772e-20
1786739466.1841648,resting,fast,1786739448.8772085,-462.46431613811956,-182.31454661614384,711.725363358386,13.673590996210901,-34.684823710359,6.913872585627773e-20
1786739466.2130258,resting,fast,1786739448.8772085,-464.0538911221129,-184.6752570601642,723.3508388062073,13.850644279512583,-34.804041834158554,6.94998187206215e-20
1786739466.2411377,resting,fast,1786739448.8772085,-465.28560086164,-181.9932184001094,719.1886968701638,13.64949138000846,-34.8964200646232,6.876403843650653e-20
1786739466.2694812,resting,fast,1786739448.8772085,-464.9009296509639,-181.73139511319312,715.7441531256991,13.629854633489696,-34.8675697238225,6.859193114329522e-20
1786739466.2982113,resting,fast,1786739448.8772085,-468.6066885765126,-182.16386031297714,715.008785660063,13.66228952347345,-35.14550164323855,6.815490744597492e-20
1786739466.3262498,resting,fast,1786739448.8772085,-468.3525327525567,-183.24991091017284,723.7093572983267,13.74374331826316,-35.12643995644182,6.928060271885071e-20
1786739466.3547816,resting,fast,1786739448.8772085,-469.08901183813305,-187.9522917150697,725.1504027197516,14.096421878630498,-35.18167588786035,7.010455423306782e-20
1786739466.3831172,resting,fast,1786739448.8772085,-465.41526631744455,-187.410904297265,721.3488103257268,14.055817822295129,-34.90614497380852,6.99451049085755e-20
1786739466.411443,resting,fast,1786739448.8772085,-462.4093395913137,-187.06443059850255,716.5326012338728,14.029832294887871,-34.68070046934856,6.926819471249133e-20
1786739466.4397519,resting,fast,1786739448.8772085,-463.17012841502674,-183.86787611147884,712.731146682163,13.790090708361245,-34.73775963112727,6.775901448547823e-20
1786739466.4683208,resting,fast,1786739448.8772085,-460.23691416517704,-180.97698053106012,708.4894261473191,13.57327353982971,-34.51776856238837,6.710645404191701e-20
1786739466.4965746,resting,fast,1786739448.8772085,-462.64547556351863,-180.87136936298202,713.2306021414715,13.565352702223773,-34.69841066726406,6.748705356766382e-20
1786739466.5249786,resting,fast,1786739448.8772085,-458.0813919662719,-179.31703538147246,706.101924243967,13.448777653610637,-34.35610439747067,6.83016794994116e-20
1786739466.5532916,resting,fast,1786739448.8772085,-461.8569952299781,-179.5831079181686,716.8223864530892,13.468733093862856,-34.63927464224862,6.96002713442324e-20
1786739466.581816,resting,fast,1786739448.8772085,-460.9553699199182,-180.0729607332778,712.6875008129136,13.505472054996037,-34.571652743994,6.9711317425618e-20
1786739466.610214,resting,fast,1786739448.8772085,-464.28466120018584,-181.6932740152023,719.544296711123,13.626995551140393,-34.821349590014286,6.937133287391112e-20
1786739466.6385067,resting,fast,1786739448.8772085,-462.80879720549865,-183.46142433440116,712.9733286625569,13.759606825080201,-34.71065979041267,6.872606548594354e-20
1786739466.6669059,resting,fast,1786739448.8772085,-461.21071121509976,-181.06985552351193,709.2527666436845,13.580239164263585,-34.5908033411325,6.865480612160128e-20
1786739466.695283,resting,fast,1786739448.8772085,-463.41549113829524,-179.5808598304044,718.6581489855407,13.468564487280492,-34.756161835372225,6.960076340792437e-20
1786739466.7240698,resting,fast,1786739448.8772085,-463.79512762680724,-182.3935826119183,721.924695005393,13.6795186958941,-34.784634572010745,7.057438795812565e-20
1786739466.75215,resting,fast,1786739448.8772085,-463.27421746799973,-185.5004170911659,718.602701755326,13.912531281837747,-34.745566310100195,6.96949832843977e-20
1786739466.7810762,resting,fast,1786739448.8772085,-463.0823413560015,-190.60029379983564,716.687511274482,14.295022034987877,-34.73117560170023,6.93729983399881e-20
1786739466.8094208,resting,fast,1786739448.8772085,-461.3705581285594,-184.80229149197442,707.8153433006719,13.860171861898326,-34.602791859642394,6.856035472473279e-20
1786739466.8374016,resting,fast,1786739448.8772085,-463.7593877256577,-185.60781969646416,711.5825829121932,13.920586477235002,-34.78195407942456,6.909679054692497e-20
1786739466.8657744,resting,fast,1786739448.8772085,-460.57479488352783,-181.89641777096188,701.1919553732469,13.642231332822487,-34.54310961626481,6.853294413908974e-20
1786739466.8940578,resting,fast,1786739448.8772085,-465.15283377094784,-186.30067567935066,713.4048120345633,13.972550675951556,-34.88646253282122,6.904174067373337e-20
1786739466.922483,resting,fast,1786739448.8772085,-464.833450905423,-184.8251845089618,714.6193305864781,13.861888838172423,-34.86250881790695,6.894360608725023e-20
1786739466.952491,resting,fast,1786739448.8772085,-467.16588090898495,-184.14722269064964,725.4378427957608,13.811041701798917,-35.03744106817396,6.951704952962627e-20
1786739466.9792109,resting,fast,1786739448.8772085,-465.10025351468994,-184.23427572560286,729.5710863655731,13.817570679420474,-34.88251901360185,6.959729506593408e-20
1786739467.0075657,resting,fast,1786739448.8772085,-465.8174975642755,-185.3147303648102,732.0176170352124,13.898604777360948,-34.93631231732081,7.021111599780225e-20
1786739467.036072,resting,fast,1786739448.8772085,-463.24758902360827,-185.1165625122618,724.9390393980029,13.883742188419756,-34.743569176770855,6.907033710670357e-20
1786739467.0644548,resting,fast,1786739448.8772085,-462.0980637135481,-185.27143559740648,702.0165125638523,13.895357669805708,-34.657354778516385,6.887030160421661e-20
1786739467.0927396,resting,fast,1786739448.8772085,-462.16226432750864,-185.2051286507168,698.1998478562055,13.890384648804027,-34.66216982456342,6.839673671736962e-20
1786739467.1213994,resting,fast,1786739448.8772085,-461.12217893375646,-186.17019071037032,696.1308591174766,13.962764303278082,-34.584163420031985,6.89030718667708e-20
1786739467.150242,resting,fast,1786739448.8772085,-461.2221945434703,-184.98940382172782,712.3353075586965,13.874205286629884,-34.59166459076037,6.832449209250839e-20
1786739467.1782887,resting,fast,1786739448.8772085,-462.7428060605648,-188.02730513310553,714.6898277816181,14.102047884983062,-34.705710454542576,6.856107723404278e-20
1786739467.2064598,resting,fast,1786739448.8772085,-463.20895923686203,-186.56864739508615,713.5441816938774,13.992648554631682,-34.740671942764855,6.927173657913543e-20
1786739467.2350976,resting,fast,1786739448.8772085,-462.63614696490686,-186.31751533903582,707.4028073420486,13.973813650428038,-34.69771102236821,6.98749435574343e-20
1786739467.2633848,resting,fast,1786739448.8772085,-459.9090416445115,-181.41291763362426,701.3623074560883,13.605968822521977,-34.49317812333845,6.970271473887724e-20
1786739467.2918022,resting,fast,1786739448.8772085,-461.5513790589289,-182.58065757111115,703.432275364491,13.693549317833583,-34.61635342941987,6.906541594413426e-20
1786739467.3200555,resting,fast,1786739448.8772085,-461.0777943598723,-182.32554011906768,706.810084333797,13.674415508930405,-34.58083457699064,6.871186627524389e-20
1786739467.3497055,resting,fast,1786739448.8772085,-461.2494968490173,-184.52964256732741,709.7323376724389,13.839723192549787,-34.59371226367662,6.873330932671185e-20
1786739467.3773577,resting,fast,1786739448.8772085,-461.7698919940053,-185.6944337013042,717.4890257797488,13.927082527598078,-34.63274189955064,6.931785317179324e-20
1786739467.4053924,resting,fast,1786739448.8772085,-463.1319595400296,-184.86121067193176,714.5339574947038,13.864590800395124,-34.73489696550238,6.940539355961436e-20
1786739467.433786,resting,fast,1786739448.8772085,-463.327892182705,-183.59518995168366,716.3634725638767,13.76963924637641,-34.749591913703,6.912339844376294e-20
1786739467.4620352,resting,fast,1786739448.8772085,-462.15981075458376,-181.39522788139402,709.9292399743554,13.604642091104825,-34.66198580659413,6.862490851408298e-20
1786739467.490442,resting,fast,1786739448.8772085,-462.48384732731984,-179.9250334992645,712.5816941230114,13.494377512445038,-34.68628854954947,6.857455257114027e-20
1786739467.5186865,resting,fast,1786739448.8772085,-463.0613263319742,-184.70340559012925,711.6257601559691,13.852755419259875,-34.72959947489832,6.942981554970273e-20
1786739467.5479774,resting,fast,1786739448.8772085,-464.1388415195238,-186.9224752623487,714.1043281464727,14.019185644676245,-34.81041311396437,6.969696710005773e-20
1786739467.575496,resting,fast,1786739448.8772085,-466.9068555656845,-192.35820584958526,717.6757615822444,14.426865438719044,-35.01801416742647,6.981844644661834e-20
1786739467.6039631,resting,fast,1786739448.8772085,-465.4396062187866,-186.9560825133658,716.6621758170313,14.021706188502574,-34.90797046640926,6.860921862413801e-20
1786739467.6323829,resting,fast,1786739448.8772085,-465.2809631650098,-184.04169120692166,720.651130930989,13.803126840519372,-34.89607223737595,6.811312085859118e-20
1786739467.6606376,resting,fast,1786739448.8772085,-460.9947443523897,-182.01196384136858,714.2089726439863,13.650897288102865,-34.574605826429355,6.813862018011087e-20
1786739467.6890333,resting,fast,1786739448.8772085,-460.9142705274912,-180.76208215421354,713.730947197334,13.557156161566216,-34.56857028956217,6.852497765041913e-20
1786739467.7173457,resting,fast,1786739448.8772085,-459.8404477158624,-181.30481121977357,706.550859252151,13.597860841483243,-34.488033578689816,6.874158750034484e-20
1786739467.7481563,resting,fast,1786739448.8772085,-460.3183337214905,-178.90549048603123,707.0566384617387,13.417911786452596,-34.52387502911201,6.85894854835925e-20
1786739467.7742467,resting,fast,1786739448.8772085,-461.99168802732765,-179.83864262440295,712.051967516988,13.48789819683034,-34.64937660204979,6.84188439884896e-20
1786739467.802687,resting,fast,1786739448.8772085,-464.1607545094457,-182.70453838940614,717.212116876849,13.702840379205757,-34.81205658820876,6.937277776861704e-20
1786739467.8310215,resting,fast,1786739448.8772085,-465.00301533853326,-183.50891005036704,716.0113128573303,13.763168253777675,-34.875226150390226,6.935839159815103e-20
1786739467.8595352,resting,fast,1786739448.8772085,-462.97473445181595,-183.06236339866064,708.1369242942328,13.729677254899723,-34.723105083886374,7.009928076929446e-20
1786739467.8876982,resting,fast,1786739448.8772085,-461.4396255067559,-181.75992134530452,707.0900642738889,13.631994100898272,-34.60797191300689,6.941153260826045e-20
1786739467.9162664,resting,fast,1786739448.8772085,-459.97878715590195,-181.58821641135762,707.380484969467,13.619116230852125,-34.498409036692905,6.921387532947851e-20
1786739467.9473424,resting,fast,1786739448.8772085,-461.3335433867278,-182.4075591488031,712.6971550185572,13.68056693616052,-34.60001575400494,6.882197859258408e-20
1786739467.9729002,resting,fast,1786739448.8772085,-459.85241054451853,-180.0972821850645,713.7548824977712,13.507296163880138,-34.488930790839085,6.836855688441516e-20
1786739468.0013444,resting,fast,1786739448.8772085,-462.1669638213348,-182.01956470359903,723.0928033442915,13.65146735277003,-34.662522286600385,6.877543778289968e-20
1786739468.0298119,resting,fast,1786739448.8772085,-461.0240929174565,-181.9077983945284,718.8245959875512,13.643084879589875,-34.57680696880942,6.84601117952698e-20
1786739468.0581849,resting,fast,1786739448.8772085,-463.4103404953062,-185.64995089183105,715.6975924422559,13.92374631688757,-34.75577553714816,6.936794011735328e-20
1786739468.0864809,resting,fast,1786739448.8772085,-462.74619810532204,-185.01884269288655,710.7086631409984,13.87641320196676,-34.70596485789939,6.934242127556187e-20
1786739468.1150105,resting,fast,1786739448.8772085,-466.2583655442568,-188.14165163700375,717.095779483926,14.110623872775552,-34.96937741581938,6.958263509611747e-20
1786739468.1432862,resting,fast,1786739448.8772085,-464.75021117391725,-184.06274056026245,716.686436331529,13.804705542019871,-34.85626583804391,6.871264394814309e-20
1786739468.1718135,resting,fast,1786739448.8772085,-464.7325118652575,-182.21690399491354,717.1007204155248,13.666267799618833,-34.854938389894365,6.867488669833624e-20
1786739468.1999788,resting,fast,1786739448.8772085,-461.778413214734,-181.4922126602711,710.2764069236537,13.61191594952054,-34.63338099110523,6.819551320454214e-20
1786739468.2282586,resting,fast,1786739448.8772085,-463.03909663240256,-185.30090770721233,709.8340231924303,13.897568078041044,-34.7279322474303,6.844869608244137e-20
1786739468.2567372,resting,fast,1786739448.8772085,-461.93633281352595,-186.11556773762845,705.8369147138619,13.95866758032243,-34.64522496101459,6.816620674293885e-20
1786739468.2850173,resting,fast,1786739448.8772085,-463.9377829948844,-187.24541601288786,715.4038760797821,14.043406200966732,-34.7953337246165,6.942418566593656e-20
1786739468.3158607,resting,fast,1786739448.8772085,-463.1801581212767,-183.83382497817706,715.545001883529,13.78753687336351,-34.73851185909585,6.932712731649528e-20
1786739468.3421822,resting,fast,1786739448.8772085,-463.52411321100954,-183.2958613799483,717.3120607747924,13.747189603496462,-34.764308490825826,6.972422806717642e-20
1786739468.37039,resting,fast,1786739448.8772085,-459.8722909243402,-180.39707637217225,704.6383371827178,13.529780727913103,-34.49042181932558,6.87951318904282e-20
1786739468.3986986,resting,fast,1786739448.8772085,-460.92318684463726,-182.92625336476954,706.576349551513,13.719469002357943,-34.569239013347996,6.898757881400115e-20
1786739468.4270892,resting,fast,1786739448.8772085,-461.2545269384582,-184.70058674918175,708.3692056906884,13.852544006188868,-34.59408952038447,6.867338691875841e-20
1786739468.455489,resting,fast,1786739448.8772085,-462.1775143843174,-184.79794710906697,711.1566497484346,13.859846033180101,-34.66331357882402,6.842596679954579e-20
1786739468.483986,resting,fast,1786739448.8772085,-461.3708663749103,-184.15282770364468,710.5696988378031,13.811462077773772,-34.602814978118275,6.86263936378134e-20
1786739468.5139248,resting,fast,1786739448.8772085,-460.9814537712582,-182.07891334377416,705.9989116567067,13.655918500783205,-34.573609032844416,6.842281429037355e-20
1786739468.54073,resting,fast,1786739448.8772085,-462.99730023126904,-184.83033810806694,716.4128601294478,13.862275358105325,-34.724797517345415,6.922623766677025e-20
1786739468.5690038,resting,fast,1786739448.8772085,-463.2937394067285,-185.62700320556814,714.5365357608807,13.922025240417948,-34.74703045550492,6.925835589836507e-20
1786739468.5975149,resting,fast,1786739448.8772085,-464.0345833105571,-188.22555681071572,719.7542264294898,14.116916760803857,-34.80259374829206,6.975329108339322e-20
1786739468.6260843,resting,fast,1786739448.8772085,-462.95847666013697,-182.8589005483915,710.3126493693617,13.714417541129581,-34.72188574951057,6.898797607342635e-20
1786739468.6540587,resting,fast,1786739448.8772085,-462.6960755109103,-182.39838504198656,708.322940175326,13.6798788781492,-34.70220566331842,6.879793279905212e-20
1786739468.6827414,resting,fast,1786739448.8772085,-462.96079621683475,-181.54031606174078,705.0179604823406,13.615523704630835,-34.72205971626282,6.868319953839662e-20
1786739468.7140074,resting,fast,1786739448.8772085,-462.86595700409,-184.851751472621,707.2779329666773,13.863881360446872,-34.71494677530687,6.921384471448667e-20
1786739468.7397077,resting,fast,1786739448.8772085,-462.06852477189886,-184.89808072184508,713.1831722494808,13.8673560541385,-34.65513935789252,6.961752208835401e-20
1786739468.7677274,resting,fast,1786739448.8772085,-461.6952164764275,-185.68982171169034,711.9037623364629,13.92673662837689,-34.627141235732225,6.938599697577421e-20
1786739468.7965221,resting,fast,1786739448.8772085,-461.1748235006521,-184.6041427741883,710.5686715455486,13.845310708064385,-34.58811176254917,6.938535667369884e-20
1786739468.8244607,resting,fast,1786739448.8772085,-463.79764865284915,-185.09498431815075,711.9443932169461,13.882123823861445,-34.784823648964,6.923939479185867e-20
1786739468.853226,resting,fast,1786739448.8772085,-464.25476474711013,-183.30557753287292,713.2363344927071,13.74791831496567,-34.819107356033456,6.908047591883909e-20
1786739468.8812187,resting,fast,1786739448.8772085,-466.06203316071696,-183.0074272742703,719.3030859261653,13.725557045570415,-34.95465248705421,6.89157834641009e-20
1786739468.909758,resting,fast,1786739448.8772085,-464.8364543781681,-182.6820228377211,713.6962700904378,13.701151712829269,-34.86273407836267,6.908618517300187e-20
1786739468.9381087,resting,fast,1786739448.8772085,-466.3750896002857,-184.72026260985456,717.8552247493444,13.854019695739336,-34.978131720021565,6.91095343841984e-20
1786739468.9663455,resting,fast,1786739448.8772085,-465.56706329661347,-185.4755955874133,713.1583083163632,13.91066966905625,-34.91752974724624,6.940328368174567e-20
1786739468.9948802,resting,fast,1786739448.8772085,-468.493857133401,-182.41119853011708,718.8085675604752,13.680839889758882,-35.137039285005436,6.90145918888836e-20
1786739469.0231156,resting,fast,1786739448.8772085,-466.2895254960031,-180.1168301855853,715.7953508807686,13.508762263919163,-34.971714412200534,6.929677504580087e-20
1786739469.051942,resting,fast,1786739448.8772085,-463.1515778367275,-179.5821318884805,709.3662333427555,13.468659891636225,-34.73636833775472,6.851451011778024e-20
1786739469.0804358,resting,fast,1786739448.8772085,-459.5524271315526,-184.00330122246305,705.8290354395558,13.800247591684997,-34.46643203486668,6.809564458436056e-20
1786739469.1083717,resting,fast,1786739448.8772085,-459.4022296612843,-182.8194106930564,706.1582528043136,13.711455801979387,-34.45516722459642,6.810870601242453e-20
1786739469.1369624,resting,fast,1786739448.8772085,-461.73213678804814,-183.96138444856854,712.0963695995806,13.797103833642854,-34.62991025910397,6.870799077686836e-20
1786739469.165097,resting,fast,1786739448.8772085,-462.12650355937467,-184.98876344754717,710.6503983856619,13.87415725856631,-34.659487766953234,6.896404702760393e-20
1786739469.1937559,resting,fast,1786739448.8772085,-462.7401616424404,-189.15175595571782,711.2702014682709,14.186381696679067,-34.70551212318326,6.905040788077384e-20
1786739469.2221074,resting,fast,1786739448.8772085,-464.08764391282557,-191.52891424636778,711.2632247912989,14.364668568477693,-34.80657329346216,6.908633809402596e-20
1786739469.2502382,resting,fast,1786739448.8772085,-463.3550869837527,-187.41672579170734,715.5458927316213,14.056254434378221,-34.75163152378169,6.941601822367509e-20
1786739469.2789335,resting,fast,1786739448.8772085,-464.75349664015357,-184.83303981558402,719.5095980244005,13.862477986169178,-34.856512248011676,7.000537190909332e-20
1786739469.3073266,resting,fast,1786739448.8772085,-462.78349044403967,-183.6988688122857,715.2925890800725,13.777415160921716,-34.7087617833031,6.985169347206166e-20
1786739469.335862,resting,fast,1786739448.8772085,-460.8181622712418,-183.1243459360404,707.187504254437,13.73432594520327,-34.56136217034332,6.906066077414886e-20
1786739469.3638089,resting,fast,1786739448.8772085,-461.87806146883804,-183.87366006969114,704.2425108450097,13.7905245052271,-34.640854610162954,6.820311877750222e-20
1786739469.3926508,resting,fast,1786739448.8772085,-465.5362168291067,-181.70922502265398,713.9985264802435,13.628191876699201,-34.91521626218319,6.889020441045324e-20
1786739469.4207432,resting,fast,1786739448.8772085,-466.7773546977278,-180.99869687328476,715.5184179146681,13.574902265496487,-35.0083016023297,6.88626934567116e-20
1786739469.4491317,resting,fast,1786739448.8772085,-463.32205032868205,-184.19368630175518,705.1239110299266,13.814526472631979,-34.74915377465141,6.906596900274863e-20
1786739469.4775245,resting,fast,1786739448.8772085,-461.83295084922065,-184.79350394745973,711.0609667079943,13.859512796059779,-34.63747131369177,6.886416443360855e-20
1786739469.5061808,resting,fast,1786739448.8772085,-463.11467345268466,-186.36462133052692,713.4413021331629,13.977346599789744,-34.733600508951326,6.938263026129577e-20
1786739469.5342948,resting,fast,1786739448.8772085,-464.22836926278023,-183.72565192126365,719.5057849362511,13.779423894095,-34.81712769470868,6.912710023437674e-20
1786739469.5624928,resting,fast,1786739448.8772085,-461.69064183691626,-181.82564307043287,702.8436438569852,13.636923230282708,-34.626798137768795,6.815244702332073e-20
1786739469.591284,resting,fast,1786739448.8772085,-459.7467897801548,-181.20443605131948,699.3348649186601,13.590332703849217,-34.481009233511784,6.832671137784838e-20
1786739469.6193316,resting,fast,1786739448.8772085,-461.12042480664513,-178.36237183163541,698.9809873253971,13.37717788737297,-34.584031860498634,6.914788176540316e-20
1786739469.6480634,resting,fast,1786739448.8772085,-460.54834311731975,-177.38167605394096,694.2269655683131,13.303625704045682,-34.54112573379906,6.906573280269538e-20
1786739469.677908,resting,fast,1786739448.8772085,-460.05309540191683,-179.8227701236292,692.5624278804644,13.486707759272274,-34.50398215514407,6.85601465449145e-20
1786739469.7047744,resting,fast,1786739448.8772085,-456.35382962704625,-185.34620188449844,688.4502458388115,13.900965141337597,-34.226537222028625,6.722276682924663e-20
1786739469.7334695,resting,fast,1786739448.8772085,-457.35709848118495,-189.44180774928896,695.1426301735482,14.208135581196881,-34.30178238608908,6.778833849821562e-20
1786739469.7613945,resting,fast,1786739448.8772085,-462.5637397230671,-189.55289045294614,705.2924938123097,14.216466783971175,-34.692280479230206,6.859376043341408e-20
1786739469.78991,resting,fast,1786739448.8772085,-465.30548170542033,-185.82027302863605,700.3204137923676,13.936520477147926,-34.89791112790673,6.89031238886814e-20
1786739469.8185213,resting,fast,1786739448.8772085,-467.02639170467273,-183.13616135227778,706.1425182287876,13.735212101421165,-35.02697937785063,6.822878470434863e-20
1786739469.846556,resting,fast,1786739448.8772085,-462.6420740003341,-182.0142054858061,695.4129058543467,13.651065411435734,-34.698155550025156,6.745596636777373e-20
1786739469.8753755,resting,fast,1786739448.8772085,-463.31803518720017,-181.3986384991416,706.8453731571117,13.604897887435815,-34.748852639040315,6.834670297688106e-20
1786739469.9034014,resting,fast,1786739448.8772085,-462.9544245754182,-183.10703185470766,704.1483492714742,13.73302738910331,-34.7215818431565,6.857565955499512e-20
1786739469.9318573,resting,fast,1786739448.8772085,-462.50248665046047,-181.06513152098285,707.1033924902167,13.579884864073971,-34.6876864987847,6.852724299671923e-20
1786739469.960198,resting,fast,1786739448.8772085,-458.8352473576401,-183.1723246866802,701.8096153096931,13.737924351501203,-34.41264355182325,6.798635814432155e-20
1786739469.9885056,resting,fast,1786739448.8772085,-458.1018031533199,-179.15702750227877,699.2791116309809,13.436777062671187,-34.35763523649908,6.78271404922183e-20
1786739470.016889,resting,fast,1786739448.8772085,-460.1768767420226,-180.07690843787645,705.1164663016334,13.505768132840839,-34.51326575565207,6.775364409264328e-20
1786739470.045327,resting,fast,1786739448.8772085,-461.88197549343886,-177.52463055833493,711.2004821025266,13.314347291875361,-34.641148162008015,6.805864896955144e-20
1786739470.0736315,resting,fast,1786739448.8772085,-465.739129021008,-183.80827874494867,722.3781931422855,13.785620905871543,-34.93043467657587,6.968305232556468e-20
1786739470.1019347,resting,fast,1786739448.8772085,-465.9002187949077,-188.9150609778195,718.2834498866059,14.168629573336585,-34.942516409618214,7.078593456123156e-20
1786739470.1303687,resting,fast,1786739448.8772085,-465.2031972857949,-191.45551964424476,719.0971435534293,14.35916397331862,-34.89023979643474,7.049429456739128e-20
1786739470.1588275,resting,fast,1786739448.8772085,-461.04181834827295,-188.76848771003745,707.1072219228445,14.157636578252873,-34.57813637612065,6.992472277649371e-20
1786739470.1871457,resting,fast,1786739448.8772085,-461.95359246305,-187.47005205098435,712.1904550869331,14.060253903824165,-34.64651943472891,6.9137436058653e-20
1786739470.2155783,resting,fast,1786739448.8772085,-461.9540136088908,-185.22638170020048,708.1704007100461,13.891978627515375,-34.64655102066705,6.921391652221543e-20
1786739470.24393,resting,fast,1786739448.8772085,-461.03337317832484,-186.87143308436896,707.7141953598721,14.015357481327857,-34.57750298837458,6.93148482405704e-20
1786739470.2724364,resting,fast,1786739448.8772085,-462.2912564752569,-184.26984549274596,714.8081432976696,13.820238411956264,-34.671844235644386,7.00982859083039e-20
1786739470.3008106,resting,fast,1786739448.8772085,-461.63961732070175,-183.2172643152819,713.7570091536227,13.741294823646374,-34.622971299052885,6.934474323304003e-20
1786739470.3291888,resting,fast,1786739448.8772085,-463.3246976902715,-177.6896626633685,722.7465145413971,13.326724699752798,-34.74935232677059,6.916745826156784e-20
1786739470.357956,resting,fast,1786739448.8772085,-465.18078086395644,-177.9660511888561,722.7973759377537,13.347453839164384,-34.888558564796845,6.893268282379915e-20
1786739470.3859851,resting,fast,1786739448.8772085,-467.02202300770114,-183.51635425160327,721.7621190595128,13.76372656887045,-35.02665172557786,6.918660811177884e-20
1786739470.4144661,resting,fast,1786739448.8772085,-470.0163004248516,-189.59161335279396,727.5067898115885,14.219371001459667,-35.25122253186394,6.933255004490828e-20
1786739470.4428957,resting,fast,1786739448.8772085,-465.28445086987676,-194.6575356752029,709.9142628007685,14.599315175640417,-34.89633381524093,6.859841936082156e-20
1786739470.4716063,resting,fast,1786739448.8772085,-464.3701804947823,-190.72175042574167,717.3119855238092,14.304131281930776,-34.82776353710884,6.976789732785906e-20
1786739470.4994495,resting,fast,1786739448.8772085,-461.0316828381351,-187.72047627824202,710.7089706234001,14.079035720868266,-34.57737621286035,6.912100139584761e-20
1786739470.5280702,resting,fast,1786739448.8772085,-460.90225486653117,-183.92223146931315,713.5348199039827,13.794167360198767,-34.567669114990004,6.917266212715848e-20
1786739470.5562701,resting,fast,1786739448.8772085,-466.8616184838702,-188.1254367894686,720.112008922777,14.109407759210423,-35.01462138629042,6.915600392834819e-20
1786739470.5846417,resting,fast,1786739448.8772085,-466.28680154777203,-190.32149065384783,711.4079947895179,14.274111799038845,-34.97151011608319,6.92232929402101e-20
1786739470.6131794,resting,fast,1786739448.8772085,-466.76901783824724,-188.28092261945358,711.2035160038376,14.121069196459135,-35.007676337868624,6.970813012247501e-20
1786739470.64148,resting,fast,1786739448.8772085,-460.04981364790956,-183.84733578411772,698.9154218933782,13.78855018380916,-34.50373602359341,6.846148797202966e-20
1786739470.6701944,resting,fast,1786739448.8772085,-460.7416129320345,-184.93030801427653,702.5812147809484,13.869773101070965,-34.555620969902684,6.827079689645576e-20
1786739470.6981945,resting,fast,1786739448.8772085,-461.46398352030747,-188.1043038322165,711.0002258042814,14.107822787416499,-34.60979876402326,6.868216570683734e-20
1786739470.7266772,resting,fast,1786739448.8772085,-462.21840861537066,-190.37829399997224,712.0663535626654,14.278372049998115,-34.6663806461531,6.911019254085885e-20
1786739470.7553632,resting,fast,1786739448.8772085,-462.7960480285892,-187.840649811841,717.2630428940884,14.088048735888226,-34.709703602144444,6.970429831837751e-20
1786739470.7832868,resting,fast,1786739448.8772085,-461.50162788113585,-184.04695425788054,714.2926590586994,13.803521569341331,-34.612622091085484,6.928484079219302e-20
1786739470.8119652,push +Z,fast,1786739470.8001618,-461.3507823751247,-183.52218112280093,709.3179969693128,13.76416358421027,-34.601308678134586,6.952266108757333e-20
1786739470.8400784,push +Z,fast,1786739470.8001618,-459.3165734341005,-184.2214436901462,703.6512038094234,13.81660827676112,-34.4487430075577,6.874142868691517e-20
1786739470.87074,push +Z,fast,1786739470.8001618,-460.61376870752747,-187.76108500820692,703.6961078834311,14.082081375615655,-34.54603265306484,6.855335143647622e-20
1786739470.8971612,push +Z,fast,1786739470.8001618,-462.98360053956685,-186.29343556517426,716.2301000303805,13.972007667388173,-34.72377004046759,6.886118033534113e-20
1786739470.925257,push +Z,fast,1786739470.8001618,-464.2139267940315,-183.76811849873604,713.4476988303113,13.782608887405448,-34.816044509552626,6.918080331323165e-20
1786739470.9539492,push +Z,fast,1786739470.8001618,-465.70503863852673,-181.29783948530792,716.3711052833341,13.597337961398235,-34.92787789788972,6.911662063716427e-20
1786739470.9821537,push +Z,fast,1786739470.8001618,-463.99499410643057,-180.52176852088974,712.6768123762286,13.539132639066924,-34.79962455798258,6.944801629880486e-20
1786739471.0107918,push +Z,fast,1786739470.8001618,-465.45187945436237,-183.85149269455962,717.2009318977753,13.788861952092166,-34.908890959077375,6.961791854431109e-20
1786739471.038962,push +Z,fast,1786739470.8001618,-461.68315658590654,-184.38489634842938,709.704931538241,13.828867226132406,-34.626236743943096,6.967683605353336e-20
1786739471.0690196,push +Z,fast,1786739470.8001618,-461.5729993281211,-185.56633149753588,704.9112569133495,13.91747486231549,-34.617974949609156,6.91010355537107e-20
1786739471.0960157,push +Z,fast,1786739470.8001618,-461.4872866988867,-187.60224491384213,713.605355782327,14.070168368538337,-34.61154650241674,6.917250735535095e-20
1786739471.124362,push +Z,fast,1786739470.8001618,-460.7765430780905,-185.03365477978946,711.6811584218449,13.877524108484355,-34.55824073085704,6.903440246666199e-20
1786739471.1526158,push +Z,fast,1786739470.8001618,-462.1634635747746,-183.74009132135882,710.6030820630021,13.780506849102071,-34.662259768108264,6.890464398181794e-20
1786739471.1808832,push +Z,fast,1786739470.8001618,-460.59511646691544,-181.2926873199841,703.4268907066453,13.596951548999034,-34.54463373501884,6.907698428393647e-20
1786739471.209171,push +Z,fast,1786739470.8001618,-459.78038746807806,-181.497288990784,700.3531560979136,13.612296674309167,-34.483529060106115,6.861774123205059e-20
1786739471.2377415,push +Z,fast,1786739470.8001618,-459.5007546202396,-184.58737964332147,703.9900529709648,13.84405347324935,-34.462556596518226,6.911001755389176e-20
1786739471.2662094,push +Z,fast,1786739470.8001618,-459.56682411214524,-181.46874594943995,697.5571186300613,13.610155946208106,-34.46751180841107,6.83940862918438e-20
1786739471.2943256,push +Z,fast,1786739470.8001618,-462.8184950215036,-181.3819301796467,710.6914255364845,13.603644763473763,-34.71138712661285,6.89614989934599e-20
1786739471.3228486,push +Z,fast,1786739470.8001618,-462.689992271803,-179.2850015567808,709.8007119896711,13.446375116758855,-34.701749420385255,6.817930523463337e-20
1786739471.3513606,push +Z,fast,1786739470.8001618,-463.7469603832228,-181.87908975238054,718.7591674173646,13.640931731428605,-34.781022028741965,6.881046387750626e-20
1786739471.3796296,push +Z,fast,1786739470.8001618,-463.6823194301264,-185.75116136257543,715.9896262792126,13.931337102193563,-34.776173957259736,6.883998207952924e-20
1786739471.4081004,push +Z,fast,1786739470.8001618,-460.03321900710444,-184.83261322036867,711.8766142368277,13.86244599152771,-34.50249142553301,6.891531092421049e-20
1786739471.4365022,push +Z,fast,1786739470.8001618,-459.49999013228853,-182.04016415098135,707.4697375276219,13.653012311323796,-34.46249925992183,6.875707314123002e-20
1786739471.4648845,push +Z,fast,1786739470.8001618,-459.5221941877089,-178.4621786281034,709.969548130859,13.384663397107882,-34.464164564078295,6.879101622684911e-20
1786739471.4932458,push +Z,fast,1786739470.8001618,-464.7070642070794,-180.03604437618185,719.9119787596446,13.502703328213837,-34.853029815531116,6.916819994903302e-20
1786739471.521582,push +Z,fast,1786739470.8001618,-465.8240646049344,-184.84855324649652,721.5111896840699,13.863641493487453,-34.93680484537019,6.924435878002542e-20
1786739471.5499322,push +Z,fast,1786739470.8001618,-467.6852809111665,-187.4225989026271,721.0483086512168,14.056694917697147,-35.076396068337736,6.975603304072191e-20
1786739471.5782306,push +Z,fast,1786739470.8001618,-464.70488941203394,-186.85069574252702,712.4199651640483,14.013802180689662,-34.852866705902834,6.971899058200254e-20
1786739471.6067486,push +Z,fast,1786739470.8001618,-463.9879524530388,-183.72384135936204,712.97867174162,13.779288101952393,-34.79909643397806,6.999411859341801e-20
1786739471.6353767,push +Z,fast,1786739470.8001618,-462.38644311041935,-184.03338514978998,708.6455860672995,13.802503886234508,-34.67898323328164,6.929618400245809e-20
1786739471.6632953,push +Z,fast,1786739470.8001618,-461.6628874005105,-184.60521420713746,707.0967326316313,13.845391065535399,-34.624716555038496,6.909111333055886e-20
1786739471.6918263,push +Z,fast,1786739470.8001618,-462.8116245244205,-183.8252704099017,716.1952292386741,13.786895280742822,-34.71087183933185,6.932325300294059e-20
1786739471.7200792,push +Z,fast,1786739470.8001618,-462.0047441098036,-178.65756463237665,720.9844604135042,13.399317347428376,-34.650355808235396,6.960838445035022e-20
1786739471.7487817,push +Z,fast,1786739470.8001618,-460.86452451121295,-175.6156935330837,715.4885748553725,13.171177014981513,-34.56483933834126,6.928640999705948e-20
1786739471.7769372,push +Z,fast,1786739470.8001618,-459.30538311260943,-179.1443467176581,701.0766915696922,13.43582600382447,-34.44790373344592,6.843289703538541e-20
1786739471.8053274,push +Z,fast,1786739470.8001618,-459.55407805808363,-181.89314819284118,695.2923920722806,13.641986114463254,-34.4665558543564,6.839474167853195e-20
1786739471.8355334,push +Z,fast,1786739470.8001618,-462.922075659033,-185.19258382457053,707.4211098964934,13.88944378684322,-34.71915567442758,6.874220226489683e-20
1786739471.862187,push +Z,fast,1786739470.8001618,-462.3646188405928,-181.38784859991404,708.6393136092611,13.604088644993933,-34.67734641304467,6.867318220149966e-20
1786739471.8904638,push +Z,fast,1786739470.8001618,-461.20579460778936,-181.43229022222772,709.0743937322786,13.60742176666717,-34.59043459558447,6.848638098851447e-20
1786739471.9192905,push +Z,fast,1786739470.8001618,-460.8077325882241,-178.1618557793539,716.2291984412914,13.36213918345172,-34.560579944116995,6.851139486947882e-20
1786739471.9472291,push +Z,fast,1786739470.8001618,-460.6286853766519,-179.71897615796354,713.4197774510594,13.478923211847334,-34.54715140324898,6.877411967407752e-20
1786739471.9756432,push +Z,fast,1786739470.8001618,-465.52435365588735,-184.01531874237276,719.22898564771,13.801148905678236,-34.91432652419197,6.930389919402743e-20
1786739472.004204,push +Z,fast,1786739470.8001618,-465.46847663071367,-186.2539876587457,708.8404534935062,13.969049074406005,-34.91013574730362,6.92265249151352e-20
1786739472.0342307,push +Z,fast,1786739470.8001618,-465.8174021967311,-185.3511116561432,717.6844086009987,13.901333374211017,-34.936305164754984,6.91564208911422e-20
1786739472.0610342,push +Z,fast,1786739470.8001618,-463.3895290271066,-181.99890604490156,722.6336003831848,13.649917953367765,-34.75421467703333,6.887275036087468e-20
1786739472.089278,push +Z,fast,1786739470.8001618,-464.2018892732217,-182.1453641770985,721.969673930611,13.660902313282566,-34.815141695491754,6.862861397964537e-20
1786739472.1177478,push +Z,fast,1786739470.8001618,-464.40306123027494,-183.65968383612017,715.8052365705216,13.774476287709131,-34.83022959227078,6.839997666867833e-20
1786739472.146338,push +Z,fast,1786739470.8001618,-462.75615569545516,-182.17826429957915,703.4440892510529,13.663369822468628,-34.706711677159156,6.784957029922136e-20
1786739472.1746414,push +Z,fast,1786739470.8001618,-458.45926125101096,-181.0219706138256,699.2423145183029,13.576647796037125,-34.384444593826174,6.758617785859761e-20
1786739472.202877,push +Z,fast,1786739470.8001618,-459.3261773336676,-182.59092055488838,703.0023352725393,13.694319041616811,-34.44946330002531,6.792260754858666e-20
1786739472.2312515,push +Z,fast,1786739470.8001618,-462.89326614143556,-185.60327742871164,707.0461617118972,13.920245807153538,-34.71699496060781,6.804086220744553e-20
1786739472.259693,push +Z,fast,1786739470.8001618,-465.42907679776545,-187.54729323839717,721.3327743805876,14.066046992880079,-34.90718075983261,6.9511352045359e-20
1786739472.287936,push +Z,fast,1786739470.8001618,-464.3985113160129,-182.7811064244073,717.6382958764079,13.708582981830904,-34.82988834870117,6.930483265973741e-20
1786739472.316363,push +Z,fast,1786739470.8001618,-460.75126928224154,-181.24606493860608,715.0975333021124,13.593454870395693,-34.55634519616818,6.939635455614023e-20
1786739472.3447788,push +Z,fast,1786739470.8001618,-461.6852356673721,-181.34772171558632,703.8566535099562,13.601079128669166,-34.626392675053225,6.921413326458402e-20
1786739472.373357,push +Z,fast,1786739470.8001618,-461.50401498860265,-185.3521482645608,701.5788088236595,13.901411119842255,-34.6128011241456,6.926280350147987e-20
1786739472.401572,push +Z,fast,1786739470.8001618,-462.3375759738856,-185.8598553880389,710.2788271045592,13.93948915410321,-34.67531819804161,6.952041834113784e-20
1786739472.432392,push +Z,fast,1786739470.8001618,-461.4978018049842,-184.68016586493673,706.9117705175377,13.851012439870441,-34.61233513537388,6.859381350547468e-20
1786739472.4583747,push +Z,fast,1786739470.8001618,-462.28681968001365,-183.43540712645233,721.264033629026,13.757655534484062,-34.671511476001264,6.946335464968846e-20
1786739472.4867444,push +Z,fast,1786739470.8001618,-461.8964247775443,-181.58401118181496,712.964906406818,13.618800838636385,-34.64223185831595,6.911065455848436e-20
1786739472.5152907,push +Z,fast,1786739470.8001618,-461.36932673800675,-180.2662166797636,715.0630216623304,13.519966250982545,-34.602699505350536,6.941693401411447e-20
1786739472.543567,push +Z,fast,1786739470.8001618,-460.60084129505503,-180.54017874308352,697.8547870953862,13.540513405731406,-34.54506309712919,6.848753866596912e-20
1786739472.571995,push +Z,fast,1786739470.8001618,-459.2760988222208,-182.45581208452234,691.4989044646345,13.684185906339398,-34.44570741166667,6.855798244892151e-20
1786739472.6001868,push +Z,fast,1786739470.8001618,-459.4166977577752,-184.76252966891786,692.4984501014051,13.857189725168954,-34.45625233183333,6.796035664231333e-20
1786739472.6307693,push +Z,fast,1786739470.8001618,-459.2890085563904,-184.654425598667,690.1693568428573,13.849081919900119,-34.446675641729385,6.726051200922115e-20
1786739472.657151,push +Z,fast,1786739470.8001618,-461.53091048131,-185.39629125789918,707.0719168016949,13.904721844342664,-34.61481828609842,6.851417539362061e-20
1786739472.6853933,push +Z,fast,1786739470.8001618,-466.64570615746516,-190.18659121681162,711.3745277979951,14.263994341261093,-34.99842796181004,6.903852565493893e-20
1786739472.7137659,push +Z,fast,1786739470.8001618,-467.8581526097232,-192.66027667765456,717.5609038289613,14.449520750824338,-35.08936144572946,7.011446969780418e-20
1786739472.7421045,push +Z,fast,1786739470.8001618,-466.87346223970235,-191.90268429900914,697.4642501496473,14.39270132242586,-35.01550966797786,6.838417571325469e-20
1786739472.7706437,push +Z,fast,1786739470.8001618,-461.03652131408717,-185.21244772208945,685.6185089470664,13.890933579156904,-34.57773909855671,6.787342828656483e-20
1786739472.7990127,push +Z,fast,1786739470.8001618,-459.91037628362255,-182.52737528601256,688.8950777100799,13.689553146451185,-34.49327822127174,6.752992914449762e-20
1786739472.828688,push +Z,fast,1786739470.8001618,-459.91136254095,-180.2832799982442,690.246414378058,13.52124599986853,-34.49335219057142,6.775711841149966e-20
1786739472.8557465,push +Z,fast,1786739470.8001618,-464.33298260802485,-184.51821104628903,702.266180824553,13.83886582847185,-34.82497369560229,6.841629261596585e-20
1786739472.8844197,push +Z,fast,1786739470.8001618,-465.7819822116244,-185.35102678735927,697.3566634240351,13.9013270090521,-34.933648665871914,6.810586972268441e-20
1786739472.9126322,push +Z,fast,1786739470.8001618,-466.66433988099743,-186.6464871987132,705.6192014725584,13.998486539903613,-34.99982549107493,6.791705057554735e-20
1786739472.941144,push +Z,fast,1786739470.8001618,-464.6809822978298,-183.54556427823854,691.0279577536194,13.765917320868251,-34.85107367233737,6.659225457430464e-20
1786739472.9696054,push +Z,fast,1786739470.8001618,-463.44938521994754,-183.0166882891706,687.9114182034846,13.726251621688075,-34.75870389149634,6.637665531215279e-20
1786739472.9976988,push +Z,fast,1786739470.8001618,-462.7791711194195,-183.34832606826797,690.398117412301,13.751124455120422,-34.70843783395673,6.75384414193398e-20
1786739473.0275853,push +Z,fast,1786739470.8001618,-463.4834637857084,-184.4239630618996,694.7616176000583,13.831797229642664,-34.76125978392825,6.827624348345492e-20
1786739473.0547035,push +Z,fast,1786739470.8001618,-467.5431921007712,-186.26501492083014,713.858988979694,13.969876119062523,-35.06573940755803,6.940425305105113e-20
1786739473.083166,push +Z,fast,1786739470.8001618,-468.6830838670453,-186.10669419809562,705.2845426494259,13.958002064857258,-35.15123129002867,6.88612049123347e-20
1786739473.1112223,push +Z,fast,1786739470.8001618,-463.51234451211394,-182.27674264650864,699.2549015730337,13.670755698488481,-34.76342583840859,6.809663827814283e-20
1786739473.1398585,push +Z,fast,1786739470.8001618,-459.6715237348426,-181.5057109796478,674.0916618569781,13.612928323473728,-34.475364280113325,6.705188679371466e-20
1786739473.168287,push +Z,fast,1786739470.8001618,-458.9734187816616,-181.39754798950605,675.3770226324959,13.60481609921322,-34.42300640862483,6.620145967170751e-20
1786739473.1963832,push +Z,fast,1786739470.8001618,-463.9002204810795,-184.06962274225555,692.9717181388332,13.805221705669279,-34.79251653608107,6.791893986615539e-20
1786739473.226017,push +Z,fast,1786739470.8001618,-464.6663941241077,-183.10056787371036,704.2800568619314,13.732542590528443,-34.84997955930817,6.856581316734493e-20
1786739473.2532363,push +Z,fast,1786739470.8001618,-466.694218153209,-185.3757786477314,710.904021235101,13.903183398580037,-35.00206636149079,6.939397699724225e-20
1786739473.2815118,push +Z,fast,1786739470.8001618,-466.11442792816615,-188.02669779836185,698.1768204930268,14.102002334877422,-34.9585820946127,6.745532294460292e-20
1786739473.3099847,push +Z,fast,1786739470.8001618,-462.59267600449994,-191.00549539136864,680.9372058419458,14.325412154352843,-34.694450700337676,6.645143427123489e-20
1786739473.3383412,push +Z,fast,1786739470.8001618,-459.0881549972196,-187.05989539606253,664.5106843510439,14.0294921547049,-34.431611624791636,6.584668577924101e-20
1786739473.3667083,push +Z,fast,1786739470.8001618,-458.7426334445672,-186.24156821451413,666.3344348338469,13.968117616088865,-34.40569750834274,6.665566844453594e-20
1786739473.3951228,push +Z,fast,1786739470.8001618,-462.7550197892624,-184.17137682900227,679.8348224236597,13.812853262175363,-34.706626484194885,6.722159043892768e-20
1786739473.4259543,push +Z,fast,1786739470.8001618,-464.80830291613665,-185.55783328408756,695.5977292530415,13.916837496306695,-34.86062271871023,6.785288698467082e-20
1786739473.4522557,push +Z,fast,1786739470.8001618,-466.50705160607004,-181.66409580329685,705.6112458968273,13.624807185247551,-34.98802887045538,6.869791255285879e-20
1786739473.4802601,push +Z,fast,1786739470.8001618,-466.8298717466296,-180.06798455201147,705.5094966888701,13.505098841401082,-35.012240380997355,6.837010897160279e-20
1786739473.508641,push +Z,fast,1786739470.8001618,-462.1658547240395,-178.90629630718797,687.7055666941997,13.417972223039474,-34.662439104303154,6.632992939870801e-20
1786739473.5369596,push +Z,fast,1786739470.8001618,-460.487132361548,-183.45324674842652,676.109970032182,13.758993506132153,-34.53653492711637,6.556996495034431e-20
1786739473.5652719,push +Z,fast,1786739470.8001618,-458.07035542790527,-186.46017873209598,671.7705635672428,13.984513404907442,-34.355276657092986,6.575059288087458e-20
1786739473.5938282,push +Z,fast,1786739470.8001618,-462.8460909534615,-190.89792513414807,680.8193932506556,14.317344385061265,-34.71345682150975,6.714526227997755e-20
1786739473.622061,push +Z,fast,1786739470.8001618,-463.075042846855,-190.9018570477465,681.8256409115565,14.317639278581158,-34.73062821351434,6.721556270955218e-20
1786739473.6504714,push +Z,fast,1786739470.8001618,-465.4464704435868,-190.113048106473,694.6606533314043,14.258478607985534,-34.908485283269165,6.740124921106465e-20
1786739473.678919,push +Z,fast,1786739470.8001618,-466.91705160464335,-189.21613124044893,704.5023014780918,14.191209843033871,-35.01877887034831,6.788756197312869e-20
1786739473.7072694,push +Z,fast,1786739470.8001618,-466.4199901453603,-186.74723657643176,708.5365520955329,14.00604274323263,-34.98149926090224,6.790286426080748e-20
1786739473.7358239,push +Z,fast,1786739470.8001618,-465.6685937095526,-185.2524161906531,706.1294110536392,13.893931214299112,-34.92514452821659,6.819417788994045e-20
1786739473.7639363,push +Z,fast,1786739470.8001618,-464.74614899391054,-186.27235562156682,696.4337929298581,13.97042667161777,-34.85596117454349,6.822228326959293e-20
1786739473.792347,push +Z,fast,1786739470.8001618,-464.3864880317137,-184.88700293904708,696.4668798142775,13.86652522042878,-34.828986602378606,6.833898122880216e-20
1786739473.8209066,push +Z,fast,1786739470.8001618,-466.0494874099845,-187.13114320061936,700.3945393829817,14.0348357400465,-34.95371155574894,6.772808683405465e-20
1786739473.8491461,push +Z,fast,1786739470.8001618,-468.9394011650761,-186.10877772194567,716.7208265469799,13.95815832914607,-35.170455087380894,6.840272912510328e-20
1786739473.8775272,push +Z,fast,1786739470.8001618,-468.2844141136866,-186.72310213836215,712.9249376648168,14.004232660377337,-35.12133105852669,6.827414429240692e-20
1786739473.9059572,push +Z,fast,1786739470.8001618,-467.08903463994056,-186.1249381339361,699.9321416961502,13.959370360045323,-35.03167759799565,6.845408838471459e-20
1786739473.9342556,push +Z,fast,1786739470.8001618,-466.0144461949435,-185.2984605922038,698.0247552094097,13.897384544415534,-34.95108346462099,6.826739031116106e-20
1786739473.962648,push +Z,fast,1786739470.8001618,-468.5895477809395,-187.00178909983254,705.3800989459851,14.025134182487616,-35.144216083570626,6.866071577444857e-20
1786739473.9912097,push +Z,fast,1786739470.8001618,-470.744165236561,-186.8308297340816,712.4882743401131,14.012312230056121,-35.30581239274211,6.892511482949333e-20
1786739474.0196857,push +Z,fast,1786739470.8001618,-468.2428295288705,-185.76444886853812,700.9050245337148,13.932333665140494,-35.11821221466535,6.793719517625167e-20
1786739474.0477424,push +Z,fast,1786739470.8001618,-470.11199157369583,-188.97466401264808,700.5933502433272,14.173099800948666,-35.25839936802724,6.851642454216618e-20
1786739474.0761225,push +Z,fast,1786739470.8001618,-466.061053852181,-187.38987668605398,691.9089106214496,14.054240751454298,-34.95457903891379,6.794890108785755e-20
1786739474.1045928,push +Z,fast,1786739470.8001618,-463.9092469980119,-187.61800536194391,687.0799037560801,14.071350402145892,-34.793193524851,6.822048891123047e-20
1786739474.1331592,push +Z,fast,1786739470.8001618,-462.0668818420572,-184.1214442518674,683.5266114025044,13.809108318890207,-34.655016138154366,6.705379147203505e-20
1786739474.1613412,push +Z,fast,1786739470.8001618,-463.7040609296537,-186.1410011328951,691.763568504447,13.960575084967257,-34.77780456972435,6.747940944924901e-20
1786739474.1896496,push +Z,fast,1786739470.8001618,-465.9714381108497,-187.40297372526084,699.3291422918064,14.05522302939477,-34.94785785831404,6.769180664621055e-20
1786739474.218609,push +Z,fast,1786739470.8001618,-469.3567679899825,-188.8328334533535,711.0862890262379,14.162462509001696,-35.20175759924893,6.837754450052349e-20
1786739474.2464259,push +Z,fast,1786739470.8001618,-469.3606695721064,-186.91540402361295,705.8867542955359,14.018655301771044,-35.20205021790811,6.784600633511334e-20
1786739474.2747655,push +Z,fast,1786739470.8001618,-468.15371169666287,-188.05330978466372,699.8469518595402,14.103998233850039,-35.11152837724993,6.735893355099923e-20
1786739474.3032024,push +Z,fast,1786739470.8001618,-464.36731217593297,-187.72523802425349,685.8684776962345,14.079392851819268,-34.82754841319511,6.714284181773793e-20
1786739474.331576,push +Z,fast,1786739470.8001618,-466.8384049992901,-188.74765203261416,687.8364077444267,14.156073902446263,-35.01288037494703,6.759061478767142e-20
1786739474.360606,push +Z,fast,1786739470.8001618,-469.1938486445815,-188.00317275960776,693.6033060037298,14.100237956970712,-35.18953864834369,6.813567515261262e-20
1786739474.3894272,push +Z,fast,1786739470.8001618,-469.4672477649274,-187.7012363914181,692.1488879406888,14.07759272935662,-35.21004358236969,6.785543199099231e-20
1786739474.4169862,push +Z,fast,1786739470.8001618,-472.4373560043796,-192.9291662338769,702.8821530327168,14.469687467540847,-35.43280170032854,6.829729956569573e-20
1786739474.4454489,push +Z,fast,1786739470.8001618,-470.5944623228256,-191.38417890479695,701.662274042902,14.353813417860007,-35.29458467421205,6.780573797064698e-20
1786739474.4737725,push +Z,fast,1786739470.8001618,-470.150873122509,-190.10042956690359,706.6390739798644,14.257532217517888,-35.26131548418853,6.792967613528143e-20
1786739474.5021644,push +Z,fast,1786739470.8001618,-462.9124763454861,-183.2080927793604,693.7643163631092,13.740606958452279,-34.71843572591179,6.762308464560113e-20
1786739474.530932,push +Z,fast,1786739470.8001618,-464.23840125287416,-183.58843588073307,692.99174102282,13.769132691055251,-34.817880093965734,6.788421878165111e-20
1786739474.5590072,push +Z,fast,1786739470.8001618,-464.57042004543064,-186.17417031278399,694.7256594236296,13.963062773458827,-34.84278150340756,6.809381446688666e-20
1786739474.5884264,push +Z,fast,1786739470.8001618,-465.85721596517124,-185.6705262605617,697.3044700848004,13.925289469542246,-34.93929119738796,6.755879890082764e-20
1786739474.6156006,push +Z,fast,1786739470.8001618,-465.37602999465616,-185.9453229513067,701.5973584738313,13.945899221348174,-34.90320224959937,6.744600250565123e-20
1786739474.6440327,push +Z,fast,1786739470.8001618,-466.5860923593191,-188.29216840119204,696.351343260998,14.121912630089472,-34.993956926949096,6.717142031989889e-20
1786739474.6723733,push +Z,fast,1786739470.8001618,-466.91838587899883,-188.98115828835466,696.9368224214413,14.173586871626785,-35.01887894092499,6.805744013354398e-20
1786739474.7009885,push +Z,fast,1786739470.8001618,-465.2280122290558,-186.69059540642786,689.2715042641721,14.001794655482417,-34.89210091717942,6.775683347763565e-20
1786739474.7289808,push +Z,fast,1786739470.8001618,-463.03775545444523,-183.52554834033936,691.4029591834087,13.764416125525539,-34.72783165908353,6.775510123357978e-20
1786739474.757434,push +Z,fast,1786739470.8001618,-464.2047958488397,-185.41216049933644,690.7428289926729,13.905912037450602,-34.81535968866305,6.787218785457376e-20
1786739474.785737,push +Z,fast,1786739470.8001618,-466.723448854676,-188.3976864643738,700.1028572395044,14.129826484828119,-35.00425866410089,6.88991048438079e-20
1786739474.8142571,push +Z,fast,1786739470.8001618,-470.5653883389514,-189.8200275876793,709.0204984482534,14.236502069076248,-35.292404125421605,6.950731229669863e-20
1786739474.8425152,push +Z,fast,1786739470.8001618,-470.1975903488169,-188.06247877511782,710.2616912180447,14.10468590813392,-35.2648192761615,6.873194453303285e-20
1786739474.8711329,push +Z,fast,1786739470.8001618,-472.4182604778257,-191.63575776131893,706.1069152789587,14.372681832099058,-35.43136953583713,6.821791114918495e-20
1786739474.8995283,push +Z,fast,1786739470.8001618,-469.8506975258056,-190.77547459174923,696.7542156320087,14.308160594381388,-35.238802314435475,6.761642644902717e-20
1786739474.9278426,push +Z,fast,1786739470.8001618,-468.9948707106114,-190.51625694793927,690.089675606434,14.288719271095662,-35.17461530329601,6.748631373930671e-20
1786739474.9563334,push +Z,fast,1786739470.8001618,-466.29616040192514,-186.51152117701577,693.1222880642281,13.988364088276281,-34.97221203014438,6.746505304397666e-20
1786739474.98561,push +Z,fast,1786739470.8001618,-466.60280367801715,-187.87433931355713,693.7663238138084,14.090575448517054,-34.99521027585158,6.741646926600442e-20
1786739475.012829,push +Z,fast,1786739470.8001618,-470.13785891802127,-191.6397511406832,704.3096527812995,14.37298133555144,-35.2603394188517,6.746231180277237e-20
1786739475.04142,push +Z,fast,1786739470.8001618,-469.19141909891823,-191.37314544321737,704.2835235309285,14.35298590824154,-35.189356432419025,6.764339850525558e-20
1786739475.0699697,push +Z,fast,1786739470.8001618,-469.1566647052132,-189.2176501184124,706.7707913810382,14.19132375888103,-35.186749852891296,6.767398889495776e-20
1786739475.0982246,push +Z,fast,1786739470.8001618,-466.4075710017023,-188.69734858072968,703.8151490691062,14.152301143554862,-34.98056782512782,6.808994095986607e-20
1786739475.1264741,push +Z,fast,1786739470.8001618,-466.30461040816226,-186.34840807297337,691.0715012747432,13.976130605473113,-34.97284578061237,6.688861773250574e-20
1786739475.15517,push +Z,fast,1786739470.8001618,-466.2156521658212,-187.80855788447673,691.026436525679,14.085641841335967,-34.96617391243677,6.746849737542173e-20
1786739475.1847937,push +Z,fast,1786739470.8001618,-467.26027020094034,-187.16696901744797,694.2037433175256,14.037522676308722,-35.044520265070844,6.787207186422788e-20
1786739475.2120142,push +Z,fast,1786739470.8001618,-469.8743744421449,-193.1075775758809,706.7164973742329,14.483068318191162,-35.240578083161175,6.890837796605454e-20
1786739475.2404783,push +Z,fast,1786739470.8001618,-468.9312677289781,-195.4143232087182,702.9348358309444,14.65607424065389,-35.16984507967369,6.775242266806649e-20
1786739475.268719,push +Z,fast,1786739470.8001618,-468.4019386370878,-194.26960768411004,704.5308503352799,14.570220576308284,-35.13014539778178,6.761721770133505e-20
1786739475.29718,push +Z,fast,1786739470.8001618,-466.8228830286571,-190.7319348453983,706.0111233729285,14.304895113405227,-35.01171622714946,6.866377311467131e-20
1786739475.3254054,push +Z,fast,1786739470.8001618,-465.299909496322,-187.75417034929274,705.504423690405,14.08156277619715,-34.89749321222412,6.913727263448955e-20
1786739475.3542228,push +Z,fast,1786739470.8001618,-465.84797217969117,-187.8632277487792,703.2048480594731,14.0897420811588,-34.93859791347704,6.969125700370514e-20
1786739475.3832533,push +Z,fast,1786739470.8001618,-464.71761091900635,-185.90979159812514,695.7470787298116,13.943234369859585,-34.85382081892566,6.846738124916764e-20
1786739475.4107974,push +Z,fast,1786739470.8001618,-469.0410200525316,-188.2071412386723,703.2276377223588,14.11553559290051,-35.17807650394016,6.875723658449215e-20
1786739475.4390342,push +Z,fast,1786739470.8001618,-466.7304224696695,-189.83263136182097,698.0781487531603,14.237447352136787,-35.004781685225495,6.780314791408937e-20
1786739475.4675357,push +Z,fast,1786739470.8001618,-470.1043097342408,-193.65882536897914,698.0914174844847,14.52441190267356,-35.25782323006833,6.767030909596619e-20
1786739475.4960165,push +Z,fast,1786739470.8001618,-470.4971657794631,-191.86797428763794,701.1292898235815,14.390098071573089,-35.28728743345987,6.81618172401245e-20
1786739475.5242803,push +Z,fast,1786739470.8001618,-471.6105140892032,-192.01011612349237,698.0672827741982,14.400758709262075,-35.3707885566904,6.864736569414893e-20
1786739475.552963,push +Z,fast,1786739470.8001618,-471.5009506764618,-192.8256530365303,698.1381024413977,14.46192397773989,-35.36257130073478,6.943006780907525e-20
1786739475.5820713,push +Z,fast,1786739470.8001618,-468.24937127191106,-195.49744806529122,691.5517251464535,14.662308604896875,-35.11870284539354,6.851147337400314e-20
1786739475.6094418,push +Z,fast,1786739470.8001618,-470.4262441758733,-196.05630899911455,704.7294537285052,14.704223174933897,-35.281968313190646,6.815875339219835e-20
1786739475.6376042,push +Z,fast,1786739470.8001618,-467.00482306570075,-191.82548906830846,703.816220322432,14.386911680123472,-35.02536172992772,6.74294363388813e-20
1786739475.666223,push +Z,fast,1786739470.8001618,-469.3155365939565,-188.765768599598,700.5590157557654,14.157432644970019,-35.198665244547044,6.802370693419337e-20
1786739475.6944776,push +Z,fast,1786739470.8001618,-467.8117735605706,-186.42163392719226,693.6836871324313,13.981622544539636,-35.08588301704281,6.784326574851627e-20
1786739475.7233758,push +Z,fast,1786739470.8001618,-468.70179579668184,-189.37670049895462,688.4278501357403,14.20325253742185,-35.1526346847514,6.748982285094986e-20
1786739475.751454,push +Z,fast,1786739470.8001618,-466.97636948949867,-189.66615668947043,690.8528431433333,14.22496175171042,-35.02322771171257,6.724932152204696e-20
1786739475.779462,push +Z,fast,1786739470.8001618,-463.5850588249805,-192.31753990778543,688.1599318140597,14.423815493084032,-34.7688794118738,6.749851367935162e-20
1786739475.8079667,push +Z,fast,1786739470.8001618,-463.68857057667674,-192.90317115051448,694.5320810254161,14.467737836288759,-34.7766427932508,6.836595293759839e-20
1786739475.8365035,push +Z,fast,1786739470.8001618,-464.82737597154846,-191.72861584683926,696.5038726467355,14.379646188513075,-34.86205319786613,6.844963100701604e-20
1786739475.8649528,push +Z,fast,1786739470.8001618,-467.0969791399625,-189.58339689676802,694.093897809631,14.218754767257824,-35.03227343549737,6.801118999592882e-20
1786739475.8931596,push +Z,fast,1786739470.8001618,-464.539114016819,-189.4180218404025,689.5655045699805,14.206351638030437,-34.84043355126161,6.754320214793342e-20
1786739475.9214342,push +Z,fast,1786739470.8001618,-466.02781152620264,-190.37218335242108,695.8317722559996,14.277913751431772,-34.95208586446537,6.748953014502888e-20
1786739475.9499178,push +Z,fast,1786739470.8001618,-465.7882335317272,-189.73379758009287,699.4760918346747,14.230034818507082,-34.93411751487966,6.782328952474615e-20
1786739475.9785762,push +Z,fast,1786739470.8001618,-470.10568511811925,-188.79821963949075,709.8907383493879,14.159866472961948,-35.25792638385907,6.833805280352615e-20
1786739476.0068076,push +Z,fast,1786739470.8001618,-467.64101455170385,-189.31376500078,701.2737468392206,14.198532375058601,-35.07307609137796,6.819181265694105e-20
1786739476.0349023,push +Z,fast,1786739470.8001618,-467.02561068119803,-186.9545765523461,707.734786858272,14.021593241426135,-35.026920801090164,6.723431550613506e-20
1786739476.0632923,push +Z,fast,1786739470.8001618,-464.91565660714014,-186.1815730746879,709.1086507692926,13.963617980601814,-34.86867424553576,6.714627211889641e-20
1786739476.0917919,push +Z,fast,1786739470.8001618,-463.5783409597102,-184.24080918405855,708.0190194047154,13.818060688804454,-34.76837557197826,6.729157812467598e-20
1786739476.1202352,push +Z,fast,1786739470.8001618,-463.63175326986357,-186.93579147837693,700.6553428554198,14.020184360878527,-34.772381495239976,6.812733582009394e-20
1786739476.1489341,push +Z,fast,1786739470.8001618,-462.8447097699609,-183.57619927458416,688.446393852335,13.768214945594163,-34.713353232747195,6.752515657909301e-20
1786739476.1774273,push +Z,fast,1786739470.8001618,-464.96175441195646,-184.1768261919143,686.1218354863568,13.813261964393586,-34.872131580896976,6.755274292368829e-20
1786739476.205517,push +Z,fast,1786739470.8001618,-465.1298691949878,-183.61818618239488,683.9756066472919,13.771363963679907,-34.88474018962414,6.722823872323066e-20
1786739476.2341464,push +Z,fast,1786739470.8001618,-467.98161102894665,-187.49392775430476,700.1616569019734,14.062044581573115,-35.098620827171175,6.855818876325276e-20
1786739476.2624984,push +Z,fast,1786739470.8001618,-465.5419893533617,-187.3215601896194,695.1013554334586,14.049117014221547,-34.91564920150239,6.760028153341883e-20
1786739476.290492,push +Z,fast,1786739470.8001618,-466.64999015365447,-188.55074524793076,701.1206745855416,14.141305893595014,-34.99874926152422,6.855671621802541e-20
1786739476.3190923,push +Z,fast,1786739470.8001618,-467.0869115303203,-190.02258961974212,694.2958934547732,14.251694221480921,-35.03151836477411,6.761865352308949e-20
1786739476.3475282,push +Z,fast,1786739470.8001618,-468.5965722958754,-195.56151430768853,693.1670942363698,14.667113573076708,-35.14474292219073,6.798639322991671e-20
1786739476.375947,push +Z,fast,1786739470.8001618,-469.49743069379883,-195.04668360272262,692.7654749393869,14.628501270204278,-35.21230730203499,6.770738038295291e-20
1786739476.4039903,push +Z,fast,1786739470.8001618,-466.8898535840235,-193.43434405761468,687.3815696301926,14.507575804321231,-35.0167390188018,6.722498496870038e-20
1786739476.43243,push +Z,fast,1786739470.8001618,-465.49080042994274,-186.15554672103065,692.8958569202614,13.961666004077554,-34.91181003224596,6.722316776746506e-20
1786739476.4607968,push +Z,fast,1786739470.8001618,-463.2625409401503,-186.615572204336,690.2124955119098,13.996167915325533,-34.74469057051153,6.641985866294633e-20
1786739476.4893,push +Z,fast,1786739470.8001618,-464.02356829221253,-186.94097771776592,692.1510224194035,14.020573328832558,-34.80176762191621,6.678517623358534e-20
1786739476.5175195,push +Z,fast,1786739470.8001618,-466.660639727982,-190.04145927695276,697.0148564377241,14.25310944577161,-34.99954797959872,6.785298735105764e-20
1786739476.545972,push +Z,fast,1786739470.8001618,-466.8788246949921,-188.04830625019997,690.5413388384059,14.103622968765169,-35.01591185212453,6.787413991766109e-20
1786739476.5744743,push +Z,fast,1786739470.8001618,-464.82149461770587,-187.39950364706726,686.8821505670257,14.05496277353021,-34.861612096328024,6.734441478411698e-20
1786739476.6027977,push +Z,fast,1786739470.8001618,-465.4881874130292,-188.66395822585594,688.7697318484361,14.149796866939344,-34.91161405597742,6.733961255144407e-20
1786739476.6313267,push +Z,fast,1786739470.8001618,-465.95012211754283,-191.6414397530532,692.154622354773,14.37310798147919,-34.94625915881596,6.786768871709819e-20
1786739476.6596463,push +Z,fast,1786739470.8001618,-468.28767032557835,-193.42061598976682,701.4772147817293,14.506546199232634,-35.12157527441846,6.881014199786301e-20
1786739476.6881213,push +Z,fast,1786739470.8001618,-464.9077731363277,-192.47227991237162,693.9284232989266,14.435420993428107,-34.86808298522473,6.794564164904307e-20
1786739476.7164757,push +Z,fast,1786739470.8001618,-466.1896789636153,-192.66489510934798,694.3213725185105,14.449867133201263,-34.964225922271396,6.809591966962955e-20
1786739476.7450335,push +Z,fast,1786739470.8001618,-466.4122509395502,-191.262847790274,692.943228592776,14.344713584270696,-34.980918820466286,6.843999117487225e-20
1786739476.7736838,push +Z,fast,1786739470.8001618,-469.97566721062276,-189.95281127793248,701.5408054393383,14.246460845845181,-35.248175040796944,6.87528056896495e-20
1786739476.8014977,push +Z,fast,1786739470.8001618,-472.0209670486297,-190.6222350535296,702.3023630195294,14.296667629014859,-35.401572528647314,6.81379881662285e-20
1786739476.8300154,push +Z,fast,1786739470.8001618,-471.369856418959,-190.7155259357562,705.5857572633677,14.303664445181813,-35.35273923142204,6.795717755521099e-20
1786739476.858512,push +Z,fast,1786739470.8001618,-469.50974718132056,-193.84920558812462,698.1171510507766,14.538690419109539,-35.213231038599076,6.815123314362804e-20
1786739476.887109,push +Z,fast,1786739470.8001618,-464.9005122584681,-192.60973969828467,696.2528318798559,14.445730477371594,-34.86753841938532,6.833230060584173e-20
1786739476.9154856,push +Z,fast,1786739470.8001618,-464.5437950919336,-192.35390191271233,683.462900018214,14.42654264345352,-34.840784631895296,6.756996413212267e-20
1786739476.9435446,push +Z,fast,1786739470.8001618,-464.7746439100197,-187.57833656664047,685.9836632869574,14.068375242498352,-34.85809829325165,6.707761989126047e-20
1786739476.9724276,push +Z,fast,1786739470.8001618,-466.7704368594523,-187.01683381188604,693.5778439323194,14.026262535891714,-35.00778276445903,6.758828887535275e-20
1786739477.0016596,push +Z,fast,1786739470.8001618,-467.01655685905325,-186.83701967236436,700.0884324182598,14.01277647542749,-35.02624176442916,6.770966201673181e-20
1786739477.0287483,push +Z,fast,1786739470.8001618,-466.41362246428116,-190.4651831029829,698.6185185085151,14.284888732723768,-34.98102168482117,6.726738622801332e-20
1786739477.0571609,push +Z,fast,1786739470.8001618,-467.14395915055,-190.77468894122217,693.5152397470483,14.308101670591864,-35.035796936291526,6.668286052827465e-20
1786739477.085472,push +Z,fast,1786739470.8001618,-466.8986003435416,-192.85421381667595,688.0705556286266,14.464066036250895,-35.01739502576569,6.64287745859766e-20
1786739477.1139662,push +Z,fast,1786739470.8001618,-467.927446812429,-190.16513540818505,689.4477104218222,14.262385155613888,-35.09455851093247,6.692894833919385e-20
1786739477.142383,push +Z,fast,1786739470.8001618,-467.05019899886247,-191.12642952867657,687.9733910540481,14.334482214650986,-35.02876492491492,6.703086963460334e-20
1786739477.1707158,push +Z,fast,1786739470.8001618,-467.76893784777894,-189.65309573286288,693.2778664696907,14.223982179964938,-35.08267033858366,6.712349167600733e-20
1786739477.1991756,push +Z,fast,1786739470.8001618,-467.892486977782,-194.52842756523557,691.6528439915746,14.589632067392902,-35.091936523333835,6.759501206177267e-20
1786739477.2276196,push +Z,fast,1786739470.8001618,-467.3865482750848,-194.2754600040521,695.0825937120617,14.570659500303936,-35.05399112063165,6.810089571562758e-20
1786739477.2558095,push +Z,fast,1786739470.8001618,-467.09401079245345,-194.4381259448346,697.915957147321,14.582859445862784,-35.032050809434224,6.895203370366137e-20
1786739477.284215,push +Z,fast,1786739470.8001618,-464.9389099851137,-189.41056087781044,695.8335187211023,14.205792065835968,-34.87041824888374,6.814189844544128e-20
1786739477.31298,push +Z,fast,1786739470.8001618,-466.8798248483208,-188.9620628117891,696.0574573895519,14.172154710884545,-35.01598686362423,6.804341813707274e-20
1786739477.3409317,push +Z,fast,1786739470.8001618,-469.29540819465956,-191.04638684779832,693.9420004390577,14.328479013584914,-35.19715561459949,6.7660707351782e-20
1786739477.3697278,push +Z,fast,1786739470.8001618,-470.851856625281,-194.94786579752588,698.5517791239563,14.62108993481461,-35.31388924689645,6.826917119916456e-20
1786739477.3979225,push +Z,fast,1786739470.8001618,-469.5157248820492,-194.43797886773712,700.9856766608445,14.582848415080466,-35.21367936615405,6.808184917210813e-20
1786739477.4262588,push +Z,fast,1786739470.8001618,-466.171666233055,-190.85158779828305,700.6225760126608,14.31386908487146,-34.96287496747918,6.784796183307669e-20
1786739477.4547205,push +Z,fast,1786739470.8001618,-468.34241796282004,-189.71298205603227,704.6433476304528,14.228473654202634,-35.12568134721167,6.742351198793766e-20
1786739477.4831777,push +Z,fast,1786739470.8001618,-469.40958984006693,-189.15462041409398,704.3075861726566,14.18659653105733,-35.20571923800506,6.739409885176287e-20
1786739477.5115395,push +Z,fast,1786739470.8001618,-470.48967381297507,-190.38421219187092,707.0443626308197,14.278815914390503,-35.28672553597333,6.724725947895982e-20
1786739477.5399973,push +Z,fast,1786739470.8001618,-466.34778107817283,-189.98246755630453,698.9815218028161,14.248685066723095,-34.97608358086317,6.754471088066239e-20
1786739477.5682447,push +Z,fast,1786739470.8001618,-464.2003765072609,-189.38651406991346,690.638766194168,14.203988555243743,-34.81502823804467,6.704529840963358e-20
1786739477.596903,push +Z,fast,1786739470.8001618,-463.5233499829819,-190.53942122626393,686.7936554101652,14.290456591970031,-34.764251248723674,6.687871190765397e-20
1786739477.6250713,push +Z,fast,1786739470.8001618,-468.02781154612603,-191.22652637711212,693.4344727101025,14.34198947828364,-35.102085865959616,6.699989985185129e-20
1786739477.6537478,push +Z,fast,1786739470.8001618,-472.99488675632165,-193.75594483144994,704.4034791056347,14.531695862359062,-35.47461650672446,6.813097754776816e-20
1786739477.6818714,push +Z,fast,1786739470.8001618,-472.8319315896674,-194.20297047099245,701.2314674339241,14.56522278532481,-35.46239486922522,6.795427107937319e-20
1786739477.7101421,push +Z,fast,1786739470.8001618,-468.7623623951704,-194.861086092729,695.121455333232,14.614581456954728,-35.15717717963787,6.754966157530155e-20
1786739477.738424,push +Z,fast,1786739470.8001618,-466.3344319949906,-193.0530540398927,698.2469590609126,14.478979052992099,-34.97508239962426,6.748659907661607e-20
1786739477.766842,push +Z,fast,1786739470.8001618,-466.11482222042696,-191.68183761136413,700.1883077981047,14.376137820852502,-34.95861166653225,6.797849646187857e-20
1786739477.7951853,push +Z,fast,1786739470.8001618,-466.4673414238232,-189.5984207517514,699.8774201968426,14.219881556381534,-34.98505060678685,6.857196606685846e-20
1786739477.8236396,push +Z,fast,1786739470.8001618,-463.55876348246784,-188.6890192088489,686.645517683779,14.151676440663689,-34.76690726118526,6.7731492606844e-20
1786739477.851977,push +Z,fast,1786739470.8001618,-464.6284793454756,-189.70541468273086,690.4712809231869,14.227906101205033,-34.84713595091079,6.776041208228244e-20
1786739477.8804293,push +Z,fast,1786739470.8001618,-464.7863400374313,-188.87307260707883,692.415191528311,14.16548044553107,-34.8589755028075,6.745259354303611e-20
1786739477.9089663,push +Z,fast,1786739470.8001618,-466.60797396978114,-191.18185806657527,696.8351045140116,14.338639354993159,-34.99559804773364,6.806757880616137e-20
1786739477.9372675,push +Z,fast,1786739470.8001618,-467.02267582321565,-192.86507485364552,696.0854343209376,14.464880614023482,-35.02670068674127,6.876014696300925e-20
1786739477.9667578,push +Z,fast,1786739470.8001618,-466.428601506444,-191.86545099123282,695.0536151544839,14.389908824342829,-34.98214511298355,6.856758078155817e-20
1786739477.9943235,push +Z,fast,1786739470.8001618,-467.2418109046903,-191.5018176478817,704.9394509498688,14.362636323591222,-35.04313581785204,6.837159528925118e-20
1786739478.0223458,push +Z,fast,1786739470.8001618,-465.4374796627194,-187.29490148021898,702.4333046409611,14.047117611016514,-34.90781097470415,6.746956287551682e-20
1786739478.0510375,push +Z,fast,1786739470.8001618,-468.7623456249298,-189.07273114687223,707.7762794384744,14.180454836015596,-35.1571759218699,6.754074489736077e-20
1786739478.0791972,push +Z,fast,1786739470.8001618,-466.6901725582111,-188.55757108536693,695.4703800968946,14.14181783140268,-35.001762941865934,6.684486874976776e-20
1786739478.1075075,push +Z,fast,1786739470.8001618,-468.317211881566,-189.3162137321899,700.4823887580051,14.19871602991439,-35.12379089111771,6.741355886998572e-20
1786739478.1364586,push +Z,fast,1786739470.8001618,-467.09182234137006,-188.72347073480194,701.7391997158893,14.154260305110203,-35.03188667560286,6.782849020175195e-20
1786739478.1656544,push +Z,fast,1786739470.8001618,-466.36765617312267,-187.73961565108993,702.2082488877049,14.080471173831999,-34.977574212984294,6.797131149246177e-20
1786739478.1932726,push +Z,fast,1786739470.8001618,-468.4102411775684,-187.09288308423845,702.8738939935674,14.031966231317984,-35.13076808831781,6.712057430436445e-20
1786739478.2215812,push +Z,fast,1786739470.8001618,-468.24378656021327,-190.5006205273885,698.1268992584455,14.28754653955431,-35.11828399201615,6.714675245503973e-20
1786739478.249953,push +Z,fast,1786739470.8001618,-469.2661104514318,-191.17831091016262,701.362187460476,14.338373318262239,-35.194958283857346,6.75909533103005e-20
1786739478.2782416,push +Z,fast,1786739470.8001618,-465.29234275121144,-191.30334703462427,690.3845915976253,14.347751027597024,-34.896925706340944,6.733014720495175e-20
1786739478.3064423,push +Z,fast,1786739470.8001618,-463.67878132652595,-191.32103269424852,687.7268696483097,14.349077452068844,-34.77590859948948,6.704383153261566e-20
1786739478.3353386,push +Z,fast,1786739470.8001618,-464.697684637611,-191.64610755504748,690.9478678640799,14.373458066628661,-34.85232634782093,6.725892619220406e-20
1786739478.3667026,push +Z,fast,1786739470.8001618,-467.2599013587569,-193.47921919934265,700.0258599814406,14.510941439950873,-35.044492601906846,6.782793810317032e-20
1786739478.3916721,push +Z,fast,1786739470.8001618,-468.8485539598714,-191.968165106063,703.9340746867929,14.397612382954794,-35.16364154699042,6.815060187752167e-20
1786739478.4199789,push +Z,fast,1786739470.8001618,-468.1861851531826,-192.43636861929292,696.8047937997981,14.432727646447194,-35.113963886489046,6.759503974125458e-20
1786739478.4484289,push +Z,fast,1786739470.8001618,-464.85312511504617,-190.6813651774919,689.150007963357,14.301102388312,-34.863984383628626,6.721244804602319e-20
1786739478.4769397,push +Z,fast,1786739470.8001618,-464.3679291100275,-189.18659567017687,688.9531834899963,14.18899467526359,-34.82759468325218,6.678730490572835e-20
1786739478.505171,push +Z,fast,1786739470.8001618,-463.45462411116523,-189.21563281358647,683.9843669860047,14.191172461019203,-34.75909680833765,6.665354009107068e-20
1786739478.5337229,push +Z,fast,1786739470.8001618,-468.632057231448,-191.4522239019118,693.40183118398,14.358916792643601,-35.14740429235879,6.73571441061872e-20
1786739478.5647545,push +Z,fast,1786739470.8001618,-469.1777987182677,-191.4350298265599,697.0628439242937,14.35762723699212,-35.18833490387019,6.782687944949676e-20
1786739478.5909948,push +Z,fast,1786739470.8001618,-470.17168900004253,-191.525471822864,704.5970294262515,14.364410386715011,-35.2628766750034,6.826794199921705e-20
1786739478.618833,push +Z,fast,1786739470.8001618,-469.79192982712357,-191.86827594480576,703.8057134423398,14.390120695860613,-35.23439473703458,6.829061945966366e-20
1786739478.6471202,push +Z,fast,1786739470.8001618,-467.6340246588243,-190.43521633061698,699.3047430812367,14.282641224796432,-35.07255184941222,6.732602315619975e-20
1786739478.6757114,push +Z,fast,1786739470.8001618,-466.2323995198417,-189.70612249596957,695.4433677964389,14.227959187197815,-34.96742996398821,6.673001756779214e-20
1786739478.7038887,push +Z,fast,1786739470.8001618,-463.3815017810193,-188.63565435722296,687.8628622794986,14.14767407679189,-34.753612633576616,6.621227485195384e-20
1786739478.7324994,push +Z,fast,1786739470.8001618,-464.6867366203901,-190.18427121176273,687.5363760575965,14.263820340882408,-34.85150524652952,6.689364180656924e-20
1786739478.764595,push +Z,fast,1786739470.8001618,-468.85445880562656,-193.75826592759825,696.2721157587166,14.53186994457013,-35.16408441042218,6.78119035349128e-20
1786739478.7895033,push +Z,fast,1786739470.8001618,-469.1177948165314,-192.18129831335955,700.3406912522241,14.413597373502324,-35.183834611239895,6.805139764844426e-20
1786739478.817805,push +Z,fast,1786739470.8001618,-470.4083363194236,-191.62857700656684,710.4932100391725,14.372143275492622,-35.28062522395688,6.818247943294975e-20
1786739478.8460429,push +Z,fast,1786739470.8001618,-467.6981525695355,-188.7483952276117,704.5550298981789,14.156129642071125,-35.07736144271531,6.770468182715723e-20
1786739478.8744226,push +Z,fast,1786739470.8001618,-467.7346390791231,-189.38274085078035,700.6263099585412,14.203705563808686,-35.080097930934436,6.76462746405581e-20
1786739478.9027822,push +Z,fast,1786739470.8001618,-467.40235920793566,-190.9354362572044,695.176541439836,14.320157719290453,-35.05517694059541,6.760006345797864e-20
1786739478.9314752,push +Z,fast,1786739470.8001618,-467.30602275895126,-191.12312886451718,694.8066738741463,14.334234664838984,-35.04795170692156,6.763738730095546e-20
1786739478.9626224,push +Z,fast,1786739470.8001618,-467.9074475814796,-192.8891377318539,697.4708585307426,14.466685329889398,-35.09305856861097,6.746824932575467e-20
1786739478.988047,push +Z,fast,1786739470.8001618,-466.79530408966775,-190.6454928741498,692.9363444930786,14.298411965561467,-35.009647806725276,6.729975353977108e-20
1786739479.0164168,push +Z,fast,1786739470.8001618,-468.47348144060834,-191.66590335064564,702.4519299668555,14.374942751298544,-35.13551110804586,6.821366053420553e-20
1786739479.0449722,push +Z,fast,1786739470.8001618,-468.24766564231095,-191.80023064807517,700.0857160011774,14.385017298605657,-35.11857492317334,6.811809269140868e-20
1786739479.0732434,push +Z,fast,1786739470.8001618,-468.5509615149167,-195.2714000340677,700.1863570414462,14.645355002555188,-35.14132211361894,6.85348892109778e-20
1786739479.1014786,push +Z,fast,1786739470.8001618,-467.73026405361225,-194.09690387449848,693.4239048180898,14.557267790587577,-35.07976980402109,6.745587306555032e-20
1786739479.1301165,push +Z,fast,1786739470.8001618,-468.0396616315752,-192.16141227246567,697.6772869575125,14.41210592043522,-35.1029746223683,6.725077372009706e-20
1786739479.1584468,push +Z,fast,1786739470.8001618,-469.2026075280328,-189.98974112270582,701.5648482990182,14.249230584203136,-35.190195564602696,6.694574358544044e-20
1786739479.1866739,push +Z,fast,1786739470.8001618,-467.2902888776157,-189.17712724266937,697.0571087104581,14.188284543200286,-35.04677166582142,6.683690515315646e-20
1786739479.2153733,push +Z,fast,1786739470.8001618,-469.1595264917323,-187.80741171112868,703.2916866516262,14.085555878334798,-35.18696448688021,6.726689349634895e-20
1786739479.2434535,push +Z,fast,1786739470.8001618,-468.828819017745,-190.3355631180633,697.715737744119,14.275167233854798,-35.162161426330975,6.691405693072692e-20
1786739479.271756,push +Z,fast,1786739470.8001618,-470.98945267789486,-188.79885195791917,703.9275701756596,14.15991389684417,-35.32420895084231,6.703624192128648e-20
1786739479.3000712,push +Z,fast,1786739470.8001618,-468.38210723818247,-193.44654282382328,700.1805336538328,14.508490711786994,-35.12865804286399,6.763517870761394e-20
1786739479.3314025,push +Z,fast,1786739470.8001618,-467.42071563371974,-189.8330501290635,704.5197298248822,14.237478759679835,-35.05655367252927,6.78073158846089e-20
1786739479.3569195,push +Z,fast,1786739470.8001618,-469.55811254766513,-194.22299150940728,713.9951090530449,14.566724363205669,-35.21685844107513,6.924327484937337e-20
1786739479.3853173,push +Z,fast,1786739470.8001618,-469.75494089514495,-189.54345366598443,712.8213297112616,14.215759024949126,-35.231620567136034,6.893720190976694e-20
1786739479.4135213,push +Z,fast,1786739470.8001618,-471.9474419714493,-192.5571238001745,715.3559620794604,14.441784285013203,-35.396058147858845,6.916092710289136e-20
1786739479.4420207,push +Z,fast,1786739470.8001618,-469.82145256634203,-189.94653104394615,709.515335627565,14.245989828296285,-35.23660894247587,6.824393460677971e-20
1786739479.4702847,push +Z,fast,1786739470.8001618,-470.26189575823537,-193.29150689953678,708.4801063388013,14.496863017465511,-35.269642181867745,6.811113671222355e-20
1786739479.498799,push +Z,fast,1786739470.8001618,-469.39391873795284,-194.54127982908358,705.3220459498007,14.590595987181413,-35.2045439053466,6.81981446920899e-20
1786739479.5271935,push +Z,fast,1786739470.8001618,-468.4299695693071,-194.2171863729003,701.0770931422576,14.566288977967613,-35.13224771769831,6.768906182692078e-20
1786739479.5555809,push +Z,fast,1786739470.8001618,-467.6701158574547,-192.96345583769016,705.3840011095963,14.472259187827017,-35.07525868930931,6.758809767164954e-20
1786739479.5843737,push +Z,fast,1786739470.8001618,-467.6109032192858,-190.68573454848774,700.2128332586517,14.301430091136769,-35.0708177414466,6.713515773918107e-20
1786739479.6124334,push +Z,fast,1786739470.8001618,-467.8640420851466,-192.6733548494318,696.89320278386,14.450501613707527,-35.08980315638632,6.743841910684223e-20
1786739479.6406374,push +Z,fast,1786739470.8001618,-467.6036661789067,-192.7853772966473,687.9612432114045,14.458903297248707,-35.07027496341823,6.742691262895156e-20
1786739479.6691217,push +Z,fast,1786739470.8001618,-465.3432674890846,-190.7192881030453,689.4011687572684,14.303946607728587,-34.900745061681626,6.766534431029236e-20
1786739479.6976686,push +Z,fast,1786739470.8001618,-466.48297521782797,-189.31937180099726,692.2056642444068,14.198952885074956,-34.98622314133727,6.780775846514649e-20
1786739479.7259057,push +Z,fast,1786739470.8001618,-468.4357637554167,-188.7644091042664,698.2804113609109,14.157330682819978,-35.13268228165643,6.809991435702246e-20
1786739479.7544556,push +Z,fast,1786739470.8001618,-470.4098945653318,-189.5717599297841,710.3630729513507,14.217881994733876,-35.28074209239998,6.873607771890082e-20
1786739479.7827392,push +Z,fast,1786739470.8001618,-468.87932007230256,-188.12977059715138,705.7568390662318,14.109732794786563,-35.16594900542292,6.81893491640538e-20
1786739479.8110554,push +Z,fast,1786739470.8001618,-466.87691375875465,-186.44174132585272,703.2317897116918,13.983130599439196,-35.015768531906666,6.717256932598888e-20
1786739479.8396122,push +Z,fast,1786739470.8001618,-466.0137867365884,-185.89182969922615,692.473209010428,13.94188722744202,-34.95103400524441,6.639749704150829e-20
1786739479.867902,push +Z,fast,1786739470.8001618,-466.71663753962866,-189.19694902362983,692.5390456813366,14.189771176772556,-35.003747815472394,6.654338917257314e-20
1786739479.8962376,push +Z,fast,1786739470.8001618,-467.8376173691072,-192.49862601147152,691.3531951195,14.437396950860514,-35.087821302683295,6.699863500120196e-20
1786739479.925631,push +Z,fast,1786739470.8001618,-469.98547529292864,-193.6611226439162,698.6734591063441,14.524584198294004,-35.24891064696978,6.75667898766468e-20
1786739479.9528852,push +Z,fast,1786739470.8001618,-470.67550259301925,-193.6334061877841,706.4895341242773,14.522505464084052,-35.30066269447655,6.784301001174684e-20
1786739479.9816644,push +Z,fast,1786739470.8001618,-470.2556903719342,-191.7502063671169,712.4936739638324,14.381265477533876,-35.269176777895176,6.888300651240894e-20
1786739480.0100036,push +Z,fast,1786739470.8001618,-469.1354890277071,-193.3303240388791,707.1846458219852,14.499774302916013,-35.185161677078135,6.86388472092224e-20
1786739480.0383704,push +Z,fast,1786739470.8001618,-466.85972954327053,-191.3969375062394,695.3948500449897,14.354770312968252,-35.01447971574524,6.834428932833738e-20
1786739480.0666125,push +Z,fast,1786739470.8001618,-465.86591241943415,-191.2202442171449,690.9366402470641,14.341518316285946,-34.93994343145776,6.775774882832976e-20
1786739480.0951383,push +Z,fast,1786739470.8001618,-466.50232115462313,-187.6507338480402,698.2672855934288,14.073805038603194,-34.987674086596876,6.796508821952027e-20
1786739480.1253402,push +Z,fast,1786739470.8001618,-467.59030818035444,-186.06960997673843,699.6169148312492,13.95522074825561,-35.069273113526755,6.795756999344555e-20
1786739480.151752,push +Z,fast,1786739470.8001618,-469.3819743615045,-186.55837205707462,705.1772996744367,13.991877904280809,-35.20364807711292,6.795856760758716e-20
1786739480.1801965,push +Z,fast,1786739470.8001618,-465.8549460706208,-187.70310881588,689.6840783187827,14.077733161191244,-34.93912095529658,6.704075353468133e-20
1786739480.208639,push +Z,fast,1786739470.8001618,-465.900411533059,-187.7511667853763,692.4892483919084,14.081337508903307,-34.94253086497964,6.651743165504668e-20
1786739480.2368333,push +Z,fast,1786739470.8001618,-464.12845743578873,-188.417761802609,682.3683002639482,14.131332135195802,-34.80963430768425,6.597805996214876e-20
1786739480.2652473,push +Z,fast,1786739470.8001618,-468.05909974766655,-187.80446032975146,689.2550200889109,14.085334524731525,-35.10443248107515,6.614201487867365e-20
1786739480.2936616,push +Z,fast,1786739470.8001618,-466.3044111413524,-190.78590084703956,684.4632186217877,14.308942563528117,-34.972830835601485,6.638592989735285e-20
1786739480.322643,push +Z,fast,1786739470.8001618,-469.04098744502426,-194.24141271827443,687.8712548006097,14.568105953870703,-35.17807405837689,6.702433476260248e-20
1786739480.3504198,push +Z,fast,1786739470.8001618,-468.54596825022827,-195.31731873037506,696.5748706195536,14.648798904778314,-35.140947618767264,6.824566377769552e-20
1786739480.378747,push +Z,fast,1786739470.8001618,-470.63433950471926,-192.8535839873847,705.2380438928849,14.46401879905407,-35.29757546285395,6.931090818472616e-20
1786739480.4075344,push +Z,fast,1786739470.8001618,-467.83519478286644,-188.91017655573773,701.659146073087,14.16826324168051,-35.08763960871508,6.866015928181771e-20
1786739480.4357378,push +Z,fast,1786739470.8001618,-467.2555648227026,-190.1308559474054,690.2627268113902,14.259814196055647,-35.04416736170271,6.752144848711906e-20
1786739480.4639697,push +Z,fast,1786739470.8001618,-468.5675516979941,-191.93208597422415,686.6644245921107,14.394906448067044,-35.142566377349574,6.692521026761073e-20
1786739480.4928555,push +Z,fast,1786739470.8001618,-469.30836533763386,-191.81349783741916,692.4119531750321,14.386012337806765,-35.19812740032282,6.701453229215237e-20
1786739480.5219502,push +Z,fast,1786739470.8001618,-468.7890526883948,-189.96414965958184,701.2432567096184,14.24731122446875,-35.15917895162976,6.741060595237002e-20
1786739480.5495152,push +Z,fast,1786739470.8001618,-468.8878839187332,-192.5088662102413,701.5192162890053,14.438164965768213,-35.16659129390513,6.731317338852192e-20
1786739480.5775762,push +Z,fast,1786739470.8001618,-472.09025071212227,-194.68105291363815,709.8454361895228,14.601078968523073,-35.40676880340947,6.82903926386743e-20
1786739480.606261,push +Z,fast,1786739470.8001618,-472.2382825047589,-195.1604477714012,702.9976715809116,14.637033582855299,-35.417871187857,6.839326305262464e-20
1786739480.6342387,push +Z,fast,1786739470.8001618,-470.63912829540277,-191.41714754112445,700.850753352318,14.35628606558448,-35.29793462215532,6.83327312846671e-20
1786739480.6627085,push +Z,fast,1786739470.8001618,-467.0949429658958,-187.5448697441376,684.7714392062126,14.065865230810576,-35.03212072244232,6.735343293454294e-20
1786739480.6912727,push +Z,fast,1786739470.8001618,-467.0495885576661,-188.53256971877533,688.7957435239641,14.139942728908313,-35.02871914182519,6.718842994276691e-20
1786739480.7213507,push +Z,fast,1786739470.8001618,-468.0609506548217,-189.43196225834447,696.5134828314203,14.20739716937599,-35.10457129911185,6.81694708813422e-20
1786739480.748068,push +Z,fast,1786739470.8001618,-469.82460745163326,-191.818221404935,705.4187802989727,14.38636660537043,-35.236845558872524,6.8581939544046e-20
1786739480.7763991,push +Z,fast,1786739470.8001618,-472.70515908195785,-192.52369121483594,710.496672636782,14.439276841112918,-35.45288693114704,6.908694007795921e-20
1786739480.8046637,push +Z,fast,1786739470.8001618,-470.89202578843424,-190.46001356785268,696.9588066141823,14.284501017589147,-35.316901934132694,6.714058289631807e-20
1786739480.8329387,push +Z,fast,1786739470.8001618,-472.91526108376956,-192.41813710509257,695.0451638357681,14.4313602828822,-35.46864458128286,6.761021765731353e-20
1786739480.861527,push +Z,fast,1786739470.8001618,-469.62516841120805,-191.36369438261409,686.2772271055492,14.352277078696435,-35.22188763084074,6.667682698508749e-20
1786739480.8898344,push +Z,fast,1786739470.8001618,-470.8727566462894,-193.15288137534844,696.9109852772126,14.486466103151333,-35.31545674847185,6.771727379008372e-20
1786739480.9219837,push +Z,fast,1786739470.8001618,-468.96255807992884,-190.43899863939214,702.8378993371753,14.282924897954661,-35.17219185599486,6.756954825485412e-20
1786739480.9468622,push +Z,fast,1786739470.8001618,-469.1333469456422,-187.8259774302261,698.8268833876737,14.08694830726704,-35.185001020923245,6.769335507479323e-20
1786739480.9750476,push +Z,fast,1786739470.8001618,-470.39143272702404,-187.7637780447027,698.9440481231568,14.082283353352775,-35.27935745452709,6.830033709654358e-20
1786739481.0031796,push +Z,fast,1786739470.8001618,-469.2038900159282,-188.2026097160507,682.7550867135542,14.115195728704077,-35.190291751194785,6.734047496064457e-20
1786739481.0317197,push +Z,fast,1786739470.8001618,-470.42682842553177,-190.34715956909758,689.9917948004695,14.27603696768234,-35.28201213191503,6.786131578545242e-20
1786739481.0599754,push +Z,fast,1786739470.8001618,-468.442901318826,-190.4348871251076,689.1688501024219,14.28261653438317,-35.13321759891208,6.754172159240165e-20
1786739481.0885558,push +Z,fast,1786739470.8001618,-468.8524541139259,-191.74190335740934,695.2403371034688,14.38064275180582,-35.163934058544655,6.824155252888548e-20
1786739481.1184886,push +Z,fast,1786739470.8001618,-469.4115983188344,-191.79468763942498,697.7469008548042,14.384601572957049,-35.20586987391277,6.81408079767347e-20
1786739481.1452708,push +Z,fast,1786739470.8001618,-471.2572429114575,-192.22213799659687,700.6981775211361,14.416660349744877,-35.34429321835961,6.820297194156049e-20
1786739481.1736803,push +Z,fast,1786739470.8001618,-471.4791267723581,-192.04656547755894,700.3318966135848,14.40349241081731,-35.36093450792703,6.777857625031378e-20
1786739481.2021747,push +Z,fast,1786739470.8001618,-470.37751217411187,-194.46309946918598,689.7787734047251,14.584732460189127,-35.27831341305868,6.74151362504816e-20
1786739481.2305024,push +Z,fast,1786739470.8001618,-468.2538311038197,-191.97170622875933,681.4173681362518,14.397877967157125,-35.11903733278677,6.703047226545358e-20
1786739481.2589374,push +Z,fast,1786739470.8001618,-467.7154551541671,-191.82912234705634,678.5669540856488,14.387184176029432,-35.07865913656271,6.720984447659152e-20
1786739481.28717,push +Z,fast,1786739470.8001618,-468.81872223738856,-188.04450757614586,685.0264492790548,14.103338068211084,-35.16140416780446,6.750689228550864e-20
1786739481.3166378,push +Z,fast,1786739470.8001618,-470.76564260358236,-187.85620194314959,693.8958934368175,14.089215145736407,-35.307423195269024,6.776689993656905e-20
1786739481.3442783,push +Z,fast,1786739470.8001618,-471.0183512934964,-188.07279956037837,699.2093564338611,14.105459967028697,-35.32637634701238,6.763570190237032e-20
1786739481.3724396,push +Z,fast,1786739470.8001618,-469.1617455214482,-188.3052906620386,698.2997912073924,14.122896799653137,-35.18713091410879,6.726795691494094e-20
1786739481.4008436,push +Z,fast,1786739470.8001618,-468.5571648457949,-192.34155288589807,691.9373763693447,14.425616466442673,-35.141787363434716,6.661488991029498e-20
1786739481.4291515,push +Z,fast,1786739470.8001618,-468.87633553841124,-192.82063082631328,692.2798493168575,14.46154731197387,-35.16572516538108,6.700506095790408e-20
1786739481.4577985,push +Z,fast,1786739470.8001618,-468.8241397535812,-193.5707502229825,693.1116524903046,14.517806266723756,-35.16181048151858,6.702125604642859e-20
1786739481.4857907,push +Z,fast,1786739470.8001618,-468.655753001221,-191.2189469403986,692.684274942475,14.341421020530252,-35.14918147509174,6.75454855823452e-20
1786739481.5150504,push +Z,fast,1786739470.8001618,-469.9783847076833,-189.87035548933318,695.340337789823,14.240276661700197,-35.24837885307643,6.73212583182779e-20
1786739481.5426106,push +Z,fast,1786739470.8001618,-473.780812734733,-193.77983734069608,701.5276933140758,14.53348780055251,-35.533560955105074,6.813295195467031e-20
1786739481.5711455,push +Z,fast,1786739470.8001618,-473.1080899024164,-194.82930487682677,703.8376638521931,14.612197865762173,-35.48310674268148,6.799535234878682e-20
1786739481.5998123,push +Z,fast,1786739470.8001618,-471.95338358447134,-195.33274526132675,699.1633119221369,14.649955894599625,-35.39650376883558,6.818777745642674e-20
1786739481.6279442,push +Z,fast,1786739470.8001618,-467.1903535683855,-190.69098968608114,684.3709685076074,14.301824226456201,-35.03927651762897,6.701187294438351e-20
1786739481.65618,push +Z,fast,1786739470.8001618,-466.2261796089015,-188.7195052487465,680.3290912206539,14.15396289365636,-34.96696347066769,6.76291644183548e-20
1786739481.6847167,push +Z,fast,1786739470.8001618,-464.80194001126665,-188.70015288577713,678.3728169310216,14.152511466433555,-34.860145500845235,6.710619718778216e-20
1786739481.7138925,push +Z,fast,1786739470.8001618,-466.8748624055843,-188.44158862782297,685.7734307797309,14.133119147086848,-35.01561468041885,6.729468133194513e-20
1786739481.7413719,push +Z,fast,1786739470.8001618,-468.74318096952584,-189.92047012287787,695.350737448307,14.24403525921591,-35.155738572714526,6.750303684518408e-20
1786739481.7698405,push +Z,fast,1786739470.8001618,-469.44953604094826,-189.41415626416972,699.4613041685243,14.206061719812869,-35.20871520307128,6.772020016743876e-20
1786739481.79814,push +Z,fast,1786739470.8001618,-469.2301518358727,-189.7250850641126,698.7516912244182,14.229381379808668,-35.1922613876906,6.791109335433105e-20
1786739481.826653,push +Z,fast,1786739470.8001618,-467.9600045637985,-189.617480182353,682.6092866018298,14.22131101367658,-35.09700034228511,6.650268452797966e-20
1786739481.8550026,push +Z,fast,1786739470.8001618,-469.668564899946,-191.15697481756354,686.3788626335572,14.33677311131743,-35.22514236749608,6.702248379192354e-20
1786739481.8832266,push +Z,fast,1786739470.8001618,-467.50515779541274,-194.11232302497365,679.6043228035578,14.55842422687319,-35.06288683465619,6.678549571010618e-20
1786739481.9119868,push +Z,fast,1786739470.8001618,-469.8022948972325,-195.39614413310426,690.5145984389292,14.654710809983033,-35.23517211729257,6.756811252541605e-20
1786739481.9400983,push +Z,fast,1786739470.8001618,-469.2361651072515,-196.13611251390626,690.592808793006,14.71020843854313,-35.19271238304418,6.740107401400961e-20
1786739481.9683537,push +Z,fast,1786739470.8001618,-470.7221301253244,-192.88953376371614,697.0483301397735,14.466715032278817,-35.30415975939944,6.789505502824187e-20
1786739481.9969757,push +Z,fast,1786739470.8001618,-468.0032695490295,-192.04418311896563,692.787004665337,14.40331373392247,-35.10024521617743,6.724905382882239e-20
1786739482.025223,push +Z,fast,1786739470.8001618,-465.192989314397,-189.4655742633537,679.9305096122098,14.209918069751655,-34.88947419857993,6.670530027841894e-20
1786739482.0537565,push +Z,fast,1786739470.8001618,-465.42057903874183,-191.5346599266785,676.9080288293271,14.36509949450112,-34.90654342790599,6.623971650235491e-20
1786739482.0821264,push +Z,fast,1786739470.8001618,-466.2729714223278,-191.52216239488473,680.3394893367895,14.364162179616795,-34.970472856674874,6.684122856814497e-20
1786739482.1106517,push +Z,fast,1786739470.8001618,-469.9658327892448,-191.18042982024338,694.5527721064009,14.338532236518429,-35.247437459193435,6.784893111031201e-20
1786739482.1390479,push +Z,fast,1786739470.8001618,-469.75587305167346,-191.70313687752332,699.3188593486702,14.377735265814362,-35.23169047887581,6.827046126478514e-20
1786739482.1673253,push +Z,fast,1786739470.8001618,-470.1962713925932,-191.53571128542137,698.1590252922224,14.365178346406697,-35.26472035444469,6.79099541909435e-20
1786739482.19569,push +Z,fast,1786739470.8001618,-467.5039015990078,-190.98467169794878,697.3865309006651,14.323850377346577,-35.06279261992569,6.762637639641376e-20
1786739482.2239063,push +Z,fast,1786739470.8001618,-465.332091324271,-190.51960611975903,687.5953642429358,14.288970458982075,-34.899906849320544,6.65541651923091e-20
1786739482.2526274,push +Z,fast,1786739470.8001618,-465.77750498936666,-190.97428696541522,687.840321703502,14.323071522406341,-34.933312874202635,6.697889925751484e-20
1786739482.2809575,push +Z,fast,1786739470.8001618,-468.4409860077517,-193.21749853707763,685.4217480620337,14.491312390281106,-35.13307395058155,6.674820855915471e-20
1786739482.3096018,push +Z,fast,1786739470.8001618,-471.37848205879436,-195.14967859442754,694.799248945872,14.6362258945823,-35.35338615440966,6.830842647339739e-20
1786739482.3407984,push +Z,fast,1786739470.8001618,-470.5359203906655,-194.2196042789942,694.2164986729113,14.56647032092474,-35.29019402930029,6.781330797130322e-20
1786739482.3658848,push +Z,fast,1786739470.8001618,-470.52540893039804,-193.49501413047847,692.7484471018943,14.512126059785995,-35.28940566978002,6.75881689950857e-20
1786739482.3945882,push +Z,fast,1786739470.8001618,-470.76338936872526,-191.82039746630983,689.6350140961795,14.38652980997335,-35.307254202654484,6.704834194817645e-20
1786739482.4231517,push +Z,fast,1786739470.8001618,-470.6014959568565,-192.60055496860366,690.3933220604849,14.445041622645437,-35.295112196764514,6.722708208503342e-20
1786739482.4514525,push +Z,fast,1786739470.8001618,-469.4353291499424,-191.54134180534948,690.7247978917021,14.365600635401488,-35.20764968624585,6.73933392242591e-20
1786739482.4797997,push +Z,fast,1786739470.8001618,-467.70741991952764,-192.07866898793816,688.1128131830828,14.405900174095567,-35.07805649396467,6.657355093027438e-20
1786739482.5080776,push +Z,fast,1786739470.8001618,-467.7182696739551,-190.3139765782928,686.9249831951438,14.273548243372364,-35.07887022554691,6.665762963458082e-20
1786739482.5392892,push +Z,fast,1786739470.8001618,-469.5188417994623,-194.44688215014628,688.6989654303216,14.58351616126124,-35.213913134959924,6.668813351423499e-20
1786739482.5647209,push +Z,fast,1786739470.8001618,-471.6759016788301,-195.13708291879686,700.7384824458532,14.635281218909864,-35.37569262591255,6.800907568109762e-20
1786739482.5932057,push +Z,fast,1786739470.8001618,-474.56617613450453,-196.58028258299316,709.518091928302,14.74352119372455,-35.592463210087985,6.917656952221538e-20
1786739482.6218846,push +Z,fast,1786739470.8001618,-472.2069494652028,-192.8314513423701,704.8175388052496,14.462358850677898,-35.415521209890414,6.911133169991045e-20
1786739482.6498678,push +Z,fast,1786739470.8001618,-470.7787072557867,-190.80663515225854,696.3261537390026,14.310497636419402,-35.30840304418433,6.811812810524624e-20
1786739482.6782043,push +Z,fast,1786739470.8001618,-469.1453347753554,-192.61447588075373,690.7933084568285,14.44608569105674,-35.185900108151976,6.747825138455427e-20
1786739482.706756,push +Z,fast,1786739470.8001618,-469.4342693386111,-192.7346693604718,690.6242149413074,14.4551002020354,-35.20757020039594,6.725273165647377e-20
1786739482.7353508,push +Z,fast,1786739470.8001618,-473.62980110392164,-195.76490622287213,697.6650915687133,14.68236796671557,-35.522235082794445,6.820637934395533e-20
1786739482.7634714,push +Z,fast,1786739470.8001618,-474.7297324587944,-198.25789175008856,694.1655914788071,14.869341881256677,-35.60472993440972,6.750143022449591e-20
1786739482.7916121,push +Z,fast,1786739470.8001618,-475.51757306924173,-200.68543021576124,697.8778981316027,15.051407266182434,-35.663817980193414,6.794790204713216e-20
1786739482.8201704,push +Z,fast,1786739470.8001618,-471.3362212448783,-201.4203481083233,687.8465659795502,15.10652610812446,-35.35021659336599,6.698037775853407e-20
1786739482.8484747,push +Z,fast,1786739470.8001618,-470.9721190465548,-197.50960612253618,690.6762605243093,14.813220459190237,-35.32290892849187,6.742544643098322e-20
1786739482.8769608,push +Z,fast,1786739470.8001618,-469.71394325377696,-195.14692954141742,685.4375447435232,14.636019715606455,-35.22854574403347,6.690728770777268e-20
1786739482.905369,push +Z,fast,1786739470.8001618,-469.8711482385379,-194.68804715013653,683.8344878047847,14.601603536260587,-35.240336117890635,6.694227077493668e-20
1786739482.9344068,push +Z,fast,1786739470.8001618,-470.8322786379349,-195.59710419500084,681.7404177478566,14.669782814625183,-35.3124208978454,6.697594660013802e-20
1786739482.9620514,push +Z,fast,1786739470.8001618,-473.40184454777636,-199.8474273312487,684.6955771312341,14.988557049843873,-35.50513834108341,6.733345032455157e-20
1786739482.9908757,push +Z,fast,1786739470.8001618,-473.2377532174519,-198.73019783643565,685.985128856657,14.904764837732902,-35.49283149130912,6.728964242961706e-20
1786739483.0188324,push +Z,fast,1786739470.8001618,-472.71583432761054,-200.10291649566773,688.7650238749493,15.007718737175455,-35.45368757457106,6.731001473853775e-20
1786739483.0470974,push +Z,fast,1786739470.8001618,-470.02304798798787,-199.1353546867566,677.6696463678081,14.935151601506856,-35.25172859909938,6.683687742593208e-20
1786739483.075423,push +Z,fast,1786739470.8001618,-468.8833748763964,-196.1340452861533,678.0370384379376,14.710053396461735,-35.166253115730086,6.654432338213447e-20
1786739483.103804,push +Z,fast,1786739470.8001618,-469.4572345387878,-195.1080145452264,679.3485905550042,14.633101090892072,-35.2092925904092,6.62832054846283e-20
1786739483.1327174,push +Z,fast,1786739470.8001618,-471.07277069493557,-192.36387698460885,693.6278168845629,14.427290773845908,-35.33045780212034,6.652190079728484e-20
1786739483.160656,push +Z,fast,1786739470.8001618,-472.9672196795327,-196.14728196606814,693.3790263781066,14.711046147455189,-35.472541475965315,6.695647660177326e-20
1786739483.1896515,push +Z,fast,1786739470.8001618,-473.5389744271938,-195.89679241092983,692.81137515107,14.692259430819991,-35.5154230820397,6.730714145588125e-20
1786739483.218226,push +Z,fast,1786739470.8001618,-472.33692981694503,-195.95643680704177,687.9079222165292,14.696732760528295,-35.42526973627109,6.745812723125162e-20
1786739483.2460234,push +Z,fast,1786739470.8001618,-472.23693001369793,-195.48685699174746,687.1889903664287,14.66151427438118,-35.41776975102761,6.744761640825095e-20
1786739483.274498,push +Z,fast,1786739470.8001618,-469.4091439704275,-194.05598162859246,689.234377798115,14.55419862214465,-35.20568579778212,6.748563662651438e-20
1786739483.3029869,push +Z,fast,1786739470.8001618,-469.1439302334634,-194.66334522567433,691.7535422305482,14.599750891925826,-35.18579476751003,6.715554233788983e-20
1786739483.3341641,push +Z,fast,1786739470.8001618,-468.9380169745955,-193.79778237502853,693.0440030027439,14.534833678127402,-35.17035127309498,6.671525721647151e-20
1786739483.3596542,push +Z,fast,1786739470.8001618,-469.6770467726956,-195.0184952366036,693.3195496563021,14.626387142745418,-35.22577850795239,6.669519714645783e-20
1786739483.3881605,push +Z,fast,1786739470.8001618,-468.9689554714819,-193.7538211808553,686.6267844514741,14.531536588564197,-35.1726716603615,6.646046249669323e-20
1786739483.4166641,push +Z,fast,1786739470.8001618,-468.5624012907397,-191.78999717091904,688.0872688795807,14.38424978781924,-35.14218009680575,6.698773034434352e-20
1786739483.4448907,push +Z,fast,1786739470.8001618,-467.148078304574,-192.0637237396303,680.0802828669921,14.40477928047272,-35.03610587284328,6.620983970961472e-20
1786739483.473093,push +Z,fast,1786739470.8001618,-469.67386812425366,-195.37276781380206,688.522016717975,14.652957586035246,-35.2255401093192,6.71342253091584e-20
1786739483.5018404,push +Z,fast,1786739470.8001618,-469.68352087589847,-197.19786932682962,692.109411313395,14.789840199512458,-35.22626406569258,6.740528871241539e-20
1786739483.5304053,push +Z,fast,1786739470.8001618,-471.03611958347756,-196.84778340143623,694.0122825731032,14.763583755107927,-35.327708968760994,6.809750093033444e-20
1786739483.5585368,push +Z,fast,1786739470.8001618,-469.118853009777,-193.76177401752886,696.5326996543872,14.53213305131494,-35.18391397573339,6.794422246650387e-20
1786739483.5867293,push +Z,fast,1786739470.8001618,-469.3126887852759,-193.66211427067742,692.4516972820784,14.524658570301273,-35.19845165889592,6.793917798490129e-20
1786739483.6154926,push +Z,fast,1786739470.8001618,-467.53501398018125,-191.71450773721506,695.7866699559945,14.378588080291205,-35.06512604851376,6.742691394862418e-20
1786739483.6434486,push +Z,fast,1786739470.8001618,-467.79265721676484,-193.14681410071546,688.3003256968059,14.486011057553942,-35.08444929125758,6.672580451081148e-20
1786739483.6721332,push +Z,fast,1786739470.8001618,-468.209503158379,-192.44381607890966,691.4949672383955,14.433286205918304,-35.11571273687857,6.69933390861131e-20
1786739483.700347,push +Z,fast,1786739470.8001618,-469.53987983329625,-192.28954969794643,691.591916108151,14.421716227346206,-35.21549098749739,6.743735281606411e-20
1786739483.7286203,push +Z,fast,1786739470.8001618,-470.9534078595684,-192.0291004073738,696.4097089180141,14.40218253055318,-35.32150558946766,6.819523595356522e-20
1786739483.757042,push +Z,fast,1786739470.8001618,-469.98666164319184,-190.37111527479624,701.3759777971027,14.277833645609842,-35.248999623239555,6.846207210034457e-20
1786739483.7853417,push +Z,fast,1786739470.8001618,-469.3353032358673,-190.4570218042951,702.6757184407488,14.284276635322218,-35.200147742690085,6.792678219983303e-20
1786739483.8140283,push +Z,fast,1786739470.8001618,-467.3164119891858,-188.06233022498577,703.7839811460108,14.104674766874044,-35.04873089918919,6.726373626754817e-20
1786739483.842135,push +Z,fast,1786739470.8001618,-467.45284978420887,-190.07867692089474,701.1367787652816,14.255900769067384,-35.05896373381605,6.674824711005318e-20
1786739483.8704638,push +Z,fast,1786739470.8001618,-466.8334636046188,-189.9409026706296,702.4781707750753,14.245567700297332,-35.01250977034663,6.743790305613808e-20
1786739483.898959,push +Z,fast,1786739470.8001618,-467.77229118108835,-193.25667314214445,705.8489072087368,14.494250485660903,-35.082921838581825,6.832595779029876e-20
1786739483.9272766,push +Z,fast,1786739470.8001618,-468.5827426676542,-191.19131518301856,703.7659525011386,14.339348638726594,-35.14370570007429,6.78966081332439e-20
1786739483.9558854,push +Z,fast,1786739470.8001618,-471.0184341716099,-193.60304329909184,703.7231392219201,14.52022824743209,-35.32638256287102,6.813742771171766e-20
1786739483.984089,push +Z,fast,1786739470.8001618,-469.3477897766229,-192.55444375124534,697.031614667214,14.441583281343593,-35.20108423324709,6.753386462577898e-20
1786739484.012382,push +Z,fast,1786739470.8001618,-468.9313921336807,-194.3168449456839,696.0460962311263,14.573763370926432,-35.16985441002616,6.814409010581886e-20
1786739484.0408702,push +Z,fast,1786739470.8001618,-466.0758564285866,-192.01649258183988,695.4893591824657,14.401236943638143,-34.95568923214423,6.775947757739227e-20
1786739484.069443,push +Z,fast,1786739470.8001618,-466.6467405911894,-189.65247295065058,700.4374611033018,14.223935471298969,-34.998505544339224,6.781278548635997e-20
1786739484.0978813,push +Z,fast,1786739470.8001618,-465.80158610901844,-185.54579932754257,709.1104061022306,13.915934949565727,-34.935118958176595,6.783606808650412e-20
1786739484.1261425,push +Z,fast,1786739470.8001618,-466.4193257155275,-185.07785398665158,705.9163462448141,13.88083904899904,-34.98144942866471,6.77663391096656e-20
1786739484.1544092,push +Z,fast,1786739470.8001618,-466.8319732292143,-183.41957183341356,707.2729847769351,13.756467887506194,-35.01239799219118,6.749901346870105e-20
1786739484.182868,push +Z,fast,1786739470.8001618,-466.42503974952115,-186.38738608766505,700.0014575399255,13.979053956575012,-34.98187798121431,6.704632341315851e-20
1786739484.2113354,push +Z,fast,1786739470.8001618,-466.03011635293296,-187.3511669525809,702.8417998012155,14.051337521443589,-34.95225872647007,6.701384895389905e-20
1786739484.2397153,push +Z,fast,1786739470.8001618,-464.78681139531636,-188.02391144878618,708.3807498174901,14.101793358659169,-34.85901085464881,6.797044394308763e-20
1786739484.268071,push +Z,fast,1786739470.8001618,-465.2548460017283,-187.1563483230899,712.587978524527,14.036726124231972,-34.89411345012967,6.837447382090792e-20
1786739484.2964063,push +Z,fast,1786739470.8001618,-463.3290818925593,-185.59308747239857,712.8548981624463,13.919481560429968,-34.749681141942105,6.848589176774951e-20
1786739484.3248415,push +Z,fast,1786739470.8001618,-463.73563727565215,-189.10245549396666,707.1857164244957,14.182684162047831,-34.78017279567416,6.813558258554642e-20
1786739484.3532596,push +Z,fast,1786739470.8001618,-462.1672478128203,-187.5753108979211,706.0076031009257,14.068148317344313,-34.6625435859619,6.828248391563221e-20
1786739484.3819873,push +Z,fast,1786739470.8001618,-462.5596859575212,-186.33568793100574,710.220687865105,13.975176594825559,-34.69197644681435,6.797715069940584e-20
1786739484.410259,push +Z,fast,1786739470.8001618,-463.406228343933,-183.30828264031868,718.7681183395352,13.74812119802412,-34.75546712579515,6.858896781786128e-20
1786739484.4384575,push +Z,fast,1786739470.8001618,-463.8906571705561,-184.51654649992065,720.2575623446555,13.838740987494159,-34.79179928779191,6.881711111888524e-20
1786739484.4669375,push +Z,fast,1786739470.8001618,-462.9400547486948,-185.50174532171172,707.7302228577673,13.912630899128647,-34.720504106152546,6.90437297891081e-20
1786739484.495233,push +Z,fast,1786739470.8001618,-464.4571549141142,-185.33596221371113,705.7039680874459,13.900197166028551,-34.834286618558764,6.874556878865524e-20
1786739484.5261047,push +Z,fast,1786739470.8001618,-465.30440399679037,-185.13747393010374,708.4426043104186,13.885310544758074,-34.89783029975951,6.895068959474876e-20
1786739484.5521834,push +Z,fast,1786739470.8001618,-469.7231740116631,-189.7590533528146,721.8699927433554,14.231929001461328,-35.22923805087482,7.046334445434259e-20
1786739484.5806863,push +Z,fast,1786739470.8001618,-466.0604413993724,-190.90474224623392,712.4424685495542,14.317855668467725,-34.95453310495299,7.066995998929348e-20
1786739484.6090937,push +Z,fast,1786739470.8001618,-468.87443207587876,-192.13800050178713,716.8219275272768,14.410350037634306,-35.16558240569121,7.077057880982475e-20
1786739484.6370761,push +Z,fast,1786739470.8001618,-466.9841037289798,-187.63221453530196,714.5004752058439,14.072416090147843,-35.023807779673675,6.953496923813727e-20
1786739484.6654184,push +Z,fast,1786739470.8001618,-466.74106542743493,-188.47416236055142,709.7210709955216,14.135562177041773,-35.00557990705784,6.892495935309638e-20
1786739484.6938648,push +Z,fast,1786739470.8001618,-464.1282920064682,-187.28123109878618,704.9578468801865,14.046092332409234,-34.809621900485396,6.880965301775147e-20
1786739484.7251105,push +Z,fast,1786739470.8001618,-463.87267036418325,-186.88222446263205,705.0723627140187,14.016166834697554,-34.7904502773139,6.895044200417294e-20
1786739484.7506907,push +Z,fast,1786739470.8001618,-463.3208741348126,-183.2194427545827,709.679585568846,13.741458206593986,-34.74906556011115,6.881289313683131e-20
1786739484.7790947,push +Z,fast,1786739470.8001618,-463.126047310172,-185.28662512834524,707.8728222531954,13.896496884626199,-34.73445354826308,6.861558402482079e-20
1786739484.807336,push +Z,fast,1786739470.8001618,-462.23454011445483,-185.37969927179472,707.9659839543474,13.903477445384834,-34.66759050858442,6.830119289086574e-20
1786739484.836139,push +Z,fast,1786739470.8001618,-464.2359189596805,-187.27180776506532,710.7096010126579,14.045385582380032,-34.81769392197635,6.879583132586669e-20
1786739484.8644063,push +Z,fast,1786739470.8001618,-465.180559192524,-185.65897704744157,714.5292972487568,13.924423278558361,-34.88854193943946,6.844159099204648e-20
1786739484.8925436,push +Z,fast,1786739470.8001618,-465.58903822583443,-182.59229784446893,715.9068351468277,13.694422338335347,-34.9191778669378,6.847774976699044e-20
1786739484.9218357,push +Z,fast,1786739470.8001618,-464.56254046512186,-182.64088536089912,722.6982706846165,13.698066402067507,-34.84219053488441,6.902822164987014e-20
1786739484.9493916,push +Z,fast,1786739470.8001618,-464.00698604416175,-182.68376038720942,721.3507147983273,13.701282029040772,-34.800523953312506,6.987196363571612e-20
1786739484.9780068,push +Z,fast,1786739470.8001618,-465.5711981449349,-187.22965058051307,728.1791838326435,14.042223793538614,-34.91783986087026,7.102155214035149e-20
1786739485.0063019,push +Z,fast,1786739470.8001618,-467.2816805603761,-187.28746313090062,719.7170307762799,14.046559734817759,-35.0461260420284,6.995780630072868e-20
1786739485.0346603,push +Z,fast,1786739470.8001618,-466.4137867977497,-187.76083138015008,712.8057220840692,14.082062353511386,-34.98103400983154,6.95024827548359e-20
1786739485.0630364,push +Z,fast,1786739470.8001618,-464.7662877068624,-185.70180399633432,701.5093511458945,13.927635299725257,-34.8574715780149,6.828389091276499e-20
1786739485.091394,push +Z,fast,1786739470.8001618,-463.86986622480845,-184.89657588627153,705.7282086911091,13.867243191470475,-34.7902399668609,6.89260489473179e-20
1786739485.1216319,push +Z,fast,1786739470.8001618,-463.6058227928952,-187.20207860603728,704.2920163090312,14.040155895453143,-34.770436709467404,6.892255846040608e-20
1786739485.1482723,push +Z,fast,1786739470.8001618,-462.98233526064314,-186.37675484688612,711.2855492734752,13.978256613516809,-34.723675144548466,6.94530489286626e-20
1786739485.176645,push +Z,fast,1786739470.8001618,-464.00634491092296,-187.22245566730987,715.9700042693421,14.04168417504835,-34.800475868319495,6.965481257930326e-20
1786739485.2051558,push +Z,fast,1786739470.8001618,-461.8005129896965,-183.17226304495045,712.4604058993382,13.737919728371491,-34.63503847422745,6.89453604506717e-20
1786739485.2334838,push +Z,fast,1786739470.8001618,-465.1494375847583,-186.6463736477249,708.46242679846,13.998478023579626,-34.88620781885714,6.901331899188886e-20
1786739485.2617488,push +Z,fast,1786739470.8001618,-465.51801052596284,-186.90498417586048,704.6778946390605,14.017873813189798,-34.91385078944755,6.844673300540308e-20
1786739485.2901828,push +Z,fast,1786739470.8001618,-467.82562095936555,-188.0714774533119,713.9032094900713,14.105360808998615,-35.086921571952544,6.929180001831028e-20
1786739485.318298,push +Z,fast,1786739470.8001618,-464.9253370109386,-184.19820504058077,711.1743444826625,13.814865378043852,-34.869400275820475,6.868973236391944e-20
1786739485.3466632,push +Z,fast,1786739470.8001618,-464.3496527683592,-186.03889154447063,707.3062635275246,13.952916865835501,-34.82622395762728,6.899555788983565e-20
1786739485.3753538,push +Z,fast,1786739470.8001618,-467.0136344893199,-186.9625050768135,706.279913833373,14.022187880761333,-35.02602258669924,6.865519664877023e-20
1786739485.4035802,push +Z,fast,1786739470.8001618,-466.9467747714375,-190.4371171854666,700.0255262805222,14.282783788910255,-35.02100810785808,6.810139387265172e-20
1786739485.4321678,push +Z,fast,1786739470.8001618,-464.2968747657792,-188.77678598146167,693.885226378794,14.158258948609923,-34.82226560743369,6.708138453181908e-20
1786739485.4602363,push +Z,fast,1786739470.8001618,-461.74745351504,-188.79594116392195,691.3086739543023,14.159695587294227,-34.631059013628224,6.646851933849721e-20
1786739485.4887576,push +Z,fast,1786739470.8001618,-460.7209733936088,-187.0108479208401,690.0400987938747,14.025813594063283,-34.554073004520745,6.672680363631323e-20
1786739485.519909,push +Z,fast,1786739470.8001618,-462.24878028264266,-187.5436784296379,694.6638792160647,14.06577588222304,-34.6686585211982,6.740475204924369e-20
1786739485.5455477,push +Z,fast,1786739470.8001618,-464.44430209058237,-186.71695751042205,695.874146887094,14.003771813281741,-34.833322656793975,6.787822482042702e-20
1786739485.5739684,push +Z,fast,1786739470.8001618,-467.6335731446484,-189.33214362732042,700.5175558373439,14.199910772049183,-35.07251798584901,6.822683179618462e-20
1786739485.6022317,push +Z,fast,1786739470.8001618,-468.10799509415847,-189.9766743652375,692.9645228519303,14.248250577393282,-35.10809963206203,6.783195819051764e-20
1786739485.6307075,push +Z,fast,1786739470.8001618,-468.3762202224302,-190.64220828261534,688.9819074854768,14.298165621196329,-35.12821651668248,6.747132410802483e-20
1786739485.6590338,push +Z,fast,1786739470.8001618,-468.113802746715,-190.34722972069767,688.1633859047379,14.276042229052639,-35.108535206003666,6.708642759285044e-20
1786739485.6873279,push +Z,fast,1786739470.8001618,-468.6902693406537,-190.94548833359443,690.601450043212,14.320911625019729,-35.15177020054903,6.735972512784614e-20
1786739485.7176025,push +Z,fast,1786739470.8001618,-467.66759932939476,-194.33619357182363,693.5267481463388,14.575214517886923,-35.07506994970493,6.766214741774851e-20
1786739485.744165,push +Z,fast,1786739470.8001618,-468.7777607732528,-195.1255302871341,690.9657383459562,14.634414771535166,-35.15833205799414,6.737848465622304e-20
1786739485.7730868,push +Z,fast,1786739470.8001618,-470.46948854303355,-197.12762648326373,693.7815476784035,14.784571986245073,-35.28521164072775,6.717712120030933e-20
1786739485.8010952,push +Z,fast,1786739470.8001618,-472.98413838688384,-196.77951235522164,694.5554788430472,14.75846342664192,-35.47381037901651,6.712933639417278e-20
1786739485.8293893,push +Z,fast,1786739470.8001618,-473.64304700807725,-197.18543016325862,695.6810099410759,14.788907262244582,-35.52322852560598,6.745952981866764e-20
1786739485.8576727,push +Z,fast,1786739470.8001618,-471.76550580814546,-196.30230167542538,688.5313894441542,14.722672625656923,-35.38241293561116,6.732259737058432e-20
1786739485.886106,push +Z,fast,1786739470.8001618,-469.4132023800271,-197.4640781319705,680.8670764319122,14.809805859898038,-35.20599017850218,6.731179966701083e-20
1786739485.9172277,push +Z,fast,1786739470.8001618,-469.46754059543673,-196.9404430121789,686.2593434201799,14.770533225913663,-35.210065544658036,6.792353406665209e-20
1786739485.942969,push +Z,fast,1786739470.8001618,-470.34667649632274,-198.73553386097274,687.9281028751448,14.905165039572989,-35.27600073722438,6.813498651678142e-20
1786739485.9714072,push +Z,fast,1786739470.8001618,-471.6431030905046,-197.75696042486072,686.8141267033479,14.831772031864919,-35.373232731788065,6.730423245625815e-20
1786739485.9999347,push +Z,fast,1786739470.8001618,-468.9693698169649,-197.6675640644769,676.1099470681929,14.825067304836029,-35.172702736272605,6.585112430140363e-20
1786739486.0283396,push +Z,fast,1786739470.8001618,-470.2053476285505,-199.96020917391968,673.8006808971695,14.997015688044225,-35.26540107214151,6.561546481052327e-20
1786739486.056615,push +Z,fast,1786739470.8001618,-469.2753671860514,-201.28962705483582,677.9670232791086,15.096722029112744,-35.19565253895414,6.622706997914581e-20
1786739486.0852165,push +Z,fast,1786739470.8001618,-470.9811941286225,-203.9608065459296,687.7655394008261,15.297060490944862,-35.32358955964703,6.723916854554662e-20
1786739486.1134956,push +Z,fast,1786739470.8001618,-470.4932720227803,-203.02427088033016,696.979624062179,15.226820316024853,-35.286995401708694,6.758723362902732e-20
1786739486.1416156,push +Z,fast,1786739470.8001618,-469.6911717516896,-202.275402787987,698.1945371836837,15.17065520909912,-35.22683788137679,6.767217605724028e-20
1786739486.1702037,push +Z,fast,1786739470.8001618,-469.49602068414197,-199.5977364474162,690.4436668592198,14.969830233556447,-35.212201551310805,6.711346728565387e-20
1786739486.1986845,push +Z,fast,1786739470.8001618,-469.3848478303771,-201.0649836544959,682.6600297186469,15.079873774087421,-35.2038635872783,6.696202634011115e-20
1786739486.226885,push +Z,fast,1786739470.8001618,-469.2277542349143,-200.5269689377908,675.029783669379,15.039522670334552,-35.1920815676187,6.647378904413962e-20
1786739486.2551844,push +Z,fast,1786739470.8001618,-469.7398842951616,-204.71791524577372,679.2630133692855,15.35384364343334,-35.2304913221373,6.684353707921918e-20
1786739486.2836766,push +Z,fast,1786739470.8001618,-471.1253260714725,-205.95583307312802,681.1250619271204,15.446687480484808,-35.334399455360426,6.665779206076098e-20
1786739486.3123221,push +Z,fast,1786739470.8001618,-473.6994141773248,-207.56122649559154,686.5071848426687,15.567091987169608,-35.527456063299596,6.676363780285113e-20
1786739486.3406236,push +Z,fast,1786739470.8001618,-472.36708053077564,-208.8362858084755,679.3139993287905,15.66272143563597,-35.427531039808365,6.653699692922443e-20
1786739486.3691924,push +Z,fast,1786739470.8001618,-470.6144568604036,-203.90504630932935,681.711787159823,15.292878473199703,-35.296084264530634,6.622357893901312e-20
1786739486.3976502,push +Z,fast,1786739470.8001618,-470.8528077784531,-203.49042252331594,681.8870383872609,15.261781689249052,-35.31396058338421,6.632628159502574e-20
1786739486.425696,push +Z,fast,1786739470.8001618,-471.7568405778252,-201.38349703167933,685.5796850035067,15.103762277376152,-35.3817630433372,6.641166749671475e-20
1786739486.4541702,push +Z,fast,1786739470.8001618,-473.43336843141014,-203.00360650859307,685.8466697057747,15.225270488144677,-35.507502632356,6.709269325261824e-20
1786739486.4825156,push +Z,fast,1786739470.8001618,-471.0891545774284,-205.50860210630003,682.3205400724,15.413145157972831,-35.33168659330727,6.692398932786707e-20
1786739486.5109942,push +Z,fast,1786739470.8001618,-472.89496469211326,-205.5426611466654,686.7746352843496,15.415699586000148,-35.467122351908735,6.707319801426662e-20
1786739486.5392857,push +Z,fast,1786739470.8001618,-472.89501230708856,-208.47492527822885,684.7059150381065,15.63561939586737,-35.46712592303193,6.715593666966752e-20
1786739486.5678372,push +Z,fast,1786739470.8001618,-474.60375757365546,-204.75822168884633,683.7701238995451,15.356866626663635,-35.59528181802415,6.697322999493587e-20
1786739486.596036,push +Z,fast,1786739470.8001618,-473.40580194675886,-206.17075944431883,686.4334066894189,15.462806958324169,-35.50543514600707,6.723519275517062e-20
1786739486.6246293,push +Z,fast,1786739470.8001618,-472.8095873059997,-204.55404972268093,686.5521297746473,15.341553729201276,-35.46071904795041,6.700062327916445e-20
1786739486.6532817,push +Z,fast,1786739470.8001618,-470.0619080144893,-206.11477298770853,681.2168338654519,15.458607974078316,-35.254643101087005,6.645512369146584e-20
1786739486.6812017,push +Z,fast,1786739470.8001618,-470.35164292318314,-208.24350656206525,673.5331776489384,15.618262992155191,-35.276373219238984,6.604221296882556e-20
1786739486.7097826,push +Z,fast,1786739470.8001618,-469.5435560803835,-206.91185089578448,672.6563632765228,15.518388817184192,-35.21576670602903,6.549352429048853e-20
1786739486.7381349,push +Z,fast,1786739470.8001618,-473.927712411783,-208.71673692798174,689.1361297507237,15.6537552695989,-35.54457843088394,6.701966597884445e-20
1786739486.7669754,push +Z,fast,1786739470.8001618,-474.0674588280817,-206.82975257138662,690.4565563042797,15.512231442854269,-35.55505941210654,6.709822591897336e-20
1786739486.7949133,push +Z,fast,1786739470.8001618,-476.1066452395762,-208.55785261713743,692.5379624450043,15.641838946285414,-35.70799839296822,6.751652397576972e-20
1786739486.8233736,push +Z,fast,1786739470.8001618,-473.164029935841,-207.67556704928086,683.0685168269483,15.575667528696275,-35.48730224518828,6.69418868616207e-20
1786739486.851943,push +Z,fast,1786739470.8001618,-473.068602876122,-209.39329658964925,681.7282967569054,15.704497244223884,-35.48014521570928,6.742898630228494e-20
1786739486.8799357,push +Z,fast,1786739470.8001618,-473.1064299885056,-210.2978747538997,685.8242076508332,15.772340606542844,-35.482982249138125,6.780607504850081e-20
1786739486.9086747,push +Z,fast,1786739470.8001618,-474.05813784763586,-211.60094629981563,683.5834251749448,15.87007097248637,-35.55436033857295,6.758426161358888e-20
1786739486.9373348,push +Z,fast,1786739470.8001618,-475.30695350199176,-211.16858990981905,694.7095677332063,15.837644243236642,-35.648021512649606,6.799633454546489e-20
1786739486.9655068,push +Z,fast,1786739470.8001618,-474.56996326614353,-210.99155913755067,684.7254118245382,15.82436693531648,-35.592747244961025,6.674769875886986e-20
1786739486.9938164,push +Z,fast,1786739470.8001618,-474.6194008087109,-210.33434282554606,684.6552051817425,15.775075711916227,-35.59645506065347,6.671100049854124e-20
1786739487.0220988,push +Z,fast,1786739470.8001618,-473.8615319035698,-210.84512487451093,672.1875429508573,15.8133843655886,-35.539614892768,6.584704867309711e-20
1786739487.0509481,push +Z,fast,1786739470.8001618,-472.6332631261794,-210.2726315005924,669.5509445863845,15.77044736254459,-35.447494734463504,6.559077304440906e-20
1786739487.0790532,push +Z,fast,1786739470.8001618,-472.1681785072442,-211.6903173217146,673.1291061846814,15.876773799128639,-35.41261338804356,6.615808805052423e-20
1786739487.1101086,push +Z,fast,1786739470.8001618,-470.6519163526723,-209.66064538255125,670.9173319765741,15.72454840369149,-35.29889372645047,6.548619904533936e-20
1786739487.1358428,push +Z,fast,1786739470.8001618,-472.5419468798932,-210.7603282268176,680.0398043097875,15.807024617011475,-35.44064601599224,6.693308811264674e-20
1786739487.16402,push +Z,fast,1786739470.8001618,-473.5471110275448,-209.32488727748887,684.5243718041957,15.69936654581188,-35.51603332706604,6.688896330340449e-20
1786739487.1925726,push +Z,fast,1786739470.8001618,-475.7240767457806,-212.71496266986048,688.1290337817654,15.953622200239845,-35.679305755933655,6.754434967650436e-20
1786739487.2207944,push +Z,fast,1786739470.8001618,-472.9647441562929,-211.4373377415685,673.6764504748453,15.857800330617923,-35.47235581172224,6.638836136878052e-20
1786739487.249075,push +Z,fast,1786739470.8001618,-472.51615466538533,-211.84235485505872,668.2957802797619,15.88817661412956,-35.43871159990411,6.58371618211019e-20
1786739487.2776208,push +Z,fast,1786739470.8001618,-471.07651817991655,-209.69093272441933,667.5751512493916,15.72681995433165,-35.330738863494105,6.553708021892283e-20
1786739487.3081956,push +Z,fast,1786739470.8001618,-474.8839322672643,-210.7505348544421,680.49277398092,15.806290114083392,-35.616294920044965,6.622516576192444e-20
1786739487.334613,push +Z,fast,1786739470.8001618,-475.60412646443956,-210.1102254226994,682.8253181206255,15.758266906702676,-35.670309484833204,6.629541976006563e-20
1786739487.362855,push +Z,fast,1786739470.8001618,-477.15554548651426,-212.53145914931258,679.3371222071955,15.939859436198692,-35.786665911488775,6.65733093191168e-20
1786739487.3914096,push +Z,fast,1786739470.8001618,-475.34529675291014,-211.9288862082317,674.8617391022008,15.894666465617693,-35.65089725646839,6.596889636890028e-20
1786739487.4195685,push +Z,fast,1786739470.8001618,-473.9620673009631,-214.19768210875168,668.1998900754161,16.064826158156396,-35.54715504757241,6.63540673659082e-20
1786739487.4477875,push +Z,fast,1786739470.8001618,-472.6965420578572,-209.2211048263748,668.8584751392764,15.691582861978379,-35.45224065433955,6.562359783449311e-20
1786739487.4764168,push +Z,fast,1786739470.8001618,-470.7941737828078,-211.2401387920811,669.9291079588784,15.8430104094063,-35.30956303371071,6.585060680659089e-20
1786739487.5060194,push +Z,fast,1786739470.8001618,-471.5704452736363,-209.61514360460137,675.4779276329982,15.72113577034543,-35.36778339552282,6.557348361999076e-20
1786739487.5331109,push +Z,fast,1786739470.8001618,-472.409093580085,-212.86449895454894,680.9724052727106,15.964837421591458,-35.43068201850659,6.603679221421563e-20
1786739487.5616095,push +Z,fast,1786739470.8001618,-473.1459348169051,-208.21285141321403,687.6882465302069,15.615963855991335,-35.485945111268066,6.638909004339131e-20
1786739487.5899749,push +Z,fast,1786739470.8001618,-474.43919845524397,-208.43155690311585,684.9970705629821,15.63236676773393,-35.58293988414332,6.621730194452697e-20
1786739487.618269,push +Z,fast,1786739470.8001618,-470.99821108692004,-207.76989966094663,673.3350815270296,15.58274247457123,-35.32486583151915,6.629361147810991e-20
1786739487.6467795,push +Z,fast,1786739470.8001618,-471.67757670984565,-210.5302639111785,665.3532229661014,15.789769793338753,-35.3758182532386,6.59890347202616e-20
1786739487.6751614,push +Z,fast,1786739470.8001618,-470.4224899073347,-210.2119538730634,671.3989369668689,15.765896540479748,-35.28168674305035,6.628932394160025e-20
1786739487.7052372,push +Z,fast,1786739470.8001618,-472.93162473045277,-209.46913304657755,680.4994529580044,15.710184978493505,-35.46987185478427,6.635991809610828e-20
1786739487.7319183,push +Z,fast,1786739470.8001618,-472.91231231345637,-206.6895720370767,683.0652861058334,15.501717902781092,-35.46842342350951,6.633380265069762e-20
1786739487.7603848,push +Z,fast,1786739470.8001618,-472.5667711862884,-204.67083022047302,679.8423754106998,15.350312266535742,-35.442507838971835,6.641642360754562e-20
1786739487.788837,push +Z,fast,1786739470.8001618,-472.3888895342793,-204.64321108220372,674.9374206116581,15.348240831165665,-35.4291667150711,6.596173160213355e-20
1786739487.817785,push +Z,fast,1786739470.8001618,-471.78786940048394,-206.70991214539708,668.4592924925801,15.503243410905153,-35.384090205036436,6.592367599591177e-20
1786739487.845493,push +Z,fast,1786739470.8001618,-473.7517425981596,-210.11036832320485,667.857359189923,15.758277624240659,-35.53138069486223,6.577118113126261e-20
1786739487.8737996,push +Z,fast,1786739470.8001618,-473.6977416217246,-210.03220452832352,674.8642161961443,15.752415339624445,-35.52733062162945,6.640398975288391e-20
1786739487.903208,push +Z,fast,1786739470.8001618,-474.45779710275247,-209.72068459071522,685.6430470973528,15.72905134430398,-35.584334782706655,6.683151298474038e-20
1786739487.9307392,push +Z,fast,1786739470.8001618,-473.69092158617013,-210.01812682486423,685.4405382854538,15.7513595118651,-35.52681911896297,6.692936862114661e-20
1786739487.959248,push +Z,fast,1786739470.8001618,-475.031105840701,-211.89395001793605,686.9867646118246,15.892046251345466,-35.62733293805259,6.699814141565893e-20
1786739487.9875438,push +Z,fast,1786739470.8001618,-471.632433976426,-210.4938676163623,675.5367633687592,15.787040071227384,-35.372432548232084,6.612031666684292e-20
1786739488.0160418,push +Z,fast,1786739470.8001618,-471.4652957944859,-208.40800375886022,675.9468394959167,15.63060028191472,-35.359897184586664,6.625066225120546e-20
1786739488.0440483,push +Z,fast,1786739470.8001618,-470.2856358053059,-207.66763342379477,669.7023307545705,15.575072506784895,-35.2714226853981,6.593829103969172e-20
1786739488.072468,push +Z,fast,1786739470.8001618,-472.97071194399587,-209.90849941088334,673.9131795701933,15.743137455816456,-35.47280339579988,6.664321472131503e-20
1786739488.1029696,push +Z,fast,1786739470.8001618,-471.038387788637,-209.4415490496409,673.5741322551448,15.708116178723262,-35.32787908414793,6.616302558699354e-20
1786739488.1293514,push +Z,fast,1786739470.8001618,-471.2567501490257,-208.91270290359068,679.5273607848749,15.668452717769565,-35.3442562611773,6.609841406954322e-20
1786739488.1579013,push +Z,fast,1786739470.8001618,-472.8593023691328,-208.84114434533763,685.6744400682537,15.663085825900499,-35.46444767768524,6.628753020473856e-20
1786739488.1862583,push +Z,fast,1786739470.8001618,-473.15986468800884,-210.3131089074817,680.2985824847301,15.773483168061286,-35.48698985160088,6.634418542314059e-20
1786739488.2143948,push +Z,fast,1786739470.8001618,-472.3256050799182,-208.7842995775062,676.2123295529245,15.658822468313364,-35.424420380993915,6.628627787385818e-20
1786739488.242886,push +Z,fast,1786739470.8001618,-471.75649194642483,-207.09353738035384,675.6591963224773,15.532015303526773,-35.38173689598211,6.610450866249575e-20
1786739488.2711995,push +Z,fast,1786739470.8001618,-473.35650402133115,-205.09636150170684,683.6466207967906,15.382227112628325,-35.501737801599916,6.63721044165001e-20
1786739488.3011332,push +Z,fast,1786739470.8001618,-474.8184693183007,-206.0491323880657,687.3491955950785,15.453684929105176,-35.61138519887288,6.679883981772786e-20
1786739488.3281362,push +Z,fast,1786739470.8001618,-474.1047405282011,-205.65665336036113,688.5931659918215,15.424249002027292,-35.55785553961537,6.669926535584801e-20
1786739488.356358,push +Z,fast,1786739470.8001618,-474.26090591101683,-207.5238014711524,686.7323127329155,15.564285110336716,-35.569567943326525,6.646556210191842e-20
1786739488.384669,push +Z,fast,1786739470.8001618,-473.7550903162537,-205.73128833896556,690.4496941369098,15.429846625422723,-35.53163177371916,6.660358785293802e-20
1786739488.4130769,push +Z,fast,1786739470.8001618,-472.6219777269407,-206.3772491200666,684.3078282149681,15.478293684005248,-35.44664832952063,6.625881647655544e-20
1786739488.4414403,push +Z,fast,1786739470.8001618,-473.4219499861092,-206.623070996273,690.746772623892,15.496730324720804,-35.50664624895851,6.652637184055528e-20
1786739488.4700277,push +Z,fast,1786739470.8001618,-473.61603423013,-208.81762664620862,689.7360535812732,15.661321998465947,-35.521202567259984,6.631240393292846e-20
1786739488.4992673,push +Z,fast,1786739470.8001618,-475.293295464478,-209.06536265122224,694.4036466854104,15.679902198841848,-35.64699715983607,6.6681478843026e-20
1786739488.5269434,push +Z,fast,1786739470.8001618,-473.3669094162001,-207.49513568465807,692.4212003426455,15.562135176349418,-35.502518206215115,6.689103341677519e-20
1786739488.5553463,push +Z,fast,1786739470.8001618,-474.0114152579031,-208.3713502563229,690.7462248999573,15.62785126922429,-35.55085614434284,6.682211478337949e-20
1786739488.5837164,push +Z,fast,1786739470.8001618,-473.35060638291134,-208.60628910442324,686.5901033067548,15.645471682831957,-35.501295478718504,6.674357527710903e-20
1786739488.6120877,push +Z,fast,1786739470.8001618,-472.6696333571126,-208.46516255168626,676.1146773846513,15.634887191376873,-35.45022250178354,6.663549823828803e-20
1786739488.640359,push +Z,fast,1786739470.8001618,-470.1214038468388,-207.61754058733106,673.8284918190311,15.571315544050133,-35.259105288513105,6.650396191782354e-20
1786739488.6686478,push +Z,fast,1786739470.8001618,-469.7151591036436,-205.9034692511642,677.7643638068139,15.442760193837746,-35.228636932773405,6.647045446704258e-20
1786739488.697262,push +Z,fast,1786739470.8001618,-471.21677320195704,-206.68748348846668,687.3303452640539,15.501561261635228,-35.341257990146936,6.657409194791109e-20
1786739488.7254207,push +Z,fast,1786739470.8001618,-471.89224500227465,-206.89665873100034,681.910966551105,15.517249404825325,-35.39191837517092,6.692723018162138e-20
1786739488.753912,push +Z,fast,1786739470.8001618,-475.00929969838353,-208.57589079651962,685.1145021889379,15.64319180973926,-35.625697477378935,6.72804538799434e-20
1786739488.7822487,push +Z,fast,1786739470.8001618,-473.65562519158857,-205.80520960774277,679.8889464828881,15.435390720580859,-35.52417188936928,6.610100081416789e-20
1786739488.8105195,push +Z,fast,1786739470.8001618,-472.28118109751404,-202.29778529163957,677.151365656845,15.172333896873166,-35.42108858231374,6.527288611749175e-20
1786739488.8387818,push +Z,fast,1786739470.8001618,-470.08080964529336,-201.35340936933824,675.8111480068728,15.10150570270051,-35.25606072339718,6.526404239228698e-20
1786739488.867325,push +Z,fast,1786739470.8001618,-467.9810550063239,-203.18130076478144,675.8418009593088,15.23859755735894,-35.09857912547458,6.556754434249003e-20
1786739488.8985186,push +Z,fast,1786739470.8001618,-469.5088616975886,-205.27614182755588,680.6707743710776,15.39571063706688,-35.21316462731946,6.570688374708556e-20
1786739488.924123,push +Z,fast,1786739470.8001618,-469.27450590696844,-205.8148359922793,678.0731241328449,15.43611269942107,-35.19558794302284,6.558705489425336e-20
1786739488.952728,push +Z,fast,1786739470.8001618,-470.30748310846684,-205.19666536772218,679.1499085638161,15.389749902579464,-35.273061233135245,6.628279995639189e-20
1786739488.980755,push +Z,fast,1786739470.8001618,-469.66266937367436,-204.19138005665673,677.7145855797453,15.314353504249542,-35.224700203025634,6.582572843218021e-20
1786739489.0093193,push +Z,fast,1786739470.8001618,-468.6829170833598,-204.80429185941637,671.8780265445112,15.360321889456646,-35.15121878125213,6.570684878307052e-20
1786739489.037535,push +Z,fast,1786739470.8001618,-470.70788938814985,-207.2385772367603,673.4933405489792,15.54289329275731,-35.303091704111466,6.582346476873815e-20
1786739489.0659065,push +Z,fast,1786739470.8001618,-470.22728403832707,-210.04498113577586,674.1525059279011,15.75337358518357,-35.267046302874675,6.661737003940274e-20
1786739489.0954158,push +Z,fast,1786739470.8001618,-471.1446487641356,-211.64974384584514,679.7886392566288,15.87373078843871,-35.33584865731045,6.692576628449606e-20
1786739489.1227448,push +Z,fast,1786739470.8001618,-470.68961983160716,-210.5587335269197,679.4029583009651,15.791905014519369,-35.3017214873707,6.677326325599502e-20
1786739489.1514335,push +Z,fast,1786739470.8001618,-470.97352293703216,-206.7121062468849,681.1391580733916,15.503407968516708,-35.323014220277585,6.68866792847997e-20
1786739489.179572,push +Z,fast,1786739470.8001618,-472.4255547237076,-206.4988842915235,686.3715556537818,15.487416321864554,-35.4319166042784,6.73749023643643e-20
1786739489.2077687,push +Z,fast,1786739470.8001618,-471.113468474804,-207.88547290274153,678.2693038147445,15.591410467705831,-35.33351013561055,6.698621714215072e-20
1786739489.2363625,push +Z,fast,1786739470.8001618,-473.03424595879324,-209.31089129050258,683.4120894352736,15.69831684678795,-35.47756844690957,6.712541889343348e-20
1786739489.2648,push +Z,fast,1786739470.8001618,-472.23017339030366,-206.68422197182304,677.3728903951314,15.501316647887041,-35.41726300427298,6.675008325102109e-20
1786739489.2974164,push +Z,fast,1786739470.8001618,-474.7401461541058,-204.51293647064108,686.8092762121705,15.338470235298335,-35.60551096155817,6.71321984451084e-20
1786739489.3217058,push +Z,fast,1786739470.8001618,-474.022520948256,-206.89109762304486,683.8814612856204,15.51683232172866,-35.55168907111924,6.688705083434194e-20
1786739489.3500464,push +Z,fast,1786739470.8001618,-473.1811250684277,-208.5075674101446,684.2094541896249,15.638067555761072,-35.48858438013228,6.680839851887895e-20
1786739489.3782694,push +Z,fast,1786739470.8001618,-470.93569781434917,-210.57771501933155,683.5068286653968,15.793328626450059,-35.32017733607647,6.70709582223079e-20
1786739489.406892,push +Z,fast,1786739470.8001618,-469.90033341499884,-205.49631664310766,683.3313600414258,15.412223748233405,-35.242525006125156,6.714798270110097e-20
1786739489.4350877,push +Z,fast,1786739470.8001618,-469.3322621802722,-202.19209226977887,678.9743686505954,15.164406920233592,-35.19991966352055,6.682698991773634e-20
1786739489.463812,push +Z,fast,1786739470.8001618,-471.1512276779222,-201.10095949772438,680.1088904695534,15.08257196232967,-35.33634207584418,6.692406799198867e-20
1786739489.4939253,push +Z,fast,1786739470.8001618,-471.9671630000589,-203.81514277882184,684.2852383927811,15.286135708411887,-35.39753722500451,6.752642153944995e-20
1786739489.5203967,push +Z,fast,1786739470.8001618,-472.34158777059065,-206.35256138463637,690.3394676572798,15.476442103847969,-35.42561908279443,6.761147789765558e-20
1786739489.5487227,push +Z,fast,1786739470.8001618,-469.67052465403003,-205.32216736358475,685.2362066698597,15.399162552269107,-35.22528934905238,6.713499995094644e-20
1786739489.5771348,push +Z,fast,1786739470.8001618,-468.90487097244977,-206.04948647335584,678.9037561491068,15.453711485501874,-35.16786532293391,6.636601751364186e-20
1786739489.6055887,push +Z,fast,1786739470.8001618,-468.1982776025702,-205.94784830437015,673.7421669336782,15.44608862282806,-35.114870820192884,6.63675557026718e-20
1786739489.6339056,push +Z,fast,1786739470.8001618,-468.78009249191064,-208.79662467231822,673.0914836211841,15.659746850424188,-35.15850693689358,6.612850301411544e-20
1786739489.6621556,push +Z,fast,1786739470.8001618,-468.5987713718264,-207.2557321681836,671.4582704564309,15.544179912613924,-35.144907852887165,6.585030827771278e-20
1786739489.693946,push +Z,fast,1786739470.8001618,-470.000932559205,-207.99653069229532,680.287030146309,15.599739801922478,-35.250069941940446,6.622683670221375e-20
1786739489.7192292,push +Z,fast,1786739470.8001618,-470.24018572103205,-205.41002095174554,681.8696682774444,15.40575157138117,-35.26801392907743,6.675044757218127e-20
1786739489.7475564,push +Z,fast,1786739470.8001618,-470.98668474725855,-206.30556695650023,682.4505621616745,15.472917521737681,-35.32400135604452,6.703353454928667e-20
1786739489.7759998,push +Z,fast,1786739470.8001618,-473.13035654590203,-206.9665572871271,679.2209586822119,15.52249179653477,-35.48477674094264,6.690118044557178e-20
1786739489.8042963,push +Z,fast,1786739470.8001618,-473.864678007606,-210.20791151382548,676.9555131707348,15.765593363537118,-35.53985085057058,6.627820832802547e-20
1786739489.8329453,push +Z,fast,1786739470.8001618,-474.12845818199685,-211.82797196406239,676.3523491853493,15.887097897305086,-35.55963436364984,6.565928388290884e-20
1786739489.8611379,push +Z,fast,1786739470.8001618,-471.1956859886891,-211.131524789364,678.8079639169391,15.83486435920251,-35.339676449151916,6.604049608099501e-20
1786739489.8919868,push +Z,fast,1786739470.8001618,-467.87471279620195,-205.32499708866885,671.6852374363607,15.39937478165049,-35.0906034597153,6.54875132048152e-20
1786739489.9179065,push +Z,fast,1786739470.8001618,-468.0657221754004,-203.2076521894321,675.0310184898199,15.240573914207683,-35.104929163155255,6.675216480281059e-20
1786739489.946239,push +Z,fast,1786739470.8001618,-468.575721090308,-203.6335262177496,662.022188397943,15.272514466331526,-35.14317908177336,6.604830216493499e-20
1786739489.9749236,push +Z,fast,1786739470.8001618,-471.74468752581015,-205.6001882965753,668.2197567906296,15.420014122243398,-35.38085156443604,6.679227304057133e-20
1786739490.0032725,push +Z,fast,1786739470.8001618,-472.5781924844064,-208.38459729238787,659.4471449031062,15.62884479692929,-35.443364436330654,6.66613057592349e-20
1786739490.0314295,push +Z,fast,1786739470.8001618,-475.590307509151,-210.4126892453321,670.3031907299037,15.780951693400116,-35.66927306318648,6.726307807215004e-20
1786739490.0599222,push +Z,fast,1786739470.8001618,-476.834349882733,-213.68141815792535,680.8655758643699,16.026106361844672,-35.762576241205196,6.783425345989701e-20
1786739490.0899434,push +Z,fast,1786739470.8001618,-475.9175320798681,-213.87372951944315,682.5974020874419,16.040529713958488,-35.69381490599018,6.755123331964897e-20
1786739490.1166832,push +Z,fast,1786739470.8001618,-473.9075352183504,-212.9045960479309,691.6861477899256,15.967844703594967,-35.543065141376466,6.755784443768781e-20
1786739490.1451702,push +Z,fast,1786739470.8001618,-475.203562515921,-212.1881191553258,687.5904923960416,15.91410893664963,-35.6402671886942,6.756489345582452e-20
1786739490.173566,push +Z,fast,1786739470.8001618,-476.9003885367533,-211.8823356697543,694.2966988595854,15.891175175231783,-35.76752914025657,6.731681587166999e-20
1786739490.2017841,push +Z,fast,1786739470.8001618,-477.9049132931041,-208.83838506883876,682.3797428460839,15.66287888016318,-35.84286849698297,6.634802618626832e-20
1786739490.230244,push +Z,fast,1786739470.8001618,-473.5063273446958,-209.75189932753256,676.4941839542753,15.731392449565394,-35.512974550852256,6.536826372447275e-20
1786739490.2597682,push +Z,fast,1786739470.8001618,-472.1573512871282,-211.3186499454912,674.6989444132032,15.848898745911956,-35.41180134653474,6.588523733021001e-20
1786739490.2870274,push +Z,fast,1786739470.8001618,-471.2782472658164,-216.58158555642115,669.9427991499233,16.243618916731908,-35.345868544936515,6.62277560907394e-20
1786739490.3154907,push +Z,fast,1786739470.8001618,-473.7962879295128,-215.56126108325236,672.6413458833385,16.167094581244218,-35.534721594713645,6.68027111233304e-20
1786739490.3436923,push +Z,fast,1786739470.8001618,-473.8898854913318,-214.4905496420712,675.7068202129585,16.08679122315566,-35.54174141184991,6.651146238843521e-20
1786739490.3720515,push +Z,fast,1786739470.8001618,-474.2859136047655,-209.68134700010853,680.7721938447257,15.726101025008294,-35.57144352035759,6.677162959092866e-20
1786739490.4005141,push +Z,fast,1786739470.8001618,-475.4563140925943,-206.8757788252816,684.8587744528495,15.515683411896251,-35.65922355694478,6.68906634343214e-20
1786739490.4289663,push +Z,fast,1786739470.8001618,-473.05948885077805,-204.03726928373385,681.052554181616,15.302795196280346,-35.479461663808465,6.611248001801195e-20
1786739490.457387,push +Z,fast,1786739470.8001618,-470.6749421181303,-205.2481487523163,678.3828017825463,15.393611156423969,-35.30062065885996,6.678809245161525e-20
1786739490.4856856,push +Z,fast,1786739470.8001618,-468.87846382127555,-206.44539568314224,671.1595866523066,15.483404676235875,-35.165884786595846,6.615500012912955e-20
1786739490.514539,push +Z,fast,1786739470.8001618,-472.8083267866741,-205.50621615912496,683.4797904012248,15.412966211934648,-35.46062450900068,6.746861439771794e-20
1786739490.5425315,push +Z,fast,1786739470.8001618,-475.28822030169385,-203.5813693041074,682.233901030485,15.268602697808351,-35.64661652262718,6.605633671032205e-20
1786739490.5711105,push +Z,fast,1786739470.8001618,-477.78276543873517,-203.46530188169982,690.1914323027286,15.259897641127733,-35.833707407905244,6.639788804588666e-20
1786739490.599307,push +Z,fast,1786739470.8001618,-477.6055425982481,-205.3028629839256,691.1841310794653,15.397714723794746,-35.82041569486871,6.656805956529095e-20
1786739490.6276007,push +Z,fast,1786739470.8001618,-476.2507113121492,-205.6529317306696,697.6222351650431,15.423969879800513,-35.71880334841141,6.731007875044964e-20
1786739490.6563148,push +Z,fast,1786739470.8001618,-473.98720893709924,-206.69184877141868,695.259728756072,15.501888657856785,-35.54904067028262,6.801212212558981e-20
1786739490.6846917,push +Z,fast,1786739470.8001618,-471.085668981912,-205.6971817040129,687.6667066278369,15.427288627801271,-35.33142517364345,6.691636655866572e-20
1786739490.7129576,push +Z,fast,1786739470.8001618,-470.8758432087152,-207.97649150345774,688.6207002748588,15.598236862759673,-35.31568824065373,6.723090923286556e-20
1786739490.7414138,push +Z,fast,1786739470.8001618,-471.0675885916703,-206.81274108357718,685.2544475237482,15.510955581268558,-35.33006914437536,6.656799905936216e-20
1786739490.76976,push +Z,fast,1786739470.8001618,-471.1612618914678,-206.7065205007824,688.2715385330375,15.502989037558901,-35.337094641860375,6.714392092060236e-20
1786739490.7983885,push +Z,fast,1786739470.8001618,-471.4462990495854,-208.62523330441024,686.9588611743502,15.646892497831086,-35.35847242871904,6.696132271837446e-20
1786739490.8263342,push +Z,fast,1786739470.8001618,-472.3290233989874,-209.0696268341236,685.7651206522014,15.680222012559543,-35.42467675492408,6.739107628567255e-20
1786739490.855021,push +Z,fast,1786739470.8001618,-472.95771366015515,-213.52963673485237,680.8194073278182,16.014722755114118,-35.4718285245118,6.750608715795827e-20
1786739490.88308,push +Z,fast,1786739470.8001618,-471.1740334856195,-210.67228897139455,675.9376636312145,15.800421672854785,-35.33805251142168,6.691192011291184e-20
1786739490.9114466,push +Z,fast,1786739470.8001618,-472.7035876292257,-210.9151323841644,684.665264221594,15.818634928812724,-35.45276907219214,6.726384040098e-20
1786739490.9398515,push +Z,fast,1786739470.8001618,-475.5973822943047,-209.07219457886083,694.5552556976472,15.680414593414884,-35.669803672073314,6.795866560649879e-20
1786739490.968382,push +Z,fast,1786739470.8001618,-477.1832592292103,-209.15637407560632,694.9840302140474,15.686728055670581,-35.788744442191025,6.804489548837304e-20
1786739490.9968643,push +Z,fast,1786739470.8001618,-474.7338847969595,-210.22064458244813,689.7188794988288,15.76654834368394,-35.60504135977205,6.777888309992695e-20
1786739491.0252197,push +Z,fast,1786739470.8001618,-471.9638772947769,-211.78067577683112,673.9831717082161,15.883550683262424,-35.39729079710853,6.671088866204666e-20
1786739491.0536864,push +Z,fast,1786739470.8001618,-472.11850300059496,-212.49187512969695,673.0975171190703,15.936890634727423,-35.408887725044856,6.754949563907391e-20
1786739491.0821521,push +Z,fast,1786739470.8001618,-472.3154214015408,-211.07791330413625,672.7218600773931,15.830843497810587,-35.423656605115596,6.725952697788967e-20
1786739491.11052,push +Z,fast,1786739470.8001618,-472.39629899102783,-206.38788711672225,677.9580919839955,15.479091533754303,-35.429722424327224,6.700736540187994e-20
1786739491.1389396,push +Z,fast,1786739470.8001618,-471.45452776907223,-205.32886882891842,676.0810261303877,15.399665162169097,-35.359089582680596,6.579044186601088e-20
1786739491.1670845,push +Z,fast,1786739470.8001618,-470.81021589178135,-205.78036396029268,674.6309798515949,15.433527297022042,-35.31076619188373,6.613779380176845e-20
1786739491.1954188,push +Z,fast,1786739470.8001618,-469.1697526426906,-205.06276630670743,668.4945881014337,15.379707473003233,-35.187731448201944,6.566365154244543e-20
1786739491.2238436,push +Z,fast,1786739470.8001618,-469.7959112483227,-203.14492902493907,672.3104688200001,15.235869676870802,-35.23469334362455,6.638756131973841e-20
1786739491.2528582,push +Z,fast,1786739470.8001618,-471.45400058934047,-202.66902932727078,673.1565277307991,15.200177199545674,-35.35905004420071,6.553924083439834e-20
1786739491.280782,push +Z,fast,1786739470.8001618,-472.8961040459585,-203.96629969333537,680.5432946781948,15.297472477000316,-35.46720780344715,6.622385120676832e-20
1786739491.308966,push +Z,fast,1786739470.8001618,-473.83749952662765,-206.88986061252433,686.3070067813724,15.516739545939632,-35.53781246449728,6.633521820299977e-20
1786739491.3374178,push +Z,fast,1786739470.8001618,-472.37472419938376,-203.5048953510293,696.4077663518829,15.262867151327601,-35.42810431495401,6.686216326297821e-20
1786739491.3658328,push +Z,fast,1786739470.8001618,-471.1125827601313,-203.15410768052357,692.6571987683647,15.236558076039469,-35.333443707009955,6.662906881744673e-20
1786739491.394258,push +Z,fast,1786739470.8001618,-470.7719229620907,-202.18275205029454,689.3427800136596,15.163706403772398,-35.307894222157,6.697610307351129e-20
1786739491.4225512,push +Z,fast,1786739470.8001618,-469.8017506067322,-206.88602772318018,677.0999751249992,15.516452079238778,-35.23513129550504,6.643323951580903e-20
1786739491.4510648,push +Z,fast,1786739470.8001618,-471.9005441866716,-208.55824218798728,679.564433973932,15.641868164099325,-35.39254081400067,6.637027885209502e-20
1786739491.4808643,push +Z,fast,1786739470.8001618,-472.43317139876854,-208.51641262637372,681.0409208990905,15.638730946978303,-35.432487854907855,6.593234748360935e-20
1786739491.507689,push +Z,fast,1786739470.8001618,-472.90790697753346,-205.0059050328084,687.3936039709788,15.37544287746081,-35.46809302331513,6.662909851435577e-20
1786739491.5360909,push +Z,fast,1786739470.8001618,-472.6100693018275,-205.08731711474786,686.9700662063024,15.381548783606252,-35.44575519763733,6.71999442009585e-20
1786739491.564624,push +Z,fast,1786739470.8001618,-471.56983926003113,-206.41288295972163,682.0619497560156,15.480966221979326,-35.36773794450273,6.6633856310959e-20
1786739491.5929582,push +Z,fast,1786739470.8001618,-473.3121576568851,-207.869544662424,680.6240527979617,15.590215849682128,-35.49841182426643,6.624719179510406e-20
1786739491.6214302,push +Z,fast,1786739470.8001618,-473.9406228399457,-209.89390144280435,680.6780843606557,15.7420426082105,-35.54554671299617,6.617455979947767e-20
1786739491.6498623,push +Z,fast,1786739470.8001618,-473.00849175276653,-207.375089061135,687.8711066930873,15.553131679585373,-35.47563688145768,6.62784378457107e-20
1786739491.6797523,push +Z,fast,1786739470.8001618,-474.90521158133924,-206.5840259370383,698.3566993696313,15.493801945278197,-35.617890868600725,6.699250345963974e-20
1786739491.7064536,push +Z,fast,1786739470.8001618,-471.8371184131247,-205.93310329182611,691.9779525576087,15.444982746887067,-35.38778388098449,6.655907503557049e-20
1786739491.7349796,push +Z,fast,1786739470.8001618,-472.45468171443054,-207.1634385485686,687.2493731076429,15.537257891143053,-35.434101128582576,6.693215650699663e-20
1786739491.7632794,push +Z,fast,1786739470.8001618,-470.26892058958174,-209.37526252265013,679.5813824062452,15.703144689199018,-35.27016904421864,6.674408201275564e-20
1786739491.791678,push +Z,fast,1786739470.8001618,-473.6902620172964,-206.93038660446769,687.756432241139,15.51977899533519,-35.52676965129748,6.697836333634213e-20
1786739491.8201656,push +Z,fast,1786739470.8001618,-473.02452104387066,-206.16627640682248,686.5982030405403,15.462470730512006,-35.476839078290496,6.674638614198553e-20
1786739491.8490875,push +Z,fast,1786739470.8001618,-470.75206520243955,-205.94022236153887,679.1791310575818,15.445516677115553,-35.30640489018319,6.63053687004654e-20
1786739491.8793933,push +Z,fast,1786739470.8001618,-469.84849220400065,-206.09330601049157,680.14120408075,15.45699795078723,-35.23863691530032,6.625736336180641e-20
1786739491.9054859,push +Z,fast,1786739470.8001618,-470.17643237547736,-206.8396815812788,681.0408711958917,15.51297611859616,-35.26323242816087,6.680331223113645e-20
1786739491.933921,push +Z,fast,1786739470.8001618,-471.5300229453301,-207.95356187142238,679.3070634996611,15.596517140356855,-35.36475172090012,6.68828748071337e-20
1786739491.962204,push +Z,fast,1786739470.8001618,-473.2007822312289,-209.84112807746953,685.2587051973042,15.738084605810503,-35.49005866734241,6.79272551152635e-20
1786739491.9904318,push +Z,fast,1786739470.8001618,-472.16214218401456,-210.87153913971792,679.713664783354,15.81536543547902,-35.412160663801416,6.697360689645957e-20
1786739492.0187652,push +Z,fast,1786739470.8001618,-469.8606801457736,-207.39208430349356,678.2331171744227,15.554406322762329,-35.23955101093326,6.640249224235247e-20
1786739492.0473707,push +Z,fast,1786739470.8001618,-467.3655125187988,-205.01885656455215,668.4937456770294,15.376414242341834,-35.05241343891004,6.515194677189014e-20
1786739492.078106,push +Z,fast,1786739470.8001618,-469.80108501207314,-204.9366169492771,678.5685158352835,15.370246271196091,-35.23508137590561,6.645657351809067e-20
1786739492.1041408,push +Z,fast,1786739470.8001618,-473.13302303429464,-206.93710615109205,686.5765418662941,15.520282961332125,-35.48497672757244,6.766505668007289e-20
1786739492.1325545,push +Z,fast,1786739470.8001618,-475.45846064004127,-208.93225056620895,690.6026380144749,15.669918792465811,-35.65938454800328,6.819089266872097e-20
1786739492.1610417,push +Z,fast,1786739470.8001618,-474.19707069038304,-209.0162575380184,688.8255671056631,15.676219315351549,-35.56478030177891,6.772972617499084e-20
1786739492.1892376,push +Z,fast,1786739470.8001618,-472.77576483245184,-210.52064673756752,677.811632294306,15.789048505317897,-35.45818236243413,6.708414181434463e-20
1786739492.2179549,push +Z,fast,1786739470.8001618,-471.448407672955,-210.29260306983815,674.7724464758567,15.771945230238199,-35.35863057547189,6.678329118857999e-20
1786739492.2460153,push +Z,fast,1786739470.8001618,-472.3830420670379,-209.05337699727613,674.787925475719,15.679003274796106,-35.42872815502803,6.674031475881775e-20
1786739492.2756765,push +Z,fast,1786739470.8001618,-471.3332828157095,-206.7151170225485,679.2724907089578,15.503633776691448,-35.34999621117841,6.629085024985821e-20
1786739492.3031704,push +Z,fast,1786739470.8001618,-471.05348824796056,-207.4891114071212,680.3165450201886,15.561683355534374,-35.32901161859718,6.606028851771155e-20
1786739492.3313544,push +Z,fast,1786739470.8001618,-470.2444759784262,-207.30265093769913,677.4562702769226,15.547698820327671,-35.268335698382195,6.538618832975134e-20
1786739492.359755,push +Z,fast,1786739470.8001618,-469.50332168141995,-206.14346592902916,678.7594048985402,15.460759944677296,-35.212749126106594,6.515899248344107e-20
1786739492.3879302,push +Z,fast,1786739470.8001618,-468.5591428405687,-201.5878930711002,678.0418826109444,15.119091980332723,-35.14193571304293,6.51882083479728e-20
1786739492.416377,push +Z,fast,1786739470.8001618,-468.5116568975336,-203.61954275571236,676.3938562590183,15.271465706678601,-35.13837426731509,6.536216206775364e-20
1786739492.4446304,push +Z,fast,1786739470.8001618,-473.2740743931936,-205.05101164732264,686.2625140847331,15.378825873549463,-35.49555557948966,6.636759693443885e-20
1786739492.47533,push +Z,fast,1786739470.8001618,-474.7599843596622,-208.21156897243657,691.6850863944437,15.615867672933039,-35.6069988269748,6.679678695245745e-20
1786739492.5015419,push +Z,fast,1786739470.8001618,-476.1528939807299,-204.5379109992491,696.5389575641984,15.340343324943984,-35.711467048554915,6.719424359873005e-20
1786739492.5298116,push +Z,fast,1786739470.8001618,-473.9753635033826,-203.8950382430006,692.2278044003906,15.29212786822534,-35.54815226275393,6.644071446603365e-20
1786739492.5583575,push +Z,fast,1786739470.8001618,-471.93016296336737,-203.80611302728664,685.085733052385,15.285458477046763,-35.3947622222526,6.630126361320388e-20
1786739492.586688,push +Z,fast,1786739470.8001618,-467.3498933283613,-203.12934481697448,671.3076792237207,15.23470086127335,-35.05124199962728,6.565211778728791e-20
1786739492.6154158,push +Z,fast,1786739470.8001618,-467.3898250977272,-201.5660336269052,669.9286060074337,15.117452522018251,-35.05423688232981,6.615902802552383e-20
1786739492.643482,push +Z,fast,1786739470.8001618,-468.07220111494235,-202.21870739587416,672.0300589656945,15.166403054690772,-35.10541508362073,6.620546104515563e-20
1786739492.6719983,push +Z,fast,1786739470.8001618,-472.6640929870655,-203.97644730234003,690.4682415979687,15.298233547675867,-35.44980697403006,6.713290039155711e-20
1786739492.700343,push +Z,fast,1786739470.8001618,-472.07267896219264,-206.8146742367644,690.335525039025,15.51110056775767,-35.40545092216462,6.740635653936694e-20
1786739492.728658,push +Z,fast,1786739470.8001618,-471.47632396382414,-206.12734643558667,691.2756512709293,15.459550982669189,-35.360724297286794,6.718739669327258e-20
1786739492.7570343,push +Z,fast,1786739470.8001618,-471.2197732108193,-206.92894313303896,685.0702216239533,15.519670734978124,-35.34148299081154,6.666314567565807e-20
1786739492.7853715,push +Z,fast,1786739470.8001618,-470.3777046765599,-204.97253660155604,687.933468335792,15.372940245116926,-35.278327850742215,6.706464043435832e-20
1786739492.814028,push +Z,fast,1786739470.8001618,-470.9539391960857,-205.6566205120813,683.5002728428253,15.42424653840644,-35.321545439706505,6.72965133643394e-20
1786739492.8421516,push +Z,fast,1786739470.8001618,-470.8380916802307,-205.16512943619796,689.0210698534174,15.38738470771499,-35.312856876017506,6.734256933877678e-20
1786739492.8717473,push +Z,fast,1786739470.8001618,-471.13341533827406,-205.72837200802485,684.2385534202676,15.429627900602117,-35.335006150370745,6.662116030619963e-20
1786739492.8991694,push +Z,fast,1786739470.8001618,-471.915254945362,-203.80867218286403,694.0990719740839,15.285650413715185,-35.39364412090248,6.642964988546348e-20
1786739492.9276164,push +Z,fast,1786739470.8001618,-470.5837922470773,-206.78033555561376,686.0045111359932,15.508525166671344,-35.293784418530954,6.650064957216745e-20
1786739492.9561,push +Z,fast,1786739470.8001618,-472.55223125406883,-205.3437965392951,691.4758460879002,15.400784740447403,-35.4414173440554,6.623604930597626e-20
1786739492.9842968,push +Z,fast,1786739470.8001618,-469.32388266429416,-204.25744728199663,681.526628679334,15.319308546149895,-35.19929119982215,6.59460068691646e-20
1786739493.0125964,push +Z,fast,1786739470.8001618,-468.664708784665,-199.5858550183118,684.4533293766835,14.968939126373687,-35.14985315885013,6.590771927610311e-20
1786739493.0409334,push +Z,fast,1786739470.8001618,-467.2957901382779,-200.42527801657684,688.3836417350867,15.031895851243537,-35.04718426037107,6.640010454282136e-20
1786739493.0705276,push +Z,fast,1786739470.8001618,-471.3107993701019,-201.68762971635078,701.0525763284832,15.126572228726506,-35.34830995275796,6.725579865801006e-20
1786739493.0978076,push +Z,fast,1786739470.8001618,-471.7184838773319,-200.79677198662637,703.2785077329681,15.059757898997223,-35.3788862907999,6.720605648252245e-20
1786739493.1265874,push +Z,fast,1786739470.8001618,-471.99933512202233,-199.19294552506472,699.1733936394894,14.939470914380099,-35.399950134151986,6.706382859354301e-20
1786739493.1550436,push +Z,fast,1786739470.8001618,-471.0005996567247,-196.15213553733258,694.4905137323394,14.711410165300226,-35.32504497425447,6.622988484883233e-20
1786739493.183185,push +Z,fast,1786739470.8001618,-470.0169964235097,-195.26270968726897,692.046883165407,14.644703226545442,-35.25127473176345,6.639398784115093e-20
1786739493.211444,push +Z,fast,1786739470.8001618,-467.58381741949916,-196.47358627141512,687.6274876551233,14.735518970356313,-35.068786306462506,6.588579213426532e-20
1786739493.2399065,push +Z,fast,1786739470.8001618,-466.36520706411056,-198.3071031210253,681.0818777708791,14.873032734077345,-34.9773905298084,6.636641079935147e-20
1786739493.2688649,push +Z,fast,1786739470.8001618,-467.35042447513024,-198.02337533201705,687.8207314453612,14.851753149901459,-35.051281835634775,6.699146215879855e-20
1786739493.2970507,push +Z,fast,1786739470.8001618,-472.1398228655826,-202.02150566784576,688.2158608308118,15.151612925088596,-35.410486714918946,6.693611654694103e-20
1786739493.3252263,push +Z,fast,1786739470.8001618,-469.9798742819089,-201.3264131678103,678.4145998386684,15.099480987586109,-35.2484905711435,6.591798082259393e-20
1786739493.3537986,push +Z,fast,1786739470.8001618,-469.1015443430929,-204.75148172633862,672.9575710917134,15.356361129475477,-35.1826158257322,6.51579585529927e-20
1786739493.3819697,push +Z,fast,1786739470.8001618,-465.0932480217516,-199.51081922439948,679.0074020380462,14.963311441830133,-34.88199360163158,6.515519249616712e-20
1786739493.4101844,push +Z,fast,1786739470.8001618,-465.57998992269404,-198.84807711104247,678.6956948717725,14.913605783328453,-34.91849924420218,6.584330422369587e-20
1786739493.4388473,push +Z,fast,1786739470.8001618,-465.6420465975266,-197.9748174705436,674.461199020473,14.848111310291,-34.92315349481473,6.649393853195358e-20
1786739493.4691513,push +Z,fast,1786739470.8001618,-468.2609958927851,-200.09843113028762,675.4366608603568,15.007382334771659,-35.11957469195898,6.744797093430939e-20
1786739493.4957643,push +Z,fast,1786739470.8001618,-471.5780833264971,-203.94858313054556,690.772502931004,15.296143734791382,-35.368356249487476,6.778809114047607e-20
1786739493.52388,push +Z,fast,1786739470.8001618,-470.94966033284527,-202.18125385006078,690.3425742537729,15.163594038754827,-35.32122452496348,6.7237542785187e-20
1786739493.5523043,push +Z,fast,1786739470.8001618,-469.51500242633756,-201.34663719207367,683.4520442853864,15.100997789405657,-35.21362518197566,6.663358811363622e-20
1786739493.580654,push +Z,fast,1786739470.8001618,-467.67389777030166,-203.69158143740503,678.8800166170058,15.276868607805685,-35.0755423327728,6.624151910542847e-20
1786739493.6090837,push +Z,fast,1786739470.8001618,-468.3675880001847,-205.89090340396,676.3328140445174,15.441817755297453,-35.12756910001407,6.622890422914644e-20
1786739493.637392,push +Z,fast,1786739470.8001618,-465.08116039654715,-207.77007175251686,668.5368048938435,15.582755381439018,-34.88108702974122,6.550595410792672e-20
1786739493.666734,push +Z,fast,1786739470.8001618,-464.3882169955209,-202.98672763194054,667.4200273980459,15.22400457239581,-34.829116274664216,6.584369658169215e-20
1786739493.6944969,push +Z,fast,1786739470.8001618,-465.3929463966424,-206.65837220153026,667.8801451800518,15.499377915115122,-34.90447097974849,6.593165459960252e-20
1786739493.7228146,push +Z,fast,1786739470.8001618,-467.3449243531172,-204.69831216390764,676.3537769200539,15.352373412293364,-35.050869326484026,6.629201419910893e-20
1786739493.7511919,push +Z,fast,1786739470.8001618,-467.6654068097123,-204.92670069667633,675.1831274556434,15.369502552250982,-35.07490551072847,6.604203089858906e-20
1786739493.7795663,push +Z,fast,1786739470.8001618,-469.4077166888669,-201.41935787310524,683.5192083655193,15.106451840483121,-35.205578751665136,6.60053488040481e-20
1786739493.8077052,push +Z,fast,1786739470.8001618,-470.4320562116841,-199.66304156762442,689.5544604022789,14.974728117571946,-35.28240421587637,6.64337440411503e-20
1786739493.836358,push +Z,fast,1786739470.8001618,-470.7073303689872,-201.0551335567351,690.2989127199053,15.079135016755554,-35.3030497776741,6.64954086246479e-20
1786739493.864653,push +Z,fast,1786739470.8001618,-469.756478956449,-203.0483641230494,687.1170110872636,15.228627309229001,-35.231735921733886,6.638897363327206e-20
1786739493.8929265,push +Z,fast,1786739470.8001618,-469.62279089276035,-204.30918478839544,679.6426597639474,15.323188859129925,-35.221709316957174,6.601325551855721e-20
1786739493.9214823,push +Z,fast,1786739470.8001618,-471.5227598555771,-205.04770811851256,683.1773135902577,15.378578108888629,-35.364206989168466,6.566734705838371e-20
1786739493.9496365,push +Z,fast,1786739470.8001618,-472.6211628844403,-205.2736186754264,684.9397966777342,15.395521400657142,-35.44658721633318,6.612054686888723e-20
1786739493.978218,push +Z,fast,1786739470.8001618,-472.55152640737606,-208.7477641874666,679.6127868137482,15.656082314060168,-35.441364480553325,6.634622432929127e-20
1786739494.006617,push +Z,fast,1786739470.8001618,-471.5451893047434,-207.76945771087617,676.3993886952885,15.582709328315932,-35.36588919785584,6.667469051789431e-20
1786739494.0350049,push +Z,fast,1786739470.8001618,-469.5276517111961,-205.35059973478678,673.0698214890435,15.401294980109174,-35.21457387833993,6.678147589004346e-20
1786739494.06326,push +Z,fast,1786739470.8001618,-468.318588184698,-203.70669788260068,674.2344225753523,15.278002341195194,-35.12389411385251,6.648536826973189e-20
1786739494.0917978,push +Z,fast,1786739470.8001618,-469.7937133760738,-205.3503668068439,680.1498077311271,15.401277510513562,-35.23452850320558,6.691012650455012e-20
1786739494.1200457,push +Z,fast,1786739470.8001618,-470.3082119448786,-205.8063162850326,682.209015926599,15.435473721377807,-35.27311589586595,6.688029994697071e-20
1786739494.14842,push +Z,fast,1786739470.8001618,-472.3668480802853,-205.2945103138968,684.5053656183991,15.397088273542433,-35.427513606021535,6.723173933172392e-20
1786739494.176805,push +Z,fast,1786739470.8001618,-472.2713698493276,-206.31201151935375,686.2625477339861,15.473400863951742,-35.4203527386998,6.753568867271438e-20
1786739494.2052464,push +Z,fast,1786739470.8001618,-470.6191710060625,-206.25717879870854,679.812528384321,15.469288409903417,-35.29643782545503,6.654825197788579e-20
1786739494.2340128,push +Z,fast,1786739470.8001618,-469.543356462058,-206.36743422609982,677.8703021723613,15.477557566957831,-35.21575173465461,6.65741403746742e-20
1786739494.2619972,push +Z,fast,1786739470.8001618,-468.3857761917902,-207.16264392429514,671.862320640078,15.537198294322355,-35.12893321438451,6.606102689606971e-20
1786739494.2902975,push +Z,fast,1786739470.8001618,-468.4868955413549,-206.6082145030598,674.8013874862645,15.495616087729648,-35.13651716560184,6.649359065746379e-20
1786739494.3187284,push +Z,fast,1786739470.8001618,-469.4782958125829,-210.59177036399717,682.4398214523817,15.794382777300019,-35.210872185943856,6.667828555627387e-20
1786739494.3470418,push +Z,fast,1786739470.8001618,-470.13767549809654,-209.57729275356223,676.9464614075141,15.718296956517332,-35.26032566235729,6.688132537303379e-20
1786739494.3754203,push +Z,fast,1786739470.8001618,-472.032813833182,-210.89507856811736,679.8061180794339,15.81713089260921,-35.40246103748891,6.708195458678216e-20
1786739494.403973,push +Z,fast,1786739470.8001618,-471.229656099918,-207.09722583844302,675.9024867938806,15.53229193788339,-35.342224207493864,6.77249425830416e-20
1786739494.432538,push +Z,fast,1786739470.8001618,-471.1889040356373,-204.57031809842442,680.4450615748956,15.342773857382003,-35.339167802672996,6.71422480181239e-20
1786739494.460719,push +Z,fast,1786739470.8001618,-471.2424882567707,-206.82443084477813,679.3014138883773,15.511832313358628,-35.34318661925804,6.696985544373957e-20
1786739494.4889214,push +Z,fast,1786739470.8001618,-470.3731250706487,-208.02544698305917,672.4544293750196,15.601908523729751,-35.27798438029879,6.603857056758247e-20
1786739494.5174127,push +Z,fast,1786739470.8001618,-470.1883572002239,-210.21297486258868,679.3021107576233,15.765973114694429,-35.26412679001703,6.64938148468695e-20
1786739494.545817,push +Z,fast,1786739470.8001618,-468.72801901037974,-204.83076501449466,676.6598031281619,15.362307376087333,-35.15460142577877,6.622405168464591e-20
1786739494.574229,push +Z,fast,1786739470.8001618,-471.45736000277293,-208.60078287672354,684.1549255299096,15.645058715754605,-35.35930200020826,6.670706255002769e-20
1786739494.6024113,push +Z,fast,1786739470.8001618,-471.05820234660223,-205.92070327136298,679.1851757154218,15.444052745352568,-35.32936517599556,6.691756763823318e-20
1786739494.6309154,push +Z,fast,1786739470.8001618,-471.2598648919202,-208.75964799958672,675.0455488124553,15.656973599969373,-35.34448986689421,6.679195204787014e-20
1786739494.659262,push +Z,fast,1786739470.8001618,-471.0086675543939,-204.35415916575596,680.7609329623883,15.326561937431958,-35.325650066579705,6.68991031474238e-20
1786739494.689168,push +Z,fast,1786739470.8001618,-472.05753481732654,-203.9718602811356,677.5683366358235,15.297889521085597,-35.404315111299724,6.6311569764568e-20
1786739494.7160199,push +Z,fast,1786739470.8001618,-472.40035659532896,-203.69819152015657,687.5426303041522,15.277364364012062,-35.43002674464973,6.697026602273776e-20
1786739494.7443953,push +Z,fast,1786739470.8001618,-472.31180230484233,-206.1791498873995,679.9646973231083,15.463436241555161,-35.42338517286339,6.643252725907473e-20
1786739494.773105,push +Z,fast,1786739470.8001618,-474.09462990206157,-207.13447928750895,688.134032185153,15.535085946563346,-35.557097242654784,6.673176553170345e-20
1786739494.8011885,push +Z,fast,1786739470.8001618,-471.4073078357583,-206.27199651714238,672.0347888435772,15.47039973878596,-35.35554808768194,6.591810070915598e-20
1786739494.8296,push +Z,fast,1786739470.8001618,-471.3616840658524,-202.5783671408675,675.3510866969373,15.193377535565151,-35.35212630493926,6.578135734733338e-20
1786739494.8582413,push +Z,fast,1786739470.8001618,-469.012045140164,-202.55735142327262,670.2850044663155,15.19180135674564,-35.17590338551244,6.615604286412565e-20
1786739494.8885596,push +Z,fast,1786739470.8001618,-471.3584002337475,-205.53705247978007,681.1523523749438,15.415278935983782,-35.3518800175313,6.648957845123222e-20
1786739494.9148781,push +Z,fast,1786739470.8001618,-472.1770901731288,-207.3004832176672,680.3351086150624,15.547536241325258,-35.413281762984724,6.634769586701285e-20
1786739494.9431725,push +Z,fast,1786739470.8001618,-469.7160268344014,-206.03054098104997,673.3098518474781,15.45229057357891,-35.22870201258037,6.509859292679264e-20
1786739494.9716225,push +Z,fast,1786739470.8001618,-470.7729888921549,-203.16976153247083,677.362885905286,15.2377321149355,-35.30797416691186,6.574626043634736e-20
1786739495.0005348,push +Z,fast,1786739470.8001618,-467.54500770355344,-203.8858643537743,670.091872064043,15.291439826533423,-35.06587557776666,6.545386068508074e-20
1786739495.0285163,push +Z,fast,1786739470.8001618,-468.71891092125907,-205.84163005291828,674.532190753127,15.438122253969102,-35.15391831909466,6.605080621287374e-20
1786739495.056836,push +Z,fast,1786739470.8001618,-468.9260059176131,-210.25922929854778,668.2852410666674,15.769442197391175,-35.16945044382101,6.522859962036707e-20
1786739495.085525,push +Z,fast,1786739470.8001618,-468.95097052613346,-207.119522493315,671.89782132647,15.533964186998784,-35.171322789460035,6.569555755474049e-20
1786739495.1136808,push +Z,fast,1786739470.8001618,-469.86907221546926,-208.6624817294969,672.0737763017169,15.649686129712595,-35.24018041616034,6.603739850241366e-20
1786739495.1419616,push +Z,fast,1786739470.8001618,-469.2869065580512,-204.37863882172314,672.4035679642257,15.328397911629377,-35.19651799185408,6.629923747589045e-20
1786739495.1703708,push +Z,fast,1786739470.8001618,-469.9060404841407,-206.9943847078614,671.7910751637401,15.524578853089796,-35.2429530363107,6.619921960790369e-20
1786739495.1989403,push +Z,fast,1786739470.8001618,-472.18398768525185,-206.86451640197538,682.0665547708368,15.514838730148416,-35.41379907639409,6.711357150338202e-20
1786739495.2276201,push +Z,fast,1786739470.8001618,-471.47719298791026,-207.86749104358046,686.465547449593,15.590061828268677,-35.36078947409358,6.698420467705354e-20
1786739495.255842,push +Z,fast,1786739470.8001618,-471.2349461808458,-206.67434753057387,685.9405376022514,15.500576064793304,-35.34262096356364,6.696521343686599e-20
1786739495.2844505,push +Z,fast,1786739470.8001618,-469.59276744727003,-205.44452555139605,679.6425965840117,15.40833941635491,-35.219457558545464,6.611343892514007e-20
1786739495.312675,push +Z,fast,1786739470.8001618,-472.4512045142442,-205.4069998188054,682.962195834687,15.405524986410573,-35.43384033856869,6.684385032653627e-20
1786739495.3409028,push +Z,fast,1786739470.8001618,-473.01745498906394,-205.24277546704093,685.2777640183212,15.393208160028333,-35.476309124179984,6.716429983407137e-20
1786739495.369279,push +Z,fast,1786739470.8001618,-472.46589748771794,-203.70319620401585,683.0369899365623,15.277739715301497,-35.434942311579015,6.711364310362082e-20
1786739495.3979518,push +Z,fast,1786739470.8001618,-470.6669856879739,-203.87188850681616,680.4849503857467,15.29039163801146,-35.30002392659823,6.710892878048515e-20
1786739495.426144,push +Z,fast,1786739470.8001618,-471.9332372009858,-205.727661513434,682.7955825118916,15.429574613507864,-35.39499279007414,6.756148072849242e-20
1786739495.4543953,push +Z,fast,1786739470.8001618,-472.3986441818147,-207.94714637239883,687.7556024683299,15.59603597793026,-35.42989831363617,6.809180572781161e-20
1786739495.4832473,push +Z,fast,1786739470.8001618,-471.85648149587723,-206.74012681945408,689.4849987204516,15.50550951145939,-35.38923611219104,6.797963106328003e-20
1786739495.5114534,push +Z,fast,1786739470.8001618,-468.9265663728056,-207.16351989811665,683.8092744796104,15.53726399235914,-35.16949247796074,6.726641054639861e-20
1786739495.5398405,push +Z,fast,1786739470.8001618,-469.00067122203063,-203.62340411152798,680.242593510091,15.271755308364835,-35.17505034165247,6.653671499236135e-20
1786739495.56801,push +Z,fast,1786739470.8001618,-469.25033432000964,-206.50698600022952,673.331068123397,15.488023950017368,-35.1937750740009,6.609595688835036e-20
1786739495.5962355,push +Z,fast,1786739470.8001618,-473.3651383782362,-206.33391681934972,684.1109610513886,15.475043761451513,-35.50238537836786,6.667422930518099e-20
1786739495.6248581,push +Z,fast,1786739470.8001618,-472.3229960991198,-207.23845514536845,680.3305079630718,15.542884135902806,-35.42422470743409,6.711096280525381e-20
1786739495.6531,push +Z,fast,1786739470.8001618,-471.2967829882832,-205.27473398025916,682.005822235692,15.395605048519759,-35.347258724121296,6.694883694552946e-20
1786739495.6815236,push +Z,fast,1786739470.8001618,-468.3960133271489,-204.18146120214226,674.2943102416975,15.313609590160798,-35.12970099953632,6.591366789574487e-20
1786739495.710207,push +Z,fast,1786739470.8001618,-471.437416319563,-204.90790661992537,681.5350203142852,15.368092996494621,-35.35780622396741,6.588662511692008e-20
1786739495.7383308,push +Z,fast,1786739470.8001618,-471.19352189000347,-203.9174768641917,684.9721233262972,15.293810764814534,-35.33951414175052,6.651341584778323e-20
1786739495.7666745,push +Z,fast,1786739470.8001618,-472.0766074448061,-204.01889218709005,683.7353376100509,15.301416914031936,-35.405745558360614,6.675508370685554e-20
1786739495.795016,push +Z,fast,1786739470.8001618,-469.2718583509891,-207.89769017569358,677.6855736437246,15.592326763177358,-35.195389376324236,6.691850679121266e-20
1786739495.8234477,push +Z,fast,1786739470.8001618,-470.18696914788734,-208.820898572616,672.5451469991331,15.661567392946512,-35.26402268609158,6.665242490814167e-20
1786739495.8517797,push +Z,fast,1786739470.8001618,-469.06975608522225,-208.74735335476032,674.6285221143344,15.656051501607234,-35.1802317063917,6.692616898579887e-20
1786739495.8802476,push +Z,fast,1786739470.8001618,-468.9528336801627,-206.3082107695567,682.5560714179755,15.473115807716933,-35.17146252601238,6.697560455731576e-20
1786739495.908625,push +Z,fast,1786739470.8001618,-467.94345636400703,-205.61935771517972,686.3813116783977,15.421451828638748,-35.09575922730064,6.675796787777412e-20
1786739495.937397,push +Z,fast,1786739470.8001618,-470.6259886370817,-206.55289371142987,695.340955223015,15.49146702835748,-35.29694914778134,6.746862783485258e-20
1786739495.9653199,push +Z,fast,1786739470.8001618,-472.4681123313544,-205.10781660486305,691.5638061177378,15.383086245365096,-35.43510842485176,6.693128320981822e-20
1786739495.9936936,push +Z,fast,1786739470.8001618,-473.5416156840961,-203.69133298713018,695.5098498056677,15.276849974034949,-35.515621176307334,6.705087893027058e-20
1786739496.0221748,push +Z,fast,1786739470.8001618,-469.76760708116035,-202.26201481888506,686.6943727436537,15.16965111141651,-35.23257053108722,6.675772661637707e-20
1786739496.0504744,push +Z,fast,1786739470.8001618,-468.3711936004165,-201.55834852193937,685.3435774141735,15.11687613914562,-35.127839520031316,6.658169591889391e-20
1786739496.0792813,push +Z,fast,1786739470.8001618,-466.59062623549926,-204.8229257635478,681.8549972403862,15.361719432266387,-34.9942969676627,6.658732350587538e-20
1786739496.1075294,push +Z,fast,1786739470.8001618,-471.44169157819033,-207.7832084190818,688.0665123206563,15.583740631431514,-35.35812686836457,6.671975568274007e-20
1786739496.1363003,push +Z,fast,1786739470.8001618,-472.69022922971226,-211.06260339631422,691.4191225546183,15.829695254723799,-35.45176719222858,6.699690909653161e-20
1786739496.1640596,push +Z,fast,1786739470.8001618,-473.04183150860126,-208.82279309974717,690.7912777282436,15.66170948248141,-35.4781373631453,6.682218894582571e-20
1786739496.1926143,push +Z,fast,1786739470.8001618,-469.2850739281571,-205.57403949938532,688.4064944868187,15.418052962454102,-35.196380544612055,6.635915385378112e-20
1786739496.2209756,push +Z,fast,1786739470.8001618,-467.07542574611307,-202.90397329254688,685.569510515531,15.217797996941233,-35.0306569309586,6.637193381243649e-20
1786739496.2493186,push +Z,fast,1786739470.8001618,-468.422427222421,-202.57152257395546,685.3050745502678,15.192864193046976,-35.13168204168186,6.60998472539914e-20
1786739496.2777467,push +Z,fast,1786739470.8001618,-469.65441105240734,-201.4467905777483,686.1923455760334,15.108509293331249,-35.224080828930695,6.628613772503738e-20
1786739496.3060856,push +Z,fast,1786739470.8001618,-469.9874224967407,-200.58694096635065,685.5827320930657,15.044020572476523,-35.249056687255816,6.602734502891278e-20
1786739496.3344722,push +Z,fast,1786739470.8001618,-470.94452241217004,-200.86928219981075,693.3448295394428,15.065196164985938,-35.320839180912735,6.684697973980273e-20
1786739496.3628879,push +Z,fast,1786739470.8001618,-470.41506433868653,-203.04843759682558,689.9255035315,15.228632819762087,-35.28112982540172,6.69600765964537e-20
1786739496.3914087,push +Z,fast,1786739470.8001618,-471.052440369137,-206.2441751878756,694.9574617468352,15.468313139090927,-35.32893302768539,6.769810779523109e-20
1786739496.4199603,push +Z,fast,1786739470.8001618,-469.9274343253737,-206.961459512386,685.956777064659,15.5221094634292,-35.24455757440323,6.757910136382322e-20
1786739496.4481337,push +Z,fast,1786739470.8001618,-469.32416408788686,-205.0006278877098,687.037384408759,15.375047091578441,-35.199312306591516,6.761390769157679e-20
1786739496.4766405,push +Z,fast,1786739470.8001618,-469.02832509847985,-201.73052259232907,687.4621070166359,15.129789194424891,-35.1771243823862,6.759654862525312e-20
1786739496.5058258,push +Z,fast,1786739470.8001618,-469.8671112602751,-200.1287759370739,689.4932974894382,15.009658195280696,-35.24003334452092,6.743776467718266e-20
1786739496.5332828,push +Z,fast,1786739470.8001618,-472.9523410593488,-200.67397403846644,695.6787904086168,15.05054805288513,-35.4714255794514,6.75172676387588e-20
1786739496.5617735,push +Z,fast,1786739470.8001618,-472.228823975011,-200.75056651467082,699.4875686292471,15.056292488600707,-35.41716179812608,6.728648191276255e-20
1786739496.5901003,push +Z,fast,1786739470.8001618,-471.4930548876064,-202.8905555008771,701.9492554032613,15.216791662566,-35.36197911657075,6.744782342960052e-20
1786739496.6183727,push +Z,fast,1786739470.8001618,-467.22863273240046,-201.24362033557327,685.7286294443729,15.09327152516823,-35.04214745493015,6.726603342694467e-20
1786739496.646776,push +Z,fast,1786739470.8001618,-467.2568810167645,-201.7076261293597,674.7367615047478,15.12807195970213,-35.04426607625754,6.655262675935801e-20
1786739496.675157,push +Z,fast,1786739470.8001618,-465.95029667516656,-200.4875550218636,673.7740869832651,15.036566626639999,-34.9462722506376,6.667763134720339e-20
1786739496.7038162,push +Z,fast,1786739470.8001618,-469.29857037991405,-202.35473943578256,696.7675040282456,15.176605457683909,-35.19739277849354,6.766366603278572e-20
1786739496.7320404,push +Z,fast,1786739470.8001618,-474.3541671155963,-205.2874759726684,707.4442870673502,15.396560697950274,-35.576562533669815,6.82502776196083e-20
1786739496.7604766,push +Z,fast,1786739470.8001618,-472.76788854509596,-201.0592609630014,699.4106098836446,15.079444572225324,-35.45759164088246,6.723114631706241e-20
1786739496.7890823,push +Z,fast,1786739470.8001618,-473.8539748854055,-202.25046771038694,683.1577577956887,15.168785078279267,-35.53904811640549,6.588003684907061e-20
1786739496.8174577,push +Z,fast,1786739470.8001618,-469.0802459274573,-195.76072700813302,671.4760489657338,14.682054525610187,-35.181018444559434,6.504002949067098e-20
1786739496.8455381,push +Z,fast,1786739470.8001618,-471.3092578341657,-198.14961210613376,676.4786689554894,14.86122090796042,-35.34819433756257,6.567825431153015e-20
1786739496.874092,push +Z,fast,1786739470.8001618,-468.15180475845,-196.94975856142662,674.4135726178993,14.771231892107071,-35.11138535688394,6.599368102420806e-20
1786739496.9023438,push +Z,fast,1786739470.8001618,-470.82686036454425,-205.81201572865314,686.7708515913328,15.435901179649012,-35.312014527340935,6.638526230335699e-20
1786739496.9307735,push +Z,fast,1786739470.8001618,-472.27383193842206,-208.71065608322976,691.8294407820658,15.65329920624254,-35.420537395381885,6.660735013534882e-20
1786739496.9592009,push +Z,fast,1786739470.8001618,-474.0512311437533,-210.11968431207583,707.7315691482981,15.758976323405992,-35.55384233578166,6.777684689637897e-20
1786739496.9874887,push +Z,fast,1786739470.8001618,-469.4590946453163,-204.18098028295333,693.1871830025339,15.313573521221873,-35.209432098398956,6.745879179363528e-20
1786739497.0160394,push +Z,fast,1786739470.8001618,-473.08022264659803,-206.93656076239495,692.0058349486953,15.520242057179932,-35.48101669849522,6.782535186583117e-20
1786739497.0442622,push +Z,fast,1786739470.8001618,-470.99186440418543,-208.0602997312077,676.811992318364,15.604522479840814,-35.32438983031408,6.664674314554878e-20
1786739497.0726924,push +Z,fast,1786739470.8001618,-472.9064590214284,-209.59774720147027,684.237617605153,15.719831040110481,-35.46798442660728,6.759001028801645e-20
1786739497.1008987,push +Z,fast,1786739470.8001618,-468.878645873961,-210.07506943147484,678.3995322219571,15.755630207360742,-35.165898440547274,6.659071160844776e-20
1786739497.1294413,push +Z,fast,1786739470.8001618,-470.67524750653547,-209.4526131330648,691.3372644730616,15.708945984980165,-35.30064356299032,6.789597688381001e-20
1786739497.1577635,push +Z,fast,1786739470.8001618,-472.10571218176256,-207.5857442272229,694.7936865322463,15.568930817041892,-35.407928413632376,6.819339109549604e-20
1786739497.1861928,push +Z,fast,1786739470.8001618,-469.4649579263537,-201.41285122319516,693.9455650123145,15.105963841739811,-35.20987184447663,6.791371240471982e-20
1786739497.214664,push +Z,fast,1786739470.8001618,-467.9580030897205,-200.37725533082335,683.2263326728898,15.028294149812094,-35.09685023172947,6.69038827627773e-20
1786739497.242851,push +Z,fast,1786739470.8001618,-464.42447750872134,-201.09420711849964,669.3660815867615,15.082065533887683,-34.83183581315427,6.576233639481048e-20
1786739497.2714772,push +Z,fast,1786739470.8001618,-464.92091660108326,-203.00428807322214,673.9343930965651,15.225321605491697,-34.86906874508139,6.673004080170958e-20
1786739497.3002355,push +Z,fast,1786739470.8001618,-465.8296899477432,-204.35545726989778,676.0314393775825,15.326659295242589,-34.93722674608092,6.681344508372008e-20
1786739497.328077,push +Z,fast,1786739470.8001618,-471.01959394191726,-203.957821314826,688.9126147337602,15.296836598612256,-35.32646954564399,6.708456260258893e-20
1786739497.3564625,push +Z,fast,1786739470.8001618,-473.2409792736662,-203.80316067327158,690.5350640890365,15.285237050495635,-35.49307344552518,6.693286022480544e-20
1786739497.3848536,push +Z,fast,1786739470.8001618,-471.2573849403443,-200.3673925957488,682.9358645913835,15.027554444681389,-35.34430387052609,6.643352034129151e-20
1786739497.4133317,push +Z,fast,1786739470.8001618,-467.3640992319997,-200.60848161422996,673.7468466066084,15.045636121067464,-35.05230744240016,6.632779444983778e-20
1786739497.4415803,push +Z,fast,1786739470.8001618,-466.98525555410697,-203.038519892306,670.8005778392744,15.227888991923212,-35.02389416655821,6.62185095563314e-20
1786739497.4700644,push +Z,fast,1786739470.8001618,-466.74089419872644,-201.83138323435583,676.7324628568449,15.13735374257671,-35.005567064904774,6.704577018390636e-20
1786739497.5006428,push +Z,fast,1786739470.8001618,-467.66098693416643,-204.921349595229,677.5593506603964,15.369101219642676,-35.0745740200628,6.705912949933427e-20
1786739497.5270011,push +Z,fast,1786739470.8001618,-472.74410262329957,-206.08224450005082,692.8035846240464,15.45616833750407,-35.455807696747605,6.766473487797816e-20
1786739497.5556471,push +Z,fast,1786739470.8001618,-475.4142312056292,-209.81564490690948,688.844071998099,15.736173368018395,-35.65606734042247,6.703645940397926e-20
1786739497.583665,push +Z,fast,1786739470.8001618,-474.7235842652708,-208.0697645723875,685.030167759719,15.605232342929387,-35.60426881989544,6.70453637111392e-20
1786739497.6121113,push +Z,fast,1786739470.8001618,-469.66584848310504,-208.72727886551047,670.3933600564224,15.65454591491346,-35.22493863623308,6.672588410162674e-20
1786739497.6403756,push +Z,fast,1786739470.8001618,-469.3062869586406,-207.10201304787017,685.0666345179961,15.532650978590485,-35.19797152189818,6.708885270218164e-20
1786739497.6686761,push +Z,fast,1786739470.8001618,-467.7183959957101,-206.33327118475415,684.6438241681735,15.474995338856825,-35.07887969967833,6.686844082085183e-20
1786739497.698261,push +Z,fast,1786739470.8001618,-465.9461285246239,-199.06313548416972,686.5605109172657,14.929735161313065,-34.94595963934693,6.657519885016169e-20
1786739497.7255783,push +Z,fast,1786739470.8001618,-464.93963724793275,-201.45922126162702,674.1910853327736,15.109441594622215,-34.87047279359517,6.623041796323795e-20
1786739497.7539244,push +Z,fast,1786739470.8001618,-466.42644964491274,-200.9942950861157,677.4458965167869,15.074572131459131,-34.98198372336857,6.625264892917025e-20
1786739497.7822835,push +Z,fast,1786739470.8001618,-466.32186218417746,-204.64921465726104,667.2598150508638,15.348691099294786,-34.97413966381341,6.592754995162771e-20
1786739497.810741,push +Z,fast,1786739470.8001618,-466.05689913967353,-199.14089093171913,666.867050875705,14.93556681987906,-34.954267435475586,6.551289196470272e-20
1786739497.8391063,push +Z,fast,1786739470.8001618,-464.5093476113334,-202.30253175128178,669.2898368642791,15.172689881346447,-34.83820107085012,6.549430431636953e-20
1786739497.8675487,push +Z,fast,1786739470.8001618,-466.13863248587995,-200.29572145178042,679.7440710305291,15.022179108883808,-34.96039743644111,6.564597870301404e-20
1786739497.896063,push +Z,fast,1786739470.8001618,-467.6812838597866,-205.45038506885464,686.3508411866496,15.408778880164288,-35.076096289484106,6.661298721502684e-20
1786739497.92444,push +Z,fast,1786739470.8001618,-469.91853953582313,-201.9625093481436,687.1471085508038,15.14718820111096,-35.243890465186894,6.768784231217422e-20
1786739497.9530227,push +Z,fast,1786739470.8001618,-470.6312535697125,-203.40373217620584,688.7613927124912,15.255279913215606,-35.29734401772854,6.842573763494543e-20
1786739497.9811072,push +Z,fast,1786739470.8001618,-470.2183074782629,-201.28159803149572,687.2532365982588,15.096119852362431,-35.26637306086988,6.780237900229498e-20
1786739498.0096548,push +Z,fast,1786739470.8001618,-468.7259144919035,-202.85066007074965,690.7483726605242,15.21379950530643,-35.15444358689286,6.707020471202766e-20
1786739498.0380442,push +Z,fast,1786739470.8001618,-468.8129910116095,-202.98341482921853,694.9957403740646,15.223756112191612,-35.160974325870846,6.706556691089579e-20
1786739498.0665283,push +Z,fast,1786739470.8001618,-468.21991354138163,-205.3142034106695,692.8292723704781,15.398565255800488,-35.1164935156038,6.697663526112196e-20
1786739498.0947425,push +Z,fast,1786739470.8001618,-470.5136462494961,-205.138022115446,693.0295769463019,15.385351658658866,-35.2885234687124,6.743458698941152e-20
1786739498.123172,push +Z,fast,1786739470.8001618,-468.94685054094225,-204.313938752269,685.2506869092922,15.323545406420404,-35.17101379057072,6.668501743756626e-20
1786739498.1517053,push +Z,fast,1786739470.8001618,-469.0423411435713,-201.0895576058757,686.2686977594531,15.081716820441034,-35.17817558576803,6.708542292110581e-20
1786739498.1799393,push +Z,fast,1786739470.8001618,-467.4749305983919,-202.37868005888777,687.9143782187975,15.178401004416738,-35.06061979487962,6.674679804152609e-20
1786739498.2082424,push +Z,fast,1786739470.8001618,-468.19708419840435,-202.28567591843148,684.4249859313686,15.171425693882487,-35.114781314880545,6.649217134598406e-20
1786739498.2366495,push +Z,fast,1786739470.8001618,-467.1782615904722,-204.45554954075953,683.4416754372605,15.334166215557165,-35.038369619285675,6.585735867933664e-20
1786739498.2651458,push +Z,fast,1786739470.8001618,-466.1749162751398,-204.47741465170634,677.6088203520148,15.33580609887807,-34.963118720635656,6.59936158900516e-20
1786739498.2935164,push +Z,fast,1786739470.8001618,-464.47140985437,-205.73572359718548,679.980701193188,15.430179269789104,-34.83535573907787,6.611348873368686e-20
1786739498.3219128,push +Z,fast,1786739470.8001618,-467.3163916511189,-206.70864079646503,680.6516656477079,15.503148059735128,-35.048729373834036,6.724310679137455e-20
1786739498.350231,push +Z,fast,1786739470.8001618,-467.6408377395701,-205.25191226310483,680.3363053659414,15.393893419733121,-35.07306283046794,6.744955179565691e-20
1786739498.3785343,push +Z,fast,1786739470.8001618,-469.757287511452,-203.44615554008567,680.2764788128316,15.258461665506896,-35.231796563359126,6.799554354611231e-20
1786739498.4070396,push +Z,fast,1786739470.8001618,-466.92361659222297,-199.2963517649223,683.4649538115646,14.947226382369447,-35.01927124441698,6.728687649411803e-20
1786739498.4357202,push +Z,fast,1786739470.8001618,-470.33679234824194,-198.25251479948065,689.6623763761118,14.868938609961152,-35.27525942611844,6.71166590880578e-20
1786739498.4637878,push +Z,fast,1786739470.8001618,-469.3642633887898,-201.8751441547248,688.6460262869314,15.140635811604529,-35.20231975415936,6.727715865347858e-20
1786739498.492423,push +Z,fast,1786739470.8001618,-470.3298495849781,-201.98752453543352,687.1058866206104,15.149064340157782,-35.27473871887352,6.708609008753482e-20
1786739498.520636,push +Z,fast,1786739470.8001618,-470.7104452326889,-202.60069988725024,694.6377184486964,15.195052491544129,-35.30328339245187,6.781954878946489e-20
1786739498.549217,push +Z,fast,1786739470.8001618,-471.0917483051021,-200.64366366389424,702.2343726515355,15.048274774792436,-35.33188112288282,6.837133227989535e-20
1786739498.5775614,push +Z,fast,1786739470.8001618,-469.9692882413724,-202.34943778166985,696.0141479689919,15.176207833625401,-35.24769661810305,6.824767163750641e-20
1786739498.605981,push +Z,fast,1786739470.8001618,-466.97731158646366,-202.34455881525105,681.6340023189659,15.175841911144044,-35.02329836898503,6.735860264322839e-20
1786739498.6342924,push +Z,fast,1786739470.8001618,-465.79824307453646,-202.89964429046177,674.8006871563457,15.217473321784919,-34.93486823059037,6.602634526621711e-20
1786739498.6628385,push +Z,fast,1786739470.8001618,-466.79951965223336,-204.94071063133572,677.5846174183225,15.370553297350515,-35.00996397391771,6.619963039666108e-20
1786739498.691244,push +Z,fast,1786739470.8001618,-467.99611394169006,-205.06844024541465,681.2001254514762,15.380133018406408,-35.09970854562681,6.612178395185745e-20
1786739498.7198362,push +Z,fast,1786739470.8001618,-468.7478819916696,-205.06684719967586,687.1208144476241,15.380013539975995,-35.156091149375264,6.638927646259631e-20
1786739498.7481,push +Z,fast,1786739470.8001618,-469.9403496546133,-207.2732647807635,694.4963526723204,15.545494858557394,-35.245526224096054,6.697839885052362e-20
1786739498.7764814,push +Z,fast,1786739470.8001618,-471.04811796437934,-210.77703150995842,699.0810637952354,15.808277363247104,-35.328608847328695,6.753613034278525e-20
1786739498.8046055,push +Z,fast,1786739470.8001618,-469.27170164088557,-209.1418862780439,694.2124330529487,15.685641470853508,-35.19537762306667,6.738600198725658e-20
1786739498.8332753,push +Z,fast,1786739470.8001618,-467.3095521298196,-203.32683401130043,684.678896316942,15.249512550847722,-35.04821640973667,6.639394005680717e-20
1786739498.8617635,push +Z,fast,1786739470.8001618,-464.5337747788353,-199.7751369422325,678.1009310108675,14.983135270667479,-34.84003310841263,6.584280361123787e-20
1786739498.8901796,push +Z,fast,1786739470.8001618,-465.92209203059065,-201.859906626853,679.8166713085302,15.139492997014198,-34.94415690229451,6.615847797573193e-20
1786739498.9196093,push +Z,fast,1786739470.8001618,-468.1978674115012,-205.24644701458317,690.1932020202694,15.39348352609397,-35.114840055862736,6.688400420542973e-20
1786739498.9468782,push +Z,fast,1786739470.8001618,-468.5223031373175,-206.6576724577767,691.3404773053053,15.499325434333603,-35.139172735299034,6.673025301391489e-20
1786739498.97527,push +Z,fast,1786739470.8001618,-468.54698762086446,-205.32989492370393,684.9705083275421,15.399742119278056,-35.141024071565035,6.659032007932975e-20
1786739499.0032873,push +Z,fast,1786739470.8001618,-465.68623226922136,-203.51909764156107,676.0912990446295,15.26393232311732,-34.9264674201918,6.634128563256992e-20
1786739499.031808,push +Z,fast,1786739470.8001618,-466.30913191026,-205.05580627637414,671.9109014488931,15.379185470728,-34.97318489326959,6.65537079961687e-20
1786739499.0601983,push +Z,fast,1786739470.8001618,-466.139098074882,-205.592125419132,676.8140433527406,15.419409406435069,-34.96043235561631,6.6496548864089e-20
1786739499.0884392,push +Z,fast,1786739470.8001618,-467.81528056186517,-206.6172439234059,675.690796388998,15.496293294255704,-35.08614604213993,6.6674661801903e-20
1786739499.1189578,push +Z,fast,1786739470.8001618,-469.8743261766326,-204.27136868875016,683.9134021986038,15.320352651656524,-35.240574463247654,6.688423642924414e-20
1786739499.1454668,push +Z,fast,1786739470.8001618,-472.1460656867739,-206.2147453117492,686.0493927042417,15.466105898381517,-35.41095492650817,6.742689863540353e-20
1786739499.1741607,push +Z,fast,1786739470.8001618,-471.94457249195875,-205.98136558103602,696.2345182300032,15.448602418577838,-35.395842936897104,6.788491866377245e-20
1786739499.2022958,push +Z,fast,1786739470.8001618,-469.79026148816183,-207.16415137027104,690.5043899064558,15.537311352770597,-35.23426961161224,6.779187668889001e-20
1786739499.2306936,push +Z,fast,1786739470.8001618,-468.44762451323413,-205.05291788891407,683.1032239865463,15.378968841668605,-35.13357183849271,6.718264196509484e-20
1786739499.2590094,push +Z,fast,1786739470.8001618,-469.51667129392536,-205.82806193735553,675.6230585767953,15.437104645301869,-35.21375034704455,6.70719543912573e-20
1786739499.2873473,push +Z,fast,1786739470.8001618,-471.7703151217379,-203.60831130716213,678.6702573086422,15.270623348037208,-35.382773634130686,6.678274567545493e-20
1786739499.3175583,push +Z,fast,1786739470.8001618,-469.9235549385817,-204.49511950608678,682.2055839230161,15.337133962956589,-35.24426662039375,6.706524952506041e-20
1786739499.3442812,push +Z,fast,1786739470.8001618,-467.38965870363563,-202.69604296988894,680.9785761615412,15.202203222741897,-35.05422440277283,6.600380247780371e-20
1786739499.3725808,push +Z,fast,1786739470.8001618,-465.4615392042788,-204.99095975575142,680.847325658201,15.374321981681607,-34.90961544032103,6.626090638035267e-20
1786739499.4009447,push +Z,fast,1786739470.8001618,-466.39137460486427,-205.18417430670377,680.2150157356218,15.388813073002982,-34.97935309536497,6.629975717359669e-20
1786739499.4295194,push +Z,fast,1786739470.8001618,-466.052514120609,-202.41638817241744,671.6075914467774,15.181229112931685,-34.9539385590459,6.636168347969126e-20
1786739499.4577549,push +Z,fast,1786739470.8001618,-464.0735438293923,-200.63679966040525,667.3460242374076,15.047759974530688,-34.80551578720469,6.60539760146002e-20
1786739499.4861724,push +Z,fast,1786739470.8001618,-464.9848666340522,-199.52488216820518,667.9224075836137,14.964366162615693,-34.87386499755424,6.629260710417655e-20
1786739499.5144138,push +Z,fast,1786739470.8001618,-465.6450778227131,-201.97129965718375,673.7459994178344,15.14784747428909,-34.92338083670369,6.640781793874058e-20
1786739499.5427814,push +Z,fast,1786739470.8001618,-468.09179033331293,-202.4782626636637,682.5697277642021,15.185869699775136,-35.10688427499871,6.672094521586314e-20
1786739499.5712492,push +Z,fast,1786739470.8001618,-468.1170470926613,-201.70186964028267,683.9878706412546,15.127640223021498,-35.10877853194977,6.625962510641654e-20
1786739499.599588,push +Z,fast,1786739470.8001618,-469.13037726824496,-205.13705377271242,686.2439582250627,15.385279032953637,-35.1847782951186,6.653831888820049e-20
1786739499.6278887,push +Z,fast,1786739470.8001618,-469.15384467418653,-205.2818579493503,676.2748557659907,15.39613934620169,-35.18653835056412,6.661397323619656e-20
1786739499.656273,push +Z,fast,1786739470.8001618,-468.3034271308552,-206.72462750559782,673.7491263424254,15.5043470629202,-35.12275703481434,6.66364282824294e-20
1786739499.6847785,push +Z,fast,1786739470.8001618,-468.3408089626232,-204.17951304861492,678.987371295736,15.313463478646387,-35.125560672197174,6.70352808454295e-20
1786739499.7131243,push +Z,fast,1786739470.8001618,-468.9507365899176,-203.2312231052117,683.3983200804278,15.242341732891216,-35.17130524424399,6.670263869518101e-20
1786739499.7416108,push +Z,fast,1786739470.8001618,-468.3204431252934,-202.068492944823,682.475429671912,15.155136970862163,-35.124033234397196,6.635737301425211e-20
1786739499.7700043,push +Z,fast,1786739470.8001618,-469.2061836059497,-203.45902713169596,678.0197870771326,15.2594270348775,-35.19046377044631,6.566188981218843e-20
1786739499.7984052,push +Z,fast,1786739470.8001618,-467.5126692049089,-204.6411328055084,678.5619210386394,15.348084960413235,-35.06345019036841,6.62471937859336e-20
1786739499.8268578,push +Z,fast,1786739470.8001618,-467.35349087920486,-206.7336563381274,669.7250602628965,15.50502422535985,-35.05151181594051,6.659575188429351e-20
1786739499.8550892,push +Z,fast,1786739470.8001618,-466.09745682463563,-205.69877243995302,673.9126788747735,15.42740793299662,-34.95730926184798,6.746436346473994e-20
1786739499.8835793,push +Z,fast,1786739470.8001618,-465.5572721822259,-204.23175973050536,672.316690237948,15.31738197978829,-34.916795413667074,6.667464835475313e-20
1786739499.9117255,push +Z,fast,1786739470.8001618,-465.7109439100259,-204.03355726706513,685.018208253251,15.302516795030076,-34.92832079325219,6.735248922089068e-20
1786739499.940464,push +Z,fast,1786739470.8001618,-467.5606143107466,-204.17726366501358,687.8416117693596,15.313294774876173,-35.067046073306145,6.717695396331467e-20
1786739499.9687726,push +Z,fast,1786739470.8001618,-467.58334507432573,-203.37590149644234,684.0167528198062,15.25319261223341,-35.068750880574584,6.71591185163357e-20
1786739499.9970233,push +Z,fast,1786739470.8001618,-469.9457690376662,-203.87192440204842,686.7660670128744,15.29039433015377,-35.245932677825024,6.690679911657902e-20
1786739500.0256014,push +Z,fast,1786739470.8001618,-465.25732485504614,-202.14736786307685,670.4614987753985,15.16105258973099,-34.89429936412857,6.558243976003629e-20
1786739500.05389,push +Z,fast,1786739470.8001618,-464.1226210648574,-203.29325848519068,670.3783386786336,15.24699438638942,-34.809196579864526,6.638388847302662e-20
1786739500.082218,push +Z,fast,1786739470.8001618,-462.2942576841283,-202.18305015941598,671.7354220003672,15.163728761956431,-34.67206932630972,6.579373853915205e-20
1786739500.110669,push +Z,fast,1786739470.8001618,-464.18580710214064,-204.01846388478964,683.5453791322625,15.301384791359585,-34.81393553266074,6.672172384841308e-20
1786739500.1390884,push +Z,fast,1786739470.8001618,-468.75827990314383,-207.17279504911016,697.1560198790594,15.537959628683605,-35.156870992735875,6.738897860663835e-20
1786739500.167389,push +Z,fast,1786739470.8001618,-469.48294181824167,-205.11036812754287,691.4463583728802,15.383277609565997,-35.21122063636851,6.785465324836854e-20
1786739500.1959257,push +Z,fast,1786739470.8001618,-473.5982324474194,-206.6673119227313,696.8402748073913,15.500048394205269,-35.51986743355656,6.868690658221584e-20
1786739500.2242692,push +Z,fast,1786739470.8001618,-471.35049184092077,-203.0774055064096,690.808063419423,15.230805412981002,-35.351286888069204,6.758851122279174e-20
1786739500.2527637,push +Z,fast,1786739470.8001618,-470.6281389668584,-206.53273137483723,689.2581966854823,15.489954853113094,-35.297110422514585,6.758661224684359e-20
1786739500.2811322,push +Z,fast,1786739470.8001618,-467.1112611846511,-204.1091280593579,684.0982412302501,15.30818460445209,-35.03334458884902,6.705901901695072e-20
1786739500.3112495,push +Z,fast,1786739470.8001618,-466.6170970132839,-204.21679796786077,685.220870179407,15.316259847589809,-34.996282275996585,6.701272127932034e-20
1786739500.3380628,push +Z,fast,1786739470.8001618,-468.86585090427343,-203.26392936329046,699.7425273004756,15.244794702246931,-35.164938817820605,6.730162512768222e-20
1786739500.3663952,push +Z,fast,1786739470.8001618,-467.94183185281963,-199.29034432651133,692.7081683481347,14.946775824488714,-35.095637388961556,6.665725576617009e-20
1786739500.394646,push +Z,fast,1786739470.8001618,-466.9142470441557,-200.41234079596234,688.592840600747,15.030925559697497,-35.0185685283117,6.662179149445462e-20
1786739500.4231324,push +Z,fast,1786739470.8001618,-465.00893474859595,-199.64609534714043,672.4260266096671,14.9734571510357,-34.875670106144845,6.594022912298148e-20
1786739500.451488,push +Z,fast,1786739470.8001618,-464.2420261959128,-205.0125032942533,670.6703711652835,15.37593774706934,-34.81815196469386,6.565587311251531e-20
1786739500.479834,push +Z,fast,1786739470.8001618,-465.0747653966546,-203.31866627331704,676.5608061318189,15.248899970499,-34.88060740474926,6.61089091785194e-20
1786739500.5093355,push +Z,fast,1786739470.8001618,-465.6797090732007,-202.04068283671597,680.5506362362794,15.153051212753997,-34.9259781804903,6.653598734373003e-20
1786739500.5368655,push +Z,fast,1786739470.8001618,-468.4207363153255,-200.43378579502973,686.7958919580342,15.032533934627555,-35.13155522364948,6.724093536384697e-20
1786739500.5650756,push +Z,fast,1786739470.8001618,-467.10708542523616,-201.09148394775377,674.2741037845035,15.081861296081637,-35.033031406893016,6.61943256534927e-20
1786739500.5935924,push +Z,fast,1786739470.8001618,-465.22488406949924,-201.7322464159198,670.2793441257372,15.129918481194114,-34.89186630521279,6.590576646492518e-20
1786739500.6220303,push +Z,fast,1786739470.8001618,-464.7216956257289,-202.0345864005867,676.224748541832,15.152593980044205,-34.85412717192967,6.649828555484055e-20
1786739500.6501045,push +Z,fast,1786739470.8001618,-464.59049152433,-200.87792972417049,676.0960070555457,15.065844729312904,-34.84428686432499,6.6671294808238e-20
1786739500.6786478,push +Z,fast,1786739470.8001618,-467.49289367003075,-197.25465408329592,692.8592844423474,14.794099056247592,-35.061967025252386,6.774571698521127e-20
1786739500.7083483,push +Z,fast,1786739470.8001618,-465.720041086277,-195.9144869424756,680.2707736275825,14.693586520685809,-34.929003081471045,6.703191587002381e-20
1786739500.7356012,push +Z,fast,1786739470.8001618,-468.4359678306123,-198.25524827962374,691.3443682551642,14.869143620971965,-35.13269758729606,6.796862616881313e-20
1786739500.763949,push +Z,fast,1786739470.8001618,-467.96188460218536,-201.27725547809712,678.6006510295183,15.095794160857547,-35.09714134516399,6.692027224795564e-20
1786739500.7921674,push +Z,fast,1786739470.8001618,-469.12700903954965,-203.0949778777184,683.60454428304,15.232123340829194,-35.184525677966526,6.651825669539313e-20
1786739500.8204024,push +Z,fast,1786739470.8001618,-466.5385379493864,-201.18547436373922,675.3086563842226,15.088910577280782,-34.99039034620427,6.540967033999698e-20
1786739500.849038,push +Z,fast,1786739470.8001618,-466.3435899140268,-203.0511885601344,678.0811628658448,15.228839142010404,-34.97576924355217,6.571324540407985e-20
1786739500.8776145,push +Z,fast,1786739470.8001618,-468.36148517565334,-203.47120371137078,687.7024013513783,15.26034027835313,-35.127111388174114,6.767675458061273e-20
1786739500.9059968,push +Z,fast,1786739470.8001618,-468.05161688727776,-203.48443768135735,688.2986073267839,15.261332826101945,-35.103871266546136,6.83379343760961e-20
1786739500.934619,push +Z,fast,1786739470.8001618,-469.3648590381076,-205.159522205656,694.3080773188658,15.386964165424306,-35.20236442785833,6.896131584453055e-20
1786739500.962604,push +Z,fast,1786739470.8001618,-469.24651725052354,-203.1113847020623,692.6368544277848,15.23335385265489,-35.1934887937895,6.772859513541962e-20
1786739500.9912438,push +Z,fast,1786739470.8001618,-471.0374110890357,-205.48896579965992,699.369033415036,15.411672434974793,-35.32780583167782,6.802191269932625e-20
1786739501.019521,push +Z,fast,1786739470.8001618,-466.7005930404066,-203.89643301799845,682.3619896372984,15.29223247635024,-35.002544478030664,6.691708416327029e-20
1786739501.0478923,push +Z,fast,1786739470.8001618,-466.82075313975156,-205.425751545828,680.5833597400278,15.4069313659374,-35.01155648548142,6.652294087101466e-20
1786739501.0768542,push +Z,fast,1786739470.8001618,-467.5188463435529,-201.28946974993335,679.5105575099524,15.09671023124547,-35.06391347576663,6.641000918531247e-20
1786739501.1059859,push +Z,fast,1786739470.8001618,-469.79827057454895,-199.04933950846646,688.4246392049463,14.928700463135161,-35.234870293091376,6.675680172961321e-20
1786739501.1331987,push +Z,fast,1786739470.8001618,-471.6921807640474,-202.1482508842604,693.1401651965116,15.161118816319803,-35.37691355730375,6.726717155293159e-20
1786739501.161509,push +Z,fast,1786739470.8001618,-472.0230867900241,-211.36526094890633,691.5681301690374,15.85239457116828,-35.40173150925192,6.737712675715408e-20
1786739501.1899865,push +Z,fast,1786739470.8001618,-473.6618406360967,-212.29694232612746,702.7507811070045,15.92227067445987,-35.52463804770743,6.85886251264981e-20
1786739501.218106,push +Z,fast,1786739470.8001618,-470.6133463958304,-209.26891287460376,694.863203828163,15.695168465595483,-35.29600097968748,6.879466578198084e-20
1786739501.246655,push +Z,fast,1786739470.8001618,-467.9431554110879,-200.85472847270137,686.4657375394172,15.064104635452804,-35.09573665583175,6.828676338790207e-20
1786739501.2751858,push +Z,fast,1786739470.8001618,-465.4299055771671,-202.35558187016272,675.8079506500835,15.17666864026246,-34.90724291828767,6.681999123763444e-20
1786739501.3045323,push +Z,fast,1786739470.8001618,-464.8594987550118,-201.01754996276804,681.6334913816772,15.076316247207874,-34.86446240662617,6.657618339897e-20
1786739501.3318763,push +Z,fast,1786739470.8001618,-467.92435101989304,-205.5247902554521,690.4621477509063,15.414359269159252,-35.09432632649221,6.71810035304334e-20
1786739501.3603077,push +Z,fast,1786739470.8001618,-465.6318978082254,-202.38653734731054,684.1142125043189,15.178990301048469,-34.92239233561704,6.659419479272069e-20
1786739501.388715,push +Z,fast,1786739470.8001618,-466.46764067175263,-203.1086742574621,679.4102594745309,15.233150569309938,-34.985073050381565,6.604642083895621e-20
1786739501.4176698,push +Z,fast,1786739470.8001618,-466.5088577838592,-202.23539747611437,673.9412563533651,15.16765481070873,-34.98816433378952,6.633440391176456e-20
1786739501.4454045,push +Z,fast,1786739470.8001618,-469.389488108719,-203.44049568025468,677.7861604941327,15.25803717601946,-35.204211608154,6.723993345032242e-20
1786739501.4739218,push +Z,fast,1786739470.8001618,-470.05338753748356,-202.7044906222476,680.1235106346039,15.202836796668894,-35.25400406531152,6.758179652561737e-20
1786739501.5028477,push +Z,fast,1786739470.8001618,-468.3848572443303,-200.5915267700317,694.3807901968294,15.044364507752842,-35.12886429332483,6.810105224148447e-20
1786739501.5303373,push +Z,fast,1786739470.8001618,-469.10978131069396,-202.85502782689161,693.9700040652742,15.214127087017086,-35.18323359830217,6.807906013670953e-20
1786739501.5586994,push +Z,fast,1786739470.8001618,-467.8427721749649,-204.02178760168204,692.2747804745741,15.301634070126344,-35.08820791312249,6.814384332585319e-20
1786739501.5871506,push +Z,fast,1786739470.8001618,-463.67746568100256,-201.88863982037867,668.893631528289,15.141647986528628,-34.775809926075354,6.572186705127591e-20
1786739501.6157372,push +Z,fast,1786739470.8001618,-461.3331376480987,-200.91288613958613,662.643721149394,15.068466460469015,-34.59998532360757,6.577725886108918e-20
1786739501.644114,push +Z,fast,1786739470.8001618,-460.1499521244359,-200.6553920641229,656.8032339158935,15.04915440480939,-34.51124640933277,6.518165311150716e-20
1786739501.6726112,push +Z,fast,1786739470.8001618,-464.589464609257,-204.411317011581,669.920383401778,15.33084877586894,-34.84420984569447,6.674178820695091e-20
1786739501.7012813,push +Z,fast,1786739470.8001618,-466.9270765245974,-205.80070584572195,681.919866458079,15.43505293842934,-35.01953073934501,6.63597666212723e-20
1786739501.7292426,push +Z,fast,1786739470.8001618,-468.93996600091486,-204.61364133187806,688.783574138266,15.346023099891138,-35.1704974500688,6.65539652541261e-20
1786739501.757961,push +Z,fast,1786739470.8001618,-469.6447585077058,-205.46339522363508,689.7937647907147,15.40975464177291,-35.2233568880782,6.587280469550137e-20
1786739501.7863867,push +Z,fast,1786739470.8001618,-468.5862112097757,-203.84054878188397,684.3879083229458,15.28804115864153,-35.14396584073339,6.587478099382937e-20
1786739501.8150346,push +Z,fast,1786739470.8001618,-468.3052649521205,-204.9382288521806,681.887883442645,15.370367163913844,-35.12289487140925,6.580594096413664e-20
1786739501.8432066,push +Z,fast,1786739470.8001618,-467.16872206184235,-201.23025198922198,680.847276400159,15.092268899192018,-35.037654154638325,6.642815230024515e-20
1786739501.8717003,push +Z,fast,1786739470.8001618,-466.4502838581893,-200.5781723651853,676.8576854012181,15.043362927389172,-34.98377128936432,6.635458056592693e-20
1786739501.9004214,push +Z,fast,1786739470.8001618,-465.06224538069273,-200.36803173161582,671.4947811894945,15.027602379871492,-34.87966840355218,6.62802922770425e-20
1786739501.9281142,push +Z,fast,1786739470.8001618,-465.76850249759536,-204.09791001311612,672.1203067871356,15.307343250984008,-34.93263768731987,6.579880562686878e-20
1786739501.9566991,push +Z,fast,1786739470.8001618,-467.7129415442878,-203.88209266805995,674.7422810548269,15.291156950104682,-35.07847061582191,6.578872552323652e-20
1786739501.9849045,push +Z,fast,1786739470.8001618,-467.09057709984927,-204.8168250166102,670.2131701627422,15.361261876246001,-35.03179328248886,6.540892329581775e-20
1786739502.013286,push +Z,fast,1786739470.8001618,-466.9366351219851,-204.01860772255316,670.8237492856024,15.30139557919195,-35.020247634149165,6.550081544670608e-20
1786739502.041607,push +Z,fast,1786739470.8001618,-466.52325788553026,-208.38875207003127,662.766232272028,15.629156405252527,-34.98924434141499,6.533321723527022e-20
1786739502.0701885,push +Z,fast,1786739470.8001618,-467.1986650648073,-207.1944487667755,668.2891230484502,15.539583657508413,-35.03989987986081,6.599711195929967e-20
1786739502.098652,push +Z,fast,1786739470.8001618,-468.07571800592086,-208.4574352269584,667.8455365814489,15.634307642022168,-35.105678850444235,6.674464439458926e-20
1786739502.1268897,push +Z,fast,1786739470.8001618,-467.7285789684415,-206.26725483490247,677.6031712701606,15.470044112617725,-35.079643422633275,6.730159488016753e-20
1786739502.1553044,push +Z,fast,1786739470.8001618,-469.60472559739037,-207.4379535264992,683.5787237379755,15.557846514487824,-35.22035441980443,6.754947237954546e-20
1786739502.1835744,push +Z,fast,1786739470.8001618,-468.0477647825428,-204.060093409351,684.0642029328737,15.304507005701634,-35.10358235869083,6.710603579324891e-20
1786739502.2122202,push +Z,fast,1786739470.8001618,-471.7659303883747,-202.84129551054468,691.0873468983655,15.213097163291135,-35.38244477912835,6.722340625289689e-20
1786739502.2406096,push +Z,fast,1786739470.8001618,-469.60255647501845,-203.68563322683133,682.7455477932381,15.276422492012468,-35.220191735626614,6.71515380159541e-20
1786739502.2690308,push +Z,fast,1786739470.8001618,-469.38405848598586,-203.1706491549278,678.8112313889142,15.23779868661978,-35.203804386449114,6.69432775644229e-20
1786739502.2975705,push +Z,fast,1786739470.8001618,-468.5700889904392,-204.25475186134463,680.3026483792464,15.319106389600972,-35.142756674283284,6.750885516125143e-20
1786739502.3259938,push +Z,fast,1786739470.8001618,-472.7766319444604,-201.81610027242675,693.6939518580102,15.136207520432297,-35.458247395834825,6.76141566212855e-20
1786739502.3543987,push +Z,fast,1786739470.8001618,-476.68150168836473,-202.9726379579946,702.0780251648594,15.222947846849781,-35.75111262662748,6.823036489483495e-20
1786739502.3827815,push +Z,fast,1786739470.8001618,-474.41652163081335,-202.4925005799737,696.0729860516976,15.186937543498463,-35.581239122311196,6.710566110611265e-20
1786739502.4110422,push +Z,fast,1786739470.8001618,-469.99705830715857,-201.76896630342662,686.4104417083745,15.132672472757303,-35.249779373037036,6.693539724454774e-20
1786739502.4391806,push +Z,fast,1786739470.8001618,-464.3152894291975,-201.70481744820802,676.8217978665161,15.127861308615767,-34.82364670719008,6.600388947780878e-20
1786739502.467576,push +Z,fast,1786739470.8001618,-462.95977259051915,-199.469962805391,671.9087488655832,14.960247210404528,-34.7219829442891,6.607758232686306e-20
1786739502.496899,push +Z,fast,1786739470.8001618,-468.342192871738,-201.08397049488974,685.2314360804867,15.081297787116835,-35.12566446538059,6.644728549832506e-20
1786739502.524352,push +Z,fast,1786739470.8001618,-469.4275154644847,-200.86722251636206,687.5650947236663,15.065041688727302,-35.20706365983664,6.688956411022756e-20
1786739502.55308,push +Z,fast,1786739470.8001618,-470.4202973016463,-199.53274374196292,695.3874978150716,14.964955780647305,-35.28152229762368,6.624106847639757e-20
1786739502.5814734,push +Z,fast,1786739470.8001618,-467.71661450715965,-199.08993808260163,686.3863038335112,14.931745356195162,-35.07874608803714,6.605731894905184e-20
1786739502.6100247,push +Z,fast,1786739470.8001618,-465.8022198728422,-199.22098077099588,679.9966536077754,14.941573557824842,-34.935166490463374,6.567856367198271e-20
1786739502.638226,push +Z,fast,1786739470.8001618,-466.4798568603592,-201.71992363269214,681.8334707300364,15.128994272452235,-34.98598926452702,6.692113052889632e-20
1786739502.666699,push +Z,fast,1786739470.8001618,-463.4143320879007,-199.06880514413967,674.9339652849949,14.930160385810897,-34.7560749065927,6.67122133094601e-20
1786739502.6958582,push +Z,fast,1786739470.8001618,-466.7607707041011,-198.715711023224,687.0276578170815,14.903678326741943,-35.00705780280765,6.742346740392449e-20
1786739502.7233949,push +Z,fast,1786739470.8001618,-465.5714955432218,-198.73425677658986,682.8756477608131,14.905069258244541,-34.917862165741745,6.703247973181836e-20
1786739502.7519286,push +Z,fast,1786739470.8001618,-467.6287304923503,-201.9212740771991,695.1059834535472,15.14409555579007,-35.072154786926546,6.778788517845567e-20
1786739502.7800095,push +Z,fast,1786739470.8001618,-465.639861117887,-200.073467742096,688.3869024357018,15.005510080657391,-34.922989583841876,6.718591966903419e-20
1786739502.8086631,push +Z,fast,1786739470.8001618,-466.2727150853266,-200.2379625377912,682.611252853032,15.017847190334503,-34.97045363139978,6.73828149089612e-20
1786739502.8370197,push +Z,fast,1786739470.8001618,-465.95865928677176,-199.88322471318077,683.6205989078644,14.991241853488805,-34.946899446508134,6.737937278725573e-20
1786739502.8654191,push +Z,fast,1786739470.8001618,-468.03887243135887,-202.23934428901123,690.9554481432824,15.167950821676083,-35.102915432352,6.783643040031682e-20
1786739502.8949604,push +Z,fast,1786739470.8001618,-468.60280682067287,-201.58454744912535,698.1990530697276,15.118841058684612,-35.145210511550616,6.807022154954582e-20
1786739502.9224186,push +Z,fast,1786739470.8001618,-466.5452552392908,-201.03962465765926,685.5319513113536,15.077971849324673,-34.990894142946985,6.729087244607683e-20
1786739502.9507403,push +Z,fast,1786739470.8001618,-466.48999841637624,-197.32563758049173,686.9048772203532,14.799422818536886,-34.986749881228455,6.709667904673746e-20
1786739502.9786296,push +Z,fast,1786739470.8001618,-464.2228815043554,-202.40195088347048,679.5063553448235,15.180146316260515,-34.81671611282688,6.692517283001591e-20
1786739503.0071716,push +Z,fast,1786739470.8001618,-465.6737602924718,-201.7154802253175,686.4692665824623,15.128661016898835,-34.92553202193546,6.74151752667536e-20
1786739503.0355,push +Z,fast,1786739470.8001618,-463.4788180174032,-205.93791800595898,678.0991012906625,15.445343850447326,-34.76091135130541,6.72730375955285e-20
1786739503.0639918,push +Z,fast,1786739470.8001618,-462.97149329274316,-200.88560708130547,683.5301857695358,15.066420531098206,-34.722861996955956,6.741773285442853e-20
1786739503.0921495,push +Z,fast,1786739470.8001618,-463.2514881733746,-200.82669604994499,677.7334144618471,15.062002203746143,-34.743861613003155,6.677752695584302e-20
1786739503.1206427,push +Z,fast,1786739470.8001618,-466.25295489134805,-201.71039537329204,681.7727043784798,15.128279652997026,-34.96897161685137,6.730956879880913e-20
1786739503.1490254,push +Z,fast,1786739470.8001618,-466.8935970653274,-200.24544850846485,677.8014868088794,15.018408638135089,-35.01701977989992,6.651887881015361e-20
1786739503.1772966,push +Z,fast,1786739470.8001618,-467.43903190277024,-200.82476225014193,686.6903937167936,15.061857168760678,-35.05792739270797,6.674697903759798e-20
1786739503.2058387,push +Z,fast,1786739470.8001618,-464.5581875220805,-198.25102397854323,681.9691370322498,14.868826798391094,-34.84186406415609,6.541630375078673e-20
1786739503.2342372,push +Z,fast,1786739470.8001618,-463.80915828771276,-200.38949211275246,680.8997532542307,15.029211908456464,-34.78568687157852,6.610466307016876e-20
1786739503.2630448,push +Z,fast,1786739470.8001618,-463.3822256349554,-201.7551072548033,674.9092699613157,15.13163304411049,-34.753666922621754,6.614805052548484e-20
1786739503.291229,push +Z,fast,1786739470.8001618,-465.43744260966423,-202.0435826024701,681.987941057163,15.153268695185158,-34.907808195724854,6.673833898419324e-20
1786739503.3192868,push +Z,fast,1786739470.8001618,-468.2493815975413,-200.3574593966406,691.02085785095,15.0268094547483,-35.118703619815804,6.695728597532643e-20
1786739503.3477187,push +Z,fast,1786739470.8001618,-467.87737477803375,-199.15679831828413,688.7014343463479,14.936759873871441,-35.090803108352645,6.675085526533368e-20
1786739503.37616,push +Z,fast,1786739470.8001618,-468.578930575241,-202.9803489463451,685.5135052627465,15.223526170976154,-35.14341979314323,6.754342731090028e-20
1786739503.404778,push +Z,fast,1786739470.8001618,-466.55178535710047,-204.29611602985608,676.8102447048786,15.322208702239497,-34.99138390178265,6.658156206907688e-20
1786739503.4331126,push +Z,fast,1786739470.8001618,-465.74276941061726,-205.56533697064503,674.8208741069157,15.417400272798577,-34.930707705796515,6.66045324267547e-20
1786739503.4614148,push +Z,fast,1786739470.8001618,-464.2169059508783,-203.03871142603555,672.0724637133562,15.22790335695301,-34.816267946316074,6.616999335233125e-20
1786739503.4899476,push +Z,fast,1786739470.8001618,-466.08383368785326,-201.910851493349,681.4202943729397,15.143313862001374,-34.95628752658911,6.732791970193033e-20
1786739503.518435,push +Z,fast,1786739470.8001618,-468.0117113644037,-201.69760424971696,697.5765674048716,15.127320318728945,-35.1008783523305,6.804942400083027e-20
1786739503.5468884,push +Z,fast,1786739470.8001618,-468.62165510563636,-200.10621052838223,698.696003228848,15.007965789628951,-35.1466241329229,6.808892967456497e-20
1786739503.5752523,push +Z,fast,1786739470.8001618,-468.6478820298339,-204.7028203471682,694.5909184231468,15.352711526037826,-35.148591152237756,6.793041164665415e-20
1786739503.603661,push +Z,fast,1786739470.8001618,-464.6119068906032,-203.64439872310902,675.0779729491705,15.273329904233254,-34.84589301679543,6.621161217013243e-20
1786739503.6323514,push +Z,fast,1786739470.8001618,-466.88839782317746,-204.77144107298307,680.0763639475445,15.3578580804739,-35.01662983673848,6.637507577723376e-20
1786739503.6604216,push +Z,fast,1786739470.8001618,-465.1761097191534,-203.00023545229374,675.62393597755,15.225017658922166,-34.88820822893672,6.633029237407688e-20
1786739503.6886764,push +Z,fast,1786739470.8001618,-466.2158305978992,-205.78288210289975,679.0549327488707,15.433716157717729,-34.96618729484261,6.714332829094898e-20
1786739503.7172742,push +Z,fast,1786739470.8001618,-464.9066314657707,-208.62921455218964,680.7945272296265,15.64719109141451,-34.86799735993288,6.732670731920271e-20
1786739503.7457278,push +Z,fast,1786739470.8001618,-466.9556003478465,-209.73651427348534,685.1712063200666,15.730238570511705,-35.02167002608864,6.722055857434251e-20
1786739503.774018,push +Z,fast,1786739470.8001618,-468.92522420804744,-208.2010404082165,688.9528996704621,15.615078030616434,-35.16939181560369,6.764002179738955e-20
1786739503.802477,push +Z,fast,1786739470.8001618,-468.7853313353694,-206.73358738741888,682.7208235053022,15.505019054056792,-35.15889985015291,6.77709517926819e-20
1786739503.8309903,push +Z,fast,1786739470.8001618,-466.47740993854904,-204.92177409700378,676.2312955686712,15.369133057275501,-34.98580574539119,6.688738582938304e-20
1786739503.8595216,push +Z,fast,1786739470.8001618,-466.5931815475069,-205.44352302614686,678.7196144023465,15.408264226961098,-34.99448861606319,6.70028440616878e-20
1786739503.8892243,push +Z,fast,1786739470.8001618,-465.10417682891057,-203.78176768569142,682.4136850029936,15.283632576427078,-34.882813262168426,6.697792005930786e-20
1786739503.9159493,push +Z,fast,1786739470.8001618,-466.1646532888776,-202.04877091601622,690.8695330468181,15.153657818701465,-34.96234899666614,6.776278062272217e-20
1786739503.9445264,push +Z,fast,1786739470.8001618,-467.5446477690207,-205.7638091892568,689.7943246195482,15.43228568919449,-35.065848582676715,6.787095057203261e-20
1786739503.9728937,push +Z,fast,1786739470.8001618,-466.6478765828688,-207.45636434327434,679.8007312815434,15.55922732574587,-34.998590743715326,6.721522135817065e-20
1786739504.0011125,push +Z,fast,1786739470.8001618,-464.7920022354333,-207.03191995059922,668.8331946774488,15.527393996295029,-34.85940016765774,6.673034254514484e-20
1786739504.0295281,push +Z,fast,1786739470.8001618,-463.3652370596433,-202.86283669494935,666.2965335578483,15.214712752121255,-34.75239277947348,6.643890641112514e-20
1786739504.05791,push +Z,fast,1786739470.8001618,-463.1943732689547,-202.7443502996133,668.8500847044779,15.205826272471302,-34.739577995171764,6.646960509254115e-20
1786739504.0871751,push +Z,fast,1786739470.8001618,-465.73537206794845,-205.16638312332918,677.6635152811268,15.387478734250035,-34.930152905096286,6.662333326392333e-20
1786739504.1145644,push +Z,fast,1786739470.8001618,-466.2506805986727,-206.27312058174118,678.0253554418996,15.470484043630709,-34.968801044900765,6.660993286738338e-20
1786739504.143149,push +Z,fast,1786739470.8001618,-467.1168435048985,-207.43525206027198,679.8620472314451,15.557643904520798,-35.033763262867424,6.651564871174217e-20
1786739504.1715739,push +Z,fast,1786739470.8001618,-466.5640529151292,-207.65497183042362,677.6258578291645,15.574122887282154,-34.992303968634815,6.636105403589104e-20
1786739504.1999013,push +Z,fast,1786739470.8001618,-463.4591176211302,-206.33787810818603,669.8257551186725,15.475340858114233,-34.759433821584885,6.544155395212537e-20
1786739504.2284045,push +Z,fast,1786739470.8001618,-465.36470356357404,-205.13805241409227,673.7826132668006,15.385353931057178,-34.902352767268056,6.578437046601539e-20
1786739504.2569609,push +Z,fast,1786739470.8001618,-464.9851155810884,-205.80248460729354,671.0168367134083,15.435186345547283,-34.87388366858172,6.608136926099899e-20
1786739504.2856612,push +Z,fast,1786739470.8001618,-468.18317271429214,-206.60673769074197,682.7857827515254,15.495505326805823,-35.11373795357222,6.753598884298747e-20
1786739504.3132567,push +Z,fast,1786739470.8001618,-467.8468352202708,-207.17860735146587,680.5839162912725,15.538395551360136,-35.08851264152045,6.762693561765671e-20
1786739504.3421137,push +Z,fast,1786739470.8001618,-467.2872703696048,-204.2138408873485,683.4364242496131,15.316038066551375,-35.046545277720455,6.717173552396052e-20
1786739504.370327,push +Z,fast,1786739470.8001618,-468.60981230663447,-204.6420665536765,682.4667353368122,15.348154991526034,-35.14573592299776,6.658972045771357e-20
1786739504.3987517,push +Z,fast,1786739470.8001618,-467.0273225755018,-204.6358847957232,680.4960723666736,15.347691359679484,-35.02704919316301,6.686187041308712e-20
1786739504.4272704,push +Z,fast,1786739470.8001618,-466.81203765165037,-207.60763651484808,675.198641621052,15.570572738613894,-35.01090282387407,6.738897669973158e-20
1786739504.455418,push +Z,fast,1786739470.8001618,-464.82144513722506,-207.71368321444925,675.7143847488296,15.578526241083988,-34.86160838529215,6.780429003763606e-20
1786739504.4854677,push +Z,fast,1786739470.8001618,-466.430690179609,-206.83622909192138,681.0260580046433,15.512717181894363,-34.982301763470815,6.764358569600959e-20
1786739504.5125031,push +Z,fast,1786739470.8001618,-469.9851202621662,-208.01103738385734,689.7846559864656,15.600827803789539,-35.24888401966252,6.812590427366304e-20
1786739504.5409758,push +Z,fast,1786739470.8001618,-471.0321891041772,-208.41760269821384,694.84506016458,15.631320202366172,-35.327414182813385,6.876210054640873e-20
1786739504.5690196,push +Z,fast,1786739470.8001618,-468.1145212454253,-206.87598807029985,689.2001345522549,15.515699105272798,-35.10858909340699,6.760905304299183e-20
1786739504.5976794,push +Z,fast,1786739470.8001618,-465.14847868397874,-203.51767465866214,679.4188825384763,15.263825599399912,-34.88613590129848,6.664165248221979e-20
1786739504.6258347,push +Z,fast,1786739470.8001618,-466.4440787664739,-201.16143044426713,674.9042981306711,15.087107283320439,-34.98330590748576,6.569253366664255e-20
1786739504.6542342,push +Z,fast,1786739470.8001618,-468.25797692908145,-203.96142661487283,675.3430858132533,15.297106996115904,-35.11934826968147,6.641415490100111e-20
1786739504.6841729,push +Z,fast,1786739470.8001618,-466.61521290548353,-202.51303445369183,675.835683272292,15.18847758402718,-34.99614096791157,6.625655055145051e-20
1786739504.7109532,push +Z,fast,1786739470.8001618,-463.79945615040697,-203.70004673764072,668.9301005831294,15.277503505323548,-34.784959211280714,6.622678536126874e-20
1786739504.7391696,push +Z,fast,1786739470.8001618,-464.8543030833048,-200.53470274391373,673.6605732429816,15.040102705793746,-34.8640727312482,6.663147778561771e-20
1786739504.7675753,push +Z,fast,1786739470.8001618,-464.0362080419759,-204.59112805657298,669.306846822522,15.344334604243354,-34.80271560314835,6.669577193981322e-20
1786739504.7961795,push +Z,fast,1786739470.8001618,-463.4411333225912,-204.6735489545449,670.7807128255517,15.350516171591178,-34.758084999194374,6.690922937351478e-20
1786739504.8246236,push +Z,fast,1786739470.8001618,-462.07307206608994,-207.57684971719573,666.7764391281407,15.568263728789933,-34.65548040495688,6.67065901899967e-20
1786739504.8527648,push +Z,fast,1786739470.8001618,-465.54624056863213,-203.94882579219495,680.2418073354747,15.296161934414915,-34.91596804264745,6.728263573776648e-20
1786739504.8826737,push +Z,fast,1786739470.8001618,-467.92110340139743,-205.0228161570319,684.679550738866,15.376711211777792,-35.094082755104964,6.737989961620322e-20
1786739504.9098377,push +Z,fast,1786739470.8001618,-467.72280746865954,-206.83067019370196,682.5675123061392,15.51230026452792,-35.07921056014969,6.696562841623701e-20
1786739504.9379432,push +Z,fast,1786739470.8001618,-466.8687099886656,-207.88452944264884,679.9227683251138,15.591339708198849,-35.01515324914995,6.69490457351119e-20
1786739504.9669704,push +Z,fast,1786739470.8001618,-465.92638426334315,-207.09942141778822,674.6654202461996,15.532456606334389,-34.94447881975103,6.638699488480776e-20
1786739504.9948146,push +Z,fast,1786739470.8001618,-465.48146464454567,-203.31937531797428,674.4144301107926,15.248953148848276,-34.91110984834111,6.642651440428163e-20
1786739505.023116,push +Z,fast,1786739470.8001618,-464.9090719682563,-203.55409542593065,669.3599510262738,15.266557156944888,-34.86818039761932,6.544518571446625e-20
1786739505.0515852,push +Z,fast,1786739470.8001618,-463.9510005969687,-202.2283451601735,671.3093943474214,15.167125887013345,-34.79632504477291,6.610769319480429e-20
1786739505.080398,push +Z,fast,1786739470.8001618,-465.20483508978896,-202.73061027088067,678.8631482640267,15.204795770316036,-34.890362631734334,6.715980070322524e-20
1786739505.1082706,push +Z,fast,1786739470.8001618,-465.7667369478586,-204.3917219769296,683.8331838829599,15.329379148269911,-34.93250527108943,6.801196227212551e-20
1786739505.1367917,push +Z,fast,1786739470.8001618,-466.586281329784,-205.0893823384805,684.8988183310585,15.381703675386216,-34.99397109973389,6.74850297577544e-20
1786739505.1652045,push +Z,fast,1786739470.8001618,-466.0797962091656,-206.1202206785415,679.4300884544791,15.459016550890905,-34.95598471568734,6.715442428965999e-20
1786739505.1934626,push +Z,fast,1786739470.8001618,-466.93815425833736,-204.31111413163478,680.8199357882631,15.323333559872896,-35.020361569375424,6.781478675657796e-20
1786739505.2218375,push +Z,fast,1786739470.8001618,-467.78109316191785,-204.47180947022014,686.66387571414,15.33538571026661,-35.0835819871442,6.834849500939827e-20
1786739505.2502162,push +Z,fast,1786739470.8001618,-469.19248263129384,-203.07472941430615,692.4635731974986,15.230604706073112,-35.189436197347284,6.817940195280516e-20
1786739505.2787678,push +Z,fast,1786739470.8001618,-468.0243503649972,-204.60303174215574,695.2170366569317,15.345227380661822,-35.10182627737494,6.789363948510648e-20
1786739505.307213,push +Z,fast,1786739470.8001618,-467.37949140128694,-203.89155288343147,688.3048903972895,15.291866466257492,-35.053461855096735,6.72322293399631e-20
1786739505.3356392,push +Z,fast,1786739470.8001618,-467.5412844061225,-203.4147668251269,683.1381369565188,15.256107511884796,-35.06559633045932,6.687781004693018e-20
1786739505.3638868,push +Z,fast,1786739470.8001618,-468.35348363768344,-202.9029290531089,679.5607993545891,15.217719678983467,-35.12651127282643,6.632424691827288e-20
1786739505.392292,push +Z,fast,1786739470.8001618,-468.7920278216934,-203.00346252745487,685.0861469861647,15.22525968955939,-35.159402086627395,6.642467710513158e-20
1786739505.4205968,push +Z,fast,1786739470.8001618,-468.53300982384235,-204.00255650088036,694.2927800293,15.300191737566227,-35.13997573678831,6.721909976804024e-20
1786739505.4489934,push +Z,fast,1786739470.8001618,-469.0222672042505,-202.54404496286963,695.3636201632935,15.19080337221536,-35.1766700403189,6.772362322935197e-20
1786739505.4773738,push +Z,fast,1786739470.8001618,-467.4623248249827,-201.26539738164593,693.707571505247,15.094904803623717,-35.059674361873974,6.801270585434032e-20
1786739505.5057178,push +Z,fast,1786739470.8001618,-464.56930111342945,-201.74772397065408,680.1597142970404,15.131079297799179,-34.84269758350745,6.721766485656638e-20
1786739505.534127,push +Z,fast,1786739470.8001618,-464.73600926739755,-201.84643100255437,683.3192396190607,15.13848232519182,-34.855200695055096,6.720483015941141e-20
1786739505.5625253,push +Z,fast,1786739470.8001618,-469.30775808668113,-201.72028666381118,690.2187004846946,15.129021499785967,-35.19808185650129,6.72796225441005e-20
1786739505.5911963,push +Z,fast,1786739470.8001618,-471.31970076806283,-198.10539865640237,696.6048859350249,14.85790489923031,-35.34897755760488,6.688597532903598e-20
1786739505.6195035,push +Z,fast,1786739470.8001618,-468.8698474566213,-196.70158171471735,692.4050016786578,14.752618628604115,-35.16523855924678,6.625827688297242e-20
1786739505.647715,push +Z,fast,1786739470.8001618,-465.233526091527,-196.09404843401808,685.6179920030118,14.707053632551503,-34.89251445686478,6.618046773796102e-20
1786739505.6761465,push +Z,fast,1786739470.8001618,-464.089359499847,-200.3512563742595,685.495585139819,15.026344228069686,-34.80670196248871,6.685254213936287e-20
1786739505.7045124,push +Z,fast,1786739470.8001618,-465.87565461873646,-199.47417891043483,691.3473995069999,14.960563418283048,-34.94067409640552,6.785569205601214e-20
1786739505.732937,push +Z,fast,1786739470.8001618,-469.10527103592403,-202.4440540530752,696.6183777894221,15.183304053980965,-35.1828953276944,6.80719238041179e-20
1786739505.7614703,push +Z,fast,1786739470.8001618,-470.5679717287617,-199.88010435382478,698.5393821895395,14.991007826537068,-35.292597879657336,6.792133942984463e-20
1786739505.7896686,push +Z,fast,1786739470.8001618,-470.6938964045539,-204.04527124498213,693.0719148760782,15.303395343373875,-35.30204223034186,6.711557342398339e-20
1786739505.8181853,push +Z,fast,1786739470.8001618,-467.46507204326144,-204.11808201487622,691.4537849066146,15.308856151115986,-35.05988040324499,6.755797231155425e-20
1786739505.8466794,push +Z,fast,1786739470.8001618,-468.9067384547475,-205.18997046246398,691.4928472986039,15.389247784685121,-35.16800538410635,6.770132680199185e-20
1786739505.875463,push +Z,fast,1786739470.8001618,-470.0522899278899,-201.66630434932654,701.8894273618107,15.124972826199613,-35.25392174459186,6.883161533283532e-20
1786739505.9032712,push +Z,fast,1786739470.8001618,-468.82496789000606,-198.4648540227064,696.8953123745587,14.884864051703108,-35.1618725917507,6.762917114721179e-20
1786739505.9318843,push +Z,fast,1786739470.8001618,-465.2815481713915,-196.87465559492318,696.59687062381,14.765599169619282,-34.89611611285468,6.715074154825537e-20
1786739505.9602125,push +Z,fast,1786739470.8001618,-463.33782134478133,-196.44488355211797,690.6231010937427,14.73336626640911,-34.750336600858866,6.631428656856695e-20
1786739505.9885027,push +Z,fast,1786739470.8001618,-461.5776998203819,-195.21391199214565,683.7106611431427,14.641043399411,-34.618327486528926,6.616820671557449e-20
1786739506.017615,push +Z,fast,1786739470.8001618,-464.79885512516057,-196.60437345325784,686.6850409347826,14.74532800899458,-34.85991413438716,6.669676156450707e-20
1786739506.0452898,push +Z,fast,1786739470.8001618,-465.2834734122216,-198.75318552228896,682.1391488576746,14.906488914171877,-34.89626050591675,6.673748032313592e-20
1786739506.0738583,push +Z,fast,1786739470.8001618,-468.6857192502325,-202.70534753570428,686.0146876861836,15.202901065178143,-35.151428943767634,6.697970915783065e-20
1786739506.1022363,push +Z,fast,1786739470.8001618,-466.694807892507,-199.6875799958715,684.7433672782454,14.97656849969064,-35.00211059193815,6.667268284683225e-20
1786739506.1304872,push +Z,fast,1786739470.8001618,-465.29312956172544,-199.166828922406,684.85401988585,14.937512169180668,-34.89698471712963,6.647341771313082e-20
1786739506.1590023,push +Z,fast,1786739470.8001618,-464.43551728432476,-196.56747622744956,686.5830726854565,14.742560717059053,-34.83266379632453,6.674364704675696e-20
1786739506.1872575,push +Z,fast,1786739470.8001618,-461.64099941683526,-199.90138772726448,673.3254567174981,14.992604079544986,-34.62307495626305,6.621178961257604e-20
1786739506.215849,push +Z,fast,1786739470.8001618,-461.3791127705772,-197.9505392606443,671.5871721417479,14.846290444548426,-34.60343345779329,6.608611382033231e-20
1786739506.2441304,push +Z,fast,1786739470.8001618,-462.09080708295505,-198.0245580943921,675.1313598875358,14.851841857079766,-34.65681053122191,6.602263378414376e-20
1786739506.2728837,push +Z,fast,1786739470.8001618,-466.3595588386029,-198.03933419761108,691.8565345489897,14.852950064821055,-34.97696691289548,6.717244291297902e-20
1786739506.3009117,push +Z,fast,1786739470.8001618,-467.283398694045,-199.85811808095002,696.6279044863795,14.989358856071451,-35.04625490205364,6.79348227803889e-20
1786739506.3292358,push +Z,fast,1786739470.8001618,-467.00104687133216,-201.73506097469556,698.6412452675359,15.130129573102504,-35.02507851535003,6.839383845616904e-20
1786739506.357752,push +Z,fast,1786739470.8001618,-466.0591524533156,-202.17688696881692,698.9512724392962,15.163266522661576,-34.95443643399883,6.871611488024559e-20
1786739506.3860857,push +Z,fast,1786739470.8001618,-465.7612436380473,-202.50433405404726,692.4154287240744,15.187825054053771,-34.932093272853784,6.778973423212808e-20
1786739506.4144163,push +Z,fast,1786739470.8001618,-465.7070055189197,-202.22533168916823,688.9324358237809,15.166899876687705,-34.928025413919194,6.718988115821728e-20
1786739506.4427967,push +Z,fast,1786739470.8001618,-464.9110477270174,-201.30761763207727,687.5159246973044,15.098071322406081,-34.868328579526434,6.753205025853194e-20
1786739506.4714246,push +Z,fast,1786739470.8001618,-465.20710673782605,-200.2286308516342,694.5570482453531,15.017147313872751,-34.890533005337076,6.821344498436256e-20
1786739506.499626,push +Z,fast,1786739470.8001618,-464.01108775090506,-198.36578607201125,694.7437074867212,14.87743395540112,-34.80083158131803,6.816278181182407e-20
1786739506.528004,push +Z,fast,1786739470.8001618,-463.83512912415335,-199.25501903497877,688.8663717426825,14.944126427623555,-34.787634684311655,6.723548263900565e-20
1786739506.556481,push +Z,fast,1786739470.8001618,-465.85569613392045,-199.41905357963253,698.1652541537715,14.956429018472779,-34.939177210044164,6.822323164089645e-20
1786739506.5849257,push +Z,fast,1786739470.8001618,-464.775550399841,-201.51100780603247,692.6584752567342,15.11332558545259,-34.85816627998836,6.855844349039693e-20
1786739506.613171,push +Z,fast,1786739470.8001618,-464.4880906935773,-200.8672035454132,690.514068848558,15.065040265906024,-34.83660680201851,6.84173567078929e-20
1786739506.641508,push +Z,fast,1786739470.8001618,-462.43911405064955,-201.26989919189805,676.7947697562031,15.095242439392631,-34.68293355379891,6.690591466222266e-20
1786739506.6714451,push +Z,fast,1786739470.8001618,-462.0215647311393,-201.64111553448834,674.3849218294436,15.12308366508692,-34.65161735483575,6.626240459953774e-20
1786739506.6982455,push +Z,fast,1786739470.8001618,-463.42225243492703,-202.36454785436865,679.2240510457777,15.17734108907786,-34.75666893261973,6.601102902950604e-20
1786739506.7267182,push +Z,fast,1786739470.8001618,-462.60448079370735,-202.54487582368472,674.7230057828929,15.1908656867766,-34.695336059528366,6.595383777824516e-20
1786739506.7550516,push +Z,fast,1786739470.8001618,-464.5277626478719,-200.70152420757802,682.1326167148509,15.052614315568324,-34.83958219859053,6.64203391040406e-20
1786739506.7834857,push +Z,fast,1786739470.8001618,-463.34504288333846,-198.58660977512307,681.9688590978412,14.89399573313457,-34.75087821625058,6.685992588817626e-20
1786739506.811782,push +Z,fast,1786739470.8001618,-463.26948788648997,-196.56302940785474,686.527581612575,14.742227205589263,-34.745211591486864,6.660999044378216e-20
1786739506.840173,push +Z,fast,1786739470.8001618,-461.08722960660134,-196.21455835716154,681.8566459417743,14.71609187678732,-34.58154222049519,6.612566673357906e-20
1786739506.8684497,push +Z,fast,1786739470.8001618,-458.819604734284,-196.48060328358713,676.2303481587696,14.736045246269189,-34.411470355071565,6.569094024822601e-20
1786739506.896886,push +Z,fast,1786739470.8001618,-459.7116815839586,-199.13880472295898,683.588765793339,14.935410354221798,-34.478376118797115,6.697103504994139e-20
1786739506.9254968,push +Z,fast,1786739470.8001618,-461.6138106026133,-199.2944033331397,685.8025056238675,14.947080249985607,-34.62103579519617,6.753371587941045e-20
1786739506.9537625,push +Z,fast,1786739470.8001618,-463.7896476969386,-198.4206004053367,693.7356457380465,14.88154503040057,-34.784223577270325,6.833446639095771e-20
1786739506.982178,push +Z,fast,1786739470.8001618,-463.608567181293,-197.86916598786604,691.5427267321302,14.840187449090283,-34.77064253859699,6.804456866573467e-20
1786739507.010712,push +Z,fast,1786739470.8001618,-463.94664825254586,-200.87610634789553,688.8550151926338,15.065707976092302,-34.795998618941,6.830331252716724e-20
1786739507.0391276,push +Z,fast,1786739470.8001618,-463.6516890478388,-202.92883769171397,686.0238222024036,15.21966282687865,-34.773876678588216,6.805149101974307e-20
1786739507.0684528,push +Z,fast,1786739470.8001618,-463.6974206178538,-203.80465988832134,682.621120769657,15.28534949162449,-34.777306546339176,6.715552673367359e-20
1786739507.0957305,push +Z,fast,1786739470.8001618,-462.9691725293869,-201.97863485026642,692.0798758000528,15.14839761377026,-34.72268793970409,6.72041725712197e-20
1786739507.124314,push +Z,fast,1786739470.8001618,-463.6395718866452,-203.82250850974117,689.1643976481182,15.286688138230748,-34.772967891498446,6.683794861236393e-20
1786739507.152555,push +Z,fast,1786739470.8001618,-464.46962308869934,-205.23836415084497,686.2419323385757,15.3928773113137,-34.835221731652574,6.709588632495572e-20
1786739507.180958,push +Z,fast,1786739470.8001618,-464.1673520133754,-205.09666768984619,679.2238650462014,15.382250076738703,-34.81255140100337,6.705144005325774e-20
1786739507.2093008,push +Z,fast,1786739470.8001618,-463.45543518261593,-202.82606894659557,676.8728415728165,15.21195517099471,-34.7591576386965,6.703963687763803e-20
1786739507.2376819,push +Z,fast,1786739470.8001618,-463.76038411420814,-201.85842236307224,685.0946386831783,15.139381677230492,-34.78202880856572,6.763303659165976e-20
1786739507.2661746,push +Z,fast,1786739470.8001618,-464.16749033827364,-200.74306651253642,686.1331062135969,15.055729988440564,-34.812561775370796,6.738981993003742e-20
1786739507.2944405,push +Z,fast,1786739470.8001618,-465.1416138788759,-204.09235181872475,687.5043093792747,15.306926386404587,-34.88562104091599,6.755162646367696e-20
1786739507.3228767,push +Z,fast,1786739470.8001618,-466.52987558472205,-204.89459023284564,681.0918571510847,15.36709426746366,-34.989740668854296,6.709588546005092e-20
1786739507.351328,push +Z,fast,1786739470.8001618,-466.46875835749506,-206.26795137883778,682.008403368276,15.470096353412853,-34.985156876812354,6.685478159047137e-20
1786739507.3797247,push +Z,fast,1786739470.8001618,-463.72601726179937,-198.82020058558487,677.1059968830623,14.911515043919056,-34.779451294635116,6.612371779757526e-20
1786739507.4081697,push +Z,fast,1786739470.8001618,-461.5673275060635,-199.0284011230725,676.0691357366995,14.927130084230757,-34.61754956295483,6.640856795115592e-20
1786739507.4365106,push +Z,fast,1786739470.8001618,-461.16676457075573,-197.64740299284892,673.2984070461116,14.823555224464034,-34.58750734280697,6.623612619676706e-20
1786739507.465128,push +Z,fast,1786739470.8001618,-464.15603624106825,-202.42675294305275,682.5673628771438,15.182006470729139,-34.811702718080326,6.701289234926842e-20
1786739507.493486,push +Z,fast,1786739470.8001618,-462.95529395802487,-201.20747751393185,679.656997050185,15.090560813545064,-34.72164704685204,6.653336230162625e-20
1786739507.5216932,push +Z,fast,1786739470.8001618,-463.6863523302759,-201.02665815045953,681.2641733048858,15.076999361284631,-34.776476424770856,6.70059981418123e-20
1786739507.5503223,push +Z,fast,1786739470.8001618,-462.09981796287775,-200.34389773481394,674.7156460140659,15.025792330111418,-34.65748634721607,6.6472869365078e-20
1786739507.5789638,push +Z,fast,1786739470.8001618,-462.7913008422847,-200.38275647865737,679.7971099475208,15.028706735899572,-34.70934756317145,6.703490100036454e-20
1786739507.6069512,push +Z,fast,1786739470.8001618,-461.39390848301673,-202.42750620071536,679.3466558361533,15.182062965053763,-34.60454313622642,6.68063014198348e-20
1786739507.6354494,push +Z,fast,1786739470.8001618,-463.8981141151871,-203.67738034965475,691.0911376431659,15.275803526224383,-34.79235855863905,6.832539482908523e-20
1786739507.6646326,push +Z,fast,1786739470.8001618,-464.4741239176078,-202.2727644547614,692.4012999216075,15.170457334107216,-34.83555929382083,6.802220303048558e-20
1786739507.692239,push +Z,fast,1786739470.8001618,-467.0461452633458,-201.45838338992303,699.0745112665245,15.109378754244549,-35.028460894751014,6.830755061849427e-20
1786739507.7206252,push +Z,fast,1786739470.8001618,-466.4180519451511,-198.7314684346594,698.773459953848,14.904860132599932,-34.9813538958865,6.732349313763572e-20
1786739507.7491472,push +Z,fast,1786739470.8001618,-466.39133214437425,-198.48953232416932,695.0033344117919,14.886714924312916,-34.979349910828354,6.707539930561251e-20
1786739507.7776701,push +Z,fast,1786739470.8001618,-465.2589797219316,-198.45609055587374,693.3173248419307,14.884206791690733,-34.894423479145054,6.70940330017366e-20
1786739507.8058038,push +Z,fast,1786739470.8001618,-463.75482037298616,-198.8621444005695,686.263048036315,14.914660830043044,-34.78161152797419,6.662254548271851e-20
1786739507.8342872,push +Z,fast,1786739470.8001618,-462.3180935133878,-197.78839521701332,689.2374717363209,14.834129641276245,-34.67385701350422,6.702692741106467e-20
1786739507.8643973,push +Z,fast,1786739470.8001618,-463.0733534914184,-198.2569365312031,691.8659119239001,14.869270239840379,-34.73050151185646,6.75467231208485e-20
1786739507.8910334,push +Z,fast,1786739470.8001618,-465.4160592504045,-199.0822002731635,697.1550706803137,14.931165020487331,-34.90620444378065,6.823828383585879e-20
1786739507.919523,push +Z,fast,1786739470.8001618,-467.7876056335772,-200.74695919499402,700.2515442772819,15.056021939624845,-35.08407042251852,6.811503914630832e-20
1786739507.9477296,push +Z,fast,1786739470.8001618,-466.95777794249943,-196.79111644348586,694.5060163646731,14.759333733261432,-35.02183334568766,6.748147578319174e-20
1786739507.9761915,push +Z,fast,1786739470.8001618,-463.746061598501,-195.95324444116807,684.9499043625883,14.696493333087805,-34.780954619887744,6.72205948007511e-20
1786739508.0050898,push +Z,fast,1786739470.8001618,-462.5039935389491,-197.43725614753203,678.672207860539,14.807794211065126,-34.687799515421126,6.707307158181266e-20
1786739508.0331328,push +Z,fast,1786739470.8001618,-461.05440516646377,-200.69379594723648,678.7984081720142,15.052034696042991,-34.57908038748497,6.704940220038313e-20
1786739508.062577,push +Z,fast,1786739470.8001618,-462.13539004872246,-200.28254144679124,683.6473292810424,15.021190608509524,-34.660154253654426,6.66445296265666e-20
1786739508.090074,push +Z,fast,1786739470.8001618,-463.21519638437485,-199.31185454525337,696.4336172337116,14.948389090894143,-34.7411397288283,6.748200518018971e-20
1786739508.1183856,push +Z,fast,1786739470.8001618,-465.4497659697149,-199.12411591273894,700.275531148247,14.934308693455701,-34.90873244772882,6.763728573363865e-20
1786739508.146708,push +Z,fast,1786739470.8001618,-464.1183395425728,-199.0882810296008,695.1452070505638,14.93162107722046,-34.80887546569325,6.756219972472862e-20
1786739508.175173,push +Z,fast,1786739470.8001618,-463.37872692381416,-196.70414654201898,686.356440063967,14.7528109906516,-34.75340451928629,6.698615753221519e-20
1786739508.2033637,push +Z,fast,1786739470.8001618,-463.40546327197717,-196.80824741048184,680.5254443232643,14.76061855578639,-34.7554097453984,6.720639495521467e-20
1786739508.2316017,push +Z,fast,1786739470.8001618,-464.1926400803268,-196.209535461972,684.7875486741677,14.715715159648187,-34.81444800602466,6.722782315045472e-20
1786739508.2615762,push +Z,fast,1786739470.8001618,-464.46908860462054,-198.507964968407,686.5482746910466,14.888097372630885,-34.83518164534676,6.750568755890047e-20
1786739508.2885644,push +Z,fast,1786739470.8001618,-464.09907837058336,-196.32254915828207,693.8464826973614,14.72419118687127,-34.80743087779392,6.716793640859117e-20
1786739508.3170404,push +Z,fast,1786739470.8001618,-464.2930957488579,-196.80315263644127,697.5916433081284,14.7602364477335,-34.82198218116442,6.744769713313743e-20
1786739508.3454669,push +Z,fast,1786739470.8001618,-463.1008577287598,-194.5239532062609,694.4917159131073,14.589296490469717,-34.732564329657166,6.718379499071897e-20
1786739508.3737342,push +Z,fast,1786739470.8001618,-464.1622598462077,-198.05332230242414,688.1418213969882,14.85399917268197,-34.81216948846577,6.78657175050074e-20
1786739508.4019823,push +Z,fast,1786739470.8001618,-465.9726006605765,-200.37300573113714,692.7168414797989,15.027975429835553,-34.9479450495434,6.830827926476712e-20
1786739508.4309268,push +Z,fast,1786739470.8001618,-467.610574761482,-198.9883543645351,700.2506481525888,14.92412657734025,-35.07079310711133,6.890642397771211e-20
1786739508.4608514,push +Z,fast,1786739470.8001618,-467.03183441479723,-196.29470473124206,712.4124276518714,14.722102854843367,-35.02738758110991,6.850318388934073e-20
1786739508.48718,push +Z,fast,1786739470.8001618,-466.6087076674794,-194.87116939514476,709.4696981937686,14.615337704635895,-34.99565307506117,6.83437468369626e-20
1786739508.515804,push +Z,fast,1786739470.8001618,-466.23582238682866,-197.94668324154543,703.9573347899604,14.846001243116067,-34.96768667901221,6.770972253651285e-20
1786739508.5440252,push +Z,fast,1786739470.8001618,-465.87484129926315,-196.27449207694713,695.2973979798026,14.720586905771125,-34.94061309744476,6.739739736357771e-20
1786739508.5724432,push +Z,fast,1786739470.8001618,-464.1075971739965,-194.37542242584027,691.6513721377751,14.5781566819383,-34.808069788049956,6.767723385958643e-20
1786739508.6008701,push +Z,fast,1786739470.8001618,-463.1031934895823,-192.26641885285756,693.4167837348887,14.419981413964468,-34.732739511718826,6.802238010861527e-20
1786739508.629416,push +Z,fast,1786739470.8001618,-461.68699968782994,-191.41754039861485,692.1700476387077,14.356315529896325,-34.626524976587355,6.780284942360535e-20
1786739508.6589758,push +Z,fast,1786739470.8001618,-464.4229826954752,-192.23925037338404,700.1518692243035,14.417943778004055,-34.83172370216079,6.816431267208496e-20
1786739508.6861064,push +Z,fast,1786739470.8001618,-466.0047609225444,-192.72499167617627,703.6582722976191,14.454374375713375,-34.950357069191035,6.853999990809374e-20
1786739508.7145498,push +Z,fast,1786739470.8001618,-467.0333929649937,-193.3346369384983,711.709740051374,14.500097770387566,-35.02750447237471,6.937486937617087e-20
1786739508.742943,push +Z,fast,1786739470.8001618,-464.92912384480906,-192.87782440577553,708.5119170178841,14.46583683043345,-34.869684288360794,6.866711982624317e-20
1786739508.7710364,push +Z,fast,1786739470.8001618,-464.513446669479,-189.64134069660724,715.6668236547084,14.223100552245892,-34.83850850021129,6.884103338578285e-20
1786739508.7996082,push +Z,fast,1786739470.8001618,-465.09097822943886,-187.03026067914982,714.7131569495032,14.027269550936548,-34.881823367208106,6.919265142989815e-20
1786739508.8280797,push +Z,fast,1786739470.8001618,-464.69171678856264,-183.52250138249394,713.5063398629809,13.76418760368713,-34.85187875914243,6.92037093212226e-20
1786739508.8573055,push +Z,fast,1786739470.8001618,-464.9537759265404,-186.85261152184455,708.9236751989893,14.01394586413846,-34.8715331944906,6.885297385612222e-20
1786739508.8846028,push +Z,fast,1786739470.8001618,-464.1805497846017,-189.38764775840502,702.8052317929478,14.204073581880476,-34.81354123384538,6.76264312674678e-20
1786739508.9130142,push +Z,fast,1786739470.8001618,-464.36235022469873,-189.65329851865158,702.9033961811938,14.223997388899026,-34.82717626685271,6.749785963922005e-20
1786739508.9412506,push +Z,fast,1786739470.8001618,-463.42970388896856,-185.05488417314223,701.8814421151355,13.879116312985868,-34.75722779167272,6.746883359465535e-20
1786739508.969812,push +Z,fast,1786739470.8001618,-463.7728998347643,-182.3355659664188,707.0674897601566,13.675167447481638,-34.78296748760751,6.767975389407406e-20
1786739508.998218,push +Z,fast,1786739470.8001618,-463.17601597686553,-180.98116808025156,706.134138989758,13.573587606019093,-34.738201198265024,6.758578010328483e-20
1786739509.0263839,push +Z,fast,1786739470.8001618,-463.3906472522531,-183.12143460218954,702.8039760980355,13.734107595164414,-34.75429854391919,6.771944247908529e-20
1786739509.0550983,push +Z,fast,1786739470.8001618,-465.9045405799511,-184.62571389297375,710.2740689765978,13.846928541973252,-34.94284054349644,6.843759941962417e-20
1786739509.083415,push +Z,fast,1786739470.8001618,-466.6180926106449,-186.28020555543787,712.1306543890796,13.971015416658116,-34.996356945798475,6.875742769081571e-20
1786739509.1119502,push +Z,fast,1786739470.8001618,-468.3326946530092,-182.99905912216673,716.3046604190731,13.724929434162636,-35.12495209897589,6.847408893370608e-20
1786739509.1401749,push +Z,fast,1786739470.8001618,-466.7770159067604,-184.0931941477719,714.9990620139179,13.806989561083004,-35.00827619300718,6.888362306969451e-20
1786739509.1684394,push +Z,fast,1786739470.8001618,-466.28432358277496,-184.90039544361377,714.0644110815974,13.867529658271184,-34.97132426870833,6.912428887109981e-20
1786739509.1967986,push +Z,fast,1786739470.8001618,-464.6205119429569,-186.20454909127125,719.7662800032958,13.965341181845563,-34.84653839572195,6.941499684177966e-20
1786739509.2252529,push +Z,fast,1786739470.8001618,-464.76909232961134,-183.53332973527665,716.1894994284448,13.764999730145878,-34.857681924721135,6.839837655304697e-20
1786739509.2556338,push +Z,fast,1786739470.8001618,-466.0921569599923,-183.213932304306,723.472947890782,13.741044922823182,-34.95691177199953,6.84881688139653e-20
1786739509.2818468,push +Z,fast,1786739470.8001618,-466.6681386567284,-186.42839046530412,724.1104945439947,13.982129284898075,-35.00011039925476,6.876360150472772e-20
1786739509.3108137,push +Z,fast,1786739470.8001618,-465.21666987937397,-188.1151228004005,724.3933377093936,14.108634210030228,-34.891250240953255,6.883338183535095e-20
1786739509.338803,push +Z,fast,1786739470.8001618,-464.4474014367738,-187.39071039061196,720.020065081264,14.054303279296104,-34.833555107758116,6.881942201842988e-20
1786739509.3670552,push +Z,fast,1786739470.8001618,-461.0690135584937,-182.58003999049674,708.2933065770749,13.693502999287528,-34.580176016887286,6.715748089492543e-20
1786739509.3958914,push +Z,fast,1786739470.8001618,-461.6361281793852,-182.8965649324923,707.2556047868165,13.717242369937164,-34.62270961345418,6.770042674614232e-20
1786739509.4242232,push +Z,fast,1786739470.8001618,-461.540117863271,-183.9929718863251,709.4056936329971,13.799472891474682,-34.615508839745594,6.733311463060966e-20
1786739509.4536912,push +Z,fast,1786739470.8001618,-464.62677836135435,-187.48875433946466,714.782594813556,14.061656575460109,-34.847008377101815,6.832610478741416e-20
1786739509.4808037,push +Z,fast,1786739470.8001618,-465.71248740237843,-189.19684326255378,714.279121132211,14.189763244691694,-34.92843655517847,6.880257805906645e-20
1786739509.5089946,push +Z,fast,1786739470.8001618,-465.81393013651495,-188.171232359486,710.1127863312331,14.11284242696171,-34.9360447602388,6.873847922391849e-20
1786739509.5378292,push +Z,fast,1786739470.8001618,-464.51123797000537,-186.14267288206315,701.8398035528544,13.960700466154965,-34.838342847750624,6.771413527010576e-20
1786739509.5659468,push +Z,fast,1786739470.8001618,-462.3706059313645,-183.53687085386662,700.614430259946,13.765265314040125,-34.67779544485258,6.726850768109914e-20
1786739509.5942647,push +Z,fast,1786739470.8001618,-463.52182307982093,-184.33309977346914,704.2203890442643,13.82498248301042,-34.76413673098677,6.757231464505567e-20
1786739509.6225314,push +Z,fast,1786739470.8001618,-465.04739021004343,-186.49403598017295,717.707480856594,13.987052698513306,-34.878554265753394,6.912974715833033e-20
1786739509.6515627,push +Z,fast,1786739470.8001618,-466.4598142811692,-187.36069446192096,719.795535512998,14.052052084644334,-34.98448607108782,6.876877560560291e-20
1786739509.6795363,push +Z,fast,1786739470.8001618,-468.0455189569607,-190.74861344750343,722.6609523080278,14.306146008563037,-35.10341392177225,6.880305588376515e-20
1786739509.7080543,push +Z,fast,1786739470.8001618,-467.30605269885564,-190.30041795116972,714.6074853759128,14.272531346337967,-35.04795395241436,6.840068226054554e-20
1786739509.7361686,push +Z,fast,1786739470.8001618,-469.1419031192245,-190.03176747490227,717.8321667323353,14.2523825606179,-35.185642733942046,6.902692010575053e-20
1786739509.7646372,push +Z,fast,1786739470.8001618,-466.6234028967042,-185.35040335709834,712.9774817219322,13.901280251782563,-34.99675521725306,6.88362401514145e-20
1786739509.7930567,push +Z,fast,1786739470.8001618,-467.28526382474183,-185.54929120288807,723.430930183199,13.916196840216752,-35.04639478685587,6.983902332612753e-20
1786739509.8214447,push +Z,fast,1786739470.8001618,-465.8695766459591,-187.62934870595961,720.8504884393433,14.07220115294724,-34.94021824844716,6.950367766911557e-20
1786739509.8499656,push +Z,fast,1786739470.8001618,-465.92403342161924,-187.88460259940769,721.0712475629052,14.091345194955867,-34.94430250662156,6.925931171900798e-20
1786739509.8782694,push +Z,fast,1786739470.8001618,-463.64732708721067,-188.68622967764645,709.0800716844906,14.151467225823804,-34.77354953154109,6.785157013512383e-20
1786739509.9065156,push +Z,fast,1786739470.8001618,-461.7943895526637,-185.380669950865,705.5586173328256,13.90355024631516,-34.63457921644982,6.771806012665917e-20
1786739509.9348667,push +Z,fast,1786739470.8001618,-464.30161078964375,-186.05669347632818,708.1740116748379,13.95425201072494,-34.82262080922356,6.803131256299598e-20
1786739509.9631617,push +Z,fast,1786739470.8001618,-464.47395364397016,-186.2098733886645,700.4769138720985,13.965740504150187,-34.83554652329798,6.856985609993256e-20
1786739509.9916742,push +Z,fast,1786739470.8001618,-465.1107824007877,-187.8720396644568,702.7665131809999,14.090402974834472,-34.883308680059194,6.870860176850384e-20
1786739510.020331,push +Z,fast,1786739470.8001618,-461.3153408369153,-187.06944844020757,695.209679017611,14.030208633015786,-34.598650562768654,6.85729908728164e-20
1786739510.0489109,push +Z,fast,1786739470.8001618,-462.9840227746986,-185.00804858961897,707.6293052302244,13.875603644221723,-34.723801708102656,6.822338989816436e-20
1786739510.0768754,push +Z,fast,1786739470.8001618,-464.28022920177455,-186.08432777930136,706.9541572518283,13.956324583447884,-34.82101719013323,6.833265049150919e-20
1786739510.10528,push +Z,fast,1786739470.8001618,-465.1469399471557,-185.13308664944748,707.0474596357071,13.884981498708807,-34.886020496036714,6.785578167237474e-20
1786739510.133689,push +Z,fast,1786739470.8001618,-465.0971584084041,-186.02821195405636,704.3646250958136,13.95211589655445,-34.882286880630495,6.812213110998957e-20
1786739510.16206,push +Z,fast,1786739470.8001618,-463.46432316782784,-184.7097828737318,700.0957133614393,13.85323371553017,-34.7598242375873,6.764822682939623e-20
1786739510.190458,push +Z,fast,1786739470.8001618,-462.9117837728986,-185.88061911747366,703.9285593414052,13.941046433810659,-34.71838378296758,6.796613346343522e-20
1786739510.2187946,push +Z,fast,1786739470.8001618,-460.48725659036927,-185.95277945360613,702.3124225512074,13.946458459020622,-34.53654424427784,6.707360960949552e-20
1786739510.2470968,push +Z,fast,1786739470.8001618,-460.88967413353475,-186.61160293983562,710.0953593521235,13.995870220487884,-34.56672556001532,6.742896361644701e-20
1786739510.2756424,push +Z,fast,1786739470.8001618,-463.89201032204346,-188.45778382340052,719.6211287464548,14.13433378675536,-34.79190077415337,6.852765091657526e-20
1786739510.3040888,push +Z,fast,1786739470.8001618,-466.18999056589337,-187.65057389140748,728.1328193930858,14.073793041855733,-34.96424929244203,6.936873641799444e-20
1786739510.332703,push +Z,fast,1786739470.8001618,-466.0029239043902,-185.97262493356777,721.0874355907536,13.947946870017791,-34.950219292829324,6.894121766491762e-20
1786739510.3608062,push +Z,fast,1786739470.8001618,-462.83518129706,-183.06144050167188,704.089554606373,13.72960803762562,-34.71263859727973,6.781211333059006e-20
1786739510.3892903,push +Z,fast,1786739470.8001618,-462.2537903453158,-183.85695035049469,697.8016661921101,13.78927127628722,-34.6690342758987,6.76749891454184e-20
1786739510.417737,push +Z,fast,1786739470.8001618,-462.1828814332648,-183.12840054275136,707.2388490357862,13.734630040706396,-34.663716107495,6.854373974948755e-20
1786739510.4458756,push +Z,fast,1786739470.8001618,-462.5515327187659,-185.85148963284325,713.2626167327389,13.938861722463518,-34.691364953907794,6.869905187724137e-20
1786739510.4744902,push +Z,fast,1786739470.8001618,-464.1140114919235,-188.0616808525773,716.4891789419962,14.104626063943503,-34.8085508618945,6.909639531939948e-20
1786739510.5028703,push +Z,fast,1786739470.8001618,-463.64617897930566,-189.77159721785767,702.7329011984966,14.232869791339542,-34.77346342344803,6.814690789803069e-20
1786739510.5311518,push +Z,fast,1786739470.8001618,-465.91533613854426,-188.13154505904083,708.3492350647412,14.109865879428153,-34.94365021039095,6.841592666228316e-20
1786739510.5595481,push +Z,fast,1786739470.8001618,-463.513130655183,-184.602636582949,704.2281393233661,13.845197743721283,-34.76348479913882,6.831574370855258e-20
1786739510.58803,push +Z,fast,1786739470.8001618,-463.1334828898175,-182.1301515102765,711.4854415434838,13.659761363271084,-34.73501121673662,6.852559613933867e-20
1786739510.6162488,push +Z,fast,1786739470.8001618,-461.5885490437563,-181.6127048408889,709.2352879473192,13.620952863066936,-34.61914117828197,6.888276034166826e-20
1786739510.6452353,push +Z,fast,1786739470.8001618,-461.09407836735636,-182.21720825030854,705.8110937750371,13.666290618773235,-34.58205587755199,6.82190904568759e-20
1786739510.6731257,push +Z,fast,1786739470.8001618,-464.0012534246098,-185.54997577433141,711.2990367149087,13.916248183075059,-34.80009400684612,6.909015461654787e-20
1786739510.7016764,push +Z,fast,1786739470.8001618,-466.05582466211035,-186.5863767805572,712.1841196494079,13.993978258542047,-34.95418684965833,6.894447172059082e-20
1786739510.7300153,push +Z,fast,1786739470.8001618,-465.6746109600781,-189.1150156614715,709.456069544638,14.183626174610705,-34.92559582200594,6.894856322488378e-20
1786739510.7581804,push +Z,fast,1786739470.8001618,-466.64051905894667,-188.11092736782587,711.3946929422209,14.10831955258713,-34.99803892942109,6.90296306131353e-20
1786739510.7871165,push +Z,fast,1786739470.8001618,-465.0636780604723,-188.4724264744906,708.0908678574815,14.13543198558705,-34.87977585453558,6.848843166911115e-20
1786739510.8150115,push +Z,fast,1786739470.8001618,-467.9965574735238,-185.47433028741568,716.4733767349644,13.910574771556309,-35.09974181051459,6.886557691288648e-20
1786739510.8440456,push +Z,fast,1786739470.8001618,-464.045507077391,-183.79434777044503,708.8633091915572,13.784576082783648,-34.8034130308045,6.76574922776553e-20
1786739510.8720698,push +Z,fast,1786739470.8001618,-466.18173061268,-185.72530677233442,714.5114273973259,13.929398007925148,-34.96362979595121,6.792739669640689e-20
1786739510.9004264,push +Z,fast,1786739470.8001618,-465.2929663906889,-187.07666176136854,718.5124901638865,14.030749632102864,-34.896972479301915,6.870707808769002e-20
1786739510.928842,push +Z,fast,1786739470.8001618,-465.4820366525728,-189.0217239467013,713.480323668573,14.17662929600272,-34.91115274894328,6.867779042559034e-20
1786739510.9570696,push +Z,fast,1786739470.8001618,-461.78215371549095,-186.3579284388518,708.7569306870118,13.976844632914055,-34.63366152866199,6.879904658651778e-20
1786739510.9854655,push +Z,fast,1786739470.8001618,-462.5597330808905,-185.93007133322203,705.0808706753069,13.94475534999177,-34.69197998106697,6.828882974148187e-20
1786739511.0142777,push +Z,fast,1786739470.8001618,-462.922854493283,-184.3985358804656,709.223993127941,13.829890191035108,-34.71921408699647,6.853880105984708e-20
1786739511.0437233,push +Z,fast,1786739470.8001618,-463.86282479087504,-183.4265621811112,708.9710093218318,13.756992163583543,-34.78971185931589,6.834642805169181e-20
1786739511.0706868,push +Z,fast,1786739470.8001618,-464.5692009760287,-184.35128177101512,709.5033289662679,13.826346132826284,-34.84269007320232,6.838444931072499e-20
1786739511.099154,push +Z,fast,1786739470.8001618,-464.7081514036586,-185.15808421245345,712.0970584332899,13.886856315934278,-34.85311135527468,6.837168278218703e-20
1786739511.127484,push +Z,fast,1786739470.8001618,-464.8612517456945,-185.88029657917264,711.1562607825681,13.941022243438272,-34.864593880927174,6.88195188629416e-20
1786739511.1559918,push +Z,fast,1786739470.8001618,-463.04186322757596,-187.20946503492075,703.0243687078164,14.040709877619346,-34.728139742068244,6.845389203128117e-20
1786739511.1843054,push +Z,fast,1786739470.8001618,-462.9452671259223,-187.70130578219835,703.8861865920671,14.077597933665164,-34.72089503444437,6.872956832332987e-20
1786739511.2128594,push +Z,fast,1786739470.8001618,-465.29008565790673,-189.60615619497958,710.1076809621254,14.220461714623827,-34.89675642434324,6.863215258123838e-20
1786739511.242253,push +Z,fast,1786739470.8001618,-466.3838305742456,-188.10779415334287,717.7247732280066,14.108084561500963,-34.97878729306852,6.925453437657084e-20
1786739511.269506,push +Z,fast,1786739470.8001618,-465.53543112137913,-187.49132885238532,711.364037471064,14.061849663929028,-34.915157334103775,6.836100762734272e-20
1786739511.2978354,push +Z,fast,1786739470.8001618,-463.324326806257,-188.4825180276339,709.1414211274441,14.136188852072738,-34.749324510469464,6.842328694038546e-20
1786739511.326187,push +Z,fast,1786739470.8001618,-461.063904340459,-184.21350604376323,700.9327596687363,13.816012953282499,-34.5797928255346,6.739488349731358e-20
1786739511.3547158,push +Z,fast,1786739470.8001618,-461.419002850635,-187.36937647063633,701.4093696608697,14.052703235297965,-34.60642521379786,6.762816209420351e-20
1786739511.3832374,push +Z,fast,1786739470.8001618,-461.3723087410863,-184.25957175401095,699.4202976550523,13.819467881550995,-34.60292315558181,6.726459273574012e-20
1786739511.4113908,push +Z,fast,1786739470.8001618,-464.4199302959046,-187.2416828449583,711.3979351102143,14.043126213372116,-34.83149477219299,6.809012964463154e-20
1786739511.439807,push +Z,fast,1786739470.8001618,-467.2756103552547,-185.31821955032706,723.1962983803305,13.898866466274729,-35.04567077664432,6.916992117663932e-20
1786739511.4685721,push +Z,fast,1786739470.8001618,-467.72487091183166,-187.8930557706134,719.685317302401,14.091979182796134,-35.07936531838754,6.901446976877139e-20
1786739511.4965692,push +Z,fast,1786739470.8001618,-467.2146960025043,-189.84442328249395,723.7923733272592,14.23833174618716,-35.04110220018813,6.985316186940396e-20
1786739511.5250702,push +Z,fast,1786739470.8001618,-465.30357762492895,-188.62906240975474,711.9950818741609,14.14717968073175,-34.897768321869854,6.904353718941066e-20
1786739511.5537682,push +Z,fast,1786739470.8001618,-465.6683446293114,-186.01184478485345,720.8140887028167,13.950888358864095,-34.92512584719851,6.94714254691789e-20
1786739511.5819588,push +Z,fast,1786739470.8001618,-463.59724338119577,-186.6537777190997,707.1499200407707,13.999033328932864,-34.76979325358995,6.784647442358761e-20
1786739511.6105998,push +Z,fast,1786739470.8001618,-464.84784415240574,-186.57493104886294,713.0832381123746,13.993119828665005,-34.8635883114307,6.856160189604752e-20
1786739511.6392307,push +Z,fast,1786739470.8001618,-462.76968432078274,-186.12451404050023,703.4314765255667,13.959338553037714,-34.70772632405887,6.805266788011912e-20
1786739511.666983,push +Z,fast,1786739470.8001618,-465.44527582634555,-183.89088430798517,712.268873150686,13.791816323099038,-34.90839568697604,6.893725992646055e-20
1786739511.6954348,push +Z,fast,1786739470.8001618,-464.8057464720714,-183.63180362943046,711.8345203710378,13.77238527220759,-34.86043098540554,6.852910755956362e-20
1786739511.72391,push +Z,fast,1786739470.8001618,-466.9939115532993,-185.17212431949963,714.9324310320053,13.887909323962642,-35.02454336649769,6.838723800593743e-20
1786739511.752388,push +Z,fast,1786739470.8001618,-466.89949682269935,-185.03263215795857,708.1622530066425,13.877447411847132,-35.01746226170277,6.78675391285467e-20
1786739511.78076,push +Z,fast,1786739470.8001618,-466.4245198539247,-186.29752841175593,708.3421991095693,13.972314630881908,-34.98183898904455,6.780478029315271e-20
1786739511.8090837,push +Z,fast,1786739470.8001618,-465.2330859352428,-185.5562921765926,706.3439607044502,13.916721913244697,-34.89248144514345,6.78120974244374e-20
1786739511.837742,push +Z,fast,1786739470.8001618,-465.00670483896056,-186.41723974083618,711.6397674502932,13.981292980562873,-34.8755028629224,6.821893974043262e-20
1786739511.8657844,push +Z,fast,1786739470.8001618,-465.3102777937743,-184.9149450517849,709.0977555885975,13.868620878884084,-34.89827083453316,6.814487423638303e-20
1786739511.8943455,push +Z,fast,1786739470.8001618,-463.3999973359237,-182.9405097962391,705.8356881326399,13.72053823471808,-34.754999800194355,6.822903198477615e-20
1786739511.92254,push +Z,fast,1786739470.8001618,-461.9174829016997,-180.32668558220178,702.4642533613505,13.524501418665483,-34.64381121762768,6.81093199165234e-20
1786739511.950957,push +Z,fast,1786739470.8001618,-462.4976699662284,-180.7614592343307,705.107236499749,13.55710944257498,-34.68732524746719,6.849128985704335e-20
1786739511.979296,push +Z,fast,1786739470.8001618,-465.2461091681257,-183.84909942065917,710.9463710241798,13.788682456549612,-34.893458187609546,6.877884169280921e-20
1786739512.007815,push +Z,fast,1786739470.8001618,-464.23814987706464,-185.9666960052008,707.50375754181,13.947502200390215,-34.81786124078015,6.838319403982974e-20
1786739512.0364769,push +Z,fast,1786739470.8001618,-462.3723197347749,-184.10029051293873,706.1183871315498,13.80752178847072,-34.67792398010834,6.820296069601144e-20
1786739512.0648713,push +Z,fast,1786739470.8001618,-462.06836233983313,-183.81976456603638,708.3174208094251,13.786482342453052,-34.65512717548753,6.820204297692943e-20
1786739512.092919,push +Z,fast,1786739470.8001618,-462.75600960010706,-183.00476502158176,719.4480115055312,13.72535737661892,-34.7067007200083,6.965789320916309e-20
1786739512.121396,push +Z,fast,1786739470.8001618,-466.93469301214054,-186.59711079612282,725.9143774220247,13.994783309709366,-35.02010197591086,7.006366682658873e-20
1786739512.1498027,push +Z,fast,1786739470.8001618,-466.9217893622067,-189.2691613608714,722.3501792218012,14.195187102065649,-35.01913420216586,7.006774240868709e-20
1786739512.1782176,push +Z,fast,1786739470.8001618,-466.8636925881369,-189.92433506240138,714.9621928514007,14.244325129680423,-35.01477694411044,6.880818541645669e-20
1786739512.2064338,push +Z,fast,1786739470.8001618,-465.40857954805097,-189.90872273536922,709.1153622801467,14.243154205153044,-34.90564346610406,6.833473478729193e-20
1786739512.2351525,push +Z,fast,1786739470.8001618,-465.3257577203749,-186.11529058623375,710.0120683953701,13.958646793967663,-34.89943182902841,6.80143321859635e-20
1786739512.2632446,push +Z,fast,1786739470.8001618,-465.99947238236655,-184.92193332878708,709.7224749672159,13.869144999659344,-34.94996042867757,6.834088665289771e-20
1786739512.2921455,push +Z,fast,1786739470.8001618,-464.966519096919,-182.71857783644043,712.7827240599145,13.70389333773323,-34.872488932268986,6.832891714371386e-20
1786739512.320146,push +Z,fast,1786739470.8001618,-466.7880574726978,-184.54737576708442,716.2810942320584,13.841053182531514,-35.00910431045265,6.904770130303611e-20
1786739512.3482769,push +Z,fast,1786739470.8001618,-462.708440366207,-185.0264447729602,704.9945215617936,13.87698335797229,-34.703133027465675,6.784207384251395e-20
1786739512.3766627,push +Z,fast,1786739470.8001618,-463.0538369017904,-186.96492840865915,699.5137362797313,14.022369630649667,-34.72903776763445,6.833861434709019e-20
1786739512.4053247,push +Z,fast,1786739470.8001618,-461.0323280061084,-185.55233530236706,697.1505129336992,13.91642514767766,-34.57742460045835,6.808482484476581e-20
1786739512.4336617,push +Z,fast,1786739470.8001618,-465.73480324145066,-186.41190149338797,711.1327349557332,13.9808926120043,-34.93011024310903,6.878393304889579e-20
1786739512.4619772,push +Z,fast,1786739470.8001618,-465.5179718880995,-184.69992373504874,720.2677764857035,13.852494280128912,-34.91384789160763,6.87975810714191e-20
1786739512.4901605,push +Z,fast,1786739470.8001618,-467.331776741732,-183.5317067473493,726.9430981234218,13.764878006051386,-35.04988325563023,6.907309219937956e-20
1786739512.5184538,push +Z,fast,1786739470.8001618,-467.4559102075232,-183.66472302839566,727.3814961767439,13.774854227129818,-35.05919326556448,6.997367703230137e-20
1786739512.5469177,push +Z,fast,1786739470.8001618,-464.10598070787637,-183.78603831293947,710.4263482845035,13.783952873470557,-34.80794855309074,6.88468116927622e-20
1786739512.5757875,push +Z,fast,1786739470.8001618,-462.12666794141023,-184.23790841106825,702.7280193803035,13.817843130830294,-34.659500095605885,6.845400107223307e-20
1786739512.6037421,push +Z,fast,1786739470.8001618,-460.4670918802449,-185.26204897618038,692.8013835490747,13.894653673213693,-34.53503189101857,6.769785008650825e-20
1786739512.6321733,push +Z,fast,1786739470.8001618,-464.5104463928783,-186.8790921753142,707.1369308794401,14.015931913148759,-34.83828347946608,6.871632903315071e-20
1786739512.6606379,push +Z,fast,1786739470.8001618,-465.7813425533586,-188.22942932607384,714.2407212990129,14.11720719945571,-34.93360069150215,6.899967269270096e-20
1786739512.6892245,push +Z,fast,1786739470.8001618,-468.38555576164026,-188.7082693478959,724.5184370469779,14.15312020109236,-35.12891668212334,6.995394789172842e-20
1786739512.7174475,push +Z,fast,1786739470.8001618,-467.5594864349355,-186.24583771793277,723.4909268439169,13.968437828845207,-35.06696148262044,6.965504040756351e-20
1786739512.7457674,push +Z,fast,1786739470.8001618,-466.2366973802327,-184.65761922897764,718.9375248725783,13.849321442173402,-34.96775230351756,6.958919661144551e-20
1786739512.7741067,push +Z,fast,1786739470.8001618,-464.62961855401863,-181.9395077269245,717.6688787289731,13.64546307951969,-34.8472213915518,6.901422932989934e-20
1786739512.8025951,push +Z,fast,1786739470.8001618,-463.2870137865143,-183.6899624110789,712.7046394247536,13.776747180831126,-34.74652603398875,6.891290028383398e-20
1786739512.8309588,push +Z,fast,1786739470.8001618,-464.0051960587407,-186.64269511672057,713.5839941544073,13.998202133754408,-34.800389704405866,6.874891645682601e-20
1786739512.8594246,push +Z,fast,1786739470.8001618,-463.35961933556655,-187.46392852161011,714.3192676647523,14.059794639120899,-34.751971450167716,6.825026556739475e-20
1786739512.8878148,push +Z,fast,1786739470.8001618,-463.9475001055107,-183.99609793499997,717.9715526755608,13.799707345125167,-34.79606250791357,6.822984046236225e-20
1786739512.9162803,push +Z,fast,1786739470.8001618,-465.07324847801647,-182.23519467358267,720.5264118928935,13.667639600518942,-34.88049363585139,6.87397756712855e-20
1786739512.944748,push +Z,fast,1786739470.8001618,-465.72131235987945,-184.8647764089609,719.0426980003158,13.864858230672265,-34.92909842699114,6.889953486252078e-20
1786739512.9732435,push +Z,fast,1786739470.8001618,-465.3490392240533,-186.8610482433835,713.323267280618,14.014578618254017,-34.90117794180419,6.87700078953964e-20
1786739513.001514,push +Z,fast,1786739470.8001618,-463.1138090839081,-188.1089542669605,704.631868808031,14.108171570022346,-34.733535681293155,6.829135342473063e-20
1786739513.0299866,push +Z,fast,1786739470.8001618,-462.7462497656643,-183.9971211948466,702.5698112499003,13.799784089613727,-34.70596873242488,6.819738588600449e-20
1786739513.0582643,push +Z,fast,1786739470.8001618,-463.5037908848012,-186.4717769826026,700.7399388639578,13.985383273695387,-34.76278431636033,6.860408277852786e-20
1786739513.0868242,push +Z,fast,1786739470.8001618,-464.6224762472939,-186.34886820740542,702.0348711374991,13.976165115555599,-34.84668571854729,6.848626663578981e-20
1786739513.115207,push +Z,fast,1786739470.8001618,-465.7847056755104,-188.30519721861094,703.0977372054285,14.12288979139613,-34.93385292566354,6.861957903202091e-20
1786739513.1435122,push +Z,fast,1786739470.8001618,-466.4299959036466,-187.0989340040261,715.2643177131067,14.032420050302154,-34.98224969277368,6.906820878088283e-20
1786739513.1719809,push +Z,fast,1786739470.8001618,-464.68710825831886,-188.227405459632,712.1960276428017,14.117055409472538,-34.85153311937411,6.887509362860657e-20
1786739513.2002637,push +Z,fast,1786739470.8001618,-462.8311924138329,-185.60711281387012,710.4282823385611,13.920533461040538,-34.7123394310378,6.909179658034342e-20
1786739513.2286236,push +Z,fast,1786739470.8001618,-461.1330826569688,-182.45461246010598,703.4409565639826,13.68409593450816,-34.58498119927297,6.840240611479229e-20
1786739513.2573338,push +Z,fast,1786739470.8001618,-461.28024775991844,-178.7959064694587,705.1942180283895,13.40969298520962,-34.596018581993924,6.82795671374008e-20
1786739513.2853158,push +Z,fast,1786739470.8001618,-460.7845910287542,-179.8884733754055,699.8652239578032,13.491635503155653,-34.5588443271569,6.762584896554865e-20
1786739513.3141944,push +Z,fast,1786739470.8001618,-459.5633563616898,-182.99021721542533,692.9597305663538,13.724266291157267,-34.46725172712688,6.694356152451487e-20
1786739513.3423038,push +Z,fast,1786739470.8001618,-463.45927307900274,-186.0522184676339,701.2659891187423,13.953916385072791,-34.75944548092542,6.780510191979637e-20
1786739513.3709574,push +Z,fast,1786739470.8001618,-465.6138260812372,-186.9113348175141,712.1446324361523,14.01835011131394,-34.92103695609311,6.929366742310881e-20
1786739513.3990445,push +Z,fast,1786739470.8001618,-467.5043506593229,-187.86740399319194,715.0045764309416,14.090055299489524,-35.06282629944943,6.958187737673081e-20
1786739513.4272814,push +Z,fast,1786739470.8001618,-464.7503606089326,-186.9342579885523,707.6724285140044,14.020069349141654,-34.856277045670154,6.883412260944357e-20
1786739513.4570997,push +Z,fast,1786739470.8001618,-462.3408584192621,-187.95050800753836,698.3288508357946,14.096288100565506,-34.67556438144483,6.719561586679708e-20
1786739513.4841745,push +Z,fast,1786739470.8001618,-461.9400031668697,-186.38900583426687,702.2336289543455,13.97917543757011,-34.645500237515314,6.726740448829082e-20
1786739513.5126662,push +Z,fast,1786739470.8001618,-462.9446631194087,-186.06962223903156,705.5918376218697,13.955221667927415,-34.7208497339558,6.784333803307804e-20
1786739513.540853,push +Z,fast,1786739470.8001618,-464.89578094749595,-187.4029375738238,709.4781528707745,14.05522031803704,-34.867183571062405,6.835631860030491e-20
1786739513.5692048,push +Z,fast,1786739470.8001618,-466.2807846531273,-187.95840897907829,712.4832299911004,14.09688067343119,-34.97105884898479,6.893451487537289e-20
1786739513.5977566,push +Z,fast,1786739470.8001618,-466.31962610350456,-189.36134432861218,711.3126452538199,14.202100824646127,-34.97397195776318,6.876896444691731e-20
1786739513.6259584,push +Z,fast,1786739470.8001618,-465.7206001451432,-187.29363266456483,710.8819259889951,14.047022449842618,-34.929045010885936,6.883832294120294e-20
1786739513.6556516,push +Z,fast,1786739470.8001618,-464.2648506254932,-187.82755318687327,705.9263947845575,14.08706648901568,-34.819863796912216,6.833682552510985e-20
1786739513.6830845,push +Z,fast,1786739470.8001618,-465.1279660052287,-188.60221991293815,714.7353983629791,14.145166493470345,-34.884597450392526,6.873162918049358e-20
1786739513.7112732,push +Z,fast,1786739470.8001618,-463.58236889851605,-187.38310222989185,708.6383925249474,14.053732667241906,-34.768677667388964,6.783526391873699e-20
1786739513.7397356,push +Z,fast,1786739470.8001618,-465.52467866929055,-187.65318986094417,715.806297615215,14.07398923957108,-34.91435090019692,6.886916244463653e-20
1786739513.7682695,push +Z,fast,1786739470.8001618,-463.76116322769303,-186.10460928724342,702.7869644933762,13.95784569654344,-34.78208724207708,6.819205570992557e-20
1786739513.7963383,push +Z,fast,1786739470.8001618,-466.25725788265527,-186.70155993316735,716.2653437585741,14.002616994987786,-34.969294341199436,6.91111292869927e-20
1786739513.825067,push +Z,fast,1786739470.8001618,-463.2133197058374,-185.9351474756927,707.378179029266,13.94513606067716,-34.74099897793794,6.774634148053884e-20
1786739513.8554118,push +Z,fast,1786739470.8001618,-465.2050604043716,-186.64496415928568,713.3489500601236,13.998372311946643,-34.890379530327905,6.815821718267752e-20
1786739513.8817203,push +Z,fast,1786739470.8001618,-465.1843968298299,-187.71678393861168,707.836371148579,14.078758795396109,-34.88882976223732,6.799795344613419e-20
1786739513.910198,push +Z,fast,1786739470.8001618,-466.61949832434675,-186.47290742815915,713.2551348235393,13.98546805711199,-34.996462374326214,6.868115366162851e-20
1786739513.9382625,push +Z,fast,1786739470.8001618,-464.2963718978913,-183.4290680155808,713.8252490493769,13.757180101168803,-34.82222789234211,6.813451699045205e-20
1786739513.9667497,push +Z,fast,1786739470.8001618,-463.1519797296196,-182.25370853782078,707.2667406969758,13.669028140336717,-34.736398479721856,6.804328136302835e-20
1786739513.9951816,push +Z,fast,1786739470.8001618,-463.10202148529515,-181.56415402560276,706.9263454028915,13.61731155192047,-34.73265161139738,6.748357449358521e-20
1786739514.0233731,push +Z,fast,1786739470.8001618,-463.4561665722722,-185.4552510060098,698.5400483000831,13.909143825450965,-34.759212492920774,6.765364665345141e-20
1786739514.0539649,push +Z,fast,1786739470.8001618,-462.57954826600735,-185.1801234238743,700.3822361315715,13.888509256790837,-34.69346611995069,6.744401603839001e-20
1786739514.0802944,push +Z,fast,1786739470.8001618,-462.82941072776066,-186.48668722281468,703.2861988115319,13.986501541711394,-34.712205804582425,6.840939484540596e-20
1786739514.1090615,push +Z,fast,1786739470.8001618,-465.1322585411908,-183.03377430472585,709.988682445709,13.727533072854651,-34.884919390589594,6.809521053152664e-20
1786739514.137178,push +Z,fast,1786739470.8001618,-466.69680090078873,-184.35622718181764,711.1894389848594,13.826717038636563,-35.00226006755934,6.826330119601838e-20
1786739514.1657045,push +Z,fast,1786739470.8001618,-466.70166110806804,-185.23660954474894,698.8669565620339,13.89274571585651,-35.00262458310534,6.727732945574993e-20
1786739514.194162,push +Z,fast,1786739470.8001618,-464.64681469181005,-185.18362744354567,695.9864719893994,13.888772058266188,-34.848511101886054,6.743391530589611e-20
1786739514.2223406,push +Z,fast,1786739470.8001618,-466.38317807967496,-183.97534590350347,701.5066464032388,13.798150942762984,-34.9787383559758,6.761992572133344e-20
1786739514.250921,push +Z,fast,1786739470.8001618,-467.3223195766086,-184.68675619284943,710.3881058915977,13.851506714463941,-35.04917396824579,6.815779328074645e-20
1786739514.2791243,push +Z,fast,1786739470.8001618,-466.0145798040762,-186.10473208784845,710.9493534052281,13.95785490658879,-34.95109348530594,6.859663572741494e-20
1786739514.307325,push +Z,fast,1786739470.8001618,-464.6697736296619,-188.38562479329448,708.343497520862,14.128921859497279,-34.850233022224906,6.94551067160911e-20
1786739514.335876,push +Z,fast,1786739470.8001618,-463.82328181260664,-186.09061606374974,705.3012956897419,13.956796204781345,-34.78674613594565,6.909924904026709e-20
1786739514.3641717,push +Z,fast,1786739470.8001618,-466.00288276842775,-185.19318961272722,705.2957346116327,13.889489220954705,-34.95021620763222,6.868670103150311e-20
1786739514.392746,push +Z,fast,1786739470.8001618,-465.30645160416725,-184.12285228765438,708.0440464619251,13.80921392157411,-34.89798387031272,6.839101633663221e-20
1786739514.4208426,push +Z,fast,1786739470.8001618,-466.7336289686755,-186.57215740966524,711.4864110206627,13.992911805725154,-35.00502217265095,6.907482972982453e-20
1786739514.4502234,push +Z,fast,1786739470.8001618,-465.4936026359587,-186.55068714439687,714.3746485373058,13.99130153582998,-34.91202019769706,6.99453528649947e-20
1786739514.4776561,push +Z,fast,1786739470.8001618,-466.9858464071863,-187.98357065718994,715.3461069711384,14.098767799289508,-35.02393848053913,7.011296716208992e-20
1786739514.5061305,push +Z,fast,1786739470.8001618,-465.04969925265095,-188.06777976957994,707.93507661074,14.105083482718765,-34.87872744394893,7.00293004417129e-20
1786739514.5344594,push +Z,fast,1786739470.8001618,-463.5400037364607,-187.68065780234087,704.3249751196981,14.0760493351758,-34.76550028023476,6.892361014923046e-20
1786739514.562885,push +Z,fast,1786739470.8001618,-462.03623479234966,-185.67122057614745,697.0407999106174,13.925341543211143,-34.65271760942645,6.847789833655253e-20
1786739514.5913641,push +Z,fast,1786739470.8001618,-462.6891711561584,-182.08388069664738,700.2652216232191,13.65629105224868,-34.70168783671211,6.82099338179874e-20
1786739514.619696,push +Z,fast,1786739470.8001618,-462.1855544481509,-183.9292870864865,698.4223054560016,13.79469653148664,-34.663916583611524,6.819769103722834e-20
1786739514.648237,push +Z,fast,1786739470.8001618,-461.1386776103741,-181.14441066896882,701.8457873525613,13.585830800172698,-34.5854008207783,6.780151249191738e-20
1786739514.6765094,push +Z,fast,1786739470.8001618,-461.82433291184225,-184.43059466844238,706.2296565915212,13.832294600133334,-34.63682496838823,6.837412015129839e-20
1786739514.704964,push +Z,fast,1786739470.8001618,-463.6140131755683,-183.1005104632418,709.0523429428476,13.732538284743324,-34.771050988167765,6.895395969030206e-20
1786739514.733179,push +Z,fast,1786739470.8001618,-465.24124448552357,-185.38123122403613,706.6780607686223,13.903592341802995,-34.89309333641462,6.880964307384497e-20
1786739514.761694,push +Z,fast,1786739470.8001618,-463.79783215541374,-182.5652677220222,699.5981986269735,13.692395079151932,-34.784837411656156,6.776874812650444e-20
1786739514.7900848,push +Z,fast,1786739470.8001618,-465.78679917531144,-183.60362789182489,705.4995615809739,13.770272091887133,-34.93400993814859,6.821742273202524e-20
1786739514.8183503,push +Z,fast,1786739470.8001618,-466.215557891911,-187.0373906125467,710.8745231891089,14.027804295941397,-34.96616684189352,6.885330338134585e-20
1786739514.8471212,push +Z,fast,1786739470.8001618,-466.02077595720493,-188.25873090848006,717.2813806542599,14.119404818136257,-34.95155819679054,6.957360094934524e-20
1786739514.875218,push +Z,fast,1786739470.8001618,-466.4092207239041,-189.41053127821942,716.6676363970373,14.20578984586668,-34.98069155429298,6.945017399388158e-20
1786739514.9035387,push +Z,fast,1786739470.8001618,-465.31492646382185,-183.68732387940634,719.2389748724145,13.776549290955739,-34.89861948478676,6.9257523137745e-20
1786739514.9321141,push +Z,fast,1786739470.8001618,-466.0919269564174,-184.36642998196464,717.5551443489685,13.827482248647659,-34.95689452173151,6.889596892853589e-20
1786739514.9603522,push +Z,fast,1786739470.8001618,-463.99576253071973,-180.8170881549737,716.1816916883436,13.561281611623233,-34.799682189804166,6.826702669278533e-20
1786739514.9887133,push +Z,fast,1786739470.8001618,-463.73147402013956,-182.84740098110228,711.7154722968253,13.713555073582913,-34.77986055151075,6.825037145101013e-20
1786739515.0171862,push +Z,fast,1786739470.8001618,-463.92547879142967,-183.2202821739969,716.222052322446,13.741521163049942,-34.79441090935734,6.879286053988001e-20
1786739515.0463698,push +Z,fast,1786739470.8001618,-463.5136068906486,-184.05173867664826,713.3840158239382,13.803880400748842,-34.763520516798934,6.86829539554774e-20
1786739515.0739503,push +Z,fast,1786739470.8001618,-464.3660655891449,-184.8750808144723,714.22696401354,13.865631061085512,-34.82745491918584,6.83862215322165e-20
1786739515.1024344,push +Z,fast,1786739470.8001618,-464.82121916565166,-183.52974826959974,713.9270577369425,13.764731120220173,-34.86159143742415,6.81868254156773e-20
1786739515.1307242,push +Z,fast,1786739470.8001618,-464.93350493194157,-185.64289678350212,711.8193484662233,13.923217258762872,-34.87001286989577,6.835347054528265e-20
1786739515.1590862,push +Z,fast,1786739470.8001618,-463.28430306629934,-186.03351251195977,705.5637041254313,13.952513438397187,-34.746322729972626,6.812048657919421e-20
1786739515.1874425,push +Z,fast,1786739470.8001618,-462.61594425469457,-189.27391385194312,702.9858972774482,14.195543538895887,-34.69619581910235,6.805328412121814e-20
1786739515.2165828,push +Z,fast,1786739470.8001618,-462.67665105601645,-189.2713815056926,708.0405060473622,14.19535361292709,-34.7007488292014,6.871454300388935e-20
1786739515.2452912,push +Z,fast,1786739470.8001618,-463.42660694776805,-188.8946090187269,712.6600001587394,14.167095676404518,-34.75699552108277,6.903325275910912e-20
1786739515.2728999,push +Z,fast,1786739470.8001618,-465.3533385972546,-188.953911240097,718.2164277653164,14.171543343007574,-34.901500394794176,6.947123688462438e-20
1786739515.3010561,push +Z,fast,1786739470.8001618,-465.8817402608911,-187.61676640662427,715.4380059753157,14.071257480496993,-34.94113051956707,6.911650010744659e-20
1786739515.329391,push +Z,fast,1786739470.8001618,-466.0940426535212,-187.80712401024414,712.7090815565543,14.085534300768476,-34.957053199014126,6.902110733940554e-20
1786739515.3579605,push +Z,fast,1786739470.8001618,-464.0685132050139,-184.07611538522963,709.5946791344113,13.805708653892442,-34.80513849037613,6.876571809904146e-20
1786739515.3862312,push +Z,fast,1786739470.8001618,-463.4545072348383,-182.39434888676954,711.2652863294797,13.679576166507925,-34.75908804261315,6.832870519593478e-20
1786739515.4150486,push +Z,fast,1786739470.8001618,-464.0608769275259,-182.32784725865292,715.4916213533024,13.674588544399139,-34.804565769564526,6.853117296599043e-20
1786739515.4455473,push +Z,fast,1786739470.8001618,-465.821660349573,-184.31285991585435,713.9920874122945,13.823464493689311,-34.93662452621835,6.806082221888443e-20
1786739515.4716618,push +Z,fast,1786739470.8001618,-467.14819945950103,-185.7684344844148,716.8309256975008,13.932632586331305,-35.03611495946293,6.879222525541653e-20
1786739515.4998636,push +Z,fast,1786739470.8001618,-466.20542362583046,-183.17226429086008,715.0181376884184,13.737919821814767,-34.96540677193745,6.85686129389441e-20
1786739515.5282786,push +Z,fast,1786739470.8001618,-464.1779959568639,-182.42646250634004,713.2686863439194,13.681984687975703,-34.81334969676503,6.872150816223446e-20
1786739515.5566792,push +Z,fast,1786739470.8001618,-465.0198825451853,-182.75218970065066,719.6310714783531,13.706414227548922,-34.87649119088907,6.856149421830966e-20
1786739515.5851016,push +Z,fast,1786739470.8001618,-464.5779353738799,-184.5288994645707,719.2138126355167,13.839667459843074,-34.84334515304114,6.819560699368599e-20
1786739515.6134708,push +Z,fast,1786739470.8001618,-466.6720688473665,-183.72016815305756,725.7097888705257,13.779012611479569,-35.00040516355262,6.855718559138337e-20
1786739515.643396,push +Z,fast,1786739470.8001618,-467.0358739092899,-184.16009164062177,721.1563731051292,13.81200687304695,-35.02769054319683,6.846459822499371e-20
1786739515.6701906,push +Z,fast,1786739470.8001618,-470.0167612749874,-184.79261203258875,727.6540531200299,13.859445902444467,-35.25125709562426,6.900595664191918e-20
1786739515.6984336,push +Z,fast,1786739470.8001618,-468.4954496522091,-185.91927715325244,721.0220657373366,13.943945786494165,-35.13715872391604,6.833701709364563e-20
1786739515.7268362,push +Z,fast,1786739470.8001618,-464.282390861214,-184.95078669569205,708.8888746583789,13.871309002177203,-34.821179314591184,6.704484060598035e-20
1786739515.7552636,push +Z,fast,1786739470.8001618,-462.4516359059603,-183.13729848837625,702.4985788611793,13.735297386628407,-34.68387269294722,6.695758354066295e-20
1786739515.7834854,push +Z,fast,1786739470.8001618,-460.8606178832101,-182.61625241760623,698.3697126711359,13.696218931320676,-34.56454634124089,6.689049149370826e-20
1786739515.8119388,push +Z,fast,1786739470.8001618,-463.78510122637726,-182.26863202986715,707.5938991318335,13.670147402240293,-34.78388259197854,6.753161882364869e-20
1786739515.840229,push +Z,fast,1786739470.8001618,-465.14572820872945,-189.04558737031732,708.5523225692878,14.178419052773943,-34.885929615654845,6.828235752437909e-20
1786739515.8686461,push +Z,fast,1786739470.8001618,-465.6720500638967,-188.00806440158806,710.3558253973333,14.100604830119241,-34.92540375479243,6.837961385156663e-20
1786739515.8969998,push +Z,fast,1786739470.8001618,-466.11485726667206,-190.93537974232095,714.6273225348705,14.320153480674346,-34.958614295000615,6.939537782518923e-20
1786739515.925557,push +Z,fast,1786739470.8001618,-462.20142622105914,-183.7723047211215,706.9986482646145,13.782922854084287,-34.665106966579614,6.771513580680802e-20
1786739515.9540613,push +Z,fast,1786739470.8001618,-462.62739864288596,-184.83962080303957,708.7947782192496,13.862971560228171,-34.697054898216784,6.780980908246848e-20
1786739515.9822316,push +Z,fast,1786739470.8001618,-459.09810919765823,-181.99155363888212,696.0199955253065,13.649366522916349,-34.432358189824605,6.679685105357851e-20
1786739516.010635,push +Z,fast,1786739470.8001618,-462.5746827118064,-184.40894360062964,709.600920788499,13.830670770047536,-34.69310120338582,6.813378445966594e-20
1786739516.0389612,push +Z,fast,1786739470.8001618,-464.23873010306033,-184.72893968364258,716.385796113369,13.854670476273466,-34.81790475772965,6.836598876776326e-20
1786739516.0673652,push +Z,fast,1786739470.8001618,-467.98567832110575,-188.32173681889822,725.7582051421723,14.12413026141753,-35.09892587408313,6.872321048068337e-20
1786739516.0959787,push +Z,fast,1786739470.8001618,-466.74987061000957,-188.4416733888021,723.2000042632653,14.133125504160365,-35.00624029575088,6.865842132507827e-20
1786739516.1241822,push +Z,fast,1786739470.8001618,-465.54590871531127,-188.2237581156495,716.0767105267605,14.116781858673999,-34.91594315364838,6.853775860525647e-20
1786739516.1531198,push +Z,fast,1786739470.8001618,-463.0421481886128,-185.58658009617363,707.7444297062866,13.918993507213283,-34.72816111414618,6.811567269831096e-20
1786739516.180928,push +Z,fast,1786739470.8001618,-463.84617381664475,-186.4002198418783,702.816604151486,13.980016488141079,-34.78846303624855,6.768727801465372e-20
1786739516.2093651,push +Z,fast,1786739470.8001618,-463.27350127478803,-186.01528725263063,703.152069079908,13.951146543947463,-34.7455125956091,6.77611181276892e-20
1786739516.2389088,push +Z,fast,1786739470.8001618,-464.2686993806874,-186.46763123518883,712.0173552225988,13.985072342639388,-34.82015245355173,6.87724819885724e-20
1786739516.266117,push +Z,fast,1786739470.8001618,-464.3991019264904,-184.4453726661909,717.1825597559027,13.833402949964569,-34.82993264448692,6.887029286393052e-20
1786739516.2946882,push +Z,fast,1786739470.8001618,-466.17399812509166,-188.15258899211256,718.6191681987166,14.111444174408735,-34.96304985938214,6.920163016597337e-20
1786739516.3229456,push +Z,fast,1786739470.8001618,-465.79149175156317,-186.98503734524195,712.326866755262,14.023877800893299,-34.93436188136741,6.83592535719986e-20
1786739516.3515093,push +Z,fast,1786739470.8001618,-466.5882031493438,-189.8264482048903,709.5353247819494,14.236983615367063,-34.994115236200884,6.875009894958919e-20
1786739516.379764,push +Z,fast,1786739470.8001618,-466.23406795376013,-187.79877420978562,710.5945062098954,14.084908065734208,-34.96755509653223,6.840611675363642e-20
1786739516.4080098,push +Z,fast,1786739470.8001618,-467.30421992870924,-187.27957205115933,717.3887276122778,14.04596790383707,-35.04781649465337,6.904388479609459e-20
1786739516.4368289,push +Z,fast,1786739470.8001618,-465.89635542593305,-185.7162707338515,719.9388175034401,13.928720305039224,-34.94222665694521,6.894227923218913e-20
1786739516.464892,push +Z,fast,1786739470.8001618,-466.0011065718513,-185.82921209722952,722.5576909365809,13.937190907292514,-34.95008299288901,6.875109424741822e-20
1786739516.4936178,push +Z,fast,1786739470.8001618,-467.28756325723907,-185.84109950154777,721.8581846466022,13.938082462616297,-35.046567244293186,6.903238517153675e-20
1786739516.521586,push +Z,fast,1786739470.8001618,-466.2036640270153,-185.67186375960398,717.1401883216222,13.925389781970527,-34.96527480202644,6.887230370192457e-20
1786739516.5503354,push +Z,fast,1786739470.8001618,-463.8149999450743,-182.05783693762885,710.7115796665857,13.654337770322346,-34.78612499588087,6.859832462076251e-20
1786739516.578332,push +Z,fast,1786739470.8001618,-461.33293276406494,-183.68254763463165,704.9700589983877,13.77619107259763,-34.599969957305106,6.811765218820599e-20
1786739516.6072848,push +Z,fast,1786739470.8001618,-461.6549167833773,-183.5356425927647,704.4669562168783,13.765173194457578,-34.62411875875354,6.797387741800879e-20
1786739516.6353185,push +Z,fast,1786739470.8001618,-462.1977400336559,-187.46841179900173,703.9643844923412,14.060130884925403,-34.66483050252433,6.813962416942081e-20
1786739516.6636636,push +Z,fast,1786739470.8001618,-461.71691553058645,-186.68675051289142,709.921136889795,14.001506288467137,-34.628768664794244,6.865337058578311e-20
1786739516.69235,push +Z,fast,1786739470.8001618,-463.65951760307416,-187.2666988646123,714.4074398742541,14.045002414846106,-34.77446382023084,6.877335677546609e-20
1786739516.7205524,push +Z,fast,1786739470.8001618,-464.7026545215931,-187.24124902335518,714.9220320764307,14.043093676751749,-34.85269908911978,6.89674979591231e-20
1786739516.7490022,push +Z,fast,1786739470.8001618,-464.70165299727614,-185.7778779330705,707.443380641479,13.933340844980531,-34.85262397479594,6.795973026496923e-20
1786739516.777239,push +Z,fast,1786739470.8001618,-462.11910671908845,-187.22998506053545,700.4099972291888,14.042248879540328,-34.6589330039318,6.754942945753328e-20
1786739516.8057618,push +Z,fast,1786739470.8001618,-461.6519455646794,-187.84771939292466,695.7958878599757,14.088578954469558,-34.623895917351184,6.741841331737668e-20
1786739516.8339517,push +Z,fast,1786739470.8001618,-464.352531353999,-188.62515749651652,702.8928639866872,14.146886812239014,-34.82643985155021,6.814130974851133e-20
1786739516.8626463,push +Z,fast,1786739470.8001618,-464.40140458929864,-187.85729044015363,702.9288979331022,14.089296783011822,-34.8301053441976,6.799904943080158e-20
1786739516.8910992,push +Z,fast,1786739470.8001618,-466.2831526936616,-185.67604591129543,714.1937203966445,13.92570344334742,-34.97123645202473,6.851736291066787e-20
1786739516.9194882,push +Z,fast,1786739470.8001618,-465.17795386327043,-189.4136491750487,710.3583702856413,14.206023688128848,-34.888346539745456,6.797668155462322e-20
1786739516.9474247,push +Z,fast,1786739470.8001618,-466.131078817918,-186.96142754874654,710.6403848675736,14.02210706615612,-34.959830911343985,6.859354241293031e-20
1786739516.97582,push +Z,fast,1786739470.8001618,-463.7357523649989,-187.1605797369009,705.0708727166439,14.03704348026793,-34.78018142737517,6.799374106565742e-20
1786739517.0044339,push +Z,fast,1786739470.8001618,-461.42353811550265,-179.8728219728207,708.9928304420573,13.49046164796182,-34.606765358662955,6.738969983305674e-20
1786739517.0345073,push +Z,fast,1786739470.8001618,-461.7895603384609,-180.06774966603098,712.7296384417596,13.505081224952558,-34.6342170253848,6.683632302609865e-20
1786739517.061182,push +Z,fast,1786739470.8001618,-466.2451777665433,-179.60638702574113,731.0735117679906,13.470479026930715,-34.968388332490974,6.76489014995399e-20
1786739517.0898461,push +Z,fast,1786739470.8001618,-469.62229258508296,-185.20779813200238,733.6854157425732,13.89058485990044,-35.22167194388145,6.856540166624586e-20
1786739517.1178753,push +Z,fast,1786739470.8001618,-469.44256455428376,-185.5055326489786,734.3396173450328,13.912914948673514,-35.208192341571475,6.871086470295446e-20
1786739517.1462083,push +Z,fast,1786739470.8001618,-467.3758815062415,-187.1677310319992,716.0178894504534,14.037579827400176,-35.05319111296853,6.86289571755788e-20
1786739517.1748836,push +Z,fast,1786739470.8001618,-464.28442016201006,-186.8039705584422,709.5581658457231,14.010297791883591,-34.82133151215102,6.8709686307902e-20
1786739517.2032683,push +Z,fast,1786739470.8001618,-461.7210797767202,-188.35036498136867,698.6633669136854,14.126277373602857,-34.629080983254305,6.83365830517819e-20
1786739517.2315009,push +Z,fast,1786739470.8001618,-459.8370519189102,-188.01450799883753,697.1159895628552,14.101088099913131,-34.48777889391875,6.73187948995275e-20
1786739517.2601533,push +Z,fast,1786739470.8001618,-462.5040359041277,-188.95552902075758,716.6869347900838,14.17166467655682,-34.6878026928097,6.818337632121248e-20
1786739517.2885158,push +Z,fast,1786739470.8001618,-464.4980502133626,-184.7462220792254,726.3988822756837,13.855966655942137,-34.83735376600224,6.871329294877736e-20
1786739517.3170214,push +Z,fast,1786739470.8001618,-463.4418385113245,-181.700952289606,722.8414355420227,13.627571421720742,-34.75813788834945,6.896808405621229e-20
1786739517.3450615,push +Z,fast,1786739470.8001618,-460.23806918136233,-182.6438383170322,689.7459841365253,13.698287873777726,-34.51785518860234,6.746862974033387e-20
1786739517.373719,push +Z,fast,1786739470.8001618,-460.46526134240185,-185.95630387307483,687.8177002982902,13.94672279048071,-34.534894600680296,6.730683576039759e-20
1786739517.4018342,push +Z,fast,1786739470.8001618,-461.6725581706428,-188.11198964972561,694.5044649824868,14.10839922372968,-34.62544186279843,6.784284349768504e-20
1786739517.431732,push +Z,fast,1786739470.8001618,-464.1785031008553,-185.4593028735111,713.2687416749595,13.909447715513519,-34.81338773256435,6.771913224596055e-20
1786739517.4587686,push +Z,fast,1786739470.8001618,-466.7832943574522,-186.02590836557692,726.6310622459396,13.951943127418584,-35.008747076809016,6.82189501758143e-20
1786739517.4871936,push +Z,fast,1786739470.8001618,-465.9634833246032,-185.44342361597967,720.9043014824001,13.908256771198555,-34.947261249345416,6.752187870396305e-20
1786739517.515696,push +Z,fast,1786739470.8001618,-465.3976518068225,-184.87205212351648,712.4100195076107,13.865403909264113,-34.904823885511995,6.776796736370939e-20
1786739517.5439503,push +Z,fast,1786739470.8001618,-463.5418352996139,-188.75178404445228,694.8452959270935,14.156383803334332,-34.76563764747123,6.752965205658774e-20
1786739517.572682,push +Z,fast,1786739470.8001618,-466.0813120942289,-192.3180337328264,706.0734276367266,14.423852529962222,-34.956098407067465,6.83501667251419e-20
1786739517.6007693,push +Z,fast,1786739470.8001618,-466.90184196123255,-194.60479021168055,714.5809141563641,14.595359265876315,-35.017638147092626,6.960061315455881e-20
1786739517.6298506,push +Z,fast,1786739470.8001618,-469.2206528395782,-189.04912375119693,726.6381227906195,14.178684281339944,-35.1915489629686,6.983058982502097e-20
1786739517.6574564,push +Z,fast,1786739470.8001618,-469.0290872694686,-184.24518581291443,721.9803580323078,13.818388935968773,-35.17718154521047,6.927001169732811e-20
1786739517.6858885,push +Z,fast,1786739470.8001618,-467.5585706387146,-182.01968911526126,716.7814834624414,13.65147668364487,-35.06689279790377,6.809146284688502e-20
1786739517.714158,push +Z,fast,1786739470.8001618,-465.4576392941399,-185.1477833951244,716.7899738560054,13.886083754634473,-34.909322947060396,6.857622231290585e-20
1786739517.7424426,push +Z,fast,1786739470.8001618,-463.5775697696604,-189.22111185031451,708.9686842483843,14.19158338877364,-34.768317732724704,6.889005260972998e-20
1786739517.7710302,push +Z,fast,1786739470.8001618,-464.15865561458077,-187.0730148723443,709.4971764073198,14.030476115425895,-34.81189917109364,6.922941225062554e-20
1786739517.7994058,push +Z,fast,1786739470.8001618,-463.4810864654755,-187.02217987764834,704.303163027459,14.02666349082374,-34.76108148491073,6.848854077504941e-20
1786739517.8281531,push +Z,fast,1786739470.8001618,-463.5273326317797,-184.05541713960883,710.2831031295591,13.80415628547097,-34.76454994738356,6.824375257373042e-20
1786739517.8564715,push +Z,fast,1786739470.8001618,-463.95281500388637,-187.0261933808191,710.5167624801488,14.026964503561675,-34.796461125291714,6.795007941368467e-20
1786739517.884662,push +Z,fast,1786739470.8001618,-464.2068897195727,-185.73471322508692,709.1779963732743,13.930103491881919,-34.815516728968134,6.84053547003817e-20
1786739517.9132717,push +Z,fast,1786739470.8001618,-467.8083744540072,-186.90387169179678,710.72709973368,14.017790376885,-35.0856280840507,6.812933272758556e-20
1786739517.9416482,push +Z,fast,1786739470.8001618,-468.6272607685851,-193.35429434500782,707.371054943841,14.501572075875618,-35.14704455764399,6.829106732542131e-20
1786739517.97002,push +Z,fast,1786739470.8001618,-470.3385345342167,-195.23741686741187,715.3940617361923,14.64280626505602,-35.275390090066395,6.856262506300845e-20
1786739517.998152,push +Z,fast,1786739470.8001618,-467.8697764416047,-196.67002641714794,710.5910185393959,14.750251981286407,-35.09023323312064,6.893938016252013e-20
1786739518.0268106,push +Z,fast,1786739470.8001618,-465.74820100156285,-189.00717084799066,705.8600318453819,14.175537813599664,-34.93111507511714,6.830490561153845e-20
1786739518.0553858,push +Z,fast,1786739470.8001618,-465.1045318249712,-188.90250101996855,696.5177693962551,14.167687576497901,-34.88283988687299,6.733421824727395e-20
1786739518.083301,push +Z,fast,1786739470.8001618,-463.74880374174836,-189.98831546502242,688.6749303907482,14.249123659876755,-34.78116028063141,6.678956482063224e-20
1786739518.1116984,push +Z,fast,1786739470.8001618,-464.799310717357,-193.09058846692824,694.2593064855391,14.4817941350199,-34.85994830380203,6.714231222947999e-20
1786739518.140255,push +Z,fast,1786739470.8001618,-463.65673468829164,-192.0244838673442,690.5419010477544,14.401836290050927,-34.77425510162218,6.761365962380571e-20
1786739518.168394,push +Z,fast,1786739470.8001618,-465.7224432310891,-191.97606611226286,699.9569441178237,14.398204958419907,-34.92918324233188,6.78926777722006e-20
1786739518.1968515,push +Z,fast,1786739470.8001618,-466.9324961191696,-191.72621871848787,699.0146361664783,14.379466403886727,-35.01993720893799,6.8714026478994e-20
1786739518.2254732,push +Z,fast,1786739470.8001618,-468.8665509423763,-192.84997990965655,698.1774096824865,14.463748493224433,-35.164991320678524,6.806177070386673e-20
1786739518.2540076,push +Z,fast,1786739470.8001618,-471.39602673695117,-193.0926053535659,702.0231760773895,14.481945401517681,-35.35470200527148,6.862963116799831e-20
1786739518.2820694,push +Z,fast,1786739470.8001618,-471.44551369348346,-195.6758787268758,701.2474461664206,14.675690904516014,-35.35841352701155,6.792747654175795e-20
1786739518.3104029,push +Z,fast,1786739470.8001618,-470.6274348201937,-198.14277781678652,703.4501930778915,14.860708336259226,-35.29705761151488,6.88389014837885e-20
1786739518.3388963,push +Z,fast,1786739470.8001618,-468.14592755565536,-197.34260136392925,698.5177664006005,14.800695102294771,-35.110944566674455,6.855423499189456e-20
1786739518.3669858,push +Z,fast,1786739470.8001618,-466.76761277743935,-198.38298006079333,692.3871714596407,14.878723504559556,-35.00757095830822,6.7850763324035e-20
1786739518.3955164,push +Z,fast,1786739470.8001618,-466.43011939741973,-196.71383105153393,695.1569263187548,14.753537328865189,-34.98225895480646,6.745622172035595e-20
1786739518.4243429,push +Z,fast,1786739470.8001618,-465.5593204455063,-196.74338088289255,696.6459991873098,14.755753566217155,-34.916949033413125,6.71573585680059e-20
1786739518.4524124,push +Z,fast,1786739470.8001618,-467.39624652394014,-195.19080018951172,703.7336820286318,14.639310014213496,-35.054718489295674,6.801847282001925e-20
1786739518.4808507,push +Z,fast,1786739470.8001618,-469.8228451654595,-197.93834330913762,710.0300044290834,14.84537574818555,-35.23671338740974,6.823744544583293e-20
1786739518.5092516,push +Z,fast,1786739470.8001618,-471.6723488097409,-199.54975506671974,704.9056765603218,14.966231630004113,-35.375426160730726,6.840608413842592e-20
1786739518.5375347,push +Z,fast,1786739470.8001618,-469.84868023301306,-199.83905440887838,698.724725887123,14.987929080665953,-35.238651017476116,6.787720618508093e-20
1786739518.5659134,push +Z,fast,1786739470.8001618,-463.4802587754489,-196.8849049929861,680.5367080784199,14.766367874474138,-34.76101940815881,6.68160289531587e-20
1786739518.594335,push +Z,fast,1786739470.8001618,-462.30143845633984,-196.41488923942075,681.7290718111572,14.731116692956771,-34.67260788422566,6.681457814992571e-20
1786739518.623469,push +Z,fast,1786739470.8001618,-464.3004492397431,-201.72390901062147,681.0917010604026,15.129293175796793,-34.822533692981146,6.731954768735069e-20
1786739518.651302,push +Z,fast,1786739470.8001618,-465.6692639502903,-203.31008310400694,680.5819279084253,15.24825623280076,-34.92519479627217,6.709483297123212e-20
1786739518.6798093,push +Z,fast,1786739470.8001618,-466.0853155083855,-204.6934486778173,684.6272274341927,15.352008650836371,-34.95639866312897,6.723627559909792e-20
1786739518.7082238,push +Z,fast,1786739470.8001618,-464.2544071962825,-197.61394353268247,687.6913408520832,14.82104576495136,-34.819080539721426,6.724052442926298e-20
1786739518.7367194,push +Z,fast,1786739470.8001618,-465.1253582054983,-197.87046822209106,690.1811621080524,14.840285116656919,-34.884401865412435,6.845583988091748e-20
1786739518.7648656,push +Z,fast,1786739470.8001618,-463.2568062447849,-198.4450559651791,681.7017660462816,14.883379197388333,-34.744260468359,6.863710258929151e-20
1786739518.7937887,push +Z,fast,1786739470.8001618,-464.8180845663237,-201.9644293422126,682.4476639934201,15.14733220066599,-34.861356342474494,6.856831930525095e-20
1786739518.8218827,push +Z,fast,1786739470.8001618,-466.30417187431976,-202.1084335836117,690.0641066692951,15.158132518770973,-34.972812890574204,6.821286263217837e-20
1786739518.8496742,push +Z,fast,1786739470.8001618,-466.1184578274874,-200.3876002281296,693.7167444800016,15.029070017109735,-34.9588843370618,6.790762448012533e-20
1786739518.8781376,push +Z,fast,1786739470.8001618,-464.4349489331703,-199.36572547773312,687.9617061256704,14.952429410830366,-34.83262116998799,6.771960604664424e-20
1786739518.9064713,push +Z,fast,1786739470.8001618,-463.9547325684648,-197.61321411346614,682.6417486183464,14.82099105851007,-34.796604942635064,6.732461558836809e-20
1786739518.9349852,push +Z,fast,1786739470.8001618,-462.7569236517097,-200.706803483905,676.9911648337711,15.053010261293249,-34.70676927387839,6.66228462782904e-20
1786739518.9636693,push +Z,fast,1786739470.8001618,-464.562749577894,-198.73943739302172,683.3947492887546,14.905457804476956,-34.84220621834229,6.666887240918721e-20
1786739518.9917703,push +Z,fast,1786739470.8001618,-464.9057648140124,-199.87780218578814,686.7543179383456,14.990835163934346,-34.867932361051075,6.688646002286601e-20
1786739519.0209203,push +Z,fast,1786739470.8001618,-467.59770403032644,-196.97678540872494,695.4113325825256,14.773258905654448,-35.06982780227472,6.732973536228284e-20
1786739519.0488207,push +Z,fast,1786739470.8001618,-466.59865245584206,-198.69540425155776,693.1757314100114,14.902155318866999,-34.99489893418825,6.73600634089402e-20
1786739519.0770001,push +Z,fast,1786739470.8001618,-465.9840616797683,-198.46091178859342,699.2937362023513,14.884568384144647,-34.94880462598297,6.784235284051406e-20
1786739519.105642,push +Z,fast,1786739470.8001618,-464.60313235209696,-196.001419862798,696.1935511619977,14.700106489710105,-34.84523492640753,6.750225739970999e-20
1786739519.1339624,push +Z,fast,1786739470.8001618,-464.4243170298828,-192.6987960807088,703.6353352706901,14.452409706053292,-34.83182377724145,6.780742616254256e-20
1786739519.162244,push +Z,fast,1786739470.8001618,-465.33579542720736,-193.4885079450179,700.7619544638619,14.511638095876467,-34.90018465704075,6.771056755812757e-20
1786739519.1904957,push +Z,fast,1786739470.8001618,-464.50649816044734,-193.1680086041232,702.9657935201103,14.487600645309417,-34.83798736203392,6.819613913845521e-20
1786739519.2198937,push +Z,fast,1786739470.8001618,-464.58195981368635,-194.93448644046498,700.6248839552954,14.62008648303517,-34.84364698602669,6.808757334216076e-20
1786739519.2473516,push +Z,fast,1786739470.8001618,-464.58843233495963,-191.36699266093353,710.5363407801433,14.352524449570272,-34.844132425122105,6.839133118710649e-20
1786739519.2755835,push +Z,fast,1786739470.8001618,-465.8575266225748,-190.6028068258347,713.9403726552009,14.295210511937864,-34.939314496693314,6.855594008505357e-20
1786739519.3039668,push +Z,fast,1786739470.8001618,-465.48486679791677,-186.22030094517095,713.9840083705185,13.966522570888007,-34.91136500984378,6.812377523452407e-20
1786739519.332443,push +Z,fast,1786739470.8001618,-465.79047702795924,-186.75524652962918,707.7570977407913,14.006643489722368,-34.934285777097074,6.804880172409648e-20
1786739519.3607886,push +Z,fast,1786739470.8001618,-465.5248596379997,-188.96026461711426,709.4639776755212,14.172019846283813,-34.914364472850146,6.792860658093297e-20
1786739519.3892956,push +Z,fast,1786739470.8001618,-465.9250261594925,-190.3271299790424,717.4803900195902,14.274534748428284,-34.94437696196212,6.868317663399723e-20
1786739519.4187143,push +Z,fast,1786739470.8001618,-464.82814147322324,-189.07037260496986,722.2391212438215,14.180277945373032,-34.86211061049197,6.901354994406507e-20
1786739519.4462543,push +Z,fast,1786739470.8001618,-465.72910861223136,-187.34798287225863,723.5803708618178,14.051098715419617,-34.929683145917686,6.929144570852145e-20
1786739519.4744368,push +Z,fast,1786739470.8001618,-464.48072991434174,-185.81036472531844,722.0371527456446,13.935777354399118,-34.83605474357572,6.924648258700438e-20
1786739519.5027022,push +Z,fast,1786739470.8001618,-463.4600996946815,-184.5999449048171,716.6344840187758,13.844995867861495,-34.75950747710131,6.897609203796571e-20
1786739519.531118,push +Z,fast,1786739470.8001618,-461.075135566467,-183.32690119476433,707.7933728306589,13.749517589607418,-34.58063516748517,6.827808500217824e-20
1786739519.5594635,push +Z,fast,1786739470.8001618,-461.96060395301174,-185.69632271614375,707.7162433373296,13.927224203710896,-34.64704529647601,6.835031174823794e-20
1786739519.588093,push +Z,fast,1786739470.8001618,-463.17349316724176,-186.49962699482,707.68663566545,13.98747202461156,-34.73801198754335,6.791229070577529e-20
1786739519.6164916,push +Z,fast,1786739470.8001618,-465.39272069474873,-185.34898412030532,714.9782721846341,13.901173809023046,-34.90445405210642,6.866980154384414e-20
1786739519.6448503,push +Z,fast,1786739470.8001618,-464.61260290788687,-183.00720263802498,711.2275675279616,13.725540197852137,-34.84594521809177,6.824454308635957e-20
1786739519.673602,push +Z,fast,1786739470.8001618,-465.2905810089883,-179.67124120876463,721.1631294902982,13.475343090657642,-34.89679357567435,6.862975261259723e-20
1786739519.7015753,push +Z,fast,1786739470.8001618,-463.2643603163765,-181.79893973916467,717.3182372980864,13.634920480437533,-34.74482702372851,6.827373978561047e-20
1786739519.7301152,push +Z,fast,1786739470.8001618,-461.48059023105225,-183.34709662308148,711.3148122963094,13.75103224673138,-34.611044267329,6.808446118651216e-20
1786739519.7583897,push +Z,fast,1786739470.8001618,-458.1838313855046,-185.79218962068273,693.448028452086,13.934414221551531,-34.36378735391302,6.753323086982556e-20
1786739519.7867215,push +Z,fast,1786739470.8001618,-461.1405300971178,-187.75918991024048,697.7289484018675,14.08193924326827,-34.58553975728414,6.774780578387427e-20
1786739519.8151686,push +Z,fast,1786739470.8001618,-461.4332144465998,-187.99070991385668,700.0308235730399,14.099303243539392,-34.60749108349514,6.809285654530426e-20
1786739519.8434718,push +Z,fast,1786739470.8001618,-462.3251204983708,-188.28906892073076,707.9331332592328,14.121680169055029,-34.67438403737794,6.82933720347803e-20
1786739519.872081,push +Z,fast,1786739470.8001618,-463.97909716674985,-184.6529618504993,716.6139880962883,13.848972138787683,-34.79843228750649,6.898209668047681e-20
1786739519.900175,push +Z,fast,1786739470.8001618,-464.4905416616675,-185.93183040890506,714.5191182069921,13.944887280668173,-34.8367906246253,6.865641378251916e-20
1786739519.9287353,push +Z,fast,1786739470.8001618,-466.4933625366375,-185.35781350711557,715.5735633179074,13.901836013033883,-34.98700219024803,6.885987327515902e-20
1786739519.9570923,push +Z,fast,1786739470.8001618,-464.11841273904747,-185.5271607717092,712.1296074303464,13.914537057878373,-34.80888095542873,6.857075017841949e-20
1786739519.985462,push +Z,fast,1786739470.8001618,-465.602958393476,-183.55387888368853,717.8089145782569,13.766540916276927,-34.92022187951087,6.884632149846335e-20
1786739520.0140388,push +Z,fast,1786739470.8001618,-467.7694481783142,-184.63331282876277,722.6563937991059,13.8474984621575,-35.08270861337383,6.89884552613339e-20
1786739520.0421681,push +Z,fast,1786739470.8001618,-468.98064827022154,-185.38046473802842,722.0521162281175,13.903534855352436,-35.1735486202668,6.871971669424574e-20
1786739520.0705347,push +Z,fast,1786739470.8001618,-468.63397349808747,-186.40567913972984,719.6243150554119,13.980425935480103,-35.14754801235673,6.883582608563705e-20
1786739520.0991483,push +Z,fast,1786739470.8001618,-467.20461653113216,-186.67792019779392,718.4876783966283,14.000844014834723,-35.04034623983514,6.888558430031536e-20
1786739520.1272812,push +Z,fast,1786739470.8001618,-464.26176975676344,-185.0562810541179,706.0980856936294,13.87922107905906,-34.81963273175739,6.856501508405012e-20
1786739520.15567,push +Z,fast,1786739470.8001618,-462.4385309779964,-182.91637514867455,702.2428925797058,13.71872813615072,-34.68288982334988,6.852570196251115e-20
1786739520.1840599,push +Z,fast,1786739470.8001618,-460.10031181905333,-182.4648150966999,695.4916593497237,13.68486113225254,-34.507523386429334,6.782449648361979e-20
1786739520.212631,push +Z,fast,1786739470.8001618,-463.443779778524,-183.62016706792258,707.2785226522774,13.77151253009448,-34.75828348338947,6.783757469899222e-20
1786739520.2408838,push +Z,fast,1786739470.8001618,-464.17499113605754,-186.32247413113555,706.5876911761816,13.974185559835359,-34.813124335204684,6.685325851519669e-20
1786739520.2692382,push +Z,fast,1786739470.8001618,-468.2522361252727,-184.78639231013892,714.0812712246534,13.85897942326066,-35.118917709395696,6.767712378589466e-20
1786739520.2977014,push +Z,fast,1786739470.8001618,-466.1322793777522,-184.26913467650274,717.7611865744711,13.820185100737877,-34.959920953331654,6.810434215558644e-20
1786739520.3260527,push +Z,fast,1786739470.8001618,-467.0337013550561,-180.91041394868466,722.7282393417727,13.568281046151437,-35.02752760162931,6.876847596021718e-20
1786739520.3544824,push +Z,fast,1786739470.8001618,-464.038234303785,-186.54037032282986,715.2106588490033,13.990527774212413,-34.80286757278416,6.838983319035988e-20
1786739520.3831136,push +Z,fast,1786739470.8001618,-464.32718399638543,-190.14995712455163,711.1926159465002,14.261246784341619,-34.82453879972906,6.872341756207996e-20
1786739520.4116142,push +Z,fast,1786739470.8001618,-465.5478595894474,-191.35601741679534,719.0504825104372,14.35170130625983,-34.91608946920886,6.889679878220535e-20
1786739520.4399126,push +Z,fast,1786739470.8001618,-467.1897505462666,-186.90230329777194,740.1661330164461,14.01767274733307,-35.0392312909702,7.041343400040369e-20
1786739520.4682152,push +Z,fast,1786739470.8001618,-466.7993190862444,-185.2476964232901,728.6904929088387,13.89357723174695,-35.00994893146868,6.905115284941024e-20
1786739520.4966335,push +Z,fast,1786739470.8001618,-466.8372316161731,-186.35271017413731,728.25963801531,13.976453263060503,-35.01279237121328,6.940706803630683e-20
1786739520.5249481,push +Z,fast,1786739470.8001618,-463.4415237499811,-186.31956708433256,700.808566869101,13.97396753132524,-34.758114281248815,6.733208727361172e-20
1786739520.5533369,push +Z,fast,1786739470.8001618,-463.0142386455027,-183.62975626604918,706.9738983192456,13.772231719953961,-34.72606789841287,6.875600371430552e-20
1786739520.5816479,push +Z,fast,1786739470.8001618,-462.0838881702707,-185.04728001137562,703.1578721097903,13.878546000853344,-34.65629161277062,6.873252713057127e-20
1786739520.6100667,push +Z,fast,1786739470.8001618,-463.5553189354755,-183.22211840227942,710.1122864813842,13.74165888017102,-34.76664892016076,7.046135213063069e-20
1786739520.638846,push +Z,fast,1786739470.8001618,-464.0779377913218,-186.11512816118454,712.3687250405737,13.958634612089003,-34.80584533434938,7.038819917020314e-20
1786739520.6670196,push +Z,fast,1786739470.8001618,-464.4182986217761,-182.49765818775018,713.7877333998786,13.687324364081409,-34.831372396633306,7.011602523145423e-20
1786739520.6955605,push +Z,fast,1786739470.8001618,-464.9807300128841,-186.4104297426171,715.5953851610848,13.980782230696466,-34.87355475096668,6.937364497478999e-20
1786739520.7240238,push +Z,fast,1786739470.8001618,-463.37911260214423,-187.03506998766613,710.819134974925,14.027630249075305,-34.75343344516092,6.879231729218302e-20
1786739520.7523901,push +Z,fast,1786739470.8001618,-462.54893067035846,-188.83396114310483,706.5641459189674,14.162547085733063,-34.69116980027712,6.895472134241956e-20
1786739520.7807224,push +Z,fast,1786739470.8001618,-463.94185888098946,-191.8746054878909,705.7329092193104,14.390595411591907,-34.79563941607436,6.851103617944024e-20
1786739520.809136,push +Z,fast,1786739470.8001618,-465.94953184401356,-189.18666019101875,711.5733926715511,14.188999514326614,-34.94621488830121,6.869931914562332e-20
1786739520.837333,push +Z,fast,1786739470.8001618,-465.88198269357963,-188.52960927229606,710.7694745631688,14.139720695422472,-34.94114870201867,6.840378127774359e-20
1786739520.8657331,push +Z,fast,1786739470.8001618,-462.34332243714016,-184.02656018359914,704.1824832380908,13.801992013770178,-34.67574918278556,6.766981034918205e-20
1786739520.89416,push +Z,fast,1786739470.8001618,-463.4007792851721,-184.17577251637556,705.7538849661687,13.813182938728449,-34.75505844638811,6.770430668940835e-20
1786739520.9226952,push +Z,fast,1786739470.8001618,-466.204328363076,-187.57154880989674,706.9870345615773,14.067866160742351,-34.96532462723097,6.841994905674962e-20
1786739520.9510958,push +Z,fast,1786739470.8001618,-469.2095439688537,-186.7424666893263,716.6291953812679,14.005685001699664,-35.19071579766413,6.905643625550477e-20
1786739520.9801297,push +Z,fast,1786739470.8001618,-468.6762737918107,-187.20819893191026,717.6889074555256,14.040614919893503,-35.15072053438611,6.900739758806804e-20
1786739521.0077257,push +Z,fast,1786739470.8001618,-467.9169450009872,-188.9812227258045,718.1582616066335,14.173591704435555,-35.093770875074156,6.865197528447776e-20
1786739521.0362637,push +Z,fast,1786739470.8001618,-465.48238198297895,-187.06673744584782,714.5272708401908,14.030005308438735,-34.911178648723606,6.843645855302189e-20
1786739521.0647185,push +Z,fast,1786739470.8001618,-464.87110252361254,-188.01331508462624,710.6857390906716,14.100998631347093,-34.86533268927103,6.857115318538539e-20
1786739521.0930803,push +Z,fast,1786739470.8001618,-465.16976428409,-184.7726402196031,707.5669174431296,13.85794801647037,-34.88773232130696,6.853294153895605e-20
1786739521.1214864,push +Z,fast,1786739470.8001618,-465.1937642806897,-186.52385825069086,707.0070289248233,13.989289368801973,-34.88953232105182,6.831939973109477e-20
1786739521.1501145,push +Z,fast,1786739470.8001618,-464.35463788982406,-185.18835469026237,702.1890141437052,13.88912660176965,-34.82659784173691,6.801985060402109e-20
1786739521.178493,push +Z,fast,1786739470.8001618,-462.0909343495805,-182.8388303671535,702.2347966031521,13.712912277536699,-34.6568200762188,6.781203976998791e-20
1786739521.206844,push +Z,fast,1786739470.8001618,-463.0763781032483,-183.65094589083742,702.3871878659847,13.773820941813025,-34.73072835774381,6.859894795329678e-20
1786739521.2351303,push +Z,fast,1786739470.8001618,-463.36844429548137,-186.15196766792144,707.2626241655635,13.96139757509437,-34.75263332216126,6.860468617598671e-20
1786739521.2635005,push +Z,fast,1786739470.8001618,-463.5490223347697,-187.26707714414385,706.2583227989953,14.045030785810884,-34.76617667510795,6.850834860753244e-20
1786739521.2917588,push +Z,fast,1786739470.8001618,-464.9319161357662,-188.08329510775798,709.9819440313668,14.106247133082082,-34.86989371018274,6.888525570999754e-20
1786739521.3202763,push +Z,fast,1786739470.8001618,-463.8053611934165,-187.22867930061375,703.7833995747851,14.042150947546222,-34.78540208950644,6.862308372405303e-20
1786739521.3486514,push +Z,fast,1786739470.8001618,-462.65044987942656,-188.0073330874959,704.8358830087654,14.100549981562299,-34.69878374095726,6.889404388887101e-20
1786739521.3775828,push +Z,fast,1786739470.8001618,-463.09096096448,-189.13438001556938,707.7095619097736,14.185078501167897,-34.731822072336385,6.90471501629719e-20
1786739521.4057293,push +Z,fast,1786739470.8001618,-461.9923782992296,-187.6236025754837,708.5292451791001,14.071770193161516,-34.64942837244237,6.889168910072049e-20
1786739521.4339955,push +Z,fast,1786739470.8001618,-463.48967758546996,-187.8323049385898,710.0785007564018,14.087422870394494,-34.76172581891039,6.870409928945316e-20
1786739521.4622574,push +Z,fast,1786739470.8001618,-461.80514858872357,-189.88593434636118,697.2123833490168,14.24144507597735,-34.63538614415449,6.837742509299915e-20
1786739521.4904969,push +Z,fast,1786739470.8001618,-463.1738098925116,-191.8721520022034,698.3258676869591,14.390411400165451,-34.738035741938646,6.847466512001775e-20
1786739521.5189662,push +Z,fast,1786739470.8001618,-463.5690521199199,-192.37188588652646,698.3296733646757,14.42789144148973,-34.76767890899429,6.888568663511429e-20
1786739521.5472832,push +Z,fast,1786739470.8001618,-462.84028550308176,-187.91517452094058,702.4846503185454,14.09363808907062,-34.713021412731244,6.845660495279005e-20
1786739521.5762987,push +Z,fast,1786739470.8001618,-463.83487299762965,-188.1937615225794,706.87462423943,14.11453211419364,-34.78761547482253,6.904015426490296e-20
1786739521.604218,push +Z,fast,1786739470.8001618,-463.3415746264782,-190.2845109391634,705.7635069075895,14.271338320437312,-34.750618096986074,6.868576556865394e-20
1786739521.6327682,push +Z,fast,1786739470.8001618,-463.3760428550254,-189.9781514288661,713.1522759657109,14.248361357165127,-34.75320321412704,6.942998027948673e-20
1786739521.6610417,push +Z,fast,1786739470.8001618,-463.43419929975744,-184.98051825997493,710.7816948387226,13.873538869498365,-34.757564947482166,6.908671313049297e-20
1786739521.6894917,push +Z,fast,1786739470.8001618,-464.0555094688625,-182.19744940429234,711.4554910316128,13.664808705322006,-34.804163210165015,6.867580738222552e-20
1786739521.7177842,push +Z,fast,1786739470.8001618,-465.81702308811964,-183.96665137518664,707.6239906488563,13.797498853139121,-34.93627673160906,6.845605518477114e-20
1786739521.7462318,push +Z,fast,1786739470.8001618,-465.1889301433089,-186.26316745278473,704.4989708548674,13.969737558958943,-34.88916976074846,6.87953634635068e-20
1786739521.7749345,push +Z,fast,1786739470.8001618,-464.3067672930838,-185.5734380442351,704.7825620853091,13.918007853317821,-34.82300754698139,6.931254612862367e-20
1786739521.8027687,push +Z,fast,1786739470.8001618,-465.7639342403554,-185.17035285756015,710.3647290504805,13.88777646431706,-34.932295068026974,6.877638140153455e-20
1786739521.8312778,push +Z,fast,1786739470.8001618,-465.4445310623969,-186.52963247313266,712.5134670601665,13.989722435485195,-34.90833982967994,6.839799431534426e-20
1786739521.859672,push +Z,fast,1786739470.8001618,-466.1504412563436,-187.00037701568442,713.8441743855001,14.025028276176595,-34.961283094225934,6.845769207638492e-20
1786739521.8879957,push +Z,fast,1786739470.8001618,-463.2618591899545,-186.37988731168582,706.0729790965097,13.97849154837662,-34.744639439246825,6.822454319180456e-20
1786739521.9164305,push +Z,fast,1786739470.8001618,-463.33673528866893,-187.46060915005035,706.111136911667,14.059545686254065,-34.75025514665033,6.806366749573011e-20
1786739521.945035,push +Z,fast,1786739470.8001618,-465.51052077844133,-187.21308701092016,707.3744869818929,14.040981525819124,-34.91328905838324,6.784506476292685e-20
1786739521.9746203,push +Z,fast,1786739470.8001618,-466.3912284179064,-188.8880027638338,709.5576877201074,14.166600207287747,-34.97934213134302,6.862958209190463e-20
1786739522.001707,push +Z,fast,1786739470.8001618,-468.1052937096956,-189.89576420342394,715.3953270353577,14.242182315257029,-35.10789702822732,6.884221418806815e-20
1786739522.0300636,push +Z,fast,1786739470.8001618,-465.7176490028405,-185.7423863694097,717.4323642972104,13.930678977705885,-34.92882367521326,6.823318926055788e-20
1786739522.0583925,push +Z,fast,1786739470.8001618,-466.0437608643383,-183.80310712419703,717.2575189508143,13.785233034315024,-34.953282064825565,6.740992404963103e-20
1786739522.086988,push +Z,fast,1786739470.8001618,-465.02126150470986,-183.51647791789821,707.5317621058939,13.763735843842621,-34.87659461285353,6.730573487186805e-20
1786739522.1153321,push +Z,fast,1786739470.8001618,-464.6850771426548,-186.37667976908358,703.9333371331641,13.978250982681505,-34.8513807856992,6.802478249505702e-20
1786739522.1437695,push +Z,fast,1786739470.8001618,-462.99099664803,-187.9174088009296,700.1228686313971,14.093805660069737,-34.724324748602314,6.801572712300588e-20
1786739522.1745322,push +Z,fast,1786739470.8001618,-464.9707334163468,-185.7804376139046,712.9816032153494,13.93353282104292,-34.8728050062264,6.889071927178125e-20
1786739522.2005384,push +Z,fast,1786739470.8001618,-466.26872065662246,-186.91724315879605,727.0305393651661,14.01879323690989,-34.970154049246894,6.939881214027547e-20
1786739522.229022,push +Z,fast,1786739470.8001618,-466.8133812553647,-184.56925210819747,725.5640302045767,13.842693908115177,-35.011003594152655,6.929315715179408e-20
1786739522.257439,push +Z,fast,1786739470.8001618,-466.0648210888735,-186.51379925513663,721.0312650251408,13.988534944135392,-34.954861581665554,6.890712478372015e-20
1786739522.2856853,push +Z,fast,1786739470.8001618,-464.30568048724535,-185.75495870505597,705.2115439560375,13.931621902879368,-34.82292603654351,6.826292766079441e-20
1786739522.3144326,push +Z,fast,1786739470.8001618,-464.84746582014395,-188.59345779275407,709.270993877959,14.144509334456746,-34.86355993651098,6.866021554390152e-20
1786739522.3429139,push +Z,fast,1786739470.8001618,-462.24925688136636,-184.58348224644146,704.704418373658,13.843761168483386,-34.66869426610262,6.794646173659132e-20
1786739522.372672,push +Z,fast,1786739470.8001618,-464.0777017537571,-187.00943342377275,708.081357752345,14.02570750678321,-34.80582763153208,6.787368605352105e-20
1786739522.3992472,push +Z,fast,1786739470.8001618,-464.29712729591165,-183.8814632649761,716.5302367440709,13.791109744873406,-34.82228454719366,6.791255899780268e-20
1786739522.4276698,push +Z,fast,1786739470.8001618,-465.06406079492444,-184.29509586913582,714.852864896653,13.82213219018534,-34.879804559619444,6.794602430260933e-20
1786739522.4561188,push +Z,fast,1786739470.8001618,-462.910587811999,-181.31749007389624,715.0318910529486,13.598811755542268,-34.71829408589998,6.831845336897789e-20
1786739522.4843786,push +Z,fast,1786739470.8001618,-461.62139954475015,-180.61572206707376,698.6950719041524,13.546179155030867,-34.62160496585647,6.732545585971772e-20
1786739522.5130742,push +Z,fast,1786739470.8001618,-461.9550830109338,-179.49706383065723,703.3277670951793,13.462279787299625,-34.646631225820116,6.77176594073379e-20
1786739522.5412018,push +Z,fast,1786739470.8001618,-463.2510088733825,-180.49544066815383,707.8859832833077,13.537158050111746,-34.74382566550389,6.790814349330387e-20
1786739522.5713542,push +Z,fast,1786739470.8001618,-464.91541473236066,-182.10945587329695,724.2274545116488,13.658209190497555,-34.86865610492713,6.903109947834713e-20
1786739522.5981038,push +Z,fast,1786739470.8001618,-464.365491390492,-184.95524180364737,724.2378652458665,13.87164313527376,-34.827411854287256,6.867468393477636e-20
1786739522.6266193,push +Z,fast,1786739470.8001618,-463.3246812448674,-182.42090064098613,713.2160458984945,13.681567548074302,-34.74935109336533,6.787607271198081e-20
1786739522.6550937,push +Z,fast,1786739470.8001618,-463.43632301359094,-183.2609839205469,711.5401561548133,13.744573794041262,-34.75772422601958,6.817030504326697e-20
1786739522.6832056,push +Z,fast,1786739470.8001618,-463.6380255630738,-182.16440265290237,710.6893053943822,13.662330198967911,-34.77285191723066,6.81624520308614e-20
1786739522.7117755,push +Z,fast,1786739470.8001618,-463.97836477720557,-185.23157623382565,713.5760115502944,13.892368217537044,-34.79837735829047,6.843607539925272e-20
1786739522.7401912,push +Z,fast,1786739470.8001618,-464.62206795922475,-187.85732085742677,711.4657562888024,14.089299064307273,-34.846655096941944,6.853543441895823e-20
1786739522.7688632,push +Z,fast,1786739470.8001618,-465.3134416206867,-191.01185930741462,708.0415925488596,14.32588944805629,-34.8985081215517,6.85711495877524e-20
1786739522.797101,push +Z,fast,1786739470.8001618,-466.86041187505,-190.98066908809415,709.5168052540475,14.323550181607313,-35.014530890629075,6.859704360601187e-20
1786739522.825444,push +Z,fast,1786739470.8001618,-464.80959419960936,-187.67887013626728,707.0978448776686,14.075915260220274,-34.86071956497079,6.832326931959518e-20
1786739522.8537934,push +Z,fast,1786739470.8001618,-464.46081553347267,-184.43000107273213,709.5724867805038,13.83225008045515,-34.8345611650107,6.81333195889031e-20
1786739522.8819366,push +Z,fast,1786739470.8001618,-462.8415411390347,-187.66022563814352,695.8905168138417,14.074516922861012,-34.71311558542784,6.833989475982075e-20
1786739522.9104776,push +Z,fast,1786739470.8001618,-462.64821436816646,-189.08649517418257,689.9548398234174,14.18148713806394,-34.69861607761284,6.810489968751814e-20
1786739522.9389107,push +Z,fast,1786739470.8001618,-464.1150704355109,-191.0665101342721,694.9109520653928,14.329988260070575,-34.808630282663515,6.90975926888869e-20
1786739522.9677982,push +Z,fast,1786739470.8001618,-464.274493918741,-186.78500987790846,709.1304571882647,14.008875740843283,-34.820587043905974,6.89826834992731e-20
1786739522.9955835,push +Z,fast,1786739470.8001618,-465.30481148986564,-185.19328583019853,712.6075846959047,13.889496437265105,-34.897860861740156,6.893540831282338e-20
1786739523.0240514,push +Z,fast,1786739470.8001618,-463.65024444376877,-183.57604958034528,706.16044187036,13.768203718526284,-34.77376833328295,6.85352373864993e-20
1786739523.052499,push +Z,fast,1786739470.8001618,-465.2767459196557,-185.12691696519153,707.10410165147,13.884518772389622,-34.89575594397436,6.890351959532703e-20
1786739523.0809505,push +Z,fast,1786739470.8001618,-463.5124049972678,-183.52302200980841,697.7037211691213,13.764226650735889,-34.76343037479528,6.848717110646992e-20
1786739523.109222,push +Z,fast,1786739470.8001618,-462.75859744921354,-183.81047996715847,691.8854945249359,13.785785997537293,-34.70689480869118,6.79849699668118e-20
1786739523.1375303,push +Z,fast,1786739470.8001618,-460.22571734008216,-183.345728837735,691.4451164632346,13.750929662830355,-34.51692880050641,6.733653559729347e-20
1786739523.1688375,push +Z,fast,1786739470.8001618,-462.8201165591272,-186.05050174872747,699.4783800761352,13.953787631154864,-34.7115087419348,6.752710953972687e-20
1786739523.194433,push +Z,fast,1786739470.8001618,-467.4605903292486,-187.64119111899788,712.5364649065878,14.073089333925015,-35.05954427469368,6.854565876566141e-20
1786739523.2229085,push +Z,fast,1786739470.8001618,-471.6347432786938,-187.17385842599094,713.4493923464433,14.038039381949549,-35.37260574590216,6.886447436222865e-20
1786739523.2511141,push +Z,fast,1786739470.8001618,-473.6283461710259,-189.49533746015697,716.0871179278829,14.212150309511973,-35.52212596282714,6.948141573489497e-20
1786739523.27943,push +Z,fast,1786739470.8001618,-468.9088948537096,-191.41107190067544,695.7162928922171,14.355830392550867,-35.16816711402841,6.826004592036649e-20
1786739523.3079638,push +Z,fast,1786739470.8001618,-466.21941551190366,-196.34552247359386,685.4313312627164,14.725914185519795,-34.96645616339293,6.809726785613376e-20
1786739523.336358,push +Z,fast,1786739470.8001618,-462.5738571326265,-195.62032677981927,677.1565857920341,14.671524508486602,-34.69303928494715,6.762801321024328e-20
1786739523.3653586,push +Z,fast,1786739470.8001618,-465.4034025462197,-195.73096512922928,682.7707369771379,14.679822384692297,-34.90525519096664,6.792169090645435e-20
1786739523.3930898,push +Z,fast,1786739470.8001618,-468.8028891900185,-195.47212455192278,695.1672813270161,14.66040934139426,-35.160216689251506,6.812559050219737e-20
1786739523.4213908,push +Z,fast,1786739470.8001618,-469.5780977555005,-194.60121441912224,696.7094670342613,14.595091081434408,-35.21835733166285,6.774191770713098e-20
1786739523.4499023,push +Z,fast,1786739470.8001618,-468.6659012769924,-198.0282493849569,690.6338890599764,14.85211870387197,-35.14994259577455,6.743190810213245e-20
1786739523.4781797,push +Z,fast,1786739470.8001618,-465.73153697889984,-195.90891437843186,683.8955284714175,14.69316857838253,-34.929865273417654,6.739539017723553e-20
1786739523.5066538,push +Z,fast,1786739470.8001618,-464.32319307503803,-196.02587536583928,674.8010268941343,14.70194065243805,-34.82423948062806,6.645473256204531e-20
1786739523.53546,push +Z,fast,1786739470.8001618,-468.24437107594986,-195.79669525418387,682.5412954428839,14.684752144063982,-35.11832783069633,6.698030665235745e-20
1786739523.5651665,push +Z,fast,1786739470.8001618,-467.84185144518597,-196.7545971498481,671.3394759425137,14.756594786238797,-35.08813885838914,6.657021388044921e-20
1786739523.5920205,push +Z,fast,1786739470.8001618,-471.3367438925725,-201.56475731663966,680.2218638620207,15.117356798748201,-35.35025579194319,6.707115529136248e-20
1786739523.6201797,push +Z,fast,1786739470.8001618,-468.50554096148426,-202.43353218116783,676.6326640117932,15.182514913587884,-35.13791557211151,6.610358546841862e-20
1786739523.6486282,push +Z,fast,1786739470.8001618,-466.7956922692124,-203.12774361593915,669.3399083182248,15.234580771195812,-35.009676920191055,6.543783703275581e-20
1786739523.676992,push +Z,fast,1786739470.8001618,-463.9513882641718,-203.51651079520855,661.8365503070072,15.263738309641074,-34.79635411981308,6.503542761683201e-20
1786739523.7052672,push +Z,fast,1786739470.8001618,-463.6842812955201,-199.4564485753291,663.4376819622175,14.959233643150068,-34.77632109716423,6.518445121925395e-20
1786739523.7337847,push +Z,fast,1786739470.8001618,-467.78605512480453,-203.59114342253952,677.666564825915,15.269335756690825,-35.0839541343604,6.621522018558608e-20
1786739523.7634268,push +Z,fast,1786739470.8001618,-469.32739249872157,-199.2426832888923,677.6645240724438,14.943201246667005,-35.1995544374042,6.691952747760885e-20
1786739523.7906113,push +Z,fast,1786739470.8001618,-468.97546595581707,-200.2823407931843,678.3532708087178,15.021175559489183,-35.1731599466863,6.714466127808108e-20
1786739523.8191638,push +Z,fast,1786739470.8001618,-467.44518355586024,-196.07764865608306,672.0635711362474,14.705823649206483,-35.05838876668961,6.587670776612361e-20
1786739523.8474438,push +Z,fast,1786739470.8001618,-467.22663626352687,-196.3225927223291,676.3255219538187,14.724194454174825,-35.04199771976466,6.579459258638082e-20
1786739523.8759031,push +Z,fast,1786739470.8001618,-469.5764174699043,-199.25743609790106,676.1286673407212,14.944307707342755,-35.21823131024302,6.662504345453828e-20
1786739523.904045,push +Z,fast,1786739470.8001618,-472.6758991527495,-199.7030044129441,686.5924812612011,14.977725330971072,-35.45069243645648,6.741925619248286e-20
1786739523.9325519,push +Z,fast,1786739470.8001618,-474.3667287580147,-198.35759364164096,692.0760274079175,14.876819523123121,-35.57750465685128,6.779096494073163e-20
1786739523.9632,push +Z,fast,1786739470.8001618,-474.3331732266297,-197.37277276261887,695.3600350705365,14.802957957196693,-35.5749879919975,6.743804613565707e-20
1786739523.9894323,push +Z,fast,1786739470.8001618,-471.2507769683266,-196.766530331617,690.1873345024915,14.75748977487159,-35.34380827262474,6.727850495779773e-20
1786739524.0177386,push +Z,fast,1786739470.8001618,-472.2993795058351,-200.23006640659753,697.4057183696095,15.017254980495014,-35.42245346293791,6.749441581051511e-20
1786739524.0459511,push +Z,fast,1786739470.8001618,-473.3851644733004,-198.72806287862977,697.1977032030982,14.904604715897396,-35.50388733549784,6.739763678111514e-20
1786739524.0744224,push +Z,fast,1786739470.8001618,-475.31427919369526,-199.10942289437196,701.0848656724829,14.933206717078104,-35.648570939527204,6.760964849300359e-20
1786739524.1026747,push +Z,fast,1786739470.8001618,-473.0288627979139,-197.58905290698226,688.278780132794,14.819178968024023,-35.47716470984369,6.710023171082266e-20
1786739524.1314802,push +Z,fast,1786739470.8001618,-469.99496526114854,-198.43681324697468,685.434978443418,14.882760993523544,-35.24962239458638,6.717062272465081e-20
1786739524.1614106,push +Z,fast,1786739470.8001618,-465.3806275224424,-196.34342719924427,679.1284423159377,14.725757039943534,-34.90354706418341,6.679947977992407e-20
1786739524.1882594,push +Z,fast,1786739470.8001618,-465.96776128404326,-197.43463472509575,681.1360254339761,14.807597604382327,-34.94758209630358,6.652758495526725e-20
1786739524.2165058,push +Z,fast,1786739470.8001618,-465.83063570780087,-195.8491125466354,685.3133140320724,14.688683440997966,-34.937297678085294,6.629184709509319e-20
1786739524.2450378,push +Z,fast,1786739470.8001618,-469.09105555580163,-195.85186586679208,686.7114138879124,14.688889940009634,-35.181829166685276,6.642119817392789e-20
1786739524.273342,push +Z,fast,1786739470.8001618,-470.4074166228952,-198.889652669439,685.1591209477629,14.916723950207992,-35.28055624671733,6.746486073870594e-20
1786739524.3016365,push +Z,fast,1786739470.8001618,-470.41247593451817,-199.10669781657077,676.5312321177471,14.933002336242819,-35.28093569508903,6.695202345579154e-20
1786739524.3301897,push +Z,fast,1786739470.8001618,-472.64165226573687,-201.9748108360567,683.3926759324895,15.148110812704505,-35.44812391993054,6.750481837392088e-20
1786739524.3612752,push +Z,fast,1786739470.8001618,-472.09233066200295,-198.99783165672477,691.9885970589667,14.924837374254555,-35.40692479965042,6.723803006419336e-20
1786739524.3867507,push +Z,fast,1786739470.8001618,-471.3355653267067,-196.6956572503351,694.6013899272684,14.752174293775315,-35.350167399503256,6.780998413869499e-20
1786739524.4153435,push +Z,fast,1786739470.8001618,-469.8299032542186,-197.73819362373877,688.4686634974223,14.830364521780727,-35.237242744066435,6.781373494819397e-20
1786739524.4437907,push +Z,fast,1786739470.8001618,-466.6251752273788,-196.28271518011024,673.8404319863603,14.721203638508488,-34.996888142053585,6.654422152263897e-20
1786739524.471916,push +Z,fast,1786739470.8001618,-467.436008912895,-197.04670029132228,673.6292885851226,14.778502521849344,-35.05770066846737,6.578804798866514e-20
1786739524.5003233,push +Z,fast,1786739470.8001618,-464.11043206169006,-192.71388587428987,667.9795510259037,14.453541440571772,-34.808282404626794,6.493147391110758e-20
1786739524.528855,push +Z,fast,1786739470.8001618,-465.8051188149366,-195.08236726077337,670.6330701676652,14.63117754455811,-34.93538391112034,6.571084051707537e-20
1786739524.5574515,push +Z,fast,1786739470.8001618,-465.4758736117483,-195.85303008326628,672.887628688215,14.688977256245327,-34.910690520881445,6.642122343615818e-20
1786739524.585835,push +Z,fast,1786739470.8001618,-469.43592373964066,-197.0377053674889,678.0605047373674,14.777827902561828,-35.2076942804733,6.64614814784419e-20
1786739524.6141615,push +Z,fast,1786739470.8001618,-469.68574004515403,-195.07073615308195,675.8987986875718,14.63030521148141,-35.2264305033868,6.613284873357068e-20
1786739524.6425745,push +Z,fast,1786739470.8001618,-469.4355257062671,-195.09268369765425,671.9464109719256,14.631951277324287,-35.20766442797008,6.596652485333973e-20
1786739524.6710234,push +Z,fast,1786739470.8001618,-469.09521273576775,-196.71413722374768,673.3955025086789,14.753560291781245,-35.18214095518284,6.649791622398116e-20
1786739524.699273,push +Z,fast,1786739470.8001618,-470.14068611726225,-197.29618944457627,683.2822251890511,14.797214208343409,-35.26055145879472,6.7514346845732e-20
1786739524.728005,push +Z,fast,1786739470.8001618,-469.89095456046334,-197.23741627164884,685.0976995729707,14.792806220373802,-35.24182159203484,6.758104345495403e-20
1786739524.7561316,push +Z,fast,1786739470.8001618,-470.7891399199707,-197.26713294463786,691.301848516523,14.795034970848139,-35.30918549399786,6.810877030286681e-20
1786739524.7846205,push +Z,fast,1786739470.8001618,-470.82878415850564,-195.79081475923226,698.2679334015602,14.684311106942747,-35.31215881188826,6.788155319300526e-20
1786739524.8130255,push +Z,fast,1786739470.8001618,-472.97727039836536,-198.2375432544327,697.3282849153129,14.867815744082758,-35.47329527987762,6.827420774534817e-20
1786739524.8414054,push +Z,fast,1786739470.8001618,-468.6692782298687,-196.96001397313614,686.6922567260599,14.772001047985537,-35.15019586724041,6.685788084487321e-20
1786739524.86975,push +Z,fast,1786739470.8001618,-467.719736592328,-197.18900272891597,676.2154319194788,14.789175204668926,-35.07898024442483,6.60795988136026e-20
1786739524.898025,push +Z,fast,1786739470.8001618,-467.4919193780752,-197.73901150608538,683.5502246159795,14.830425862956833,-35.06189395335588,6.62981180918773e-20
1786739524.9264162,push +Z,fast,1786739470.8001618,-468.96579499513564,-198.09140534010953,684.2945886798625,14.856855400508483,-35.17243462463546,6.711045103109549e-20
1786739524.9550664,push +Z,fast,1786739470.8001618,-470.5598478803154,-199.30215323698928,692.3291490370257,14.94766149277454,-35.291988591023895,6.870943720834312e-20
1786739524.9832678,push +Z,fast,1786739470.8001618,-468.0924229861371,-195.76993329533377,690.5652226259463,14.682744997150184,-35.10693172396054,6.779549983711536e-20
1786739525.0115418,push +Z,fast,1786739470.8001618,-470.8759721497113,-196.4212665532135,697.9940993431064,14.731594991491253,-35.31569791122827,6.797324290272543e-20
1786739525.0400062,push +Z,fast,1786739470.8001618,-469.45465515448905,-200.1555967052891,684.7424105802575,15.011669752897053,-35.20909913658682,6.657587201645364e-20
1786739525.068406,push +Z,fast,1786739470.8001618,-467.2039176297976,-202.11486346029267,670.8717730608896,15.158614759522091,-35.04029382223498,6.64364661297194e-20
1786739525.0966284,push +Z,fast,1786739470.8001618,-465.1757737648245,-200.3922551173482,666.2486818524503,15.029419133801408,-34.88818303236197,6.602895779772611e-20
1786739525.125174,push +Z,fast,1786739470.8001618,-463.99537618492514,-197.39539666029202,668.5866508302415,14.804654749522161,-34.79965321386969,6.590408615478909e-20
1786739525.1533937,push +Z,fast,1786739470.8001618,-466.52343530694725,-199.13218383792992,674.1392897797587,14.934913787844938,-34.98925764802124,6.609091927472115e-20
1786739525.1819482,push +Z,fast,1786739470.8001618,-468.16946731988264,-201.0726353532658,680.5330497871637,15.080447651495017,-35.11271004899132,6.675305345181799e-20
1786739525.2106044,push +Z,fast,1786739470.8001618,-470.9059547982274,-199.1261220412756,683.1671834990539,14.934459153095911,-35.31794660986724,6.669142633351773e-20
1786739525.2385132,push +Z,fast,1786739470.8001618,-472.54920586896833,-200.018308235414,690.1471601282028,15.001373117656424,-35.441190440172726,6.715789443586347e-20
1786739525.2670262,push +Z,fast,1786739470.8001618,-469.94568313018135,-199.40064340743368,675.541163515969,14.955048255557653,-35.24592623476385,6.622296513399747e-20
1786739525.2953823,push +Z,fast,1786739470.8001618,-469.5082609231581,-203.22601774547036,676.6531309757984,15.241951330910485,-35.213119569237016,6.711233835909926e-20
1786739525.324106,push +Z,fast,1786739470.8001618,-469.2235189159951,-199.68480034928575,675.6461465599123,14.976360026196762,-35.191763918699806,6.649032098394905e-20
1786739525.3524714,push +Z,fast,1786739470.8001618,-470.54604427802906,-198.60265457974344,687.6621532523723,14.895199093480922,-35.290953320852324,6.669474495615536e-20
1786739525.3809109,push +Z,fast,1786739470.8001618,-468.50237338207035,-196.62476791022198,685.3580494333664,14.746857593266878,-35.137678003655516,6.634462597968047e-20
1786739525.4091434,push +Z,fast,1786739470.8001618,-467.49040774662944,-194.87083145249505,679.3773321350982,14.61531235893737,-35.06178058099735,6.661951010021181e-20
1786739525.4376876,push +Z,fast,1786739470.8001618,-467.84068180286977,-198.49167547563638,672.5669155306332,14.886875660672995,-35.08805113521538,6.682596048834225e-20
1786739525.4660094,push +Z,fast,1786739470.8001618,-469.5306904296908,-196.77971765930738,681.6033353584935,14.758478824448208,-35.21480178222715,6.702144751312389e-20
1786739525.4943407,push +Z,fast,1786739470.8001618,-470.7348378294346,-200.03730723359388,693.1234599322424,15.002798042519718,-35.305112837207695,6.76415417502502e-20
1786739525.5230176,push +Z,fast,1786739470.8001618,-470.2344779240816,-197.52061976358698,706.4845128653233,14.814046482269358,-35.26758584430638,6.847974328771287e-20
1786739525.5511873,push +Z,fast,1786739470.8001618,-470.43265013954533,-198.61834828151405,712.6751996998355,14.896376121113637,-35.28244876046613,6.943746558549088e-20
1786739525.5796704,push +Z,fast,1786739470.8001618,-467.47159215568126,-194.74966206281442,709.0928002503197,14.606224654711216,-35.06036941167625,6.919365960666281e-20
1786739525.6080358,push +Z,fast,1786739470.8001618,-464.76500304322735,-193.26589496662837,692.3864738281081,14.49494212249726,-34.857375228242155,6.819236687318877e-20
1786739525.6364515,push +Z,fast,1786739470.8001618,-462.76769994789765,-191.72783158716777,683.4663052452033,14.379587369037647,-34.70757749609241,6.753142791369775e-20
1786739525.664906,push +Z,fast,1786739470.8001618,-462.2667653598669,-193.80057981054495,681.238766741938,14.535043485791103,-34.67000740199027,6.715529654280343e-20
1786739525.693109,push +Z,fast,1786739470.8001618,-465.25646855938203,-192.76541962280282,698.8450019779102,14.457406471710438,-34.89423514195386,6.83196938314965e-20
1786739525.7229457,push +Z,fast,1786739470.8001618,-466.15364476297145,-194.09182306651985,702.8967608636758,14.556886729989227,-34.96152335722305,6.802719422675152e-20
1786739525.7500062,push +Z,fast,1786739470.8001618,-470.2900994684942,-190.95261745429912,718.2387613299825,14.32144630907256,-35.27175746013731,6.83305021413269e-20
1786739525.7781827,push +Z,fast,1786739470.8001618,-468.2695450056908,-191.47009799137766,717.3685028991622,14.36025734935355,-35.120215875427064,6.787585422968735e-20
1786739525.8064644,push +Z,fast,1786739470.8001618,-467.89894860697586,-189.60241135910906,713.5233450729866,14.220180851933353,-35.092421145523424,6.812824253955958e-20
1786739525.8349369,push +Z,fast,1786739470.8001618,-465.702189516624,-191.65957439367196,707.3736827151142,14.374468079525666,-34.927664213747015,6.881905015144064e-20
1786739525.8633173,push +Z,fast,1786739470.8001618,-468.2822422185136,-191.91772727161447,711.5550151766702,14.393829545371151,-35.12116816638884,6.942714960137559e-20
1786739525.8917117,push +Z,fast,1786739470.8001618,-466.6224223968229,-189.97341589101939,717.3039248550667,14.248006191826736,-34.99668167976184,6.934253419393884e-20
1786739525.9215877,push +Z,fast,1786739470.8001618,-465.5921706403342,-188.22306845183402,717.2900641645883,14.116730133887568,-34.919412798025405,6.885698964501894e-20
1786739525.9489741,push +Z,fast,1786739470.8001618,-463.51597811521515,-187.79604456418576,714.6501017959363,14.084703342314203,-34.76369835864141,6.759688687109342e-20
1786739525.9776692,push +Z,fast,1786739470.8001618,-463.4004327512216,-189.0149912270266,708.6470649504199,14.176124342027304,-34.755032456341965,6.755726324733907e-20
1786739526.0053558,push +Z,fast,1786739470.8001618,-464.10726354303324,-188.4757299206948,707.1958690719048,14.135679744052286,-34.8080447657276,6.785474025557918e-20
1786739526.0339084,push +Z,fast,1786739470.8001618,-463.8029421296137,-186.3006085030621,706.088630222228,13.972545637729954,-34.78522065972127,6.862329020233022e-20
1786739526.0625029,push +Z,fast,1786739470.8001618,-464.6213770432828,-185.25439325741297,715.3485033379739,13.894079494306144,-34.84660327824637,6.908582720649155e-20
1786739526.09065,push +Z,fast,1786739470.8001618,-465.85947360862656,-183.08363290829868,723.6905700330299,13.73127246812263,-34.93946052064715,6.886837121928195e-20
1786739526.1206887,push +Z,fast,1786739470.8001618,-466.9575440649887,-183.75960850727563,725.1204482389594,13.781970638045816,-35.02181580487442,6.907596640802308e-20
1786739526.1472254,push +Z,fast,1786739470.8001618,-466.7573136009896,-182.93886478115246,724.8397202262186,13.720414858586825,-35.00679852007433,6.903930525045692e-20
1786739526.1762378,push +Z,fast,1786739470.8001618,-466.27009133882893,-184.32384015688365,723.6224408166336,13.824288011766537,-34.970256850412355,6.94131192073063e-20
1786739526.204322,push +Z,fast,1786739470.8001618,-467.15357308907323,-186.9834712228435,723.4246596581479,14.02376034171343,-35.036517981680795,6.93735828956296e-20
1786739526.232876,push +Z,fast,1786739470.8001618,-466.2608050358217,-185.67540123961476,717.118874036657,13.925655092971386,-34.969560377686925,6.920008552532531e-20
1786739526.2610452,push +Z,fast,1786739470.8001618,-464.0273622464465,-187.84922815569053,708.5414204626322,14.088692111677037,-34.802052168483726,6.876519374050078e-20
1786739526.289343,push +Z,fast,1786739470.8001618,-461.44528463903544,-187.06720133895226,706.7715006700573,14.030040100421598,-34.60839634792786,6.879853395399425e-20
1786739526.3179424,push +Z,fast,1786739470.8001618,-461.7457306006595,-191.25594058385934,703.3371836646766,14.344195543789734,-34.63092979504965,6.862112224902685e-20
1786739526.3461888,push +Z,fast,1786739470.8001618,-462.640054967329,-190.0000484108507,704.1272707448707,14.25000363081401,-34.69800412254985,6.88323638697806e-20
1786739526.3744192,push +Z,fast,1786739470.8001618,-465.2569318109331,-185.94072471328911,702.8756256652641,13.945554353496977,-34.89426988582003,6.80048292916212e-20
1786739526.4027555,push +Z,fast,1786739470.8001618,-465.2458393128113,-187.70489610257368,702.0053778397587,14.077867207693306,-34.89343794846099,6.76839430976287e-20
1786739526.4314146,push +Z,fast,1786739470.8001618,-466.4277201306086,-188.68101072563206,697.7623259978673,14.151075804422664,-34.98207900979576,6.742879703866466e-20
1786739526.4598656,push +Z,fast,1786739470.8001618,-461.9000215997535,-190.34981326630543,691.4718219486185,14.27623599497311,-34.64250161998174,6.757899656753926e-20
1786739526.4885583,push +Z,fast,1786739470.8001618,-463.37268255512254,-188.69959828356207,704.1734379077943,14.152469871267353,-34.7529511916345,6.866705924978663e-20
1786739526.5169024,push +Z,fast,1786739470.8001618,-459.238457967655,-188.22042485566783,700.1845592092859,14.116531864175354,-34.44288434757448,6.810579620343024e-20
1786739526.5446963,push +Z,fast,1786739470.8001618,-460.708747857253,-187.21515472783608,701.8640233669084,14.041136604588058,-34.553156089294106,6.772847771367687e-20
1786739526.573182,push +Z,fast,1786739470.8001618,-459.3887869706823,-183.95212436413885,691.2308309605423,13.796409327310645,-34.45415902280123,6.615218217003416e-20
1786739526.6014247,push +Z,fast,1786739470.8001618,-462.44772204556193,-180.5704818538469,697.0022554204797,13.542786139038615,-34.683579153417384,6.656400726642e-20
1786739526.6300247,push +Z,fast,1786739470.8001618,-463.3802346976895,-180.03854312801082,695.3884861718179,13.502890734600992,-34.7535176023269,6.637946806630435e-20
1786739526.6582508,push +Z,fast,1786739470.8001618,-465.2068767236178,-183.7999394538673,696.8093297926607,13.7849954590402,-34.89051575427153,6.733471371643184e-20
1786739526.6867235,push +Z,fast,1786739470.8001618,-464.4963787425763,-183.19446139418847,696.4477070220782,13.739584604564303,-34.83722840569332,6.688597025436571e-20
1786739526.716488,push +Z,fast,1786739470.8001618,-465.27378586464874,-185.17487792548297,702.3786667580789,13.888115844411363,-34.89553393984866,6.787534262839877e-20
1786739526.743356,push +Z,fast,1786739470.8001618,-463.2852368889303,-182.35051046649835,705.2275115988314,13.67628828498749,-34.746392766669835,6.729173532659408e-20
1786739526.7719429,push +Z,fast,1786739470.8001618,-466.1330443231909,-185.35479919694546,709.863539695376,13.901609939771188,-34.95997832423941,6.801349969284903e-20
1786739526.8001516,push +Z,fast,1786739470.8001618,-464.220214764247,-186.15834747938368,704.8230699774585,13.961876060954072,-34.81651610731887,6.739121062693587e-20
1786739526.8285167,push +Z,fast,1786739470.8001618,-467.23125887166316,-187.64458782101394,709.3526840401464,14.07334408657633,-35.04234441537491,6.846021795668469e-20
1786739526.8569505,push +Z,fast,1786739470.8001618,-464.6258725810062,-189.2569311260379,699.9391957923563,14.194269834453092,-34.84694044357571,6.846553996195237e-20
1786739526.885208,push +Z,fast,1786739470.8001618,-465.3908063213257,-185.65020372533536,703.1090518857563,13.92376527940036,-34.90431047409956,6.935179504291677e-20
1786739526.9161859,push +Z,fast,1786739470.8001618,-464.4052839270789,-185.68317349448944,700.4576394601318,13.926238012086824,-34.83039629453099,6.853287221780208e-20
1786739526.9424412,push +Z,fast,1786739470.8001618,-466.31283436995227,-183.77030524653924,707.7162479320123,13.782772893490698,-34.97346257774668,6.814657101275494e-20
1786739526.970721,push +Z,fast,1786739470.8001618,-465.1375513212606,-183.91021025196778,698.8199514938178,13.793265768897779,-34.885316349094715,6.723909470645229e-20
1786739526.9989972,push +Z,fast,1786739470.8001618,-465.51909105829327,-184.03069645564926,692.4230614221324,13.80230223417389,-34.91393182937235,6.726604915233648e-20
1786739527.0275228,push +Z,fast,1786739470.8001618,-465.76924504033104,-186.68480466561414,691.4147918110639,14.00136034992121,-34.93269337802511,6.777215013421958e-20
1786739527.0558646,push +Z,fast,1786739470.8001618,-469.13451579011826,-192.1436006410854,700.4165930956206,14.410770048081734,-35.1850886842591,6.816805567576908e-20
1786739527.0840657,push +Z,fast,1786739470.8001618,-468.63997842357367,-190.28091158417953,703.2062900584588,14.271068368813705,-35.14799838176835,6.869468396644766e-20
1786739527.114237,push +Z,fast,1786739470.8001618,-467.626366347542,-188.1206867030346,694.9996734683691,14.109051502727649,-35.07197747606588,6.767111734072267e-20
1786739527.1410556,push +Z,fast,1786739470.8001618,-465.81688822003343,-185.13789286608744,693.7005790801404,13.88534196495672,-34.93626661650273,6.747915876944151e-20
1786739527.1692994,push +Z,fast,1786739470.8001618,-465.697432035824,-188.1793355112702,688.8694574934434,14.11345016334543,-34.927307402687006,6.701830401163453e-20
1786739527.1980424,push +Z,fast,1786739470.8001618,-467.50696701231846,-190.9697257472717,696.9782283331779,14.32272943104557,-35.063022525924154,6.773546953804961e-20
1786739527.2261415,push +Z,fast,1786739470.8001618,-468.4345769878937,-193.9187670345268,690.9133907998666,14.54390752758962,-35.13259327409226,6.72922931849553e-20
1786739527.2545836,push +Z,fast,1786739470.8001618,-471.9024519464392,-197.09942280292478,697.3077469848395,14.782456710219552,-35.39268389598317,6.783727008424308e-20
1786739527.2829769,push +Z,fast,1786739470.8001618,-468.9899691728983,-196.905142111562,684.3822559734854,14.767885658367401,-35.174247687967686,6.779218079858193e-20
1786739527.311644,push +Z,fast,1786739470.8001618,-470.68753825868544,-197.78041250167314,688.8451197837994,14.833530937625635,-35.30156536940159,6.79651790956814e-20
1786739527.3396518,push +Z,fast,1786739470.8001618,-465.1188924795151,-196.04199170959248,680.3539796528376,14.703149378219688,-34.88391693596382,6.706457546505963e-20
1786739527.3680031,push +Z,fast,1786739470.8001618,-466.4920718680055,-195.18334583786645,687.9055227474864,14.638750937840175,-34.98690539010085,6.682371814020304e-20
1786739527.3964336,push +Z,fast,1786739470.8001618,-465.3423346954387,-194.35183271886388,680.2310619629225,14.57638745391488,-34.9006751021582,6.664985681136566e-20
1786739527.4248924,push +Z,fast,1786739470.8001618,-466.1153786260188,-188.0991187758765,678.9754960627697,14.107433908190824,-34.958653396951526,6.544106315322954e-20
1786739527.4532166,push +Z,fast,1786739470.8001618,-466.5240757364718,-187.87448273068014,678.4252378218989,14.09058620480133,-34.98930568023563,6.507369676427383e-20
1786739527.4818842,push +Z,fast,1786739470.8001618,-466.502025115818,-189.88668070888218,684.2157267830735,14.241501053166292,-34.98765188368661,6.541939703923933e-20
1786739527.5103831,push +Z,fast,1786739470.8001618,-468.2429761503263,-193.94130602057373,689.1238608727344,14.545597951543382,-35.11822321127485,6.633303217249395e-20
1786739527.538459,push +Z,fast,1786739470.8001618,-468.45135897795126,-195.91484420116478,694.3108870689139,14.693613315087756,-35.13385192334651,6.653791779580983e-20
1786739527.5668802,push +Z,fast,1786739470.8001618,-469.1534688514589,-193.84406965837013,694.8916325051614,14.53830522437784,-35.1865101638594,6.69691137165489e-20
1786739527.5953388,push +Z,fast,1786739470.8001618,-471.0998212316945,-195.07426352470418,695.2199919036702,14.630569764352959,-35.33248659237715,6.7194256869086e-20
1786739527.6239905,push +Z,fast,1786739470.8001618,-471.09559871975125,-194.12325394407947,691.9057678486697,14.559244045806143,-35.33216990398149,6.778077212948847e-20
1786739527.6521266,push +Z,fast,1786739470.8001618,-472.34434111267046,-194.2970044727823,696.0143484454647,14.57227533545878,-35.425825583450305,6.73170592973131e-20
1786739527.6805558,push +Z,fast,1786739470.8001618,-474.2961115093917,-195.5592069875213,706.3415742993366,14.666940524064255,-35.57220836320462,6.807753552163884e-20
1786739527.7087772,push +Z,fast,1786739470.8001618,-475.0431509850464,-195.4103949171473,706.6246997785092,14.655779618786301,-35.62823632387865,6.75938721817203e-20
1786739527.737245,push +Z,fast,1786739470.8001618,-472.6018927694663,-196.26678203891436,701.4824850148852,14.720008652918832,-35.44514195771008,6.819308027149542e-20
1786739527.7654426,push +Z,fast,1786739470.8001618,-466.2660389472603,-194.61039324079354,685.372553254475,14.595779493059727,-34.96995292104472,6.715161707314789e-20
1786739527.7941434,push +Z,fast,1786739470.8001618,-465.40522233474985,-193.74644294577763,686.8666614323811,14.530983220933617,-34.905391675106486,6.647672796376522e-20
1786739527.822289,push +Z,fast,1786739470.8001618,-466.34412937356865,-192.6089680848071,682.0490834479242,14.445672606360692,-34.97580970301773,6.568500694571369e-20
1786739527.8508933,push +Z,fast,1786739470.8001618,-468.15052412787145,-194.40400923775803,683.5927943559336,14.580300692832086,-35.111289309590504,6.56841832510951e-20
1786739527.879151,push +Z,fast,1786739470.8001618,-468.95206615006964,-195.55659689473634,688.1185164054059,14.666744767105367,-35.17140496125549,6.654773483920359e-20
1786739527.9073884,push +Z,fast,1786739470.8001618,-465.97883493535255,-194.85198820448102,686.7698165284373,14.613899115336306,-34.94841262015192,6.632141066736221e-20
1786739527.9358613,push +Z,fast,1786739470.8001618,-466.8505631635944,-194.51096296757999,690.3014219088527,14.588322222568504,-35.01379223726983,6.707590749826306e-20
1786739527.964217,push +Z,fast,1786739470.8001618,-466.7922786614945,-197.929653603131,681.8993143451662,14.844724020235045,-35.00942089961241,6.697429509284055e-20
1786739527.9925778,push +Z,fast,1786739470.8001618,-469.27257022438107,-195.81432319196222,685.27586544934,14.686074239397453,-35.195442766828904,6.700680225112014e-20
1786739528.0213337,push +Z,fast,1786739470.8001618,-469.8019913395001,-193.05614300592663,682.8745127156635,14.479210725444748,-35.23514935046256,6.687717935572208e-20
1786739528.0493238,push +Z,fast,1786739470.8001618,-469.9396088446365,-190.48276593531216,681.8763864001921,14.286207445148616,-35.24547066334794,6.721933646109786e-20
1786739528.0777366,push +Z,fast,1786739470.8001618,-468.4400588478975,-192.80721486512402,677.8434738105861,14.460541114884588,-35.13300441359247,6.740935219636504e-20
1786739528.1070938,push +Z,fast,1786739470.8001618,-468.19764430057603,-194.13164172262248,679.7831898412323,14.559873129196799,-35.11482332254349,6.79023268436709e-20
1786739528.134491,push +Z,fast,1786739470.8001618,-469.10054483868134,-195.65024264884119,688.1178152698012,14.673768198663392,-35.1825408629012,6.790881941648895e-20
1786739528.1630344,push +Z,fast,1786739470.8001618,-470.26537789103213,-195.77495745469616,695.1940819591737,14.683121809102342,-35.26990334182752,6.830519627332525e-20
1786739528.191586,push +Z,fast,1786739470.8001618,-472.88504764014624,-196.01089520516268,697.2879068966349,14.700817140387247,-35.4663785730113,6.78627251939766e-20
1786739528.21977,push +Z,fast,1786739470.8001618,-468.71120739302296,-191.70526039337346,690.255394619503,14.377894529503298,-35.15334055447704,6.720883480813297e-20
1786739528.248342,push +Z,fast,1786739470.8001618,-471.760036575331,-193.6120063498106,690.531743204152,14.52090047623614,-35.38200274315011,6.71752712792704e-20
1786739528.2766497,push +Z,fast,1786739470.8001618,-466.3873503586001,-194.1329104134038,679.6863520616143,14.559968281005613,-34.979051276895255,6.625439434928045e-20
1786739528.304986,push +Z,fast,1786739470.8001618,-469.95688998717196,-198.68685874433368,677.5915410947628,14.90151440582537,-35.24676674903816,6.601481065530806e-20
1786739528.3333771,push +Z,fast,1786739470.8001618,-468.05784723952183,-196.602533190597,680.1009855778157,14.74518998929501,-35.10433854296422,6.554792455887576e-20
1786739528.361636,push +Z,fast,1786739470.8001618,-472.7973891027,-199.9895677731829,688.4373037944197,14.999217582988994,-35.45980418270274,6.69035789615871e-20
1786739528.3901622,push +Z,fast,1786739470.8001618,-471.191333726832,-196.1556944741692,686.7067796227775,14.711677085562958,-35.339350029512474,6.715302298986094e-20
1786739528.4185424,push +Z,fast,1786739470.8001618,-470.091519058049,-200.96162809350392,683.1154448966881,15.072122107012962,-35.256863929353855,6.723612627200566e-20
1786739528.447003,push +Z,fast,1786739470.8001618,-467.56501794978476,-198.512116423875,684.1771758615914,14.88840873179073,-35.06737634623406,6.649765509961251e-20
1786739528.475226,push +Z,fast,1786739470.8001618,-469.3429873969394,-199.6965726754387,689.0665431900161,14.97724295065829,-35.2007240547707,6.666643110709396e-20
1786739528.5041103,push +Z,fast,1786739470.8001618,-468.68221833279586,-195.21074374376497,690.5616767245174,14.64080578078256,-35.15116637495993,6.654273295641605e-20
1786739528.5323942,push +Z,fast,1786739470.8001618,-471.0803176729619,-195.8928989740425,697.6855045148995,14.691967423053594,-35.331023825472165,6.695888680898704e-20
1786739528.5604422,push +Z,fast,1786739470.8001618,-468.42348676227357,-195.9214247766356,693.8799735900684,14.694106858247796,-35.13176150717064,6.729043779350851e-20
1786739528.5889406,push +Z,fast,1786739470.8001618,-467.28786588055027,-197.7636295891591,684.749893129524,14.832272219187079,-35.04658994104137,6.752677281881729e-20
1786739528.6171923,push +Z,fast,1786739470.8001618,-465.7007858091333,-195.87502499393395,678.9134585240217,14.690626874545305,-34.92755893568515,6.765137105975667e-20
1786739528.64544,push +Z,fast,1786739470.8001618,-466.4838483112735,-197.7998060237445,680.7443465271072,14.834985451780963,-34.986288623345644,6.748358190335386e-20
1786739528.6741967,push +Z,fast,1786739470.8001618,-469.94050511580326,-197.22645130912997,690.8741734774021,14.791983848184767,-35.245537883685465,6.766064687798706e-20
1786739528.7022235,push +Z,fast,1786739470.8001618,-467.45123908881305,-197.82526157194604,682.0164551406924,14.836894617896018,-35.05884293166105,6.678260636683387e-20
1786739528.7309678,push +Z,fast,1786739470.8001618,-469.5080540775125,-198.0629093326255,688.1366669640956,14.854718199947147,-35.213104055813446,6.633936749776141e-20
1786739528.7591553,push +Z,fast,1786739470.8001618,-467.74532586297164,-198.59299932350802,685.0264985986814,14.89447494926328,-35.08089943972317,6.627854607031396e-20
1786739528.7875967,push +Z,fast,1786739470.8001618,-469.27590180479183,-198.54901871269124,681.516573627694,14.891176403452068,-35.19569263535973,6.593713461199063e-20
1786739528.8158584,push +Z,fast,1786739470.8001618,-466.482211609753,-200.62734785810278,663.4530092832965,15.047051089357833,-34.98616587073162,6.609124382887327e-20
1786739528.8445208,push +Z,fast,1786739470.8001618,-469.60706099906247,-201.0584143285172,664.6372301271604,15.079381074639006,-35.22052957492977,6.591303919734868e-20
1786739528.8728232,push +Z,fast,1786739470.8001618,-470.3619157457192,-202.37721403612136,671.2055542636372,15.17829105270923,-35.27714368092921,6.661380926405192e-20
1786739528.9024928,push +Z,fast,1786739470.8001618,-472.1314743068833,-202.00264889334323,681.7046763344251,15.150198667000904,-35.409860573016694,6.675453811046667e-20
1786739528.9292793,push +Z,fast,1786739470.8001618,-469.92280186869766,-202.38548480355814,678.5725594211726,15.178911360267062,-35.24421014015267,6.661946611623618e-20
1786739528.9580765,push +Z,fast,1786739470.8001618,-470.62270065651774,-205.6037883795409,674.8831357108866,15.42028412846577,-35.296702549238965,6.642104131399495e-20
1786739528.98641,push +Z,fast,1786739470.8001618,-468.6054681591827,-202.97241540994003,666.6480993631885,15.22293115574578,-35.14541011193884,6.580892371380725e-20
1786739529.0147712,push +Z,fast,1786739470.8001618,-469.2485040606739,-201.92313107802045,671.1332944608448,15.14423483085167,-35.193637804550775,6.651826299908346e-20
1786739529.0429935,push +Z,fast,1786739470.8001618,-467.63602743835554,-198.44332384419636,672.1833857270249,14.883249288314996,-35.07270205787686,6.631981755381258e-20
1786739529.0712922,push +Z,fast,1786739470.8001618,-470.4645979807933,-198.81367864380195,686.816361547123,14.911025898285413,-35.284844848559615,6.761315349381582e-20
1786739529.1010516,push +Z,fast,1786739470.8001618,-470.3267297730313,-199.91570635212668,690.9218331390093,14.99367797640966,-35.27450473297754,6.753936713736892e-20
1786739529.1281123,push +Z,fast,1786739470.8001618,-469.8223495640964,-198.76774511795304,692.8907878085165,14.907580883846652,-35.23667621730738,6.73004756096112e-20
1786739529.1570084,push +Z,fast,1786739470.8001618,-468.793849304534,-197.9096354251153,686.7344496119713,14.843222656883807,-35.159538697840276,6.672999382498431e-20
1786739529.1848,push +Z,fast,1786739470.8001618,-466.69332910544426,-197.86705301451138,675.9987914326402,14.840028976088643,-35.001999682908526,6.659327622349199e-20
1786739529.2133155,push +Z,fast,1786739470.8001618,-466.57294741304395,-198.15984988650564,672.6602506563904,14.861988741488236,-34.99297105597835,6.64857475186781e-20
1786739529.2417166,push +Z,fast,1786739470.8001618,-467.3378377532272,-199.57911716304898,673.4133271140618,14.968433787229035,-35.05033783149207,6.640213040412034e-20
1786739529.270474,push +Z,fast,1786739470.8001618,-467.7126803112301,-197.2058815051513,677.7542351430056,14.790441112886565,-35.07845102334253,6.615590008864946e-20
1786739529.298449,push +Z,fast,1786739470.8001618,-468.9581356925064,-195.4245841494643,685.2011965590273,14.65684381121002,-35.171860176938246,6.672520591596046e-20
1786739529.326932,push +Z,fast,1786739470.8001618,-467.2706931438356,-194.56110824062011,695.1438146353757,14.592083118046734,-35.045301985787916,6.737695963231595e-20
1786739529.3553882,push +Z,fast,1786739470.8001618,-468.7178516078757,-193.8482211092994,702.2814178194594,14.538616583197626,-35.153838870590945,6.793222230865348e-20
1786739529.383679,push +Z,fast,1786739470.8001618,-467.22484500503197,-194.81372501650094,694.1674160989578,14.61102937623792,-35.04186337537757,6.796825657013575e-20
1786739529.4122083,push +Z,fast,1786739470.8001618,-467.32295119194714,-193.9431743609939,680.8117449045149,14.545738077074947,-35.049221339396404,6.734429980798498e-20
1786739529.4404016,push +Z,fast,1786739470.8001618,-466.0451779855375,-198.18516261471518,670.4924694561396,14.863887196103999,-34.95338834891522,6.710963070872178e-20
1786739529.469239,push +Z,fast,1786739470.8001618,-465.6874213317533,-198.4289816138861,670.6624140884132,14.88217362104169,-34.926556599881685,6.718181941743311e-20
1786739529.4976418,push +Z,fast,1786739470.8001618,-466.4074432968014,-198.21423351058377,678.3459790340821,14.866067513294023,-34.9805582472603,6.689309150310618e-20
1786739529.5257533,push +Z,fast,1786739470.8001618,-466.3171156947574,-196.28315271006034,680.1169944942094,14.721236453254601,-34.97378367710713,6.689327777570121e-20
1786739529.5539126,push +Z,fast,1786739470.8001618,-469.1676552169006,-196.98195107462357,685.041927277538,14.773646330596922,-35.18757414126783,6.668613378331862e-20
1786739529.5823658,push +Z,fast,1786739470.8001618,-467.7415967236293,-200.27432001007048,680.2005183474312,15.020574000755506,-35.08061975427226,6.772785417043316e-20
1786739529.6108322,push +Z,fast,1786739470.8001618,-470.9934531636145,-199.26109930589155,685.8514362521801,14.944582447942086,-35.32450898727118,6.789033796490404e-20
1786739529.639174,push +Z,fast,1786739470.8001618,-470.5658941297279,-197.9498062873455,685.7204560642276,14.846235471551044,-35.292442059729815,6.814409734214134e-20
1786739529.6676676,push +Z,fast,1786739470.8001618,-472.1297181191467,-195.70004769508557,692.333669007422,14.677503577131976,-35.4097288589363,6.748148973912174e-20
1786739529.6995633,push +Z,fast,1786739470.8001618,-468.23195497150164,-195.82143050864227,688.8939221334995,14.686607288148455,-35.11739662286281,6.649563879299624e-20
1786739529.7242846,push +Z,fast,1786739470.8001618,-469.13038285869607,-195.92182709924873,695.6120057607022,14.694137032443944,-35.18477871440235,6.642089697869289e-20
1786739529.7532518,push +Z,fast,1786739470.8001618,-467.4245344910023,-193.91930444359832,688.1290649878629,14.543947833269986,-35.05684008682534,6.591776644365667e-20
1786739529.7814193,push +Z,fast,1786739470.8001618,-468.1331178745154,-195.33060198958992,686.6882777997607,14.649795149219376,-35.10998384058882,6.665522606511416e-20
1786739529.8102355,push +Z,fast,1786739470.8001618,-465.4537417508259,-195.04925916301033,673.534998957256,14.628694437225906,-34.90903063131199,6.60225091071707e-20
1786739529.8380167,push +Z,fast,1786739470.8001618,-465.7079631409965,-195.19866438164013,677.0344721212068,14.639899828623395,-34.928097235575024,6.714164282847699e-20
1786739529.8664804,push +Z,fast,1786739470.8001618,-465.0796696267453,-192.82865263607164,669.651118001243,14.46214894770581,-34.880975222006185,6.632987140544237e-20
1786739529.896041,push +Z,fast,1786739470.8001618,-464.8454486682599,-192.97956723993275,676.1298811357174,14.473467542995134,-34.86340865011976,6.70401931294222e-20
1786739529.9231722,push +Z,fast,1786739470.8001618,-466.52465651148214,-195.74756154340878,677.9052774037391,14.681067115756047,-34.98934923836132,6.664314757690476e-20
1786739529.9518015,push +Z,fast,1786739470.8001618,-467.67300167182884,-198.93504163242005,686.8133981537812,14.920128122431603,-35.07547512538744,6.758092280003164e-20
1786739529.9799972,push +Z,fast,1786739470.8001618,-468.8955901820582,-197.25831070732158,691.0323641294344,14.794373303049309,-35.16716926365458,6.729022007128378e-20
1786739530.0085359,push +Z,fast,1786739470.8001618,-467.9966599866161,-195.99971840767125,691.545608140912,14.699978880575745,-35.09974949899632,6.810805888744698e-20
1786739530.0367324,push +Z,fast,1786739470.8001618,-467.518922874448,-196.3966957392048,695.6606079783141,14.72975218044073,-35.06391921558386,6.819238622839712e-20
1786739530.0650818,push +Z,fast,1786739470.8001618,-469.59517440155287,-201.4440790065613,696.5315020661674,15.108305925492385,-35.219638080116766,6.906831643289815e-20
1786739530.0939915,push +Z,fast,1786739470.8001618,-471.8905800726866,-202.31476680363676,700.2838169978704,15.173607510273062,-35.39179350545169,6.878550757322177e-20
1786739530.122021,push +Z,fast,1786739470.8001618,-477.01981610697067,-203.31289784200578,703.6444874587851,15.248467338150771,-35.77648620802292,6.918913780030684e-20
1786739530.150435,push +Z,fast,1786739470.8001618,-473.6632910905628,-201.4287919520541,693.2685050808414,15.107159396404459,-35.52474683179248,6.846716248668372e-20
1786739530.178999,push +Z,fast,1786739470.8001618,-473.77378106267497,-199.2960624028177,690.1281019068438,14.947204680211588,-35.53303357970084,6.758460366684737e-20
1786739530.207274,push +Z,fast,1786739470.8001618,-468.71608957639637,-196.64016581668784,678.4135599671172,14.748012436251972,-35.15370671822987,6.652360342224636e-20
1786739530.235872,push +Z,fast,1786739470.8001618,-468.73603184764625,-197.88923643427802,680.8307781267158,14.841692732571094,-35.155202388573635,6.62146318048138e-20
1786739530.2639241,push +Z,fast,1786739470.8001618,-466.1976749358023,-197.8035451578006,680.9366103243246,14.835265886835256,-34.96482562018531,6.636440840039129e-20
1786739530.2927816,push +Z,fast,1786739470.8001618,-465.5194107142561,-196.4584392150823,681.734077433237,14.734382941131333,-34.913955803569394,6.633502938120804e-20
1786739530.3206766,push +Z,fast,1786739470.8001618,-467.9051782059555,-195.40725010883023,684.2450831563337,14.655543758162548,-35.092888365446804,6.698333011526707e-20
1786739530.3491797,push +Z,fast,1786739470.8001618,-469.3265234280184,-196.95179302997497,679.3788710456047,14.771384477248542,-35.19948925710151,6.660482307593985e-20
1786739530.3773954,push +Z,fast,1786739470.8001618,-469.3588531545165,-197.9195534523185,678.7586870613541,14.843966508924293,-35.201913986588934,6.687574464456381e-20
1786739530.405886,push +Z,fast,1786739470.8001618,-467.4968393788695,-200.8751543503646,670.7573698009955,15.065636576277537,-35.06226295341537,6.620795198969278e-20
1786739530.434471,push +Z,fast,1786739470.8001618,-467.70483984461634,-201.10355114926892,670.9492731986893,15.082766336195444,-35.077862988346496,6.620504429823833e-20
1786739530.4631066,push +Z,fast,1786739470.8001618,-469.3851280613917,-202.32404531796362,673.0045681415186,15.174303398847503,-35.20388460460479,6.58401634197131e-20
1786739530.492343,push +Z,fast,1786739470.8001618,-470.8343123697409,-202.4474186857392,682.831944864156,15.183556401430788,-35.31257342773091,6.667477944557499e-20
1786739530.5195115,push +Z,fast,1786739470.8001618,-470.2217753317659,-203.89852976496525,682.3408911839979,15.292389732372587,-35.266633149882715,6.664479918693942e-20
1786739530.5480196,push +Z,fast,1786739470.8001618,-469.91220184938084,-203.72611494790272,679.8509542884904,15.279458621092818,-35.24341513870362,6.713205677601637e-20
1786739530.5763142,push +Z,fast,1786739470.8001618,-472.63134156685555,-203.4620473995576,680.1284279525344,15.259653554967006,-35.44735061751413,6.737165833430778e-20
1786739530.604998,push +Z,fast,1786739470.8001618,-473.5601929154559,-202.93063539559773,674.4093958857948,15.219797654669964,-35.517014468659426,6.704854695915252e-20
1786739530.6337402,push +Z,fast,1786739470.8001618,-473.4555916759655,-201.98100576976253,678.0897166199093,15.148575432732482,-35.50916937569748,6.66542188012919e-20
1786739530.6615503,push +Z,fast,1786739470.8001618,-468.86135592932123,-202.2924789401468,672.8620345756872,15.171935920511235,-35.164601694699265,6.59183610334186e-20
1786739530.6904428,push +Z,fast,1786739470.8001618,-468.98975233624424,-201.9358080740982,678.8229646130121,15.145185605557831,-35.17423142521862,6.644488585870333e-20
1786739530.7184944,push +Z,fast,1786739470.8001618,-469.46013817279754,-204.12767537604486,677.0628278444374,15.309575653203705,-35.20951036296003,6.697165212597668e-20
1786739530.7473226,push +Z,fast,1786739470.8001618,-469.53187068715397,-199.57454213759524,678.6629173773426,14.968090660319834,-35.21489030153672,6.639845759403752e-20
1786739530.7753477,push +Z,fast,1786739470.8001618,-469.4828870477918,-198.50981735146001,676.2288661969287,14.888236301359886,-35.21121652858459,6.609720732837044e-20
1786739530.8038342,push +Z,fast,1786739470.8001618,-470.97613461775654,-196.86560624829121,680.131525259404,14.76492046862202,-35.323210096331984,6.576055089105567e-20
1786739530.8325229,push +Z,fast,1786739470.8001618,-470.8330832664369,-199.06865208583258,674.5744335088875,14.930148906437655,-35.31248124498293,6.594337393902155e-20
1786739530.8606048,push +Z,fast,1786739470.8001618,-469.9239389960203,-201.84608385581566,674.316069909084,15.138456289186319,-35.2442954247018,6.617773138605856e-20
1786739530.8890765,push +Z,fast,1786739470.8001618,-467.97895552609816,-202.05341530160285,668.0858451384001,15.154006147620347,-35.098421664457405,6.565118126269677e-20
1786739530.917562,push +Z,fast,1786739470.8001618,-471.01329318060834,-202.8280262198041,680.2106321710953,15.212101966485438,-35.32599698854594,6.630553513392482e-20
1786739530.945786,push +Z,fast,1786739470.8001618,-470.3842893495007,-200.77208782203593,684.4285804495385,15.057906586652852,-35.27882170121265,6.624559464027047e-20
1786739530.974167,push +Z,fast,1786739470.8001618,-470.7473739297643,-199.8898027424201,687.5353365941783,14.991735205681746,-35.30605304473235,6.655760983243153e-20
1786739531.002437,push +Z,fast,1786739470.8001618,-467.79427929360054,-196.68445839821322,684.2265246806437,14.751334379866204,-35.08457094702035,6.598419891456413e-20
1786739531.0311472,push +Z,fast,1786739470.8001618,-467.1030085265111,-193.7543838921025,680.6250551596659,14.531578791907936,-35.03272563948851,6.59413384907036e-20
1786739531.0592604,push +Z,fast,1786739470.8001618,-464.2734221384485,-196.1197483724476,673.7098156381389,14.708981127933807,-34.82050666038381,6.637777771254481e-20
1786739531.087698,push +Z,fast,1786739470.8001618,-463.22365245299716,-196.2534490114789,671.1815841545467,14.719008675861257,-34.74177393397515,6.607950029681544e-20
1786739531.1162655,push +Z,fast,1786739470.8001618,-464.14889781230295,-199.81542713985993,677.0382384758486,14.986157035489708,-34.811167335922825,6.660148189141195e-20
1786739531.1445796,push +Z,fast,1786739470.8001618,-465.5654717761131,-196.48717507956906,688.062712706258,14.736538130967954,-34.91741038320866,6.705821922671316e-20
1786739531.173009,push +Z,fast,1786739470.8001618,-466.3346188976784,-195.55918607070112,693.7490543718959,14.666938955302616,-34.97509641732614,6.767482266901315e-20
1786739531.2014632,push +Z,fast,1786739470.8001618,-465.72095419584866,-191.68458369853192,690.3194051255887,14.376343777390137,-34.92907156468882,6.692453542393423e-20
1786739531.2298355,push +Z,fast,1786739470.8001618,-464.5577738856382,-190.47205827801156,686.7020407390628,14.285404370850973,-34.84183304142316,6.67874845660515e-20
1786739531.2582731,push +Z,fast,1786739470.8001618,-464.81693485158485,-193.62441997948974,682.7273300948473,14.521831498461918,-34.861270113869125,6.736124050749283e-20
1786739531.286543,push +Z,fast,1786739470.8001618,-464.5289715233839,-198.60684659017943,687.1253954595504,14.895513494263472,-34.83967286425411,6.83267674466784e-20
1786739531.314892,push +Z,fast,1786739470.8001618,-466.22480291116244,-202.24680627138957,688.9721864030016,15.168510470354303,-34.96686021833739,6.831507597654535e-20
1786739531.3433003,push +Z,fast,1786739470.8001618,-467.546682093443,-200.10022062943142,692.1957094284189,15.007516547207803,-35.06600115700859,6.804217987433716e-20
1786739531.3719594,push +Z,fast,1786739470.8001618,-469.1794408392675,-195.26387523855306,696.1926366499665,14.64479064289171,-35.188458062945315,6.754208949514634e-20
1786739531.400261,push +Z,fast,1786739470.8001618,-467.85558256625427,-192.97806016495883,699.0121439221821,14.473354512372122,-35.08916869246918,6.757560051401056e-20
1786739531.4286308,push +Z,fast,1786739470.8001618,-465.2364648169455,-190.35662373487696,695.7641501644639,14.276746780115953,-34.89273486127111,6.713330295426076e-20
1786739531.4569454,push +Z,fast,1786739470.8001618,-462.2803683240886,-191.2253045553955,688.4587835075163,14.341897841654724,-34.67102762430691,6.711048420586625e-20
1786739531.4855142,push +Z,fast,1786739470.8001618,-462.7064680505746,-188.99975853962178,691.6072730787891,14.17498189047176,-34.70298510379318,6.707758493131915e-20
1786739531.5139072,push +Z,fast,1786739470.8001618,-465.66292679984736,-191.280336949922,701.8855044517559,14.346025271244347,-34.92471950998876,6.813992610494602e-20
1786739531.5424547,push +Z,fast,1786739470.8001618,-466.46509410672024,-190.9356891144273,705.9234735988666,14.320176683582265,-34.98488205800421,6.830626744250231e-20
1786739531.5707574,push +Z,fast,1786739470.8001618,-467.3125592859651,-191.30785341822548,709.3480144021814,14.348089006367207,-35.04844194644752,6.894745673866043e-20
1786739531.5990098,push +Z,fast,1786739470.8001618,-464.56072738223384,-189.7160703543459,703.0373189740103,14.228705276576104,-34.84205455366754,6.84082755178136e-20
1786739531.6274407,push +Z,fast,1786739470.8001618,-463.2898442990049,-186.89422258127684,699.8787040493244,14.01706669359594,-34.746738322425536,6.802319098999497e-20
1786739531.6559148,push +Z,fast,1786739470.8001618,-463.19672221612336,-186.42278640680001,693.2729442623713,13.981708980510273,-34.73975416620939,6.726236589988317e-20
1786739531.6841977,push +Z,fast,1786739470.8001618,-463.5977511143433,-187.32779403336258,688.1003927154306,14.049584552502456,-34.76983133357596,6.68762087866368e-20
1786739531.7149274,push +Z,fast,1786739470.8001618,-467.7459217827586,-192.24515837293222,697.7580910977304,14.418386877970075,-35.080944133707156,6.803572957090402e-20
1786739531.740847,push +Z,fast,1786739470.8001618,-468.6573754789806,-194.2853866802243,709.0774874666331,14.571404001017047,-35.149303160923665,6.84694930863491e-20
1786739531.769386,push +Z,fast,1786739470.8001618,-470.8458971098412,-194.33292556051606,712.9987904616246,14.574969417038897,-35.313442283238224,6.882043964858806e-20
1786739531.7978578,push +Z,fast,1786739470.8001618,-468.71316078056407,-191.95250408101003,706.5753335571162,14.396437806076083,-35.15348705854227,6.840192875987653e-20
1786739531.8260863,push +Z,fast,1786739470.8001618,-467.15985177494485,-190.85794560466195,692.6646231942541,14.314345920349854,-35.0369888831211,6.78966483599801e-20
1786739531.8548944,push +Z,fast,1786739470.8001618,-465.50092323625313,-189.6704295933232,693.5952429087056,14.225282219499515,-34.91256924271928,6.759219426498752e-20
1786739531.8829165,push +Z,fast,1786739470.8001618,-465.4589286473133,-188.7704062175368,690.2678555679231,14.157780466315405,-34.909419648548635,6.726233455524881e-20
1786739531.9127784,push +Z,fast,1786739470.8001618,-469.3160566880533,-193.52678975257902,694.3871446714875,14.5145092314436,-35.198704251604056,6.800778868497171e-20
1786739531.9396942,push +Z,fast,1786739470.8001618,-472.16546499139304,-195.36575444465302,702.511481115218,14.652431583349095,-35.4124098743547,6.813355051107727e-20
1786739531.9682603,push +Z,fast,1786739470.8001618,-471.0482458492547,-195.67928291893327,697.384371065119,14.675946218920163,-35.32861843869433,6.759486674108164e-20
1786739531.996696,push +Z,fast,1786739470.8001618,-466.6244695886767,-191.18325813214972,689.050735105995,14.338744359911384,-34.99683521915093,6.675396761241605e-20
1786739532.0250506,push +Z,fast,1786739470.8001618,-463.8315819404129,-193.857161306693,678.6810625513417,14.539287098001932,-34.78736864553129,6.678579191745177e-20
1786739532.0534399,push +Z,fast,1786739470.8001618,-464.6739488385151,-194.55433836046143,687.6253115892196,14.59157537703491,-34.85054616288868,6.727346727172697e-20
1786739532.0817516,push +Z,fast,1786739470.8001618,-465.5554774621519,-195.54263158660183,694.9339466045449,14.66569736899535,-34.916660809661515,6.732664432417538e-20
1786739532.1125162,push +Z,fast,1786739470.8001618,-465.9056271618083,-193.4718161257224,693.7680580030374,14.510386209429473,-34.942922037135844,6.712519449680675e-20
1786739532.138779,push +Z,fast,1786739470.8001618,-466.96643639493914,-196.34628679209482,699.0093246887673,14.725971509407248,-35.02248272962064,6.740092084099338e-20
1786739532.166744,push +Z,fast,1786739470.8001618,-466.62620685202364,-196.05941854752393,697.359575117991,14.704456391064507,-34.99696551390204,6.761208941854884e-20
1786739532.1954174,push +Z,fast,1786739470.8001618,-467.2229155761761,-195.6270473559424,705.0453105513589,14.672028551695956,-35.041718668213385,6.799659121199914e-20
1786739532.223629,push +Z,fast,1786739470.8001618,-467.33999719940175,-193.99704803295253,699.6719741738734,14.549778602471758,-35.050499789955396,6.780307062987047e-20
1786739532.2524261,push +Z,fast,1786739470.8001618,-471.3179187286096,-194.7725722710759,700.4109789185222,14.60794292033098,-35.34884390464601,6.739766538418437e-20
1786739532.2804806,push +Z,fast,1786739470.8001618,-471.7707640182307,-196.9950346225553,687.2225955204422,14.774627596692032,-35.38280730136762,6.649607937267751e-20
1786739532.309375,push +Z,fast,1786739470.8001618,-471.65756360581236,-196.90957178253723,685.110395716003,14.76821788369067,-35.374317270436286,6.650155409124966e-20
1786739532.3371105,push +Z,fast,1786739470.8001618,-471.4148455273221,-198.421910683153,689.2974723704501,14.881643301236704,-35.35611341454938,6.66586233475362e-20
1786739532.3656626,push +Z,fast,1786739470.8001618,-471.12379431102,-196.92700976604374,698.4479287483136,14.769525732453534,-35.33428457332667,6.728428119271845e-20
1786739532.394064,push +Z,fast,1786739470.8001618,-472.14358578944484,-198.4541022172266,700.2293662780294,14.884057666292183,-35.410768934208726,6.679835905192613e-20
1786739532.42242,push +Z,fast,1786739470.8001618,-469.32096924182406,-196.81733052886534,694.3088616906189,14.76129978966507,-35.19907269313715,6.661709541426913e-20
1786739532.4508455,push +Z,fast,1786739470.8001618,-469.92822704119317,-196.87190722478158,694.4238692801773,14.76539304185891,-35.24461702808975,6.660882761159594e-20
1786739532.4793675,push +Z,fast,1786739470.8001618,-468.779003442713,-195.8456458279868,697.048459081645,14.68842343709932,-35.158425258203756,6.697515922388164e-20
1786739532.5080786,push +Z,fast,1786739470.8001618,-468.64654768100945,-196.36630214577121,694.0196753078963,14.727472660933007,-35.148491076075956,6.727679970022748e-20
1786739532.536022,push +Z,fast,1786739470.8001618,-469.91052594585744,-198.8139582084749,696.9703274767626,14.9110468656359,-35.24328944593948,6.766658395127974e-20
1786739532.5643828,push +Z,fast,1786739470.8001618,-469.65679079776146,-198.28199995485272,694.6503746445478,14.87114999661421,-35.22425930983211,6.784046004101833e-20
1786739532.5927858,push +Z,fast,1786739470.8001618,-473.5098990107813,-198.0649247684637,705.2719604923359,14.854869357634879,-35.51324242580871,6.818814528864368e-20
1786739532.6210365,push +Z,fast,1786739470.8001618,-472.21499082140326,-195.00587787379334,703.5275421330771,14.625440840534797,-35.41612431160551,6.782666143955591e-20
1786739532.6495192,push +Z,fast,1786739470.8001618,-472.0929012202969,-194.39084986454873,697.0807789144983,14.579313739841258,-35.40696759152245,6.777107137658165e-20
1786739532.6780071,push +Z,fast,1786739470.8001618,-470.1218051740989,-193.71242044086807,695.6893711638113,14.528431533065305,-35.2591353880575,6.782780985091113e-20
1786739532.7062795,push +Z,fast,1786739470.8001618,-470.40428928777783,-196.02639557319503,692.368199709731,14.7019796679899,-35.28032169658369,6.82614723435153e-20
1786739532.7346206,push +Z,fast,1786739470.8001618,-472.17115340049577,-199.122305451462,699.7935359985013,14.934172908860052,-35.412836505037326,6.814931386588247e-20
1786739532.7629483,push +Z,fast,1786739470.8001618,-469.9192342654778,-198.31366275021026,690.2430288308478,14.873524706266036,-35.24394256991107,6.726764576275704e-20
1786739532.7914624,push +Z,fast,1786739470.8001618,-471.10843567019447,-195.91729052097855,695.123188381096,14.693796789073478,-35.33313267526483,6.664108306798558e-20
1786739532.8199198,push +Z,fast,1786739470.8001618,-468.7802623653183,-191.57045678766394,692.3640249302216,14.367784259074885,-35.15851967739898,6.669092862290586e-20
1786739532.8483498,push +Z,fast,1786739470.8001618,-470.1157349580644,-190.06812824218287,701.682351204614,14.255109618163889,-35.25868012185505,6.71489731253612e-20
1786739532.876782,push +Z,fast,1786739470.8001618,-466.91573796680177,-190.93669631381647,698.0916887738094,14.320252223536503,-35.018680347510326,6.686775168159738e-20
1786739532.9056506,push +Z,fast,1786739470.8001618,-467.42526237489074,-194.46532631070738,696.3184530658209,14.584899473303178,-35.056894678116926,6.653159432325259e-20
1786739532.9335034,push +Z,fast,1786739470.8001618,-467.3579253923185,-197.4839136483937,690.1094938768283,14.811293523629654,-35.05184440442406,6.636109610990452e-20
1786739532.9618192,push +Z,fast,1786739470.8001618,-468.3171658427509,-197.32538174607396,691.8130907752957,14.799403630955698,-35.12378743820646,6.693890082001206e-20
1786739532.9905648,push +Z,fast,1786739470.8001618,-468.4967726026234,-195.076545821345,692.2577788302997,14.63074093660104,-35.137257945196886,6.723080595228712e-20
1786739533.019362,push +Z,fast,1786739470.8001618,-466.99915442902784,-194.1858361664265,691.570713902307,14.563937712482204,-35.02493658217719,6.723614195022076e-20
1786739533.0471308,push +Z,fast,1786739470.8001618,-466.35397065732695,-195.6403536881013,684.9107147696504,14.673026526607838,-34.97654779929978,6.724450965761852e-20
1786739533.075419,push +Z,fast,1786739470.8001618,-467.1453190370512,-198.59246075831732,687.4393940565078,14.894434556873907,-35.03589892777907,6.794120502781481e-20
1786739533.1049097,push +Z,fast,1786739470.8001618,-468.0437530066433,-199.74016282239666,690.1696459707946,14.980512211679784,-35.10328147549844,6.833889385533366e-20
1786739533.1323962,push +Z,fast,1786739470.8001618,-469.65730115015504,-199.57203190660175,693.9592860720941,14.96790239299558,-35.224297586261905,6.769660137992615e-20
1786739533.160688,push +Z,fast,1786739470.8001618,-468.2378258506019,-198.4471078647431,685.5585945458533,14.88353308985582,-35.11783693879527,6.650934794554209e-20
1786739533.1889918,push +Z,fast,1786739470.8001618,-469.1066309250991,-197.90467068944747,682.2747306380552,14.842850301708761,-35.18299731938272,6.603888476999124e-20
1786739533.2174304,push +Z,fast,1786739470.8001618,-469.1259939008419,-198.81379108104727,683.7148760857053,14.911034331078977,-35.18444954256339,6.696450891869548e-20
1786739533.2461164,push +Z,fast,1786739470.8001618,-469.7541343999178,-199.2358102924244,685.0267575932339,14.942685771932151,-35.23156007999405,6.707842206922274e-20
1786739533.27405,push +Z,fast,1786739470.8001618,-467.4477578618753,-199.49599832181536,680.0289904205783,14.962199874136328,-35.05858183964079,6.686471176791187e-20
1786739533.3038316,push +Z,fast,1786739470.8001618,-467.3553021486114,-197.67019412535285,677.1158433768669,14.825264559401536,-35.05164766114579,6.643739132934287e-20
1786739533.3315163,push +Z,fast,1786739470.8001618,-467.98783640880174,-196.19197477248474,683.8289583505693,14.714398107936535,-35.099087730660315,6.66555868326941e-20
1786739533.3594599,push +Z,fast,1786739470.8001618,-470.17388261191763,-197.4588996119262,691.8653312224433,14.809417470894783,-35.26304119589403,6.725023690286868e-20
1786739533.387793,push +Z,fast,1786739470.8001618,-472.41777931521165,-198.66363491913285,693.2539055061907,14.89977261893527,-35.431333448641126,6.737860326104617e-20
1786739533.416534,push +Z,fast,1786739470.8001618,-471.3007613248119,-199.96252992448592,690.6728802377411,14.997189744336733,-35.34755709936116,6.722436601076663e-20
1786739533.444693,push +Z,fast,1786739470.8001618,-470.7456600236278,-199.94025630400722,686.0928247369884,14.99551922280072,-35.305924501772424,6.674753924806606e-20
1786739533.4732585,push +Z,fast,1786739470.8001618,-469.3563546188625,-198.2648138257549,688.7295896367532,14.869861036931727,-35.201726596414936,6.705450845855131e-20
1786739533.5021248,push +Z,fast,1786739470.8001618,-470.34257919311494,-199.15746696801557,684.9378064498042,14.936810022601268,-35.27569343948383,6.735072624953592e-20
1786739533.5303068,push +Z,fast,1786739470.8001618,-469.70690632133665,-200.66884085884806,686.3423887630806,15.05016306441377,-35.22801797410021,6.743714490387594e-20
1786739533.558574,push +Z,fast,1786739470.8001618,-467.878041053229,-198.37120572053948,685.526998437952,14.877840429040862,-35.09085307899247,6.706420572399911e-20
1786739533.5867085,push +Z,fast,1786739470.8001618,-466.524615438253,-196.9789192609453,685.0827931612857,14.77341894457118,-34.989346157869235,6.69436409847618e-20
1786739533.615195,push +Z,fast,1786739470.8001618,-468.2047900901857,-193.01264976388416,690.1790327866456,14.475948732291545,-35.115359256764236,6.743005150809032e-20
1786739533.6435432,push +Z,fast,1786739470.8001618,-469.4221632441272,-195.01019325289053,689.1812596968775,14.625764493967043,-35.20666224330965,6.737006145211134e-20
1786739533.6722753,push +Z,fast,1786739470.8001618,-467.9619230198755,-195.21308219837886,686.6325524660133,14.640981164878543,-35.097144226490734,6.688043219406081e-20
1786739533.7005558,push +Z,fast,1786739470.8001618,-466.2034691131089,-196.2155049842138,681.1278190408157,14.71616287381622,-34.96526018348334,6.666435769487509e-20
1786739533.7290053,push +Z,fast,1786739470.8001618,-466.15450599953783,-194.80047219958453,683.7378065642033,14.6100354149691,-34.961587949965526,6.684495164977516e-20
1786739533.757383,push +Z,fast,1786739470.8001618,-468.61252133357175,-194.6805503349268,694.6233587039324,14.60104127511985,-35.14593910001821,6.722772104540691e-20
1786739533.7857132,push +Z,fast,1786739470.8001618,-467.5165851958395,-193.68249023243993,687.8849338781938,14.526186767433135,-35.063743889688226,6.638258797620095e-20
1786739533.813945,push +Z,fast,1786739470.8001618,-468.4762543564116,-196.84948683038988,689.2882756447398,14.763711512279617,-35.13571907673101,6.678781507952911e-20
1786739533.8425362,push +Z,fast,1786739470.8001618,-469.23579838598835,-197.6989827107476,686.6772603169102,14.827423703306383,-35.19268487894933,6.685719213242736e-20
1786739533.871073,push +Z,fast,1786739470.8001618,-470.2151573516621,-201.9156733697963,691.3285533305434,15.143675502734983,-35.26613680137485,6.746665266208244e-20
1786739533.89963,push +Z,fast,1786739470.8001618,-468.7883297698795,-199.89103962727404,688.3599172710219,14.991827972045709,-35.15912473274114,6.676483772023399e-20
1786739533.927827,push +Z,fast,1786739470.8001618,-467.33215329070754,-198.47756788218828,684.6930087891997,14.885817591164464,-35.049911496803354,6.662289545705328e-20
1786739533.9561133,push +Z,fast,1786739470.8001618,-470.08509554510147,-198.18727410593146,691.3695140720356,14.864045557944937,-35.256382165882776,6.662042289245292e-20
1786739533.9842956,push +Z,fast,1786739470.8001618,-469.0926715152041,-199.6629170382688,682.8697218502984,14.97471877787034,-35.18195036364054,6.637233569593176e-20
1786739534.0126016,push +Z,fast,1786739470.8001618,-469.86512044949814,-199.53421098140132,686.1249085380196,14.96506582360541,-35.239884033712464,6.653570671572326e-20
1786739534.0409555,push +Z,fast,1786739470.8001618,-468.42471781860786,-196.71085889310075,684.6795662143077,14.753314416982779,-35.13185383639573,6.708212081763308e-20
1786739534.0692296,push +Z,fast,1786739470.8001618,-466.85456087112743,-195.49769437411078,681.5896915711492,14.662327078058748,-35.01409206533488,6.723325282512272e-20
1786739534.0977225,push +Z,fast,1786739470.8001618,-466.12871705141833,-197.24100877384103,679.6774826780365,14.79307565803845,-34.959653778856584,6.706192321136628e-20
1786739534.126067,push +Z,fast,1786739470.8001618,-463.8295276316385,-197.97518767797862,672.5773913944167,14.848139075848497,-34.78721457237304,6.629170154358379e-20
1786739534.1544514,push +Z,fast,1786739470.8001618,-466.3982925245764,-198.13813780185035,683.7895450282995,14.860360335139145,-34.979871939343255,6.650124039825552e-20
1786739534.1831458,push +Z,fast,1786739470.8001618,-466.1906540015275,-196.02370507565024,684.488358810022,14.701777880673983,-34.96429905011476,6.682650389706124e-20
1786739534.2113705,push +Z,fast,1786739470.8001618,-465.5818999951525,-193.5261964017219,688.2664513078098,14.514464730129294,-34.918642499636746,6.639411432802868e-20
1786739534.2400131,push +Z,fast,1786739470.8001618,-462.4207516632955,-193.9450529802176,676.4326076011721,14.54587897351637,-34.681556374747416,6.614196699467216e-20
1786739534.2681139,push +Z,fast,1786739470.8001618,-465.30687886237956,-194.4189674162036,679.2238572117722,14.581422556215475,-34.89801591467864,6.616136748227822e-20
1786739534.296719,push +Z,fast,1786739470.8001618,-467.6361412768729,-196.3090230343406,679.8110963742902,14.72317672757588,-35.07271059576577,6.674878533491977e-20
1786739534.3250487,push +Z,fast,1786739470.8001618,-470.9654511753715,-196.3289440858307,690.284346162809,14.72467080643769,-35.32240883815304,6.693161189703883e-20
1786739534.3536813,push +Z,fast,1786739470.8001618,-471.9895430075667,-198.59540504781774,693.6833108374958,14.894655378586645,-35.39921572556791,6.748950159079122e-20
1786739534.3819728,push +Z,fast,1786739470.8001618,-472.76867701756055,-196.88351932400258,701.0750866014732,14.766263949300576,-35.45765077631725,6.762652102897031e-20
1786739534.410344,push +Z,fast,1786739470.8001618,-471.59562490942153,-197.95667238666283,697.2248740868872,14.846750428999865,-35.369671868206815,6.770641452045686e-20
1786739534.438381,push +Z,fast,1786739470.8001618,-469.70029293350944,-197.83230793591167,691.1757773187437,14.837423095193603,-35.22752197001343,6.726732463595749e-20
1786739534.4667792,push +Z,fast,1786739470.8001618,-467.9540712779735,-199.78690157666358,679.3729198100718,14.984017618250004,-35.0965553458482,6.710566626681287e-20
1786739534.49525,push +Z,fast,1786739470.8001618,-468.97722988994065,-199.42634952167953,684.630778023351,14.956976214126069,-35.173292241745585,6.746148542940026e-20
1786739534.5249603,push +Z,fast,1786739470.8001618,-468.2820915235234,-198.25222067200718,691.4846794379064,14.868916550400765,-35.12115686426449,6.75905784158298e-20
1786739534.552207,push +Z,fast,1786739470.8001618,-468.92027287826477,-196.6361689814471,702.2826563718463,14.747712673608714,-35.169020465870155,6.77914712920829e-20
1786739534.5806036,push +Z,fast,1786739470.8001618,-467.8062201956045,-195.34685158953118,703.4168487784445,14.651013869215024,-35.08546651467061,6.770221201431025e-20
1786739534.6088536,push +Z,fast,1786739470.8001618,-466.4973532720701,-193.79650524107615,698.9966877578372,14.534737893080777,-34.98730149540519,6.770914721925704e-20
1786739534.6373415,push +Z,fast,1786739470.8001618,-464.8144055436369,-194.57023875942411,690.8256817981319,14.592767906956897,-34.86108041577292,6.792057975946658e-20
1786739534.6655953,push +Z,fast,1786739470.8001618,-463.5664054781387,-194.83233247855412,686.7605839184725,14.612424935891763,-34.76748041086062,6.817557471579793e-20
1786739534.6943667,push +Z,fast,1786739470.8001618,-462.8531687977761,-193.08334269129375,690.6576626167462,14.481250701847213,-34.71398765983347,6.842648511160937e-20
1786739534.724948,push +Z,fast,1786739470.8001618,-462.95862678630147,-190.2776524141433,698.7512056224086,14.270823931060985,-34.721897008972704,6.840303274792078e-20
1786739534.7510793,push +Z,fast,1786739470.8001618,-464.76095271726444,-187.68741118213256,711.0385950591008,14.076555838660216,-34.85707145379504,6.843054242891238e-20
1786739534.7793949,push +Z,fast,1786739470.8001618,-464.18151028145803,-184.19988632845946,710.2733469375171,13.814991474634677,-34.813613271109695,6.803227382610651e-20
1786739534.8075137,push +Z,fast,1786739470.8001618,-463.18780816023536,-183.94227737493406,703.5999832768839,13.795670803120363,-34.73908561201782,6.739335067707037e-20
1786739534.8360002,push +Z,fast,1786739470.8001618,-460.97403322448054,-183.18501480736745,693.9948006227305,13.738876110552685,-34.57305249183627,6.707222454591692e-20
1786739534.8644035,push +Z,fast,1786739470.8001618,-460.9456835042315,-187.43183963864078,686.9806536427668,14.057387972898308,-34.57092626281765,6.731801397020595e-20
1786739534.892638,push +Z,fast,1786739470.8001618,-461.958240965766,-185.0670696395215,698.1193355254518,13.880030222964233,-34.646868072432724,6.77660277679778e-20
1786739534.9213524,push +Z,fast,1786739470.8001618,-462.24865462560774,-184.9640149952172,702.9346749486285,13.872301124641528,-34.668649096920895,6.764510160530782e-20
1786739534.9494898,push +Z,fast,1786739470.8001618,-463.19930593964864,-186.12663540462358,710.6450806603852,13.959497655346983,-34.73994794547385,6.787151844635477e-20
1786739534.9781816,push +Z,fast,1786739470.8001618,-464.8836010603045,-190.81641848361835,707.9703363968856,14.311231386271576,-34.86627007952307,6.847603469444613e-20
1786739535.0061746,push +Z,fast,1786739470.8001618,-466.9468660874177,-192.20766019924145,711.3058570438589,14.415574514943312,-35.021014956556456,6.893514030783399e-20
1786739535.0346794,push +Z,fast,1786739470.8001618,-467.54430853814256,-187.0752364410547,711.7450352931528,14.0306427330793,-35.06582314036083,6.879220743502557e-20
1786739535.0631442,push +Z,fast,1786739470.8001618,-464.65819910488426,-182.94492701342585,708.164176955499,13.720869526007153,-34.84936493286636,6.801673151308114e-20
1786739535.0915773,push +Z,fast,1786739470.8001618,-463.99769908703047,-183.29953012713975,702.3850755186413,13.747464759535749,-34.799827431527426,6.826257270278445e-20
1786739535.1202106,push +Z,fast,1786739470.8001618,-462.61796703372966,-187.6352643567419,702.6465600690726,14.072644826755809,-34.69634752753007,6.835872981199573e-20
1786739535.1484785,push +Z,fast,1786739470.8001618,-464.7819858573798,-188.05014147148233,706.6765603249141,14.103760610361345,-34.8586489393038,6.859591575286391e-20
1786739535.1768556,push +Z,fast,1786739470.8001618,-464.8156162621235,-186.29099273295049,709.6748374304707,13.971824454971522,-34.861171219659546,6.806560153424718e-20
1786739535.2050307,push +Z,fast,1786739470.8001618,-467.42665703330294,-183.4628542937428,710.6013515543282,13.759714072030892,-35.05699927749795,6.780700937542542e-20
1786739535.2334325,push +Z,fast,1786739470.8001618,-466.57905517735026,-183.8762571478983,709.8935690837316,13.79071928609272,-34.99342913830155,6.797898763479308e-20
1786739535.2618537,push +Z,fast,1786739470.8001618,-465.1826295818464,-184.12189669374868,711.1703591880705,13.809142252031403,-34.888697218638804,6.873076516317596e-20
1786739535.2901287,push +Z,fast,1786739470.8001618,-464.3217723673588,-185.88856777341857,705.6507832303969,13.941642583006772,-34.824132927552164,6.898027835452806e-20
1786739535.3188276,push +Z,fast,1786739470.8001618,-464.73841384075104,-185.09746494279045,713.6740173056396,13.882309870709403,-34.85538103805651,6.937282926227588e-20
1786739535.346926,push +Z,fast,1786739470.8001618,-464.65317036365286,-183.84874828272712,708.6753099010803,13.788656121204749,-34.848987777274296,6.825486593944431e-20
1786739535.3753555,push +Z,fast,1786739470.8001618,-465.2108714959754,-184.3090808297735,716.611085694024,13.823181062233306,-34.89081536219842,6.829336853142639e-20
1786739535.403614,push +Z,fast,1786739470.8001618,-466.4472196166662,-184.03169057391335,709.9204542312045,13.802376793043702,-34.983541471250156,6.82774992210107e-20
1786739535.43195,push +Z,fast,1786739470.8001618,-466.3405308840829,-186.65918177510184,711.2576255047525,13.999438633132943,-34.97553981630644,6.825167475531801e-20
1786739535.4604943,push +Z,fast,1786739470.8001618,-463.4503083130103,-183.4794927745603,705.674479584949,13.76096195809232,-34.75877312347595,6.788598257016388e-20
1786739535.4886441,push +Z,fast,1786739470.8001618,-462.93250790544926,-186.77372893111158,703.5843185899639,14.008029669833643,-34.719938092908905,6.768761219813451e-20
1786739535.5171363,push +Z,fast,1786739470.8001618,-464.77042206427177,-185.44958276072782,708.3226310483769,13.908718707054906,-34.857781654820634,6.844584921191312e-20
1786739535.5456898,push +Z,fast,1786739470.8001618,-467.8998086570273,-187.81103725852313,714.2916520043573,14.085827794389498,-35.09248564927707,6.89123886898857e-20
1786739535.5740988,push +Z,fast,1786739470.8001618,-467.6145398924268,-184.00670562643188,720.8348745102185,13.80050292198268,-35.07109049193236,6.861712872480897e-20
1786739535.6026063,push +Z,fast,1786739470.8001618,-464.84700082623203,-183.1819987438538,708.7057987288072,13.73864990578912,-34.863525061967536,6.769883844789172e-20
1786739535.630616,push +Z,fast,1786739470.8001618,-464.8240323054106,-182.28421737910674,711.9737031965869,13.671316303433247,-34.86180242290599,6.800353327962346e-20
1786739535.659374,push +Z,fast,1786739470.8001618,-463.65995884474887,-184.64120649584834,702.1324771477985,13.84809048718883,-34.774496913356316,6.827521482612792e-20
1786739535.6895854,push +Z,fast,1786739470.8001618,-466.9416506305856,-185.33476971489245,714.8445723827026,13.90010772861714,-35.02062379729417,6.879792638901569e-20
1786739535.7159984,push +Z,fast,1786739470.8001618,-467.0462648502662,-187.87164626649565,708.9703617107107,14.090373469987416,-35.02846986377006,6.811993249875373e-20
1786739535.7443485,push +Z,fast,1786739470.8001618,-467.17074468300507,-186.73295896843706,715.8119971276637,14.004971922633,-35.03780585122561,6.820138652483494e-20
1786739535.7728665,push +Z,fast,1786739470.8001618,-466.5909874395966,-186.72071398997116,711.4509948864079,14.004053549248109,-34.99432405796994,6.790425132446317e-20
1786739535.8011222,push +Z,fast,1786739470.8001618,-465.92746078500704,-187.1795394100833,709.1985759751096,14.038465455756455,-34.944559558875774,6.823762031530086e-20
1786739535.829355,push +Z,fast,1786739470.8001618,-466.57624542277017,-188.96606784132302,706.3408737681102,14.172455088099458,-34.99321840670808,6.817609405090366e-20
1786739535.8577342,push +Z,fast,1786739470.8001618,-467.08195579814856,-189.21235762678884,709.1130599338549,14.190926822009278,-35.03114668486139,6.867479763756418e-20
1786739535.887344,push +Z,fast,1786739470.8001618,-466.84589469542743,-185.78321183745254,712.920939625109,13.933740887809211,-35.01344210215722,6.854625868297649e-20
1786739535.9147148,push +Z,fast,1786739470.8001618,-466.74880433148064,-186.39466286133313,717.8624281613593,13.979599714600216,-35.00616032486129,6.869494505177752e-20
1786739535.9432373,push +Z,fast,1786739470.8001618,-465.0771600971011,-184.98212186613716,715.2711412534445,13.873659139960541,-34.880787007282805,6.8499388535738e-20
1786739535.9716198,push +Z,fast,1786739470.8001618,-464.1239933877837,-185.18327002562296,714.0022156422656,13.888745251922,-34.80929950408399,6.82994016754038e-20
1786739535.9998927,push +Z,fast,1786739470.8001618,-463.0951687207994,-182.39215953993664,711.474715792484,13.679411965495422,-34.732137654060274,6.773049744581213e-20
1786739536.028097,push +Z,fast,1786739470.8001618,-461.3527781710832,-182.57871322873336,706.5586529149141,13.693403492155245,-34.6014583628315,6.785091700412537e-20
1786739536.0568743,push +Z,fast,1786739470.8001618,-463.4026306127312,-182.36758617542364,712.2077124184716,13.677568963156926,-34.755197295954986,6.894630136889616e-20
1786739536.0881867,push +Z,fast,1786739470.8001618,-463.25302415001215,-183.71067218839585,707.917010326827,13.778300414129905,-34.743976811251095,6.902887650287087e-20
1786739536.1135435,push +Z,fast,1786739470.8001618,-466.4434035699269,-185.52687787318916,718.1702077203518,13.914515840489539,-34.983255267744596,6.936220740257262e-20
1786739536.1420367,push +Z,fast,1786739470.8001618,-464.90498241750856,-186.13298864614558,708.680843758566,13.95997414846114,-34.867873681313355,6.823936574913581e-20
1786739536.170149,push +Z,fast,1786739470.8001618,-465.8607182742803,-186.05591879367591,710.5308264488613,13.954193909525916,-34.93955387057128,6.831554779244037e-20
1786739536.1984792,push +Z,fast,1786739470.8001618,-464.690836356463,-185.13008331080312,706.6032777701657,13.88475624831047,-34.851812726734906,6.777664257837965e-20
1786739536.226912,push +Z,fast,1786739470.8001618,-464.28940916550846,-184.88286428417837,706.7845567337226,13.866214821313516,-34.821705687413406,6.768765715684004e-20
1786739536.255546,push +Z,fast,1786739470.8001618,-467.44575967307765,-185.862449598191,714.4057810545482,13.939683719864458,-35.05843197548101,6.842278820516797e-20
1786739536.2836797,push +Z,fast,1786739470.8001618,-467.45569731477644,-186.0172106051457,712.9826589765071,13.95129079538621,-35.059177298608546,6.852082324511456e-20
1786739536.3122742,push +Z,fast,1786739470.8001618,-469.5826884985818,-185.9969677178159,716.6428762233836,13.94977257883647,-35.218701637393835,6.895690889139055e-20
1786739536.3406441,push +Z,fast,1786739470.8001618,-468.0719757311499,-185.67138533231673,711.6299900264294,13.9253538999241,-35.105398179836435,6.824182393050867e-20
1786739536.368948,push +Z,fast,1786739470.8001618,-469.6097584488957,-186.084310046425,712.0016038570393,13.956323253482115,-35.220731883667455,6.876907605655092e-20
1786739536.397289,push +Z,fast,1786739470.8001618,-468.24577657395685,-185.9171357675633,707.9908502729495,13.943785182567485,-35.11843324304697,6.873814180277748e-20
1786739536.4256496,push +Z,fast,1786739470.8001618,-467.83917310817696,-186.81795771265558,706.8484239229138,14.011346828449515,-35.0879379831135,6.925857508164465e-20
1786739536.4552772,push +Z,fast,1786739470.8001618,-468.69469972757906,-184.300495922207,711.0401336343621,13.822537194165786,-35.15210247956864,6.882103896118185e-20
1786739536.4825082,push +Z,fast,1786739470.8001618,-470.69382468913454,-186.0650077828259,718.8018647715389,13.954875583712212,-35.302036851685244,6.848158851106817e-20
1786739536.5108824,push +Z,fast,1786739470.8001618,-470.10703412826433,-183.7075724055153,717.4048268511333,13.778067930413858,-35.25802755962004,6.792559287625047e-20
1786739536.539306,push +Z,fast,1786739470.8001618,-467.6740408378246,-183.79496618881547,713.4191101232291,13.78462246416142,-35.07555306283685,6.750572085490361e-20
1786739536.5677342,push +Z,fast,1786739470.8001618,-466.0790340852982,-182.58354318318777,708.1282395282824,13.693765738739327,-34.95592755639767,6.746969585849955e-20
1786739536.595972,push +Z,fast,1786739470.8001618,-466.15852571904816,-183.04359783816585,709.6462873842302,13.728269837862594,-34.96188942892876,6.783695722106331e-20
1786739536.6244535,push +Z,fast,1786739470.8001618,-467.4308055906499,-184.83368980863668,705.7019031119598,13.862526735648057,-35.05731041929897,6.840826553727822e-20
1786739536.6534977,push +Z,fast,1786739470.8001618,-468.86162182104863,-183.75627289054376,703.0081476365331,13.781720466790897,-35.16462163657875,6.80117851028923e-20
1786739536.681112,push +Z,fast,1786739470.8001618,-473.05898445453204,-187.42920468022555,707.5281987016269,14.05719035101701,-35.47942383409012,6.808899374367053e-20
1786739536.7094405,push +Z,fast,1786739470.8001618,-473.9040269402517,-186.78681618571557,712.5200689679414,14.00901121392894,-35.54280202051908,6.755450894917668e-20
1786739536.7380428,push +Z,fast,1786739470.8001618,-472.943977880514,-189.46882620984627,709.1423374090573,14.21016196573861,-35.47079834103868,6.753879900731927e-20
1786739536.766464,push +Z,fast,1786739470.8001618,-469.04448617633534,-186.53744386165772,698.4340506155977,13.990308289624561,-35.178336463225286,6.705707656492548e-20
1786739536.7947352,push +Z,fast,1786739470.8001618,-469.1265865458877,-188.40387488040915,694.075530208358,14.130290616030944,-35.18449399094168,6.708365694768396e-20
1786739536.8230634,push +Z,fast,1786739470.8001618,-469.02249353476145,-187.96897161234085,693.9059622208852,14.097672870925809,-35.17668701510719,6.703068630231304e-20
1786739536.8523028,push +Z,fast,1786739470.8001618,-471.20211537765,-187.37296764479152,700.3019276651758,14.0529725733595,-35.34015865332398,6.678639804676058e-20
1786739536.8799682,push +Z,fast,1786739470.8001618,-471.5892223497167,-188.36506366836159,704.0598414665374,14.12737977512717,-35.36919167622894,6.671465532880182e-20
1786739536.9081645,push +Z,fast,1786739470.8001618,-471.2104884242144,-187.52156161211053,711.4170483086464,14.064117120908488,-35.34078663181623,6.711246061298628e-20
1786739536.9366217,push +Z,fast,1786739470.8001618,-470.6860269056624,-188.09085973454864,703.4545649494103,14.106814480091405,-35.301452017924944,6.699837172984937e-20
1786739536.9649432,push +Z,fast,1786739470.8001618,-469.8302481186088,-187.35234483305624,693.7845373064174,14.051425862479416,-35.23726860889574,6.654789727819879e-20
1786739536.9932492,push +Z,fast,1786739470.8001618,-473.1556137154116,-189.55708723441217,692.0528351753183,14.216781542581028,-35.48667102865607,6.654413727719877e-20
1786739537.0217712,push +Z,fast,1786739470.8001618,-473.2069676397332,-190.82593668370578,699.8316665487864,14.311945251278214,-35.49052257298009,6.714222496353116e-20
1786739537.0522008,push +Z,fast,1786739470.8001618,-473.47760626764057,-189.8825021275943,705.9939560512048,14.241187659569764,-35.510820470073305,6.760921984590547e-20
1786739537.0789914,push +Z,fast,1786739470.8001618,-471.80903076882305,-188.49322543899814,711.7628514525513,14.136991907925012,-35.385677307661894,6.774204443849706e-20
1786739537.1072237,push +Z,fast,1786739470.8001618,-472.5605358806856,-189.1312000164021,704.9673882540874,14.184840001230317,-35.44204019105171,6.749980767471958e-20
1786739537.135663,push +Z,fast,1786739470.8001618,-472.7938937942754,-190.43153179150806,704.1880054581707,14.282364884363194,-35.459542034570774,6.794414350065953e-20
1786739537.1638062,push +Z,fast,1786739470.8001618,-471.4224176107132,-191.2937048997935,689.4870983626779,14.347027867484673,-35.356681320803794,6.722171701195738e-20
1786739537.192089,push +Z,fast,1786739470.8001618,-469.31970786128704,-191.4747161350216,684.9440156921137,14.360603710126757,-35.19897808959664,6.674858080832568e-20
1786739537.2206836,push +Z,fast,1786739470.8001618,-468.9652571513143,-194.37527619002378,676.609499612412,14.578145714252042,-35.172394286348705,6.575260243631176e-20
1786739537.249288,push +Z,fast,1786739470.8001618,-470.8088500932058,-198.59323538525018,676.9855873539245,14.894492653893867,-35.31066375699044,6.629146576519874e-20
1786739537.2774646,push +Z,fast,1786739470.8001618,-472.88969010630717,-200.48578408350136,683.6827931568996,15.036433806262732,-35.46672675797318,6.664003927530025e-20
1786739537.3057125,push +Z,fast,1786739470.8001618,-473.96534814322285,-199.80975017081084,686.8111682743111,14.985731262811061,-35.547401110741845,6.726466419730253e-20
1786739537.3345437,push +Z,fast,1786739470.8001618,-474.6062580544849,-197.1599018793886,692.9495052999318,14.786992640954356,-35.59546935408661,6.75501713408746e-20
1786739537.3624258,push +Z,fast,1786739470.8001618,-471.22597521941225,-192.84559010515034,682.1359505146102,14.463419257886503,-35.34194814145613,6.689664472618003e-20
1786739537.3911781,push +Z,fast,1786739470.8001618,-471.81549842425284,-190.46682190356046,684.675459001377,14.285011642767078,-35.38616238181921,6.652177551939362e-20
1786739537.4195244,push +Z,fast,1786739470.8001618,-471.29203107130934,-190.70445666496812,685.9373628978174,14.302834249872713,-35.346902330348385,6.662821264892592e-20
1786739537.4504642,push +Z,fast,1786739470.8001618,-471.8714909338978,-192.078178137466,693.8734672574774,14.405863360310189,-35.39036182004247,6.7143994853265e-20
1786739537.4760892,push +Z,fast,1786739470.8001618,-471.4088248847829,-192.74712205055687,706.8059847542445,14.456034153792015,-35.355661866358844,6.772153109244003e-20
1786739537.5043652,push +Z,fast,1786739470.8001618,-470.42334746444294,-191.54685977289228,711.4416945236098,14.366014482967,-35.281751059833475,6.780248711748491e-20
1786739537.5333273,push +Z,fast,1786739470.8001618,-470.46850462966177,-192.02596546563882,711.749201933666,14.401947409923178,-35.285137847224874,6.794367089099595e-20
1786739537.5613852,push +Z,fast,1786739470.8001618,-466.5123630352241,-190.43046669058526,699.3985125015288,14.282285001794111,-34.98842722764199,6.756800554283105e-20
1786739537.5896704,push +Z,fast,1786739470.8001618,-466.969611411188,-189.240535941428,701.4669121587922,14.19304019560747,-35.02272085583916,6.739407119357885e-20
1786739537.6191988,push +Z,fast,1786739470.8001618,-467.88078883658955,-187.89969747190082,715.5125782987252,14.0924773103926,-35.09105916274428,6.845690382152171e-20
1786739537.6466208,push +Z,fast,1786739470.8001618,-471.11379041451755,-186.87029328365304,726.403083518202,14.01527199627417,-35.333534281089115,6.920708216171317e-20
1786739537.6751688,push +Z,fast,1786739470.8001618,-470.1753628954343,-184.90795761712752,726.8210101862851,13.86809682128479,-35.26315221715787,6.950611946588218e-20
1786739537.7035384,push +Z,fast,1786739470.8001618,-468.3944368516927,-184.12403583749983,718.1346555121636,13.809302687812714,-35.129582763877146,6.863450508001875e-20
1786739537.7320695,push +Z,fast,1786739470.8001618,-465.8136604195488,-183.60302391619382,712.0116718810514,13.770226793714773,-34.93602453146634,6.831737907469186e-20
1786739537.7599795,push +Z,fast,1786739470.8001618,-465.3460381653299,-183.82046377556264,717.9232097600707,13.786534783167465,-34.900952862400004,6.827958450945568e-20
1786739537.7885816,push +Z,fast,1786739470.8001618,-466.3111529971902,-184.43812752780013,721.1545980347928,13.832859564585302,-34.97333647478956,6.866194335674205e-20
1786739537.8172727,push +Z,fast,1786739470.8001618,-466.78756599183953,-188.07763153199528,724.5012916594005,14.10582236489974,-35.00906744938814,6.920411031515674e-20
1786739537.8450925,push +Z,fast,1786739470.8001618,-463.8148956545683,-188.38349657347612,711.3819509285568,14.128762243010943,-34.78611717409278,6.875691956965481e-20
1786739537.8735492,push +Z,fast,1786739470.8001618,-465.0957471848851,-187.60634875701703,713.8353684339008,14.070476156776397,-34.882181038866776,6.883038132133173e-20
1786739537.9018667,push +Z,fast,1786739470.8001618,-465.2178101673958,-184.37822077866906,711.1595191623101,13.828366558400315,-34.89133576255478,6.848787631265348e-20
1786739537.930181,push +Z,fast,1786739470.8001618,-469.48132514333474,-183.52230147976059,718.9062921614213,13.76417261098236,-35.21109938575038,6.858965409572425e-20
1786739537.9586701,push +Z,fast,1786739470.8001618,-467.3563860677373,-183.49390911264254,717.8205232301743,13.762043183448444,-35.05172895508059,6.785649956372409e-20
1786739537.9871297,push +Z,fast,1786739470.8001618,-465.1142788644488,-182.43269719997852,716.2402895634568,13.682452289998484,-34.88357091483386,6.752624698462081e-20
1786739538.0156493,push +Z,fast,1786739470.8001618,-463.6515851570157,-182.55181857216155,720.589438653853,13.69138639291236,-34.77386888677621,6.831232763087757e-20
1786739538.0440347,push +Z,fast,1786739470.8001618,-463.906638821908,-185.1302902655042,715.3671320879757,13.88477176991319,-34.792997911643404,6.853291329982778e-20
1786739538.0727642,push +Z,fast,1786739470.8001618,-465.62239391902904,-184.62177391144678,722.9658020589923,13.846633043358796,-34.92167954392744,6.899485811122794e-20
1786739538.1011279,push +Z,fast,1786739470.8001618,-462.0291337323174,-182.07864802175982,710.1422588628211,13.655898601632199,-34.65218502992395,6.77569344359085e-20
1786739538.1297674,push +Z,fast,1786739470.8001618,-463.0769026840326,-182.84849104506156,712.6269286743682,13.713636828379908,-34.730767701302575,6.829807296634412e-20
1786739538.1574955,push +Z,fast,1786739470.8001618,-462.8096413590679,-183.61793826266705,711.8537179410705,13.77134536970036,-34.71072310193017,6.831464649096195e-20
1786739538.186307,push +Z,fast,1786739470.8001618,-463.3595724716115,-186.1431595558263,710.2609776861837,13.96073696668714,-34.75196793537111,6.839863865741399e-20
1786739538.2142298,push +Z,fast,1786739470.8001618,-462.75608897669963,-184.2166796983231,713.475389729062,13.816250977374434,-34.706706673252484,6.869747000059e-20
1786739538.2426596,push +Z,fast,1786739470.8001618,-464.4600051105831,-188.4436665572914,714.5043704422878,14.133274991797055,-34.8345003832939,6.894978721789105e-20
1786739538.2710617,push +Z,fast,1786739470.8001618,-467.02202957119835,-186.60006907781803,723.2731970639225,13.995005180836603,-35.02665221784008,6.929393637497049e-20
1786739538.2995582,push +Z,fast,1786739470.8001618,-463.06227061530217,-183.11337779302232,713.655571891627,13.733503334476875,-34.72967029614775,6.76046263362747e-20
1786739538.3282468,push +Z,fast,1786739470.8001618,-460.5295518275475,-180.4894666879735,699.0222596021504,13.53671000159827,-34.53971638706635,6.670762532273399e-20
1786739538.3566594,push +Z,fast,1786739470.8001618,-459.1856636821349,-182.335141008753,695.431651062514,13.675135575656466,-34.43892477616027,6.67309801152988e-20
1786739538.3852284,push +Z,fast,1786739470.8001618,-462.63874777378123,-182.28026407203788,701.812330203913,13.671019805403024,-34.6979060830336,6.741810866078922e-20
1786739538.4132571,push +Z,fast,1786739470.8001618,-465.4752622270903,-181.91801951419245,717.2919396074985,13.643851463564584,-34.91064466703207,6.855857683912869e-20
1786739538.4414227,push +Z,fast,1786739470.8001618,-465.752806060932,-184.1027557910072,715.7494166438573,13.807706684325698,-34.931460454570114,6.869365138847493e-20
1786739538.4706247,push +Z,fast,1786739470.8001618,-466.2247581082638,-187.01910902436612,715.4793562639406,14.026433176827577,-34.96685685811996,6.931036034667914e-20
1786739538.4982097,push +Z,fast,1786739470.8001618,-462.82871056952536,-185.7616539576942,705.6064938310692,13.932124046827294,-34.71215329271461,6.760508001120772e-20
1786739538.526784,push +Z,fast,1786739470.8001618,-461.9852553299306,-183.0741260787919,703.9181698770117,13.730559455909667,-34.64889414974491,6.738524846694128e-20
1786739538.5552301,push +Z,fast,1786739470.8001618,-461.8297566752358,-183.29180284448853,706.6144477199487,13.746885213336984,-34.63723175064273,6.728587840855798e-20
1786739538.5836494,push +Z,fast,1786739470.8001618,-463.0231640769666,-184.2714544192653,708.4575132915088,13.820359081445137,-34.726737305772744,6.801365604141444e-20
1786739538.612092,push +Z,fast,1786739470.8001618,-464.52631677958607,-184.97287045483029,713.9919635778097,13.872965284112592,-34.83947375846916,6.815421850709864e-20
1786739538.6403003,push +Z,fast,1786739470.8001618,-465.10582352370056,-185.01391504420496,712.271919365372,13.876043628315632,-34.88293676427766,6.812303612374033e-20
1786739538.6688752,push +Z,fast,1786739470.8001618,-466.2463766128144,-184.39249825827983,717.5863933678502,13.829437369371309,-34.96847824596119,6.828361930222635e-20
1786739538.6973164,push +Z,fast,1786739470.8001618,-463.5841200196196,-184.39496098638767,709.4183337441973,13.829622073979298,-34.768809001471794,6.797264226571805e-20
1786739538.7254982,push +Z,fast,1786739470.8001618,-462.66014291480815,-182.32300652338006,706.1294770661298,13.674225489253761,-34.69951071861071,6.766422751010364e-20
1786739538.754242,push +Z,fast,1786739470.8001618,-463.0762744819003,-181.64242208428743,704.2110611766266,13.623181656321844,-34.730720586142745,6.765859225755074e-20
1786739538.7826352,push +Z,fast,1786739470.8001618,-465.49197212023773,-182.43486294314084,710.8454091516523,13.682614720735739,-34.9118979090181,6.79757416515676e-20
1786739538.813238,push +Z,fast,1786739470.8001618,-468.2880250141634,-182.9966791308501,715.0371485659289,13.72475093481398,-35.12160187606236,6.843538649494429e-20
1786739538.83918,push +Z,fast,1786739470.8001618,-467.4010327784699,-182.39663398103596,712.1275832173224,13.679747548577897,-35.0550774583854,6.810270017380433e-20
1786739538.8674102,push +Z,fast,1786739470.8001618,-470.37626778271306,-182.4621365861841,715.5046141532193,13.684660243964043,-35.27822008370373,6.827465335115414e-20
1786739538.8957682,push +Z,fast,1786739470.8001618,-468.87640438616336,-182.4181203541392,715.0149321662839,13.681359026560681,-35.16573032896239,6.774124684485328e-20
1786739538.9242456,push +Z,fast,1786739470.8001618,-468.77438214631957,-184.15677525220963,711.2098316589263,13.811758143915885,-35.158078660974084,6.794685961850164e-20
1786739538.95269,push +Z,fast,1786739470.8001618,-465.95726944287844,-185.40771587617303,709.0765213154446,13.90557869071316,-34.94679520821613,6.805902559941087e-20
1786739538.9809988,push +Z,fast,1786739470.8001618,-465.6197743633875,-189.98595035858762,705.9208557737093,14.248946276894127,-34.921483077254116,6.857536613219554e-20
1786739539.010356,push +Z,fast,1786739470.8001618,-466.7527868706561,-190.36212766515393,711.4187751992031,14.277159574886749,-35.00645901529951,6.89951741391711e-20
1786739539.0374968,push +Z,fast,1786739470.8001618,-467.9660251463065,-189.37582346470117,715.4060361812126,14.203186759852851,-35.097451885973086,6.936413614032864e-20
1786739539.065902,push +Z,fast,1786739470.8001618,-468.90173601868446,-184.3080367078377,712.9974651693929,13.82310275308799,-35.167630201401515,6.861154342449215e-20
1786739539.0946398,push +Z,fast,1786739470.8001618,-468.65897571750156,-185.04927252577306,709.2017760527096,13.878695439433113,-35.14942317881291,6.821502833031233e-20
1786739539.1231492,push +Z,fast,1786739470.8001618,-467.30522906717306,-185.85033240047812,693.7683584862116,13.93877493003615,-35.04789218003836,6.725763275139781e-20
1786739539.1513717,push +Z,fast,1786739470.8001618,-468.37710877361815,-186.26340447499217,697.8095013588427,13.969755335624551,-35.128283158021524,6.784601393688132e-20
1786739539.1796587,push +Z,fast,1786739470.8001618,-469.6212735306285,-187.40250643274908,705.0439485430152,14.055187982456236,-35.22159551479726,6.85039395119559e-20
1786739539.2106946,push +Z,fast,1786739470.8001618,-472.4953096826962,-187.66265255369046,716.3854926577051,14.074698941526922,-35.4371482262023,6.891042077437366e-20
1786739539.236584,push +Z,fast,1786739470.8001618,-471.36774112383273,-190.83393720334982,719.541733801414,14.31254529025141,-35.35258058428781,6.938913577784573e-20
1786739539.2649152,push +Z,fast,1786739470.8001618,-470.3296596351538,-188.42228872439784,717.0387879367954,14.131671654330109,-35.27472447263668,6.93075819179423e-20
1786739539.2932563,push +Z,fast,1786739470.8001618,-468.41965820731457,-185.6466862464639,713.2243217101804,13.92350146848494,-35.13147436554876,6.916200250377359e-20
1786739539.3216734,push +Z,fast,1786739470.8001618,-466.8002808120832,-186.36894365151977,699.5395332781172,13.977670773864372,-35.01002106090634,6.86898201124264e-20
1786739539.3499653,push +Z,fast,1786739470.8001618,-466.1897953832804,-188.85638970156788,696.3957226164239,14.16422922761765,-34.96423465374602,6.824227134447445e-20
1786739539.3782685,push +Z,fast,1786739470.8001618,-466.31236252045665,-193.05344957483203,699.5718916626447,14.479008718112741,-34.97342718903435,6.871999980445275e-20
1786739539.4075236,push +Z,fast,1786739470.8001618,-467.2642354140735,-190.40263841534272,711.9627114390023,14.280197881151064,-35.04481765605566,6.883445672095255e-20
1786739539.4350572,push +Z,fast,1786739470.8001618,-470.5119440675953,-190.32730317268567,717.8829075721369,14.274547737951568,-35.28839580506977,6.890435939536771e-20
1786739539.463477,push +Z,fast,1786739470.8001618,-469.1143904209598,-187.39712059559724,708.1680170087457,14.054784044670019,-35.183579281572214,6.847216377526265e-20
1786739539.491853,push +Z,fast,1786739470.8001618,-469.8327392844476,-190.9612902159189,703.6991388908173,14.32209676619416,-35.23745544633376,6.838779279346971e-20
1786739539.5205688,push +Z,fast,1786739470.8001618,-467.4310486045306,-188.46361302054675,700.9067313060423,14.134770976541308,-35.057328645339894,6.822090728557119e-20
1786739539.548693,push +Z,fast,1786739470.8001618,-469.34483811103246,-189.2695315348326,705.9451061513792,14.195214865112664,-35.200862858327696,6.791516790631862e-20
1786739539.5769727,push +Z,fast,1786739470.8001618,-468.73937155059593,-188.59994596548768,701.4232656467293,14.144995947411982,-35.15545286629485,6.829958972370913e-20
1786739539.6075344,push +Z,fast,1786739470.8001618,-468.8570018244891,-188.60646122529135,704.6194819165221,14.145484591897034,-35.16427513683687,6.877638868075809e-20
1786739539.6340055,push +Z,fast,1786739470.8001618,-470.6599425834306,-187.13639947858394,711.7107284447629,14.035229960893862,-35.29949569375757,6.887575141043079e-20
1786739539.662335,push +Z,fast,1786739470.8001618,-471.264483733783,-189.99520779072645,716.3497291729673,14.249640584304704,-35.344836280033874,6.851199857414545e-20
1786739539.6905386,push +Z,fast,1786739470.8001618,-469.8874393175133,-190.83297167066144,706.3694127193348,14.312472875299978,-35.24155794881365,6.740675626780005e-20
1786739539.7190137,push +Z,fast,1786739470.8001618,-466.0097732368631,-190.46726221422853,698.9013364055199,14.285044666067254,-34.95073299276499,6.774785191578911e-20
1786739539.7475524,push +Z,fast,1786739470.8001618,-463.8678724280653,-186.66974776680513,694.3473872804661,14.000231082510599,-34.79009043210504,6.67818789439072e-20
1786739539.775695,push +Z,fast,1786739470.8001618,-466.1656719693674,-189.1465268426483,701.12730979555,14.185989513198738,-34.96242539770256,6.768085065427088e-20
1786739539.805991,push +Z,fast,1786739470.8001618,-470.10900616607614,-192.25064833878707,705.6343949487518,14.418798625409249,-35.25817546245577,6.762370039315854e-20
1786739539.832434,push +Z,fast,1786739470.8001618,-473.04128920681023,-190.2989885095468,717.470507398346,14.272424138216142,-35.478096690511094,6.850910406258756e-20
1786739539.8608363,push +Z,fast,1786739470.8001618,-471.82608893207953,-188.16931982349058,713.9992551708128,14.112698986762073,-35.386956669906255,6.823069359085638e-20
1786739539.8891537,push +Z,fast,1786739470.8001618,-469.40206192663936,-189.4445668247289,709.8067936098205,14.208342511854969,-35.20515464449797,6.813052438887228e-20
1786739539.9175732,push +Z,fast,1786739470.8001618,-467.38144062621814,-190.14291797505894,704.358298776925,14.260718848129539,-35.053608046966595,6.835832715158947e-20
1786739539.9459858,push +Z,fast,1786739470.8001618,-467.87176379426955,-190.10467128171865,707.935529451559,14.257850346129128,-35.090382284570445,6.8800619313606e-20
1786739539.9744647,push +Z,fast,1786739470.8001618,-468.1705095582015,-186.9746802506337,711.3935297764219,14.0231010187977,-35.11278821686517,6.90585081654822e-20
1786739540.0032687,push +Z,fast,1786739470.8001618,-468.246187814163,-186.47123778880768,707.1163774351517,13.985342834160807,-35.11846408606245,6.871829451818759e-20
1786739540.0311177,push +Z,fast,1786739470.8001618,-469.0101644430206,-186.72281628433336,708.1372875058187,14.00421122132509,-35.175762333226594,6.848158827943908e-20
1786739540.0594625,push +Z,fast,1786739470.8001618,-468.59530933363476,-186.34915369562725,707.7151566587236,13.976186527172285,-35.144648200022864,6.800788776166561e-20
1786739540.0879815,push +Z,fast,1786739470.8001618,-467.6830698329686,-185.95846156528796,710.6910283344387,13.946884617396893,-35.07623023747291,6.776011340822985e-20
1786739540.116439,push +Z,fast,1786739470.8001618,-466.3032140834471,-187.27720293182847,706.2565783031769,14.045790219887198,-34.97274105625876,6.776395245729351e-20
1786739540.1448336,push +Z,fast,1786739470.8001618,-465.6238383797722,-189.1367776372265,701.2814537285512,14.185258322792127,-34.92178787848293,6.784320232809271e-20
1786739540.1732104,push +Z,fast,1786739470.8001618,-467.2376903506188,-190.01695477358408,701.0678997729756,14.251271608019085,-35.04282677629652,6.81454762778335e-20
1786739540.2021253,push +Z,fast,1786739470.8001618,-467.54901889837083,-188.86866254563745,705.4448665988675,14.16514969092309,-35.06617641737789,6.846532561721548e-20
1786739540.229937,push +Z,fast,1786739470.8001618,-469.71545322443944,-190.9964214823574,711.2639094881924,14.324731611176876,-35.2286589918331,6.923212471776585e-20
1786739540.2581565,push +Z,fast,1786739470.8001618,-467.7293417317096,-192.81753559736774,706.54651374897,14.461315169802663,-35.07970062987835,6.921499955527666e-20
1786739540.28664,push +Z,fast,1786739470.8001618,-466.17806639970286,-194.206714277556,700.374762523812,14.565503570816912,-34.96335497997794,6.879723665613744e-20
1786739540.3150392,push +Z,fast,1786739470.8001618,-466.30482967539,-190.55594935333158,702.397227532887,14.29169620149997,-34.97286222565434,6.871428665295936e-20
1786739540.3434558,push +Z,fast,1786739470.8001618,-467.0210111641395,-187.76695440262438,704.6452124030902,14.082521580197056,-35.02657583731067,6.803541608414741e-20
1786739540.371987,push +Z,fast,1786739470.8001618,-467.82948857592055,-186.2319709245553,710.1553455189514,13.967397819341794,-35.08721164319427,6.843259320836637e-20
1786739540.4024425,push +Z,fast,1786739470.8001618,-468.29443977812707,-184.88029620754344,713.3838268914196,13.866022215565902,-35.122082983359746,6.841604280235834e-20
1786739540.4287002,push +Z,fast,1786739470.8001618,-467.8975510317091,-185.93908434138802,715.2369996453317,13.94543132560415,-35.09231632737839,6.919771401099418e-20
1786739540.4572234,push +Z,fast,1786739470.8001618,-468.04132453292186,-185.7590761582295,715.6885674410887,13.931930711867363,-35.10309933996935,6.904019685815706e-20
1786739540.485634,push +Z,fast,1786739470.8001618,-464.8784982216862,-186.7607659500161,709.5300600136225,14.00705744625144,-34.86588736662657,6.84149650115228e-20
1786739540.513906,push +Z,fast,1786739470.8001618,-463.94270510560773,-185.12841432719722,704.5544349082893,13.884631074540007,-34.79570288292082,6.758550702879986e-20
1786739540.5423164,push +Z,fast,1786739470.8001618,-464.3230862323726,-185.9691879960999,704.865371512652,13.947689099707713,-34.824231467428085,6.70828995044458e-20
1786739540.5704906,push +Z,fast,1786739470.8001618,-465.49526745210505,-186.69098168165624,704.3353354446181,14.001823626124473,-34.91214505890805,6.697939099521639e-20
1786739540.6001995,push +Z,fast,1786739470.8001618,-468.01549893732,-184.5886977449112,712.3802615137893,13.844152330868692,-35.10116242029933,6.738326501599816e-20
1786739540.6272697,push +Z,fast,1786739470.8001618,-467.4898480852394,-182.94646139274414,711.1586313693542,13.720984604456053,-35.061738606393234,6.783943611584112e-20
1786739540.6557524,push +Z,fast,1786739470.8001618,-467.99381267420495,-181.02358804531025,710.7131894193944,13.576769103398473,-35.09953595056558,6.782811284532629e-20
1786739540.684112,push +Z,fast,1786739470.8001618,-465.9411469014235,-184.21236677307047,704.4226452940202,13.815927507980515,-34.94558601760703,6.790317923298021e-20
1786739540.7125165,push +Z,fast,1786739470.8001618,-464.7072680992069,-183.98537316168256,695.181679327693,13.7989029871263,-34.85304510744078,6.73891560236747e-20
1786739540.7409856,push +Z,fast,1786739470.8001618,-463.3374597175489,-186.6817694805187,694.7190339119761,14.001132711039144,-34.75030947881635,6.780828856688345e-20
1786739540.7695572,push +Z,fast,1786739470.8001618,-463.232792772591,-185.5138937901079,697.6785581834301,13.91354203425836,-34.7424594579445,6.789084780242116e-20
1786739540.8001359,push +Z,fast,1786739470.8001618,-464.49374500928343,-186.3154483435468,715.7060132215911,13.973658625766273,-34.837030875696406,6.906515352320675e-20
1786739540.8263042,push +Z,fast,1786739470.8001618,-463.11467907661836,-183.8430697665907,717.7691862763431,13.788230232494438,-34.73360093074649,6.862020523274182e-20
1786739540.8550336,push +Z,fast,1786739470.8001618,-463.6297994650886,-185.81868350725483,714.3856594590306,13.936401263044278,-34.772234959881864,6.867740481087444e-20
1786739540.8829448,push +Z,fast,1786739470.8001618,-462.47119839179004,-185.7648544253119,704.3395914805888,13.932364081898552,-34.68533987938416,6.791171292173833e-20
1786739540.911609,push +Z,fast,1786739470.8001618,-465.6431463910576,-188.92431497835548,705.4091076283221,14.169323623376915,-34.923235979329434,6.83820917021816e-20
1786739540.9401338,push +Z,fast,1786739470.8001618,-465.06546352648866,-189.36048245416532,708.155934887167,14.20203618406244,-34.87990976448692,6.813654718925023e-20
1786739540.9681618,push +Z,fast,1786739470.8001618,-466.65731108440013,-191.2343849646486,705.9864994054615,14.342578872348742,-34.999298331330216,6.83695632945602e-20
1786739540.9966164,push +Z,fast,1786739470.8001618,-464.2734362496926,-187.6072742334219,704.9293854018051,14.070545567506986,-34.82050771872714,6.817266972304242e-20
1786739541.024869,push +Z,fast,1786739470.8001618,-466.48661686559353,-187.34332150817613,710.1700774825376,14.050749113113444,-34.986496264919914,6.890512729175434e-20
1786739541.0534136,push +Z,fast,1786739470.8001618,-464.1527413489516,-186.1034868347773,708.6190398648614,13.957761512608581,-34.81145560117173,6.834265145517638e-20
1786739541.0818777,push +Z,fast,1786739470.8001618,-466.1294216013521,-186.7376007269702,708.9990169886296,14.005320054523,-34.95970662010167,6.809875256238689e-20
1786739541.1101055,push +Z,fast,1786739470.8001618,-465.79627162010274,-183.6316207176069,704.7362044831962,13.772371553820587,-34.93472037150781,6.728054287209449e-20
1786739541.1386387,push +Z,fast,1786739470.8001618,-468.38250574623453,-181.30138600511384,708.151951370035,13.597603950383832,-35.128687930967956,6.727903470841397e-20
1786739541.1669216,push +Z,fast,1786739470.8001618,-466.6829608031908,-181.41349662594303,707.8325754702773,13.606012246945912,-35.001222060239485,6.77832165142016e-20
1786739541.1956697,push +Z,fast,1786739470.8001618,-465.8566833177965,-180.94954904394444,709.5273202647659,13.571216178296023,-34.939251248834985,6.839731328535708e-20
1786739541.2239716,push +Z,fast,1786739470.8001618,-464.40595603016754,-183.27018477430158,708.713055479262,13.745263858072807,-34.83044670226285,6.86740760906098e-20
1786739541.2521284,push +Z,fast,1786739470.8001618,-463.1743855574505,-183.00865141895076,704.2394860474851,13.725648856421525,-34.738078916808924,6.813969467349049e-20
1786739541.2803946,push +Z,fast,1786739470.8001618,-463.90741906900075,-187.85545206305278,708.0080420288841,14.089158904729121,-34.79305643017532,6.851747032370226e-20
1786739541.3091953,push +Z,fast,1786739470.8001618,-464.72512111633887,-185.9623523816689,708.2538883155221,13.947176428625422,-34.854384083725655,6.84333817764637e-20
1786739541.3375003,push +Z,fast,1786739470.8001618,-465.65949515799,-186.26024844474125,710.4167661271786,13.969518633355836,-34.924462136849506,6.840316874339913e-20
1786739541.3657968,push +Z,fast,1786739470.8001618,-464.4362168981793,-182.9959021972477,704.8454048679077,13.724692664793725,-34.8327162673636,6.778036957158338e-20
1786739541.3944185,push +Z,fast,1786739470.8001618,-464.870992417872,-183.67556442195485,712.233402562727,13.775667331646932,-34.865324431340554,6.83791276951672e-20
1786739541.4223347,push +Z,fast,1786739470.8001618,-465.03653206598165,-183.62848897699803,715.8668545525807,13.772136673275018,-34.87773990494877,6.9154131299454e-20
1786739541.4508119,push +Z,fast,1786739470.8001618,-467.5519710892013,-182.7538845110389,721.5169206884157,13.706541338328126,-35.06639783169033,6.957919568950349e-20
1786739541.4793475,push +Z,fast,1786739470.8001618,-468.59854326974073,-186.19723348143816,714.9072812516597,13.964792511108062,-35.14489074523082,6.96265386047874e-20
1786739541.5075505,push +Z,fast,1786739470.8001618,-469.04032480151363,-186.1772180974857,710.9208255594813,13.963291357311544,-35.178024360113746,6.927130513070701e-20
1786739541.5358894,push +Z,fast,1786739470.8001618,-466.51201428501645,-188.52424460548787,704.912278607485,14.139318345411912,-34.98840107137626,6.87879747485826e-20
1786739541.565887,push +Z,fast,1786739470.8001618,-464.63252209866414,-185.73614221858406,701.420957011821,13.930210666393972,-34.84743915740012,6.809183611764222e-20
1786739541.5929499,push +Z,fast,1786739470.8001618,-463.9096349002589,-187.10121957375213,701.0315064904689,14.032591468031487,-34.79322261751969,6.75844324281523e-20
1786739541.6211774,push +Z,fast,1786739470.8001618,-465.7920304974182,-187.5981476600549,700.0107481910682,14.069861074504228,-34.934402287306554,6.80538364056444e-20
1786739541.6496718,push +Z,fast,1786739470.8001618,-465.7125912739425,-188.21853076225364,701.5445832523592,14.116389807169309,-34.92844434554589,6.779169142532136e-20
1786739541.6779144,push +Z,fast,1786739470.8001618,-465.62684027769365,-186.77857417200914,701.475728615862,14.008393062900755,-34.9220130208271,6.812550512258935e-20
1786739541.7063015,push +Z,fast,1786739470.8001618,-464.15220602010004,-184.8464432091032,701.4036872178403,13.8634832406829,-34.81141545150776,6.784704833261106e-20
1786739541.7346501,push +Z,fast,1786739470.8001618,-465.9116382675111,-184.99688594314478,710.416889657713,13.874766445735983,-34.943372870063484,6.903137134051112e-20
1786739541.7647564,push +Z,fast,1786739470.8001618,-467.23741129737937,-184.44040319187616,711.4094533571952,13.833030239390983,-35.04280584730356,6.927483395476209e-20
1786739541.7914279,push +Z,fast,1786739470.8001618,-469.65710994856454,-185.26356809375022,718.2917789277926,13.894767607031557,-35.22428324614262,6.936807096971593e-20
1786739541.8197663,push +Z,fast,1786739470.8001618,-468.3861129521565,-183.1396521724978,708.6009707669427,13.735473912937739,-35.12895847141191,6.814101983542739e-20
1786739541.8483346,push +Z,fast,1786739470.8001618,-468.1791633918515,-183.97867671415497,712.8818085004905,13.798400753561705,-35.11343725438897,6.818339380470446e-20
1786739541.876685,push +Z,fast,1786739470.8001618,-465.40872692665926,-185.54867606836342,705.9948034953441,13.916150705127468,-34.905654519499585,6.81497881815189e-20
1786739541.9054723,push +Z,fast,1786739470.8001618,-464.5147172189063,-186.72179835466613,704.2785721675145,14.004134876600165,-34.838603791418116,6.82020265637007e-20
1786739541.933816,push +Z,fast,1786739470.8001618,-465.5803450013991,-190.9974983378454,700.9928789940086,14.324812375338755,-34.918525875105075,6.846158039348284e-20
1786739541.962676,push +Z,fast,1786739470.8001618,-468.0707822546092,-190.22422867368732,707.2115213001625,14.266817150526652,-35.10530866909588,6.918407201445115e-20
1786739541.9904056,push +Z,fast,1786739470.8001618,-468.65238060753836,-190.15406367040816,711.9320806325204,14.261554775280782,-35.14892854556561,6.949077684286217e-20
1786739542.0188205,push +Z,fast,1786739470.8001618,-467.090884429404,-186.01757621572892,714.7514115102622,13.951318216180038,-35.03181633220559,6.927019389487156e-20
1786739542.0469592,push +Z,fast,1786739470.8001618,-464.98322957541586,-185.41017449533695,707.1043418317304,13.905763087150387,-34.87374221815646,6.846732714436014e-20
1786739542.0753744,push +Z,fast,1786739470.8001618,-463.3941653854322,-185.19206646063333,701.9730963836682,13.889404984547657,-34.75456240390765,6.811807532116966e-20
1786739542.1038923,push +Z,fast,1786739470.8001618,-465.66960627810386,-186.30783002101623,706.7893053777125,13.973087251576448,-34.92522047085808,6.864573502101714e-20
1786739542.132376,push +Z,fast,1786739470.8001618,-464.6887032898785,-184.46643839886838,707.1563335184537,13.834982879915291,-34.8516527467411,6.821737571797652e-20
1786739542.1622875,push +Z,fast,1786739470.8001618,-464.8255728396143,-183.4782594119606,713.4078181077375,13.760869455897346,-34.86191796297109,6.851257651070643e-20
1786739542.1889718,push +Z,fast,1786739470.8001618,-465.26773265963357,-182.914876363448,712.9855350584994,13.718615727258769,-34.89507994947279,6.822478570893086e-20
1786739542.2176871,push +Z,fast,1786739470.8001618,-467.3065456697109,-184.3525006901425,720.626133778429,13.826437551760858,-35.04799092522871,6.91577795466008e-20
1786739542.245718,push +Z,fast,1786739470.8001618,-469.39344841062257,-186.07937917545814,719.4652755098732,13.955953438159558,-35.204508630797,6.963368000096413e-20
1786739542.2741709,push +Z,fast,1786739470.8001618,-464.8115304967464,-183.4506739714294,706.2182949548242,13.75880054785745,-34.86086478725635,6.86065874740595e-20
1786739542.3024232,push +Z,fast,1786739470.8001618,-463.3505697266478,-184.65118484060406,702.4601182879414,13.848838863045504,-34.75129272949879,6.802598387160625e-20
1786739542.3311112,push +Z,fast,1786739470.8001618,-462.7844795295896,-183.86296614173534,697.9577115904267,13.789722460630312,-34.70883596471956,6.713611976342778e-20
1786739542.3592045,push +Z,fast,1786739470.8001618,-466.2244016099835,-186.5148911053833,708.8673011502096,13.988616832903968,-34.966830120749194,6.802098355005293e-20
1786739542.387537,push +Z,fast,1786739470.8001618,-467.00963548168147,-185.5659846428988,714.5943457497578,13.917448848217642,-35.025722661126245,6.851264922855891e-20
1786739542.416062,push +Z,fast,1786739470.8001618,-468.18387594710293,-183.59240746204443,724.8590664206522,13.769430559653546,-35.11379069603289,6.923839394433414e-20
1786739542.4443407,push +Z,fast,1786739470.8001618,-467.40280113259405,-186.52421293123314,719.796653610796,13.989315969842632,-35.05521008494468,6.914977540648087e-20
1786739542.4727929,push +Z,fast,1786739470.8001618,-467.1982126610101,-186.05666797435208,717.253166620927,13.954250098076589,-35.03986594957597,6.870168240082488e-20
1786739542.501216,push +Z,fast,1786739470.8001618,-465.64187222509554,-189.47201870836886,710.6382853395453,14.2104014031279,-34.92314041688246,6.924181159338031e-20
1786739542.529553,push +Z,fast,1786739470.8001618,-466.43775112137564,-186.63657216370552,718.7917034394532,13.997742912278245,-34.982831334103444,6.936343205229552e-20
1786739542.557994,push +Z,fast,1786739470.8001618,-466.09946087102844,-187.3612296209061,717.3005260430009,14.052092221568184,-34.95745956532729,6.965013374870528e-20
1786739542.5863662,push +Z,fast,1786739470.8001618,-465.1718064247193,-186.09206324597767,715.8837290584615,13.956904743448622,-34.88788548185403,6.855178552487852e-20
1786739542.6149008,push +Z,fast,1786739470.8001618,-464.0239851744559,-185.84595393326902,710.9283316686424,13.938446544995369,-34.80179888808433,6.824629739652975e-20
1786739542.6431775,push +Z,fast,1786739470.8001618,-463.2691278056436,-187.65063332162185,704.8444879513809,14.073797499121863,-34.745184585423424,6.789671778018638e-20
1786739542.6714194,push +Z,fast,1786739470.8001618,-462.86457647375937,-186.789125942763,700.9194913948531,14.009184445707486,-34.714843235532214,6.796285905378787e-20
1786739542.700254,push +Z,fast,1786739470.8001618,-462.694764260626,-187.09918072360153,700.1649841228564,14.032438554270346,-34.702107319547146,6.774080566137198e-20
1786739542.7285364,push +Z,fast,1786739470.8001618,-464.74670186289586,-186.58558670030266,707.1635548497798,13.993919002522976,-34.85600263971738,6.817782055584227e-20
1786739542.7570088,push +Z,fast,1786739470.8001618,-467.3151632315853,-186.82993624528615,716.1460243377333,14.012245218396583,-35.04863724236912,6.854662478543843e-20
1786739542.7852454,push +Z,fast,1786739470.8001618,-466.5488372923569,-187.09472821304598,712.5744159463147,14.032104615978557,-34.99116279692691,6.933862546415076e-20
1786739542.8138585,push +Z,fast,1786739470.8001618,-465.9859382293703,-185.67399016274487,715.5720500906564,13.925549262206172,-34.94894536720309,6.956019226789427e-20
1786739542.8420362,push +Z,fast,1786739470.8001618,-465.4101296043641,-187.09318375767214,716.4601531646867,14.031988781825607,-34.90575972032753,6.969470805588758e-20
1786739542.8702974,push +Z,fast,1786739470.8001618,-465.98985674958885,-185.98199846321097,713.8902257793425,13.948649884740963,-34.94923925621932,6.887936697532586e-20
1786739542.8990495,push +Z,fast,1786739470.8001618,-467.2553461875723,-186.80009877963084,710.2201730837351,14.010007408472493,-35.04415096406823,6.883392917025445e-20
1786739542.927431,push +Z,fast,1786739470.8001618,-467.0606985485688,-185.6403030375783,704.8021811014414,13.923022727818637,-35.02955239114281,6.859858576503574e-20
1786739542.9557302,push +Z,fast,1786739470.8001618,-466.7597402940819,-186.2827384779133,706.8599083192848,13.971205385843657,-35.006980522056374,6.837779600590128e-20
1786739542.9838817,push +Z,fast,1786739470.8001618,-464.4778484371027,-185.40908080158408,700.7028911694479,13.905681060119019,-34.835838632783066,6.765177784571528e-20
1786739543.0123384,push +Z,fast,1786739470.8001618,-464.83794290708056,-185.55122407258193,704.056863838191,13.916341805443704,-34.86284571803122,6.804535129234178e-20
1786739543.0408506,push +Z,fast,1786739470.8001618,-466.1062473080092,-184.04220664024672,712.0171264763167,13.80316549801854,-34.95796854810086,6.85152524489618e-20
1786739543.0690486,push +Z,fast,1786739470.8001618,-468.0007408898264,-184.0788059288708,721.5114895086581,13.805910444665503,-35.10005556673695,6.948708268313689e-20
1786739543.0973969,push +Z,fast,1786739470.8001618,-468.2133719798617,-182.85517141720618,719.2768896565249,13.714137856290751,-35.11600289848968,6.895125340411622e-20
1786739543.1256115,push +Z,fast,1786739470.8001618,-468.1209777113695,-185.334815570395,710.8352001041158,13.90011116777983,-35.10907332835307,6.858913337019552e-20
1786739543.1542692,push +Z,fast,1786739470.8001618,-467.7430407266438,-185.4376532448381,707.0278315582364,13.907823993363056,-35.08072805449865,6.783769331161073e-20
1786739543.1825843,push +Z,fast,1786739470.8001618,-468.42197525568736,-188.03994628928797,710.5039427025285,14.102995971696824,-35.1316481441768,6.824471951223158e-20
1786739543.2109735,push +Z,fast,1786739470.8001618,-470.68995052176024,-188.87711678282187,717.0908850654514,14.165783758711886,-35.30174628913241,6.863865278612372e-20
1786739543.2395048,push +Z,fast,1786739470.8001618,-470.851905733271,-190.61992485014446,715.495877919805,14.296494363760996,-35.31389292999565,6.864838566651228e-20
1786739543.2677517,push +Z,fast,1786739470.8001618,-470.51778043813056,-191.18278317441946,712.035975790569,14.338708738081717,-35.28883353285999,6.859591229134448e-20
1786739543.296719,push +Z,fast,1786739470.8001618,-468.7411585784075,-188.76927661048228,711.2121150908388,14.157695745786409,-35.15558689338081,6.85542525304381e-20
1786739543.3246474,push +Z,fast,1786739470.8001618,-468.4329836435036,-186.6488806452536,712.8914891999848,13.998666048394224,-35.132473773262966,6.924875038305781e-20
1786739543.353014,push +Z,fast,1786739470.8001618,-468.98175197899354,-182.80926176272044,722.5510119475002,13.710694632204262,-35.173631398424625,6.94779990398947e-20
1786739543.3812842,push +Z,fast,1786739470.8001618,-468.39332377691153,-184.98581125035446,720.799519877889,13.873935843776703,-35.129499283268515,6.961383707544801e-20
1786739543.4097457,push +Z,fast,1786739470.8001618,-469.244039658799,-185.7793971509186,722.5789526331264,13.933454786319043,-35.19330297441019,6.924853501404406e-20
1786739543.43812,push +Z,fast,1786739470.8001618,-468.04959337662285,-188.17016641821044,719.777113143231,14.112762481365888,-35.10371950324699,6.921169386958704e-20
1786739543.4665368,push +Z,fast,1786739470.8001618,-468.31076948125747,-186.14795842769922,724.1786747098404,13.961096882077573,-35.12330771109449,6.970648844626047e-20
1786739543.4947155,push +Z,fast,1786739470.8001618,-466.5708767360966,-184.6465890298756,717.7575786740435,13.848494177240969,-34.99281575520748,6.888923530373909e-20
1786739543.523312,push +Z,fast,1786739470.8001618,-468.9490668231606,-185.42364188669148,716.4503467198574,13.906773141502182,-35.1711800117373,6.898465564254861e-20
1786739543.5517623,push +Z,fast,1786739470.8001618,-469.84299575706245,-185.21231631377054,712.6778071042572,13.890923723532904,-35.23822468177995,6.84360857726132e-20
1786739543.5800064,push +Z,fast,1786739470.8001618,-472.00643890805486,-185.3577042126425,722.2645897945076,13.901827815948476,-35.40048291810424,6.924022380503064e-20
1786739543.6083205,push +Z,fast,1786739470.8001618,-469.4456843135972,-180.93922189950047,718.9245848007877,13.570441642462765,-35.20842632351995,6.846107381148586e-20
1786739543.636726,push +Z,fast,1786739470.8001618,-467.14475742197783,-182.58902601718057,712.2366064998141,13.69417695128858,-35.03585680664856,6.868718279614844e-20
1786739543.6653206,push +Z,fast,1786739470.8001618,-463.61757326619045,-183.18687734396974,699.3128875616485,13.739015800797876,-34.771317994964384,6.795550716348497e-20
1786739543.6936374,push +Z,fast,1786739470.8001618,-464.2434979589143,-185.93962124622374,698.8687737448126,13.945471593467008,-34.81826234691873,6.82575705255281e-20
1786739543.7221158,push +Z,fast,1786739470.8001618,-465.83717941079067,-188.37522250328493,700.9463056655322,14.128141687746638,-34.93778845580949,6.818976660482174e-20
1786739543.7502418,push +Z,fast,1786739470.8001618,-467.93025197537963,-188.89672895905574,710.2096515757512,14.167254671929452,-35.09476889815376,6.913188112679022e-20
1786739543.7788045,push +Z,fast,1786739470.8001618,-467.94033487229626,-188.7714707348082,711.0870395753509,14.157860305110749,-35.09552511542247,6.951938301777133e-20
1786739543.8071198,push +Z,fast,1786739470.8001618,-465.8730342816525,-182.39472355375585,710.3448149437709,13.679604266531914,-34.940477571124184,6.906005490080316e-20
1786739543.8354046,push +Z,fast,1786739470.8001618,-467.1527773397829,-181.66719284644512,708.1812074158779,13.625039463483422,-35.036458300483915,6.820957621304145e-20
1786739543.8639393,push +Z,fast,1786739470.8001618,-465.9571044193053,-179.93279327390337,695.9559602159361,13.494959495542947,-34.94678283144818,6.702359751993998e-20
1786739543.8923357,push +Z,fast,1786739470.8001618,-466.2117372151188,-182.10268674846463,697.6518199236152,13.65770150613493,-34.96588029113411,6.68923957214453e-20
1786739543.9209423,push +Z,fast,1786739470.8001618,-461.53633190365645,-180.50154712054518,692.7075953635467,13.537616034041218,-34.615224892774414,6.640741582680517e-20
1786739543.952021,push +Z,fast,1786739470.8001618,-463.2412382509383,-183.2231511811791,710.6710672170093,13.741736338588556,-34.74309286882053,6.821702658205847e-20
1786739543.9774756,push +Z,fast,1786739470.8001618,-463.9787475324688,-184.02377448172967,718.174858829906,13.801783086129848,-34.79840606493527,6.916730666038941e-20
1786739544.0059276,push +Z,fast,1786739470.8001618,-468.5992622095041,-188.34170776766302,716.0048863985139,14.12562808257498,-35.14494466571292,7.006115924218991e-20
1786739544.0340414,push +Z,fast,1786739470.8001618,-468.33193419395775,-188.60358132533463,710.2097747397893,14.145268599400314,-35.12489506454708,6.938374441088026e-20
1786739544.062416,push +Z,fast,1786739470.8001618,-467.66818908806636,-189.53562321544973,697.2019884996644,14.215171741158915,-35.07511418160517,6.915782277744018e-20
1786739544.0910604,push +Z,fast,1786739470.8001618,-465.5060007031748,-187.36758471477913,704.5943626884291,14.052568853608566,-34.91295005273826,6.878989011514878e-20
1786739544.119388,push +Z,fast,1786739470.8001618,-464.19881781406775,-191.21246984720153,696.158786932102,14.340935238540528,-34.8149113360554,6.821886589547817e-20
1786739544.1506758,push +Z,fast,1786739470.8001618,-468.1963152150479,-190.68498107732069,711.4913975631243,14.30137358079914,-35.11472364112884,6.82112381625355e-20
1786739544.17648,push +Z,fast,1786739470.8001618,-469.51663235384694,-191.56927578151647,713.6098441747245,14.367695683613913,-35.2137474265388,6.936823190539984e-20
1786739544.2046442,push +Z,fast,1786739470.8001618,-471.22752233020174,-185.35155202611986,718.5821859266207,13.901366401959269,-35.34206417476544,6.924968694568789e-20
1786739544.2331371,push +Z,fast,1786739470.8001618,-468.05706717159774,-182.46019763363017,709.3089143126772,13.68451482252252,-35.10428003786994,6.896167261116514e-20
1786739544.2611728,push +Z,fast,1786739470.8001618,-466.53301106614435,-181.11795353000673,704.7356490007487,13.583846514750629,-34.98997582996108,6.783117697828401e-20
1786739544.2895577,push +Z,fast,1786739470.8001618,-463.5947605221518,-180.5209656749339,703.3712158547096,13.539072425620294,-34.76960703916177,6.813850202142586e-20
1786739544.3197396,push +Z,fast,1786739470.8001618,-462.96697092121485,-184.22106007724142,700.9998464857163,13.816579505793374,-34.722522819091196,6.851325434454517e-20
1786739544.3463607,push +Z,fast,1786739470.8001618,-465.3580554420123,-185.8162295316548,707.6975890456679,13.936217214874123,-34.90185415815109,6.856094196720285e-20
1786739544.3749664,push +Z,fast,1786739470.8001618,-465.92072416080464,-187.72740102506975,708.5418946793588,14.079555076880506,-34.94405431206058,6.858615446859842e-20
1786739544.4031916,push +Z,fast,1786739470.8001618,-464.43456261672145,-183.3655070069459,703.7953522778771,13.752413025521104,-34.832592196254325,6.673436317257973e-20
1786739544.4315674,push +Z,fast,1786739470.8001618,-459.51114205611475,-182.31469516694494,687.6632711539223,13.673602137521076,-34.46333565420896,6.618640850148859e-20
1786739544.4601486,push +Z,fast,1786739470.8001618,-464.5659842843893,-182.97442956712132,699.8520027668455,13.723082217534344,-34.842448821329405,6.649223664727234e-20
1786739544.488684,push +Z,fast,1786739470.8001618,-466.6731473503205,-184.5885831761957,709.97978076245,13.844143738214857,-35.00048605127423,6.838831995226621e-20
1786739544.5176764,push +Z,fast,1786739470.8001618,-471.2873762171753,-183.9218890562297,729.9397372419171,13.79414167921745,-35.34655321628822,6.926424798220427e-20
1786739544.5452082,push +Z,fast,1786739470.8001618,-464.68532707563145,-184.80051166219334,717.3828696018982,13.860038374664736,-34.85139953067257,6.870957453861486e-20
1786739544.5736756,push +Z,fast,1786739470.8001618,-462.34294356696273,-184.355469799464,709.8814447594932,13.826660234960091,-34.67572076752235,6.76571522498855e-20
1786739544.6018705,push +Z,fast,1786739470.8001618,-461.05259370827025,-182.87869885881025,703.5696667946722,13.715902414411001,-34.578944528120466,6.757837129436845e-20
1786739544.6302657,push +Z,fast,1786739470.8001618,-462.23581616001775,-182.0324791004855,701.6315590664053,13.652435932536587,-34.66768621200146,6.78501165430398e-20
1786739544.65869,push +Z,fast,1786739470.8001618,-463.61686270925975,-182.0732992701263,707.730943143667,13.65549744525968,-34.771264703194724,6.861592735974733e-20
1786739544.6872005,push +Z,fast,1786739470.8001618,-464.9706514639124,-184.23541371560634,709.5807503438609,13.817656028670594,-34.872798859793434,6.93415022644688e-20
1786739544.7181416,push +Z,fast,1786739470.8001618,-466.4968061125719,-181.32211658853805,718.7546534134017,13.599158744140535,-34.98726045844308,6.924312334836834e-20
1786739544.743922,push +Z,fast,1786739470.8001618,-465.3425662037862,-182.117809732331,716.7427016844886,13.65883572992512,-34.90069246528406,6.873095153038316e-20
1786739544.7728016,push +Z,fast,1786739470.8001618,-469.52981287519106,-185.57468992769498,718.2624672507955,13.918101744577275,-35.21473596563945,6.818995416397158e-20
1786739544.8009586,push +Z,fast,1786739470.8001618,-472.00502996378236,-188.34192406001023,718.3989473739857,14.125644304501034,-35.40037724728402,6.857331086810726e-20
1786739544.8289864,push +Z,fast,1786739470.8001618,-471.6872585453352,-190.68763557989075,716.1053649380565,14.301572668492025,-35.376544390900456,6.913001337562571e-20
1786739544.8574529,push +Z,fast,1786739470.8001618,-463.8672644396934,-186.30873713650396,706.2224400265004,13.973155285237876,-34.79004483297725,6.853263217626334e-20
1786739544.8858125,push +Z,fast,1786739470.8001618,-460.4732753882072,-184.63421289785583,699.571171439392,13.847565967339197,-34.53549565411585,6.8040513772698e-20
1786739544.9166837,push +Z,fast,1786739470.8001618,-463.4103631532257,-182.89995578346884,705.337922751024,13.717496683760313,-34.75577723649208,6.758960592720529e-20
1786739544.942697,push +Z,fast,1786739470.8001618,-466.07612357037306,-183.01351611920188,711.6582874371934,13.726013708940446,-34.95570926777837,6.802361550535813e-20
1786739544.9711125,push +Z,fast,1786739470.8001618,-468.7526489948891,-185.38383559898034,718.0034083183446,13.903787669923776,-35.15644867461685,6.862348754068642e-20
1786739544.9994414,push +Z,fast,1786739470.8001618,-469.46808475143735,-187.80733142664542,715.2676359678526,14.085549856998572,-35.21010635635801,6.865558068160008e-20
1786739545.0277832,push +Z,fast,1786739470.8001618,-467.3389870083738,-186.40675186586907,707.8744750398491,13.980506389940356,-35.0504240256282,6.837477789541368e-20
1786739545.0564458,push +Z,fast,1786739470.8001618,-465.3477350334829,-184.6808643461028,706.5093375775059,13.85106482595803,-34.90108012751144,6.827035172981439e-20
1786739545.0846343,push +Z,fast,1786739470.8001618,-462.71382729750394,-181.37234304536594,709.2245231118604,13.602925728402635,-34.70353704731293,6.854222585366819e-20
1786739545.115668,push +Z,fast,1786739470.8001618,-464.3904331907902,-183.25700607276872,718.9400407126668,13.744275455457807,-34.829282489309655,6.945409282580382e-20
1786739545.1414993,push +Z,fast,1786739470.8001618,-466.5457323860028,-187.97367894986849,723.2659869155814,14.098025921240218,-34.99092992895049,7.012478900230743e-20
1786739545.1697662,push +Z,fast,1786739470.8001618,-468.5485935494453,-189.16444832206946,711.9486516195411,14.187333624155517,-35.14114451620872,6.979036679057415e-20
1786739545.1983383,push +Z,fast,1786739470.8001618,-467.92993537649863,-190.50942530070904,708.1955321202122,14.28820689755334,-35.09474515323743,6.941438557775239e-20
1786739545.2267463,push +Z,fast,1786739470.8001618,-463.81519919822495,-186.26278044419075,692.8921551104513,13.969708533314627,-34.786139939867226,6.856061759821146e-20
1786739545.254858,push +Z,fast,1786739470.8001618,-462.87622180882227,-187.18527195547244,700.4875675447247,14.038895396660731,-34.71571663566172,6.833166898243491e-20
1786739545.2832928,push +Z,fast,1786739470.8001618,-461.1852458725716,-187.36124780430885,691.5308424595678,14.052093585323401,-34.58889344044307,6.744045489216527e-20
1786739545.3140457,push +Z,fast,1786739470.8001618,-464.04036343372263,-186.08072795766486,703.3267563364825,13.956054596825087,-34.80302725752936,6.75349019572512e-20
1786739545.340229,push +Z,fast,1786739470.8001618,-466.0680911350605,-187.24929512573397,711.8881305441209,14.04369713443025,-34.95510683512972,6.864651409133904e-20
1786739545.3686204,push +Z,fast,1786739470.8001618,-467.65623581730415,-185.7007674863113,718.4333262605787,13.927557561473552,-35.074217686298056,6.943672594775576e-20
1786739545.3968222,push +Z,fast,1786739470.8001618,-466.0197080516141,-188.92133701586556,713.2651510338546,14.169100276190132,-34.951478103871196,6.957004669909342e-20
1786739545.4253066,push +Z,fast,1786739470.8001618,-463.6559041423443,-188.24486258739944,707.3424246527029,14.118364694055177,-34.774192810676,6.915655815124384e-20
1786739545.4536061,push +Z,fast,1786739470.8001618,-463.63495192922437,-187.5942394330391,706.0310149152947,14.069567957477961,-34.77262139469202,6.91046900985632e-20
1786739545.4820218,push +Z,fast,1786739470.8001618,-463.8938584847551,-188.4164938275053,701.2779106102971,14.131237037063133,-34.792039386356784,6.868868554981499e-20
1786739545.5118716,push +Z,fast,1786739470.8001618,-466.1001358703206,-187.2971716248053,704.034088270203,14.047287871860565,-34.9575101902743,6.846886708503858e-20
1786739545.5386736,push +Z,fast,1786739470.8001618,-467.5424032910905,-188.17255878817855,708.2110444718846,14.112941909113633,-35.06568024683207,6.850025917189232e-20
1786739545.5672822,push +Z,fast,1786739470.8001618,-468.7969059795987,-188.24125093201985,711.0785737942306,14.118093819901748,-35.15976794847016,6.909816204644349e-20
1786739545.5953739,push +Z,fast,1786739470.8001618,-468.8738928000762,-186.64873322249844,710.422772545804,13.998654991687683,-35.16554196000582,6.920729395403253e-20
1786739545.6238594,push +Z,fast,1786739470.8001618,-468.27843645970097,-188.27546473744712,704.0988039659678,14.120659855308755,-35.120882734477725,6.882915593329347e-20
1786739545.6525662,push +Z,fast,1786739470.8001618,-467.9938299111386,-184.94960712885347,706.1810578062932,13.8712205346642,-35.09953724333555,6.806905534270259e-20
1786739545.6809926,push +Z,fast,1786739470.8001618,-465.60362909837886,-185.8472870691554,704.3772995421159,13.93854653018678,-34.92027218237852,6.802178247464132e-20
1786739545.7094262,push +Z,fast,1786739470.8001618,-465.86460175484535,-185.14928556472785,713.9734062117068,13.886196417354736,-34.93984513161349,6.841318282722082e-20
1786739545.7377102,push +Z,fast,1786739470.8001618,-464.4478671320885,-187.20641406185484,719.3318285020223,14.04048105463922,-34.83359003490676,6.856703932612484e-20
1786739545.765986,push +Z,fast,1786739470.8001618,-465.76653032492595,-186.10495042143623,720.2273025952836,13.957871281608018,-34.93248977436968,6.879754775257674e-20
1786739545.7944224,push +Z,fast,1786739470.8001618,-468.128243325561,-186.58796496926755,717.1194002262109,13.99409737269524,-35.10961824941729,6.912025845394414e-20
1786739545.8229382,push +Z,fast,1786739470.8001618,-468.180779477394,-186.71549934377413,706.0145621723223,14.003662450783185,-35.11355846080467,6.899465418954716e-20
1786739545.8515909,push +Z,fast,1786739470.8001618,-468.7347920695479,-188.8107042644914,704.9043710114393,14.160802819837006,-35.15510940521612,6.867387195516216e-20
1786739545.8798544,push +Z,fast,1786739470.8001618,-466.33380866334255,-187.56202977566886,707.6017894981851,14.06715223317526,-34.97503564975089,6.895417787552526e-20
1786739545.908017,push +Z,fast,1786739470.8001618,-468.10917564079637,-190.39511573580887,712.3371752019848,14.27963368018587,-35.10818817306,6.962283186766298e-20
1786739545.9382071,push +Z,fast,1786739470.8001618,-467.5066702926738,-189.5333814968934,716.6845272390055,14.215003612267243,-35.063000271950855,7.011696824652557e-20
1786739545.964771,push +Z,fast,1786739470.8001618,-468.25749500655047,-191.2610924618035,720.1933909363715,14.344581934635439,-35.119312125491554,6.968297568761526e-20
1786739545.9931312,push +Z,fast,1786739470.8001618,-468.20678097697646,-187.83980907075806,716.0421788207468,14.087985680306947,-35.11550857327332,6.83216435862941e-20
1786739546.021381,push +Z,fast,1786739470.8001618,-466.9969176240702,-188.77922219292202,708.5103826707955,14.158441664469283,-35.02476882180533,6.787685100407535e-20
1786739546.049936,push +Z,fast,1786739470.8001618,-466.64519865482043,-190.23976416438984,704.323015289654,14.267982312329533,-34.99838989911167,6.741562767390837e-20
1786739546.0782661,push +Z,fast,1786739470.8001618,-466.29100967592467,-190.85080585472247,715.2085816936915,14.313810439104348,-34.97182572569449,6.871547153228225e-20
1786739546.108446,push +Z,fast,1786739470.8001618,-466.7588321230569,-192.34316128508385,712.694899334083,14.425737096381372,-35.006912409229386,6.891328927008381e-20
1786739546.1349428,push +Z,fast,1786739470.8001618,-466.0901786094232,-190.02260025881867,712.8939124100361,14.251695019411702,-34.956763395707014,6.875549881734086e-20
1786739546.1631403,push +Z,fast,1786739470.8001618,-465.70960105995755,-189.79467221975347,707.8254641141612,14.234600416481808,-34.9282200794969,6.844457740408531e-20
1786739546.1918428,push +Z,fast,1786739470.8001618,-468.13016709158865,-187.41092036664134,717.3697969552259,14.055819027498355,-35.109762531869386,6.808078338589987e-20
1786739546.2200642,push +Z,fast,1786739470.8001618,-467.88318450518227,-186.67411315102765,716.7392835672781,14.00055848632729,-35.091238837888916,6.92209892862274e-20
1786739546.2482862,push +Z,fast,1786739470.8001618,-469.21072166280874,-187.9117734534691,725.0696210167907,14.093383009010257,-35.19080412471081,7.010053787063975e-20
1786739546.2769127,push +Z,fast,1786739470.8001618,-470.0706933305719,-191.4185907715231,731.8916917851193,14.35639430786426,-35.25530199979308,7.107137730225055e-20
1786739546.3075511,push +Z,fast,1786739470.8001618,-471.5852072855869,-192.69472512674565,726.5482813853432,14.45210438450626,-35.36889054641929,7.072855716466239e-20
1786739546.3335102,push +Z,fast,1786739470.8001618,-471.99418749471215,-190.2659647168192,729.7553298975554,14.269947353761541,-35.3995640621035,7.024731822813034e-20
1786739546.3618877,push +Z,fast,1786739470.8001618,-469.5951440895642,-188.88928688295198,722.290303947013,14.166696516221737,-35.21963580671751,6.964936074613554e-20
1786739546.3904629,push +Z,fast,1786739470.8001618,-468.1084063326116,-187.85817077158947,721.3130647326543,14.089362807869382,-35.108130474945995,6.91084767533482e-20
1786739546.4185226,push +Z,fast,1786739470.8001618,-466.59567165143744,-190.80284185076107,709.6745567313592,14.310213138807374,-34.99467537385802,6.858495629627257e-20
1786739546.446821,push +Z,fast,1786739470.8001618,-466.6175432781829,-189.82043910847358,703.0262306826207,14.23653293313561,-34.99631574586404,6.810795670122835e-20
1786739546.4753747,push +Z,fast,1786739470.8001618,-467.9739799837903,-189.9902485073278,710.1696164323148,14.24926863804976,-35.098048498784486,6.834021646082514e-20
1786739546.5051794,push +Z,fast,1786739470.8001618,-467.3314093089848,-187.63647024139766,703.5516046081657,14.072735268105045,-35.0498556981741,6.780054847156158e-20
1786739546.5321383,push +Z,fast,1786739470.8001618,-466.68839662392065,-189.67738329104748,704.6067657454723,14.225803746828877,-35.00162974679419,6.780855250887788e-20
1786739546.5605838,push +Z,fast,1786739470.8001618,-465.157806970376,-189.30791153240364,697.9474641333682,14.198093364930532,-34.88683552277846,6.762117832845524e-20
1786739546.5887036,push +Z,fast,1786739470.8001618,-464.91697874171587,-188.72536631549372,702.7224020544363,14.154402473662234,-34.86877340562883,6.828730696002206e-20
1786739546.617388,push +Z,fast,1786739470.8001618,-463.94081251548687,-186.11119114792098,701.8576747901316,13.95833933609428,-34.79556093866169,6.880717610339943e-20
1786739546.6459262,push +Z,fast,1786739470.8001618,-464.0034610490238,-184.71904091006093,699.954172790859,13.853928068254678,-34.800259578676936,6.881080887457149e-20
1786739546.6742709,push +Z,fast,1786739470.8001618,-464.64346482206247,-186.17220803456382,704.4996938414661,13.962915602592378,-34.84825986165496,6.890133623184121e-20
1786739546.703271,push +Z,fast,1786739470.8001618,-466.375508995176,-186.93009853296257,709.959517345369,14.01975738997243,-34.978163174638304,6.895770052602836e-20
1786739546.7309985,push +Z,fast,1786739470.8001618,-470.4894574957775,-191.7731806729446,715.7976640574198,14.382988550470916,-35.28670931218349,6.933132988888406e-20
1786739546.759207,push +Z,fast,1786739470.8001618,-471.93931144138423,-193.82226557334297,714.4784089843552,14.536669918000886,-35.39544835810394,7.011057082135584e-20
1786739546.787662,push +Z,fast,1786739470.8001618,-470.2947266043602,-195.1500638279798,703.4666649066658,14.636254787098753,-35.272104495327206,6.959178094191796e-20
1786739546.8162563,push +Z,fast,1786739470.8001618,-464.3929993129227,-188.86341193343333,694.4351238697909,14.16475589500767,-34.82947494846935,6.848526329407892e-20
1786739546.844287,push +Z,fast,1786739470.8001618,-463.21190788259037,-187.0397224141493,692.5137457130977,14.027979181061344,-34.74089309119439,6.741086626654597e-20
1786739546.8729174,push +Z,fast,1786739470.8001618,-466.4007918411048,-189.24997830327834,702.5339520208972,14.193748372745976,-34.98005938808305,6.779874615159434e-20
1786739546.902965,push +Z,fast,1786739470.8001618,-468.8370158694447,-191.5142324589541,710.3741155015041,14.363567434421693,-35.16277619020862,6.83445457044101e-20
1786739546.9293633,push +Z,fast,1786739470.8001618,-468.77410042434667,-192.764115172199,719.4225345601917,14.45730863791513,-35.1580575318263,6.87517113602067e-20
1786739546.9577296,push +Z,fast,1786739470.8001618,-468.0547721755552,-190.55306661349994,725.1650326783101,14.291479996012743,-35.10410791316675,6.999187010966562e-20
1786739546.986325,push +Z,fast,1786739470.8001618,-467.5215876904813,-192.00579179283227,719.790142369482,14.400434384462638,-35.06411907678615,7.024243068825051e-20
1786739547.0147398,push +Z,fast,1786739470.8001618,-468.4702189230511,-190.7702304902616,709.9920172238653,14.307767286769849,-35.13526641922888,6.986714228361914e-20
1786739547.0430672,push +Z,fast,1786739470.8001618,-467.02276609644514,-189.0433792524484,704.7025835346312,14.178253443933773,-35.026707457233556,6.787141736553519e-20
1786739547.0714626,push +Z,fast,1786739470.8001618,-465.8799491936743,-187.34100841490408,709.1502908183784,14.050575631117919,-34.94099618952576,6.742175734919324e-20
1786739547.102536,push +Z,fast,1786739470.8001618,-464.41734615602945,-190.6423994469933,710.4475431117517,14.298179958524617,-34.83130096170228,6.794517964616239e-20
1786739547.1282349,push +Z,fast,1786739470.8001618,-469.42965782326746,-193.8856798971757,717.4223174836752,14.5414259922882,-35.20722433674509,6.953242143756694e-20
1786739547.1566968,push +Z,fast,1786739470.8001618,-471.39072472384805,-192.82509169610864,723.681556045517,14.461881877208373,-35.35430435428899,7.046463908916012e-20
1786739547.1850743,push +Z,fast,1786739470.8001618,-470.1739233216408,-187.46051946208138,723.334366743069,14.059538959656269,-35.263044249123325,7.002559715332495e-20
1786739547.2134337,push +Z,fast,1786739470.8001618,-464.49299031851797,-183.17330942230308,710.8624025950503,13.737998206672895,-34.836974273889,6.877059346850775e-20
1786739547.242093,push +Z,fast,1786739470.8001618,-464.83227727966323,-187.58565946532815,704.8500998239688,14.068924459899744,-34.86242079597495,6.856123046262652e-20
1786739547.2703223,push +Z,fast,1786739470.8001618,-468.1322981264216,-189.94130815775804,707.7565411410924,14.245598111832091,-35.10992235948162,6.895995430483567e-20
1786739547.298782,push +Z,fast,1786739470.8001618,-469.79733417052466,-189.77791384401883,722.0184313373302,14.233343538301494,-35.23480006278968,6.967831232699381e-20
1786739547.3270347,push +Z,fast,1786739470.8001618,-468.01723671356285,-186.3635990434933,718.7221102638778,13.97726992826215,-35.101292753517335,6.886325782891207e-20
1786739547.3554957,push +Z,fast,1786739470.8001618,-466.3734484212232,-184.48587883572714,710.5415851961989,13.836440912679574,-34.97800863159194,6.862545290017732e-20
1786739547.3839052,push +Z,fast,1786739470.8001618,-465.1873414305778,-189.14275400331564,690.6085159747454,14.185706550249005,-34.88905060729359,6.796698091265786e-20
1786739547.4122686,push +Z,fast,1786739470.8001618,-465.6224685581856,-192.7115253144533,693.5048184469451,14.45336439858406,-34.92168514186433,6.832441449778481e-20
1786739547.4408343,push +Z,fast,1786739470.8001618,-465.8109284275479,-196.74991877343564,701.3161853013635,14.756243908007793,-34.93581963206609,6.854031619732522e-20
1786739547.4689791,push +Z,fast,1786739470.8001618,-467.20450694652936,-194.80042541095315,707.9274473991682,14.610031905821852,-35.04033802098983,6.877639197310548e-20
1786739547.4975512,push +Z,fast,1786739470.8001618,-470.03125140942393,-191.0346134121927,712.6791305282686,14.327596005914575,-35.25234385570703,6.943698004127159e-20
1786739547.5258265,push +Z,fast,1786739470.8001618,-468.4215237475487,-186.93805660919838,705.2621981049142,14.020354245690061,-35.13161428106638,6.947526724921045e-20
1786739547.5545113,push +Z,fast,1786739470.8001618,-465.37681340849986,-186.83821027250144,697.7050130881253,14.012865770437738,-34.90326100563773,6.896251792754411e-20
1786739547.5825355,push +Z,fast,1786739470.8001618,-462.7123318683266,-185.32722424128008,695.2596074424391,13.899541818096058,-34.70342489012455,6.859373443630073e-20
1786739547.6111946,push +Z,fast,1786739470.8001618,-465.85983247391414,-185.3406978368622,701.0563339417085,13.900552337764989,-34.9394874355437,6.806693020221407e-20
1786739547.6392589,push +Z,fast,1786739470.8001618,-467.7396793729772,-185.89826291762995,709.6617092046326,13.94236971882243,-35.08047595297346,6.829690923576926e-20
1786739547.6678734,push +Z,fast,1786739470.8001618,-464.9647644736024,-188.99706537701366,700.096920757489,14.174779903276214,-34.87235733552032,6.71455888653584e-20
1786739547.6959038,push +Z,fast,1786739470.8001618,-465.124695423287,-187.85237789825544,703.2546656908917,14.088928342369346,-34.884352156746694,6.767117223427407e-20
1786739547.724324,push +Z,fast,1786739470.8001618,-464.20258930230375,-185.2724149872505,702.8984340616089,13.895431124044013,-34.81519419767286,6.801030746609793e-20
1786739547.7526882,push +Z,fast,1786739470.8001618,-468.63039072295305,-186.55677389608616,711.8506677403175,13.991758042206673,-35.147279304221655,6.928581695745468e-20
1786739547.7812808,push +Z,fast,1786739470.8001618,-470.60377964007466,-189.1256942109968,713.5703854939647,14.184427065825066,-35.295283473005696,6.946415316325422e-20
1786739547.8094308,push +Z,fast,1786739470.8001618,-471.830779004581,-189.42262384002504,714.1956422433504,14.206696788002166,-35.387308425343676,6.95741563368047e-20
1786739547.8379345,push +Z,fast,1786739470.8001618,-471.4050986498064,-186.93831593632285,717.6174850733205,14.020373695224468,-35.355382398735685,6.97775440291803e-20
1786739547.8662968,push +Z,fast,1786739470.8001618,-467.66744999329285,-186.50676965949344,707.2675862253727,13.988007724462268,-35.07505874949733,6.897117930581008e-20
1786739547.894694,push +Z,fast,1786739470.8001618,-470.01666481839857,-185.65405481836808,713.4081060663593,13.92405411137786,-35.25124986138016,6.898896780216332e-20
1786739547.9232535,push +Z,fast,1786739470.8001618,-470.7475678652013,-184.18383511802006,706.7795693962971,13.813787633851671,-35.30606758989021,6.82973425682503e-20
1786739547.9515333,push +Z,fast,1786739470.8001618,-470.53780578312217,-184.94858792201285,709.348612159989,13.871144094151152,-35.29033543373426,6.87802399613464e-20
1786739547.9798048,push +Z,fast,1786739470.8001618,-467.301216233202,-186.19470338468943,702.9339828012253,13.964602753851775,-35.047591217490265,6.85857305842691e-20
1786739548.008252,push +Z,fast,1786739470.8001618,-466.32748684807257,-187.81832468822324,703.3629264320534,14.08637435161695,-34.97456151360561,6.846938015093766e-20
1786739548.0365355,push +Z,fast,1786739470.8001618,-466.0138470927991,-185.98353204646162,703.1465679903222,13.948764903484733,-34.95103853196017,6.788700191205818e-20
1786739548.0663688,push +Z,fast,1786739470.8001618,-465.9506513727529,-187.0236534256709,699.5192386903236,14.026774006925418,-34.94629885295658,6.78157088231952e-20
1786739548.0934098,push +Z,fast,1786739470.8001618,-467.87823051505165,-188.73223279357921,709.1918216757085,14.154917459518654,-35.09086728862908,6.792275376859809e-20
1786739548.1217766,push +Z,fast,1786739470.8001618,-469.36695049365244,-188.12792147439256,709.2831336900435,14.10959411057964,-35.20252128702407,6.824350449123916e-20
1786739548.1501608,push +Z,fast,1786739470.8001618,-469.50478193722984,-186.32301226800985,709.2098492207515,13.974225920100867,-35.21285864529226,6.790225791389208e-20
1786739548.178549,push +Z,fast,1786739470.8001618,-466.7417863275132,-185.3871620059848,696.255455614827,13.904037150449145,-35.00563397456351,6.781618184006478e-20
1786739548.206885,push +Z,fast,1786739470.8001618,-465.29983409432,-186.37510742351662,696.1507886419076,13.978133056764012,-34.897487557074115,6.763147041061251e-20
1786739548.2352774,push +Z,fast,1786739470.8001618,-467.707121070247,-190.07344266316807,703.3462072090224,14.255508199737857,-35.078034080268836,6.827346402405811e-20
1786739548.2638433,push +Z,fast,1786739470.8001618,-470.2921098443262,-188.90667579070998,712.9487925034591,14.16800068430354,-35.271908238324755,6.878350558712685e-20
1786739548.2923923,push +Z,fast,1786739470.8001618,-471.2871764239094,-190.8270681572635,718.941482048449,14.312030111794702,-35.34653823179313,6.886441391975164e-20
1786739548.3205616,push +Z,fast,1786739470.8001618,-467.9693184890202,-187.06229817589133,711.140056139453,14.02967236319201,-35.09769888667667,6.811368293311831e-20
1786739548.3490448,push +Z,fast,1786739470.8001618,-466.4914434519387,-188.57372917963426,704.4203449829529,14.143029688472769,-34.986858258895616,6.753677169279801e-20
1786739548.377252,push +Z,fast,1786739470.8001618,-465.27082509020966,-186.30654687235813,698.6165691359593,13.97299101542701,-34.89531188176592,6.775159545397223e-20
1786739548.405561,push +Z,fast,1786739470.8001618,-465.5831103507012,-185.26085100167018,700.4659107451807,13.894563825125534,-34.91873327630271,6.780871643163435e-20
1786739548.4341428,push +Z,fast,1786739470.8001618,-465.91880559055016,-184.43659994313975,702.4102082203144,13.832744995735755,-34.94391041929154,6.825389401961028e-20
1786739548.4646814,push +Z,fast,1786739470.8001618,-465.23417591390717,-184.4694173070717,701.6079760638468,13.835206298030524,-34.89256319354327,6.777249554214845e-20
1786739548.4915469,push +Z,fast,1786739470.8001618,-466.6775054980535,-186.13586012077894,705.5569285200654,13.960189509058527,-35.00081291235414,6.864031681019763e-20
1786739548.5195765,push +Z,fast,1786739470.8001618,-465.41401518057273,-185.1138815092694,706.5016893331576,13.883541113195431,-34.9060511385432,6.871907237209272e-20
1786739548.547796,push +Z,fast,1786739470.8001618,-465.2827854065049,-186.325377520375,709.0102667049541,13.974403314028262,-34.89620890548808,6.929370610619993e-20
1786739548.5762937,push +Z,fast,1786739470.8001618,-463.946393911237,-184.53612309820858,702.4454419873691,13.84020923236584,-34.7959795433429,6.897756516604032e-20
1786739548.6043866,push +Z,fast,1786739470.8001618,-465.2957510021056,-185.01316906187037,699.6816747820858,13.875987679640456,-34.89718132515799,6.887052466133209e-20
1786739548.632988,push +Z,fast,1786739470.8001618,-467.7818406581928,-183.53477922487434,700.9180087873128,13.765108441865824,-35.0836380493646,6.865964526644904e-20
1786739548.661637,push +Z,fast,1786739470.8001618,-468.39397293190314,-186.40704807549628,703.93149958913,13.980528605662276,-35.12954796989279,6.799328638908752e-20
1786739548.6896372,push +Z,fast,1786739470.8001618,-464.5958105346731,-188.32607941558297,695.9927914689661,14.12445595616887,-34.84468579010068,6.710177780224341e-20
1786739548.7182026,push +Z,fast,1786739470.8001618,-463.9228550543162,-188.32898532950242,696.1624776237486,14.124673899712715,-34.794214129073815,6.710291851410511e-20
1786739548.7463858,push +Z,fast,1786739470.8001618,-466.157453083737,-189.16532259650558,694.7945835963546,14.187399194738116,-34.96180898128042,6.736295188885826e-20
1786739548.7748156,push +Z,fast,1786739470.8001618,-465.9742330096219,-186.62463750601376,691.5978221306104,13.996847812951163,-34.948067475721814,6.767811074498321e-20
1786739548.8031795,push +Z,fast,1786739470.8001618,-464.4949416111149,-187.78844751154327,690.8255254218066,14.084133563365885,-34.837120620833865,6.770300925165738e-20
1786739548.8316817,push +Z,fast,1786739470.8001618,-463.40007761094694,-186.19339458672528,697.6850367517918,13.964504594004556,-34.7550058208213,6.815140567445243e-20
1786739548.8617887,push +Z,fast,1786739470.8001618,-467.40476400078614,-187.39971693878795,717.7157597122177,14.054978770409239,-35.05535730005916,6.939743913234262e-20
1786739548.8883374,push +Z,fast,1786739470.8001618,-466.67361734592805,-184.5348915196014,710.6955438952937,13.840116863970177,-35.000521300944996,6.86436429701934e-20
1786739548.9165242,push +Z,fast,1786739470.8001618,-468.6918697984511,-184.7885295850666,717.2462700214837,13.859139718880254,-35.151890234884,6.933511320769964e-20
1786739548.9449487,push +Z,fast,1786739470.8001618,-467.04647402422825,-185.52823928921964,707.3440320411983,13.914617946691795,-35.02848555181728,6.844915938148899e-20
1786739548.9734912,push +Z,fast,1786739470.8001618,-469.4243972416525,-187.2067082349339,715.2558855100133,14.040503117620151,-35.206829793123994,6.893973698821808e-20
1786739549.0017068,push +Z,fast,1786739470.8001618,-467.18635123796594,-187.7140213790633,705.3652386184194,14.078551603430004,-35.038976342847704,6.835973976935417e-20
1786739549.0303545,push +Z,fast,1786739470.8001618,-467.576059553498,-185.8049627689311,711.3216180137424,13.935372207669996,-35.06820446651251,6.811032248428595e-20
1786739549.0587294,push +Z,fast,1786739470.8001618,-464.6332834374175,-185.2737479726478,703.3833124066177,13.895531097948759,-34.84749625780638,6.7534987981873e-20
1786739549.0871453,push +Z,fast,1786739470.8001618,-466.68607747617943,-180.94957007246694,707.5160317748278,13.571217755435189,-35.00145581071386,6.765854006780497e-20
1786739549.1154556,push +Z,fast,1786739470.8001618,-467.42762622459804,-180.78337137642052,705.2337690966297,13.558752853231635,-35.05707196684502,6.850691140696777e-20
1786739549.143817,push +Z,fast,1786739470.8001618,-469.51965088704947,-182.00516132485666,710.2390404605139,13.650387099364519,-35.21397381652902,6.945648908679737e-20
1786739549.1725929,push +Z,fast,1786739470.8001618,-468.2098471727859,-188.3217979405738,710.2441650916653,14.1241348455432,-35.11573853795904,6.962243297962867e-20
1786739549.2004805,push +Z,fast,1786739470.8001618,-465.31414338518334,-188.94007781079154,704.5662352105919,14.17050583580951,-34.898560753888944,6.902249375243297e-20
1786739549.2288728,push +Z,fast,1786739470.8001618,-465.1083233537215,-187.88464420579157,708.6640974231414,14.091348315434626,-34.88312425152935,6.916602278946396e-20
1786739549.260399,push +Z,fast,1786739470.8001618,-464.9125536821257,-184.20824972600587,710.8386632901138,13.81561872945051,-34.86844152615962,6.88553392990918e-20
1786739549.2858672,push +Z,fast,1786739470.8001618,-466.5836996698972,-185.30163018351675,711.2465892838327,13.897622263763846,-34.993777475242354,6.864114409266569e-20
1786739549.314192,push +Z,fast,1786739470.8001618,-469.0723641532263,-185.3784932625947,710.4705040549552,13.903386994694817,-35.18042731149233,6.851051152929634e-20
1786739549.342472,push +Z,fast,1786739470.8001618,-469.63606331578376,-184.69625291844022,711.0879783344562,13.852218968883282,-35.22270474868403,6.857433609680008e-20
1786739549.3710172,push +Z,fast,1786739470.8001618,-467.3532017880111,-183.6671247713632,702.2965031203967,13.775034357852423,-35.051490134101115,6.787974093859553e-20
1786739549.3993955,push +Z,fast,1786739470.8001618,-465.586814921709,-185.79509425057302,700.762531901577,13.934632068793196,-34.91901111912839,6.799563574274273e-20
1786739549.427892,push +Z,fast,1786739470.8001618,-462.99474622490607,-185.86787145164647,689.7346227402722,13.940090358873771,-34.724605966868026,6.692756084519894e-20
1786739549.45655,push +Z,fast,1786739470.8001618,-466.20590154421325,-187.79430019643075,706.4776630956721,14.084572514732503,-34.96544261581617,6.837121016984131e-20
1786739549.4843452,push +Z,fast,1786739470.8001618,-468.2392519232212,-188.868990953884,709.8935697575926,14.165174321541496,-35.11794389424178,6.807958207148682e-20
1786739549.51343,push +Z,fast,1786739470.8001618,-467.53157008369226,-190.31614217513663,707.3478990947415,14.273710663135436,-35.06486775627723,6.803121856583744e-20
1786739549.5413594,push +Z,fast,1786739470.8001618,-466.9733082219227,-189.01396802365946,699.2493809292118,14.176047601774687,-35.02299811664435,6.755252472309511e-20
1786739549.5698097,push +Z,fast,1786739470.8001618,-462.47911303019737,-184.58021937499223,690.2806327187536,13.843516453124511,-34.68593347726492,6.710545124726768e-20
1786739549.5982382,push +Z,fast,1786739470.8001618,-463.3219728129757,-185.45680756933803,696.9729767470362,13.90926056770056,-34.74914796097344,6.77794747641959e-20
1786739549.6263838,push +Z,fast,1786739470.8001618,-465.63982372947976,-185.23300967942487,704.961657575669,13.892475725957073,-34.9229867797114,6.797655008219799e-20
1786739549.656193,push +Z,fast,1786739470.8001618,-468.2303115898417,-185.1754196841547,717.488637028574,13.888156476311789,-35.11727336923816,6.856170642385896e-20
1786739549.6833847,push +Z,fast,1786739470.8001618,-469.5362009758742,-186.05245779019276,720.3725057488773,13.953934334264662,-35.21521507319076,6.861024691343646e-20
1786739549.7116146,push +Z,fast,1786739470.8001618,-470.6456928148805,-186.99747046765526,721.6727905940888,14.024810285074505,-35.2984269611162,6.885119132938748e-20
1786739549.7399814,push +Z,fast,1786739470.8001618,-469.35763286862857,-188.82871218465766,709.1299493861434,14.162153413849513,-35.201822465147394,6.873854373093256e-20
1786739549.768558,push +Z,fast,1786739470.8001618,-468.4054787586674,-184.6351144276423,704.3277245730897,13.847633582073332,-35.130410906900345,6.826632895935017e-20
1786739549.7968295,push +Z,fast,1786739470.8001618,-466.05779180518994,-182.05638725273855,704.0142159205388,13.654229043955656,-34.954334385389465,6.848985294291907e-20
1786739549.8251815,push +Z,fast,1786739470.8001618,-465.93646157760077,-183.47847616825072,708.3840531049409,13.760885712618862,-34.945234618320285,6.869072472772921e-20
1786739549.8547866,push +Z,fast,1786739470.8001618,-465.581925692647,-187.06724378678427,709.576373074372,14.030043284009164,-34.918644426948894,6.951632980299058e-20
1786739549.8818593,push +Z,fast,1786739470.8001618,-467.99317383607195,-189.23399474347252,714.8763020289716,14.192549605760544,-35.09948803770547,6.925008161032097e-20
1786739549.9102104,push +Z,fast,1786739470.8001618,-468.55128838881,-187.12883851453694,709.7478718730781,14.034662888590315,-35.141346629160914,6.861221273048142e-20
1786739549.938727,push +Z,fast,1786739470.8001618,-467.7116350680735,-184.9975132394078,709.6272576628571,13.874813492955706,-35.07837263010574,6.80553306607726e-20
1786739549.9671717,push +Z,fast,1786739470.8001618,-462.84579242817244,-185.06701320100274,691.0979064854355,13.880025990075449,-34.713434432112976,6.756645185496713e-20
1786739549.995495,push +Z,fast,1786739470.8001618,-462.1652254205396,-185.13626936562036,699.7422820050006,13.885220202421682,-34.6623919065408,6.799833105140511e-20
1786739550.0238807,push +Z,fast,1786739470.8001618,-465.69484668496125,-187.02776948632345,715.4251079318874,14.027082711474474,-34.92711350137225,6.927899993284199e-20
1786739550.0524085,push +Z,fast,1786739470.8001618,-467.4184124287608,-183.79000158673466,725.1758118172502,13.784250119005389,-35.05638093215735,6.90079406394598e-20
1786739550.0807726,push +Z,fast,1786739470.8001618,-467.87867850023304,-185.1548619876097,725.0043463663596,13.886614649071046,-35.090900887517535,6.91673429487517e-20
1786739550.109097,push +Z,fast,1786739470.8001618,-463.389152394584,-179.28000281317304,704.6556589258653,13.446000210988185,-34.75418642959406,6.754021309334864e-20
1786739550.1374133,push +Z,fast,1786739470.8001618,-461.69337568971287,-180.3141065681432,701.8508018698121,13.523557992611085,-34.6270031767287,6.764921293695826e-20
1786739550.1658123,push +Z,fast,1786739470.8001618,-460.89337083679993,-179.86662772777981,693.0698813326871,13.489997079583727,-34.567002812760165,6.714813125537319e-20
1786739550.1942484,push +Z,fast,1786739470.8001618,-463.3852681545691,-182.10181999596932,704.0313206588926,13.657636499697926,-34.753895111592904,6.797447196914292e-20
1786739550.223277,push +Z,fast,1786739470.8001618,-464.49211949774644,-183.6582375127548,707.1431273222361,13.774367813456767,-34.836908962331336,6.806103937010396e-20
1786739550.2509594,push +Z,fast,1786739470.8001618,-468.8033794182602,-182.74681842896916,720.7262631381382,13.70601138217295,-35.16025345636986,6.911216427708348e-20
1786739550.2794933,push +Z,fast,1786739470.8001618,-470.3096178639539,-187.77200415542654,716.2043527913556,14.082900311657237,-35.27322133979671,6.932162535212377e-20
1786739550.3081043,push +Z,fast,1786739470.8001618,-472.8619309560422,-188.54376483783494,716.213836047833,14.140782362837879,-35.464644821703345,6.964960837542197e-20
1786739550.3363662,push +Z,fast,1786739470.8001618,-468.48492125245957,-189.77955446703447,707.0699270482573,14.23346658502776,-35.136369093934675,6.895237696157527e-20
1786739550.364792,push +Z,fast,1786739470.8001618,-466.6052857490213,-186.9467305038687,703.366877563949,14.02100478779035,-34.99539643117689,6.839637551378957e-20
1786739550.3932574,push +Z,fast,1786739470.8001618,-464.1600300833775,-184.87180519728747,703.2185369967492,13.865385389796703,-34.81200225625361,6.806262133909125e-20
1786739550.4218729,push +Z,fast,1786739470.8001618,-468.5342951127209,-184.4105764327279,712.5759866797007,13.830793232454813,-35.140072133454424,6.89457149164494e-20
1786739550.4498558,push +Z,fast,1786739470.8001618,-472.1902149909524,-185.07064378981693,723.6734282592834,13.880298284236392,-35.414266124321784,6.909615853450139e-20
1786739550.4783926,push +Z,fast,1786739470.8001618,-471.635248679097,-187.92865582757247,719.60589301235,14.094649187068047,-35.37264365093249,6.870511498503782e-20
1786739550.506768,push +Z,fast,1786739470.8001618,-468.91762594366173,-187.34218482155882,708.3234786385738,14.05066386161715,-35.16882194577488,6.766636003529407e-20
1786739550.5351267,push +Z,fast,1786739470.8001618,-465.9042651739592,-187.83580015385417,711.9671987738975,14.087685011539175,-34.94281988804708,6.87103789872546e-20
1786739550.5634747,push +Z,fast,1786739470.8001618,-465.4479667943092,-187.89685978069576,708.0815404347304,14.092264483552373,-34.90859750957331,6.896959749784017e-20
1786739550.59206,push +Z,fast,1786739470.8001618,-462.6161781621481,-187.4287234305442,708.6633353097468,14.057154257291106,-34.69621336216125,6.937924676861331e-20
1786739550.6202419,push +Z,fast,1786739470.8001618,-463.1634474581592,-186.86133806940734,701.5891843824184,14.014600355205662,-34.73725855936209,6.821061418360618e-20
1786739550.648604,push +Z,fast,1786739470.8001618,-463.8935803695322,-185.43569809548876,709.2718320097438,13.907677357161848,-34.792018527714895,6.839340042984727e-20
1786739550.677114,push +Z,fast,1786739470.8001618,-467.49155512057587,-186.12374087171327,720.8840967971573,13.959280565378581,-35.06186663404333,6.87389233847105e-20
1786739550.7055147,push +Z,fast,1786739470.8001618,-466.5695311007976,-182.24890398015566,712.2099089644153,13.668667798511837,-34.992714832559884,6.788446630394914e-20
1786739550.7340271,push +Z,fast,1786739470.8001618,-466.71458844976587,-182.56192308511493,711.6428916681698,13.692144231383988,-35.00359413373264,6.775228038548826e-20
1786739550.7622104,push +Z,fast,1786739470.8001618,-463.20936816222684,-185.08433764295728,703.6735334842833,13.881325323222026,-34.74070261216712,6.763825671877575e-20
1786739550.7905512,push +Z,fast,1786739470.8001618,-462.8417769073826,-185.97087174361855,703.2130596998113,13.947815380771662,-34.713133268053895,6.876887077398696e-20
1786739550.819268,push +Z,fast,1786739470.8001618,-464.5291412280444,-184.94072891904568,702.9725503001882,13.87055466892858,-34.83968559210354,6.857617856759849e-20
1786739550.8475366,push +Z,fast,1786739470.8001618,-472.22683589619965,-186.28241917823323,709.9255557001334,13.97118143836774,-35.41701269221525,6.850823999541349e-20
1786739550.875873,push +Z,fast,1786739470.8001618,-473.9567558158151,-188.76190796566766,717.4913519859656,14.157143097425216,-35.54675668618624,6.846373904441775e-20
1786739550.9044237,push +Z,fast,1786739470.8001618,-473.680435726365,-190.34042659020758,717.2450170169868,14.275531994265695,-35.52603267947743,6.878341220120426e-20
1786739550.9325914,push +Z,fast,1786739470.8001618,-470.9031252357863,-186.19320761391407,714.3758945851387,13.9644905710437,-35.31773439268428,6.81941976934087e-20
1786739550.9610124,push +Z,fast,1786739470.8001618,-469.87444078864655,-186.8187796564623,714.5076213670864,14.011408474234695,-35.24058305914868,6.866595909756563e-20
1786739550.9892454,push +Z,fast,1786739470.8001618,-469.4257824695037,-187.80373992165494,707.0515215042669,14.085280494124365,-35.20693368521304,6.847532087092804e-20
1786739551.0187168,push +Z,fast,1786739470.8001618,-466.15579546888284,-186.6547449104528,705.5880268802857,13.999105868284186,-34.96168466016629,6.806288711805065e-20
1786739551.0459957,push +Z,fast,1786739470.8001618,-466.0579031866773,-187.33302252960073,698.3573872349134,14.049976689720143,-34.95434273900084,6.708583736095683e-20
1786739551.0744967,push +Z,fast,1786739470.8001618,-467.3760661723122,-188.3464352829833,707.1187095746791,14.125982646224035,-35.05320496292356,6.77391259655799e-20
1786739551.1030548,push +Z,fast,1786739470.8001618,-469.63277768556054,-190.0611685856196,714.6511622478065,14.254587643921656,-35.222458326417055,6.892975105021566e-20
1786739551.131351,push +Z,fast,1786739470.8001618,-469.4525527984588,-186.565346595527,717.3873429565228,13.992400994664653,-35.20894145988471,6.950595969418103e-20
1786739551.1596768,push +Z,fast,1786739470.8001618,-468.4283112837875,-184.37920380747437,727.4953432536659,13.828440285560728,-35.13212334628426,7.060892773575368e-20
1786739551.1879556,push +Z,fast,1786739470.8001618,-468.66965122146166,-184.00448181714478,722.2161458069459,13.800336136285896,-35.15022384160977,7.028217716755721e-20
1786739551.218099,push +Z,fast,1786739470.8001618,-469.0634888988461,-183.74903366373485,723.4524334999032,13.781177524780194,-35.179761667413544,7.006905273490136e-20
1786739551.2447498,push +Z,fast,1786739470.8001618,-466.34826465434526,-181.08630275749658,712.0695036925135,13.58147270681253,-34.97611984907604,6.846810475707028e-20
1786739551.2732258,push +Z,fast,1786739470.8001618,-467.7119276262433,-182.84372903086694,715.8349283449616,13.713279677315217,-35.07839457196832,6.881720130500629e-20
1786739551.3015404,push +Z,fast,1786739470.8001618,-468.8005154243956,-191.2782333763745,716.8932550923055,14.345867503228181,-35.160038656829855,6.918958431855824e-20
1786739551.3299768,push +Z,fast,1786739470.8001618,-468.64435887556874,-190.82027727284787,711.0625680801768,14.311520795463817,-35.14832691566791,6.830502222255396e-20
1786739551.3584063,push +Z,fast,1786739470.8001618,-466.6401299132672,-189.73674238041826,705.2464935651078,14.230255678531517,-34.998009743495196,6.791587806719625e-20
1786739551.3867679,push +Z,fast,1786739470.8001618,-464.21530583223466,-183.1982681137174,693.6631065326055,13.73987010852898,-34.81614793741776,6.701025270569739e-20
1786739551.4153693,push +Z,fast,1786739470.8001618,-466.75744415007375,-185.53767458506582,699.0368160873113,13.91532559388013,-35.00680831125569,6.790641814050942e-20
1786739551.44358,push +Z,fast,1786739470.8001618,-464.34254871820076,-187.06990170576148,688.5764679505992,14.030242627932179,-34.82569115386509,6.729035101381568e-20
1786739551.4719546,push +Z,fast,1786739470.8001618,-468.6365982178254,-187.54251129905458,706.8177000963524,14.065688347429283,-35.14774486633716,6.825992174277157e-20
1786739551.5003548,push +Z,fast,1786739470.8001618,-470.7642271386103,-188.8769719123169,707.6791970970025,14.165772893423746,-35.307317035396004,6.868100102438789e-20
1786739551.5288377,push +Z,fast,1786739470.8001618,-473.98646492938406,-187.18887349863428,726.5991032521179,14.03916551239777,-35.54898486970396,6.974245444381462e-20
1786739551.5571747,push +Z,fast,1786739470.8001618,-474.0928800231477,-187.83985916873223,717.9230797451737,14.087989437655057,-35.55696600173628,6.980319358175684e-20
1786739551.585783,push +Z,fast,1786739470.8001618,-470.1306811298664,-186.17341773933651,709.4104914047612,13.9630063304506,-35.25980108474021,6.884961955330768e-20
1786739551.6143508,push +Z,fast,1786739470.8001618,-469.11072454695477,-186.8523281278642,698.8491517242464,14.01392460959001,-35.183304341021866,6.793846195027176e-20
1786739551.6423771,push +Z,fast,1786739470.8001618,-464.39348015162886,-187.1521156846121,694.2983057033789,14.036408676346152,-34.829511011372325,6.63792200951486e-20
1786739551.6707265,push +Z,fast,1786739470.8001618,-465.4166008559164,-187.69778713663936,700.5470612627678,14.077334035248025,-34.90624506419387,6.661243237594435e-20
1786739551.6990407,push +Z,fast,1786739470.8001618,-463.42309894493746,-187.45194751702763,700.6363599037231,14.058896063777194,-34.75673242087057,6.688232262015478e-20
1786739551.7273962,push +Z,fast,1786739470.8001618,-464.5706957861976,-185.32242168332778,704.1353204765755,13.899181626249824,-34.842802183964956,6.80753015698517e-20
1786739551.7559056,push +Z,fast,1786739470.8001618,-464.0141982190339,-185.28126433017667,700.5762131704178,13.896094824763484,-34.80106486642785,6.815960131215939e-20
1786739551.7844257,push +Z,fast,1786739470.8001618,-464.40644793246474,-184.0586003424129,695.8098349373586,13.804395025681291,-34.83048359493505,6.800728679391761e-20
1786739551.8131793,push +Z,fast,1786739470.8001618,-465.85008343440086,-184.78207253484118,705.6869759743413,13.858655440113257,-34.938756257580266,6.799536413564274e-20
1786739551.8412368,push +Z,fast,1786739470.8001618,-468.3175016138939,-184.11146729069037,718.60426564713,13.808360046801969,-35.12381262104234,6.886616388290486e-20
1786739551.869602,push +Z,fast,1786739470.8001618,-468.9749460737298,-185.2612116437948,720.9163734175218,13.89459087328471,-35.173120955530045,6.901120167690562e-20
1786739551.8981004,push +Z,fast,1786739470.8001618,-470.6271642449915,-185.9964614003137,725.6784071332859,13.949734605023725,-35.29703731837436,6.974165054626095e-20
1786739551.9265397,push +Z,fast,1786739470.8001618,-468.57458465320497,-186.6814548167497,715.752327127374,14.001109111256437,-35.1430938489905,6.894234181655215e-20
1786739551.954682,push +Z,fast,1786739470.8001618,-468.53383907713715,-188.31770529171138,711.6058391664073,14.123827896878407,-35.140037930785475,6.899747629868387e-20
1786739551.9831479,push +Z,fast,1786739470.8001618,-468.74478058348586,-189.52143951510084,701.9614091543654,14.214107963632866,-35.155858543761475,6.831476157577273e-20
1786739552.0115266,push +Z,fast,1786739470.8001618,-468.4342488932589,-188.74020327605456,704.8359267554524,14.155515245704347,-35.13256866699455,6.898044071240993e-20
1786739552.0397794,push +Z,fast,1786739470.8001618,-471.3650973323188,-188.9083041604548,718.2138890428096,14.16812281203406,-35.352382299924145,6.954722884149611e-20
1786739552.0683591,push +Z,fast,1786739470.8001618,-469.6791993351035,-189.85989018037924,720.3952314030366,14.239491763528559,-35.225939950132855,6.987598019636186e-20
1786739552.0964704,push +Z,fast,1786739470.8001618,-470.2773582431523,-188.89192848696712,724.7202871010704,14.166894636522802,-35.27080186823669,7.028657601164737e-20
1786739552.1249242,push +Z,fast,1786739470.8001618,-469.3417457250612,-188.2352935467826,710.1541608061243,14.11764701600882,-35.20063092937957,6.999293213711604e-20
1786739552.153432,push +Z,fast,1786739470.8001618,-468.11905345724335,-184.9660901259674,703.4124879371784,13.872456759447584,-35.10892900929352,6.899553910951845e-20
1786739552.1817827,push +Z,fast,1786739470.8001618,-468.29330952022974,-187.34421447599107,702.1265605782455,14.050816085699378,-35.12199821401745,6.841562279256394e-20
1786739552.212795,push +Z,fast,1786739470.8001618,-466.3872316127067,-185.8059969948714,707.7553509030213,13.935449774615368,-34.97904237095318,6.84368189059158e-20
1786739552.238542,push +Z,fast,1786739470.8001618,-462.6559921580947,-187.41459759808447,708.6439998115266,14.056094819856593,-34.69919941185741,6.921186604422129e-20
1786739552.2670133,push +Z,fast,1786739470.8001618,-464.0069791374249,-185.56541976125345,705.629856694055,13.917406482094247,-34.800523435306964,6.904810041400962e-20
1786739552.295419,push +Z,fast,1786739470.8001618,-464.07826986309146,-183.3056029197578,713.0038675631995,13.747920218982141,-34.805870239732045,6.938330994953811e-20
1786739552.3239288,push +Z,fast,1786739470.8001618,-466.60005953559994,-180.05359897959477,704.4947283769634,13.504019923469787,-34.99500446517023,6.893799851988664e-20
1786739552.3525133,push +Z,fast,1786739470.8001618,-466.04569864379573,-180.78610757786862,706.8316356533478,13.558958068340363,-34.95342739828496,6.915725241520884e-20
1786739552.3806868,push +Z,fast,1786739470.8001618,-466.6571262248631,-183.60050183258818,705.0277261223127,13.770037637444322,-34.99928446686492,6.851497196271762e-20
1786739552.409088,push +Z,fast,1786739470.8001618,-465.5524161807848,-183.85719992232328,706.0306954296939,13.789289994174343,-34.91643121355903,6.792405282520662e-20
1786739552.4374344,push +Z,fast,1786739470.8001618,-466.2618006719167,-185.50651376707276,712.4014147244225,13.91298853253073,-34.96963505039384,6.866270267379843e-20
1786739552.4657207,push +Z,fast,1786739470.8001618,-467.1298343450094,-183.79156849132062,714.0447215975028,13.784367636849328,-35.03473757587599,6.869788361529328e-20
1786739552.4941766,push +Z,fast,1786739470.8001618,-470.10055225275255,-185.1508089778888,724.0746018334576,13.886310673341892,-35.257541418956656,6.948545714440135e-20
1786739552.5223403,push +Z,fast,1786739470.8001618,-469.11392663303377,-182.67829909502768,716.9583832597882,13.700872432127209,-35.18354449747777,6.830240517272905e-20
1786739552.55076,push +Z,fast,1786739470.8001618,-467.7739889825639,-183.8342117923046,707.2931893269533,13.787565884423177,-35.08304917369247,6.824758702510934e-20
1786739552.5792387,push +Z,fast,1786739470.8001618,-467.1323268902306,-183.4785580846185,707.1205862330125,13.760891856346479,-35.03492451676761,6.818988975915168e-20
1786739552.6085405,push +Z,fast,1786739470.8001618,-466.6224318489608,-183.56115466121446,709.3633494547175,13.76708659959127,-34.99668238867214,6.844673911011836e-20
1786739552.6359632,push +Z,fast,1786739470.8001618,-468.1467821959254,-182.2912547123923,721.2246993631943,13.67184410342966,-35.111008664694495,6.867352195357674e-20
1786739552.6644633,push +Z,fast,1786739470.8001618,-468.0534669689446,-182.23860408701466,719.6288151199806,13.667895306526336,-35.10401002267097,6.870340168813255e-20
1786739552.69255,push +Z,fast,1786739470.8001618,-469.9192690256741,-184.35639261989115,717.9061778984833,13.826729446492049,-35.2439451769258,6.90252443978434e-20
1786739552.7210743,push +Z,fast,1786739470.8001618,-468.38738338307803,-187.98836057638744,704.4109363594825,14.099127043229284,-35.129053753731014,6.898600866914019e-20
1786739552.749425,push +Z,fast,1786739470.8001618,-468.54205812951886,-190.11512501450375,708.1377839231718,14.258634376087851,-35.140654359714105,6.968891643098037e-20
1786739552.7778237,push +Z,fast,1786739470.8001618,-466.84025372798715,-188.33350368775996,712.6857632209048,14.1250127765822,-35.0130190295992,6.988885848849246e-20
1786739552.8067422,push +Z,fast,1786739470.8001618,-467.83413005504735,-184.73280387319812,718.0304703356587,13.854960290489853,-35.08755975412877,6.94563801775889e-20
1786739552.8348932,push +Z,fast,1786739470.8001618,-466.46190354351756,-183.22676211381292,713.2129226009574,13.742007158536065,-34.984642765763994,6.851150757822265e-20
1786739552.8631651,push +Z,fast,1786739470.8001618,-465.1903390821976,-183.47046265175982,703.6406110855614,13.760284698882106,-34.88927543116507,6.795039280515686e-20
1786739552.8921716,push +Z,fast,1786739470.8001618,-464.4844778257184,-182.20912062852483,700.5117772855438,13.665684047139482,-34.83633583692902,6.74979962720593e-20
1786739552.9196997,push +Z,fast,1786739470.8001618,-464.9482213642664,-184.23766102620243,692.7846120673839,13.817824576965489,-34.871116602320065,6.711987351525721e-20
1786739552.9481218,push +Z,fast,1786739470.8001618,-465.07726789114713,-182.47750407050012,695.1484636093728,13.685812805287672,-34.88079509183615,6.68231162629689e-20
1786739552.9765038,push +Z,fast,1786739470.8001618,-466.69541375551717,-185.05356049578938,706.0532557230918,13.879017037184251,-35.0021560316639,6.82879204607946e-20
1786739553.0055544,push +Z,fast,1786739470.8001618,-468.1572556959486,-185.95085093778346,715.235724962783,13.946313820333788,-35.111794177196295,6.891880137465916e-20
1786739553.03379,push +Z,fast,1786739470.8001618,-470.2813523986856,-189.4246250041232,715.2190844021479,14.206846875309434,-35.27110142990156,6.903725295272957e-20
1786739553.0617068,push +Z,fast,1786739470.8001618,-469.07605369413704,-189.05133368231907,706.0097503780207,14.17885002617415,-35.18070402706049,6.858488307003419e-20
1786739553.0899746,push +Z,fast,1786739470.8001618,-467.0890780278078,-183.6106903453922,698.6731932797802,13.770801775904491,-35.031680852085806,6.763715385827778e-20
1786739553.1184776,push +Z,fast,1786739470.8001618,-465.20229875922723,-179.81474902693412,693.5407141444957,13.486106177020229,-34.89017240694207,6.749330577674777e-20
1786739553.146812,push +Z,fast,1786739470.8001618,-463.8010229622496,-178.9737489006302,693.2421367679426,13.423031167547574,-34.785076722168775,6.715344454144102e-20
1786739553.175337,push +Z,fast,1786739470.8001618,-468.42903160057404,-181.8755756899161,706.4204381094178,13.640668176744004,-35.1321773700432,6.891255436031565e-20
1786739553.2054198,push +Z,fast,1786739470.8001618,-469.33940473011626,-181.29224787802934,716.418029686869,13.596918590852315,-35.200455354758915,6.910167302949554e-20
1786739553.2321851,push +Z,fast,1786739470.8001618,-474.82395687955204,-184.1874658450114,729.7085722402007,13.814059938376037,-35.61179676596655,6.958584585110293e-20
1786739553.26048,push +Z,fast,1786739470.8001618,-472.42979161419225,-185.37281073027452,722.3380489593092,13.902960804770718,-35.43223437106468,6.847762182029313e-20
1786739553.2889295,push +Z,fast,1786739470.8001618,-470.3932199477749,-191.0507444836802,703.2051789888301,14.328805836276114,-35.27949149608321,6.779303098833374e-20
1786739553.317191,push +Z,fast,1786739470.8001618,-466.50861062901913,-189.97379703757235,692.3715055589273,14.248034777818145,-34.98814579717668,6.779901258558187e-20
1786739553.3454397,push +Z,fast,1786739470.8001618,-465.9855109650566,-188.59592213069823,695.130202508115,14.144694159802615,-34.94891332237949,6.818432130861029e-20
1786739553.3739278,push +Z,fast,1786739470.8001618,-468.71906649629454,-185.19830371288288,707.5244302112733,13.889872778466323,-35.15392998722228,6.940727727121531e-20
1786739553.4035923,push +Z,fast,1786739470.8001618,-467.1471945653502,-185.31000769406762,704.5379859309896,13.898250577055169,-35.03603959240147,6.898556472456156e-20
1786739553.4308424,push +Z,fast,1786739470.8001618,-472.2668539477104,-187.90302726503046,712.781665588017,14.092727044877439,-35.42001404607854,6.893237271275574e-20
1786739553.4590392,push +Z,fast,1786739470.8001618,-471.36565960989265,-186.71105215284092,716.738774959671,14.003328911463331,-35.352424470742235,6.87123655491563e-20
1786739553.4873886,push +Z,fast,1786739470.8001618,-472.64253314024563,-184.56700900015494,717.0683564677247,13.84252567501196,-35.448189985518674,6.881479023536629e-20
1786739553.5158396,push +Z,fast,1786739470.8001618,-467.1303710228776,-181.17345325862595,704.6614032527677,13.588008994397047,-35.034777826715995,6.869158500084604e-20
1786739553.5441961,push +Z,fast,1786739470.8001618,-466.47281465963897,-182.1030738625974,704.3558960781747,13.657730539695098,-34.985461099473135,6.806912600310126e-20
1786739553.5727525,push +Z,fast,1786739470.8001618,-470.6575238398259,-184.02019209599348,714.2804654904248,13.801514407199793,-35.29931428798709,6.847884087638843e-20
1786739553.6009972,push +Z,fast,1786739470.8001618,-470.18798070857565,-188.55483132177721,713.9241780523835,14.1416123491333,-35.2640985531433,6.812683150424927e-20
1786739553.6293626,push +Z,fast,1786739470.8001618,-471.3514977464388,-190.5630807445283,716.1699428805823,14.292231055839768,-35.35136233098339,6.893750997130147e-20
1786739553.658078,push +Z,fast,1786739470.8001618,-466.66331932639787,-192.69358994981508,704.0763085509498,14.45201924623628,-34.99974894948015,6.82942946412537e-20
1786739553.686315,push +Z,fast,1786739470.8001618,-465.7852924958488,-189.15225235754338,702.743822726934,14.186418926816,-34.93389693718892,6.829831723269937e-20
1786739553.714725,push +Z,fast,1786739470.8001618,-465.65597578091547,-190.41345034889514,698.5316599816751,14.281008776167209,-34.92419818356883,6.817962999595499e-20
1786739553.7430193,push +Z,fast,1786739470.8001618,-465.80328789095074,-188.82399306545403,699.7645156972712,14.161799479909352,-34.935246591821326,6.811125489078252e-20
1786739553.7714727,push +Z,fast,1786739470.8001618,-468.07106292525714,-188.59187912823472,704.755174162653,14.144390934617636,-35.10532971939464,6.831506895145058e-20
1786739553.8017733,push +Z,fast,1786739470.8001618,-471.11544883800116,-189.76706106295183,709.286185562426,14.232529579721646,-35.333658662850276,6.830307356988758e-20
1786739553.8281767,push +Z,fast,1786739470.8001618,-469.46197530570134,-189.3006712789272,703.1900138613728,14.197550345919698,-35.20964814792771,6.796141233419966e-20
1786739553.8567088,push +Z,fast,1786739470.8001618,-471.44864209017396,-189.7046161346599,711.7774132414197,14.227846210099724,-35.35864815676312,6.925437624497073e-20
1786739553.8849695,push +Z,fast,1786739470.8001618,-467.7433213256809,-184.67906392105,704.73846592476,13.850929794078798,-35.080749099426136,6.855658445087955e-20
1786739553.9134753,push +Z,fast,1786739470.8001618,-472.8534341009713,-185.54575346934644,716.1720279095189,13.915931510201244,-35.464007557573055,6.950831839311691e-20
1786739553.9418466,push +Z,fast,1786739470.8001618,-467.0633825005716,-185.75472051290103,693.309655837912,13.931604038467558,-35.02975368754303,6.78242009414825e-20
1786739553.9705813,push +Z,fast,1786739470.8001618,-468.0731356606161,-188.1209679975451,695.2908364160257,14.109072599816127,-35.105485174546345,6.794159132543957e-20
1786739554.0013773,push +Z,fast,1786739470.8001618,-466.6015851366842,-185.50849463398515,707.1864381726018,13.91313709754903,-34.99511888525141,6.894961153348454e-20
1786739554.0269756,push +Z,fast,1786739470.8001618,-471.8275966690162,-188.35339948036142,725.467820372166,14.12650496102729,-35.38706975017641,7.056932160707424e-20
1786739554.0554817,push +Z,fast,1786739470.8001618,-471.7267263993117,-188.14028738465936,729.0226516326957,14.110521553849548,-35.37950447994859,7.127634302510183e-20
1786739554.0839102,push +Z,fast,1786739470.8001618,-470.5383651213124,-192.02130043921318,716.3327110012242,14.40159753294125,-35.29037738409872,7.00620533847355e-20
1786739554.1122935,push +Z,fast,1786739470.8001618,-470.14939818314133,-191.38476110004808,711.3943347914128,14.353857082503676,-35.26120486373567,6.932671542705767e-20
1786739554.1406434,push +Z,fast,1786739470.8001618,-469.76185904115164,-193.23506306814045,707.5201290745799,14.492629730110568,-35.232139428086384,6.890316540965014e-20
1786739554.1690757,push +Z,fast,1786739470.8001618,-468.8979786659802,-191.18417779166134,707.3819186945884,14.338813334374752,-35.16734839994857,6.869786280763186e-20
1786739554.1990051,push +Z,fast,1786739470.8001618,-467.75375370962365,-189.90682972357718,717.502664918844,14.24301222926842,-35.08153152822195,6.835137403258681e-20
1786739554.2257311,push +Z,fast,1786739470.8001618,-465.513463321191,-185.95454825989952,716.1820227805847,13.946591119492656,-34.91350974908936,6.777529064026368e-20
1786739554.254134,push +Z,fast,1786739470.8001618,-466.6383554368135,-187.77598840570056,719.632550963297,14.083199130427698,-34.997876657761125,6.854914370723794e-20
1786739554.2825089,push +Z,fast,1786739470.8001618,-462.04166354945164,-188.48730168117584,700.1433008782224,14.136547626088255,-34.653124766208954,6.804998279974076e-20
1786739554.3109207,push +Z,fast,1786739470.8001618,-465.44920944056094,-190.24244530552505,705.1421417914871,14.26818339791453,-34.90869070804219,6.89869651559172e-20
1786739554.3393872,push +Z,fast,1786739470.8001618,-462.1572234238356,-188.66275345331758,692.6919933142408,14.149706508999007,-34.66179175678792,6.786530641685178e-20
1786739554.3677855,push +Z,fast,1786739470.8001618,-461.4005189704212,-186.07895139927734,694.098852156023,13.955921354946032,-34.60503892278167,6.797694864945269e-20
1786739554.3962448,push +Z,fast,1786739470.8001618,-460.1443829084342,-188.07270441014475,705.6141270481512,14.10545283076107,-34.51082871813286,6.845259887861725e-20
1786739554.4245005,push +Z,fast,1786739470.8001618,-462.9041871620461,-187.86304599750736,710.1687481317176,14.089728449813268,-34.71781403715366,6.881252969684879e-20
1786739554.4531825,push +Z,fast,1786739470.8001618,-469.26796103590596,-186.67010119952522,729.3173463819585,14.00025758996475,-35.19509707769326,6.980307543773162e-20
1786739554.481625,push +Z,fast,1786739470.8001618,-468.62383924409005,-183.7790236667388,719.1314065251945,13.783426775005783,-35.146787943307,6.949687895343621e-20
1786739554.5104127,push +Z,fast,1786739470.8001618,-467.2701468136229,-182.54020692660936,716.9721033617543,13.690515519495928,-35.04526101102175,6.949193766612675e-20
1786739554.5384793,push +Z,fast,1786739470.8001618,-462.899853752564,-183.2079157521482,703.4247418110654,13.740593681411315,-34.71748903144255,6.94409640920994e-20
1786739554.5666914,push +Z,fast,1786739470.8001618,-462.3820865044763,-182.99115574114137,697.0921435837136,13.724336680585974,-34.678656487835916,6.943041580671045e-20
1786739554.5981834,push +Z,fast,1786739470.8001618,-462.2626228603899,-183.18412742444616,708.6300147637576,13.738809556833747,-34.669696714529394,6.990821561025588e-20
1786739554.623479,push +Z,fast,1786739470.8001618,-467.9485545797006,-185.0146245310035,731.5217976068488,13.876096839825454,-35.09614159347762,7.061283803138742e-20
1786739554.6518846,push +Z,fast,1786739470.8001618,-467.4347301016214,-182.8411538636027,731.5771163851296,13.713086539770462,-35.057604757621746,6.995150555215828e-20
1786739554.6803286,push +Z,fast,1786739470.8001618,-467.2085677146497,-184.24558185791125,726.1154713269843,13.818418639343538,-35.040642578598884,6.965762498482501e-20
1786739554.7086573,push +Z,fast,1786739470.8001618,-463.2375870929859,-178.74410365848246,700.9203045358645,13.405807774386371,-34.74281903197413,6.829204894190133e-20
1786739554.7371528,push +Z,fast,1786739470.8001618,-462.0616186244806,-180.2172474216385,698.3706191600877,13.516293556623037,-34.654621396836355,6.820317956849648e-20
1786739554.765576,push +Z,fast,1786739470.8001618,-461.52391627105544,-179.68930442923715,694.3841090420829,13.476697832193,-34.61429372032951,6.755321608932826e-20
1786739554.7939582,push +Z,fast,1786739470.8001618,-463.310371309929,-183.94261463220016,708.2560220372889,13.795696097415263,-34.74827784824477,6.873523464953504e-20
1786739554.8223286,push +Z,fast,1786739470.8001618,-466.62939510855085,-186.3072355284329,725.076647608822,13.97304266463274,-34.99720463314154,6.984046855593429e-20
1786739554.850799,push +Z,fast,1786739470.8001618,-470.7028772397566,-183.1157992061353,732.1219373771601,13.733684940460403,-35.302715792981886,7.024743292494453e-20
1786739554.8789997,push +Z,fast,1786739470.8001618,-468.4295075688183,-183.7933053544648,724.8304359806543,13.784497901585173,-35.13221306766157,6.953781554672692e-20
1786739554.907348,push +Z,fast,1786739470.8001618,-464.77086598099277,-179.67804272107435,711.3607583821449,13.475853204080803,-34.857814948574614,6.82140974537542e-20
1786739554.9361122,push +Z,fast,1786739470.8001618,-461.58631969509497,-181.29288544783003,709.3087868485154,13.596966408587381,-34.61897397713226,6.818263693251079e-20
1786739554.9642274,push +Z,fast,1786739470.8001618,-461.6994234071708,-181.2774973679749,705.9242680780435,13.595812302598386,-34.62745675553815,6.80615932850696e-20
1786739554.9928036,push +Z,fast,1786739470.8001618,-466.1577081965497,-187.08842123938314,709.1494314639585,14.03163159295379,-34.961828114741394,6.912166277207254e-20
1786739555.0210407,push +Z,fast,1786739470.8001618,-466.22345236367755,-187.86081600191812,710.9000183855969,14.089561200144171,-34.96675892727599,6.899027225432342e-20
1786739555.049383,push +Z,fast,1786739470.8001618,-468.6191513106237,-184.14956912275807,714.4841324246472,13.81121768420702,-35.146436348297016,6.850493442169898e-20
1786739555.0777879,push +Z,fast,1786739470.8001618,-466.40325950746274,-183.29882492768945,711.0167088076614,13.747411869576982,-34.98024446306001,6.789581022893789e-20
1786739555.1062398,push +Z,fast,1786739470.8001618,-466.0171266238235,-181.1965511321937,705.2710642414877,13.589741334914716,-34.951284496786904,6.808276599731501e-20
1786739555.1347349,push +Z,fast,1786739470.8001618,-464.0658152250189,-184.90540377618004,711.8344158107702,13.867905283213663,-34.8049361418767,6.899314999633916e-20
1786739555.1632159,push +Z,fast,1786739470.8001618,-465.5183173046453,-184.19087640816235,719.4640160493454,13.814315730612503,-34.913873797848474,6.943497885611537e-20
1786739555.1914918,push +Z,fast,1786739470.8001618,-468.9849288699297,-189.95053300173595,725.1806579114163,14.246289975130363,-35.173869665245036,6.932545410862145e-20
1786739555.2200913,push +Z,fast,1786739470.8001618,-467.925258593355,-190.76242636526763,717.4314518615965,14.307181977395143,-35.09439439450198,6.894721878816836e-20
1786739555.2484336,push +Z,fast,1786739470.8001618,-467.213276835329,-189.30300699551992,710.9328185765744,14.197725524664303,-35.04099576264992,6.83492725709196e-20
1786739555.2770202,push +Z,fast,1786739470.8001618,-462.7478961718425,-183.3072325295734,710.1655535484979,13.74804243971818,-34.70609221288827,6.87736554500332e-20
1786739555.3050594,push +Z,fast,1786739470.8001618,-464.7095693135225,-182.56675305970487,713.6253290168261,13.692506479478158,-34.853217698514456,6.899112998830558e-20
1786739555.3334315,push +Z,fast,1786739470.8001618,-464.1002259184761,-186.32997940582186,707.9327538726175,13.974748455436814,-34.80751694388583,6.96614229169967e-20
1786739555.3624246,push +Z,fast,1786739470.8001618,-466.11510116760155,-191.41613193482658,709.4911904655237,14.356209895112197,-34.95863258757026,7.006599870528758e-20
1786739555.3904238,push +Z,fast,1786739470.8001618,-465.91904262915386,-190.10758977523665,706.6270390988593,14.258069233142916,-34.94392819718682,6.934940508201718e-20
1786739555.418761,push +Z,fast,1786739470.8001618,-466.02455232931834,-187.05617672404196,717.0691684259273,14.029213254303354,-34.95184142469896,6.926737855373915e-20
1786739555.447278,push +Z,fast,1786739470.8001618,-465.5308153819642,-185.71194800078354,713.1254350915933,13.928396100058858,-34.91481115364765,6.894008822741957e-20
1786739555.4755945,push +Z,fast,1786739470.8001618,-464.21911865733955,-184.74433954144843,710.9784115744069,13.85582546560902,-34.816433899300854,6.908468653019234e-20
1786739555.5038908,push +Z,fast,1786739470.8001618,-464.7861625629848,-182.5768790370587,711.8344582940344,13.693265927779596,-34.85896219222406,6.939707916021267e-20
1786739555.5321748,push +Z,fast,1786739470.8001618,-465.08888380231565,-180.2109833794458,714.539247335124,13.51582375345863,-34.881666285173964,6.882917215031819e-20
1786739555.5624,push +Z,fast,1786739470.8001618,-465.02498321299845,-183.77330131943995,719.0843065401223,13.782997598958278,-34.87687374097521,6.874768802261794e-20
1786739555.5891573,push +Z,fast,1786739470.8001618,-465.4923568661011,-187.22887843255046,725.1556048845387,14.042165882441527,-34.91192676495786,6.847015768978415e-20
1786739555.6178036,push +Z,fast,1786739470.8001618,-466.4479906172819,-189.06888699441618,726.4711971907964,14.180166524581377,-34.98359929629633,6.898541871241161e-20
1786739555.6459208,push +Z,fast,1786739470.8001618,-466.188756129774,-185.36943096249377,720.1431004357682,13.902707322187236,-34.96415670973326,6.842847305534068e-20
1786739555.674464,push +Z,fast,1786739470.8001618,-463.668186499538,-180.92254923764096,706.7193389992672,13.569191192823315,-34.775113987465666,6.745974113606539e-20
1786739555.7025285,push +Z,fast,1786739470.8001618,-463.0244867358292,-181.58731286800344,706.9524942820135,13.619048465100587,-34.72683650518741,6.735748956311173e-20
1786739555.730997,push +Z,fast,1786739470.8001618,-465.49137783310334,-185.12743401406965,714.1852997285305,13.884557551055526,-34.91185333748306,6.843940598308251e-20
1786739555.7594006,push +Z,fast,1786739470.8001618,-466.43968275242923,-186.9035863026611,721.5258125736709,14.01776897269998,-34.98297620643238,6.952936694279196e-20
1786739555.7877593,push +Z,fast,1786739470.8001618,-465.88596847680765,-184.84480151457433,719.5219229947606,13.863360113593384,-34.94144763576077,6.939152401715482e-20
1786739555.8166904,push +Z,fast,1786739470.8001618,-465.38877849464507,-181.28721511438278,724.1873692089976,13.59654113357897,-34.904158387098576,6.965781417939578e-20
1786739555.8446257,push +Z,fast,1786739470.8001618,-464.5709572188657,-180.78568832555686,719.2132245690655,13.558926624417094,-34.84282179141504,6.871963328406624e-20
1786739555.8730717,push +Z,fast,1786739470.8001618,-467.2235408276015,-182.5526674517929,720.443941522246,13.691450058884623,-35.04176556207038,6.880049919062902e-20
1786739555.901419,push +Z,fast,1786739470.8001618,-466.44290514647173,-185.95304016775856,717.674200425613,13.946478012582102,-34.98321788598553,6.859398417333875e-20
1786739555.9299898,push +Z,fast,1786739470.8001618,-467.31027921262967,-188.1732631297641,718.326185466376,14.112994734732528,-35.04827094094747,6.902363822925372e-20
1786739555.9586732,push +Z,fast,1786739470.8001618,-463.9875661325391,-186.1747605902857,718.9059179435635,13.963107044271556,-34.799067459940616,6.920241491908871e-20
1786739555.9866683,push +Z,fast,1786739470.8001618,-463.99233756035346,-183.73502147231216,713.3708042091084,13.780126610423675,-34.799425317026675,6.847594974180657e-20
1786739556.0152054,push +Z,fast,1786739470.8001618,-465.7803659504507,-183.96334782976805,717.5259810146881,13.797251087232727,-34.93352744628405,6.838273096780824e-20
1786739556.0433908,push +Z,fast,1786739470.8001618,-467.0106827479276,-185.1091839032805,716.8595798153656,13.883188792746392,-35.02580120609476,6.828468220454451e-20
1786739556.0718892,push +Z,fast,1786739470.8001618,-466.97712357658156,-186.04481429162252,714.7465361393324,13.953361071872028,-35.0232842682439,6.858615442496927e-20
1786739556.1001208,push +Z,fast,1786739470.8001618,-465.6584293594392,-186.72161275098415,714.906886374728,14.00412095632402,-34.924382201958124,6.902994156230818e-20
1786739556.1289144,push +Z,fast,1786739470.8001618,-465.0566499797469,-186.51159185319761,710.4427872219749,13.988369388990119,-34.879248748481224,6.858151395242745e-20
1786739556.1571124,push +Z,fast,1786739470.8001618,-464.8134534404053,-186.91763628144145,709.4011276854981,14.018822721108368,-34.86100900803065,6.877769620093971e-20
1786739556.1854978,push +Z,fast,1786739470.8001618,-464.1832485200871,-180.8854155724357,704.4279598697085,13.56640616793307,-34.81374363900676,6.807560839495038e-20
1786739556.2141132,push +Z,fast,1786739470.8001618,-464.72852095514963,-178.81341342478868,707.9184128575844,13.411006006859392,-34.85463907163644,6.839693081000347e-20
1786739556.2421074,push +Z,fast,1786739470.8001618,-464.22550588364675,-177.8791664017889,705.9318318410042,13.340937480134432,-34.81691294127371,6.785534378660213e-20
1786739556.2707229,push +Z,fast,1786739470.8001618,-464.07093862780766,-180.9956213719646,704.1590468107397,13.57467160289755,-34.805320397085985,6.780310947038817e-20
1786739556.2989652,push +Z,fast,1786739470.8001618,-463.15202838642244,-182.04020259452238,705.9480023537662,13.653015194589496,-34.73640212898206,6.77965415548002e-20
1786739556.3273478,push +Z,fast,1786739470.8001618,-465.1248847072752,-185.66018317057308,706.0928097301239,13.924513737793031,-34.88436635304592,6.874122929098968e-20
1786739556.3561015,push +Z,fast,1786739470.8001618,-469.8291225818748,-190.26406820755005,712.7418671696432,14.269805115566438,-35.23718419364072,6.974789746129494e-20
1786739556.3840194,push +Z,fast,1786739470.8001618,-469.25746954023043,-191.08492141419947,699.9698912084059,14.331369106065207,-35.194310215517525,6.936935797981716e-20
1786739556.4124742,push +Z,fast,1786739470.8001618,-470.91816228859625,-187.18225314961728,712.4661424824826,14.03866898622157,-35.31886217164495,6.871267718868638e-20
1786739556.440809,push +Z,fast,1786739470.8001618,-468.52893800628226,-185.40953653965494,713.4364903560363,13.90571524047441,-35.13967035047149,6.833626189360828e-20
1786739556.4692764,push +Z,fast,1786739470.8001618,-468.5686388096001,-185.77694570507617,718.6221276337501,13.933270927880852,-35.14264791072024,6.86672098872795e-20
1786739556.497835,push +Z,fast,1786739470.8001618,-465.04338401597397,-187.43933006172608,711.3080390214136,14.057949754629686,-34.878253801198234,6.890463450002128e-20
1786739556.5260296,push +Z,fast,1786739470.8001618,-462.7411773799249,-187.32384878017547,703.794698983459,14.049288658513351,-34.70558830349465,6.836178854156912e-20
1786739556.5551,push +Z,fast,1786739470.8001618,-462.9482032149149,-186.24178843652624,706.0628108674064,13.968134132739682,-34.72111524111865,6.791069169104198e-20
1786739556.5830007,push +Z,fast,1786739470.8001618,-462.9183566958536,-187.97135327843068,702.3188736008506,14.097851495882498,-34.718876752189104,6.807336452637575e-20
1786739556.6110928,push +Z,fast,1786739470.8001618,-465.0299119737856,-188.60032766520703,707.6955367223363,14.145024574890758,-34.87724339803403,6.932220061312114e-20
1786739556.639521,push +Z,fast,1786739470.8001618,-465.5677803393273,-190.19912710780784,706.3038533413537,14.264934533085903,-34.91758352544974,6.945398566060494e-20
1786739556.668066,push +Z,fast,1786739470.8001618,-465.3796111551619,-185.74104893842843,705.6902354800104,13.930578670382292,-34.903470836637275,6.883451848746027e-20
1786739556.696431,push +Z,fast,1786739470.8001618,-465.469153443441,-183.22680935095752,711.0119705382549,13.742010701321927,-34.910186508258285,6.860629044329007e-20
1786739556.7248096,push +Z,fast,1786739470.8001618,-465.50876227796425,-180.63754227403365,711.4205475288209,13.547815670552762,-34.91315717084748,6.826102534203912e-20
1786739556.7532613,push +Z,fast,1786739470.8001618,-464.51646357401614,-181.1932594526761,718.4047069515573,13.589494458951027,-34.838734768051374,6.831296045086428e-20
1786739556.781526,push +Z,fast,1786739470.8001618,-462.3814269452887,-183.04537016049983,706.4550010543899,13.728402762037735,-34.67860702089693,6.701053736592643e-20
1786739556.810387,push +Z,fast,1786739470.8001618,-465.1668443388189,-186.2240069405958,712.371597662599,13.966800520545025,-34.88751332541173,6.793616343888458e-20
1786739556.8388245,push +Z,fast,1786739470.8001618,-467.93332470239375,-189.1816106064274,713.1230579217972,14.188620795482205,-35.09499935267969,6.885394441476722e-20
1786739556.866897,push +Z,fast,1786739470.8001618,-468.3949218354983,-191.65825672347592,707.4184164908356,14.37436925426088,-35.12961913766255,6.9467552087816e-20
1786739556.8952558,push +Z,fast,1786739470.8001618,-466.7840824229161,-190.87477125379098,705.2729380771598,14.315607844034457,-35.00880618171889,6.932671009567702e-20
1786739556.923805,push +Z,fast,1786739470.8001618,-465.42667316311827,-188.56331669247822,699.9811998312543,14.142248751936133,-34.90700048723404,6.86336037074583e-20
1786739556.952119,push +Z,fast,1786739470.8001618,-465.0692708169854,-184.84876222080482,710.4740283660276,13.863657166560461,-34.880195311274065,6.869746543132448e-20
1786739556.98042,push +Z,fast,1786739470.8001618,-465.7266497780888,-188.60951705666798,716.3001066671795,14.145713779250261,-34.92949873335683,6.991450193731822e-20
1786739557.0090134,push +Z,fast,1786739470.8001618,-465.5158509565913,-190.10526971549473,710.4706243605069,14.25789522866231,-34.91368882174449,6.944183338220742e-20
1786739557.0372677,push +Z,fast,1786739470.8001618,-467.6223399689293,-192.16247316516456,712.7833119069728,14.412185487387529,-35.071675497670014,6.970971536429463e-20
1786739557.065646,push +Z,fast,1786739470.8001618,-466.6976004465323,-191.13671995865718,704.3213106129924,14.335253996899528,-35.00232003349017,6.858906877810744e-20
1786739557.0938892,push +Z,fast,1786739470.8001618,-466.1903704489205,-192.43998496683605,706.7453813279244,14.432998872512808,-34.964277783669154,6.859465749571568e-20
1786739557.122363,push +Z,fast,1786739470.8001618,-464.3348264778365,-190.39097398066167,698.268367460837,14.27932304854993,-34.82511198583779,6.872787949599422e-20
1786739557.1521397,push +Z,fast,1786739470.8001618,-466.5292699716547,-187.63423194003292,705.65290266789,14.07256739550262,-34.98969524787417,6.871388285676566e-20
1786739557.178963,push +Z,fast,1786739470.8001618,-467.7294600953401,-186.7594634589002,710.3525247461712,14.006959759417715,-35.07970950715065,6.937443295128305e-20
1786739557.2073667,push +Z,fast,1786739470.8001618,-469.58545697000045,-187.58055177962706,719.8016392287473,14.068541383472269,-35.21890927275018,6.906394481458502e-20
1786739557.2359846,push +Z,fast,1786739470.8001618,-465.98501805794376,-187.32022969354682,711.0157752816467,14.049017227016268,-34.94887635434605,6.868615862494138e-20
1786739557.264302,push +Z,fast,1786739470.8001618,-467.45790506982667,-185.85203525215422,705.8870253209943,13.938902643911721,-35.05934288023715,6.846068692608924e-20
1786739557.2928376,push +Z,fast,1786739470.8001618,-467.80990731095835,-185.41843399995582,704.7693407743236,13.906382549996838,-35.08574304832225,6.848563766856365e-20
1786739557.3213854,push +Z,fast,1786739470.8001618,-467.547610415053,-185.6247061870888,705.5591135578752,13.921852964031824,-35.0660707811293,6.883948886988921e-20
1786739557.352639,push +Z,fast,1786739470.8001618,-465.7127500613433,-185.82592786933378,707.3140437423253,13.936944590200117,-34.92845625460071,6.873671077561581e-20
1786739557.377948,push +Z,fast,1786739470.8001618,-464.63665489714776,-187.13868949589175,706.0281731643872,14.035401712192016,-34.847749117286185,6.924814731186142e-20
1786739557.4062574,push +Z,fast,1786739470.8001618,-467.7375516719021,-188.7254247525001,706.1389338637964,14.15440685643755,-35.080316375392805,6.894692343207224e-20
1786739557.4346397,push +Z,fast,1786739470.8001618,-470.40024690701057,-189.65179655505347,714.3034842215775,14.22388474162928,-35.280018518026026,6.963765044687991e-20
1786739557.463301,push +Z,fast,1786739470.8001618,-470.2463017608229,-186.79911507077998,713.8117751702839,14.009933630308542,-35.2684726320619,6.915240528280806e-20
1786739557.4920402,push +Z,fast,1786739470.8001618,-467.4861888178857,-184.37533619187718,712.2779156114557,13.828150214390927,-35.06146416134149,6.868866987376387e-20
1786739557.520254,push +Z,fast,1786739470.8001618,-465.58239638387386,-185.41766846812288,714.8230149979772,13.906325135109324,-34.91867972879084,6.898911516011152e-20
1786739557.5497966,push +Z,fast,1786739470.8001618,-465.4370312620472,-189.5669989510085,711.1453370473582,14.217524921325815,-34.90777734465365,6.865809496510085e-20
1786739557.5766325,push +Z,fast,1786739470.8001618,-466.4628050424658,-191.9051233165145,715.7163909252986,14.392884248738785,-34.98471037818512,6.930042137630283e-20
1786739557.6050434,push +Z,fast,1786739470.8001618,-465.57927875815767,-191.3047532458221,705.0335676034674,14.347856493436755,-34.91844590686184,6.846270553629394e-20
1786739557.6334565,push +Z,fast,1786739470.8001618,-464.1458821315,-187.3296347962928,703.0843755033129,14.049722609722135,-34.81094115986257,6.76321123417419e-20
1786739557.6617186,push +Z,fast,1786739470.8001618,-464.43303972730473,-186.79390744158934,702.3006158774151,14.009543058119345,-34.83247797954805,6.814403172722173e-20
1786739557.690374,push +Z,fast,1786739470.8001618,-463.2292829186622,-184.2200152726415,698.1664632997981,13.816501145448296,-34.74219621889974,6.701948417445417e-20
1786739557.7187827,push +Z,fast,1786739470.8001618,-464.88449701585296,-186.76538109025682,701.7358123250478,14.00740358176937,-34.86633727618905,6.765611019846222e-20
1786739557.748087,push +Z,fast,1786739470.8001618,-464.64275954788536,-184.56543574745433,700.4961243315747,13.842407681059296,-34.848206966091496,6.69850723804341e-20
1786739557.7754478,push +Z,fast,1786739470.8001618,-467.5025253613553,-186.8949117553193,710.256920280488,14.017118381649194,-35.062689402101995,6.813908519754483e-20
1786739557.8041105,push +Z,fast,1786739470.8001618,-467.94975828078395,-186.64271911944593,714.5900588622908,13.998203933958745,-35.09623187105903,6.927334444776928e-20
1786739557.8324807,push +Z,fast,1786739470.8001618,-469.493767911601,-191.75411487851386,712.9785990751252,14.381558615888796,-35.21203259337025,6.927605959249128e-20
1786739557.860543,push +Z,fast,1786739470.8001618,-467.50665918162895,-189.99971112501805,707.5441204265853,14.24997833437639,-35.06299943862244,6.905789432992545e-20
1786739557.8888676,push +Z,fast,1786739470.8001618,-465.08039595981063,-187.71533906733157,698.989150596748,14.078650430050072,-34.88102969698578,6.79099921541768e-20
1786739557.9171975,push +Z,fast,1786739470.8001618,-463.33470648922594,-183.41516540858697,700.3271211894125,13.756137405644157,-34.75010298669192,6.801637408978523e-20
1786739557.948638,push +Z,fast,1786739470.8001618,-465.3653002700221,-185.17091557414267,708.8756749175409,13.887818668060849,-34.9023975202518,6.873712424832355e-20
1786739557.9742405,push +Z,fast,1786739470.8001618,-468.8933220322724,-184.81559604769632,722.4289558618684,13.861169703577541,-35.166999152420615,6.943890659657968e-20
1786739558.0025628,push +Z,fast,1786739470.8001618,-468.1033268606234,-182.94992490406014,722.3882051579294,13.721244367804598,-35.107749514547,6.927923283876213e-20
1786739558.0311167,push +Z,fast,1786739470.8001618,-466.90884605738984,-179.18822355457803,714.7063498078287,13.439116766593731,-35.01816345430467,6.88322278351429e-20
1786739558.0592127,push +Z,fast,1786739470.8001618,-463.2255963679431,-179.42598692169702,699.086760839863,13.456949019127482,-34.74191972759603,6.806740540844452e-20
1786739558.0877001,push +Z,fast,1786739470.8001618,-463.60478987430315,-181.20461487152056,697.7964768348002,13.590346115364301,-34.77035924057275,6.815364722919162e-20
1786739558.1161194,push +Z,fast,1786739470.8001618,-463.56169315748775,-186.59061019458818,700.9934543334575,13.994295764594337,-34.76712698681168,6.855378820402665e-20
1786739558.1482882,push +Z,fast,1786739470.8001618,-466.52305762656806,-188.13657861689023,706.4430226038858,14.11024339626687,-34.98922932199273,6.871787913442502e-20
1786739558.1730523,push +Z,fast,1786739470.8001618,-467.1078169803968,-187.2739364121702,709.9305007672401,14.045545230912946,-35.03308627353009,6.873258198098088e-20
1786739558.2014716,push +Z,fast,1786739470.8001618,-467.40896844172084,-183.22970074126954,709.1281065118819,13.742227555595559,-35.05567263312923,6.857053413183018e-20
1786739558.2297928,push +Z,fast,1786739470.8001618,-464.71585743074365,-182.70106191802915,705.6793390522371,13.702579643852406,-34.85368930730602,6.849204362515554e-20
1786739558.2585318,push +Z,fast,1786739470.8001618,-463.5250176706286,-185.5576048626773,703.9068347942284,13.916820364701099,-34.76437632529753,6.857395741447392e-20
1786739558.286528,push +Z,fast,1786739470.8001618,-462.35395551122565,-185.66336218416086,697.5465948740657,13.924752163812226,-34.67654666334224,6.785308558534266e-20
1786739558.314971,push +Z,fast,1786739470.8001618,-466.09673884853646,-188.44010583185582,705.9100798480549,14.133007937389284,-34.95725541364047,6.867265668971964e-20
1786739558.3463008,push +Z,fast,1786739470.8001618,-468.14580805597325,-186.71680722945302,708.8347303613482,14.003760542209033,-35.110935604198296,6.889640823703407e-20
1786739558.3719912,push +Z,fast,1786739470.8001618,-470.4627386469924,-187.9749238490905,721.6794560830949,14.098119288681954,-35.28470539852464,6.967760744862654e-20
1786739558.4001062,push +Z,fast,1786739470.8001618,-469.4743786716772,-187.58014125059594,720.365535510291,14.068510593794894,-35.21057840037607,6.960699030608426e-20
1786739558.4283822,push +Z,fast,1786739470.8001618,-468.2849909190113,-189.28950841472806,713.2492839433207,14.19671313110489,-35.12137431892615,6.87673377794494e-20
1786739558.4570448,push +Z,fast,1786739470.8001618,-467.9354294407708,-188.24563803311435,705.8158029554261,14.118422852483807,-35.09515720805815,6.780842115335948e-20
1786739558.4853299,push +Z,fast,1786739470.8001618,-467.23854371518064,-184.6327215887021,708.0096069154406,13.847454119152783,-35.042890778638785,6.787962668887808e-20
1786739558.5138361,push +Z,fast,1786739470.8001618,-468.93500795873433,-183.72513937793394,720.6334781985479,13.779385453345217,-35.17012559690529,6.921222777513964e-20
1786739558.5427089,push +Z,fast,1786739470.8001618,-466.8667939189427,-183.3003357453739,720.6553874014025,13.747525180903164,-35.01500954392089,6.996751280286504e-20
1786739558.5704172,push +Z,fast,1786739470.8001618,-469.47060608144466,-187.27547506796827,721.7976461427634,14.045660630097846,-35.21029545610851,6.936283584614151e-20
1786739558.5992293,push +Z,fast,1786739470.8001618,-469.26972577558627,-187.63249660452811,717.4266074360248,14.072437245339803,-35.19522943316916,6.911467646609499e-20
1786739558.6272018,push +Z,fast,1786739470.8001618,-469.0039028952265,-187.06554430828191,715.8630183369651,14.02991582312129,-35.175292717142234,6.877930170139868e-20
1786739558.6555672,push +Z,fast,1786739470.8001618,-465.98344605863167,-184.67242528352756,709.1530318117375,13.850431896264706,-34.94875845439766,6.904433832380885e-20
1786739558.6840136,push +Z,fast,1786739470.8001618,-463.17462840895087,-183.18629076535728,699.9355289328696,13.73897180740195,-34.7380971306715,6.773841856723586e-20
1786739558.7126398,push +Z,fast,1786739470.8001618,-465.8725211733881,-184.88053464668462,709.07217591075,13.866040098501596,-34.940439088004226,6.838937500139673e-20
1786739558.742381,push +Z,fast,1786739470.8001618,-466.11203402376805,-183.71784908186532,716.518706582181,13.778838681140247,-34.958402551782825,6.833661113401515e-20
1786739558.7696583,push +Z,fast,1786739470.8001618,-468.92124705035076,-183.5422761974619,724.7438025216461,13.765670714809975,-35.169093528776585,6.933967194574283e-20
1786739558.798027,push +Z,fast,1786739470.8001618,-468.94852739968064,-183.29074660415301,727.149022634173,13.746805995311743,-35.17113955497627,6.9146470311525e-20
1786739558.8264322,push +Z,fast,1786739470.8001618,-467.7111577026453,-182.49030816917468,716.1314754100513,13.686773112688332,-35.07833682769851,6.879314224521396e-20
1786739558.8550842,push +Z,fast,1786739470.8001618,-466.3690628887748,-183.16615929945976,711.7690090073538,13.73746194745976,-34.97767971665826,6.846552113866344e-20
1786739558.8831875,push +Z,fast,1786739470.8001618,-463.8657675423401,-181.8280995945712,699.4454643779518,13.637107469592966,-34.789932565675585,6.785941662409942e-20
1786739558.9123316,push +Z,fast,1786739470.8001618,-464.7890494837902,-182.4173316751536,707.0975569240791,13.681299875636842,-34.85917871128446,6.75890226590599e-20
1786739558.9396932,push +Z,fast,1786739470.8001618,-466.0705829511144,-183.7494259633928,707.4122883200362,13.781206947254677,-34.95529372133352,6.713983559092352e-20
1786739558.9681091,push +Z,fast,1786739470.8001618,-467.81025933819865,-183.0494530257182,709.6460063050963,13.728708976929088,-35.08576945036501,6.711912960513897e-20
1786739558.9965026,push +Z,fast,1786739470.8001618,-470.7946589183189,-185.35498177239913,709.141644065734,13.901623632930065,-35.30959941887411,6.768693257734546e-20
1786739559.0247755,push +Z,fast,1786739470.8001618,-469.4078534669434,-182.82500182738227,711.9595642198756,13.711875137053983,-35.205589010021086,6.860148914089978e-20
1786739559.053083,push +Z,fast,1786739470.8001618,-468.78965284406695,-185.92640122928685,710.2777774886881,13.944480092196752,-35.15922396330527,6.856634689225117e-20
1786739559.0815601,push +Z,fast,1786739470.8001618,-465.02347445765645,-183.44857997310703,706.3225082774752,13.758643497983282,-34.87676058432462,6.792578845863976e-20
1786739559.1113148,push +Z,fast,1786739470.8001618,-466.47588263560783,-186.00098383470606,705.9854389593138,13.950073787603262,-34.985691197670604,6.771942760013083e-20
1786739559.13857,push +Z,fast,1786739470.8001618,-468.6476962561451,-187.6664438117191,718.5871680193268,14.07498328587899,-35.1485772192111,6.871291274874435e-20
1786739559.1668239,push +Z,fast,1786739470.8001618,-467.5967579554572,-185.97902819934995,713.0015600268116,13.948427114951546,-35.06975684665953,6.895981035575352e-20
1786739559.1951103,push +Z,fast,1786739470.8001618,-467.92782000063016,-184.78983430359926,719.2766153426182,13.85923757277008,-35.0945865000475,6.955731422945017e-20
1786739559.2235246,push +Z,fast,1786739470.8001618,-464.39229081881604,-179.56046006360123,703.4927123224925,13.467034504770265,-34.829421811411514,6.880752540494293e-20
1786739559.251942,push +Z,fast,1786739470.8001618,-466.84016773522535,-181.02393266743047,711.540107044123,13.576794950057494,-35.01301258014223,6.929177191770202e-20
1786739559.2804756,push +Z,fast,1786739470.8001618,-466.12457634826615,-181.25220335373422,706.3651149096977,13.59391525153038,-34.95934322612003,6.910052195299234e-20
1786739559.31229,push +Z,fast,1786739470.8001618,-467.01839160649115,-182.50734872421413,713.8707680859443,13.688051154316422,-35.026379370487014,6.856804756944155e-20
1786739559.3373601,push +Z,fast,1786739470.8001618,-466.58944699817766,-186.32574628161854,715.8352892582625,13.974430971121652,-34.994208524863446,6.877833279446653e-20
1786739559.3658886,push +Z,fast,1786739470.8001618,-466.07599737029796,-185.37890367773537,712.4088793361916,13.903417775830295,-34.95569980277267,6.796752349518824e-20
1786739559.3940616,push +Z,fast,1786739470.8001618,-466.9786132958029,-187.27513171693988,712.6395224584458,14.04563487877061,-35.02339599718548,6.868287488008847e-20
1786739559.4224038,push +Z,fast,1786739470.8001618,-465.02776798230343,-183.10394165958996,709.5670608236742,13.73279562446945,-34.877082598673105,6.753831642238013e-20
1786739559.4507012,push +Z,fast,1786739470.8001618,-465.3759318641655,-184.28239108666378,710.8569575763131,13.821179331500016,-34.903194889812475,6.766901031935234e-20
1786739559.4793603,push +Z,fast,1786739470.8001618,-464.5654282248729,-181.70398040296072,709.6949178002751,13.627798530222233,-34.8424071168656,6.778684479799012e-20
1786739559.5078375,push +Z,fast,1786739470.8001618,-464.78455172001304,-183.0772045972676,707.2724083038274,13.730790344795391,-34.858841379001284,6.821537457082602e-20
1786739559.5362947,push +Z,fast,1786739470.8001618,-464.27388996628724,-181.59343454025463,706.2222847429503,13.619507590519351,-34.820541747471744,6.828438139639427e-20
1786739559.5645678,push +Z,fast,1786739470.8001618,-465.24238812469184,-185.27001984134984,700.8585198594565,13.895251488101504,-34.89317910935236,6.795756527087842e-20
1786739559.5930889,push +Z,fast,1786739470.8001618,-466.5946204941265,-185.50925626389096,699.7832334161876,13.913194219792214,-34.99459653705976,6.834257396748116e-20
1786739559.6217575,push +Z,fast,1786739470.8001618,-468.3696840327625,-187.14675685802752,707.285666380074,14.036006764352326,-35.127726302457496,6.888397378531616e-20
1786739559.6496327,push +Z,fast,1786739470.8001618,-467.67952694830865,-183.81995686600192,713.8799911540491,13.786496764950282,-35.07596452112335,6.90097610782187e-20
1786739559.6783488,push +Z,fast,1786739470.8001618,-469.42628876731305,-187.01081174346007,721.002557139479,14.025810880759533,-35.20697165754868,6.969422021685689e-20
1786739559.7066398,push +Z,fast,1786739470.8001618,-467.58428735670714,-184.98262077086292,712.9624499582496,13.873696557814906,-35.0688215517531,6.871111936666804e-20
1786739559.7351596,push +Z,fast,1786739470.8001618,-468.55143049365597,-187.77680263927357,714.2891490061847,14.083260197945659,-35.14135728702436,6.916714205988634e-20
1786739559.7632504,push +Z,fast,1786739470.8001618,-466.4383875600565,-182.52790707970382,706.4061849159007,13.689593030977843,-34.98287906700446,6.813419266700428e-20
1786739559.7918181,push +Z,fast,1786739470.8001618,-466.9795968918402,-180.99650967899868,706.2255721762995,13.574738225925113,-35.023469766888084,6.788685581457171e-20
1786739559.8200178,push +Z,fast,1786739470.8001618,-466.25561215947664,-180.58829841331737,699.6918058600168,13.544122380998918,-34.96917091196083,6.701052075899912e-20
1786739559.848296,push +Z,fast,1786739470.8001618,-466.6283607178325,-181.7995073616845,701.5944642820314,13.634963052126519,-34.99712705383751,6.74446465513011e-20
1786739559.8767066,push +Z,fast,1786739470.8001618,-466.19940214275084,-185.0325589025232,699.936928334886,13.877441917689527,-34.964955160706594,6.818487593915713e-20
1786739559.9050996,push +Z,fast,1786739470.8001618,-466.67363951103243,-184.27022304227796,704.664582673222,13.820266728170974,-35.000522963327576,6.846902087843094e-20
1786739559.9339147,push +Z,fast,1786739470.8001618,-467.2357411184439,-182.8852152747353,714.42333267099,13.716391145605474,-35.042680583883495,6.866753321026251e-20
1786739559.9621043,push +Z,fast,1786739470.8001618,-467.4007544775577,-181.5900770333193,718.0280733401769,13.61925577749913,-35.05505658581699,6.831373921763439e-20
1786739559.9906662,push +Z,fast,1786739470.8001618,-464.81775123700845,-182.07383473484754,709.8302524309747,13.655537605113782,-34.8613313427758,6.790279384625137e-20
1786739560.0188148,push +Z,fast,1786739470.8001618,-464.6873540185311,-183.92902238877514,703.0804855488313,13.794676679158268,-34.85155155139004,6.768751338409441e-20
1786739560.0471754,push +Z,fast,1786739470.8001618,-462.75488121083026,-184.18819282984907,699.4923691238173,13.814114462238923,-34.70661609081233,6.744580176365334e-20
1786739560.0756738,push +Z,fast,1786739470.8001618,-464.0644360847632,-183.04496892699012,701.4493020503951,13.728372669524507,-34.804832706357296,6.720274122896155e-20
1786739560.104186,push +Z,fast,1786739470.8001618,-463.0323290250749,-183.08984974032012,697.8079376372698,13.731738730524047,-34.72742467688093,6.682379925244594e-20
1786739560.132687,push +Z,fast,1786739470.8001618,-466.994686664832,-184.05116072398482,708.1299520829143,13.80383705429907,-35.02460149986271,6.811635791662761e-20
1786739560.160809,push +Z,fast,1786739470.8001618,-467.8960854287543,-185.68282510606946,709.2548871393965,13.926211882955545,-35.09220640715686,6.833558273488188e-20
1786739560.1892083,push +Z,fast,1786739470.8001618,-468.1373382546717,-186.75536287152954,710.8471776054721,14.006652215364856,-35.110300369100756,6.852999288537583e-20
1786739560.2176387,push +Z,fast,1786739470.8001618,-466.1906962602916,-186.25711510741905,701.6865107443527,13.969283633056694,-34.964302219521855,6.765923872676358e-20
1786739560.2460246,push +Z,fast,1786739470.8001618,-465.89215209439635,-184.0780598990774,702.8920444316227,13.805854492430942,-34.94191140707984,6.827779458175697e-20
1786739560.2746294,push +Z,fast,1786739470.8001618,-466.1474227681683,-181.7515689147723,701.4035703585287,13.631367668608153,-34.96105670761268,6.78821619973414e-20
1786739560.306335,push +Z,fast,1786739470.8001618,-466.64277168210447,-181.8986444092427,701.3441379731503,13.642398330693549,-34.99820787615815,6.808092984284758e-20
1786739560.3314042,push +Z,fast,1786739470.8001618,-468.3504045577233,-185.02131028588428,711.4717575111035,13.87659827144154,-35.12628034182947,6.83277328120537e-20
1786739560.3596973,push +Z,fast,1786739470.8001618,-468.5538589471007,-183.72021820080886,719.3536467795557,13.779016365060766,-35.141539421032775,6.879017949979279e-20
1786739560.3882248,push +Z,fast,1786739470.8001618,-466.81177733295635,-179.813060451831,719.7025918633126,13.48597953388752,-35.01088329997174,6.855856753198778e-20
1786739560.416445,push +Z,fast,1786739470.8001618,-467.4151696066947,-178.64145907219108,712.952462137926,13.398109430414603,-35.056137720502186,6.876906951016838e-20
1786739560.4450376,push +Z,fast,1786739470.8001618,-465.52408566826307,-182.40137207048667,700.2737419398318,13.680102905286812,-34.9143064251199,6.785959785273776e-20
1786739560.4739656,push +Z,fast,1786739470.8001618,-466.97353691095987,-185.24023091515187,702.7276246456968,13.893017318636591,-35.02301526832217,6.759759944346328e-20
1786739560.501784,push +Z,fast,1786739470.8001618,-464.6341584427819,-186.4961741421721,696.5104714606232,13.987213060663013,-34.84756188320875,6.721565757526083e-20
1786739560.5301783,push +Z,fast,1786739470.8001618,-464.793924445582,-184.06508482077572,697.8312932522713,13.804881361558419,-34.859544333419066,6.761753596393472e-20
1786739560.5586386,push +Z,fast,1786739470.8001618,-463.2291907864301,-184.02431770831936,702.2051664726932,13.801823828124252,-34.74218930898246,6.801883949407658e-20
1786739560.587071,push +Z,fast,1786739470.8001618,-462.26634440065254,-180.51038473896153,700.3386285328752,13.538278855422345,-34.669975830049125,6.763949098420174e-20
1786739560.6154118,push +Z,fast,1786739470.8001618,-463.7079223922492,-178.44707723967474,706.7678353855963,13.383530792975815,-34.7780941794187,6.817257419191621e-20
1786739560.6438613,push +Z,fast,1786739470.8001618,-464.4295423367262,-176.71162183836464,699.2144893793584,13.253371637877652,-34.832215675254744,6.819783683169149e-20
1786739560.673527,push +Z,fast,1786739470.8001618,-467.62987210776737,-178.9881132573663,714.3127992559976,13.424108494302654,-35.072240408082656,6.890547140257036e-20
1786739560.7007165,push +Z,fast,1786739470.8001618,-469.72238307717225,-184.28128001366724,719.7795711100853,13.821096001025392,-35.229178730788156,6.901216759468982e-20
1786739560.7289765,push +Z,fast,1786739470.8001618,-468.19088472169324,-183.3777328525871,719.7727580030205,13.753329963944179,-35.1143163541272,6.877806790784112e-20
1786739560.7569942,push +Z,fast,1786739470.8001618,-464.58010795068185,-180.9898623452491,706.0731333388458,13.574239675893754,-34.843508096301214,6.812922655877568e-20
1786739560.7856734,push +Z,fast,1786739470.8001618,-462.07339825959116,-177.8693502481725,695.1963630621203,13.34020126861314,-34.65550486946946,6.754117571667281e-20
1786739560.8145,push +Z,fast,1786739470.8001618,-464.19145963922347,-179.0298559841366,695.6555416826923,13.427239198810465,-34.81435947294182,6.728531135828799e-20
1786739560.842221,push +Z,fast,1786739470.8001618,-466.0224282322165,-179.15304863756103,705.4617389850418,13.43647864781732,-34.95168211741642,6.79224917822692e-20
1786739560.8705208,push +Z,fast,1786739470.8001618,-466.4952901681013,-180.3322244057946,708.4822567650835,13.524916830434808,-34.98714676260784,6.870506340167302e-20
1786739560.8994,push +Z,fast,1786739470.8001618,-467.3206527468724,-181.50817093132207,716.8865007153227,13.613112819849373,-35.04904895601565,6.888101184833046e-20
1786739560.9275694,push +Z,fast,1786739470.8001618,-469.8834352510362,-183.91359118650405,716.1430338957889,13.793519338988066,-35.241257643827836,6.852006332784287e-20
1786739560.9560637,push +Z,fast,1786739470.8001618,-471.6451509889803,-186.71266552274085,716.4024676491426,14.003449914205707,-35.373386324173865,6.801728198416616e-20
1786739560.9843478,push +Z,fast,1786739470.8001618,-468.83164372040164,-185.86650855804453,697.9197186921601,13.9399881418536,-35.16237327903053,6.763778676599993e-20
1786739561.0131161,push +Z,fast,1786739470.8001618,-467.52201514127773,-185.04708612554862,694.0525508524324,13.878531459416433,-35.06415113559613,6.751727757899333e-20
1786739561.0409243,push +Z,fast,1786739470.8001618,-466.6369680149228,-180.67301422879177,700.2761719240725,13.55047606715954,-34.99777260111933,6.827787923092187e-20
1786739561.0702615,push +Z,fast,1786739470.8001618,-469.16385793411155,-181.97893429872545,715.3452686249711,13.648420072404601,-35.18728934505869,6.943139245014507e-20
1786739561.097953,push +Z,fast,1786739470.8001618,-467.61196119623764,-179.73268411587617,722.9125354571115,13.479951308690918,-35.0708970897181,6.979265445267969e-20
1786739561.1263406,push +Z,fast,1786739470.8001618,-467.54464155880714,-181.325589846374,717.9013738621015,13.599419238478216,-35.06584811691083,6.944163030171699e-20
1786739561.1546547,push +Z,fast,1786739470.8001618,-466.66558329810505,-179.25183638478404,714.148573367931,13.443887728859135,-34.999918747358095,6.854027728163752e-20
1786739561.1829948,push +Z,fast,1786739470.8001618,-467.96606489581427,-179.84715328117295,704.9925059098668,13.488536496088305,-35.09745486718629,6.806241238387575e-20
1786739561.211251,push +Z,fast,1786739470.8001618,-468.2624345277577,-179.88854076627547,709.2521260385256,13.491640557470927,-35.11968258958207,6.799191261139494e-20
1786739561.2399838,push +Z,fast,1786739470.8001618,-467.47594111569015,-183.6103957257634,713.4240840001066,13.77077967943244,-35.06069558367681,6.845588909812481e-20
1786739561.2686384,push +Z,fast,1786739470.8001618,-466.15584110547616,-188.02811128547194,713.0280643217839,14.102108346410635,-34.961688082910804,6.839929708443919e-20
1786739561.29673,push +Z,fast,1786739470.8001618,-466.79160079747726,-189.43104039753734,716.1078997293271,14.20732802981566,-35.00937005981116,6.908681805000044e-20
1786739561.3251812,push +Z,fast,1786739470.8001618,-468.1128887915488,-188.513284095063,719.0052788346111,14.138496307130001,-35.10846665936626,6.945923088810378e-20
1786739561.3535528,push +Z,fast,1786739470.8001618,-466.99410403926186,-187.67193571329744,717.8805160314596,14.075395178497448,-35.02455780294487,6.912396250086942e-20
1786739561.3819306,push +Z,fast,1786739470.8001618,-463.56107875390217,-184.1513654552673,701.1593857444659,13.81135240914509,-34.7670809065429,6.795108314328999e-20
1786739561.4101434,push +Z,fast,1786739470.8001618,-462.87712791209015,-184.44189064469106,690.2426277916002,13.833141798352006,-34.715784593407044,6.700533101490539e-20
1786739561.43838,push +Z,fast,1786739470.8001618,-463.5740874483463,-183.5896089496391,693.8044670130803,13.769220671223156,-34.76805655862613,6.812314515433679e-20
1786739561.467011,push +Z,fast,1786739470.8001618,-466.01215734906964,-186.80560271610818,701.3038789932707,14.010420203708282,-34.95091180118031,6.833118721545699e-20
1786739561.4952264,push +Z,fast,1786739470.8001618,-466.27722102622465,-184.70963948695157,708.4357162464812,13.85322296152152,-34.97079157696716,6.877744779090796e-20
1786739561.5239294,push +Z,fast,1786739470.8001618,-466.5354236157118,-184.57305618718271,706.4320481678687,13.84297921403876,-34.990156771178654,6.840672876767145e-20
1786739561.5523686,push +Z,fast,1786739470.8001618,-467.0254777837331,-181.88450852359597,709.2327472320931,13.641338139269873,-35.02691083378011,6.807581962121611e-20
1786739561.580358,push +Z,fast,1786739470.8001618,-465.40474135021077,-184.8322087061357,697.437362500259,13.862415652960369,-34.905355601265946,6.786027398651856e-20
1786739561.608897,push +Z,fast,1786739470.8001618,-464.5554216378473,-182.138499114929,697.1633512889275,13.66038743361975,-34.84165662283883,6.708611711708732e-20
1786739561.6374445,push +Z,fast,1786739470.8001618,-462.41386443305646,-184.31820609039266,692.8573640539471,13.823865456779547,-34.681039832479414,6.723859784404414e-20
1786739561.6667428,push +Z,fast,1786739470.8001618,-464.58705873755844,-182.47452756929954,704.5104714556546,13.685589567697722,-34.844029405317016,6.785450386706983e-20
1786739561.6943672,push +Z,fast,1786739470.8001618,-469.07932078010435,-185.96117959984917,712.7054951377286,13.947088469988774,-35.18094905850818,6.875722355837994e-20
1786739561.7226002,push +Z,fast,1786739470.8001618,-470.25528342751613,-184.46543088060923,713.7864991336965,13.834907316045797,-35.26914625706388,6.88721037888763e-20
1786739561.7509952,push +Z,fast,1786739470.8001618,-469.31624114925626,-184.55226167275998,710.7651137190815,13.841419625457196,-35.198718086194354,6.849807453835392e-20
1786739561.7791445,push +Z,fast,1786739470.8001618,-468.938782657724,-184.7307196782184,710.2208893122606,13.854803975866492,-35.170408699329634,6.882703220053571e-20
1786739561.807533,push +Z,fast,1786739470.8001618,-469.0545487398281,-186.6008489038967,711.5330639916701,13.995063667792426,-35.17909115548725,6.908376600218687e-20
1786739561.8358743,push +Z,fast,1786739470.8001618,-469.82166420406475,-187.9421501634314,711.0809315479592,14.095661262257597,-35.23662481530504,6.982082170830705e-20
1786739561.8662884,push +Z,fast,1786739470.8001618,-468.5770213320493,-185.52992217990652,706.6095890794941,13.914744163493221,-35.14327659990387,6.901221501520597e-20
1786739561.8930328,push +Z,fast,1786739470.8001618,-471.64648672255726,-184.6750361081589,715.462780222535,13.850627708111976,-35.373486504192094,6.905447396344528e-20
1786739561.921293,push +Z,fast,1786739470.8001618,-472.2099166761186,-182.02548396025395,715.9035179993116,13.651911297019264,-35.415743750709105,6.77951238982427e-20
1786739561.9494653,push +Z,fast,1786739470.8001618,-471.7174583666538,-182.72585275770848,709.3281744859596,13.704438956828245,-35.37880937749918,6.776851997241132e-20
1786739561.9778655,push +Z,fast,1786739470.8001618,-469.65719992135337,-180.35169403244345,705.9395178732466,13.526377052433428,-35.22428999410175,6.766893962141153e-20
1786739562.006154,push +Z,fast,1786739470.8001618,-468.24098022414864,-181.02173968044815,702.963323528631,13.576630476033795,-35.11807351681117,6.823731030387184e-20
1786739562.0346315,push +Z,fast,1786739470.8001618,-467.3872829452798,-181.36422591442613,709.0107602780445,13.602316943582128,-35.05404622089618,6.881256275994498e-20
1786739562.0654469,push +Z,fast,1786739470.8001618,-463.858868656564,-185.11244390518584,696.9346950522713,13.883433292889233,-34.7894151492426,6.835619883048879e-20
1786739562.0916717,push +Z,fast,1786739470.8001618,-467.26995342409464,-185.71219647711405,709.0592165040389,13.928414735783765,-35.04524650680745,6.863531297958541e-20
1786739562.1197526,push +Z,fast,1786739470.8001618,-465.7022719028455,-187.85738211603098,703.2250660919717,14.089303658702509,-34.927670392713495,6.756368515695113e-20
1786739562.1481464,push +Z,fast,1786739470.8001618,-467.0044435201744,-184.73164780921843,708.3194260175915,13.854873585691603,-35.02533326401328,6.757439894676999e-20
1786739562.1765842,push +Z,fast,1786739470.8001618,-463.46656945570703,-184.94472900195706,693.5718930424737,13.870854675146926,-34.75999270917821,6.722008976621659e-20
1786739562.2049775,push +Z,fast,1786739470.8001618,-465.36234060455536,-183.32347981489738,699.2526526812471,13.749260986117545,-34.90217554534188,6.81113459369427e-20
1786739562.2334397,push +Z,fast,1786739470.8001618,-470.14742255601413,-185.83982280503676,707.7341312285062,13.937986710378002,-35.26105669170127,6.911472760742844e-20
1786739562.2616782,push +Z,fast,1786739470.8001618,-470.80214805359174,-186.93497501120157,714.2042337747744,14.020123125840332,-35.310161104019556,6.915213504484368e-20
1786739562.2902458,push +Z,fast,1786739470.8001618,-471.7132541817705,-186.63707667963274,715.2898793119739,13.997780750972684,-35.37849406363297,6.918580019420618e-20
1786739562.318778,push +Z,fast,1786739470.8001618,-468.62241283195,-186.0967791176214,716.7131839076346,13.957258433821703,-35.14668096239654,6.884751726117572e-20
1786739562.3471663,push +Z,fast,1786739470.8001618,-467.5126259079425,-184.8974172329206,710.2804646274253,13.867306292469213,-35.063446943095855,6.839240926247978e-20
1786739562.375321,push +Z,fast,1786739470.8001618,-465.62762603585134,-182.5512593410142,701.7083268191964,13.69134445057622,-34.922071952689116,6.784782591753041e-20
1786739562.4038274,push +Z,fast,1786739470.8001618,-465.5186908480464,-183.5277514324829,692.2840811794385,13.764581357436366,-34.913901813603694,6.730604047674432e-20
1786739562.4322815,push +Z,fast,1786739470.8001618,-467.67139089214834,-184.9938472805319,700.5336835471207,13.874538546040132,-35.075354316911444,6.818381615554711e-20
1786739562.4609826,push +Z,fast,1786739470.8001618,-471.42512106185586,-188.8775479737817,712.3608209599934,14.165816098033861,-35.35688407963949,6.871155429116899e-20
1786739562.4890893,push +Z,fast,1786739470.8001618,-473.9284135907051,-187.4548640475216,716.4150625879984,14.059114803564302,-35.54463101930309,6.893168778968982e-20
1786739562.5172892,push +Z,fast,1786739470.8001618,-472.0734002848585,-184.00657637472057,712.0156953215264,13.800493228104063,-35.405505021364505,6.812957434614786e-20
1786739562.5456483,push +Z,fast,1786739470.8001618,-470.79065436327346,-182.65006678146506,711.569489622193,13.698755008610224,-35.30929907724584,6.845631378486222e-20
1786739562.5742395,push +Z,fast,1786739470.8001618,-468.12582281382083,-182.37305782385954,707.0945561402996,13.6779793367898,-35.109436711036736,6.83198801034838e-20
1786739562.602352,push +Z,fast,1786739470.8001618,-468.1352854284223,-182.03201701436615,712.9623496668682,13.652401276077793,-35.11014640713201,6.932778185227648e-20
1786739562.6307213,push +Z,fast,1786739470.8001618,-467.42768440198006,-180.3508903051886,712.4203047909259,13.526316772889476,-35.05707633014881,6.903976210367942e-20
1786739562.659294,push +Z,fast,1786739470.8001618,-467.84180677563927,-182.50689969732787,717.4280574491277,13.688017477299756,-35.08813550817305,6.946565142540312e-20
1786739562.6877952,push +Z,fast,1786739470.8001618,-470.77988112485764,-184.20939448692172,716.7738211949727,13.815704586519441,-35.30849108436442,6.879968201729348e-20
1786739562.7161548,push +Z,fast,1786739470.8001618,-467.6590941768477,-184.9152612357169,711.8417305798712,13.868644592679114,-35.07443206326391,6.796534564674745e-20
1786739562.7443745,push +Z,fast,1786739470.8001618,-466.65310260141086,-180.65658493460728,705.4454673092305,13.549243870095797,-34.9989826951061,6.713069728244449e-20
1786739562.772957,push +Z,fast,1786739470.8001618,-464.19218686449994,-179.96083146570197,705.4068670011775,13.497062359927934,-34.81441401483767,6.703632593762942e-20
1786739562.8010955,push +Z,fast,1786739470.8001618,-466.8012027503096,-180.24783305206665,706.1592593525484,13.518587478905221,-35.01009020627336,6.777282027516872e-20
1786739562.8295276,push +Z,fast,1786739470.8001618,-470.7022966467093,-182.90043057977084,716.5266603016207,13.717532293482915,-35.30267224850337,6.819342748386956e-20
1786739562.8596213,push +Z,fast,1786739470.8001618,-471.44747182419405,-183.91828407762887,719.3198617766575,13.793871305822375,-35.35856038681465,6.874085622587654e-20
1786739562.886445,push +Z,fast,1786739470.8001618,-469.7302417283436,-183.91660382218936,717.3296586616871,13.793745286664478,-35.22976812962592,6.817766342603022e-20
1786739562.9151351,push +Z,fast,1786739470.8001618,-466.19241989967895,-184.18566601681948,707.5705196940944,13.813924951261672,-34.96443149247621,6.862725037284718e-20
1786739562.9434063,push +Z,fast,1786739470.8001618,-465.0187857376377,-183.9262603408432,702.4845994139723,13.79446952556346,-34.87640893032311,6.8103957345146e-20
1786739562.9720163,push +Z,fast,1786739470.8001618,-466.4091047448146,-183.2193166331142,704.2721437623377,13.741448747483954,-34.980682855861325,6.815214300535489e-20
1786739562.9999402,push +Z,fast,1786739470.8001618,-463.71451407689756,-181.68504378017758,699.7140203645158,13.626378283513564,-34.77858855576732,6.747759542387361e-20
1786739563.0284986,push +Z,fast,1786739470.8001618,-463.436143558411,-182.87971190873395,699.8142065133216,13.715978393155329,-34.757710766881104,6.781127734263911e-20
1786739563.0567946,push +Z,fast,1786739470.8001618,-461.7552627853488,-183.50453094388354,702.7981178902246,13.76283982079141,-34.63164470890145,6.837955347064109e-20
1786739563.0852017,push +Z,fast,1786739470.8001618,-465.2709923183893,-184.5633542966873,713.2405593401527,13.842251572251822,-34.89532442387949,6.89252249096702e-20
1786739563.113512,push +Z,fast,1786739470.8001618,-465.5376324947724,-183.44340526104781,709.6675774774376,13.758255394578715,-34.915322437107974,6.84602225691362e-20
1786739563.1418545,push +Z,fast,1786739470.8001618,-467.2868362239474,-184.82396760717893,706.8714598747029,13.861797570538616,-35.04651271679627,6.834373931814722e-20
1786739563.170475,push +Z,fast,1786739470.8001618,-466.4303687378206,-183.68663349833616,703.4648194380479,13.776497512375425,-34.982277655336866,6.840382588614365e-20
1786739563.1986947,push +Z,fast,1786739470.8001618,-466.46327810724506,-183.23146479651894,708.4858771470526,13.742359859738958,-34.98474585804365,6.895675638517422e-20
1786739563.2270422,push +Z,fast,1786739470.8001618,-465.77136361718567,-180.58770736622648,710.3009130875798,13.544078052467274,-34.93285227128913,6.882537398573471e-20
1786739563.257066,push +Z,fast,1786739470.8001618,-466.04533050069995,-182.9368092822673,710.7492647471017,13.720260696170211,-34.953399787552776,6.865671409427781e-20
1786739563.2838347,push +Z,fast,1786739470.8001618,-466.33900118658585,-183.31096276651851,715.0528077641366,13.748322207489199,-34.975425088994214,6.815260226343709e-20
1786739563.312135,push +Z,fast,1786739470.8001618,-465.95416016944455,-185.86207692975972,712.441654907987,13.939655769732237,-34.946562012708505,6.821802856892367e-20
1786739563.3405974,push +Z,fast,1786739470.8001618,-465.0979767068484,-185.56810827464437,717.8725389626115,13.917608120598462,-34.88234825301382,6.848501282368365e-20
1786739563.3690302,push +Z,fast,1786739470.8001618,-462.9880801042691,-185.2594534712207,704.211686858388,13.89445901034178,-34.72410600782027,6.8150664158164e-20
1786739563.3974476,push +Z,fast,1786739470.8001618,-463.19899709864285,-183.06913832003636,707.7139882997826,13.73018537400284,-34.739924782398475,6.84836048321242e-20
1786739563.4257638,push +Z,fast,1786739470.8001618,-463.1002670493922,-184.61069197884865,701.4393820375653,13.845801898413821,-34.73252002870438,6.833898986900759e-20
1786739563.4570327,push +Z,fast,1786739470.8001618,-465.43824286008066,-184.92398881755184,716.6108366801709,13.86929916131653,-34.90786821450629,6.91531637909965e-20
1786739563.4825683,push +Z,fast,1786739470.8001618,-465.79786546803234,-186.0172947898776,724.2556623472829,13.951297109241079,-34.93483991010267,6.93847404789143e-20
1786739563.5111654,push +Z,fast,1786739470.8001618,-466.4121414172073,-184.59663986356884,722.4538753987672,13.844747989767736,-34.98091060629062,6.914914599957521e-20
1786739563.5395427,push +Z,fast,1786739470.8001618,-464.8922915392218,-181.48161562960695,714.5423504800747,13.611121172220596,-34.866921865441775,6.898510274024395e-20
1786739563.5678618,push +Z,fast,1786739470.8001618,-462.9154771048861,-180.96800516324288,697.6571214706528,13.572600387243451,-34.71866078286681,6.796292196899233e-20
1786739563.596353,push +Z,fast,1786739470.8001618,-463.369624988949,-181.7745151919039,700.002050093929,13.633088639393055,-34.752721874171286,6.827646791455339e-20
1786739563.6244593,push +Z,fast,1786739470.8001618,-464.7802049988836,-186.56223344578757,697.5412425242266,13.992167508434175,-34.85851537491645,6.877089127555637e-20
1786739563.6555583,push +Z,fast,1786739470.8001618,-467.71361665383165,-189.73737995637623,704.5818088708374,14.230303496728371,-35.07852124903757,6.950569521853934e-20
1786739563.6817677,push +Z,fast,1786739470.8001618,-468.1582760316069,-187.09357489046067,717.740338096206,14.032018116784744,-35.11187070237056,6.965694815869887e-20
1786739563.7098014,push +Z,fast,1786739470.8001618,-469.69235611186787,-187.37434615057123,720.888521333135,14.053075961293,-35.22692670839031,6.909683644337042e-20
1786739563.738186,push +Z,fast,1786739470.8001618,-467.5672349181473,-184.6027487778465,716.2745983034765,13.845206158338843,-35.06754261886126,6.836018298024575e-20
1786739563.7664428,push +Z,fast,1786739470.8001618,-466.5975498057064,-184.47947684850362,702.9511020114078,13.83596076363791,-34.99481623542824,6.81940805693918e-20
1786739563.7953222,push +Z,fast,1786739470.8001618,-467.04152321677475,-182.09209511397512,704.9338749449598,13.65690713354827,-35.02811424125832,6.828833688980654e-20
1786739563.8232944,push +Z,fast,1786739470.8001618,-467.80819671857034,-182.7159050564809,710.263528217859,13.703692879236389,-35.08561475389305,6.857482881823757e-20
1786739563.851887,push +Z,fast,1786739470.8001618,-468.09139691188057,-183.99907678041518,708.1491846972222,13.799930758531229,-35.10685476839135,6.78000904610628e-20
1786739563.8799913,push +Z,fast,1786739470.8001618,-466.9874058156088,-185.1366175636041,712.2807853498452,13.885246317270589,-35.024055436170755,6.80898782910102e-20
1786739563.9085052,push +Z,fast,1786739470.8001618,-468.7448983236286,-184.5297888569661,716.7040374259032,13.839734164272581,-35.15586737427241,6.86231104469552e-20
1786739563.9371018,push +Z,fast,1786739470.8001618,-468.18684148871125,-183.07753052926535,719.8877096939996,13.730814789695184,-35.114013111653456,6.9369691621369e-20
1786739563.9652772,push +Z,fast,1786739470.8001618,-466.23736748712554,-180.6015750901439,707.936977801116,13.545118131761054,-34.96780256153456,6.891641767163568e-20
1786739563.9937618,push +Z,fast,1786739470.8001618,-464.65065779723955,-181.4303161509971,703.4380267264723,13.607273711325004,-34.84879933479319,6.897773010390218e-20
1786739564.0225801,push +Z,fast,1786739470.8001618,-465.7036879774555,-182.65676764163595,706.9432728194188,13.699257573122896,-34.92777659830954,6.889303457947764e-20
1786739564.0505483,push +Z,fast,1786739470.8001618,-467.6638944350625,-184.59181229415321,711.3289730155138,13.844385922061786,-35.074792082629884,6.862378737264479e-20
1786739564.0788684,push +Z,fast,1786739470.8001618,-466.4921320595836,-182.98317460014107,709.7088392464493,13.723738095010784,-34.986909904469044,6.813889043539726e-20
1786739564.1073186,push +Z,fast,1786739470.8001618,-465.64512171228716,-181.87186354775793,710.5065030014639,13.640389766082098,-34.92338412842169,6.808239620778933e-20
1786739564.1358976,push +Z,fast,1786739470.8001618,-465.2345351629174,-181.7937119454806,712.87997854474,13.634528395911307,-34.89259013721895,6.868482768257497e-20
1786739564.164125,push +Z,fast,1786739470.8001618,-466.3798525550783,-182.13653379480547,709.8945724026235,13.660240034610549,-34.97848894163099,6.863502307876367e-20
1786739564.1926832,push +Z,fast,1786739470.8001618,-466.5998927823557,-182.55451763988503,704.30570567431,13.691588822991651,-34.9949919586769,6.849159619084809e-20
1786739564.221477,push +Z,fast,1786739470.8001618,-466.62409849745245,-184.32924150127417,703.8884685445937,13.824693112595835,-34.996807387309126,6.815201412150392e-20
1786739564.2492194,push +Z,fast,1786739470.8001618,-467.7838480961468,-184.30560095504677,708.2450457286031,13.822920071628698,-35.08378860721133,6.816075064446464e-20
1786739564.2778678,push +Z,fast,1786739470.8001618,-468.3856791640678,-187.86306939657936,707.3096494950832,14.089730204743628,-35.12892593730522,6.850011891487094e-20
1786739564.3060815,push +Z,fast,1786739470.8001618,-469.64367121314945,-185.48875984823178,706.0240188700072,13.911656988617604,-35.2232753409864,6.848112663992071e-20
1786739564.3346949,push +Z,fast,1786739470.8001618,-468.03523389519796,-184.78143495773384,702.5266312567983,13.858607621830298,-35.10264254214015,6.839950556475667e-20
1786739564.3630252,push +Z,fast,1786739470.8001618,-466.9070697536513,-182.29962998059318,704.8162040854249,13.67247224854474,-35.01803023152417,6.802003855987388e-20
1786739564.3914504,push +Z,fast,1786739470.8001618,-467.2270313800186,-183.24032342809528,708.8694102798745,13.743024257107411,-35.04202735350158,6.847553099746553e-20
1786739564.419689,push +Z,fast,1786739470.8001618,-470.24131271769465,-185.8235771036086,719.3369096194001,13.936768282770803,-35.268098453827285,6.951503156678141e-20
1786739564.4481277,push +Z,fast,1786739470.8001618,-471.85754215014686,-184.79697999667326,720.6861268426974,13.859773499750585,-35.38931566126136,6.934739989241147e-20
1786739564.4766722,push +Z,fast,1786739470.8001618,-471.11617214268927,-185.20951215494222,719.7176448567707,13.890713411620911,-35.33371291070193,6.919283497396814e-20
1786739564.5048318,push +Z,fast,1786739470.8001618,-469.20993288439877,-182.7817306825914,712.7817099527974,13.708629801194629,-35.190744966330236,6.832648294260126e-20
1786739564.5333822,push +Z,fast,1786739470.8001618,-468.54291180254313,-182.56862943596354,713.4609823425844,13.692647207697444,-35.140718385191114,6.873970665297506e-20
1786739564.5618632,push +Z,fast,1786739470.8001618,-467.08109545098614,-182.98106122226545,708.0960036435072,13.72357959167017,-35.03108215882428,6.832049771352014e-20
1786739564.5900111,push +Z,fast,1786739470.8001618,-466.15928365652417,-186.88489594426926,705.8154967423898,14.016367195820333,-34.96194627423953,6.824286430231005e-20
1786739564.6190917,push +Z,fast,1786739470.8001618,-465.92436460334693,-188.19491496826004,703.713358211975,14.114618622619826,-34.94432734525129,6.805497180935188e-20
1786739564.6468508,push +Z,fast,1786739470.8001618,-465.4759596192339,-185.43242574755516,700.9474339175331,13.907431931066863,-34.91069697144261,6.746825310025169e-20
1786739564.6755292,push +Z,fast,1786739470.8001618,-466.4145612229854,-181.5506022233575,706.7266989253831,13.616295166752064,-34.981092091724015,6.796046877386019e-20
1786739564.7035491,push +Z,fast,1786739470.8001618,-465.25391208218116,-183.0718092257854,702.3870276399157,13.73038569193417,-34.89404340616367,6.797158778298186e-20
1786739564.7319233,push +Z,fast,1786739470.8001618,-464.2032216445741,-181.60693634615097,700.1016500582064,13.620520225961688,-34.8152416233432,6.808228085137062e-20
1786739564.760288,push +Z,fast,1786739470.8001618,-466.1082391701316,-182.39165835034157,700.395304596007,13.679374376275899,-34.95811793776003,6.777680221794458e-20
1786739564.7887433,push +Z,fast,1786739470.8001618,-467.82358012028135,-181.36555564455034,709.2040043488041,13.602416673341583,-35.086768509021546,6.823207440817709e-20
1786739564.8180904,push +Z,fast,1786739470.8001618,-469.4466804851704,-184.8206677579094,717.4107970719087,13.861550081843372,-35.208501036388,6.924658771633267e-20
1786739564.8454816,push +Z,fast,1786739470.8001618,-467.8772533328124,-185.98521959340758,714.3015198929315,13.948891469505863,-35.09079399996097,6.824091988891111e-20
1786739564.8740346,push +Z,fast,1786739470.8001618,-468.91399170548766,-187.2484162232247,711.263192477345,14.043631216741904,-35.168549377911695,6.818588741878966e-20
1786739564.9023223,push +Z,fast,1786739470.8001618,-471.95564775804814,-186.3944782379998,714.7413183536773,13.979585867850236,-35.39667358185378,6.795304264669931e-20
1786739564.9307854,push +Z,fast,1786739470.8001618,-471.19952987859506,-184.83885077777006,713.7772727957836,13.862913808333037,-35.33996474089486,6.856692317948802e-20
1786739564.9592144,push +Z,fast,1786739470.8001618,-470.94480998205927,-183.2548362888664,716.6840135736174,13.7441127216651,-35.32086074865461,6.869543695828028e-20
1786739564.9874723,push +Z,fast,1786739470.8001618,-468.4903576874003,-183.34147936523243,708.8695953505203,13.750610952392616,-35.1367768265553,6.860069134481379e-20
1786739565.0163858,push +Z,fast,1786739470.8001618,-468.35093316146094,-183.9311604554979,704.4656113053143,13.794837034162466,-35.12631998710985,6.851270949070667e-20
1786739565.04423,push +Z,fast,1786739470.8001618,-468.58944877564045,-179.87533656856886,702.4556780379626,13.49065024264274,-35.14420865817325,6.774638391181839e-20
1786739565.0728242,push +Z,fast,1786739470.8001618,-468.3302607346395,-180.6162227983333,704.7352825193957,13.546216709875107,-35.12476955509828,6.748710936157862e-20
1786739565.1011746,push +Z,fast,1786739470.8001618,-468.6080718548369,-182.00151906662313,711.6167360322643,13.65011392999693,-35.145605389113015,6.775983786961303e-20
1786739565.1295507,push +Z,fast,1786739470.8001618,-466.5853466465537,-185.11680579192102,705.6583908533285,13.883760434394372,-34.99390099849175,6.780595502559082e-20
1786739565.1578195,push +Z,fast,1786739470.8001618,-465.5856029772276,-184.48471549241106,703.8965505553133,13.836353661931131,-34.91892022329231,6.824782863278975e-20
1786739565.1862004,push +Z,fast,1786739470.8001618,-467.03903315753723,-181.83350548690703,700.6226007319729,13.637512911518218,-35.027927486815635,6.825094429922867e-20
1786739565.214804,push +Z,fast,1786739470.8001618,-467.0280788781888,-180.62161089503206,700.4654073171896,13.546620817127678,-35.02710591586436,6.850133494635672e-20
1786739565.2430894,push +Z,fast,1786739470.8001618,-467.25530363902953,-180.2037660915895,699.113897803596,13.515282456869368,-35.04414777292722,6.797957884248789e-20
1786739565.2714353,push +Z,fast,1786739470.8001618,-468.4740484303711,-182.19065862169805,705.8590313697414,13.664299396627467,-35.13555363227803,6.86818575077759e-20
1786739565.2997332,push +Z,fast,1786739470.8001618,-467.6452631083894,-183.62811659009583,702.957594178386,13.772108744257547,-35.07339473312929,6.8458221087282e-20
1786739565.3284907,push +Z,fast,1786739470.8001618,-468.54088682304473,-184.04732705941,707.0128348729986,13.80354952945601,-35.140566511728636,6.890982670407471e-20
1786739565.3567872,push +Z,fast,1786739470.8001618,-465.57898064628625,-183.24028616429302,700.6470500201003,13.743021462322229,-34.91842354847166,6.836420332766487e-20
1786739565.3852384,push +Z,fast,1786739470.8001618,-465.36248975079025,-182.65755639488623,704.1914701522592,13.69931672961658,-34.90218673130949,6.811255553429559e-20
1786739565.4133482,push +Z,fast,1786739470.8001618,-466.7715360305406,-184.1926379315206,708.3089620196706,13.814447844864244,-35.007865202290745,6.803511571630761e-20
1786739565.4435666,push +Z,fast,1786739470.8001618,-467.4996424830897,-183.8386249527939,710.0518338806032,13.787896871459804,-35.06247318623191,6.786348471923189e-20
1786739565.4702294,push +Z,fast,1786739470.8001618,-470.4575303476622,-187.80588054506472,713.784583166148,14.085441040879946,-35.28431477607477,6.890963742141806e-20
1786739565.4986327,push +Z,fast,1786739470.8001618,-468.56270351081093,-188.87575629835771,709.4474846756493,14.165681722376927,-35.142202763311005,6.902518899433136e-20
1786739565.5270395,push +Z,fast,1786739470.8001618,-466.93880529164153,-186.7654024698196,708.4357868979569,14.007405185236589,-35.02041039687344,6.852807551168635e-20
1786739565.555398,push +Z,fast,1786739470.8001618,-462.96492726512497,-183.85036011875104,695.1962945520054,13.78877700890654,-34.72236954488455,6.737430120487891e-20
1786739565.5837553,push +Z,fast,1786739470.8001618,-463.62398741856896,-180.50830788959286,693.8043161543746,13.538123091719779,-34.77179905639294,6.722569675397127e-20
1786739565.6123967,push +Z,fast,1786739470.8001618,-464.87717506655645,-183.07558005338944,691.688558871163,13.730668504004395,-34.86578812999195,6.750730928159611e-20
1786739565.6434283,push +Z,fast,1786739470.8001618,-468.0711350028623,-182.16200897275667,709.0443317853787,13.662150672956887,-35.10533512521475,6.834676544164239e-20
1786739565.6687708,push +Z,fast,1786739470.8001618,-466.46586950713754,-181.36909219946267,707.1038011204209,13.602681914959884,-34.98494021303549,6.775178365816983e-20
1786739565.6972654,push +Z,fast,1786739470.8001618,-468.96720334247675,-182.74752474088518,716.6619215394776,13.706064355566614,-35.17254025068593,6.871357684581612e-20
1786739565.7257001,push +Z,fast,1786739470.8001618,-467.55900374569774,-183.5540009036963,707.3300807944097,13.766550067777441,-35.0669252809275,6.840484982560192e-20
1786739565.7541654,push +Z,fast,1786739470.8001618,-470.08643268360674,-187.49134579615986,717.4708480191066,14.061850934712066,-35.25648245127079,6.949270786148855e-20
1786739565.7826614,push +Z,fast,1786739470.8001618,-466.0867739420323,-190.46099387954746,698.0758760325816,14.284574540966407,-34.956508045652576,6.836730348653041e-20
1786739565.8110247,push +Z,fast,1786739470.8001618,-469.8941526717731,-190.4013129767592,706.7800896586796,14.280098473257102,-35.24206145038322,6.865564900178914e-20
1786739565.8412995,push +Z,fast,1786739470.8001618,-467.78914509903143,-189.60327627245567,699.9668750589663,14.22024572043443,-35.08418588242751,6.762599623889836e-20
1786739565.8677227,push +Z,fast,1786739470.8001618,-469.3681539744971,-186.29728644997863,716.8440162319521,13.972296483748597,-35.2026115480875,6.821098203695837e-20
1786739565.8964002,push +Z,fast,1786739470.8001618,-466.4927380014374,-187.53884191271698,712.9903396850514,14.06541314345402,-34.98695535010804,6.833869984749668e-20
1786739565.9249027,push +Z,fast,1786739470.8001618,-465.36827911114324,-184.9913411534866,711.6291835453567,13.874350586511664,-34.902620933335804,6.798301951780967e-20
1786739565.9530952,push +Z,fast,1786739470.8001618,-466.2440905496951,-185.18442740596322,707.7376785278284,13.88883205544737,-34.96830679122729,6.795209028083672e-20
1786739565.9816394,push +Z,fast,1786739470.8001618,-465.7337487729674,-184.01186936631677,709.231955303112,13.80089020247399,-34.930031157972735,6.733583019369902e-20
1786739566.00983,push +Z,fast,1786739470.8001618,-467.0445530227971,-185.69492158694084,711.181461607317,13.927119119020634,-35.02834147670982,6.847537233257157e-20
1786739566.0394788,push +Z,fast,1786739470.8001618,-466.71903844251983,-185.51002641930916,716.7458880079748,13.91325198144835,-35.003927883189284,6.940458574089438e-20
1786739566.0666306,push +Z,fast,1786739470.8001618,-467.4430932059954,-185.5915040801384,715.6275562152478,13.919362806010657,-35.058231990449926,6.963448835371983e-20
1786739566.095266,push +Z,fast,1786739470.8001618,-467.9082685697563,-185.2257524436052,714.1187613932416,13.891931433270631,-35.093120142731884,6.903681676162249e-20
1786739566.1236436,push +Z,fast,1786739470.8001618,-467.5911857906435,-184.29924703350594,712.2781135346077,13.822443527513126,-35.06933893429865,6.874200352029148e-20
1786739566.1519861,push +Z,fast,1786739470.8001618,-467.24346339887825,-185.29622735877342,709.499807184312,13.897217051908203,-35.04325975491607,6.863510881280173e-20
1786739566.180132,push +Z,fast,1786739470.8001618,-467.7357973762046,-188.38942055355665,709.3889068909511,14.129206541516876,-35.08018480321547,6.879133148017555e-20
1786739566.2088492,push +Z,fast,1786739470.8001618,-467.7842077563655,-189.30333525130538,705.4632427243178,14.1977501438482,-35.0838155817277,6.827292372912083e-20
1786739566.2394338,push +Z,fast,1786739470.8001618,-467.2024703931902,-188.02885201835238,708.816679179773,14.102163901376674,-35.04018527948944,6.805330542606511e-20
1786739566.2654445,push +Z,fast,1786739470.8001618,-466.88759590959035,-184.68133861948763,716.3113292708013,13.851100396461863,-35.01656969321957,6.839348725594356e-20
1786739566.294026,push +Z,fast,1786739470.8001618,-466.0323327032597,-181.86207729976195,713.220040332596,13.63965579748233,-34.952424952744686,6.801400571515161e-20
1786739566.3223631,push +Z,fast,1786739470.8001618,-467.42598336605033,-182.8613818339229,713.8677244415339,13.714603637544496,-35.05694875245397,6.878134276718955e-20
1786739566.350546,push +Z,fast,1786739470.8001618,-467.25898392529643,-183.33858360420936,701.9893070844446,13.75039377031587,-35.04442379439741,6.819713199890049e-20
1786739566.3790781,push +Z,fast,1786739470.8001618,-467.47654628454893,-185.6133586655451,705.4029340931011,13.921001899916089,-35.06074097134125,6.84465101920175e-20
1786739566.4074075,push +Z,fast,1786739470.8001618,-465.9091788852502,-183.35653030653532,702.1860046629745,13.751739772990316,-34.943188416393994,6.803538505959616e-20
1786739566.4361,push +Z,fast,1786739470.8001618,-466.24546206613604,-183.22458782795434,708.909843763754,13.741844087096734,-34.96840965496044,6.863774044435021e-20
1786739566.4644444,push +Z,fast,1786739470.8001618,-467.0598220016004,-182.8270804606409,708.1090113155205,13.712031034548215,-35.029486650120184,6.837492222673456e-20
1786739566.4927776,push +Z,fast,1786739470.8001618,-467.7505255310898,-183.81185230941037,712.6616537513337,13.785888923205999,-35.08128941483187,6.818968619803677e-20
1786739566.5208938,push +Z,fast,1786739470.8001618,-466.9600091674729,-183.40437894861066,709.8770899799174,13.755328421146,-35.02200068756049,6.777279156062897e-20
1786739566.5492644,push +Z,fast,1786739470.8001618,-464.5554391962046,-182.79100556005062,703.6308442064774,13.709325417004035,-34.84165793971556,6.776211745997082e-20
1786739566.577822,push +Z,fast,1786739470.8001618,-465.8237534515042,-185.11720773738944,702.3595567349166,13.883790580304566,-34.936781508862886,6.833156396262396e-20
1786739566.6062427,push +Z,fast,1786739470.8001618,-465.38428396418476,-185.21587887983753,701.15568989649,13.891190915987973,-34.9038212973141,6.838260269964366e-20
1786739566.6372297,push +Z,fast,1786739470.8001618,-467.45137612558574,-185.1037510873697,711.3501239110783,13.882781331553002,-35.058853209419134,6.861709617419108e-20
1786739566.6631556,push +Z,fast,1786739470.8001618,-466.03683054561543,-182.5014956000266,714.9848925189881,13.687612170002314,-34.952762290921264,6.823741038167039e-20
1786739566.691508,push +Z,fast,1786739470.8001618,-469.189733288209,-183.54014683628168,719.6110196912587,13.765511012721372,-35.18922999661587,6.857345955552673e-20
1786739566.7200034,push +Z,fast,1786739470.8001618,-466.3067147044071,-184.8628070089302,711.193737114223,13.864710525670066,-34.97300360283071,6.803114515362453e-20
1786739566.7480257,push +Z,fast,1786739470.8001618,-463.8679233459093,-182.22128729944575,699.646161618195,13.666596547458735,-34.79009425094348,6.735333142786577e-20
1786739566.776416,push +Z,fast,1786739470.8001618,-464.53425511102887,-182.0388598730891,703.5000172493465,13.652914490481923,-34.84006913332742,6.802701852278017e-20
1786739566.806005,push +Z,fast,1786739470.8001618,-467.45645531950095,-180.01641447167992,712.117533403667,13.501231085376102,-35.059234148962894,6.848865663484131e-20
1786739566.8331757,push +Z,fast,1786739470.8001618,-471.34752045422556,-181.30479423080556,723.0848263266944,13.597859567310547,-35.35106403406708,6.966320379545183e-20
1786739566.8617527,push +Z,fast,1786739470.8001618,-469.2475532190315,-179.40292983378026,727.1509133276713,13.455219737533678,-35.193566491427546,6.957522397493721e-20
1786739566.8902419,push +Z,fast,1786739470.8001618,-467.244220128674,-178.50000380705444,720.5650222957765,13.387500285529324,-35.043316509650566,6.889600338508824e-20
1786739566.9187512,push +Z,fast,1786739470.8001618,-465.9333698296541,-179.81639460460315,714.3165579064125,13.486229595345275,-34.94500273722421,6.850552646237987e-20
1786739566.9468143,push +Z,fast,1786739470.8001618,-466.95367942880466,-181.91699366093428,706.9262194869352,13.643774524570329,-35.02152595716042,6.822482281896756e-20
1786739566.9754767,push +Z,fast,1786739470.8001618,-469.5488763604076,-184.14380429996538,713.5261323916739,13.81078532249769,-35.21616572703084,6.91269411214691e-20
1786739567.0035791,push +Z,fast,1786739470.8001618,-469.8524580727858,-183.47413469368712,717.9576945097733,13.760560102026783,-35.2389343554592,6.937017489484274e-20
1786739567.0322049,push +Z,fast,1786739470.8001618,-468.68668408078065,-183.0623362218431,712.4240659114093,13.729675216638508,-35.15150130605875,6.872373067825047e-20
1786739567.0607615,push +Z,fast,1786739470.8001618,-468.91904706200194,-182.34873413579305,713.1491358907615,13.676155060184644,-35.168928529650444,6.911277400850962e-20
1786739567.0887184,push +Z,fast,1786739470.8001618,-468.01554981054596,-182.5249336279444,706.0692069953166,13.68937002209599,-35.101166235791034,6.889601755163351e-20
1786739567.1169436,push +Z,fast,1786739470.8001618,-467.1160675971978,-180.3641964621777,705.8766169957726,13.527314734663673,-35.033705069790045,6.934653896793492e-20
1786739567.145444,push +Z,fast,1786739470.8001618,-465.3329007607749,-180.8980000488092,697.3833309217816,13.567350003660753,-34.89996755705831,6.854883393385926e-20
1786739567.1739564,push +Z,fast,1786739470.8001618,-464.41601297279567,-181.1083517463893,697.9582998994083,13.583126380979405,-34.83120097295984,6.800230936694895e-20
1786739567.2025635,push +Z,fast,1786739470.8001618,-463.9743478161108,-182.7813276241818,701.3264558631163,13.708599571813831,-34.798076086208425,6.772187753944354e-20
1786739567.2305164,push +Z,fast,1786739470.8001618,-464.8344649211608,-184.74830600490498,704.2312504857073,13.8561229503681,-34.86258486908731,6.792483085085539e-20
1786739567.2592158,push +Z,fast,1786739470.8001618,-467.7752779937291,-184.27842785552923,711.394218139978,13.820882089164936,-35.08314584952975,6.823564473803391e-20
1786739567.2876325,push +Z,fast,1786739470.8001618,-467.73295719045655,-182.48315807424024,708.3293934924877,13.6862368555682,-35.07997178928445,6.768951320579248e-20
1786739567.316148,push +Z,fast,1786739470.8001618,-469.0569596479977,-180.7688112683877,710.2993060505778,13.557660845129153,-35.17927197360001,6.775004081107373e-20
1786739567.3444796,push +Z,fast,1786739470.8001618,-467.9198164833797,-182.119142319331,712.0848229130606,13.658935673950108,-35.09398623625367,6.86331839336454e-20
1786739567.372694,push +Z,fast,1786739470.8001618,-468.8144148484698,-185.14866759549705,714.263726349931,13.886150069662389,-35.161081113635355,6.906817883646021e-20
1786739567.4010768,push +Z,fast,1786739470.8001618,-465.940961713065,-184.8295793336448,714.0769573018306,13.862218450023601,-34.945572128480045,6.850363910348505e-20
1786739567.4296005,push +Z,fast,1786739470.8001618,-466.4525919945304,-184.76570681081125,713.3889094124806,13.85742801081103,-34.983944399590065,6.816428167118731e-20
1786739567.4576793,push +Z,fast,1786739470.8001618,-466.5364360108074,-184.75240172809924,716.6443683965872,13.856430129607634,-34.99023270081076,6.844698869284713e-20
1786739567.4861372,push +Z,fast,1786739470.8001618,-466.911886094254,-183.55602543151838,713.2883275406912,13.766701907364027,-35.01839145706915,6.84481403587443e-20
1786739567.514581,push +Z,fast,1786739470.8001618,-464.69568216207745,-183.3928817392739,708.9931280825422,13.754466130445788,-34.85217616215592,6.786722087516095e-20
1786739567.5428388,push +Z,fast,1786739470.8001618,-462.0079628976355,-182.04584581325537,706.4546417470356,13.653438435994222,-34.65059721732284,6.738204941018662e-20
1786739567.5713966,push +Z,fast,1786739470.8001618,-462.5517023651396,-183.8593296975214,712.484976917427,13.789449727314274,-34.69137767738572,6.805067187873133e-20
1786739567.5998147,push +Z,fast,1786739470.8001618,-464.4104539348177,-186.48990346107269,714.8517904398541,13.98674275958074,-34.83078404511139,6.861745704780493e-20
1786739567.6280258,push +Z,fast,1786739470.8001618,-464.8503772546919,-185.74668771210258,713.9750671377187,13.93100157840789,-34.863778294102076,6.879147764129474e-20
1786739567.6564984,push +Z,fast,1786739470.8001618,-464.61474299663223,-185.5414682046944,710.7289794564458,13.915610115352234,-34.84610572474764,6.842569832186279e-20
1786739567.685246,push +Z,fast,1786739470.8001618,-462.8772849438951,-182.69371819907667,706.945633080395,13.70202886493109,-34.715796370792354,6.819303394759945e-20
1786739567.7133777,push +Z,fast,1786739470.8001618,-464.8321035416393,-183.26684988251463,709.472693629672,13.745013741188718,-34.86240776562309,6.85627474821363e-20
1786739567.7416916,push +Z,fast,1786739470.8001618,-465.1660818047849,-183.35872347947668,713.1947277976633,13.751904260960867,-34.887456135359024,6.897262695010918e-20
1786739567.770167,push +Z,fast,1786739470.8001618,-466.1979671095114,-182.43526874249994,715.9281551280155,13.682645155687705,-34.9648475332135,6.880975234056719e-20
1786739567.7997284,push +Z,fast,1786739470.8001618,-464.7770679458131,-185.3516443078123,715.4396666448338,13.901373323086165,-34.85828009593623,6.875380800301481e-20
1786739567.8270285,push +Z,fast,1786739470.8001618,-461.8260794828698,-187.4787178911663,702.3987266880958,14.060903841837604,-34.63695596121542,6.781736286891609e-20
1786739567.8553302,push +Z,fast,1786739470.8001618,-462.1476350285302,-188.5585179789664,704.3682526278353,14.141888848422685,-34.661072627139895,6.790187222428456e-20
1786739567.8837278,push +Z,fast,1786739470.8001618,-463.29376195974737,-185.8703322273809,702.9385204972932,13.940274917053738,-34.74703214698131,6.827002927391181e-20
1786739567.9121275,push +Z,fast,1786739470.8001618,-467.6244779618446,-181.82825454338024,712.4842788739707,13.637119090753739,-35.071835847138516,6.901615829779243e-20
1786739567.9404283,push +Z,fast,1786739470.8001618,-466.7719179832343,-182.26262865349815,709.6971812810507,13.66969714901251,-35.00789384874282,6.936580548149357e-20
1786739567.968844,push +Z,fast,1786739470.8001618,-465.5696673591392,-181.63136029665304,709.2215116088364,13.622352022249085,-34.91772505193563,6.859771804739444e-20
1786739567.997806,push +Z,fast,1786739470.8001618,-465.46146556446683,-183.32676564978306,712.4357697586038,13.749507423733842,-34.90960991733526,6.902414384307897e-20
1786739568.0257125,push +Z,fast,1786739470.8001618,-465.3124807031759,-182.26752179160042,709.799172207353,13.670064134370133,-34.89843605273847,6.805884572695636e-20
1786739568.054303,push +Z,fast,1786739470.8001618,-466.56776590015033,-183.6363958072726,711.2660890584202,13.772729685545794,-34.99258244251138,6.859067178031933e-20
1786739568.0823812,push +Z,fast,1786739470.8001618,-465.3637428674929,-185.81843673681658,709.5855145633795,13.93638275526143,-34.902280715062126,6.835280554659449e-20
1786739568.110973,push +Z,fast,1786739470.8001618,-465.2550126635597,-186.26991901088604,710.8239571742088,13.970243925816522,-34.89412594976716,6.871500620694024e-20
1786739568.139262,push +Z,fast,1786739470.8001618,-465.8917058820871,-188.28861742523577,707.8325418499917,14.121646306892789,-34.94187794115672,6.881363656079678e-20
1786739568.1675446,push +Z,fast,1786739470.8001618,-465.88003572718435,-185.1217580293361,706.7143628589929,13.884131852200415,-34.941002679538954,6.90192480992855e-20
1786739568.1972592,push +Z,fast,1786739470.8001618,-466.0266616379563,-185.4159724528654,708.1893236480146,13.906197933965078,-34.95199962284694,6.963966262796425e-20
1786739568.2246943,push +Z,fast,1786739470.8001618,-463.6900712724482,-181.71282920463716,708.4945982522404,13.628462190348035,-34.776755345433834,6.900524340664761e-20
1786739568.2531712,push +Z,fast,1786739470.8001618,-463.46753278405004,-181.96284810834538,708.188045807573,13.64721360812607,-34.76006495880387,6.858657035586292e-20
1786739568.2813406,push +Z,fast,1786739470.8001618,-463.6422129040925,-181.80166172706367,704.5307550443567,13.635124629529916,-34.77316596780707,6.80032922634646e-20
1786739568.3098202,push +Z,fast,1786739470.8001618,-463.59446899493287,-181.28188572735053,701.5781677135137,13.596141429551512,-34.76958517462018,6.768010388173732e-20
1786739568.3386266,push +Z,fast,1786739470.8001618,-464.25863606546864,-181.97396358984622,700.3793888037835,13.64804726923865,-34.819397704910415,6.79179255857037e-20
1786739568.3664267,push +Z,fast,1786739470.8001618,-463.7965627476701,-182.51498579861754,696.476168759029,13.68862393489653,-34.78474220607555,6.784161406503309e-20
1786739568.394663,push +Z,fast,1786739470.8001618,-465.3280536250877,-183.8996207177737,699.333664841206,13.792471553833256,-34.899604021881686,6.844527429176779e-20
1786739568.423128,push +Z,fast,1786739470.8001618,-466.08624034004106,-184.00189463373704,701.2768826167494,13.800142097530472,-34.95646802550331,6.851477707756341e-20
1786739568.4515612,push +Z,fast,1786739470.8001618,-466.943338538857,-183.26199498984386,710.0866908813441,13.744649624238487,-35.02075039041451,6.858735683239754e-20
1786739568.479771,push +Z,fast,1786739470.8001618,-466.8401943539311,-182.10507496317302,710.3898643500124,13.657880622238277,-35.01301457654497,6.831010604674298e-20
1786739568.5084019,push +Z,fast,1786739470.8001618,-466.7740812697766,-183.58455519724134,709.2451831861599,13.768841639793433,-35.00805609523353,6.846235488757516e-20
1786739568.5367434,push +Z,fast,1786739470.8001618,-465.91778753342624,-183.02315129742897,702.7527306368711,13.726736347307313,-34.94383406500714,6.824637034227049e-20
1786739568.565035,push +Z,fast,1786739470.8001618,-467.2392131895267,-185.6720586238622,706.4065239781103,13.92540439678994,-35.042940989214806,6.862476488168207e-20
1786739568.5936532,push +Z,fast,1786739470.8001618,-465.2403084022658,-183.74870260491025,702.639501350448,13.781152695368544,-34.89302313017023,6.75467518702366e-20
1786739568.6262093,push +Z,fast,1786739470.8001618,-467.11562733832307,-187.73161339203875,703.9053391050156,14.079871004403149,-35.03367205037445,6.76706697501675e-20
1786739568.650215,push +Z,fast,1786739470.8001618,-466.00054719710806,-185.81228770193093,704.4247467179075,13.935921577645,-34.95004103978319,6.773832146074268e-20
1786739568.6786041,push +Z,fast,1786739470.8001618,-467.6201330828126,-185.3571432067571,709.1817522556948,13.901785740506785,-35.07150998121105,6.862871940308338e-20
1786739568.7070653,push +Z,fast,1786739470.8001618,-467.0503957027804,-183.5183159298913,717.4051281819766,13.763873694742092,-35.02877967770889,6.977403040395325e-20
1786739568.7353642,push +Z,fast,1786739470.8001618,-467.4702665999762,-183.8030547834104,714.4836418784171,13.785229108756003,-35.06026999499832,6.916517280292404e-20
1786739568.7637258,push +Z,fast,1786739470.8001618,-467.57387149434544,-185.19855607189209,713.6329180098674,13.889891705392078,-35.068040362076154,6.92510402120226e-20
1786739568.7941048,push +Z,fast,1786739470.8001618,-467.80868948206216,-184.17785686083073,709.1436045224591,13.813339264562583,-35.08565171115479,6.800611497032147e-20
1786739568.8208897,push +Z,fast,1786739470.8001618,-469.10204102298894,-183.0918629530903,716.8015708835364,13.731889721482073,-35.182653076724435,6.85596845670218e-20
1786739568.8491538,push +Z,fast,1786739470.8001618,-467.8112558577541,-182.39320072110547,710.5247442059426,13.679490054083143,-35.08584418933182,6.816507333209519e-20
1786739568.877485,push +Z,fast,1786739470.8001618,-470.1066598214725,-182.4134654255456,716.8691427568738,13.681009906916106,-35.257999486610785,6.881017264489328e-20
1786739568.9061167,push +Z,fast,1786739470.8001618,-468.8000695095038,-183.50422652593306,713.5306497273623,13.762816989445088,-35.1600052132129,6.899796118921327e-20
1786739568.934266,push +Z,fast,1786739470.8001618,-469.63356430120393,-182.72132435029164,717.127894752517,13.704099326272019,-35.22251732259054,6.858345087465927e-20
1786739568.9628022,push +Z,fast,1786739470.8001618,-467.5466391387595,-184.78263923179236,712.7201460235001,13.858697942384513,-35.06599793540712,6.88358979978663e-20
1786739568.9913394,push +Z,fast,1786739470.8001618,-468.62891634696143,-185.79946665376622,710.5953102455533,13.934959999032667,-35.14716872602232,6.882596963846592e-20
1786739569.019565,push +Z,fast,1786739470.8001618,-469.10244773064824,-186.62138990703,714.1845092300355,13.996604243027367,-35.182683579798784,6.93659398618809e-20
1786739569.048021,push +Z,fast,1786739470.8001618,-469.2481641141958,-184.78063565457944,710.4599177665004,13.858547674093675,-35.193612308564916,6.851239619155432e-20
1786739569.0766613,push +Z,fast,1786739470.8001618,-468.35551578325203,-181.71252087532878,709.4051997154693,13.628439065649989,-35.12666368374426,6.793705939972999e-20
1786739569.104745,push +Z,fast,1786739470.8001618,-466.0697573806192,-178.37765401997342,704.7814030047657,13.378324051498186,-34.95523180354672,6.848429283492418e-20
1786739569.1329825,push +Z,fast,1786739470.8001618,-466.0328188447884,-178.42434529456705,706.5723712695244,13.38182589709275,-34.95246141335914,6.940230963766291e-20
1786739569.161293,push +Z,fast,1786739470.8001618,-466.367809777671,-180.63202517644766,708.570368665044,13.547401888233733,-34.97758573332561,6.950837883619606e-20
1786739569.190997,push +Z,fast,1786739470.8001618,-468.18910398281696,-184.9303445159843,711.9021043360672,13.869775838699038,-35.11418279871126,6.910470948434857e-20
1786739569.2184222,push +Z,fast,1786739470.8001618,-467.56989997884057,-185.0327026474862,717.2965996442972,13.877452698561736,-35.06774249841331,6.853439295662675e-20
1786739569.246753,push +Z,fast,1786739470.8001618,-467.0991248376322,-185.60391896895044,715.7428371180722,13.920293922671508,-35.03243436282263,6.857538174920391e-20
1786739569.2753208,push +Z,fast,1786739470.8001618,-468.03733234167385,-184.8247245819008,711.4809372703385,13.86185434364268,-35.10279992562585,6.772264148483054e-20
1786739569.303595,push +Z,fast,1786739470.8001618,-467.90593557475677,-184.64632058401617,704.2711737153213,13.84847404380142,-35.09294516810699,6.75678197225035e-20
1786739569.3318973,push +Z,fast,1786739470.8001618,-467.6140661687841,-185.08712359897584,700.2974293165771,13.881534269923481,-35.07105496265903,6.727530834738278e-20
1786739569.3603342,push +Z,fast,1786739470.8001618,-466.2264286901018,-186.06938137683414,706.2135795384074,13.955203603262806,-34.96698215175773,6.822513426388357e-20
1786739569.389136,push +Z,fast,1786739470.8001618,-466.534815773452,-186.939833283893,705.6261426754818,14.020487496292251,-34.99011118300901,6.867244790566269e-20
1786739569.4171445,push +Z,fast,1786739470.8001618,-467.0211907272469,-184.3299220126113,713.9181694239796,13.824744150946056,-35.02658930454372,6.925408952298361e-20
1786739569.4454563,push +Z,fast,1786739470.8001618,-466.22547259976227,-184.12771575728289,705.3337890692183,13.809578681796484,-34.96691044498239,6.860595155152908e-20
1786739569.4737928,push +Z,fast,1786739470.8001618,-465.8962319930297,-183.53068935198382,708.8612995828053,13.764801701398984,-34.94221739947748,6.839988187743384e-20
1786739569.5025883,push +Z,fast,1786739470.8001618,-466.55836432171736,-186.4210464936525,704.8471872632535,13.981578487024162,-34.99187732412902,6.825881808783694e-20
1786739569.530467,push +Z,fast,1786739470.8001618,-466.0871615582373,-184.72096090856155,708.5771142945478,13.854072068142326,-34.95653711686797,6.819420938314143e-20
1786739569.5591128,push +Z,fast,1786739470.8001618,-466.35971928470417,-184.54726664454006,701.7617708621801,13.841044998340703,-34.976978946352986,6.821795531774806e-20
1786739569.5876522,push +Z,fast,1786739470.8001618,-466.25704475636394,-184.30933178976784,704.4414122641574,13.82319988423276,-34.9692783567277,6.864899918253174e-20
1786739569.6157312,push +Z,fast,1786739470.8001618,-468.65064708941964,-184.5136832576669,712.5134894633229,13.838526244325163,-35.14879853170668,6.914721800498231e-20
1786739569.6441789,push +Z,fast,1786739470.8001618,-469.09744159732963,-185.09649886202067,719.4558738294891,13.882237414651879,-35.18230811979999,6.923755587788271e-20
1786739569.6729941,push +Z,fast,1786739470.8001618,-470.78070839620386,-184.65361613032542,720.9343873761873,13.849021209774317,-35.30855312971554,6.890173000743363e-20
1786739569.7010493,push +Z,fast,1786739470.8001618,-470.32512934383067,-186.556838980934,712.2938642986646,13.991762923570246,-35.274384700787415,6.878842525198904e-20
1786739569.7294164,push +Z,fast,1786739470.8001618,-469.6334512952267,-186.26232676200652,708.9094687159441,13.969674507150703,-35.22250884714235,6.858352431999105e-20
1786739569.7578945,push +Z,fast,1786739470.8001618,-464.8135101080734,-186.33425486123986,697.118077635494,13.975069114592987,-34.86101325810562,6.791515857436826e-20
1786739569.786338,push +Z,fast,1786739470.8001618,-463.89294167101116,-184.73927208213684,699.5381331861081,13.855445406160445,-34.79197062532593,6.794459162807335e-20
1786739569.8144789,push +Z,fast,1786739470.8001618,-465.6555045013379,-182.37155499736264,704.4712568464602,13.67786662480243,-34.924162837600484,6.785245575825995e-20
1786739569.8430192,push +Z,fast,1786739470.8001618,-467.9952268533816,-184.53064889612506,709.7674830657243,13.839798667209546,-35.099642014003656,6.861678219407411e-20
1786739569.8714378,push +Z,fast,1786739470.8001618,-467.8488625264513,-182.8847421690076,710.0045431832859,13.716355662675884,-35.08866468948397,6.892610970018577e-20
1786739569.8997986,push +Z,fast,1786739470.8001618,-463.84627375917535,-184.4515083717066,702.792853682341,13.833863127878121,-34.788470531938344,6.881966443642548e-20
1786739569.9280376,push +Z,fast,1786739470.8001618,-462.9147190982153,-180.03829246450027,697.7392576927987,13.502871934837724,-34.71860393236631,6.879018723736281e-20
1786739569.9564033,push +Z,fast,1786739470.8001618,-465.18121522901856,-183.11917952342958,699.8004738325671,13.733938464257388,-34.888591142176466,6.852576248358122e-20
1786739569.9848182,push +Z,fast,1786739470.8001618,-467.02909660756177,-182.16203014184896,701.5777672017657,13.662152260638752,-35.02718224556745,6.845329313941757e-20
1786739570.0163321,push +Z,fast,1786739470.8001618,-467.73931817307584,-183.5914895418615,709.4207164110458,13.769361715639786,-35.08044886298089,6.816956527950092e-20
1786739570.041592,push +Z,fast,1786739470.8001618,-467.4359007007024,-185.77923963244132,712.3334646039802,13.933442972433173,-35.0576925525528,6.873100935937526e-20
1786739570.0700018,push +Z,fast,1786739470.8001618,-468.0494528757308,-186.17504581693595,712.3408621742865,13.963128436270562,-35.10370896568007,6.893513015595585e-20
1786739570.0983226,push +Z,fast,1786739470.8001618,-470.40555297247874,-187.65815856369943,719.4390677449592,14.074361892277654,-35.28041647293619,6.989067143734986e-20
1786739570.1267061,push +Z,fast,1786739470.8001618,-466.94883188726317,-182.88500200144654,711.1264428685099,13.716375150108501,-35.02116239154474,6.910436916882547e-20
1786739570.1552744,push +Z,fast,1786739470.8001618,-467.35737710361354,-182.62753849408182,715.4926419896929,13.697065387056202,-35.051803282771175,6.943252064209174e-20
1786739570.1838374,push +Z,fast,1786739470.8001618,-467.2517174429122,-181.42133766285542,709.3399038231219,13.606600324714218,-35.043878808218615,6.845165505962153e-20
1786739570.2120006,push +Z,fast,1786739470.8001618,-470.3420311948116,-184.57762192922814,711.7336068844461,13.843321644692143,-35.27565233961101,6.868864007723428e-20
1786739570.2404032,push +Z,fast,1786739470.8001618,-470.7017396851088,-185.74136140486144,709.4147741363458,13.930602105364915,-35.30263047638328,6.817219758533837e-20
1786739570.2689776,push +Z,fast,1786739470.8001618,-469.51152574940943,-186.253305729148,707.1794974475533,13.968997929686385,-35.213364431206024,6.846463503702223e-20
1786739570.297319,push +Z,fast,1786739470.8001618,-467.404818277485,-183.59038935812634,708.818826508048,13.769279201859558,-35.055361370811674,6.867342575193994e-20
1786739570.3255503,push +Z,fast,1786739470.8001618,-465.67566600244163,-183.87319157157708,703.0722014507719,13.790489367868421,-34.92567495018328,6.844707586689078e-20
1786739570.354229,push +Z,fast,1786739470.8001618,-468.6879011233318,-184.77489405234485,710.3641315109744,13.858117053926055,-35.151592584250054,6.891944579663823e-20
1786739570.382645,push +Z,fast,1786739470.8001618,-471.46927277918303,-186.56091655022408,711.05130570033,13.99206874126715,-35.360195458438966,6.865599439314846e-20
1786739570.4109588,push +Z,fast,1786739470.8001618,-473.685939240881,-185.14455613797975,718.7640961930056,13.885841710348576,-35.526445443066265,6.895892669758634e-20
1786739570.439354,push +Z,fast,1786739470.8001618,-468.6199851258357,-183.621196592915,714.0284851561892,13.77158974446873,-35.14649888443796,6.815393924692728e-20
1786739570.4678679,push +Z,fast,1786739470.8001618,-467.3169060589066,-180.21930768861182,713.2643544041139,13.516448076646132,-35.048767954418224,6.825530016106394e-20
1786739570.496155,push +Z,fast,1786739470.8001618,-464.56786125387544,-179.77006159592554,705.2657049065747,13.482754619694528,-34.84258959404073,6.85003303890158e-20
1786739570.5246904,push +Z,fast,1786739470.8001618,-464.35481306602605,-181.7863430578392,694.0258630862854,13.633975729338278,-34.82661097995211,6.857877515056626e-20
1786739570.5531454,push +Z,fast,1786739470.8001618,-464.3332136863942,-185.76397121812886,690.2148449834276,13.93229784135983,-34.8249910264797,6.841867953533326e-20
1786739570.5815716,push +Z,fast,1786739470.8001618,-467.4275992872058,-188.94969742029423,700.4861956841241,14.171227306522308,-35.05706994654085,6.880147068232854e-20
1786739570.6138315,push +Z,fast,1786739470.8001618,-469.57079480742414,-186.30058737963384,710.0585776113248,13.972544053472777,-35.217809610557154,6.898163231409095e-20
1786739570.638412,push +Z,fast,1786739470.8001618,-469.5686281048206,-188.4055011778048,711.9786329626413,14.130412588335655,-35.21764710786185,6.913357415902692e-20
1786739570.6669328,push +Z,fast,1786739470.8001618,-468.6006351047545,-185.2054923472707,708.0258989848671,13.890411926045456,-35.145047632856986,6.88954378694884e-20
1786739570.69484,push +Z,fast,1786739470.8001618,-466.59749654716506,-186.88937531059491,698.5144951374223,14.016703148294798,-34.994812241037515,6.827247614083595e-20
1786739570.7234619,push +Z,fast,1786739470.8001618,-464.6979823417478,-185.08357105088817,693.4800916930453,13.881267828816885,-34.85234867563115,6.788533323678439e-20
1786739570.7518775,push +Z,fast,1786739470.8001618,-466.12532163497053,-185.68970515721503,698.7694015333027,13.926727886791308,-34.95939912262284,6.779212848215494e-20
1786739570.780224,push +Z,fast,1786739470.8001618,-468.9905428404568,-187.29372055552585,711.8577730510715,14.047029041664612,-35.174290713034466,6.855197502951429e-20
1786739570.8116171,push +Z,fast,1786739470.8001618,-470.8171275171685,-186.28019403659857,719.5510378278868,13.971014552744887,-35.31128456378786,6.8913147046411e-20
1786739570.836874,push +Z,fast,1786739470.8001618,-470.99184306472307,-189.62957731342124,722.3847424712048,14.222218298506778,-35.324388229854584,6.919055125472912e-20
1786739570.865179,push +Z,fast,1786739470.8001618,-471.62541309091375,-186.5519168529729,715.0497604060347,13.99139376397321,-35.371905981818735,6.881512391666345e-20
1786739570.8936303,push +Z,fast,1786739470.8001618,-474.10012254440926,-187.93556532916125,718.4814580582424,14.095167399687188,-35.55750919083094,6.881677948581621e-20
1786739570.9221058,push +Z,fast,1786739470.8001618,-471.2675129995446,-186.0749175759695,709.4877515707894,13.955618818197937,-35.345063474966125,6.835740566974639e-20
1786739570.9502752,push +Z,fast,1786739470.8001618,-467.3456398668159,-187.04205265416226,716.77575180658,14.028153949062439,-35.050922990011244,6.870689430985875e-20
1786739570.978895,push +Z,fast,1786739470.8001618,-462.94544005516263,-186.38561676119912,718.8564235329459,13.978921257090125,-34.7209080041373,6.928411098597734e-20
1786739571.0081341,push +Z,fast,1786739470.8001618,-461.536020788074,-184.49859516174286,719.5261778021377,13.837394637130874,-34.615201559105714,6.911723534505887e-20
1786739571.0355303,push +Z,fast,1786739470.8001618,-464.11726729966267,-187.22761399937383,726.2045176584497,14.042071049953176,-34.808795047474874,6.951385256002905e-20
1786739571.0641253,push +Z,fast,1786739470.8001618,-466.4958563949899,-187.96617502672098,718.1356893810234,14.097463127004264,-34.98718922962448,6.914830597000134e-20
1786739571.0924191,push +Z,fast,1786739470.8001618,-470.8591599612241,-190.0446870008924,726.1495087222565,14.253351525067064,-35.31443699709211,6.974834360412924e-20
1786739571.1208763,push +Z,fast,1786739470.8001618,-467.30442959999937,-185.6568009319077,716.5749524747898,13.924260069893354,-35.04783222000015,6.847888526146507e-20
1786739571.1490026,push +Z,fast,1786739470.8001618,-465.43041589540826,-183.5070953074371,725.3596255065358,13.763032148058148,-34.907281192155835,6.823348595860172e-20
1786739571.177527,push +Z,fast,1786739470.8001618,-464.0571702655516,-183.29791355541477,724.3128362806046,13.747343516656397,-34.80428776991661,6.793211073765383e-20
1786739571.2081792,push +Z,fast,1786739470.8001618,-466.1251927594112,-180.99584319170685,728.2935028738339,13.574688239378336,-34.95938945695597,6.802633477334245e-20
1786739571.2343774,push +Z,fast,1786739470.8001618,-468.42099106394517,-183.02468550870515,721.6349026919725,13.726851413153103,-35.131574329796116,6.846095848985888e-20
1786739571.2627614,push +Z,fast,1786739470.8001618,-465.39875132177986,-180.86227458601695,709.4223412839183,13.564670593951494,-34.904906349133746,6.810393939902533e-20
1786739571.2911057,push +Z,fast,1786739470.8001618,-467.01678009766783,-185.10356447418712,710.3070906807716,13.88276733556425,-35.02625850732523,6.925432469364175e-20
1786739571.3194218,push +Z,fast,1786739470.8001618,-464.3153179082842,-184.73737466824548,708.0432313503006,13.855303100118537,-34.823648843121525,6.855160123264984e-20
1786739571.3476565,push +Z,fast,1786739470.8001618,-465.15257326572737,-183.0324075117028,714.3055852049174,13.727430563377968,-34.88644299492985,6.853443222769408e-20
1786739571.3761199,push +Z,fast,1786739470.8001618,-463.1408360236351,-182.91604018757755,713.0016100430921,13.71870301406842,-34.73556270177282,6.784895511447142e-20
1786739571.4054234,push +Z,fast,1786739470.8001618,-463.8355887214102,-181.27013467823144,714.6463875471754,13.595260100867467,-34.787669154106055,6.817037840198169e-20
1786739571.432964,push +Z,fast,1786739470.8001618,-466.62473453760913,-185.1654002905634,726.3670788050858,13.887405021792478,-34.996855090320864,6.916337090256137e-20
1786739571.461531,push +Z,fast,1786739470.8001618,-466.2510628997584,-183.8814695910579,722.0015793742432,13.791110219329578,-34.968829717482045,6.919541418849792e-20
1786739571.4898849,push +Z,fast,1786739470.8001618,-466.7380688332578,-183.32958211093705,722.9618051943689,13.7497186583205,-35.00535516249466,6.949816058442097e-20
1786739571.518081,push +Z,fast,1786739470.8001618,-463.26330554292645,-182.70137475829154,706.9124902740441,13.702603106871951,-34.74474791571967,6.921698252112454e-20
1786739571.5466356,push +Z,fast,1786739470.8001618,-466.8341514235067,-184.6528312066,709.9127133299025,13.84896234049516,-35.012561356763214,6.954763647232273e-20
1786739571.5749075,push +Z,fast,1786739470.8001618,-466.20640414850004,-184.43438095413887,710.5227864713406,13.832578571560628,-34.96548031113769,6.91855933741292e-20
1786739571.6054876,push +Z,fast,1786739470.8001618,-467.3042848566556,-185.7371476388546,719.9461210936524,13.930286072914253,-35.04782136424944,6.891523316159743e-20
1786739571.6319594,push +Z,fast,1786739470.8001618,-466.7719716696474,-186.84032789108028,720.5703289790545,14.013024591831343,-35.007897875223804,6.912986941796018e-20
1786739571.6600945,push +Z,fast,1786739470.8001618,-467.15701826007125,-187.89224340703413,715.1734717017107,14.091918255527762,-35.036776369505546,6.943020219512636e-20
1786739571.688532,push +Z,fast,1786739470.8001618,-464.70776516735896,-184.11898297709683,702.0459047425329,13.808923723282529,-34.85308238755223,6.873137968438554e-20
1786739571.7167587,push +Z,fast,1786739470.8001618,-461.5213227571089,-180.90679991316324,696.3609622966051,13.568009993487518,-34.614099206783116,6.820498499419283e-20
1786739571.7451408,push +Z,fast,1786739470.8001618,-458.8038770939447,-178.27173743776234,691.482680218739,13.370380307832246,-34.410290782046175,6.738489687108539e-20
1786739571.774023,push +Z,fast,1786739470.8001618,-463.15207677640547,-181.9806364687763,701.9882352865061,13.64854773515837,-34.73640575823069,6.826564968322977e-20
1786739571.8053708,push +Z,fast,1786739470.8001618,-464.0343263058685,-187.1608801770593,705.3445093921446,14.037066013279702,-34.80257447294027,6.858554695176137e-20
1786739571.8305423,push +Z,fast,1786739470.8001618,-466.6290657372797,-190.57136422071926,717.9164118950939,14.292852316554264,-34.9971799302961,6.890301014502526e-20
1786739571.858817,push +Z,fast,1786739470.8001618,-466.3711979702166,-188.88165338737417,719.6677176982557,14.166124004053234,-34.97783984776651,6.861920332419022e-20
1786739571.8874762,push +Z,fast,1786739470.8001618,-467.3656051605717,-184.56403546599597,715.39702543374,13.842302659949755,-35.05242038704302,6.824870178911065e-20
1786739571.9155195,push +Z,fast,1786739470.8001618,-471.4061382685459,-183.82157702460904,720.0427746261867,13.78661827684596,-35.35546037014108,6.903093371282911e-20
1786739571.9439094,push +Z,fast,1786739470.8001618,-468.7545605480391,-181.98912673272798,713.8388034042937,13.649184504954842,-35.1565920411032,6.889354074666475e-20
1786739571.9726355,push +Z,fast,1786739470.8001618,-466.9403248930985,-181.70866052530846,716.9229676068753,13.628149539398496,-35.02052436698265,6.88942705098043e-20
1786739572.0007846,push +Z,fast,1786739470.8001618,-462.74922629213233,-182.07782526877565,710.7351460727486,13.65583689515837,-34.7061919719102,6.858286444144292e-20
1786739572.0293221,push +Z,fast,1786739470.8001618,-463.9272379131389,-183.4552764036897,712.5154383509716,13.759145730276995,-34.794542843485715,6.851568510544576e-20
1786739572.0576012,push +Z,fast,1786739470.8001618,-467.2669060055573,-188.46042614209568,719.4106383477938,14.134531960657487,-35.045017950416906,6.933774453053109e-20
1786739572.0859084,push +Z,fast,1786739470.8001618,-465.902130614375,-188.05077801070195,710.7204921540597,14.103808350802762,-34.94265979607818,6.882403964323519e-20
1786739572.114318,push +Z,fast,1786739470.8001618,-464.5707253560022,-189.1819675503334,702.0723586356071,14.188647566275282,-34.842804401700434,6.881949722194128e-20
1786739572.142975,push +Z,fast,1786739470.8001618,-461.78635789722375,-186.9119648679241,696.5401244535642,14.018397365094504,-34.633976842292014,6.847839415137671e-20
1786739572.171439,push +Z,fast,1786739470.8001618,-464.2858974662636,-186.61662986522742,704.6636214220089,13.99624723989233,-34.82144230996992,6.860039256204506e-20
1786739572.20256,push +Z,fast,1786739470.8001618,-465.7047683523888,-187.5271211589593,713.8998821121058,14.064534086922198,-34.92785762642922,6.876461836899663e-20
1786739572.228167,push +Z,fast,1786739470.8001618,-464.9761949980252,-185.13560440344577,718.4903548207558,13.88517033025865,-34.87321462485217,6.855912514115852e-20
1786739572.2562306,push +Z,fast,1786739470.8001618,-464.2635261929049,-184.41286155343403,722.0282983179277,13.830964616507668,-34.819764464467966,6.889097254805047e-20
1786739572.2849576,push +Z,fast,1786739470.8001618,-461.79854527219595,-184.3262054765347,712.8639354693423,13.82446541074037,-34.634890895414884,6.850989024619594e-20
1786739572.3135026,push +Z,fast,1786739470.8001618,-461.7090558746477,-183.77300125566796,700.1260472933927,13.782975094175317,-34.628179190598715,6.81609532770662e-20
1786739572.3414137,push +Z,fast,1786739470.8001618,-461.05281355948046,-183.83002116939463,690.2718477654107,13.787251587704898,-34.57896101696119,6.756400443530629e-20
1786739572.3699973,push +Z,fast,1786739470.8001618,-463.0126216494,-181.0619082433916,703.6078547461693,13.579643118254548,-34.725946623705006,6.797098178911995e-20
1786739572.3983278,push +Z,fast,1786739470.8001618,-464.4822132284198,-180.66181740438094,706.7138975131347,13.549636305328907,-34.83616599213169,6.784046526071248e-20
1786739572.4266427,push +Z,fast,1786739470.8001618,-463.949243391045,-180.98698645727495,707.4442385957027,13.574023984295845,-34.79619325432852,6.798002899172505e-20
1786739572.4551644,push +Z,fast,1786739470.8001618,-466.04105273164396,-184.32244852163547,708.1743878588877,13.824183639122975,-34.95307895487348,6.838278746573353e-20
1786739572.4832978,push +Z,fast,1786739470.8001618,-465.16278350733,-186.23122649252457,705.4782662330272,13.967341986939577,-34.88720876304995,6.872791954131254e-20
1786739572.5119538,push +Z,fast,1786739470.8001618,-465.4506627041169,-184.14890117539437,705.4066574032604,13.811167588154692,-34.908799702808906,6.814515164499106e-20
1786739572.5402694,push +Z,fast,1786739470.8001618,-460.30242541753614,-184.53521899736324,695.2368130705327,13.840141424802393,-34.52268190631549,6.745305724624822e-20
1786739572.568686,push +Z,fast,1786739470.8001618,-460.1369755030123,-182.6722823968272,706.1567413345028,13.700421179762227,-34.51027316272633,6.741424857873429e-20
1786739572.599902,push +Z,fast,1786739470.8001618,-461.2690403657398,-185.33056619020965,710.8804870080785,13.899792464266074,-34.59517802743076,6.830160773393812e-20
1786739572.625575,push +Z,fast,1786739470.8001618,-465.1941723164264,-184.07822064430138,719.0113993754658,13.805866548322772,-34.889562923732214,6.90781361533041e-20
1786739572.6541586,push +Z,fast,1786739470.8001618,-464.0842561752588,-185.2520059911767,710.0431934473481,13.893900449338428,-34.80631921314466,6.847427359877987e-20
1786739572.6823375,push +Z,fast,1786739470.8001618,-462.7470810974455,-184.2129510896566,707.282818431022,13.815971331724544,-34.70603108230871,6.815021023779326e-20
1786739572.7107272,push +Z,fast,1786739470.8001618,-461.31956749091023,-182.17332158124543,694.64286769316,13.662999118593635,-34.5989675618186,6.674736803295534e-20
1786739572.7391315,push +Z,fast,1786739470.8001618,-459.70495035579324,-181.4283781660971,691.2356287332714,13.607128362457534,-34.477871276684695,6.660173614403348e-20
1786739572.7672658,push +Z,fast,1786739470.8001618,-460.3677408073113,-180.520560585039,693.0421981715263,13.539042043878037,-34.52758056054851,6.675763285292473e-20
1786739572.797176,push +Z,fast,1786739470.8001618,-460.60795080955495,-181.6376953328264,701.6494154884967,13.622827149962209,-34.54559631071678,6.719691604498988e-20
1786739572.8243558,push +Z,fast,1786739470.8001618,-466.6865187637445,-182.9262570391346,714.7098610293351,13.719469277935207,-35.00148890728107,6.816748925801261e-20
1786739572.8528163,push +Z,fast,1786739470.8001618,-466.63988627680465,-184.8957066107405,712.5440309439509,13.86717799580585,-34.99799147076055,6.832987503962178e-20
1786739572.880943,push +Z,fast,1786739470.8001618,-466.84661141993956,-183.8596211660273,709.8347285933451,13.789471587452287,-35.0134958564955,6.859269466629661e-20
1786739572.9092467,push +Z,fast,1786739470.8001618,-463.47548657371044,-182.82060839690791,695.6427784290054,13.711545629768342,-34.76066149302843,6.767820055112483e-20
1786739572.937797,push +Z,fast,1786739470.8001618,-462.6601222114755,-184.16837271167583,697.9811862432061,13.812627953375891,-34.69950916586106,6.80299494702494e-20
1786739572.966159,push +Z,fast,1786739470.8001618,-462.8528946636143,-183.37387009867723,695.9869793532389,13.753040257400894,-34.7139670997714,6.807820444502008e-20
1786739572.9972744,push +Z,fast,1786739470.8001618,-465.02691635326437,-183.66968244137843,704.5089871573664,13.775226183103559,-34.87701872649509,6.881933812851615e-20
1786739573.0229998,push +Z,fast,1786739470.8001618,-467.3128378591605,-182.67696834710625,711.9358447955738,13.70077262603321,-35.048462839437306,6.929491307829402e-20
1786739573.0515666,push +Z,fast,1786739470.8001618,-468.4390480470556,-181.903180028551,715.7762958904959,13.642738502141452,-35.132928603529294,6.90642709935699e-20
1786739573.0796733,push +Z,fast,1786739470.8001618,-467.0782539626939,-181.82831060121453,719.5058572984817,13.63712329509126,-35.03086904720228,6.975553236374998e-20
1786739573.108092,push +Z,fast,1786739470.8001618,-467.64805654012525,-182.26542475854149,713.0557574966069,13.66990685689078,-35.07360424050962,6.954322694595505e-20
1786739573.1365113,push +Z,fast,1786739470.8001618,-467.4735365905417,-184.39251236585721,714.5219132899874,13.829438427439609,-35.060515244290855,6.99732446701879e-20
1786739573.1648862,push +Z,fast,1786739470.8001618,-466.13851053209373,-182.4897299793347,703.9819844999474,13.686729748450215,-34.96038828990721,6.876158454579282e-20
1786739573.1966484,push +Z,fast,1786739470.8001618,-463.889425480068,-181.01132390262376,700.1738558163142,13.57584929269694,-34.791706911005114,6.771771362672051e-20
1786739573.2217534,push +Z,fast,1786739470.8001618,-464.66401918716565,-182.99529760041503,707.5480420043605,13.724647320031341,-34.84980143903752,6.831793975429047e-20
1786739573.2501416,push +Z,fast,1786739470.8001618,-466.4148376877847,-183.15801979850085,718.6374993529153,13.736851484887797,-34.981112826584,6.903734245302263e-20
1786739573.2786179,push +Z,fast,1786739470.8001618,-467.8295844867516,-182.87666198789134,722.5981031568463,13.715749649092142,-35.08721883650652,6.9149730863225e-20
1786739573.3071148,push +Z,fast,1786739470.8001618,-464.5600965619715,-179.48641485561996,709.5283240957388,13.461481114171743,-34.842007242148,6.762711682615204e-20
1786739573.3352337,push +Z,fast,1786739470.8001618,-463.513860538078,-179.8606720521842,696.7848712191972,13.489550403914034,-34.76353954035617,6.741341421458658e-20
1786739573.3637714,push +Z,fast,1786739470.8001618,-464.22166434214705,-180.5227916020806,695.0192075103732,13.539209370156204,-34.81662482566127,6.737223234352686e-20
1786739573.391948,push +Z,fast,1786739470.8001618,-464.8076531349211,-183.7280217853296,694.7985779989995,13.779601633899976,-34.86057398511925,6.792408990119076e-20
1786739573.4208624,push +Z,fast,1786739470.8001618,-467.3875062356233,-185.67990097907557,709.6377772132164,13.925992573430793,-35.05406296767189,6.815227728489292e-20
1786739573.4486804,push +Z,fast,1786739470.8001618,-465.47972248921496,-184.3016737096159,702.1192981474442,13.82262552822144,-34.910979186691456,6.783563316477814e-20
1786739573.4772441,push +Z,fast,1786739470.8001618,-465.7906921678432,-183.4599185004099,707.6134786794437,13.759493887530947,-34.93430191258851,6.82223543316726e-20
1786739573.5055552,push +Z,fast,1786739470.8001618,-464.1276225703832,-184.44259280674635,697.8684311031948,13.833194460506238,-34.80957169277894,6.828012524461711e-20
1786739573.5340607,push +Z,fast,1786739470.8001618,-465.83379188075196,-186.01205324147884,706.7400402983976,13.950903993111172,-34.937534391056744,6.91609402572288e-20
1786739573.5623648,push +Z,fast,1786739470.8001618,-467.96199789179036,-186.26128365221962,706.6719334029767,13.969596273916768,-35.09714984188438,6.916296932084834e-20
1786739573.5908277,push +Z,fast,1786739470.8001618,-468.0817698842966,-183.82200112147893,712.3611798347592,13.786650084111063,-35.106132741322405,6.915321772465469e-20
1786739573.6193204,push +Z,fast,1786739470.8001618,-466.9621434486039,-184.0366448476824,713.9856123406626,13.802748363576331,-35.02216075864552,6.882608234723025e-20
1786739573.6474867,push +Z,fast,1786739470.8001618,-464.9666751525333,-180.0689634868919,711.3149986332164,13.505172261517043,-34.8725006364403,6.840135170872891e-20
1786739573.67587,push +Z,fast,1786739470.8001618,-465.30541772246943,-181.03058796066148,708.2229314271026,13.577294097049847,-34.89790632918552,6.790135014842057e-20
1786739573.704257,push +Z,fast,1786739470.8001618,-465.1180856499336,-179.46447887442753,701.035220018829,13.459835915582328,-34.88385642374507,6.802909330074549e-20
1786739573.7326648,push +Z,fast,1786739470.8001618,-466.71276582890687,-182.22563055890782,703.316029885229,13.666922291918258,-35.0034574371682,6.803893572699169e-20
1786739573.7612135,push +Z,fast,1786739470.8001618,-467.6262775283376,-182.47397231624961,709.5783219358964,13.685547923718918,-35.071970814625466,6.874638431066734e-20
1786739573.791536,push +Z,fast,1786739470.8001618,-471.0492675942414,-184.93426180659276,717.8771744821379,13.870069635494591,-35.32869506956845,6.889673433190049e-20
1786739573.8181663,push +Z,fast,1786739470.8001618,-473.251218007827,-187.98421828352787,730.2199846697968,14.098816371264665,-35.49384135058709,6.988500320103511e-20
1786739573.8468854,push +Z,fast,1786739470.8001618,-472.79546187731285,-188.56520740719918,721.6174022491059,14.14239055554,-35.459659640798684,6.949823439400918e-20
1786739573.874893,push +Z,fast,1786739470.8001618,-469.2467737576235,-184.96891430264657,725.4779262336915,13.87266857269854,-35.193508031821935,6.967125301926504e-20
1786739573.9029975,push +Z,fast,1786739470.8001618,-466.37136613375196,-182.679727446401,709.4480287156266,13.70097955848031,-34.97785246003164,6.900681600310539e-20
1786739573.931565,push +Z,fast,1786739470.8001618,-464.7566146095746,-180.35123378128878,708.1649979591793,13.526342533596829,-34.85674609571842,6.871780450216707e-20
1786739573.9601746,push +Z,fast,1786739470.8001618,-465.6460628561176,-182.92344634332323,699.3194881354557,13.719258475749367,-34.923454714209036,6.816210970610735e-20
1786739573.9884446,push +Z,fast,1786739470.8001618,-465.53163325386777,-181.42233949468778,703.9035520055158,13.606675462101808,-34.91487249404035,6.799345447564734e-20
1786739574.0169234,push +Z,fast,1786739470.8001618,-468.3449847289712,-184.14479387126596,708.9116570549022,13.810859540345081,-35.12587385467303,6.908939229017115e-20
1786739574.0453715,push +Z,fast,1786739470.8001618,-466.4712460987944,-184.2318400976061,703.8924244565442,13.817388007320528,-34.985343457409776,6.882883675815574e-20
1786739574.0735106,push +Z,fast,1786739470.8001618,-464.95247884993887,-182.2410732574508,698.805556869087,13.66808049430907,-34.87143591374566,6.890412428210469e-20
1786739574.101687,push +Z,fast,1786739470.8001618,-462.6991660765307,-180.75219770683486,689.9558132450329,13.556414828012809,-34.702437455739904,6.779803813094371e-20
1786739574.1302912,push +Z,fast,1786739470.8001618,-460.07894162171397,-180.55105361000187,686.4814310016363,13.541329020750407,-34.505920621628675,6.772411483394278e-20
1786739574.1588266,push +Z,fast,1786739470.8001618,-463.0382264900777,-185.8683606969953,691.3952255130198,13.940127052274814,-34.72786698675592,6.79810088061677e-20
1786739574.1870584,push +Z,fast,1786739470.8001618,-463.11953170983634,-185.89709350526437,694.9090658112009,13.942282012894925,-34.73396487823789,6.780332856718906e-20
1786739574.2153895,push +Z,fast,1786739470.8001618,-465.4206319977043,-184.29302205976774,700.6286209017799,13.821976654482722,-34.90654739982799,6.78101439390197e-20
1786739574.2440171,push +Z,fast,1786739470.8001618,-463.39432183948975,-181.33495957207413,698.8642070252454,13.600121967905924,-34.75457413796196,6.742076408846316e-20
1786739574.272263,push +Z,fast,1786739470.8001618,-464.30123613107344,-180.8763112076166,700.639974264488,13.565723340571449,-34.822592709830694,6.744777372336606e-20
1786739574.30052,push +Z,fast,1786739470.8001618,-466.69838955651085,-181.13114165083482,706.1791909664826,13.584835623812783,-35.002379216738646,6.748568821936149e-20
1786739574.328972,push +Z,fast,1786739470.8001618,-466.5842557115625,-180.93643066527125,703.6183052889683,13.570232299895583,-34.993819178367396,6.778175004280686e-20
1786739574.3577912,push +Z,fast,1786739470.8001618,-467.05908471983,-180.8619023585701,713.9953372910077,13.564642676893005,-35.02943135398743,6.898418556403268e-20
1786739574.3857243,push +Z,fast,1786739470.8001618,-466.3110954679205,-180.27487971682706,709.551567493857,13.520615978762184,-34.973332160094245,6.931175700033938e-20
1786739574.4143066,push +Z,fast,1786739470.8001618,-471.9276777071859,-180.6247378195103,721.2091670896889,13.546855336463498,-35.39457582803927,6.952719600843466e-20
1786739574.4427185,push +Z,fast,1786739470.8001618,-471.06285094950726,-182.40172750113345,710.4481550685905,13.680129562585098,-35.329713821213254,6.850288474585427e-20
1786739574.4711096,push +Z,fast,1786739470.8001618,-471.3250866743406,-185.62039247883888,713.9837449772767,13.92152943591309,-35.34938150057579,6.877408366406777e-20
1786739574.4994338,push +Z,fast,1786739470.8001618,-470.23955278491667,-188.59089118880422,713.5227296828552,14.144316839160421,-35.26796645886904,6.929229000729826e-20
1786739574.5276418,push +Z,fast,1786739470.8001618,-468.50837872087186,-186.19971673057591,708.4880952510584,13.964978754793403,-35.13812840406559,6.945209821238713e-20
1786739574.556654,push +Z,fast,1786739470.8001618,-470.06786902051726,-189.47272549907223,710.9532063637871,14.210454412430533,-35.25509017653902,7.006294335464533e-20
1786739574.584818,push +Z,fast,1786739470.8001618,-467.6127121472841,-189.09410419819733,696.3325713066906,14.182057814864923,-35.0709534110466,6.805489876205492e-20
1786739574.6127412,push +Z,fast,1786739470.8001618,-468.4371628204649,-192.25340008291516,700.9520964640187,14.4190050062188,-35.13278721153508,6.780499884925416e-20
1786739574.6412232,push +Z,fast,1786739470.8001618,-468.3964288795628,-183.1887161816603,701.4487073087002,13.739153713624571,-35.12973216596745,6.691313741966292e-20
1786739574.6696093,push +Z,fast,1786739470.8001618,-464.933102914315,-178.9824578330614,700.2319564355139,13.42368433747981,-34.86998271857379,6.765257089019149e-20
1786739574.6978621,push +Z,fast,1786739470.8001618,-467.54902968346414,-178.48287917029882,703.9690770438374,13.386215937772644,-35.066177226260095,6.818331556558966e-20
1786739574.7261755,push +Z,fast,1786739470.8001618,-465.55090881137767,-181.7206968858958,697.2601545225771,13.629052266442404,-34.91631816085358,6.797529062748938e-20
1786739574.7558403,push +Z,fast,1786739470.8001618,-469.0609812327493,-184.67630261262389,707.6807473384351,13.850722695946953,-35.179573592456435,6.871827483510325e-20
1786739574.783328,push +Z,fast,1786739470.8001618,-467.14815331983164,-187.74240035786454,699.3089766288022,14.080680026839996,-35.036111498987694,6.825753983126469e-20
1786739574.8116057,push +Z,fast,1786739470.8001618,-469.11523439579196,-189.70437375278675,705.8539871520388,14.227828031459222,-35.18364257968464,6.814242505075738e-20
1786739574.8400846,push +Z,fast,1786739470.8001618,-467.8409610951303,-189.62552958865228,702.0995493748442,14.221914719149037,-35.08807208213482,6.803703470615256e-20
1786739574.8684251,push +Z,fast,1786739470.8001618,-466.9639850991425,-184.97661348083068,705.6474486146908,13.873246011062502,-35.02229888243575,6.778071642137319e-20
1786739574.8965626,push +Z,fast,1786739470.8001618,-465.92182623638746,-183.7956177045936,706.7287931106421,13.784671327844723,-34.944136967729314,6.861934982664592e-20
1786739574.9252205,push +Z,fast,1786739470.8001618,-464.61955665198775,-181.40309206280813,703.3017045939696,13.605231904710816,-34.846466748899424,6.799511123854512e-20
1786739574.9549682,push +Z,fast,1786739470.8001618,-466.359732875766,-181.7767423548181,710.9957140405104,13.63325567661153,-34.976979965682546,6.878327509021843e-20
1786739574.9820104,push +Z,fast,1786739470.8001618,-464.6434168779315,-180.88854125753915,701.7522371014784,13.566640594315562,-34.848256265844896,6.815768572564017e-20
1786739575.0106492,push +Z,fast,1786739470.8001618,-465.0157928369845,-181.9692596670012,706.94101199544,13.647694475025272,-34.87618446277401,6.832675475969646e-20
1786739575.0386052,push +Z,fast,1786739470.8001618,-466.004379225727,-183.87755984151283,711.6877139174294,13.790816988113693,-34.95032844192969,6.859091553289704e-20
1786739575.0668747,push +Z,fast,1786739470.8001618,-468.8478968101758,-186.24466167779076,716.7746839328411,13.96834962583453,-35.163592260763394,6.91360302747181e-20
1786739575.0952864,push +Z,fast,1786739470.8001618,-470.9686688428651,-187.29571185818202,717.7502523761523,14.047178389364039,-35.32265016321507,6.971281726532799e-20
1786739575.1237686,push +Z,fast,1786739470.8001618,-468.40186047868247,-188.3669177287204,702.7624081041813,14.127518829654331,-35.13013953590123,6.853116452473674e-20
1786739575.153515,push +Z,fast,1786739470.8001618,-467.29941859651444,-191.04005698321828,699.4060918979258,14.328004273741623,-35.047456394738724,6.788848491540636e-20
1786739575.18073,push +Z,fast,1786739470.8001618,-470.2111109714242,-193.56470150732912,706.0364904970556,14.517352613050011,-35.26583332285717,6.80155430034558e-20
1786739575.2090964,push +Z,fast,1786739470.8001618,-469.6478774355228,-188.60766514971635,707.0028634572373,14.145574886228925,-35.22359080766433,6.796579600918015e-20
1786739575.2374725,push +Z,fast,1786739470.8001618,-468.62469239966777,-184.40256813703797,705.748413269871,13.830192610278115,-35.14685192997528,6.729945540244049e-20
1786739575.2656002,push +Z,fast,1786739470.8001618,-462.9215108391909,-181.61835169140693,687.9823182984946,13.62137637685571,-34.71911331293948,6.659883697084623e-20
1786739575.2940872,push +Z,fast,1786739470.8001618,-463.64416389221924,-183.40010767946205,694.7485194489873,13.755008075959775,-34.77331229191663,6.765097051250838e-20
1786739575.3222904,push +Z,fast,1786739470.8001618,-462.4823887207672,-186.01777538649628,692.0431786593881,13.95133315398748,-34.68617915405791,6.875109428438472e-20
1786739575.3521802,push +Z,fast,1786739470.8001618,-464.1052855210446,-188.8078372579463,699.802303167321,14.160587794346089,-34.80789641407869,6.875238913041031e-20
1786739575.3793545,push +Z,fast,1786739470.8001618,-463.9875026468176,-191.52206513590772,697.5502817392044,14.364154885193333,-34.79906269851155,6.780508404020695e-20
1786739575.4077346,push +Z,fast,1786739470.8001618,-466.77834755444064,-189.1763164541892,707.6671620873112,14.188223734064213,-35.00837606658326,6.792126900160479e-20
1786739575.4364715,push +Z,fast,1786739470.8001618,-467.8622933665979,-185.9414955727574,712.5186860410276,13.945612167957005,-35.089672002495114,6.805753886670302e-20
1786739575.464446,push +Z,fast,1786739470.8001618,-466.55882508484774,-181.8575744228582,706.6644417072339,13.639318081714531,-34.99191188136374,6.784304900694493e-20
1786739575.4927745,push +Z,fast,1786739470.8001618,-467.7403469819001,-185.68702055040956,704.2490266302339,13.926526541280882,-35.080526023642705,6.857215099414212e-20
1786739575.5213833,push +Z,fast,1786739470.8001618,-464.3959734780301,-186.4268471826215,693.1242070391863,13.98201353869678,-34.82969801085243,6.818888576692136e-20
1786739575.5503738,push +Z,fast,1786739470.8001618,-465.0503731422082,-185.84834836907373,698.6104084242543,13.938626127680674,-34.878777985665835,6.846783971991948e-20
1786739575.5783527,push +Z,fast,1786739470.8001618,-464.4606359834147,-183.3313076754058,705.4412208169351,13.749848075655674,-34.83454769875636,6.805591151376226e-20
1786739575.6063223,push +Z,fast,1786739470.8001618,-466.7084932807916,-183.0275062463012,714.8446157263061,13.727062968472762,-35.00313699605949,6.842553874870787e-20
1786739575.6351602,push +Z,fast,1786739470.8001618,-466.9474398252055,-185.438477652266,713.1996157233098,13.907885823920164,-35.02105798689062,6.832599096413708e-20
1786739575.6634703,push +Z,fast,1786739470.8001618,-465.57276819946765,-184.72488505578224,711.391403240993,13.854366379183869,-34.9179576149602,6.839389754532532e-20
1786739575.691735,push +Z,fast,1786739470.8001618,-468.3723223410998,-185.463372721857,720.3365013633338,13.909752954139531,-35.127924175582685,6.941897320019656e-20
1786739575.7199423,push +Z,fast,1786739470.8001618,-469.05974067967145,-185.3877435213965,726.9462423850691,13.904080764105078,-35.17948055097559,7.016071158363883e-20
1786739575.7500048,push +Z,fast,1786739470.8001618,-469.09249815896237,-185.44315641379717,724.144338524653,13.908236731035142,-35.1819373619223,6.988402279770251e-20
1786739575.7769802,push +Z,fast,1786739470.8001618,-467.9667793212966,-188.49359717524055,717.3815197555814,14.13701978814331,-35.097508449097504,6.90833284029285e-20
1786739575.8054163,push +Z,fast,1786739470.8001618,-467.1849176685423,-188.99051539185712,712.1626293460013,14.174288654389546,-35.03886882514083,6.905927281620859e-20
1786739575.833596,push +Z,fast,1786739470.8001618,-466.389309308855,-189.98548725861235,707.9763766473225,14.24891154439614,-34.979198198164184,6.873444786918449e-20
1786739575.861869,push +Z,fast,1786739470.8001618,-464.94494596035565,-186.05638700520115,707.2167769238276,13.954229025390251,-34.87087094702703,6.880399125655293e-20
1786739575.8902833,push +Z,fast,1786739470.8001618,-464.51752042948283,-184.20242937069713,705.1417621866221,13.815182202802593,-34.8388140322115,6.820115650775829e-20
1786739575.9186277,push +Z,fast,1786739470.8001618,-465.2285955646048,-183.91818656617863,711.010360795316,13.793863992463596,-34.89214466734581,6.904879248993872e-20
1786739575.9471066,push +Z,fast,1786739470.8001618,-464.1263131290184,-184.5880933640077,707.4262499094257,13.844107002300792,-34.809473484676595,6.88448386526856e-20
1786739575.9754205,push +Z,fast,1786739470.8001618,-464.11949709465125,-185.23067840266128,712.6567028381724,13.892300880199851,-34.80896228209913,6.953169723729075e-20
1786739576.0036457,push +Z,fast,1786739470.8001618,-462.6850513046779,-181.4967411977717,710.670115119884,13.612255589833136,-34.70137884785114,6.829329347845915e-20
1786739576.0320616,push +Z,fast,1786739470.8001618,-463.5347183207027,-180.4402431402989,710.3925796642761,13.53301823552265,-34.765103874052826,6.792517011031378e-20
1786739576.0607097,push +Z,fast,1786739470.8001618,-463.596013349626,-179.74257294850952,711.9630158616101,13.480692971138428,-34.7697010012221,6.762500320546374e-20
1786739576.0891714,push +Z,fast,1786739470.8001618,-464.5032826470665,-181.9815074193251,710.3273091768779,13.648613056449523,-34.837746198530084,6.81481488333627e-20
1786739576.11755,push +Z,fast,1786739470.8001618,-464.47744192471146,-183.2893719168511,716.8333835338244,13.746702893764084,-34.83580814435344,6.92482494008984e-20
1786739576.1459496,push +Z,fast,1786739470.8001618,-464.6622261289076,-183.7697932523564,715.6217423219032,13.78273449392687,-34.84966695966829,6.94506017133903e-20
1786739576.174258,push +Z,fast,1786739470.8001618,-462.57667334251346,-183.94323454571327,713.0226888058851,13.7957425909287,-34.69325050068851,6.886488517425252e-20
1786739576.2029388,push +Z,fast,1786739470.8001618,-462.40713214151674,-183.68542987282683,713.0906791768539,13.776407240462174,-34.68053491061398,6.822824254103272e-20
1786739576.231337,push +Z,fast,1786739470.8001618,-465.81697799566336,-185.10799300363442,722.8027858404776,13.883099475272832,-34.936273349674956,6.833992857283092e-20
1786739576.2596846,push +Z,fast,1786739470.8001618,-467.2069166365741,-185.36058443963304,721.8630505947358,13.902043832972726,-35.04051874774326,6.876454123962452e-20
1786739576.2877517,push +Z,fast,1786739470.8001618,-467.87219793445,-186.50038307412626,720.8015070384172,13.987528730559728,-35.090414845083856,6.888147932541183e-20
1786739576.3162904,push +Z,fast,1786739470.8001618,-467.4256632327224,-188.84547778907893,716.8721377724369,14.163410834181125,-35.056924742454356,6.92992960323217e-20
1786739576.3446681,push +Z,fast,1786739470.8001618,-468.55742488871783,-190.3155801709844,726.2087003507231,14.273668512824042,-35.141806866654115,7.018011077604449e-20
1786739576.3764753,push +Z,fast,1786739470.8001618,-468.50692709794475,-191.52477161066065,726.718514237742,14.364357870799704,-35.13801953234593,7.031767087105677e-20
1786739576.4013922,push +Z,fast,1786739470.8001618,-465.2195679930933,-189.4284577165539,722.6468288697379,14.207134328741635,-34.89146759948223,7.000052371026834e-20
1786739576.4298084,push +Z,fast,1786739470.8001618,-464.77536313391465,-187.40143083476926,712.0523364385281,14.055107312607834,-34.85815223504381,6.898442634031003e-20
1786739576.4585311,push +Z,fast,1786739470.8001618,-465.34514504293657,-183.05877666562697,710.1444915823377,13.729408249922368,-34.900885878220414,6.864262247281789e-20
1786739576.4868531,push +Z,fast,1786739470.8001618,-463.52275663536557,-181.79142150692803,700.6817260735879,13.634356613020007,-34.76420674765261,6.766628547326621e-20
1786739576.5149548,push +Z,fast,1786739470.8001618,-462.4642510075528,-181.05396097104142,706.3831918305359,13.579047072828292,-34.68481882556667,6.750324563573863e-20
1786739576.5434792,push +Z,fast,1786739470.8001618,-459.9692103006523,-184.7169781248332,706.1078626462522,13.853773359362723,-34.49769077254915,6.758721556052834e-20
1786739576.574123,push +Z,fast,1786739470.8001618,-462.2334622616868,-185.24101539024844,709.7452064827521,13.893076154268908,-34.667509669626675,6.775182665917798e-20
1786739576.6001937,push +Z,fast,1786739470.8001618,-463.4400156555794,-185.62434603045756,716.552180510701,13.921825952284411,-34.75800117416858,6.843769449605805e-20
1786739576.6284008,push +Z,fast,1786739470.8001618,-464.56615011573376,-184.2704960166775,711.477064429253,13.820287201251016,-34.84246125868022,6.800504612487981e-20
1786739576.6570134,push +Z,fast,1786739470.8001618,-465.46414840892203,-186.08863365880165,709.7604522489582,13.956647524410496,-34.909811130669304,6.835817797065479e-20
1786739576.6853228,push +Z,fast,1786739470.8001618,-466.8522887887175,-186.24987537256948,704.5153010924632,13.968740652942952,-35.01392165915416,6.780214936794934e-20
1786739576.7137606,push +Z,fast,1786739470.8001618,-466.0884857823107,-185.90543411565852,708.7338988853771,13.942907558674552,-34.95663643367352,6.812438162391508e-20
1786739576.7422874,push +Z,fast,1786739470.8001618,-467.36474296622464,-183.47490307786438,725.6054708895817,13.760617730840128,-35.052355722467105,6.875990308450856e-20
1786739576.773843,push +Z,fast,1786739470.8001618,-466.6308993772195,-186.81962541055395,724.0419588073191,14.011471905791812,-34.99731745329166,6.926851458261042e-20
1786739576.799214,push +Z,fast,1786739470.8001618,-470.10716197725515,-185.95729245930534,728.4249865258907,13.946796934448162,-35.258037148294314,6.95171929413288e-20
1786739576.82725,push +Z,fast,1786739470.8001618,-467.9459604264662,-185.02300472988384,714.5808683149298,13.876725354741506,-35.095947031985,6.906296940310346e-20
1786739576.8558328,push +Z,fast,1786739470.8001618,-466.592359738971,-181.36099437013934,712.7580436719672,13.602074577760735,-34.99442698042301,6.828929489458353e-20
1786739576.8842409,push +Z,fast,1786739470.8001618,-463.47016600572215,-179.10006453457402,711.9289868442684,13.432504840093234,-34.760262450429565,6.814796599329338e-20
1786739576.912772,push +Z,fast,1786739470.8001618,-465.8049860057945,-180.09583883379128,718.9850668593426,13.507187912534665,-34.935373950434794,6.86898519574604e-20
1786739576.941127,push +Z,fast,1786739470.8001618,-465.7930759994474,-182.02360700056386,718.6650225135372,13.651770525042483,-34.93448069995869,6.895073887510059e-20
1786739576.9700482,push +Z,fast,1786739470.8001618,-466.2610133307735,-183.960932526301,711.8837133684765,13.797069939472923,-34.969575999808335,6.880708085872882e-20
1786739576.998132,push +Z,fast,1786739470.8001618,-464.8271217086767,-185.86397463022092,707.904243870471,13.939798097266735,-34.86203412815096,6.815650035673712e-20
1786739577.026609,push +Z,fast,1786739470.8001618,-463.89727141641606,-184.40040741741961,703.2455431848648,13.830030556306728,-34.79229535623128,6.800634018898257e-20
1786739577.0548286,push +Z,fast,1786739470.8001618,-464.84053622339525,-184.88007423204328,705.1168844394306,13.866005567403494,-34.863040216754946,6.796170585499817e-20
1786739577.083219,push +Z,fast,1786739470.8001618,-464.80346866364744,-180.6966447051742,702.9956720237378,13.55224835288831,-34.860260149773666,6.764467008886807e-20
1786739577.1116757,push +Z,fast,1786739470.8001618,-465.6087453420082,-180.6110803125572,709.211425133145,13.545831023442073,-34.92065590065083,6.767885019577158e-20
1786739577.1400058,push +Z,fast,1786739470.8001618,-463.7650507411586,-181.2456890800837,712.8651902285046,13.59342668100648,-34.78237880558698,6.808657386442829e-20
1786739577.1681204,push +Z,fast,1786739470.8001618,-464.3550717180465,-186.265544316273,718.3105485571568,13.969915823720765,-34.82663037885361,6.856635035116502e-20
1786739577.1966097,push +Z,fast,1786739470.8001618,-467.63583085102937,-189.51647116805782,724.5773887628911,14.213735337604607,-35.07268731382731,6.973593665135889e-20
1786739577.225186,push +Z,fast,1786739470.8001618,-469.0484566910782,-189.32795942036842,719.8487476581759,14.19959695652776,-35.17863425183107,6.918932407985534e-20
1786739577.2534256,push +Z,fast,1786739470.8001618,-468.7632213267898,-187.3314574086902,714.8179722946807,14.049859305652046,-35.15724159950951,6.873385784934241e-20
1786739577.2818882,push +Z,fast,1786739470.8001618,-467.6457263773473,-187.53775414313554,710.6322592783108,14.065331560735277,-35.07342947830117,6.807053592731716e-20
1786739577.3100836,push +Z,fast,1786739470.8001618,-467.4707526390398,-187.2645366090918,715.5541250627884,14.044840245682042,-35.06030644792796,6.876343170119125e-20
1786739577.338631,push +Z,fast,1786739470.8001618,-465.88101945610515,-186.12330694916136,717.6365480891372,13.95924802118736,-34.941076459208034,6.912141694411821e-20
1786739577.3670526,push +Z,fast,1786739470.8001618,-464.67083485934927,-179.06739530133768,714.7521480428331,13.430054647600617,-34.85031261445129,6.912727192601462e-20
1786739577.39603,push +Z,fast,1786739470.8001618,-462.07883765033785,-178.78860128020187,703.8448285576096,13.409145096015347,-34.655912823775694,6.815068124998356e-20
1786739577.4237378,push +Z,fast,1786739470.8001618,-464.8186852273511,-181.55943840811096,709.578103246552,13.616957880608435,-34.861401392051405,6.886796571671953e-20
1786739577.452104,push +Z,fast,1786739470.8001618,-464.100286779053,-183.40282842262457,712.2648874218421,13.755212131697053,-34.80752150842923,6.973018996884998e-20
1786739577.4807212,push +Z,fast,1786739470.8001618,-466.18063565877264,-182.48801254621276,717.7350181772981,13.68660094096617,-34.963547674408204,7.057797026499163e-20
1786739577.5088305,push +Z,fast,1786739470.8001618,-463.18916343880346,-180.2452770327278,706.7673172725627,13.518395777454725,-34.73918725791055,6.905072545138217e-20
1786739577.5371265,push +Z,fast,1786739470.8001618,-461.8138084645093,-182.01029254938578,702.1523334354315,13.650771941204166,-34.63603563483849,6.728148012637358e-20
1786739577.5675185,push +Z,fast,1786739470.8001618,-462.16398073403116,-183.91733143426472,704.8497766154396,13.793799857570104,-34.662298555052494,6.724924270994123e-20
1786739577.5940406,push +Z,fast,1786739470.8001618,-460.911086328319,-183.27975154045544,710.4793089957393,13.745981365534558,-34.56833147462404,6.672649053490969e-20
1786739577.622539,push +Z,fast,1786739470.8001618,-461.68760056480687,-182.58228354732046,715.4796260855319,13.693671266049368,-34.62657004236072,6.753099144821162e-20
1786739577.6507454,push +Z,fast,1786739470.8001618,-462.3754390853028,-178.50363123859916,712.5742516161099,13.387772342895072,-34.67815793139778,6.692725492324402e-20
1786739577.6794481,push +Z,fast,1786739470.8001618,-461.93802097379194,-177.9377516602541,706.9557429141951,13.345331374519187,-34.64535157303464,6.775771321616109e-20
1786739577.7075381,push +Z,fast,1786739470.8001618,-463.82695041258785,-179.42526942530822,701.4097826833122,13.45689520689837,-34.787021280944415,6.735610572315415e-20
1786739577.7365062,push +Z,fast,1786739470.8001618,-464.6730335957968,-185.0995466192694,709.054941281609,13.8824659964455,-34.85047751968488,6.817987864028854e-20
1786739577.7657685,push +Z,fast,1786739470.8001618,-467.70835411557346,-186.95461723688732,710.2600880969585,14.021596292766748,-35.07812655866833,6.85936370493074e-20
1786739577.7928421,push +Z,fast,1786739470.8001618,-463.97901013761066,-187.85439262296018,707.9926023975286,14.089079446722113,-34.798425760321116,6.794452014274978e-20
1786739577.8211563,push +Z,fast,1786739470.8001618,-461.2995539493104,-184.10086907072605,705.4408420193558,13.807565180304653,-34.597466546198305,6.720958839090147e-20
1786739577.8495243,push +Z,fast,1786739470.8001618,-460.5434254136626,-182.9734408862978,704.1698456007762,13.723008066472477,-34.540756906024846,6.743435873877759e-20
1786739577.8779397,push +Z,fast,1786739470.8001618,-461.3367985017794,-182.6366868911615,699.2892833554197,13.697751516837233,-34.600259887633726,6.821939586590474e-20
1786739577.906269,push +Z,fast,1786739470.8001618,-459.816688649405,-183.27397322124216,686.6974741048198,13.745547991593387,-34.486251648705576,6.788917072034646e-20
1786739577.9349542,push +Z,fast,1786739470.8001618,-460.6532585351106,-183.34996828982878,689.1789948468113,13.751247621737324,-34.54899439013357,6.759644489901343e-20
1786739577.963238,push +Z,fast,1786739470.8001618,-466.3105853830016,-183.02547934464735,703.4253852629608,13.726910950848723,-34.973293903725384,6.814183198847379e-20
1786739577.991653,push +Z,fast,1786739470.8001618,-468.4924596637443,-180.97742335687815,708.6666509038114,13.573306751766193,-35.13693447478123,6.858612665368703e-20
1786739578.0200098,push +Z,fast,1786739470.8001618,-471.7045527609066,-185.1063576510279,713.0542194164454,13.882976823827203,-35.37784145706805,6.929112558682757e-20
1786739578.0483918,push +Z,fast,1786739470.8001618,-467.3771430157567,-183.30966475403727,701.4251392702545,13.748224856552934,-35.053285726182054,6.869552522695934e-20
1786739578.0767417,push +Z,fast,1786739470.8001618,-466.2841030440504,-186.84087413216662,700.4464147664385,14.013065559912942,-34.97130772830408,6.896051280167117e-20
1786739578.1051867,push +Z,fast,1786739470.8001618,-461.1807475861774,-182.52553676340733,689.2176562673203,13.689415257255813,-34.58855606896353,6.742854249446851e-20
1786739578.134438,push +Z,fast,1786739470.8001618,-461.5909711823074,-179.70119035281175,696.2335405167205,13.477589276460964,-34.61932283867337,6.753375462571936e-20
1786739578.161791,push +Z,fast,1786739470.8001618,-464.4740785682425,-181.99572655156874,702.7147477453491,13.649679491367795,-34.835555892618416,6.752993473909444e-20
1786739578.1902378,push +Z,fast,1786739470.8001618,-465.1983031413929,-183.6354911925522,707.3448945839009,13.772661839441714,-34.88987273560459,6.841117113000145e-20
1786739578.218651,push +Z,fast,1786739470.8001618,-468.6503291523145,-186.70837060994654,712.8863794223398,14.00312779574622,-35.14877468642386,6.84644928382778e-20
1786739578.247182,push +Z,fast,1786739470.8001618,-469.18492043522065,-181.39498954939575,716.1320774675041,13.604624216204837,-35.18886903264187,6.870697346602849e-20
1786739578.2755446,push +Z,fast,1786739470.8001618,-468.84940306296403,-180.2776503810236,714.3144650609847,13.520823778576823,-35.16370522972258,6.79848248727515e-20
1786739578.3038468,push +Z,fast,1786739470.8001618,-464.5850050301865,-180.68189923109526,703.0735550650106,13.551142442332303,-34.843875377264034,6.770826646691678e-20
1786739578.3324792,push +Z,fast,1786739470.8001618,-463.4965179514511,-183.0893630655803,698.8006935569483,13.731702229918678,-34.76223884635903,6.689528560260384e-20
1786739578.360785,push +Z,fast,1786739470.8001618,-464.4288216202044,-184.1325734885486,701.2409104500184,13.809943011641284,-34.832161621515496,6.745107515142479e-20
1786739578.3890915,push +Z,fast,1786739470.8001618,-465.90016225935506,-184.72695719222259,710.232971976965,13.854521789416783,-34.94251216945176,6.850923708307326e-20
1786739578.4173024,push +Z,fast,1786739470.8001618,-465.0850995910014,-182.94014720527173,709.6032112799503,13.720511040395404,-34.881382469325274,6.893307239691209e-20
1786739578.4458225,push +Z,fast,1786739470.8001618,-464.6934826030315,-182.67347723422097,706.4828403079555,13.700510792566714,-34.85201119522765,6.854513541710372e-20
1786739578.4744616,push +Z,fast,1786739470.8001618,-465.1902985220604,-183.80143609316622,703.3968178622818,13.78510770698772,-34.88927238915482,6.814896889357372e-20
1786739578.5026557,push +Z,fast,1786739470.8001618,-463.2808558196225,-186.9769945251977,698.6818482408953,14.023274589389995,-34.746064186471905,6.791445617380492e-20
1786739578.5311317,push +Z,fast,1786739470.8001618,-464.0948629830323,-184.5138844967961,703.6686391240337,13.838541337259873,-34.80711472372769,6.850046493511929e-20
1786739578.5596805,push +Z,fast,1786739470.8001618,-466.09906779740595,-188.18131700232414,705.841662982958,14.113598775174449,-34.957430084805644,6.942712832373229e-20
1786739578.587775,push +Z,fast,1786739470.8001618,-468.60037935495393,-187.47864932876178,710.0001355129816,14.060898699657276,-35.145028451621855,6.990182560950131e-20
1786739578.6159716,push +Z,fast,1786739470.8001618,-470.7636175457369,-185.93265516210056,710.1875336624598,13.944949137157561,-35.30727131593041,6.947065438579324e-20
1786739578.64443,push +Z,fast,1786739470.8001618,-468.0801800401114,-182.38123473859378,704.6016802242757,13.678592605394758,-35.10601350300856,6.815818331060919e-20
1786739578.6730556,push +Z,fast,1786739470.8001618,-466.1154668462118,-181.01920794271393,701.9967295276492,13.576440595703762,-34.9586600134661,6.816205121581495e-20
1786739578.7014444,push +Z,fast,1786739470.8001618,-465.08423369879665,-185.10700161856983,699.913165899301,13.883025121392915,-34.88131752740996,6.896167931540903e-20
1786739578.7298799,push +Z,fast,1786739470.8001618,-465.5297787139266,-183.43611915180145,703.6083652755033,13.757708936385274,-34.914733403544666,6.914575020981176e-20
1786739578.758069,push +Z,fast,1786739470.8001618,-467.7536976936158,-183.63821870800052,711.9872265735121,13.77286640310032,-35.08152732702142,6.910989668030324e-20
1786739578.7863593,push +Z,fast,1786739470.8001618,-467.48083802714746,-183.94641297026203,710.1198999461967,13.795980972769858,-35.06106285203618,6.891983546662593e-20
1786739578.8149252,push +Z,fast,1786739470.8001618,-469.155674674083,-185.4496582410792,716.1432520560056,13.908724368081277,-35.18667560055637,6.94720555269052e-20
1786739578.8431966,push +Z,fast,1786739470.8001618,-467.94378632080134,-186.62746343072513,706.4611187512974,13.997059757304509,-35.09578397406023,6.898189982576312e-20
1786739578.8718722,push +Z,fast,1786739470.8001618,-468.18856745332187,-184.97741115420922,709.5402071839126,13.873305836565788,-35.11414255899916,6.862717338581199e-20
1786739578.9004397,push +Z,fast,1786739470.8001618,-464.2139133396008,-183.43756527356902,702.0476722144467,13.757817395517879,-34.81604350047021,6.741684037836307e-20
1786739578.928447,push +Z,fast,1786739470.8001618,-465.4923398019009,-184.18971655064104,708.5051134679807,13.814228741298056,-34.911925485142746,6.828518137156907e-20
1786739578.9602466,push +Z,fast,1786739470.8001618,-466.42505094042235,-183.75685629540362,714.89950433596,13.781764222155534,-34.98187882053192,6.87116788005064e-20
1786739578.9852595,push +Z,fast,1786739470.8001618,-468.16737921291724,-183.96853498232826,713.2379916611926,13.797640123674856,-35.112553440969016,6.927133420530051e-20
1786739579.0136209,push +Z,fast,1786739470.8001618,-468.46742343286405,-181.6694724389571,714.1123055009475,13.625210432922021,-35.13505675746485,6.833548908318722e-20
1786739579.0419054,push +Z,fast,1786739470.8001618,-467.3213619797634,-184.2143719663842,703.4759500761302,13.816077897478852,-35.04910214848258,6.867268819630525e-20
1786739579.0703373,push +Z,fast,1786739470.8001618,-467.62620012160687,-183.444572578715,704.3112782323815,13.758342943403772,-35.071965009120746,6.885892130243121e-20
1786739579.0987318,push +Z,fast,1786739470.8001618,-466.63513276333515,-184.2864229621457,696.0237706216858,13.821481722161042,-34.99763495725035,6.885760972974218e-20
1786739579.1271825,push +Z,fast,1786739470.8001618,-466.0446561339618,-183.9508803481208,695.744689827472,13.796316026109256,-34.95334921004732,6.814016577900259e-20
1786739579.1572475,push +Z,fast,1786739470.8001618,-463.55721429410005,-186.37610048414263,690.0217519193266,13.978207536310958,-34.76679107205785,6.732321565261325e-20
1786739579.1843655,push +Z,fast,1786739470.8001618,-463.37379770158486,-185.65400713855865,699.0080259899933,13.924050535392151,-34.75303482761913,6.704592683193702e-20
1786739579.2127266,push +Z,fast,1786739470.8001618,-465.1010421965093,-183.89059527840004,705.2122907721441,13.79179464588012,-34.882578164738455,6.657797591154056e-20
1786739579.2407606,push +Z,fast,1786739470.8001618,-464.6978238680167,-182.6767580550487,704.1458873769143,13.700756854128894,-34.85233679010156,6.660136947884457e-20
1786739579.2691684,push +Z,fast,1786739470.8001618,-463.17165311387,-183.73254526181427,686.5680913322285,13.77994089463618,-34.73787398354042,6.656999164672858e-20
1786739579.2975864,push +Z,fast,1786739470.8001618,-461.33091413440434,-182.61502299698407,684.8385074148773,13.6961267247742,-34.599818560080614,6.730031923380004e-20
1786739579.325921,push +Z,fast,1786739470.8001618,-464.9408472587911,-182.86241528058133,692.1722495811664,13.714681146043798,-34.870563544409315,6.774728917564951e-20
1786739579.3562274,push +Z,fast,1786739470.8001618,-469.75890293286375,-182.49403427109962,712.9527631422388,13.687052570332579,-35.231917719964905,6.863044418460734e-20
1786739579.3828263,push +Z,fast,1786739470.8001618,-469.6124691036216,-183.81172988754497,716.5573666393138,13.785879741566038,-35.220935182771726,6.894869217938739e-20
1786739579.4115965,push +Z,fast,1786739470.8001618,-470.7103370673508,-185.98570231891665,720.8567265366319,13.948927673919062,-35.30327528005172,7.026532516597073e-20
1786739579.4396067,push +Z,fast,1786739470.8001618,-467.84285815989324,-184.92910834004715,720.3035591887001,13.869683125503709,-35.08821436199209,7.011675897124565e-20
1786739579.4680421,push +Z,fast,1786739470.8001618,-468.8581004561579,-185.42646718287335,719.7789713138873,13.906985038715565,-35.164357534212016,7.0646869041436e-20
1786739579.4962988,push +Z,fast,1786739470.8001618,-468.04841486705027,-184.5472626726255,720.4302343888112,13.84104470044704,-35.10363111502897,6.981445387288174e-20
1786739579.5248451,push +Z,fast,1786739470.8001618,-467.0220134505985,-185.20433171703337,712.7379010402656,13.89032487877773,-35.02665100879506,6.956778654039309e-20
1786739579.5557132,push +Z,fast,1786739470.8001618,-468.5623559252631,-184.82043238018673,710.2432515427299,13.861532428514185,-35.142176694394905,6.839498009653592e-20
1786739579.5816422,push +Z,fast,1786739470.8001618,-467.9222533470647,-184.50949109714577,707.5333461183545,13.838211832286166,-35.09416900103015,6.857857799077217e-20
1786739579.6100698,push +Z,fast,1786739470.8001618,-468.54190924885415,-184.27273535105144,706.8638929061017,13.820455151329167,-35.140643193664104,6.824333544434654e-20
1786739579.6384141,push +Z,fast,1786739470.8001618,-465.9720255777029,-182.84341857522463,705.4865835328555,13.713256393142107,-34.94790191832798,6.810221371563836e-20
1786739579.6665707,push +Z,fast,1786739470.8001618,-463.6991888082907,-180.73211208838484,701.7200892726714,13.554908406629085,-34.777439160621995,6.708451175607954e-20
1786739579.6950204,push +Z,fast,1786739470.8001618,-464.0414619255448,-180.85477502924618,703.4201854735402,13.564108127193602,-34.80310964441607,6.75590566272723e-20
1786739579.7236667,push +Z,fast,1786739470.8001618,-464.10224955908006,-182.12840921966347,705.4431325510259,13.659630691474877,-34.80766871693108,6.7668341841904e-20
1786739579.7527761,push +Z,fast,1786739470.8001618,-466.19569207295353,-182.67860118215447,707.2593135748148,13.700895088661955,-34.96467690547161,6.839752492187892e-20
1786739579.7801216,push +Z,fast,1786739470.8001618,-467.2767402264335,-186.25990340201804,709.8763691960021,13.969492755151482,-35.04575551698276,6.910660564164952e-20
1786739579.8087292,push +Z,fast,1786739470.8001618,-465.37573327753717,-186.25947465581862,699.5465272089341,13.969460599186664,-34.90317999581551,6.896399673680303e-20
1786739579.8370223,push +Z,fast,1786739470.8001618,-465.21082239252837,-184.73632002677232,707.5702865191806,13.855224002008175,-34.89081167943983,6.92845093145815e-20
1786739579.8654487,push +Z,fast,1786739470.8001618,-463.33244013054946,-182.4203304374929,700.0565005916033,13.681524782812264,-34.749933009791356,6.820734605418045e-20
1786739579.8939772,push +Z,fast,1786739470.8001618,-463.44032093641135,-182.45020883094833,705.3193526377609,13.683765662321218,-34.758024070231,6.817022921095196e-20
1786739579.922217,push +Z,fast,1786739470.8001618,-462.31658256161563,-186.89170888007436,696.6878938741775,14.016878166005785,-34.673743692121434,6.789231402132917e-20
1786739579.951555,push +Z,fast,1786739470.8001618,-462.89598016641,-185.50410195198674,704.1012509176398,13.912807646399212,-34.71719851248102,6.856290507449587e-20
1786739579.9791403,push +Z,fast,1786739470.8001618,-467.43629817809733,-191.44535170918482,712.7952652480799,14.358401378189011,-35.05772236335752,6.907529799444426e-20
1786739580.0078418,push +Z,fast,1786739470.8001618,-467.0140025064502,-188.49932087638967,711.910867737739,14.137449065729196,-35.02605018798391,6.881575346968643e-20
1786739580.0359697,push +Z,fast,1786739470.8001618,-466.8086687108398,-187.64644534396155,712.3077713388029,14.07348340079729,-35.0106501533132,6.853122740625419e-20
1786739580.0642269,push +Z,fast,1786739470.8001618,-462.8506310949592,-181.72557869487287,704.1148471501756,13.629418402115807,-34.713797332122226,6.831173877762499e-20
1786739580.09284,push +Z,fast,1786739470.8001618,-465.760106895797,-181.9484437975923,709.4478769605557,13.646133284819722,-34.93200801718502,6.82225314286842e-20
1786739580.1211827,push +Z,fast,1786739470.8001618,-465.477582924309,-184.17379677298732,712.0432130983017,13.813034757974176,-34.91081871932347,6.871913208633306e-20
1786739580.1504514,push +Z,fast,1786739470.8001618,-465.7143742044268,-185.13732068217166,715.6006471959972,13.885299051163177,-34.92857806533213,6.862025125155171e-20
1786739580.177824,push +Z,fast,1786739470.8001618,-467.83040865014027,-189.19357709994063,718.8549685951693,14.189518282495929,-35.08728064876075,6.89858032765567e-20
1786739580.2064338,push +Z,fast,1786739470.8001618,-469.56648751729654,-186.9039449449732,717.367682864342,14.01779587087319,-35.21748656379726,6.833378729120695e-20
1786739580.2346342,push +Z,fast,1786739470.8001618,-469.89337467938367,-186.0019771448002,717.0339007217144,13.950148285860234,-35.242003100953795,6.891506737833311e-20
1786739580.2630048,push +Z,fast,1786739470.8001618,-465.50340083778474,-181.0735518609671,712.4167790192341,13.580516389572868,-34.91275506283392,6.854284847909198e-20
1786739580.2911808,push +Z,fast,1786739470.8001618,-465.88356183535006,-184.160823670397,709.2786257440948,13.812061775280068,-34.94126713765128,6.919848948839911e-20
1786739580.3197956,push +Z,fast,1786739470.8001618,-466.15860613678296,-185.2442218521245,713.6527358427593,13.893316638909614,-34.96189546025878,6.949206329090549e-20
1786739580.3513274,push +Z,fast,1786739470.8001618,-465.76903564214945,-187.89958883555676,711.0783490703288,14.092469162666948,-34.93267767316141,6.954010248647267e-20
1786739580.3767672,push +Z,fast,1786739470.8001618,-465.05289939338036,-187.85295283855942,721.3059299828683,14.0889714628921,-34.87896745450386,6.984754378488005e-20
1786739580.4052045,push +Z,fast,1786739470.8001618,-463.714205196743,-187.17561593957475,710.1632490995371,14.038171195468298,-34.77856538975593,6.852379357882961e-20
1786739580.4333873,push +Z,fast,1786739470.8001618,-466.2376398022752,-186.19984002935735,718.6298461912766,13.964988002202045,-34.96782298517095,6.911103396596493e-20
1786739580.4618275,push +Z,fast,1786739470.8001618,-464.16325087032556,-188.0160657060402,704.1666010717308,14.10120492795318,-34.81224381527455,6.810915145025156e-20
1786739580.4900625,push +Z,fast,1786739470.8001618,-465.0123353193658,-189.22501693402683,707.9200775399286,14.191876270052237,-34.875925148952646,6.858020671685485e-20
1786739580.51873,push +Z,fast,1786739470.8001618,-462.91696752198914,-188.40956643793982,703.8555778481732,14.130717482845707,-34.718772564149276,6.838174689893743e-20
1786739580.5496366,push +Z,fast,1786739470.8001618,-463.66893280792374,-183.0096365024583,707.4480787784078,13.725722737684581,-34.775169960594596,6.871330926008367e-20
1786739580.5755267,push +Z,fast,1786739470.8001618,-467.16205387146056,-182.5733395365054,720.242923246984,13.693000465238132,-35.037154040359724,6.855506328903351e-20
1786739580.6037314,push +Z,fast,1786739470.8001618,-468.7367113820724,-185.56366404035225,720.2482560485114,13.917274803026633,-35.15525335365571,6.869355303163057e-20
1786739580.6320739,push +Z,fast,1786739470.8001618,-469.09343015951526,-186.23610151436026,723.4487084450375,13.967707613577122,-35.18200726196386,6.76815327496434e-20
1786739580.6604397,push +Z,fast,1786739470.8001618,-464.66285390859457,-183.42641483525188,707.3659466759209,13.756981112644095,-34.849714043144665,6.742313777501678e-20
1786739580.6887107,push +Z,fast,1786739470.8001618,-460.5775697779836,-180.82411509442124,700.0559270690055,13.56180863208181,-34.54331773334888,6.6682897052887e-20
1786739580.7174153,push +Z,fast,1786739470.8001618,-462.9938238906484,-185.97662668104556,703.2470573948922,13.948247001078723,-34.7245367917987,6.808969860123033e-20
1786739580.7459683,push +Z,fast,1786739470.8001618,-464.4137909955557,-185.53586559796804,715.0177302068196,13.915189919847872,-34.831034324666966,6.845475624208089e-20
1786739580.7740955,push +Z,fast,1786739470.8001618,-467.14556539913883,-184.92642599484282,718.9844933766153,13.869481949613611,-35.03591740493574,6.805685475012257e-20
1786739580.802536,push +Z,fast,1786739470.8001618,-463.87260623240627,-180.10271874111675,718.6805653072979,13.50770390558397,-34.790445467430764,6.728855624631107e-20
1786739580.8305485,push +Z,fast,1786739470.8001618,-466.9198359668194,-183.84356608432802,720.705515774438,13.788267456324693,-35.01898769751171,6.763847071156329e-20
1786739580.8591588,push +Z,fast,1786739470.8001618,-466.2514178563656,-184.47506609374375,718.5861520086492,13.83562995703102,-34.968856339227706,6.788770539284356e-20
1786739580.887403,push +Z,fast,1786739470.8001618,-465.47182602578596,-187.5484822957867,709.4976339527948,14.066136172184077,-34.91038695193422,6.788900399806601e-20
1786739580.9159577,push +Z,fast,1786739470.8001618,-462.61057441859884,-182.7173897762715,702.6389565706959,13.703804233220648,-34.69579308139516,6.740757275462929e-20
1786739580.94455,push +Z,fast,1786739470.8001618,-465.0404427019803,-182.49290578296188,705.7299816802442,13.68696793372229,-34.87803320264853,6.794328845624875e-20
1786739580.9727502,push +Z,fast,1786739470.8001618,-467.68573385502486,-179.68239534379688,719.498462673585,13.476179650784925,-35.076430039126926,6.905285316834636e-20
1786739581.001201,push +Z,fast,1786739470.8001618,-466.66067796636844,-183.5282364272872,725.9033990233866,13.764617732046755,-34.999550847477835,6.946395316003632e-20
1786739581.0295417,push +Z,fast,1786739470.8001618,-464.181122419699,-183.0634098746134,720.8180963560189,13.72975574059613,-34.813584181477616,6.898383779705793e-20
1786739581.0578063,push +Z,fast,1786739470.8001618,-461.4188919209496,-182.2316626637712,711.680168196488,13.667374699783036,-34.606416894071536,6.758898848789956e-20
1786739581.086216,push +Z,fast,1786739470.8001618,-461.9546713010632,-185.06294110402007,703.2375275641998,13.879720582801763,-34.64660034758001,6.724757807985786e-20
1786739581.1145155,push +Z,fast,1786739470.8001618,-463.60633057169935,-187.52366085521578,708.2755204520599,14.064274564141382,-34.77047479287767,6.788083554250886e-20
1786739581.1441228,push +Z,fast,1786739470.8001618,-467.359850564982,-192.26716856737266,714.9119334246334,14.420037642553108,-35.051988792373805,6.939838224624489e-20
1786739581.171631,push +Z,fast,1786739470.8001618,-469.5767342021918,-191.87511609000137,717.4073385105121,14.390633706750325,-35.218255065164634,6.938688183660848e-20
1786739581.1999602,push +Z,fast,1786739470.8001618,-467.9347514057572,-190.68185667276884,724.2009101507765,14.301139250457805,-35.095106355432044,6.950796515066112e-20
1786739581.22826,push +Z,fast,1786739470.8001618,-466.6829207693431,-186.70831140515668,714.1022033588952,14.003123355387007,-35.001219057700844,6.85297456458254e-20
1786739581.2567987,push +Z,fast,1786739470.8001618,-465.76747296457734,-182.6486907472812,714.4859610045678,13.698651806046325,-34.93256047234339,6.926972094876834e-20
1786739581.284841,push +Z,fast,1786739470.8001618,-464.47521069563163,-183.85327692168755,702.0934374946592,13.788995769126789,-34.83564080217255,6.848775147189376e-20
1786739581.31345,push +Z,fast,1786739470.8001618,-463.1596975979669,-184.62704532259193,703.220541387408,13.847028399194738,-34.736977319847675,6.813181174939434e-20
1786739581.3423567,push +Z,fast,1786739470.8001618,-460.57818984515825,-183.9675759531092,697.1231799117322,13.797568196483358,-34.543364238387184,6.738848834179374e-20
1786739581.3703644,push +Z,fast,1786739470.8001618,-464.9049479872592,-185.5658869985241,704.3434285003814,13.917441524889664,-34.86787109904454,6.803836775715592e-20
1786739581.3986764,push +Z,fast,1786739470.8001618,-465.609127577427,-186.23178800678818,712.1971434792349,13.967384100509232,-34.920684568307045,6.85373794096668e-20
1786739581.4272192,push +Z,fast,1786739470.8001618,-467.180028346957,-186.42318824902566,716.3621700802269,13.981739118677137,-35.038502126021854,6.83748896643997e-20
1786739581.4558518,push +Z,fast,1786739470.8001618,-462.6940577304272,-183.8756526671342,703.5170032825572,13.790673950035302,-34.702054329782456,6.822104781604862e-20
1786739581.4838824,push +Z,fast,1786739470.8001618,-461.9925116138684,-184.19261407899728,694.7825155858436,13.814446055925043,-34.64943837104046,6.785780767318972e-20
1786739581.5123272,push +Z,fast,1786739470.8001618,-461.3684702253654,-185.1686997073499,695.4166164257358,13.887652478051567,-34.60263526690259,6.837786176637739e-20
1786739581.5419018,push +Z,fast,1786739470.8001618,-464.6798484970491,-183.1699903039032,707.1352589714697,13.737749272792815,-34.850988637278874,6.792211626998579e-20
1786739581.569045,push +Z,fast,1786739470.8001618,-466.7162826012277,-181.24492088406623,722.1505405816952,13.593369066305225,-35.00372119509223,6.845130104627636e-20
1786739581.597611,push +Z,fast,1786739470.8001618,-468.8085602973383,-183.633633671211,727.1489087622658,13.772522525340957,-35.160642022300614,6.897411486198113e-20
1786739581.6259825,push +Z,fast,1786739470.8001618,-468.7477472492833,-183.91484731180083,721.0484889891432,13.793613548385142,-35.15608104369635,6.9238495253242e-20
1786739581.6543415,push +Z,fast,1786739470.8001618,-468.88435786593254,-183.71058612936508,711.4582023915145,13.778293959702555,-35.16632683994519,6.838148901708129e-20
1786739581.6827743,push +Z,fast,1786739470.8001618,-467.5681835815617,-182.1265156738326,707.9456484011907,13.659488675537649,-35.06761376861729,6.75626039831402e-20
1786739581.7110047,push +Z,fast,1786739470.8001618,-463.76842050661344,-181.7103951446121,705.8365361522938,13.62827963584608,-34.782631537996174,6.737518897542412e-20
1786739581.7418933,push +Z,fast,1786739470.8001618,-463.30267268667103,-183.6345068176347,711.0529167179438,13.772588011322778,-34.74770045150052,6.948752838004696e-20
1786739581.7677507,push +Z,fast,1786739470.8001618,-462.3184459828144,-184.03148439665085,710.556048039808,13.802361329749186,-34.67388344871122,6.959109277361675e-20
1786739581.796183,push +Z,fast,1786739470.8001618,-463.2547737114128,-186.9700257927933,710.9881865925754,14.02275193445951,-34.744108028356166,6.942433756053224e-20
1786739581.8246305,push +Z,fast,1786739470.8001618,-461.3732387956593,-184.68096310951103,700.3894432110828,13.851072233213682,-34.6029929096746,6.745208577804812e-20
1786739581.8529627,push +Z,fast,1786739470.8001618,-460.33318538140156,-180.58794904202205,692.1364793927896,13.5440961781518,-34.52498890360523,6.689927482328812e-20
1786739581.881253,push +Z,fast,1786739470.8001618,-463.5138088463691,-180.68002896476628,701.2939229042395,13.551002172357645,-34.76353566347786,6.739111385818637e-20
1786739581.909653,push +Z,fast,1786739470.8001618,-463.31798116138816,-178.4859358891863,701.1025961520454,13.38644519168911,-34.74884858710442,6.76003943590223e-20
1786739581.9392693,push +Z,fast,1786739470.8001618,-464.73514513462806,-185.56055022732096,710.3269265476365,13.917041267049346,-34.85513588509719,6.905822417786879e-20
1786739581.9662774,push +Z,fast,1786739470.8001618,-465.3188536685907,-184.86467659712775,710.6652123801168,13.864850744784679,-34.89891402514454,6.944310547886829e-20
1786739581.9946437,push +Z,fast,1786739470.8001618,-466.8062467365726,-189.51000766472362,714.0547460251537,14.213250574854424,-35.010468505243,6.949961170199693e-20
1786739582.0230227,push +Z,fast,1786739470.8001618,-467.2879867823508,-185.74578454356674,712.4615649016214,13.930933840767661,-35.04659900867632,6.895582972418793e-20
1786739582.0513735,push +Z,fast,1786739470.8001618,-462.6046482905558,-180.176901594333,700.5880812879386,13.513267619575206,-34.6953486217919,6.757277663456385e-20
1786739582.0797591,push +Z,fast,1786739470.8001618,-461.43685242673473,-182.75013526617454,696.1883357628694,13.706260144963156,-34.60776393200525,6.784992382489747e-20
1786739582.1082695,push +Z,fast,1786739470.8001618,-460.8968063535822,-181.08247726875345,696.4694512630758,13.581185795156731,-34.56726047651883,6.765781623230983e-20
1786739582.1387022,push +Z,fast,1786739470.8001618,-463.89432252355346,-184.99922386512048,703.3590267448317,13.87494178988415,-34.79207418926665,6.857512823168048e-20
1786739582.1650517,push +Z,fast,1786739470.8001618,-465.27843750831016,-183.21762770593625,707.2895904966381,13.74132207794543,-34.89588281312342,6.91267120394922e-20
1786739582.193463,push +Z,fast,1786739470.8001618,-468.0843533588186,-185.2783883466385,711.1385061014435,13.895879125998054,-35.10632650191163,6.923521766941933e-20
1786739582.2218168,push +Z,fast,1786739470.8001618,-468.64856903426744,-184.4210332338232,712.7899279987296,13.831577492536919,-35.148642677570365,6.911158456459727e-20
1786739582.2501886,push +Z,fast,1786739470.8001618,-467.22042549387606,-181.92512988799558,709.177371896043,13.644384741599875,-35.04153191204079,6.872436797151589e-20
1786739582.2784364,push +Z,fast,1786739470.8001618,-463.31202451850277,-186.13746194074633,696.0395328406048,13.960309645556041,-34.74840183888799,6.83524672771756e-20
1786739582.3069458,push +Z,fast,1786739470.8001618,-462.71558550949203,-187.70831577270098,693.8061964360795,14.078123682952711,-34.703668913212084,6.8665220780825e-20
1786739582.336587,push +Z,fast,1786739470.8001618,-465.85625218595715,-189.58713727243764,699.7244845026498,14.219035295432999,-34.939218913946966,6.820996355397963e-20
1786739582.3640711,push +Z,fast,1786739470.8001618,-470.2350205106245,-185.72920832184127,718.3803934409616,13.929690624138257,-35.26762653829713,6.884854631329091e-20
1786739582.3925135,push +Z,fast,1786739470.8001618,-474.2690128676063,-187.52620726798182,723.5340377926914,14.064465545098923,-35.570175965070604,6.923744729033488e-20
1786739582.4205887,push +Z,fast,1786739470.8001618,-471.2435847180295,-189.02432365032894,719.1994410134221,14.17682427377483,-35.34326885385237,6.925174132702088e-20
1786739582.4489124,push +Z,fast,1786739470.8001618,-467.38401043918475,-188.23149054884425,705.6680229867861,14.117361791163628,-35.05380078293917,6.869141040982261e-20
1786739582.4773421,push +Z,fast,1786739470.8001618,-461.5977874171035,-187.2988733342239,693.4613021999712,14.047415500067,-34.619834056282905,6.841428258209503e-20
1786739582.5059302,push +Z,fast,1786739470.8001618,-463.07748710930446,-184.6986290275495,694.57826665213,13.852397177066397,-34.7308115331981,6.868810344090792e-20
1786739582.5356135,push +Z,fast,1786739470.8001618,-466.6827655429588,-189.2012766934621,700.5278078356623,14.190095752009878,-35.00120741572206,6.903999983863076e-20
1786739582.5626469,push +Z,fast,1786739470.8001618,-467.7284095398886,-186.3542665275951,719.6538426695788,13.976569989569679,-35.079630715491895,6.878184602191269e-20
1786739582.5913568,push +Z,fast,1786739470.8001618,-467.64162747585124,-188.17490642585244,719.4133940968259,14.113117981938938,-35.073122060689144,6.857542559851842e-20
1786739582.6194057,push +Z,fast,1786739470.8001618,-465.26075612968407,-184.31414321067973,716.800057201529,13.823560740801131,-34.89455670972644,6.84028239072335e-20
1786739582.6476188,push +Z,fast,1786739470.8001618,-463.7035989430583,-185.0664107680733,696.5587522822307,13.879980807605651,-34.77776992072947,6.74327969298519e-20
1786739582.6760495,push +Z,fast,1786739470.8001618,-462.7557794487857,-182.20133922686375,694.8382268763698,13.665100442015,-34.70668345865891,6.783006622919057e-20
1786739582.7044733,push +Z,fast,1786739470.8001618,-465.0446927583871,-184.46829376164203,700.6067271562933,13.835122032123326,-34.87835195687921,6.793669217476232e-20
1786739582.735357,push +Z,fast,1786739470.8001618,-468.62236242872405,-186.39710768304633,712.5244620531748,13.979783076228738,-35.14667718215446,6.915716424092192e-20
1786739582.7613149,push +Z,fast,1786739470.8001618,-469.8637247153247,-189.05179523199809,719.2695923869151,14.178884642400075,-35.239779353649446,6.926565178326141e-20
1786739582.7895658,push +Z,fast,1786739470.8001618,-467.2476719791739,-185.821404590675,713.6278780732518,13.936605344300904,-35.04357539843832,6.933405453772915e-20
1786739582.8179243,push +Z,fast,1786739470.8001618,-464.59867262105763,-185.68128254418025,705.5079975133731,13.926096190813592,-34.844900446579295,6.904853071362247e-20
1786739582.8465111,push +Z,fast,1786739470.8001618,-462.09760008592684,-183.3190250458216,699.2383476174346,13.748926878436809,-34.65732000644463,6.831442703335608e-20
1786739582.8748183,push +Z,fast,1786739470.8001618,-461.86737561045084,-185.7398770474499,694.1246898868712,13.930490778558887,-34.640053170784114,6.814353446296713e-20
1786739582.9033902,push +Z,fast,1786739470.8001618,-464.0640748121805,-186.2753980394458,702.2508259581491,13.97065485295867,-34.80480561091363,6.868504400038559e-20
1786739582.932146,push +Z,fast,1786739470.8001618,-465.606906268657,-186.40818576420122,702.1502776788684,13.980613932315226,-34.92051797014952,6.884056237187463e-20
1786739582.9599493,push +Z,fast,1786739470.8001618,-468.6268285081501,-185.94277771487566,717.147687278678,13.94570832861599,-35.14701213811155,6.944819024234981e-20
1786739582.988387,push +Z,fast,1786739470.8001618,-470.62624491218594,-186.3179879926039,717.1397004005312,13.973849099445413,-35.29696836841423,6.916206881959728e-20
1786739583.0167246,push +Z,fast,1786739470.8001618,-472.6938021231681,-186.416228258474,724.2723750677796,13.98121711938585,-35.45203515923776,6.95544575858377e-20
1786739583.045217,push +Z,fast,1786739470.8001618,-469.54933203279506,-183.91793362713224,714.0270385059312,13.793845022035033,-35.21619990245993,6.904309742677897e-20
1786739583.0736532,push +Z,fast,1786739470.8001618,-463.6301494790605,-183.23210393370323,701.535165751221,13.74240779502787,-34.772261210929706,6.872545583105299e-20
1786739583.1021514,push +Z,fast,1786739470.8001618,-462.16895956887583,-186.9382918615587,693.0599555962899,14.02037188961717,-34.662671967665915,6.900519648472825e-20
1786739583.1304488,push +Z,fast,1786739470.8001618,-462.3086602391013,-188.14499829054682,689.3675277496868,14.110874871791228,-34.67314951793268,6.846969325382263e-20
1786739583.1585736,push +Z,fast,1786739470.8001618,-464.2681185294573,-187.06170548544424,699.1243858719881,14.029627911408586,-34.82010888970936,6.82545404951577e-20
1786739583.1873565,push +Z,fast,1786739470.8001618,-463.170043232381,-183.28014950198383,698.7208238730682,13.746011212649012,-34.7377532424286,6.773102956815756e-20
1786739583.215728,push +Z,fast,1786739470.8001618,-463.3481644669896,-183.02026456189685,705.2277055500481,13.726519842142363,-34.751112335024374,6.793380618786813e-20
1786739583.2438896,push +Z,fast,1786739470.8001618,-462.6534392627409,-187.99392043274702,696.3496552300112,14.09954403245612,-34.699007944705926,6.77518726438886e-20
1786739583.2722406,push +Z,fast,1786739470.8001618,-463.9244358725514,-187.44872995775438,699.3698398184843,14.058654746831838,-34.79433269044148,6.785652958523032e-20
1786739583.3011482,push +Z,fast,1786739470.8001618,-464.78548839370933,-186.77704237391788,699.4227453802077,14.008278178043927,-34.85891162952842,6.788227083699818e-20
1786739583.32929,push +Z,fast,1786739470.8001618,-467.636049156019,-182.43142918718104,711.779831052726,13.682357189038644,-35.072703686701566,6.822829071926074e-20
1786739583.3576252,push +Z,fast,1786739470.8001618,-466.97036095385283,-184.4961770332003,713.5457876024639,13.83721327749031,-35.02277707153911,6.845054061265188e-20
1786739583.38577,push +Z,fast,1786739470.8001618,-466.33417135317495,-184.27973090741455,705.4485027830224,13.820979818056326,-34.975062851488175,6.81182060996804e-20
1786739583.4145203,push +Z,fast,1786739470.8001618,-463.1909324483422,-182.07246189218313,694.1081140665492,13.655434641913924,-34.73931993362578,6.765500586252531e-20
1786739583.4429033,push +Z,fast,1786739470.8001618,-466.1930749438461,-182.87210787499134,698.3694365991851,13.71540809062451,-34.96448062078869,6.79800731215062e-20
1786739583.4717355,push +Z,fast,1786739470.8001618,-466.83284243842763,-184.70884453349754,702.4089440679409,13.853163340012497,-35.01246318288216,6.81023735351773e-20
1786739583.500122,push +Z,fast,1786739470.8001618,-470.33644113509354,-185.47491430665866,716.2585735689727,13.910618572999429,-35.27523308513219,6.889261246019532e-20
1786739583.5279825,push +Z,fast,1786739470.8001618,-468.24637880101,-185.26477237910842,708.4838530766174,13.8948579284334,-35.11847841007598,6.842600121079073e-20
1786739583.5564177,push +Z,fast,1786739470.8001618,-467.8346915079487,-182.58790230001978,716.6625019549783,13.694092672501572,-35.08760186309642,6.915616099000312e-20
1786739583.5849082,push +Z,fast,1786739470.8001618,-468.8286044084589,-184.53233612326756,714.5443214720508,13.839925209245369,-35.16214533063445,6.928461472537635e-20
1786739583.613336,push +Z,fast,1786739470.8001618,-467.98829814741384,-184.08385600405097,713.2421221777167,13.806289200303912,-35.099122361056054,6.877733875220458e-20
1786739583.6414478,push +Z,fast,1786739470.8001618,-466.99211334307574,-189.25203406436015,703.1256015944355,14.193902554827329,-35.02440850073094,6.830826751784737e-20
1786739583.669943,push +Z,fast,1786739470.8001618,-464.95194627734145,-187.37790505561554,699.0595954167475,14.053342879171414,-34.8713959708008,6.823338506430624e-20
1786739583.6984391,push +Z,fast,1786739470.8001618,-467.41579709616826,-189.57124666217987,709.8056393736351,14.217843499663683,-35.05618478221278,6.927813057560829e-20
1786739583.726724,push +Z,fast,1786739470.8001618,-469.97861727886357,-186.60884572919952,716.4459827428173,13.995663429690136,-35.24839629591506,6.969490006913136e-20
1786739583.7550862,push +Z,fast,1786739470.8001618,-469.1105333014134,-187.19444005347532,719.7472687246345,14.039583004010868,-35.183289997606344,6.968070328559137e-20
1786739583.7833521,push +Z,fast,1786739470.8001618,-462.86301586295076,-185.2608245066748,703.5724667228478,13.894561838000872,-34.71472618972151,6.778691150303115e-20
1786739583.812053,push +Z,fast,1786739470.8001618,-462.2384599464608,-184.2800159825083,694.1004314302572,13.821001198688162,-34.6678844959847,6.71526693849927e-20
1786739583.8403394,push +Z,fast,1786739470.8001618,-461.5452961218316,-183.96882548657084,691.9691840375908,13.797661911492984,-34.61589720913755,6.622922626191316e-20
1786739583.8689413,push +Z,fast,1786739470.8001618,-467.30840852040274,-184.86808753108187,705.6671189404487,13.865106564831219,-35.0481306390303,6.832792384773599e-20
1786739583.8972168,push +Z,fast,1786739470.8001618,-467.9182360367863,-187.45776861370393,715.6892147239842,14.059332646027972,-35.09386770275928,6.882301361792767e-20
1786739583.9255488,push +Z,fast,1786739470.8001618,-467.5914563035394,-186.6364710646294,709.086818380948,13.99773532984744,-35.06935922276569,6.880803561607274e-20
1786739583.9540412,push +Z,fast,1786739470.8001618,-466.2428195113889,-183.9039154318899,704.7685565147513,13.792793657392014,-34.9682114633543,6.796875854064408e-20
1786739583.9824893,push +Z,fast,1786739470.8001618,-467.98049117954406,-184.68021906352067,703.0128065239514,13.851016429764176,-35.09853683846599,6.799954832136178e-20
1786739584.0106418,push +Z,fast,1786739470.8001618,-469.52857768725335,-185.27541245366706,707.602059168561,13.895655934025175,-35.214643326544184,6.873067564928044e-20
1786739584.0391676,push +Z,fast,1786739470.8001618,-468.5103227842433,-185.9770404217487,706.8290173574896,13.948278031631293,-35.13827420881844,6.906540773273415e-20
1786739584.0673976,push +Z,fast,1786739470.8001618,-464.1793258671596,-185.85286691374847,700.4145559668405,13.938965018531508,-34.81344944003737,6.884460497288125e-20
1786739584.09599,push +Z,fast,1786739470.8001618,-464.7172471545596,-187.4233550766213,702.4358205168646,14.056751630746934,-34.85379353659216,6.882061138211839e-20
1786739584.1242895,push +Z,fast,1786739470.8001618,-465.1063209338886,-187.5055804444438,703.3115120463272,14.062918533333391,-34.882974070041804,6.856648169186396e-20
1786739584.1527343,push +Z,fast,1786739470.8001618,-467.4211912225642,-184.52195132958775,711.6640879151546,13.839146349719254,-35.05658934169257,6.850076895482858e-20
1786739584.181204,push +Z,fast,1786739470.8001618,-468.119126385192,-183.04846048072181,713.0461188085783,13.728634536054312,-35.10893447888958,6.847957846479985e-20
1786739584.2096825,push +Z,fast,1786739470.8001618,-468.6166586280315,-182.76855699628038,719.2350221826782,13.707641774721363,-35.146249397102565,6.895343480441326e-20
1786739584.2380226,push +Z,fast,1786739470.8001618,-468.1013220269374,-182.87966719544647,716.7961170096523,13.715975039658925,-35.10759915202051,6.914313239490589e-20
1786739584.2663195,push +Z,fast,1786739470.8001618,-466.7531929144661,-183.7042927052879,715.206537564759,13.777821952896847,-35.006489468585194,6.909450177442847e-20
1786739584.2949717,push +Z,fast,1786739470.8001618,-467.3182835855523,-183.98761189396146,716.7011461293396,13.79907089204725,-35.04887126891674,6.905215774574209e-20
1786739584.3231246,push +Z,fast,1786739470.8001618,-466.82084069214943,-187.45986521649206,710.912598065147,14.059489891237117,-35.01156305191142,6.925717533268402e-20
1786739584.3514912,push +Z,fast,1786739470.8001618,-467.4565137113191,-189.05152615306156,710.9429347168407,14.178864461479971,-35.059238528348985,6.90442763781465e-20
1786739584.3798354,push +Z,fast,1786739470.8001618,-464.6387752247201,-187.13271887447388,697.9236142299515,14.03495391558577,-34.84790814185426,6.769622357774506e-20
1786739584.4083407,push +Z,fast,1786739470.8001618,-465.43929588494893,-183.7920958291803,706.3059830227148,13.784407187188673,-34.90794719137128,6.791539284881272e-20
1786739584.4369228,push +Z,fast,1786739470.8001618,-465.20183740067114,-184.0514486324696,699.3236717445288,13.803858647435444,-34.89013780505044,6.832334727468067e-20
1786739584.4651105,push +Z,fast,1786739470.8001618,-466.3819851200933,-186.4213501562391,698.2555179996671,13.981601261718094,-34.97864888400706,6.875165335469494e-20
1786739584.4934244,push +Z,fast,1786739470.8001618,-466.21514503116805,-187.5634322092219,696.2356875192554,14.067257415691895,-34.96613587733774,6.824212525450027e-20
1786739584.5244985,push +Z,fast,1786739470.8001618,-466.39972778745914,-187.52909130928242,704.8281636797228,14.064681848196432,-34.97997958405959,6.808951792189582e-20
1786739584.5503075,push +Z,fast,1786739470.8001618,-470.04662508786623,-188.78310004228115,717.3003039177493,14.158732503171198,-35.25349688159028,6.908411919791382e-20
1786739584.5785513,push +Z,fast,1786739470.8001618,-470.04515143748677,-189.6621760593829,715.489274009663,14.224663204453922,-35.253386357811706,6.895042482730509e-20
1786739584.6072476,push +Z,fast,1786739470.8001618,-470.39617841149266,-187.3121576832665,710.883162572899,14.048411826245324,-35.27971338086223,6.842946623643933e-20
1786739584.6358416,push +Z,fast,1786739470.8001618,-466.37718228799713,-186.73922338007333,702.2995829683514,14.00544175350569,-34.97828867160009,6.759488523917981e-20
1786739584.6639473,push +Z,fast,1786739470.8001618,-465.0954508402792,-184.5966339205637,700.3007435760792,13.84474754404243,-34.88215881302115,6.813824966405865e-20
1786739584.692348,push +Z,fast,1786739470.8001618,-463.7401136178946,-186.17811930768073,701.4488012518977,13.963358948076145,-34.780508521342206,6.847770679756553e-20
1786739584.7233899,push +Z,fast,1786739470.8001618,-466.5727889007967,-184.7522587647362,706.1903668502446,13.856419407355322,-34.99295916756003,6.888149458088366e-20
1786739584.7490988,push +Z,fast,1786739470.8001618,-467.70406618032666,-185.0663262494162,711.8806642820145,13.879974468706404,-35.07780496352458,6.878647507625528e-20
1786739584.7773361,push +Z,fast,1786739470.8001618,-469.731642977461,-183.175418694084,712.5190557158121,13.738156402056571,-35.22987322330962,6.90909915062613e-20
1786739584.805765,push +Z,fast,1786739470.8001618,-470.59073881903805,-183.63934584503806,711.3146801960047,13.772950938378006,-35.29430541142808,6.876575964413429e-20
1786739584.8342059,push +Z,fast,1786739470.8001618,-470.3591025958467,-183.00981422327266,710.9942081143363,13.725736066745572,-35.276932694688604,6.868014434237582e-20
1786739584.8625264,push +Z,fast,1786739470.8001618,-468.69321669259307,-183.16198678186652,714.8028631207235,13.737149008640163,-35.151991251944736,6.870821979029361e-20
1786739584.8909209,push +Z,fast,1786739470.8001618,-466.90857139388027,-182.82962721316812,715.4665539814678,13.712222040987836,-35.01814285454113,6.868324702788089e-20
1786739584.9215813,push +Z,fast,1786739470.8001618,-467.68091762611357,-184.22191431596957,714.7017184283086,13.81664357369797,-35.07606882195881,6.892524708586902e-20
1786739584.9480245,push +Z,fast,1786739470.8001618,-469.51725774407714,-184.45404688801432,718.4736377430199,13.834053516601212,-35.213794330806046,6.938077697580995e-20
1786739584.9761577,push +Z,fast,1786739470.8001618,-470.78513277005413,-184.75278922100074,720.3977936058172,13.85645919157513,-35.30888495775437,6.986752801186823e-20
1786739585.0046034,push +Z,fast,1786739470.8001618,-469.4960245825996,-183.59863569166737,720.2343855149165,13.769897676875306,-35.21220184369535,6.945756715728823e-20
1786739585.033336,push +Z,fast,1786739470.8001618,-470.0821507485616,-183.89417701339744,716.7717869886401,13.792063276004978,-35.256161306142324,6.942903524455428e-20
1786739585.0614493,push +Z,fast,1786739470.8001618,-466.0113867152313,-182.96248195065857,708.7031074462802,13.722186146299467,-34.95085400364273,6.870459913712919e-20
1786739585.0897431,push +Z,fast,1786739470.8001618,-467.2917622842656,-183.07550173552,708.9882103819355,13.730662630164122,-35.04688217132009,6.87682555162984e-20
1786739585.119151,push +Z,fast,1786739470.8001618,-464.94452284392855,-183.43663427565627,706.5990896233443,13.75774757067433,-34.87083921329486,6.827765611634203e-20
1786739585.1466994,push +Z,fast,1786739470.8001618,-468.1358344134901,-186.0326288875508,716.0152048489454,13.952447166566447,-35.11018758101191,6.915075440214849e-20
1786739585.1750917,push +Z,fast,1786739470.8001618,-467.5078881295749,-186.83728373008682,714.2401312923121,14.012796279756838,-35.0630916097183,6.900747402052545e-20
1786739585.2033753,push +Z,fast,1786739470.8001618,-469.4022296208336,-189.26709397574393,715.8367131365112,14.19503204818113,-35.205167221562846,6.892300432830666e-20
1786739585.231892,push +Z,fast,1786739470.8001618,-467.2502524009433,-185.6297794908487,708.087056373286,13.922233461813935,-35.043768930070925,6.830535081514814e-20
1786739585.260154,push +Z,fast,1786739470.8001618,-466.10530952422914,-184.24402632064186,707.6619500473726,13.81830197404835,-34.95789821431736,6.813710210516846e-20
1786739585.2884853,push +Z,fast,1786739470.8001618,-463.3184605280094,-181.74343267497648,702.2920753761473,13.63075745062341,-34.74888453960082,6.807954782293713e-20
1786739585.3181202,push +Z,fast,1786739470.8001618,-463.9064481309142,-183.0884099819118,706.3864000831236,13.731630748643493,-34.792983609818734,6.836418812485941e-20
1786739585.3452575,push +Z,fast,1786739470.8001618,-464.9298806484817,-185.82019461027107,709.4500173649794,13.936514595770493,-34.869741048636456,6.839752835945606e-20
1786739585.373775,push +Z,fast,1786739470.8001618,-466.44500519630583,-184.8697486674298,718.2035231280852,13.865231150057344,-34.98337538972315,6.869315877306027e-20
1786739585.4021652,push +Z,fast,1786739470.8001618,-466.5939455385992,-186.08656245781822,720.7386435453254,13.956492184336437,-34.99454591539515,6.902346383924152e-20
1786739585.430511,push +Z,fast,1786739470.8001618,-466.21200956831854,-184.14698405510535,718.41317698892,13.811023804133132,-34.96590071762415,6.929672366563728e-20
1786739585.4589946,push +Z,fast,1786739470.8001618,-464.95275784822434,-183.92546399261914,715.2289980933219,13.794409799446608,-34.871456838616915,6.946701257155511e-20
1786739585.4872916,push +Z,fast,1786739470.8001618,-464.1433434836631,-181.2065635910766,715.1254925440653,13.590492269330891,-34.810750761274974,6.916476066333817e-20
1786739585.5171397,push +Z,fast,1786739470.8001618,-464.33400109697504,-180.49477094547615,720.3499495910337,13.5371078209109,-34.825050082273435,6.918674664791133e-20
1786739585.5442057,push +Z,fast,1786739470.8001618,-465.7618257610684,-180.04995803919167,720.9883617244177,13.503746852939688,-34.93213693208041,6.885267121844571e-20
1786739585.5727098,push +Z,fast,1786739470.8001618,-465.3283893978364,-179.97691383083884,721.8606719133941,13.498268537313177,-34.899629204837936,6.839140982806407e-20
1786739585.6010692,push +Z,fast,1786739470.8001618,-466.6032418862401,-182.65153028493933,720.279452871313,13.69886477137052,-34.99524314146815,6.819776132978084e-20
1786739585.6293244,push +Z,fast,1786739470.8001618,-468.2500691838518,-184.66823261325806,724.239855301521,13.85011744599446,-35.118755188789116,6.856253894328616e-20
1786739585.6579309,push +Z,fast,1786739470.8001618,-469.2173199675899,-186.8473021025876,713.4379089495606,14.013547657694307,-35.19129899756941,6.842618687678186e-20
1786739585.6864574,push +Z,fast,1786739470.8001618,-466.0228147919024,-184.26266949332114,707.494929047999,13.819700211999344,-34.951711109392875,6.819987708065108e-20
1786739585.714856,push +Z,fast,1786739470.8001618,-463.21938463701235,-182.1650965854608,700.5045394947992,13.662382243909835,-34.74145384777595,6.770797518454691e-20
1786739585.743341,push +Z,fast,1786739470.8001618,-463.36333066971565,-182.2187657707567,705.857275705599,13.666407432806924,-34.7522498002288,6.782099400570385e-20
1786739585.7715428,push +Z,fast,1786739470.8001618,-467.87182032640294,-182.0710350885463,713.811531617308,13.65532763164136,-35.09038652448044,6.859222326333734e-20
1786739585.8000872,push +Z,fast,1786739470.8001618,-468.91192212957276,-185.01367398798163,720.4081518382527,13.876025549098895,-35.16839415971814,6.875479745716227e-20
1786739585.8284051,push +Z,fast,1786739470.8001618,-470.3782908068629,-184.34178690825047,722.6875881739197,13.825634018118958,-35.27837181051481,6.900999626042424e-20
1786739585.8571086,push +Z,fast,1786739470.8001618,-467.85871966933246,-183.98204505412627,716.3907582140873,13.798653379059804,-35.08940397520027,6.863936845351048e-20
1786739585.8854494,push +Z,fast,1786739470.8001618,-466.48358679455305,-183.744694353005,708.0588549741706,13.7808520764757,-34.9862690095916,6.831953237619572e-20
1786739585.9137812,push +Z,fast,1786739470.8001618,-464.5236237686627,-182.64018413415636,706.6491686029321,13.698013810062033,-34.839271782649845,6.815766617369172e-20
1786739585.9418447,push +Z,fast,1786739470.8001618,-465.3393233346096,-185.46876393567493,710.4261908670669,13.910157295175896,-34.900449250095846,6.792946836998894e-20
1786739585.9704406,push +Z,fast,1786739470.8001618,-464.99674409560885,-183.6711821152246,707.8311787420444,13.775338658642195,-34.87475580717086,6.790948774013561e-20
1786739585.9988067,push +Z,fast,1786739470.8001618,-464.0850826724045,-184.3868965372161,707.4076375865443,13.829017240291403,-34.80638120043058,6.828536271948612e-20
1786739586.0272028,push +Z,fast,1786739470.8001618,-462.14598286276123,-182.3781717356768,705.2480121233748,13.678362880176078,-34.66094871470718,6.796808769759824e-20
1786739586.0554516,push +Z,fast,1786739470.8001618,-462.56892404493556,-182.3406023031465,703.6257899359443,13.675545172736197,-34.692669303370465,6.857086087418471e-20
1786739586.0839326,push +Z,fast,1786739470.8001618,-462.204843747817,-181.73008901421656,697.3836287342037,13.629756676066581,-34.66536328108664,6.814694626218329e-20
1786739586.112402,push +Z,fast,1786739470.8001618,-462.97343756226473,-181.93527631097754,701.2280594645781,13.64514572332357,-34.72300781717009,6.876146130866281e-20
1786739586.142137,push +Z,fast,1786739470.8001618,-464.0008467702032,-182.0151145343824,715.54005446274,13.651133590078924,-34.80006350776542,6.876297393146587e-20
1786739586.169101,push +Z,fast,1786739470.8001618,-465.24517928020623,-183.20066231209364,720.5898028398733,13.74004967340716,-34.89338844601562,6.905357697358388e-20
1786739586.1974301,push +Z,fast,1786739470.8001618,-466.798115692332,-183.8559684841448,721.9848483908727,13.789197636310885,-35.009858676925006,6.941119715560569e-20
1786739586.2258384,push +Z,fast,1786739470.8001618,-467.049737426968,-185.57465153154715,713.7848654347881,13.918098864866234,-35.028730307022904,6.914411330929874e-20
1786739586.254157,push +Z,fast,1786739470.8001618,-466.51884568445075,-188.9772873076471,710.0444746889143,14.173296548073733,-34.988913426334086,6.916329908870545e-20
1786739586.2825544,push +Z,fast,1786739470.8001618,-467.10331488677457,-189.7160966349901,710.0090556933401,14.22870724762458,-35.032748616508464,6.890461545104176e-20
1786739586.3109632,push +Z,fast,1786739470.8001618,-465.78802474362146,-186.47698815306637,708.4828371478543,13.985774111480158,-34.934101855771814,6.86991167554065e-20
1786739586.340515,push +Z,fast,1786739470.8001618,-466.5782487266256,-185.3610124135405,709.5839187142974,13.902075931015755,-34.99336865449704,6.870732082090229e-20
1786739586.367868,push +Z,fast,1786739470.8001618,-464.52558732613215,-183.9480316488798,701.6213394200831,13.796102373666233,-34.8394190494601,6.82619434270169e-20
1786739586.3965678,push +Z,fast,1786739470.8001618,-465.21387548970824,-185.41654654921285,701.1677371768164,13.906240991191243,-34.89104066172845,6.806665643824097e-20
1786739586.4250398,push +Z,fast,1786739470.8001618,-465.9904472117032,-182.4975966330927,703.0961813566846,13.687319747482096,-34.949283540878085,6.820349140694748e-20
1786739586.453224,push +Z,fast,1786739470.8001618,-468.38713922837223,-182.18670807377407,708.8195747634672,13.664003105533364,-35.12903544212812,6.878837898531505e-20
1786739586.4815557,push +Z,fast,1786739470.8001618,-469.31101371706427,-183.24991956525764,715.4941771288713,13.743743967394455,-35.19832602877987,6.931281371048847e-20
1786739586.5100458,push +Z,fast,1786739470.8001618,-467.7517332758666,-183.37761477679032,717.3204541669675,13.753321108259588,-35.081379995690185,6.945846960835549e-20
1786739586.538351,push +Z,fast,1786739470.8001618,-465.280667702611,-183.4590831685232,718.1956448791889,13.759431237639522,-34.896050077695996,6.933506131376911e-20
1786739586.566788,push +Z,fast,1786739470.8001618,-463.8300467625759,-183.1571645261398,711.3088424225971,13.736787339460601,-34.7872535071934,6.905654426446204e-20
1786739586.59516,push +Z,fast,1786739470.8001618,-468.44493601844715,-186.38690450858974,716.4915534236034,13.979017838144468,-35.133370201383705,6.925437297165692e-20
1786739586.6238647,push +Z,fast,1786739470.8001618,-468.41295926929615,-187.05652136843003,705.2225708424594,14.029239102632484,-35.13097194519748,6.884629609007076e-20
1786739586.651997,push +Z,fast,1786739470.8001618,-467.23088382550077,-185.99342994867743,703.089784869132,13.949507246150961,-35.04231628691282,6.825785415641682e-20
1786739586.6801603,push +Z,fast,1786739470.8001618,-461.5525299518222,-183.706391669347,693.4683273022356,13.77797937520128,-34.616439746386924,6.789543746610003e-20
1786739586.7086852,push +Z,fast,1786739470.8001618,-459.28799929603747,-182.97819215969753,691.2656389770773,13.723364411977645,-34.44659994720282,6.74102424189357e-20
1786739586.7372925,push +Z,fast,1786739470.8001618,-461.44191493506287,-181.5309388228576,695.8326321279901,13.614820411714657,-34.608143620129745,6.794985325619532e-20
1786739586.765558,push +Z,fast,1786739470.8001618,-464.5930669745121,-181.95434356693545,701.9905459155198,13.646575767520378,-34.84448002308858,6.77214860059112e-20
1786739586.7938201,push +Z,fast,1786739470.8001618,-468.8511986927924,-183.3554135442805,711.9859141684065,13.751656015821244,-35.1638399019595,6.891639252340609e-20
1786739586.8222127,push +Z,fast,1786739470.8001618,-470.48028993317575,-185.6293710841244,714.9112198540943,13.9222028313097,-35.28602174498826,6.924953452121216e-20
1786739586.8507755,push +Z,fast,1786739470.8001618,-469.0825222272588,-185.6570622207961,710.7838518370663,13.924279666559894,-35.181189167044586,6.97641809578615e-20
1786739586.8788433,push +Z,fast,1786739470.8001618,-467.11628725836226,-184.15513154195116,712.5563695886176,13.811634865646521,-35.03372154437744,6.936005408803926e-20
1786739586.9071732,push +Z,fast,1786739470.8001618,-466.1881554440797,-183.38340474381027,714.6903402278076,13.753755355786122,-34.96411165830631,6.957044280372053e-20
1786739586.9356127,push +Z,fast,1786739470.8001618,-469.113953558091,-183.74748169338568,721.9376403465812,13.781061127004048,-35.18354651685709,6.987036250751322e-20
1786739586.9638994,push +Z,fast,1786739470.8001618,-469.73583735778357,-184.8238094800131,714.0035566369206,13.86178571100098,-35.230187801833985,6.980154106469267e-20
1786739586.9922867,push +Z,fast,1786739470.8001618,-469.4725749351114,-185.03425473485743,711.1060944279761,13.877569105114485,-35.21044312013353,6.950832607412121e-20
1786739587.0208645,push +Z,fast,1786739470.8001618,-468.9199781932484,-185.10078283224595,714.3462607828269,13.882558712418547,-35.1689983644938,6.97947997102989e-20
1786739587.0492322,push +Z,fast,1786739470.8001618,-470.612973946681,-187.99886342248885,722.0924768153363,14.099914756686882,-35.29597304600126,7.045284144374327e-20
1786739587.0778143,push +Z,fast,1786739470.8001618,-468.85480321381647,-189.07956252507563,715.4230377502745,14.180967189380869,-35.16411024103624,6.981085478690984e-20
1786739587.105845,push +Z,fast,1786739470.8001618,-466.812257683127,-188.5772103723574,706.2099838628328,14.14329077792706,-35.010919326234706,6.847817843863714e-20
1786739587.1344976,push +Z,fast,1786739470.8001618,-464.31126429838196,-186.36659496172012,704.2927893783235,13.977494622129274,-34.82334482237888,6.784586698537377e-20
1786739587.1627839,push +Z,fast,1786739470.8001618,-465.034408190726,-185.218973648536,715.836540516998,13.891423023640339,-34.87758061430463,6.87204381464825e-20
1786739587.1915612,push +Z,fast,1786739470.8001618,-464.5952150338694,-184.38662117170486,720.2351794945407,13.828996587877999,-34.84464112754049,6.861305872165482e-20
1786739587.2196534,push +Z,fast,1786739470.8001618,-465.984050680428,-184.7689380318617,722.928834898973,13.857670352389786,-34.94880380103236,6.893167132786727e-20
1786739587.2481785,push +Z,fast,1786739470.8001618,-467.46847796614065,-184.87335284922142,711.0472797577613,13.865501463691647,-35.060135847460906,6.858854203359494e-20
1786739587.2766345,push +Z,fast,1786739470.8001618,-466.09795748841907,-184.75657612457314,705.0053068233774,13.85674320934324,-34.95734681163154,6.833698990373626e-20
1786739587.3048735,push +Z,fast,1786739470.8001618,-462.23870881225594,-183.9124522848523,691.589586809092,13.793433921364137,-34.667903160919266,6.694383036306561e-20
1786739587.333243,push +Z,fast,1786739470.8001618,-464.79388047867724,-182.60095455752378,703.5979437114593,13.695071591814457,-34.85954103590106,6.743404691395158e-20
1786739587.3616948,push +Z,fast,1786739470.8001618,-466.75858606313477,-183.44111624852633,708.4553952669785,13.758083718639643,-35.006893954735276,6.850988854666561e-20
1786739587.3902845,push +Z,fast,1786739470.8001618,-469.4194410748264,-182.23842360670733,715.867551191177,13.667881770503296,-35.20645808061212,6.920175937820772e-20
1786739587.4188235,push +Z,fast,1786739470.8001618,-466.55728874535816,-184.27591178133775,710.4494300730858,13.82069338360039,-34.99179665590202,6.911255593345472e-20
1786739587.4468877,push +Z,fast,1786739470.8001618,-464.9408078444312,-184.0042141803948,704.1411065576976,13.800316063529774,-34.870560588332545,6.919149270558569e-20
1786739587.4755328,push +Z,fast,1786739470.8001618,-464.1711372555369,-182.65139751850222,699.1599827606979,13.698854813887873,-34.81283529416559,6.941043813262302e-20
1786739587.5034463,push +Z,fast,1786739470.8001618,-460.78002351620125,-182.2002385132297,689.945604853011,13.665017888492283,-34.55850176371542,6.817288636141232e-20
1786739587.532078,push +Z,fast,1786739470.8001618,-462.25055330460737,-183.7311329150134,691.1276375285033,13.77983496862603,-34.66879149784583,6.732031798069792e-20
1786739587.5606122,push +Z,fast,1786739470.8001618,-465.1716790133728,-187.84531817795698,702.5479611977071,14.088398863346928,-34.88787592600327,6.790704419544254e-20
1786739587.588768,push +Z,fast,1786739470.8001618,-467.40512187240256,-188.64608081740926,707.4394627881493,14.148456061305676,-35.055384140430405,6.843498845861098e-20
1786739587.6171308,push +Z,fast,1786739470.8001618,-469.26283414829913,-186.78317060282302,717.4396637910122,14.008737795211903,-35.194712561122735,6.926294586920857e-20
1786739587.6455636,push +Z,fast,1786739470.8001618,-467.4717588406879,-183.91013102948045,713.9799844867421,13.793259827211205,-35.060381913051685,6.875729948135637e-20
1786739587.674009,push +Z,fast,1786739470.8001618,-468.5495020208177,-183.10453968726415,715.8540692209581,13.73284047654499,-35.141212651561595,6.922804561164758e-20
1786739587.702364,push +Z,fast,1786739470.8001618,-464.91997406893825,-183.54170393230515,705.303725640345,13.765627794922946,-34.86899805517053,6.826030759633466e-20
1786739587.7310212,push +Z,fast,1786739470.8001618,-465.4562841766974,-184.36852861522027,705.2242969640074,13.827639646141673,-34.90922131325234,6.817311862470858e-20
1786739587.7602386,push +Z,fast,1786739470.8001618,-465.4171065045225,-184.83512628935432,708.5263025000668,13.862634471701707,-34.906282987839255,6.852367581859553e-20
1786739587.7874079,push +Z,fast,1786739470.8001618,-467.4998228398799,-184.12589697689054,712.6482664793821,13.809442273267027,-35.06248671299109,6.891367715985396e-20
1786739587.8164787,push +Z,fast,1786739470.8001618,-468.41020764412906,-185.49014704772628,718.4856095025116,13.911761028579743,-35.1307655733099,6.951712187141349e-20
1786739587.8441503,push +Z,fast,1786739470.8001618,-466.80547499074146,-184.0682235845618,716.8540392369014,13.80511676884247,-35.01041062430577,6.923064643606333e-20
1786739587.8732288,push +Z,fast,1786739470.8001618,-465.6217472407279,-183.3830798225656,713.910494645017,13.753730986692606,-34.92163104305484,6.928520836413758e-20
1786739587.9013379,push +Z,fast,1786739470.8001618,-462.9070961580014,-181.8327746889696,702.8894913568674,13.637458101672859,-34.718032211850264,6.860488790021224e-20
1786739587.9298604,push +Z,fast,1786739470.8001618,-463.31470972242187,-181.980742147579,702.6044573648005,13.648555661068546,-34.74860322918182,6.847051973807515e-20
1786739587.9593856,push +Z,fast,1786739470.8001618,-465.54255434527977,-185.02642419686447,714.7134458308346,13.87698181476522,-34.9156915758962,6.963657456913588e-20
1786739587.9865532,push +Z,fast,1786739470.8001618,-469.0526880731004,-186.42793987291805,724.8695349469972,13.982095490469032,-35.17895160548275,7.012960046171752e-20
1786739588.0149817,push +Z,fast,1786739470.8001618,-471.0789483116314,-187.893844278541,731.079280529355,14.092038320890854,-35.33092112337251,7.042155269791801e-20
1786739588.0429697,push +Z,fast,1786739470.8001618,-468.9794666746129,-185.99662694274753,718.6309120117385,13.949747020706393,-35.17346000059607,6.879222626322842e-20
1786739588.0714579,push +Z,fast,1786739470.8001618,-467.49472073127436,-184.64011033780923,715.3198121571731,13.84800827533591,-35.062104054845705,6.843005612959432e-20
1786739588.0998783,push +Z,fast,1786739470.8001618,-469.5961722582492,-185.44892722044483,711.8746439929246,13.908669541533552,-35.2197129193689,6.850753183442459e-20
1786739588.1282496,push +Z,fast,1786739470.8001618,-470.20972370223035,-184.29311569951528,712.0365404680169,13.821983677463866,-35.26572927766753,6.872355412750001e-20
1786739588.157765,push +Z,fast,1786739470.8001618,-469.4810871514719,-184.35615959057145,711.9135139805794,13.826711969292834,-35.211081536360716,6.844258678522701e-20
1786739588.1852329,push +Z,fast,1786739470.8001618,-469.5235909189669,-184.49246912385536,718.3631708650391,13.836935184289377,-35.21426931892269,6.840730979224298e-20
1786739588.2134697,push +Z,fast,1786739470.8001618,-471.31137391582297,-185.67719169899954,725.2698294358152,13.925789377424966,-35.34835304368694,6.885494339172219e-20
1786739588.2420182,push +Z,fast,1786739470.8001618,-471.5368089916924,-184.13032164595018,719.5704072712497,13.809774123446427,-35.36526067437717,6.897713474531768e-20
1786739588.2707138,push +Z,fast,1786739470.8001618,-466.3751348752289,-181.300992285564,705.1232304730938,13.597574421417452,-34.97813511564214,6.819554526989203e-20
1786739588.2988176,push +Z,fast,1786739470.8001618,-465.03560165741646,-181.10432615551065,703.4082440175534,13.582824461663389,-34.877670124306334,6.803392048142022e-20
1786739588.3272152,push +Z,fast,1786739470.8001618,-463.04226572358584,-181.45319058650023,704.6778586377077,13.608989293987623,-34.7281699292692,6.884450635896135e-20
1786739588.355606,push +Z,fast,1786739470.8001618,-464.3541304089599,-182.40505193207787,708.6409969408178,13.680378894906081,-34.82655978067206,6.928679699716593e-20
1786739588.3841016,push +Z,fast,1786739470.8001618,-464.0563419058326,-182.82171067714523,708.2388063749331,13.711628300785986,-34.804225642937595,6.876987636480317e-20
1786739588.4125931,push +Z,fast,1786739470.8001618,-465.6116626512462,-183.1793337725113,709.324965880086,13.738450032938314,-34.92087469884367,6.838198231906369e-20
1786739588.4407818,push +Z,fast,1786739470.8001618,-465.5307515436939,-179.6899895021287,708.892390108681,13.4767492126598,-34.91480636577719,6.805259465453932e-20
1786739588.4692411,push +Z,fast,1786739470.8001618,-465.5323410263409,-178.0364724144215,705.0059118110212,13.352735431081943,-34.91492557697574,6.86588806663906e-20
1786739588.4978566,push +Z,fast,1786739470.8001618,-466.30590603864175,-178.47785406755304,709.2239438081078,13.38583905506663,-34.97294295289834,6.888846344912326e-20
1786739588.5258384,push +Z,fast,1786739470.8001618,-465.1897458360263,-182.08126706807673,704.4922789440543,13.656095030105998,-34.88923093770212,6.862095526610078e-20
1786739588.554591,push +Z,fast,1786739470.8001618,-466.545584350436,-183.10918515075537,714.4302423334266,13.73318888630686,-34.990918826282865,6.893181053518779e-20
1786739588.5828152,push +Z,fast,1786739470.8001618,-465.73069353084793,-186.06461831673334,714.2487033486659,13.954846373755206,-34.92980201481366,6.879829033941703e-20
1786739588.6113634,push +Z,fast,1786739470.8001618,-468.4893700799489,-186.69699249308894,722.6825879526723,14.002274436981903,-35.136702755996424,6.96554479570375e-20
1786739588.639686,push +Z,fast,1786739470.8001618,-467.11067696522923,-188.019361002584,710.8866021007161,14.101452075194093,-35.033300772392316,6.879790683080412e-20
1786739588.6678941,push +Z,fast,1786739470.8001618,-465.3403098833919,-185.59489713328742,702.0269175259482,13.91961728499675,-34.90052324125469,6.792826548885094e-20
1786739588.696372,push +Z,fast,1786739470.8001618,-465.44055026591786,-185.90912623259726,702.8879286530946,13.943184467445096,-34.90804126994403,6.765612528681139e-20
1786739588.7247188,push +Z,fast,1786739470.8001618,-464.3134060691518,-184.8744932842784,706.0588135863482,13.865586996321117,-34.82350545518647,6.778615989775514e-20
1786739588.7531054,push +Z,fast,1786739470.8001618,-466.69857747770766,-182.39728527376167,713.4182933968368,13.679796395532232,-35.002393310828246,6.844994159358532e-20
1786739588.7814772,push +Z,fast,1786739470.8001618,-464.93143537307833,-181.48169406741124,713.8678125406632,13.611127055056127,-34.86985765298103,6.816405115897275e-20
1786739588.8099132,push +Z,fast,1786739470.8001618,-462.77574450054135,-181.93103923581612,708.5653863877169,13.644827942686323,-34.708180837540795,6.757334606136091e-20
1786739588.8383505,push +Z,fast,1786739470.8001618,-460.11403815208223,-183.45880382406472,704.0785454283796,13.75941028680511,-34.508552861406415,6.706944417047734e-20
1786739588.866764,push +Z,fast,1786739470.8001618,-459.08349238705705,-183.49546348542935,693.1118570044528,13.76215976140745,-34.43126192902933,6.68920441323319e-20
1786739588.895041,push +Z,fast,1786739470.8001618,-462.25768472258324,-181.56435172949818,707.1381354147406,13.617326379712626,-34.66932635419394,6.800999733213576e-20
1786739588.9233422,push +Z,fast,1786739470.8001618,-464.6095064122501,-183.9997013563967,713.2688303800469,13.79997760172996,-34.84571298091902,6.908360816304914e-20
1786739588.9522786,push +Z,fast,1786739470.8001618,-465.634430340323,-184.98200257892995,722.8362861452833,13.873650193419994,-34.92258227552438,6.970639642935408e-20
1786739588.980419,push +Z,fast,1786739470.8001618,-466.3704457548115,-187.30592171702176,716.4190804633454,14.047944128776823,-34.97778343161119,6.950101871457596e-20
1786739589.0089138,push +Z,fast,1786739470.8001618,-467.47696285318716,-185.92926207221876,717.0403056774903,13.944694655416694,-35.06077221398913,6.899585633583368e-20
1786739589.037215,push +Z,fast,1786739470.8001618,-466.6004048162631,-185.03240081693423,717.4357622262423,13.877430061270356,-34.99503036121996,6.867463573394813e-20
1786739589.065582,push +Z,fast,1786739470.8001618,-465.67327030504566,-184.4019787064858,709.9220031040804,13.83014840298664,-34.925495272878585,6.875651971799666e-20
1786739589.0940523,push +Z,fast,1786739470.8001618,-464.56153559009135,-185.48724798637238,709.4600479910441,13.911543598978188,-34.84211516925687,6.889853857952379e-20
1786739589.1221502,push +Z,fast,1786739470.8001618,-465.72731167771326,-186.79022181275582,705.672904886902,14.009266635956987,-34.92954837582872,6.891454701996954e-20
1786739589.151928,push +Z,fast,1786739470.8001618,-465.494857065059,-184.5932614829777,711.5465405450796,13.844494611223514,-34.91211427987971,6.890290633940143e-20
1786739589.1792612,push +Z,fast,1786739470.8001618,-465.5866959106884,-184.99764555388322,710.5435584751776,13.874823416541478,-34.91900219330183,6.851094381152436e-20
1786739589.2075915,push +Z,fast,1786739470.8001618,-465.10432997931684,-184.8010547970489,709.247950347667,13.860079109778699,-34.88282474844907,6.838854323144989e-20
1786739589.235898,push +Z,fast,1786739470.8001618,-466.85668828648886,-185.6534417563454,712.9483594902613,13.924008131726143,-35.01425162148685,6.852502633428888e-20
1786739589.264188,push +Z,fast,1786739470.8001618,-464.0046748082623,-182.72314923176066,705.1299793877215,13.704236192382279,-34.800350610619724,6.862088512305803e-20
1786739589.2928684,push +Z,fast,1786739470.8001618,-464.7381063852549,-180.09967883249067,708.6654868510077,13.507475912437041,-34.85535797889435,6.8300796161172e-20
1786739589.3209572,push +Z,fast,1786739470.8001618,-462.72902528411396,-180.10633940676883,708.7557193948851,13.507975455508006,-34.7046768963087,6.820840104245004e-20
1786739589.3493195,push +Z,fast,1786739470.8001618,-465.8661902216154,-181.79380708565157,718.1599838400889,13.63453553142411,-34.9399642666214,6.812950316023436e-20
1786739589.3777752,push +Z,fast,1786739470.8001618,-465.48449023138437,-184.9300906930041,723.6837459185454,13.869756801975559,-34.91133676735405,6.923364873324062e-20
1786739589.406424,push +Z,fast,1786739470.8001618,-465.527150293859,-184.8830909164766,720.0007381464084,13.866231818735987,-34.914536272039676,6.923771357274046e-20
1786739589.4344804,push +Z,fast,1786739470.8001618,-463.6643048646365,-185.7829126674378,716.5321380246542,13.933718450058198,-34.77482286484787,6.90403342826841e-20
1786739589.4630651,push +Z,fast,1786739470.8001618,-461.94763446485194,-182.90387613579196,706.1339127164565,13.717790710184556,-34.646072584864065,6.830413189438765e-20
1786739589.4915812,push +Z,fast,1786739470.8001618,-460.8353910034434,-183.64029953214526,705.5798491659825,13.773022464911225,-34.56265432525843,6.776546841728404e-20
1786739589.5198479,push +Z,fast,1786739470.8001618,-461.62582813613153,-180.9414803667479,707.5274455538129,13.570611027506335,-34.62193711021017,6.839750606435851e-20
1786739589.5483396,push +Z,fast,1786739470.8001618,-464.8599611351433,-182.90310668353982,717.0435451951234,13.717733001265788,-34.864497085135866,6.895941625402673e-20
1786739589.5766444,push +Z,fast,1786739470.8001618,-468.90015817110907,-184.25141038967502,724.0415522926041,13.818855779225881,-35.16751186283333,6.987199904180132e-20
1786739589.6049454,push +Z,fast,1786739470.8001618,-469.43314685286987,-184.99856758556325,721.3459492026095,13.874892568917463,-35.207486013965436,6.946675507347143e-20
1786739589.633291,push +Z,fast,1786739470.8001618,-469.01360077704567,-182.31487614818946,722.0338597084574,13.673615711114504,-35.176020058278574,6.93157585414086e-20
1786739589.6616433,push +Z,fast,1786739470.8001618,-463.6737654100475,-180.4885052539879,713.6905594652699,13.536637894049353,-34.77553240575383,6.856008205362604e-20
1786739589.6902122,push +Z,fast,1786739470.8001618,-461.6464978759727,-178.61829233706703,710.8115615756278,13.396371925280196,-34.62348734069823,6.810106011426151e-20
1786739589.7184696,push +Z,fast,1786739470.8001618,-461.4419047710262,-180.2258091864902,711.2399532042846,13.516935688986965,-34.6081428578273,6.853440935806205e-20
1786739589.7501383,push +Z,fast,1786739470.8001618,-464.555514111561,-177.2802906890587,717.5686921214701,13.29602180167964,-34.841663558367124,6.871871406219853e-20
1786739589.7754073,push +Z,fast,1786739470.8001618,-466.3880712752589,-179.21773536041667,722.1779881544526,13.441330152031515,-34.97910534564473,6.890358151723987e-20
1786739589.8037994,push +Z,fast,1786739470.8001618,-465.72382575380107,-179.04878685639574,714.0532428475926,13.428659014229968,-34.9292869315353,6.81824254675635e-20
1786739589.8321357,push +Z,fast,1786739470.8001618,-465.78719074482615,-180.5697751134461,714.186695494619,13.54273313350873,-34.93403930586211,6.880162686485442e-20
1786739589.8604372,push +Z,fast,1786739470.8001618,-466.66175825276196,-184.0944047911903,718.6393689761207,13.807080359339547,-34.99963186895726,6.952803075186268e-20
1786739589.8887339,push +Z,fast,1786739470.8001618,-464.8269818865615,-186.0861943810587,716.35126264059,13.956464578579546,-34.86202364149237,6.918122129518899e-20
1786739589.9176373,push +Z,fast,1786739470.8001618,-465.21481413499123,-187.67746407866582,713.0768669678755,14.075809805900096,-34.89111106012448,6.840494189366718e-20
1786739589.9457316,push +Z,fast,1786739470.8001618,-463.1355234456096,-184.94602356764494,705.1301466300802,13.870951767573633,-34.73516425842089,6.768958725210232e-20
1786739589.974169,push +Z,fast,1786739470.8001618,-466.0745496420918,-183.14759498112005,715.3987506322856,13.73606962358416,-34.95559122315699,6.8408060086707e-20
1786739590.0025454,push +Z,fast,1786739470.8001618,-467.1039626075112,-182.63819528998965,718.4688090651935,13.69786464674927,-35.03279719556343,6.881375991875193e-20
1786739590.030994,push +Z,fast,1786739470.8001618,-468.94529822606273,-182.1888168856384,718.7547099445383,13.664161266423068,-35.17089736695487,6.865914584075187e-20
1786739590.0595033,push +Z,fast,1786739470.8001618,-467.4148147616979,-182.06387862961628,713.4640261267223,13.654790897221392,-35.056111107127464,6.807980135828831e-20
1786739590.0876873,push +Z,fast,1786739470.8001618,-463.15201915328043,-184.198673560496,705.0583545689224,13.814900517037405,-34.73640143649622,6.750411278616871e-20
1786739590.1192582,push +Z,fast,1786739470.8001618,-463.7034987162692,-183.74597451179682,709.8257501784401,13.7809480883849,-34.77776240372035,6.779827798828314e-20
1786739590.144461,push +Z,fast,1786739470.8001618,-462.93438158753224,-185.0250661051673,707.4083757937469,13.876879957887919,-34.720078619065035,6.809143274599089e-20
1786739590.1732726,push +Z,fast,1786739470.8001618,-466.642459990971,-184.124185893475,713.246650994246,13.809313942010828,-34.99818449932304,6.85654490838524e-20
1786739590.2016947,push +Z,fast,1786739470.8001618,-463.434157153406,-185.99391180963096,707.3601997387914,13.949543385722468,-34.75756178650558,6.794428455098214e-20
1786739590.229606,push +Z,fast,1786739470.8001618,-465.76796522881887,-186.96367698461063,712.546404679535,14.022275773845966,-34.93259739216162,6.867170965728477e-20
1786739590.2584639,push +Z,fast,1786739470.8001618,-462.86279910823123,-188.53317752691908,708.8017225006251,14.139988314518998,-34.71470993311747,6.876096654157081e-20
1786739590.2865317,push +Z,fast,1786739470.8001618,-464.52091444798725,-187.33581795530074,714.6307355597282,14.050186346647845,-34.83906858359915,6.94783303243496e-20
1786739590.3151724,push +Z,fast,1786739470.8001618,-461.8569988882082,-185.49368529517494,716.7040354670316,13.91202639713828,-34.639274916615726,6.875357426288013e-20
1786739590.3434155,push +Z,fast,1786739470.8001618,-460.6692179671736,-184.99697901391835,710.6649276391163,13.87477342604404,-34.55019134753824,6.773105458038712e-20
1786739590.371897,push +Z,fast,1786739470.8001618,-460.58057559740746,-182.01621982617496,706.9208822265236,13.651216486963282,-34.5435431698059,6.764551737538247e-20
1786739590.4004526,push +Z,fast,1786739470.8001618,-462.6425377608525,-182.751639554986,706.1903219798451,13.706372966624006,-34.69819033206406,6.793432606096582e-20
1786739590.4284687,push +Z,fast,1786739470.8001618,-464.6922759683289,-181.86969496849565,715.1894267673488,13.640227122637445,-34.85192069762486,6.881878183219437e-20
1786739590.4567993,push +Z,fast,1786739470.8001618,-463.2600081979358,-186.38570168577564,709.4006817691397,13.978927626433364,-34.7445006148455,6.89290047474116e-20
1786739590.486087,push +Z,fast,1786739470.8001618,-463.6219062535315,-187.78943103475876,707.130585816928,14.084207327607135,-34.771642969015076,6.901901195451809e-20
1786739590.5137966,push +Z,fast,1786739470.8001618,-465.28464840342485,-189.2491371839635,708.6232522072396,14.193685288797457,-34.89634863025704,6.921216669142676e-20
1786739590.5421662,push +Z,fast,1786739470.8001618,-466.7438175400325,-188.70928892389043,713.4587338826959,14.153196669291884,-35.0057863155027,6.907724836054512e-20
1786739590.5702791,push +Z,fast,1786739470.8001618,-465.0862414350563,-187.15781584915317,708.6676771601333,14.036836188686781,-34.88146810762934,6.862601845037399e-20
1786739590.598701,push +Z,fast,1786739470.8001618,-462.3246217060937,-182.0498534132945,705.3728513546766,13.653739005997284,-34.67434662795724,6.858935073504806e-20
1786739590.6272848,push +Z,fast,1786739470.8001618,-461.4388052133577,-180.50963106697918,707.0586577087288,13.538222330023633,-34.60791039100196,6.808459675060685e-20
1786739590.655508,push +Z,fast,1786739470.8001618,-462.90547615879086,-180.1645970172251,712.4007133516698,13.512344776292107,-34.7179107119095,6.825666854274464e-20
1786739590.6851091,push +Z,fast,1786739470.8001618,-464.9422732659623,-182.8433451678103,712.0794721717339,13.713250887586053,-34.870670494947504,6.837621936866808e-20
1786739590.712474,push +Z,fast,1786739470.8001618,-466.3641927439712,-182.92886452558787,714.3459228532174,13.719664839419313,-34.977314455797966,6.866978447484599e-20
1786739590.7407334,push +Z,fast,1786739470.8001618,-465.4691918790286,-185.19562585402184,713.2252272658661,13.889671939051826,-34.910189390927414,6.834960803141415e-20
1786739590.769117,push +Z,fast,1786739470.8001618,-466.06183311251425,-186.72509177343977,711.6857206075092,14.004381883008183,-34.954637483438695,6.778452702332413e-20
1786739590.79764,push +Z,fast,1786739470.8001618,-464.2074490415316,-186.01083112956064,707.2537910792043,13.950812334717181,-34.81555867811495,6.787099438243978e-20
1786739590.8258488,push +Z,fast,1786739470.8001618,-463.7980154854081,-185.0185488721835,704.2747237731173,13.876391165413875,-34.784851161405705,6.810244067119697e-20
1786739590.8542635,push +Z,fast,1786739470.8001618,-463.7805500327836,-181.1437085442866,708.8977294715269,13.585778140821827,-34.78354125245883,6.838494719951552e-20
1786739590.882637,push +Z,fast,1786739470.8001618,-464.61715366623594,-182.68174357862563,709.4017953043776,13.701130768397174,-34.84628652496766,6.838846634403477e-20
1786739590.9111586,push +Z,fast,1786739470.8001618,-463.6943059283649,-179.97428216097353,711.8157712970478,13.498071162073213,-34.77707294462758,6.843952772676517e-20
1786739590.9398873,push +Z,fast,1786739470.8001618,-461.8944674273489,-182.2882186997639,708.8670461688398,13.671616402482481,-34.64208505705134,6.77236230281751e-20
1786739590.9682622,push +Z,fast,1786739470.8001618,-461.55505322723957,-181.97680020248742,706.2509912746882,13.648260015186803,-34.616628992042976,6.730694521555866e-20
1786739590.9964619,push +Z,fast,1786739470.8001618,-462.64852672915504,-183.56896016498467,706.6234232486486,13.767672012374195,-34.69863950468684,6.747417622260379e-20
1786739591.0246205,push +Z,fast,1786739470.8001618,-464.07138446996214,-185.3955591070319,712.8896977353052,13.904666933027745,-34.805353835247374,6.880547848724445e-20
1786739591.0530121,push +Z,fast,1786739470.8001618,-465.98043673928896,-186.6382174879874,719.6769600758016,13.997866311599285,-34.94853275544697,6.948173638818182e-20
1786739591.0817869,push +Z,fast,1786739470.8001618,-465.7265801722797,-188.4407562490253,712.8257721780001,14.133056718677057,-34.92949351292128,6.878613659131954e-20
1786739591.109952,push +Z,fast,1786739470.8001618,-462.87210475360826,-185.48848142300983,702.5614567029297,13.911636106725897,-34.71540785652075,6.721194267312455e-20
1786739591.1384244,push +Z,fast,1786739470.8001618,-462.79382474338763,-186.3371399335598,706.1113618601103,13.975285495017307,-34.7095368557544,6.783353676380906e-20
1786739591.166803,push +Z,fast,1786739470.8001618,-461.69961951605865,-184.22337265621684,706.355444751679,13.816752949216397,-34.627471463704524,6.83145090499218e-20
1786739591.1949732,push +Z,fast,1786739470.8001618,-466.7647215119955,-186.64608488337615,713.8500188772305,13.998456366253539,-35.007354113399884,6.977056625656481e-20
1786739591.2236876,push +Z,fast,1786739470.8001618,-466.1559455803954,-184.05415907703718,707.5599903191114,13.804061930777952,-34.9616959185298,6.877950682150304e-20
1786739591.2519298,push +Z,fast,1786739470.8001618,-466.13829604680586,-180.92072648768146,711.3747385814049,13.569054486576324,-34.96037220351052,6.844185505971708e-20
1786739591.2828095,push +Z,fast,1786739470.8001618,-463.74700983543016,-180.56379197418005,711.0531614855336,13.542284398063611,-34.781025737657366,6.840962368753621e-20
1786739591.3086414,push +Z,fast,1786739470.8001618,-463.41032262222916,-180.25467383554576,709.330181421099,13.51910053766608,-34.755774196667446,6.849848594003928e-20
1786739591.3371031,push +Z,fast,1786739470.8001618,-465.67358041231455,-182.8424388508953,706.4761325425789,13.713182913817466,-34.925518530923895,6.856693396930234e-20
1786739591.365457,push +Z,fast,1786739470.8001618,-465.79712131583165,-181.39980261347898,708.7067905321001,13.604985196011139,-34.934784098687594,6.877159411845989e-20
1786739591.394219,push +Z,fast,1786739470.8001618,-466.90866810970465,-182.45938042462888,709.7608375475911,13.684453531847456,-35.018150108227985,6.913233486763655e-20
1786739591.4222374,push +Z,fast,1786739470.8001618,-465.12740794772526,-182.71815136337307,708.5549088659118,13.703861352253188,-34.8845555960797,6.940099560360729e-20
1786739591.4506543,push +Z,fast,1786739470.8001618,-464.65023865397234,-185.0052817682963,699.9428433014,13.875396132622559,-34.848767899048326,6.858414043046271e-20
1786739591.4812167,push +Z,fast,1786739470.8001618,-465.0851505104524,-186.13341930170463,708.5824631844034,13.96000644762805,-34.88138628828415,6.91051305902339e-20
1786739591.50762,push +Z,fast,1786739470.8001618,-465.33414241650826,-185.87395677671645,708.9830972578693,13.940546758253841,-34.90006068123827,6.868633978410921e-20
1786739591.5360715,push +Z,fast,1786739470.8001618,-465.9215627221083,-184.84781342643942,713.3469381153836,13.863586006983223,-34.94411720415819,6.886066241522961e-20
1786739591.5646124,push +Z,fast,1786739470.8001618,-466.23382801773687,-185.30604768730802,709.2181001693461,13.89795357654842,-34.96753710133027,6.849420359692085e-20
1786739591.5927606,push +Z,fast,1786739470.8001618,-468.1593716246989,-185.01513439118992,712.4719785659681,13.87613507933943,-35.1119528718527,6.880111632339671e-20
1786739591.6209323,push +Z,fast,1786739470.8001618,-467.90355380930396,-185.4809704891627,711.2942679677471,13.911072786687388,-35.09276653569793,6.952877733900227e-20
1786739591.6495645,push +Z,fast,1786739470.8001618,-469.34234602223796,-183.39261445743853,712.572036998421,13.754446084308139,-35.20067595166804,6.965752851718936e-20
1786739591.6780796,push +Z,fast,1786739470.8001618,-469.5348617143709,-186.49517539522105,715.0999876272863,13.987138154641801,-35.21511462857797,6.974544292934661e-20
1786739591.7062848,push +Z,fast,1786739470.8001618,-469.86247338479006,-187.3444698912591,715.3630923821256,14.050835241844606,-35.23968550385944,6.935884689965486e-20
1786739591.7346046,push +Z,fast,1786739470.8001618,-468.46900092109945,-187.4145721902613,709.5803994705002,14.056092914269836,-35.13517506908254,6.901425931473105e-20
1786739591.7630177,push +Z,fast,1786739470.8001618,-466.2016607867904,-183.57928528725006,702.9473442839435,13.768446396543997,-34.96512455900942,6.861972260146201e-20
1786739591.7914686,push +Z,fast,1786739470.8001618,-466.6111087125946,-181.8077387483612,701.7232671007678,13.635580406127264,-34.99583315344486,6.800232523121986e-20
1786739591.8196309,push +Z,fast,1786739470.8001618,-465.61132982079744,-182.92899380908523,706.6854655465313,13.71967453568151,-34.92084973655996,6.822281811478903e-20
1786739591.848138,push +Z,fast,1786739470.8001618,-468.1292640063011,-186.586262348761,708.4852627708296,13.993969676157402,-35.10969480047271,6.912312947206678e-20
1786739591.8765557,push +Z,fast,1786739470.8001618,-468.15849081254964,-186.8890588181182,710.1466222177742,14.016679411358982,-35.11188681094151,6.921487264261798e-20
1786739591.904941,push +Z,fast,1786739470.8001618,-468.0328386775509,-187.18788396149648,707.6479471977455,14.039091297112396,-35.10246290081654,6.91194677837613e-20
1786739591.9334228,push +Z,fast,1786739470.8001618,-468.5202104414816,-185.65567281160145,714.5866115135441,13.924175460870163,-35.13901578311138,6.871352881162021e-20
1786739591.9617636,push +Z,fast,1786739470.8001618,-467.90754205731173,-185.68401182730054,718.7234996110046,13.926300887047578,-35.09306565429849,6.899388601792761e-20
1786739591.9904213,push +Z,fast,1786739470.8001618,-466.7937901429327,-183.59710887154586,713.0588050773049,13.76978316536611,-35.009534260720024,6.820400716022314e-20
1786739592.0187855,push +Z,fast,1786739470.8001618,-465.31150701620754,-184.72200551901153,708.1268905011802,13.85415041392606,-34.89836302621575,6.84208463787232e-20
1786739592.0474925,push +Z,fast,1786739470.8001618,-465.3039864286643,-183.14277286003403,701.1255883059757,13.735707964502755,-34.89779898214987,6.794595135773776e-20
1786739592.0753524,push +Z,fast,1786739470.8001618,-466.6700084782465,-185.33652772992605,706.0107569026177,13.900239579744653,-35.0002506358687,6.871820889954191e-20
1786739592.104007,push +Z,fast,1786739470.8001618,-465.8708587408528,-185.31547346271054,702.8947080473581,13.898660509703465,-34.940314405563974,6.833192188284031e-20
1786739592.132282,push +Z,fast,1786739470.8001618,-469.559193690322,-187.62841456050967,711.0468945938783,14.072131092038557,-35.21693952677449,6.868502890614375e-20
1786739592.1604016,push +Z,fast,1786739470.8001618,-471.2422276556308,-188.43275907873374,709.3843120802312,14.13245693090526,-35.343167074172364,6.85161141362418e-20
1786739592.1889224,push +Z,fast,1786739470.8001618,-471.3060586204683,-187.38957455363504,713.4977996321568,14.054218091522767,-35.34795439653529,6.874158833898574e-20
1786739592.2173524,push +Z,fast,1786739470.8001618,-469.4907906060125,-188.21049511363026,714.4273791669784,14.11578713352252,-35.211809295451175,6.931107665329389e-20
1786739592.2472777,push +Z,fast,1786739470.8001618,-468.29198895834315,-187.98015345908448,714.7599839745963,14.09851150943155,-35.12189917187585,6.96059892807858e-20
1786739592.2741923,push +Z,fast,1786739470.8001618,-467.56250839468885,-187.5389211446295,710.416570967669,14.065419085847385,-35.06718812960184,6.909823590156454e-20
1786739592.302397,push +Z,fast,1786739470.8001618,-464.5920453370145,-185.43278496405878,704.0840933479194,13.907458872304534,-34.84440340027639,6.806176895531763e-20
1786739592.3309999,push +Z,fast,1786739470.8001618,-462.8901001843201,-183.5451364918556,703.1109992871034,13.765885236889321,-34.716757513824255,6.762464147800628e-20
1786739592.3593318,push +Z,fast,1786739470.8001618,-463.2978577628123,-183.507731583171,708.2842815426602,13.763079868737957,-34.747339332211034,6.773375112981996e-20
1786739592.3875628,push +Z,fast,1786739470.8001618,-464.04241500167245,-184.9581184364888,706.0852730013303,13.871858882736856,-34.80318112512575,6.813810585390828e-20
1786739592.4160354,push +Z,fast,1786739470.8001618,-463.32786440397194,-183.88411997078367,703.5040843700035,13.791308997808951,-34.74958983029805,6.80869609434477e-20
1786739592.445193,push +Z,fast,1786739470.8001618,-465.18977072461394,-183.60265125681053,707.9122527113541,13.770198844260907,-34.88923280434631,6.852831950087351e-20
1786739592.4726539,push +Z,fast,1786739470.8001618,-467.16950803009786,-185.51016007495855,715.8035793311001,13.913262005622062,-35.03771310225751,6.914245090688355e-20
1786739592.5011113,push +Z,fast,1786739470.8001618,-468.65202950706043,-186.16848905896654,718.6867280555352,13.962636679422783,-35.148902213029835,6.90472571823776e-20
1786739592.5295107,push +Z,fast,1786739470.8001618,-466.61284000060505,-185.2563772845997,705.825600637113,13.894228296345307,-34.9959630000456,6.833888763632551e-20
1786739592.5581024,push +Z,fast,1786739470.8001618,-464.71227742740166,-183.28197497684482,699.516399904227,13.746148123263662,-34.85342080705533,6.776213514036006e-20
1786739592.5862463,push +Z,fast,1786739470.8001618,-463.85849360102065,-182.93507154724978,692.5543859317731,13.720130366044135,-34.78938702007673,6.76385420325121e-20
1786739592.6148608,push +Z,fast,1786739470.8001618,-465.65617674282794,-185.12558483669807,697.6733146220313,13.884418862752586,-34.924213255712345,6.811768379823427e-20
1786739592.6444101,push +Z,fast,1786739470.8001618,-466.4053479311633,-184.96683139007052,700.1559588567661,13.872512354255644,-34.980401094837305,6.838332959917191e-20
1786739592.6715586,push +Z,fast,1786739470.8001618,-467.55254676042523,-187.67064292175394,709.0754305510391,14.075298219131685,-35.06644100703198,6.875190878246827e-20
1786739592.7003403,push +Z,fast,1786739470.8001618,-465.98733803690493,-186.30033354370937,708.2366601193362,13.972525015778384,-34.949050352768126,6.88661789709767e-20
1786739592.728252,push +Z,fast,1786739470.8001618,-465.3235351649787,-184.4477986132316,705.2383491392993,13.833584895992605,-34.899265137373725,6.87403972306231e-20
1786739592.7566051,push +Z,fast,1786739470.8001618,-465.7379598817324,-182.8375029351372,703.1110751421456,13.712812720135606,-34.93034699113023,6.931432356561908e-20
1786739592.785156,push +Z,fast,1786739470.8001618,-467.5096416558158,-184.1615589124109,704.9493273798689,13.81211691843087,-35.063223124186436,6.877981245842794e-20
1786739592.81354,push +Z,fast,1786739470.8001618,-469.14710705047037,-185.14419193349215,708.7667674831864,13.885814395012066,-35.186033028785396,6.879978498540722e-20
1786739592.842878,push +Z,fast,1786739470.8001618,-468.9175097396069,-186.59722029481804,711.7722086661579,13.994791522111466,-35.16881323047073,6.864752443195398e-20
1786739592.870338,push +Z,fast,1786739470.8001618,-467.3494556988644,-186.87678824526358,709.9155409465484,14.015759118394922,-35.051209177415075,6.83301841342106e-20
1786739592.8989391,push +Z,fast,1786739470.8001618,-467.6035666400635,-188.675670189382,710.9102001687124,14.150675264203887,-35.070267498005045,6.871907589381374e-20
1786739592.9269693,push +Z,fast,1786739470.8001618,-467.23135769305964,-185.3984991809897,706.7361357413156,13.90488743857448,-35.04235182697956,6.786854647386631e-20
1786739592.9558153,push +Z,fast,1786739470.8001618,-467.34623327296185,-184.53361900461312,707.5681703869559,13.840021425346219,-35.050967495472456,6.79942184193323e-20
1786739592.9837804,push +Z,fast,1786739470.8001618,-466.0471944596575,-185.10508903293658,700.1001661616283,13.882881677470348,-34.95353958447447,6.741436801118016e-20
1786739593.0121324,push +Z,fast,1786739470.8001618,-466.3710646152167,-186.81876251911433,700.5423893690586,14.011407188933791,-34.9778298461413,6.757091052537605e-20
1786739593.040741,push +Z,fast,1786739470.8001618,-467.9785124353457,-185.96510104653953,706.4993437226312,13.947382578490714,-35.09838843265106,6.83861364854838e-20
1786739593.069036,push +Z,fast,1786739470.8001618,-470.8643437286905,-184.2759492217889,715.325417462629,13.820696191634287,-35.3148257796521,6.839313022489246e-20
1786739593.0974572,push +Z,fast,1786739470.8001618,-472.4161042387532,-188.02941175992362,721.327054459497,14.102205881994482,-35.43120781790674,6.920952824339003e-20
1786739593.1256711,push +Z,fast,1786739470.8001618,-469.1606478640465,-186.90378399408098,710.6913412530303,14.017783799556202,-35.187048589803574,6.815071990904523e-20
1786739593.1543674,push +Z,fast,1786739470.8001618,-464.6776592720171,-183.4746522501282,702.32672672428,13.760598918759815,-34.850824445401656,6.787102431991952e-20
1786739593.1827917,push +Z,fast,1786739470.8001618,-463.6303810488912,-181.31278361158286,702.7812842658586,13.598458770869076,-34.77227857866701,6.774751020789069e-20
1786739593.2109606,push +Z,fast,1786739470.8001618,-466.64486201572345,-185.96267894083758,710.5546070411492,13.947200920563166,-34.998364651179465,6.872103680250385e-20
1786739593.2393072,push +Z,fast,1786739470.8001618,-468.0526033625961,-189.66570381019187,718.419141098032,14.22492778576451,-35.103945252194926,6.947517324721802e-20
1786739593.2683666,push +Z,fast,1786739470.8001618,-467.82433682538385,-188.10895279641625,712.2552148889845,14.108171459731391,-35.08682526190393,6.917545793978591e-20
1786739593.296288,push +Z,fast,1786739470.8001618,-466.49245068413984,-187.898485584338,713.6132188096481,14.092386418825473,-34.9869338013107,6.904287166101202e-20
1786739593.32469,push +Z,fast,1786739470.8001618,-466.68552474620856,-189.64009607876335,707.1414500954825,14.223007205907425,-35.001414355965814,6.873939285304636e-20
1786739593.3530288,push +Z,fast,1786739470.8001618,-465.9864265397482,-187.6380063574735,706.1097132694676,14.072850476810611,-34.94898199048133,6.821075992133037e-20
1786739593.3813958,push +Z,fast,1786739470.8001618,-464.0969700826495,-182.4788079589158,699.8683632144857,13.685910596918728,-34.80727275619871,6.791260065584004e-20
1786739593.4097784,push +Z,fast,1786739470.8001618,-464.5287056207303,-180.99193796427835,702.1909369181503,13.574395347320962,-34.839652921554936,6.776814471193824e-20
1786739593.4381618,push +Z,fast,1786739470.8001618,-466.7217890395459,-186.54756587565976,707.2589640613987,13.991067440674694,-35.00413417796605,6.87480060059647e-20
1786739593.46817,push +Z,fast,1786739470.8001618,-469.82189089500616,-190.99965070576502,709.2752172089977,14.324973802932522,-35.236641817125765,6.897366418355706e-20
1786739593.495093,push +Z,fast,1786739470.8001618,-471.63923967766505,-188.47373100889342,720.0965500552975,14.135529825667202,-35.37294297582519,6.883234343239116e-20
1786739593.5232291,push +Z,fast,1786739470.8001618,-468.742253584393,-185.3646413113197,718.1592523338923,13.902348098349169,-35.15566901882966,6.835658687543843e-20
1786739593.5517027,push +Z,fast,1786739470.8001618,-467.97005383596616,-183.54335629814364,716.9876700804643,13.765751722360864,-35.09775403769752,6.775701556490487e-20
1786739593.5800762,push +Z,fast,1786739470.8001618,-463.939620151878,-183.27575834926927,701.5998389997076,13.745681876195302,-34.79547151139117,6.741799285283026e-20
1786739593.6087387,push +Z,fast,1786739470.8001618,-464.4257400755446,-182.19263760147362,698.1089358505405,13.664447820110755,-34.83193050566609,6.678685197303265e-20
1786739593.6368806,push +Z,fast,1786739470.8001618,-466.31131215485675,-183.15417145063032,705.0418087242697,13.736562858797516,-34.97334841161436,6.78802757433235e-20
1786739593.6682444,push +Z,fast,1786739470.8001618,-469.97074979517083,-187.07814200207906,712.0354023270665,14.03086065015621,-35.24780623463803,6.875489685789234e-20
1786739593.6939576,push +Z,fast,1786739470.8001618,-471.13302830395696,-188.59567190169855,719.4756648850798,14.144675392627459,-35.33497712279688,6.947684998251526e-20
1786739593.7219975,push +Z,fast,1786739470.8001618,-469.8035398729103,-187.16451916023107,716.5906603094854,14.037338937017484,-35.235265490468386,6.867578307198914e-20
1786739593.750396,push +Z,fast,1786739470.8001618,-470.3844551644729,-185.5391905883979,717.8992807402947,13.915439294130106,-35.27883413733568,6.811511215901731e-20
1786739593.7790236,push +Z,fast,1786739470.8001618,-469.6149224235164,-185.35957116112274,717.8687031544987,13.901967837084396,-35.221119181763875,6.867138665157965e-20
1786739593.8071716,push +Z,fast,1786739470.8001618,-467.3266612586208,-187.06574370377018,712.8478602870136,14.029930777783019,-35.049499594396664,6.876177573914463e-20
1786739593.835899,push +Z,fast,1786739470.8001618,-466.25309135666294,-188.75446825008453,706.9738154455354,14.156585118756556,-34.96898185174988,6.920823464451549e-20
1786739593.8665426,push +Z,fast,1786739470.8001618,-466.9952089354447,-188.48736213131394,699.8816100133445,14.136552159848772,-35.02464067015849,6.828242201037183e-20
1786739593.8926058,push +Z,fast,1786739470.8001618,-469.01056659482356,-188.91258727645607,707.5104565270867,14.168444045734336,-35.17579249461212,6.892367423044569e-20
1786739593.920684,push +Z,fast,1786739470.8001618,-466.6789420009882,-187.1166301022597,706.789676743997,14.033747257669642,-35.000920650074306,6.889537763070756e-20
1786739593.9490144,push +Z,fast,1786739470.8001618,-467.0491017822178,-186.56747714950245,717.9875580073858,13.992560786212966,-35.02868263366653,7.003607276657029e-20
1786739593.9777858,push +Z,fast,1786739470.8001618,-464.39165461664834,-185.26835441654976,707.735068912174,13.89512658124158,-34.82937409624874,6.947509027836584e-20
1786739594.0060687,push +Z,fast,1786739470.8001618,-462.2920197633812,-183.1685751679887,703.3108920366785,13.737643137599274,-34.67190148225385,6.844460369373683e-20
1786739594.0343711,push +Z,fast,1786739470.8001618,-463.3101911068793,-185.2553011603742,700.7829553575693,13.894147587028367,-34.74826433301618,6.816147683811598e-20
1786739594.06518,push +Z,fast,1786739470.8001618,-466.82046848504933,-185.5061468838495,716.0945958266047,13.91296101628895,-35.01153513637906,6.903411178122506e-20
1786739594.0910754,push +Z,fast,1786739470.8001618,-471.45098271780716,-188.69262444661024,728.3720713464918,14.151946833495938,-35.358823703835704,6.955879342078471e-20
1786739594.1194222,push +Z,fast,1786739470.8001618,-466.40281589114784,-188.46489406652825,724.3349149250707,14.134867054989801,-34.98021119183629,6.87289351102702e-20
1786739594.1477764,push +Z,fast,1786739470.8001618,-464.0067888106705,-186.31652253694176,716.200451692428,13.973739190270766,-34.800509160800466,6.7624185298736e-20
1786739594.176268,push +Z,fast,1786739470.8001618,-459.9899105779459,-181.65088603454603,714.342672059237,13.623816452591154,-34.499243293345984,6.817712747320061e-20
1786739594.2048633,push +Z,fast,1786739470.8001618,-462.5160287948361,-179.98692116433813,712.9442606233933,13.499019087325632,-34.68870215961297,6.836473136872063e-20
1786739594.2332327,push +Z,fast,1786739470.8001618,-462.7995828995163,-180.46724185783398,713.4884372664856,13.535043139337706,-34.70996871746393,6.837339399253615e-20
1786739594.2615104,push +Z,fast,1786739470.8001618,-464.62443705079204,-183.20494456494487,716.109398391297,13.740370842371139,-34.84683277880942,6.822440344835417e-20
1786739594.2897685,push +Z,fast,1786739470.8001618,-465.5288688685728,-182.37067046486334,726.1103210677074,13.677800284864976,-34.91466516514322,6.888921382950725e-20
1786739594.318221,push +Z,fast,1786739470.8001618,-467.5315216474023,-185.5312020079799,727.3232446266593,13.914840150598618,-35.06486412355546,6.942807516101036e-20
1786739594.3464694,push +Z,fast,1786739470.8001618,-468.11882637525787,-185.40059401969484,723.7941280363048,13.905044551477364,-35.108911978144455,6.948178855335975e-20
1786739594.3750443,push +Z,fast,1786739470.8001618,-466.3251713735003,-184.9963219220441,712.1003296732933,13.874724144153543,-34.97438785301279,6.838101371939768e-20
1786739594.4032986,push +Z,fast,1786739470.8001618,-466.9344936401062,-183.6656990592909,714.4578065723763,13.774927429447064,-35.02008702300809,6.826345870364031e-20
1786739594.4317312,push +Z,fast,1786739470.8001618,-464.5206324108276,-180.42939070938235,711.1383679902619,13.53220430320383,-34.839047430812066,6.791720521915072e-20
1786739594.4615316,push +Z,fast,1786739470.8001618,-465.6030233637107,-181.71584786367828,717.2735634811588,13.628688589776022,-34.9202267522784,6.854041818197266e-20
1786739594.4884245,push +Z,fast,1786739470.8001618,-464.029942239963,-180.07309344977853,718.8289840876578,13.505482008733598,-34.80224566799743,6.838449891178046e-20
1786739594.517021,push +Z,fast,1786739470.8001618,-466.14944272586854,-182.97380058727026,721.599479058108,13.723035044045414,-34.96120820444032,6.868489969126866e-20
1786739594.5453763,push +Z,fast,1786739470.8001618,-465.7031694542475,-182.66103211883808,715.0805783730111,13.699577408913118,-34.92773770906887,6.82082011048974e-20
1786739594.5736248,push +Z,fast,1786739470.8001618,-463.14659363425426,-182.4828140684616,705.9552570020323,13.686211055134873,-34.73599452256924,6.797429251539126e-20
1786739594.6020577,push +Z,fast,1786739470.8001618,-462.5334999696479,-186.27041869660627,701.9777355156502,13.970281402245629,-34.69001249772381,6.766794335906994e-20
1786739594.6305048,push +Z,fast,1786739470.8001618,-462.35673462024306,-185.84187524746994,702.3969578763363,13.938140643560391,-34.67675509651852,6.752695675290273e-20
1786739594.6607335,resting,fast,1786739594.6569002,-465.3115194132365,-189.67029196490557,706.3019376937755,14.225271897368007,-34.89836395599287,6.779340374206686e-20
1786739594.687325,resting,fast,1786739594.6569002,-465.6502317543468,-186.0833432753019,709.7976919827543,13.956250745647868,-34.92376738157625,6.764832939580836e-20
1786739594.715784,resting,fast,1786739594.6569002,-464.1800463218483,-185.71420593446135,708.0890456964726,13.928565445084761,-34.81350347413898,6.74972001821587e-20
1786739594.7440703,resting,fast,1786739594.6569002,-461.82319367167565,-182.00861485924088,707.5050971425417,13.650646114443244,-34.63673952537593,6.723873464152305e-20
1786739594.7724826,resting,fast,1786739594.6569002,-461.3316472491729,-179.49950753453777,703.3855045792016,13.462463065090507,-34.59987354368812,6.727683365952378e-20
1786739594.8007052,resting,fast,1786739594.6569002,-462.7611644766748,-179.82921761280022,710.00400812918,13.48719132096019,-34.70708733575078,6.778883387692529e-20
1786739594.829042,resting,fast,1786739594.6569002,-464.11654095387394,-180.0052241275738,713.9377600940479,13.500391809568296,-34.808740571540675,6.821985951953349e-20
1786739594.8585923,resting,fast,1786739594.6569002,-464.46424582261943,-183.31530894832645,724.0876531088998,13.748648171124696,-34.83481843669663,6.862747506533671e-20
1786739594.8859587,resting,fast,1786739594.6569002,-464.15955312184224,-183.75039797278794,721.2276582103423,13.781279847959272,-34.81196648413839,6.844708123220516e-20
1786739594.9143472,resting,fast,1786739594.6569002,-463.63334882021536,-182.86323641972695,712.7341653130698,13.714742731479678,-34.7725011615164,6.776951803691007e-20
1786739594.9428065,resting,fast,1786739594.6569002,-463.6297939195724,-182.61924722395895,709.358658475916,13.696443541796977,-34.772234543968125,6.778345464159092e-20
1786739594.9710884,resting,fast,1786739594.6569002,-464.07113833557196,-181.9611994292626,703.3562538022452,13.647089957194897,-34.805335375168085,6.806866259507692e-20
1786739594.9994597,resting,fast,1786739594.6569002,-464.2777706188499,-184.78125802972556,707.1339535570587,13.85859435222967,-34.82083279641386,6.875609732032252e-20
1786739595.0278606,resting,fast,1786739594.6569002,-464.3928080931246,-184.48913738332385,704.2938267667696,13.836685303749615,-34.829460606984625,6.856655876317429e-20
1786739595.056224,resting,fast,1786739594.6569002,-465.0177136824245,-185.75829163175865,710.537517691424,13.931871872382093,-34.8763285261821,6.88012260042841e-20
1786739595.0846817,resting,fast,1786739594.6569002,-465.9800723259641,-181.65688307838263,719.781731467182,13.624266230878955,-34.948505424447596,6.901426134548532e-20
1786739595.1134694,resting,fast,1786739594.6569002,-465.351385361575,-182.03392584629887,714.3576689319934,13.652544438472656,-34.90135390211841,6.900679895324222e-20
1786739595.1413314,resting,fast,1786739594.6569002,-464.41024067679837,-180.20539017326485,716.2822358701378,13.51540426299508,-34.83076805076011,6.883382834056274e-20
1786739595.169766,resting,fast,1786739594.6569002,-464.0861820544228,-181.00477584958344,708.7685621291766,13.575358188718997,-34.80646365408174,6.885334827941165e-20
1786739595.1981897,resting,fast,1786739594.6569002,-464.7563346792017,-180.87544688552714,716.3488223610393,13.565658516414825,-34.856725100940274,6.910715353880034e-20
1786739595.2266247,resting,fast,1786739594.6569002,-466.4150580182718,-181.56426162047592,722.8005950575252,13.617319621535874,-34.9811293513705,6.969067577884267e-20
1786739595.2571402,resting,fast,1786739594.6569002,-465.4974278030045,-182.00641329841847,722.6164083457143,13.650480997381596,-34.912307085225564,6.927968721665525e-20
1786739595.2832778,resting,fast,1786739594.6569002,-465.16860624148103,-179.5854071775683,722.9785011416543,13.468905538317866,-34.8876454681113,6.893531210638188e-20
1786739595.3117769,resting,fast,1786739594.6569002,-462.47991181756834,-179.27700117413758,710.5964676042449,13.445775088060575,-34.685993386317755,6.736407813929219e-20
1786739595.3399823,resting,fast,1786739594.6569002,-463.2714383349835,-181.3751114263697,718.4481417859452,13.603133356977917,-34.745357875123844,6.81612086847071e-20
1786739595.3684871,resting,fast,1786739594.6569002,-462.68130246258806,-184.8602303376091,710.9264951786654,13.86451727532079,-34.701097684694254,6.797455952116246e-20
1786739595.396949,resting,fast,1786739594.6569002,-463.2687721114844,-186.63397984398387,713.4336662971173,13.997548488298879,-34.74515790836137,6.909018197258651e-20
1786739595.425674,resting,fast,1786739594.6569002,-462.0592420794169,-186.19022379576984,704.4788288632208,13.964266784683094,-34.654443155956415,6.843734144671565e-20
1786739595.456502,resting,fast,1786739594.6569002,-463.2395340361704,-187.79229538812217,709.0742339103226,14.084422154109408,-34.74296505271299,6.907868669970407e-20
1786739595.482372,resting,fast,1786739594.6569002,-463.3962298243696,-185.9308256134915,713.711272672841,13.944811921012,-34.75471723682791,6.91466332186091e-20
1786739595.5107033,resting,fast,1786739594.6569002,-464.21517639071544,-185.39592732470567,714.3749444034947,13.904694549353092,-34.816138229303895,6.941237098256601e-20
1786739595.5388193,resting,fast,1786739594.6569002,-463.019143915566,-182.03923057893064,717.8166936730868,13.652942293419873,-34.72643579366774,6.902873179084073e-20
1786739595.5674207,resting,fast,1786739594.6569002,-462.1903267423186,-183.54214894430663,709.0205619541448,13.765661170823176,-34.66427450567406,6.840416303534461e-20
1786739595.595553,resting,fast,1786739594.6569002,-462.0342561413022,-184.61894771246523,709.7994705984929,13.846421078435181,-34.652569210597996,6.843216737004766e-20
1786739595.6243572,resting,fast,1786739594.6569002,-461.79395790585113,-186.1194316226413,703.7194769418174,13.958957371698308,-34.634546842938924,6.823949638254208e-20
1786739595.655446,resting,fast,1786739594.6569002,-464.606700192076,-183.90000082021868,714.7118530461539,13.792500061516616,-34.84550251440587,6.88825484810297e-20
1786739595.6809797,resting,fast,1786739594.6569002,-466.16876631324067,-184.67492164387875,717.43956723873,13.850619123291114,-34.96265747349318,6.909362463898984e-20
1786739595.7095454,resting,fast,1786739594.6569002,-467.4397455850176,-184.0798179049807,717.5754636857946,13.805986342873627,-35.057980918876524,6.923843989495243e-20
1786739595.7378602,resting,fast,1786739594.6569002,-468.1354928047099,-186.98098988164122,717.2317195321975,14.023574241123331,-35.110161960353366,6.881757424721612e-20
1786739595.7662919,resting,fast,1786739594.6569002,-466.8873285138043,-186.64487835259763,713.4896521432374,13.998365876445053,-35.0165496385355,6.802943950645319e-20
1786739595.794422,resting,fast,1786739594.6569002,-467.30633414843487,-184.72232189353588,719.7029546702224,13.854174142015442,-35.047975061132725,6.840432575406352e-20
1786739595.8228564,resting,fast,1786739594.6569002,-467.56955114761286,-184.9986463105124,717.45657923403,13.87489847328867,-35.06771633607119,6.876573445337285e-20
1786739595.853213,resting,fast,1786739594.6569002,-467.7731170770503,-183.06754164428935,721.4155970305501,13.730065623321938,-35.08298378077901,6.919989080971138e-20
1786739595.8799088,resting,fast,1786739594.6569002,-467.7380149440346,-185.47987548594813,720.5234734286441,13.910990661446359,-35.08035112080277,6.88650195757311e-20
1786739595.9083533,resting,fast,1786739594.6569002,-463.67837191748276,-182.30449380086088,711.3526009804173,13.672837035064735,-34.77587789381139,6.797227225055273e-20
1786739595.9365337,resting,fast,1786739594.6569002,-464.6855728840196,-182.6890569007304,713.5236244194566,13.701679267554905,-34.851417966301746,6.816406026095937e-20
1786739595.9645438,resting,fast,1786739594.6569002,-464.08318593470403,-185.2752430349027,709.6395176245369,13.895643227617793,-34.80623894510307,6.838078877952755e-20
1786739595.9933765,resting,fast,1786739594.6569002,-466.10166884340924,-186.24278479177872,716.4482507534494,13.968208859383697,-34.957625163256054,6.852645831452857e-20
1786739596.0214255,resting,fast,1786739594.6569002,-465.1125954554295,-187.57197323471803,710.5870770278807,14.067897992604049,-34.88344465915742,6.823210713595607e-20
1786739596.0506573,resting,fast,1786739594.6569002,-465.7385122943383,-183.26324295620975,715.1324456577449,13.744743221715918,-34.93038842207546,6.814625546904227e-20
1786739596.0783503,resting,fast,1786739594.6569002,-465.7175024101816,-185.4674757460573,719.2464149942462,13.910060680954498,-34.92881268076384,6.858206425744127e-20
1786739596.1065195,resting,fast,1786739594.6569002,-463.6341033209883,-184.28478929330834,720.8947414915756,13.821359196998348,-34.772557749074316,6.825189117660663e-20
1786739596.1348977,resting,fast,1786739594.6569002,-462.38154504859267,-184.3954988527197,717.196946966561,13.829662413954185,-34.67861587864453,6.775216166366412e-20
1786739596.1632595,resting,fast,1786739594.6569002,-461.5879218987093,-183.74088924871955,708.6240349052568,13.780566693654162,-34.6190941424034,6.784602430266509e-20
1786739596.1917093,resting,fast,1786739594.6569002,-462.91914548924706,-185.7356077552016,704.6621622383618,13.930170581640407,-34.71893591169373,6.832147590771577e-20
1786739596.220121,resting,fast,1786739594.6569002,-464.1950233631019,-187.13703124341362,705.4827398921334,14.035277343256052,-34.814626752232904,6.848971075580716e-20
1786739596.248581,resting,fast,1786739594.6569002,-465.2113151895828,-185.26642687304172,715.8306310802045,13.894982015478167,-34.890848639218945,6.944168940816965e-20
1786739596.2769194,resting,fast,1786739594.6569002,-466.7281566430356,-183.35013844425112,724.5314066129094,13.751260383319117,-35.004611748227774,6.968396459001374e-20
1786739596.3053536,resting,fast,1786739594.6569002,-467.1603362236442,-183.8745972727968,725.653624270919,13.790594795459999,-35.03702521677349,7.008168063707354e-20
1786739596.3337193,resting,fast,1786739594.6569002,-467.2539169977931,-185.23524705292482,721.3768777182049,13.892643528969632,-35.04404377483478,6.905930722795254e-20
1786739596.3622575,resting,fast,1786739594.6569002,-466.98373697886154,-186.72440981042496,717.4639646000678,14.00433073578196,-35.02378027341467,6.878129467630428e-20
1786739596.3908958,resting,fast,1786739594.6569002,-464.78188583758583,-186.26319401434193,710.2575349919734,13.969739551075843,-34.858641437819166,6.79855131946773e-20
1786739596.4191082,resting,fast,1786739594.6569002,-464.4434334826351,-184.66282963515005,715.2895166362223,13.849712222636636,-34.83325751119788,6.828278799270956e-20
1786739596.447419,resting,fast,1786739594.6569002,-464.6288609784733,-183.86735422131733,714.4241592998324,13.790051566599136,-34.847164573385584,6.825240622061833e-20
1786739596.4758832,resting,fast,1786739594.6569002,-466.4187801819212,-184.05141598335183,727.5966596861917,13.803856198751586,-34.98140851364422,6.939916751688486e-20
1786739596.504191,resting,fast,1786739594.6569002,-466.1624441804265,-186.5477136699202,721.1383177065463,13.991078525244237,-34.962183313532044,6.909539990926601e-20
1786739596.532569,resting,fast,1786739594.6569002,-466.6476556787047,-186.9912317156527,719.1271093236874,14.02434237867406,-34.99857417590313,6.882570185702643e-20
1786739596.5609708,resting,fast,1786739594.6569002,-465.5321729725965,-187.48586715677754,713.0039759524416,14.061440036758537,-34.91491297294493,6.858203493100961e-20
1786739596.5895662,resting,fast,1786739594.6569002,-465.81737123739595,-185.0804623880755,717.1206483879814,13.881034679105749,-34.93630284280488,6.880796840133396e-20
1786739596.618092,resting,fast,1786739594.6569002,-465.4260158275424,-185.5580066649817,719.9378034100619,13.916850499873856,-34.90695118706582,6.942540800826683e-20
1786739596.646012,resting,fast,1786739594.6569002,-466.38701064752513,-185.70683011842186,721.6322230083224,13.928012258881918,-34.979025798564614,6.909339668533354e-20
1786739596.674451,resting,fast,1786739594.6569002,-466.7579349916373,-187.60526592029544,724.7860082274274,14.0703949440223,-35.00684512437301,6.990609815063299e-20
1786739596.7027528,resting,fast,1786739594.6569002,-466.270177426557,-186.43900552243986,721.3423794872551,13.982925414183239,-34.97026330699209,6.968449083305857e-20
1786739596.731297,resting,fast,1786739594.6569002,-464.57400303561644,-184.32479927598558,717.3501050324321,13.824359945699147,-34.84305022767138,6.931948169970601e-20
1786739596.7595463,resting,fast,1786739594.6569002,-463.60853045488693,-184.9997748792573,709.5314858169395,13.874983115944513,-34.77063978411684,6.852249789714051e-20
1786739596.7880607,resting,fast,1786739594.6569002,-460.1754326237083,-186.19820135114298,703.994595891887,13.964865101335949,-34.513157446778436,6.755603189847291e-20
1786739596.8186176,resting,fast,1786739594.6569002,-461.5349154751798,-186.47234890556933,705.0423926430376,13.985426167917982,-34.61511866063873,6.782168125246193e-20
1786739596.8449466,resting,fast,1786739594.6569002,-461.91307127902064,-184.45747097173341,707.0903349302052,13.834310322880025,-34.64348034592688,6.74405012880005e-20
1786739596.8731685,resting,fast,1786739594.6569002,-465.70507305472347,-182.1203966649398,713.0861179710419,13.65902974987068,-34.92788047910442,6.778902166544607e-20
1786739596.9017644,resting,fast,1786739594.6569002,-466.90198318409693,-183.71953201928102,715.2918607038773,13.778964901446276,-35.01764873880743,6.840365641437191e-20
1786739596.9300523,resting,fast,1786739594.6569002,-467.1144029969382,-183.14903409186275,711.0057452093642,13.736177556889967,-35.033580224770525,6.809292960621504e-20
1786739596.958497,resting,fast,1786739594.6569002,-464.86507259284235,-182.8120907566671,709.9797395595615,13.71090680675017,-34.86488044446339,6.819775011774875e-20
1786739596.986607,resting,fast,1786739594.6569002,-463.97057001361827,-181.7674414469235,709.9159098852488,13.63255810851945,-34.797792751021525,6.763546012146619e-20
1786739597.0154214,resting,fast,1786739594.6569002,-464.95042921598997,-183.40875983647095,719.6722482934692,13.755656987735438,-34.87128219119951,6.875320610417589e-20
1786739597.0435855,resting,fast,1786739594.6569002,-468.01844370096387,-184.43630745514372,725.9969293602471,13.83272305913609,-35.10138327757251,6.910607122612136e-20
1786739597.071878,resting,fast,1786739594.6569002,-467.35783955546003,-182.5703073275455,726.6173137475671,13.692773049566139,-35.05183796665972,6.878309498927727e-20
1786739597.1002882,resting,fast,1786739594.6569002,-465.20069029759725,-181.1990894826223,717.763647337747,13.58993171119678,-34.89005177231994,6.772948294683711e-20
1786739597.1286564,resting,fast,1786739594.6569002,-463.3720419730098,-181.31205567415282,709.2418867470578,13.598404175561665,-34.75290314797591,6.775233850485474e-20
1786739597.1570826,resting,fast,1786739594.6569002,-462.9630013676597,-181.47013907788278,705.6182631255188,13.610260430841496,-34.72222510257466,6.823564679071556e-20
1786739597.185621,resting,fast,1786739594.6569002,-465.0957706868562,-183.4764598441899,715.1920335256264,13.760734488314522,-34.88218280151438,6.955008586492017e-20
1786739597.2147038,resting,fast,1786739594.6569002,-465.9626859700438,-183.93335669384226,723.0454065226286,13.79500175203842,-34.94720144775341,6.95896693550396e-20
1786739597.2422564,resting,fast,1786739594.6569002,-467.07348369957026,-189.882059991745,722.852754394662,14.241154499380965,-35.030511277467916,6.956592303959583e-20
1786739597.2707164,resting,fast,1786739594.6569002,-467.3818556321321,-189.90551014559492,720.268345085794,14.242913260919924,-35.05363917241017,6.890329815908517e-20
1786739597.2989473,resting,fast,1786739594.6569002,-466.4505752042519,-190.2281864018488,717.2847682780884,14.267113980138834,-34.98379314031904,6.869960555664305e-20
1786739597.3273864,resting,fast,1786739594.6569002,-464.390194157108,-184.93438013314358,711.207402370881,13.870078509986076,-34.829264561783205,6.844423570043231e-20
1786739597.35613,resting,fast,1786739594.6569002,-464.3865619351536,-181.95180794633404,707.6261350683926,13.64638559597515,-34.82899214513681,6.824598136642011e-20
1786739597.3841655,resting,fast,1786739594.6569002,-463.5122104861812,-181.11172511055474,704.5719291910027,13.583379383291724,-34.76341578646371,6.800265415284973e-20
1786739597.4134147,resting,fast,1786739594.6569002,-466.60126830616446,-183.77775480565174,714.4962013802924,13.783331610424103,-34.995095122962624,6.846482900660321e-20
1786739597.4413486,resting,fast,1786739594.6569002,-465.8579989500081,-186.64885561854203,717.7785767437335,13.998664171390924,-34.93934992125075,6.82570112657496e-20
1786739597.4696996,resting,fast,1786739594.6569002,-467.8857537180911,-185.67684633030603,721.3220433754132,13.925763474773152,-35.091431528857186,6.870489086298631e-20
1786739597.4978156,resting,fast,1786739594.6569002,-467.99063533016533,-184.3106921434229,722.0684596076153,13.823301910756992,-35.099297649762626,6.843894767632775e-20
1786739597.526387,resting,fast,1786739594.6569002,-467.42057634467255,-182.19152997383674,719.4228741146762,13.66436474803788,-35.05654322585063,6.860082052766625e-20
1786739597.5545378,resting,fast,1786739594.6569002,-466.546878976048,-182.87861601021302,722.4158908904628,13.71589620076622,-34.99101592320383,6.883493983648655e-20
1786739597.5829773,resting,fast,1786739594.6569002,-465.38225690002946,-184.08718022795858,722.3292737019729,13.806538517097,-34.90366926750231,6.89719569941796e-20
1786739597.614289,resting,fast,1786739594.6569002,-466.4784781075882,-184.696393560993,723.6282320605815,13.852229517074623,-34.985885858069274,6.929956553152188e-20
1786739597.6399384,resting,fast,1786739594.6569002,-466.8246030716027,-183.9482710956562,730.3837969845963,13.796120332174457,-35.0118452303705,6.899013543471934e-20
1786739597.6682763,resting,fast,1786739594.6569002,-464.78495215892735,-180.44042867839335,716.898247243802,13.533032150879695,-34.85887141191985,6.83124143016114e-20
1786739597.6965585,resting,fast,1786739594.6569002,-465.2303292573374,-176.6036901169398,715.1477837180446,13.245276758770654,-34.892274694300646,6.735602096074687e-20
1786739597.7249515,resting,fast,1786739594.6569002,-462.83313459596,-175.1223061766293,703.4743181013382,13.134172963247305,-34.712485094697136,6.680787033981596e-20
1786739597.753208,resting,fast,1786739594.6569002,-464.4695555974413,-175.81700662411356,714.6720532681084,13.186275496808744,-34.835216669808354,6.783909510032973e-20
1786739597.7828727,resting,fast,1786739594.6569002,-462.97369950330767,-180.17958033760453,721.6254233758091,13.513468525320423,-34.72302746274815,6.853614922098566e-20
1786739597.8102517,resting,fast,1786739594.6569002,-465.68681231291976,-184.40477903573196,719.7416233342419,13.830358427680029,-34.926510923469145,6.893707762398358e-20
1786739597.8385062,resting,fast,1786739594.6569002,-463.1424276449425,-185.4279333930932,719.4485504012137,13.90709500448217,-34.73568207337088,6.910427187508269e-20
1786739597.86681,resting,fast,1786739594.6569002,-461.73764435793237,-183.2845795390889,707.5289575560182,13.746343465431895,-34.630323326845144,6.874681793160964e-20
1786739597.8953078,resting,fast,1786739594.6569002,-457.5369352943485,-181.2959512438955,698.2317535569782,13.597196343292435,-34.31527014707626,6.808843354388799e-20
1786739597.9236495,resting,fast,1786739594.6569002,-459.3817472597475,-181.65445604483523,697.5457783339543,13.624084203362802,-34.45363104448131,6.755009414151804e-20
1786739597.9521737,resting,fast,1786739594.6569002,-459.5633130511342,-183.76322508619148,698.1765113831225,13.782241881464532,-34.46724847883518,6.777325927719289e-20
1786739597.9808846,resting,fast,1786739594.6569002,-465.6058261016069,-184.7841991705269,722.8283008853768,13.858814937789756,-34.92043695762069,6.950626084071937e-20
1786739598.0089717,resting,fast,1786739594.6569002,-466.44312304220966,-183.82379429081607,721.9573466023558,13.786784571811378,-34.98323422816585,6.906199176524919e-20
1786739598.0375373,resting,fast,1786739594.6569002,-466.6732223136082,-181.43200480612984,726.3996922476026,13.60740036045993,-35.000491673520706,6.877116586599338e-20
1786739598.0657475,resting,fast,1786739594.6569002,-464.5138954844092,-180.75395548108872,717.1449634524815,13.556546661081828,-34.83854216133086,6.790601087299639e-20
1786739598.0940237,resting,fast,1786739594.6569002,-464.98055623885057,-180.53850801862757,721.3624230925288,13.540388101397408,-34.873541717913994,6.86327743094887e-20
1786739598.1222699,resting,fast,1786739594.6569002,-462.4056420320253,-184.52089841129134,710.0060731662707,13.839067380847087,-34.68042315240203,6.870936152031436e-20
1786739598.1509128,resting,fast,1786739594.6569002,-462.5184368024002,-183.54523264079967,710.490737900127,13.765892448060331,-34.68888276018012,6.83457167199831e-20
1786739598.180468,resting,fast,1786739594.6569002,-461.6793641363183,-185.40589432869933,706.7553175737548,13.905442074652672,-34.62595231022408,6.805142611139371e-20
1786739598.2076783,resting,fast,1786739594.6569002,-465.1863744866432,-183.78279026474775,720.3786556465475,13.783709269856178,-34.88897808649846,6.790829558436386e-20
1786739598.2358334,resting,fast,1786739594.6569002,-464.86690948756905,-183.61744095823178,721.5537182847402,13.77130807186764,-34.86501821156784,6.809079315303647e-20
1786739598.2642996,resting,fast,1786739594.6569002,-461.6672228435964,-179.8410228423685,711.7481817032331,13.488076713177751,-34.625041713269944,6.762669503776451e-20
1786739598.2928026,resting,fast,1786739594.6569002,-459.75244968848347,-178.54904512431938,705.3919440987429,13.391178384324103,-34.48143372663639,6.807428779028489e-20
1786739598.3210742,resting,fast,1786739594.6569002,-458.4037498805037,-181.99681698847178,696.7317792438553,13.64976127413571,-34.38028124103794,6.861653530746161e-20
1786739598.3497827,resting,fast,1786739594.6569002,-462.9367266198751,-185.90718279655835,710.4697014823059,13.943038709742002,-34.72025449649079,6.919293654016993e-20
1786739598.3779745,resting,fast,1786739594.6569002,-466.15138541983833,-187.2161247451503,720.6547089367405,14.04120935588644,-34.961353906488156,6.953284557843041e-20
1786739598.4066718,resting,fast,1786739594.6569002,-467.7367052706245,-185.45115301034343,724.9718149619748,13.908836475775903,-35.08025289529697,6.949800945166097e-20
1786739598.434737,resting,fast,1786739594.6569002,-465.3173452769097,-184.38579965425242,714.6158552500265,13.828934974069103,-34.8988008957684,6.821177052145898e-20
1786739598.463234,resting,fast,1786739594.6569002,-463.60503688261224,-184.78544210683185,699.3784806195581,13.858908158012756,-34.77037776619634,6.764251707900152e-20
1786739598.4914854,resting,fast,1786739594.6569002,-463.17059251634737,-183.83875397800284,698.9604488321465,13.787906548350325,-34.737794438726084,6.713704658650735e-20
1786739598.519818,resting,fast,1786739594.6569002,-464.17221902933716,-185.60631211041118,706.8749609042179,13.920473408280994,-34.81291642720036,6.886719737487743e-20
1786739598.5482688,resting,fast,1786739594.6569002,-464.4978710069295,-184.71942463653818,714.0383815311461,13.853956847740651,-34.83734032552002,6.917936970180018e-20
1786739598.5768785,resting,fast,1786739594.6569002,-467.0105640481934,-185.83689458351137,716.1605810680421,13.937767093763586,-35.025792303614665,6.947888705366579e-20
1786739598.6050062,resting,fast,1786739594.6569002,-465.9049914375187,-184.36936439094472,712.630217925036,13.827702329321038,-34.942874357814084,6.857559457688202e-20
1786739598.6335409,resting,fast,1786739594.6569002,-466.30622521442365,-184.17134097241103,709.0900768006777,13.812850572931094,-34.97296689108206,6.796498222770759e-20
1786739598.661976,resting,fast,1786739594.6569002,-461.5315755562183,-183.21397956515796,700.9003070044928,13.741048467387213,-34.61486816671641,6.739043299522634e-20
1786739598.6901588,resting,fast,1786739594.6569002,-461.36898940268384,-183.80132403781647,694.4041502959626,13.78509930283629,-34.60267420520152,6.725534852687144e-20
1786739598.7185774,resting,fast,1786739594.6569002,-459.5725448166645,-185.9090877608719,695.3554894291992,13.943181582065574,-34.46794086125001,6.752933274187815e-20
1786739598.7469354,resting,fast,1786739594.6569002,-461.62989828223954,-185.62798625179425,700.5023924541092,13.922098968884722,-34.62224237116824,6.737778969702708e-20
1786739598.77536,resting,fast,1786739594.6569002,-466.50231761573787,-186.49168332857334,715.3490886502877,13.986876249643306,-34.987673821180564,6.795226128625912e-20
1786739598.8037379,resting,fast,1786739594.6569002,-466.1225156594678,-184.8666037993097,715.5805497426054,13.864995284948382,-34.959188674460194,6.705990913302198e-20
1786739598.8320637,resting,fast,1786739594.6569002,-465.8903282450483,-185.26159271534743,713.8722391909187,13.894619453651405,-34.94177461837882,6.745867739866468e-20
1786739598.8603606,resting,fast,1786739594.6569002,-462.02011452726174,-184.6156182458776,705.63173616927,13.846171368441073,-34.651508589544754,6.691404582875412e-20
1786739598.888786,resting,fast,1786739594.6569002,-464.24548472850574,-182.7000650298329,706.0350986560607,13.702504877237754,-34.81841135463794,6.743179922190653e-20
1786739598.917363,resting,fast,1786739594.6569002,-462.21809153858385,-182.73347574246338,701.6165143833305,13.705010680684968,-34.666356865393986,6.777778899021562e-20
1786739598.9455276,resting,fast,1786739594.6569002,-462.0883537298728,-180.0854373946794,700.1979849126556,13.506407804601093,-34.65662652974073,6.756956737238817e-20
1786739598.9742904,resting,fast,1786739594.6569002,-463.3093564392152,-182.01140593942876,705.6118393268825,13.65085544545735,-34.74820173294132,6.836290932994593e-20
1786739599.002402,resting,fast,1786739594.6569002,-464.2398222337424,-180.10516407637022,707.6530039212857,13.507887305727966,-34.81798666753093,6.785097407991294e-20
1786739599.0310442,resting,fast,1786739594.6569002,-465.1507646085938,-179.024300558209,711.6274876956895,13.426822541865914,-34.88630734564469,6.847821917666932e-20
1786739599.0592546,resting,fast,1786739594.6569002,-461.45503083608764,-179.69712487114077,704.5099070034812,13.47728436533568,-34.60912731270661,6.788155679042948e-20
1786739599.0877166,resting,fast,1786739594.6569002,-462.2781490108164,-181.13166415933347,707.5151806861977,13.584874811950282,-34.67086117581164,6.838621281844237e-20
1786739599.1160157,resting,fast,1786739594.6569002,-461.14020450023463,-185.53341468565372,703.5033013100174,13.915006101424265,-34.585515337517855,6.840446504635664e-20
1786739599.1442916,resting,fast,1786739594.6569002,-460.7247292181196,-182.83473359588345,699.313982071686,13.712605019691434,-34.55435469135916,6.790589580033013e-20
1786739599.1730337,resting,fast,1786739594.6569002,-460.22347394390044,-184.42439476756965,696.0791719318577,13.831829607567936,-34.51676054579279,6.721400470817632e-20
1786739599.2010171,resting,fast,1786739594.6569002,-460.91979090306177,-183.6328981385252,701.242212411511,13.77246736038953,-34.56898431772987,6.682973326514657e-20
1786739599.2295613,resting,fast,1786739594.6569002,-462.4721300584956,-185.62057711538023,704.4964414668211,13.921543283653644,-34.68540975438741,6.754473941576015e-20
1786739599.258028,resting,fast,1786739594.6569002,-460.8147631655238,-184.3850618694753,706.0137541757149,13.828879640210825,-34.56110723741459,6.758373153306277e-20
1786739599.286131,resting,fast,1786739594.6569002,-459.88610768764374,-181.5349325678535,700.125555022385,13.615119942589164,-34.491458076573565,6.748367996286873e-20
1786739599.314939,resting,fast,1786739594.6569002,-461.9329056517995,-183.63016129539187,710.9536732203278,13.772262097154542,-34.644967923885275,6.851993689722577e-20
1786739599.3431935,resting,fast,1786739594.6569002,-464.034030310077,-183.29383516094867,710.9863698024874,13.747037637071369,-34.802552273255756,6.879310593671252e-20
1786739599.3713999,resting,fast,1786739594.6569002,-466.1094869857393,-185.5810479465497,721.2461875288564,13.91857859599136,-34.95821152393075,6.96118140777848e-20
1786739599.3997934,resting,fast,1786739594.6569002,-463.4144416150825,-184.1221830692872,713.5730199711552,13.809163730196726,-34.75608312113126,6.799201334518853e-20
1786739599.4281104,resting,fast,1786739594.6569002,-466.2221633707172,-184.27432684742564,719.3169340569593,13.82057451355696,-34.96666225280408,6.806427162745764e-20
1786739599.4567301,resting,fast,1786739594.6569002,-464.47903194845594,-181.49254019930288,720.2610948660413,13.61194051494805,-34.8359273961342,6.744478265880174e-20
1786739599.4852,resting,fast,1786739594.6569002,-467.75224685530156,-181.1868975728072,721.9249676351183,13.589017317960806,-35.0814185141479,6.859729748578885e-20
1786739599.5135438,resting,fast,1786739594.6569002,-464.45816257093793,-180.68693945153302,716.3854533304248,13.551520458865124,-34.834362192820635,6.829241972764384e-20
1786739599.542024,resting,fast,1786739594.6569002,-464.2778122128384,-182.51518614843917,709.6351003334712,13.688638961133183,-34.82083591596312,6.839526658917242e-20
1786739599.5701456,resting,fast,1786739594.6569002,-461.7950658651166,-181.98114561880686,706.8299446304309,13.64858592141076,-34.63462993988396,6.785952285632536e-20
1786739599.598447,resting,fast,1786739594.6569002,-463.68505323499585,-184.80467924315224,718.5095829491656,13.860350943236515,-34.7763789926249,6.868643644456963e-20
1786739599.627021,resting,fast,1786739594.6569002,-463.77052760550805,-184.45927418818258,719.9761500696468,13.834445564113839,-34.78278957041332,6.845519421670666e-20
1786739599.6553874,resting,fast,1786739594.6569002,-462.3696358825687,-186.00788357478393,715.432213740688,13.950591268108983,-34.67772269119286,6.830541877362145e-20
1786739599.683717,resting,fast,1786739594.6569002,-460.3628626995355,-184.13923250899484,701.7758872848399,13.810442438174757,-34.527214702465336,6.732401475775728e-20
1786739599.7120333,resting,fast,1786739594.6569002,-459.4212563060137,-187.69622370512775,688.1865148824872,14.077216777884647,-34.45659422295116,6.735908632830667e-20
1786739599.7404203,resting,fast,1786739594.6569002,-462.36966664851343,-185.58728446733778,700.7162712462568,13.9190463350504,-34.6777249986386,6.786460465369152e-20
1786739599.7714448,resting,fast,1786739594.6569002,-463.39598805019887,-184.4818662869128,704.6097109908751,13.836139971518737,-34.754699103765,6.802492757822657e-20
1786739599.7971385,resting,fast,1786739594.6569002,-465.67506193446707,-180.2662095202072,727.8187554575106,13.519965714015587,-34.925629645085195,6.939503323223428e-20
1786739599.8255913,resting,fast,1786739594.6569002,-465.42446947679036,-181.38689516122577,718.542295199939,13.604017137092097,-34.90683521075949,6.915507260535593e-20
1786739599.8540502,resting,fast,1786739594.6569002,-467.85265284182515,-184.57570393138724,722.3120000185418,13.843177794854267,-35.088948963137085,6.977850330794569e-20
1786739599.882862,resting,fast,1786739594.6569002,-466.53149255084327,-185.71243880053157,708.3552324705715,13.928432910039948,-34.989861941313464,6.87099541671869e-20
1786739599.9108324,resting,fast,1786739594.6569002,-465.58361735354856,-186.69139956005267,703.2637096600674,14.00185496700431,-34.918771301516344,6.83200818282224e-20
1786739599.9391081,resting,fast,1786739594.6569002,-464.69322725284155,-183.712250066396,709.5745044560999,13.778418754979878,-34.851992043963286,6.798470525568906e-20
1786739599.9691226,resting,fast,1786739594.6569002,-466.23624494117803,-183.19191356211206,712.7209172902312,13.739393517158728,-34.96771837058858,6.767978860864988e-20
1786739599.9960334,resting,fast,1786739594.6569002,-468.4358114296938,-183.50730067815346,733.2947363704188,13.763047550861618,-35.132685857227145,6.876594952402788e-20
1786739600.024889,resting,fast,1786739594.6569002,-467.67202102052124,-185.9395964001443,724.830993607663,13.945469730011038,-35.07540157653926,6.878446908244603e-20
1786739600.0529664,resting,fast,1786739594.6569002,-467.4638739334796,-186.9841180374757,727.4255129354724,14.023808852810934,-35.059790545011204,6.956101450796447e-20
1786739600.0810895,resting,fast,1786739594.6569002,-463.201176496078,-184.47113908365884,705.6267966442092,13.835335431274647,-34.740088237206024,6.836574024611135e-20
1786739600.1095548,resting,fast,1786739594.6569002,-464.29098873218345,-184.17256458018676,706.9860873940734,13.812942343514262,-34.82182415491382,6.887118020719142e-20
1786739600.138025,resting,fast,1786739594.6569002,-463.62830002749797,-183.97945925236695,706.7076111295983,13.798459443927815,-34.77212250206256,6.832485359493567e-20
1786739600.1661632,resting,fast,1786739594.6569002,-465.5957449687967,-184.7335949121143,715.2116153324805,13.85501961840885,-34.91968087265985,6.907954799161916e-20
1786739600.1946857,resting,fast,1786739594.6569002,-464.2800409373863,-183.96644106191104,713.7702430218314,13.797483079643644,-34.82100307030409,6.868101654217052e-20
1786739600.2231348,resting,fast,1786739594.6569002,-464.260781882992,-185.82827742733923,706.6025732984817,13.937120807050778,-34.819558641224475,6.879102400570491e-20
1786739600.2514179,resting,fast,1786739594.6569002,-464.6184304702806,-186.18456840691522,707.8157835657958,13.96384263051893,-34.84638228527109,6.871518771698082e-20
1786739600.2801425,resting,fast,1786739594.6569002,-464.8685836623995,-186.2474150538776,707.5277656434255,13.968556129041009,-34.8651437746804,6.903509400049226e-20
1786739600.308212,resting,fast,1786739594.6569002,-464.54256992273304,-183.49142826849823,709.8980087063383,13.76185712013768,-34.840692744205185,6.877012719606176e-20
1786739600.3365529,resting,fast,1786739594.6569002,-466.2879049317994,-185.5079369157254,714.515914993327,13.913095268679566,-34.97159286988523,6.916834323099518e-20
1786739600.3650649,resting,fast,1786739594.6569002,-464.80199757407354,-185.6879878120983,709.663498627795,13.926599085907501,-34.86014981805569,6.812396771165841e-20
1786739600.3933303,resting,fast,1786739594.6569002,-466.05068092819783,-184.61702813400575,721.0611104578247,13.846277110050696,-34.95380106961501,6.8903650952076e-20
1786739600.4219394,resting,fast,1786739594.6569002,-467.2255843678081,-183.9112634757962,721.5511861371488,13.793344760684793,-35.0419188275858,6.882613058967513e-20
1786739600.4503312,resting,fast,1786739594.6569002,-467.6821676721552,-180.60964349381436,723.7327552204697,13.54572326203633,-35.076162575411864,6.91050360892802e-20
1786739600.4783964,resting,fast,1786739594.6569002,-466.55545860827215,-182.3292682107973,716.7280941948011,13.674695115809985,-34.991659395620445,6.888490732215632e-20
1786739600.506892,resting,fast,1786739594.6569002,-463.29871905693153,-179.4650031227908,708.5751194905788,13.459875234209424,-34.74740392927,6.85967027369582e-20
1786739600.5357003,resting,fast,1786739594.6569002,-463.55137315421507,-183.4030653333317,713.4721695908493,13.755229899999986,-34.766352986566226,6.921902807878329e-20
1786739600.5639777,resting,fast,1786739594.6569002,-463.9645750327986,-185.35046347220577,708.357302413684,13.901284760415646,-34.79734312746002,6.876802657371039e-20
1786739600.592336,resting,fast,1786739594.6569002,-462.4424743584418,-185.1805972006988,709.0661337830843,13.888544790052602,-34.68318557688332,6.806208697731868e-20
1786739600.6205955,resting,fast,1786739594.6569002,-463.2875875704299,-184.68418035494835,711.472187349369,13.851313526621365,-34.746569067782495,6.88409320143283e-20
1786739600.648971,resting,fast,1786739594.6569002,-463.8184844652328,-182.7026891085278,711.5570620668432,13.70270168313986,-34.78638633489267,6.941871722921306e-20
1786739600.677203,resting,fast,1786739594.6569002,-464.64937437866956,-185.72695119905916,709.1817182565801,13.929521339929604,-34.84870307840044,6.952961543330438e-20
1786739600.7057095,resting,fast,1786739594.6569002,-463.37573298323105,-185.45443690812192,701.4923201044012,13.909082768109261,-34.753179973742505,6.851409232726891e-20
1786739600.7349393,resting,fast,1786739594.6569002,-462.7248481369352,-185.59400423866816,705.6357332248072,13.919550317900235,-34.7043636102702,6.796905273601496e-20
1786739600.7622771,resting,fast,1786739594.6569002,-463.7576292849094,-186.53235918602843,711.504395196861,13.989926938952284,-34.781822196368246,6.844535882312934e-20
1786739600.790971,resting,fast,1786739594.6569002,-464.33414251989007,-184.34687984791265,714.3310898476575,13.826015988593692,-34.82506068899206,6.842963146916136e-20
1786739600.8190506,resting,fast,1786739594.6569002,-464.6125128311537,-183.6382324630797,720.412062923464,13.772867434731094,-34.845938462336896,6.854499814565403e-20
1786739600.847369,resting,fast,1786739594.6569002,-463.53710053653276,-178.63163365295736,714.3454304080697,13.397372523972027,-34.76528254024009,6.826847300302733e-20
1786739600.8760357,resting,fast,1786739594.6569002,-463.0532596779858,-181.48788494672624,708.6878244293566,13.61159137100459,-34.72899447584921,6.815557398421749e-20
1786739600.9043522,resting,fast,1786739594.6569002,-463.0359266577748,-182.6650991108471,700.4503928336117,13.699882433313892,-34.72769449933318,6.749031637278881e-20
1786739600.9328294,resting,fast,1786739594.6569002,-466.0450097579296,-184.69651793349203,712.7465876134856,13.852238845012263,-34.953375731844844,6.791023130210571e-20
1786739600.9629135,resting,fast,1786739594.6569002,-465.8141809778904,-184.44214487258694,717.2825548913652,13.83316086544433,-34.93606357334192,6.797220415158119e-20
1786739600.98962,resting,fast,1786739594.6569002,-466.19035704142425,-183.48508054130969,729.3456391352929,13.761381040598426,-34.96427677810705,6.900904352326393e-20
1786739601.0180974,resting,fast,1786739594.6569002,-465.0468131099242,-182.17652770790085,723.4896462215638,13.663239578092874,-34.878510983244574,6.892656570068006e-20
1786739601.046083,resting,fast,1786739594.6569002,-465.19174894485013,-180.00107034497955,727.2208357080599,13.500080275873774,-34.889381170863864,6.885519938939185e-20
1786739601.0749002,resting,fast,1786739594.6569002,-463.85200524755055,-180.9066175713242,712.732442243364,13.567996317849538,-34.78890039356652,6.857728256443951e-20
1786739601.1028907,resting,fast,1786739594.6569002,-463.0957699193232,-182.65252594811852,709.4481224723095,13.69893944610887,-34.732182743949494,6.944980368820359e-20
1786739601.1313932,resting,fast,1786739594.6569002,-462.35047425563926,-184.4723029722769,709.0094868323949,13.835422722920857,-34.67628556917306,6.949078889566456e-20
1786739601.162363,resting,fast,1786739594.6569002,-463.2389948325563,-184.68129946719523,715.5780028720619,13.851097460039863,-34.742924612442,6.979987379760146e-20
1786739601.1883523,resting,fast,1786739594.6569002,-461.80434912411147,-180.39022643749877,714.8260680576104,13.529266982812455,-34.63532618430865,6.880291946957442e-20
1786739601.2165868,resting,fast,1786739594.6569002,-467.2536399685687,-181.98330200874705,723.6583426219049,13.648747650656166,-35.044022997642855,6.897657044447706e-20
1786739601.2447605,resting,fast,1786739594.6569002,-468.78841091171535,-182.74669677002896,718.1981994024072,13.706002257752392,-35.159130818378884,6.819839849595973e-20
1786739601.2732604,resting,fast,1786739594.6569002,-470.7331274660728,-187.31294542918204,724.7639822796227,14.048470907188833,-35.3049845599557,6.860707396062399e-20
1786739601.3016615,resting,fast,1786739594.6569002,-464.7000990765605,-186.81334474514665,705.5308789108349,14.01100085588622,-34.85250743074226,6.865283751736582e-20
1786739601.3302066,resting,fast,1786739594.6569002,-462.3085915408642,-184.84513835490304,704.6685965306506,13.863385376618016,-34.67314436556485,6.882353679619646e-20
1786739601.3601058,resting,fast,1786739594.6569002,-463.2806518796542,-187.31379570837873,705.112502663701,14.048534678128608,-34.7460488909743,6.908110303421302e-20
1786739601.3867283,resting,fast,1786739594.6569002,-464.3126065988863,-182.09716965897417,714.5834859328515,13.657287724423174,-34.82344549491658,6.874916614450024e-20
1786739601.415314,resting,fast,1786739594.6569002,-467.7608619771918,-185.0801375263594,723.4898915980593,13.88101031447707,-35.08206464828962,6.926327337996428e-20
1786739601.4435418,resting,fast,1786739594.6569002,-464.7533026961419,-184.75769972324497,711.8350731959808,13.856827479243567,-34.85649770221098,6.799555334871612e-20
1786739601.4719005,resting,fast,1786739594.6569002,-466.3052214314316,-186.64748937227023,712.9485893573619,13.99856170292053,-34.972891607357646,6.794630679830622e-20
1786739601.5005484,resting,fast,1786739594.6569002,-462.92516130801187,-185.66871170859702,703.2375317507922,13.92515337814493,-34.71938709810108,6.765279155613456e-20
1786739601.5286722,resting,fast,1786739594.6569002,-464.59579693280693,-180.85742577313874,712.5876704376469,13.564306932985719,-34.84468476996076,6.76422060346356e-20
1786739601.5571356,resting,fast,1786739594.6569002,-463.75186494000354,-181.71248521101154,713.444945257671,13.628436390826192,-34.781389870500576,6.821047261081738e-20
1786739601.5854518,resting,fast,1786739594.6569002,-463.50162079453094,-180.07993517342197,715.2254695825059,13.505995138006927,-34.76262155958996,6.798332476715878e-20
1786739601.6141684,resting,fast,1786739594.6569002,-463.67650683587044,-181.84132064755374,710.5889864541859,13.638099048566591,-34.77573801269057,6.855412265235083e-20
1786739601.6424072,resting,fast,1786739594.6569002,-463.97597646022587,-179.41913238644827,713.6584624322941,13.456434928983764,-34.798198234517095,6.835702267494906e-20
1786739601.6707678,resting,fast,1786739594.6569002,-464.8319044845184,-178.73201023386275,715.2247989402485,13.404900767539896,-34.86239283633905,6.807775530745668e-20
1786739601.6991382,resting,fast,1786739594.6569002,-463.13603471614533,-178.14136678024863,716.5249902023224,13.360602508518713,-34.735202603711,6.836727313170791e-20
1786739601.7277112,resting,fast,1786739594.6569002,-461.732858632291,-181.74595491938624,701.0180907090207,13.63094661895428,-34.629964397421915,6.803990556270721e-20
1786739601.7559774,resting,fast,1786739594.6569002,-463.1753792850841,-186.3380486472896,703.712808601349,13.975353648546918,-34.73815344638152,6.867996165523585e-20
1786739601.7842216,resting,fast,1786739594.6569002,-463.6668533797083,-190.0097746916939,700.0366858240823,14.250733101877177,-34.77501400347822,6.811479707852026e-20
1786739601.8128088,resting,fast,1786739594.6569002,-465.4954859734994,-192.7038306591046,708.6923558355038,14.45278729943303,-34.91216144801265,6.89038572356306e-20
1786739601.8410869,resting,fast,1786739594.6569002,-464.43672047386826,-191.16429354936133,701.1820524031591,14.337322016202368,-34.83275403554058,6.864253345139797e-20
1786739601.8693068,resting,fast,1786739594.6569002,-467.9102732551355,-189.57834074536197,714.0014205571078,14.218375555902458,-35.09327049413524,6.967438637873153e-20
1786739601.8976724,resting,fast,1786739594.6569002,-467.89222518455017,-189.70310166412264,712.3620617018914,14.227732624809494,-35.09191688884155,6.948713395133279e-20
1786739601.9261875,resting,fast,1786739594.6569002,-469.095451415516,-192.50111337193232,718.6169877439743,14.437583502895226,-35.18215885616384,7.02097219231134e-20
1786739601.9573953,resting,fast,1786739594.6569002,-466.52352347945316,-193.1149125311607,710.0723946755925,14.483618439837283,-34.989264260959104,6.933865167266642e-20
1786739601.9830127,resting,fast,1786739594.6569002,-465.7913693303185,-189.88123396587514,710.4333791982463,14.241092547440719,-34.9343526997741,6.873782306450902e-20
1786739602.0114102,resting,fast,1786739594.6569002,-463.80288633500004,-184.18820105667646,704.6209554319321,13.814115079250929,-34.78521647512537,6.76362096635364e-20
1786739602.0399084,resting,fast,1786739594.6569002,-462.1415526895198,-181.643498724835,701.8649005078059,13.623262404362801,-34.66061645171427,6.694334569896405e-20
1786739602.067994,resting,fast,1786739594.6569002,-461.6311550144769,-180.45321167118675,700.2619016269464,13.533990875339153,-34.62233662608609,6.654786058153233e-20
1786739602.0966108,resting,fast,1786739594.6569002,-460.5392871404233,-181.10080689736674,701.203949391077,13.582560517302841,-34.54044653553205,6.660480236549823e-20
1786739602.1248853,resting,fast,1786739594.6569002,-461.3194939389846,-180.220416675784,702.6082372887158,13.516531250684015,-34.59896204542398,6.763644718748314e-20
1786739602.155686,resting,fast,1786739594.6569002,-462.2670844077852,-182.44852624893167,707.9172356190102,13.68363946867007,-34.67003133058406,6.859369976417163e-20
1786739602.181737,resting,fast,1786739594.6569002,-464.4520758331978,-184.43784053476486,724.3856024739571,13.832838040107557,-34.83390568749001,6.927227631763206e-20
1786739602.2103548,resting,fast,1786739594.6569002,-465.22882050137196,-184.47246261082228,724.7830385086108,13.83543469581181,-34.89216153760311,6.897254500383385e-20
1786739602.238604,resting,fast,1786739594.6569002,-463.95622571821696,-181.90665403696983,722.6896982485459,13.642999052772968,-34.79671692886633,6.891046736603754e-20
1786739602.2667937,resting,fast,1786739594.6569002,-462.9040632394581,-180.2825744821372,709.9753683327417,13.521193086160562,-34.71780474295956,6.839982855292485e-20
1786739602.2953286,resting,fast,1786739594.6569002,-463.3035599482787,-183.30959576809357,712.2785095472082,13.748219682607267,-34.74776699612102,6.867992799054799e-20
1786739602.3235714,resting,fast,1786739594.6569002,-463.4145787552179,-185.62018475135176,714.8753431698287,13.921513856351641,-34.756093406641696,6.877674695073055e-20
1786739602.3539064,resting,fast,1786739594.6569002,-464.0225550901623,-186.33244803262255,715.8574040351468,13.974933602446864,-34.80169163176242,6.9178853350858e-20
1786739602.3803477,resting,fast,1786739594.6569002,-464.30985960797034,-185.80028001541848,722.4197535132098,13.93502100115644,-34.823239470598075,6.903424498953967e-20
1786739602.4089365,resting,fast,1786739594.6569002,-466.90511777480606,-185.50890393303519,724.5409572435092,13.913167794977785,-35.01788383311061,6.906577525342094e-20
1786739602.4371696,resting,fast,1786739594.6569002,-466.6293544128921,-185.92200016761558,718.6145552518628,13.944150012571345,-34.997201580967086,6.86682435180055e-20
1786739602.4654915,resting,fast,1786739594.6569002,-465.5944044978114,-183.55155276544508,713.0607325132196,13.766366457408719,-34.91958033733594,6.863473546064722e-20
1786739602.494145,resting,fast,1786739594.6569002,-464.2148780692114,-183.4898830120161,713.0197262507227,13.761741225901364,-34.816115855191036,6.870103571443493e-20
1786739602.5223563,resting,fast,1786739594.6569002,-463.5905561378554,-182.22709046837178,717.0802310476265,13.667031785128042,-34.76929171033914,6.884656236425503e-20
1786739602.5524297,resting,fast,1786739594.6569002,-464.5762499578482,-183.7696507058448,715.7061813931286,13.782723802938524,-34.84321874683882,6.876371812603983e-20
1786739602.5792863,resting,fast,1786739594.6569002,-464.8068655788852,-183.304749287567,716.8472134374515,13.74785619656772,-34.86051491841661,6.801665757530399e-20
1786739602.607625,resting,fast,1786739594.6569002,-466.490367263566,-182.5398169722937,719.1989724023506,13.690486272922154,-34.986777544767705,6.761868918677717e-20
1786739602.635939,resting,fast,1786739594.6569002,-468.6191383978721,-183.1062359164698,724.501958248863,13.73296769373555,-35.14643537984049,6.800475897618837e-20
1786739602.6644423,resting,fast,1786739594.6569002,-467.6766144643525,-182.90966275343646,720.4955079978527,13.718224706508,-35.07574608482675,6.843944953272762e-20
1786739602.6926234,resting,fast,1786739594.6569002,-466.34335584102064,-185.0850061170495,718.7620429943454,13.88137545877893,-34.975751688076755,6.899541264161891e-20
1786739602.7209833,resting,fast,1786739594.6569002,-464.2885245690054,-182.86440026349862,716.9288419034192,13.714830019762676,-34.82163934267569,6.895348855416979e-20
1786739602.7497623,resting,fast,1786739594.6569002,-468.6334047910086,-183.89666483203837,722.8513164604456,13.792249862403036,-35.147505359325876,6.897282077345671e-20
1786739602.7776914,resting,fast,1786739594.6569002,-471.46867044204646,-184.06802829192134,728.4827697310102,13.805102121894333,-35.36015028315368,6.950683819051247e-20
1786739602.8063073,resting,fast,1786739594.6569002,-472.0537166412182,-188.53332455748398,721.4252773508115,14.139999341811592,-35.40402874809157,6.899907529931552e-20
1786739602.8347673,resting,fast,1786739594.6569002,-469.57446233048177,-187.0549735436282,715.0834358933025,14.02912301577236,-35.218084674786326,6.819921460096257e-20
1786739602.8629239,resting,fast,1786739594.6569002,-467.587919771227,-183.3460834750009,707.9486449642209,13.750956260625255,-35.06909398284222,6.748317516116008e-20
1786739602.8913805,resting,fast,1786739594.6569002,-468.0116406580714,-180.82072641464845,709.6663699004002,13.561554481098984,-35.100873049355535,6.78627494909465e-20
1786739602.919821,resting,fast,1786739594.6569002,-468.3987485657999,-181.7808990123267,714.827559161994,13.633567425924841,-35.12990614243521,6.817652009516524e-20
1786739602.9482784,resting,fast,1786739594.6569002,-465.40112252244535,-185.30139963830618,710.200340656449,13.897604972873228,-34.90508418918356,6.792778374925031e-20
1786739602.9768927,resting,fast,1786739594.6569002,-466.0605910960753,-189.7676340476712,715.5747598885218,14.232572553575476,-34.954544332205856,6.844656494794108e-20
1786739603.0051281,resting,fast,1786739594.6569002,-463.9011693042803,-191.38568936708373,708.7940726637262,14.353926702531343,-34.79258769782134,6.87441342929158e-20
1786739603.0337672,resting,fast,1786739594.6569002,-466.4223466049707,-189.483924194461,715.4214957711583,14.211294314584837,-34.98167599537298,6.886788453441389e-20
1786739603.0619497,resting,fast,1786739594.6569002,-463.6508538224357,-186.69003988184238,710.705433647804,14.001752991138442,-34.77381403668294,6.809457931776435e-20
1786739603.0903497,resting,fast,1786739594.6569002,-463.5928754385818,-185.71389800990949,707.7078128649828,13.92854235074353,-34.76946565789375,6.758518753236645e-20
1786739603.1184266,resting,fast,1786739594.6569002,-464.21618540412055,-188.41465452474142,712.1770063801505,14.131099089355732,-34.81621390530918,6.85187973130391e-20
1786739603.1476817,resting,fast,1786739594.6569002,-465.13762676917986,-187.16685420233614,711.4982216001226,14.03751406517534,-34.885322007688806,6.871210826529621e-20
1786739603.1754394,resting,fast,1786739594.6569002,-468.1162247075199,-188.33273734769227,719.9012724772119,14.124955301077154,-35.108716853064024,6.96719790754069e-20
1786739603.2037098,resting,fast,1786739594.6569002,-465.654110332624,-183.43505786711114,711.936716375797,13.757629340033557,-34.92405827494709,6.859816894579697e-20
1786739603.2321954,resting,fast,1786739594.6569002,-465.3092023339914,-182.72311637136488,713.0227049550213,13.704233727852564,-34.89819017504963,6.819743623217616e-20
1786739603.260451,resting,fast,1786739594.6569002,-460.8472353885327,-179.32875803116747,699.2298343819657,13.449656852337778,-34.5635426541401,6.671059733636474e-20
1786739603.2888758,resting,fast,1786739594.6569002,-460.8419348132379,-182.21571206841702,697.5363789063185,13.666178405131586,-34.56314511099294,6.688790771127276e-20
1786739603.3174903,resting,fast,1786739594.6569002,-459.02155484469813,-181.9490747335642,699.2294497159992,13.646180605017616,-34.42661661335262,6.691006304221679e-20
1786739603.3455753,resting,fast,1786739594.6569002,-460.66093235992685,-183.06676219342512,708.1817593642181,13.73000716450711,-34.54956992699483,6.762484573940983e-20
1786739603.3744733,resting,fast,1786739594.6569002,-464.53621352863047,-184.09059619197183,723.8378909277335,13.806794714398112,-34.840216014647396,6.854637049690293e-20
1786739603.4027827,resting,fast,1786739594.6569002,-465.10062988089066,-185.1166336699539,719.198458191684,13.883747525246815,-34.88254724106708,6.839780158837212e-20
1786739603.4309702,resting,fast,1786739594.6569002,-462.4611024796145,-182.24926631624714,711.7834471898068,13.668694973718832,-34.684582685971336,6.828783872166805e-20
1786739603.4593534,resting,fast,1786739594.6569002,-459.26441653545726,-184.18621733053124,692.7426367780608,13.813966299790028,-34.444831240159616,6.71603260446554e-20
1786739603.48776,resting,fast,1786739594.6569002,-459.58347700669265,-184.36106281976288,695.142877703579,13.827079711482344,-34.46876077550219,6.766606152706154e-20
1786739603.5163743,resting,fast,1786739594.6569002,-467.9452532952382,-189.9818481034007,711.0029334585615,14.24863860775513,-35.095893997143115,6.847527434606639e-20
1786739603.5448158,resting,fast,1786739594.6569002,-468.11723908433896,-186.82286803890622,715.466885434199,14.011715102918135,-35.10879293132559,6.831929198031582e-20
1786739603.573392,resting,fast,1786739594.6569002,-469.51140064264155,-187.0211791760455,716.2050522784684,14.026588438203579,-35.213355048198174,6.814844676093293e-20
1786739603.601583,resting,fast,1786739594.6569002,-462.3364554069244,-181.93261048506588,702.2335844576819,13.644945786380124,-34.675234155519526,6.65924319848248e-20
1786739603.6298225,resting,fast,1786739594.6569002,-463.3914567312995,-182.3042776990003,708.5456258360191,13.672820827425216,-34.7543592548476,6.78661292189121e-20
1786739603.658077,resting,fast,1786739594.6569002,-461.93438676286314,-182.17286338534825,702.8127913712933,13.662964753901303,-34.64507900721484,6.81836345540082e-20
1786739603.6865973,resting,fast,1786739594.6569002,-462.6991678293116,-184.26311869691142,705.6412354679651,13.81973390226852,-34.7024375871986,6.919798637940936e-20
1786739603.7151582,resting,fast,1786739594.6569002,-465.5943924288922,-189.17782821012668,707.2855722115619,14.18833711575979,-34.91957943216692,6.871464886658075e-20
1786739603.7436914,resting,fast,1786739594.6569002,-467.1056761198661,-188.67522733492774,721.2779232852427,14.150642050119732,-35.03292570898995,6.950878167915785e-20
1786739603.7719083,resting,fast,1786739594.6569002,-468.52032510469553,-188.8442170218375,727.1815264145216,14.163316276637975,-35.139024382852476,6.955682814886623e-20
1786739603.8000166,resting,fast,1786739594.6569002,-463.52155122767226,-183.05897481431714,719.2433879132177,13.729423111073952,-34.76411634207575,6.854221990064936e-20
1786739603.828655,resting,fast,1786739594.6569002,-463.39112710307654,-180.71763048780633,713.0821492109599,13.553822286585667,-34.75433453273105,6.78377097385596e-20
1786739603.856951,resting,fast,1786739594.6569002,-462.7342414078207,-179.51934241497236,708.7750850886923,13.463950681123311,-34.705068105586825,6.797019082527622e-20
1786739603.8853629,resting,fast,1786739594.6569002,-466.3981150071786,-179.2080599311023,720.8516511394309,13.440604494832971,-34.97985862553861,6.910915165866004e-20
1786739603.913854,resting,fast,1786739594.6569002,-465.23080141341325,-180.42737479420805,722.082383554719,13.532053109565826,-34.89231010600608,6.843964969506633e-20
1786739603.942351,resting,fast,1786739594.6569002,-465.3658167472372,-181.3971465774324,721.5793400080165,13.604785993307598,-34.90243625604307,6.843836703634988e-20
1786739603.9705474,resting,fast,1786739594.6569002,-464.73605853249,-183.22025864766317,718.4001389559171,13.741519398574955,-34.855204389936866,6.848623069079541e-20
1786739603.9988434,resting,fast,1786739594.6569002,-467.19919168083607,-184.86666499729904,716.2611728981392,13.864999874797707,-35.03993937606286,6.867159941729588e-20
1786739604.0272825,resting,fast,1786739594.6569002,-467.1178713711897,-185.70858597861752,714.5937508111592,13.92814394839655,-35.03384035283939,6.82154410726331e-20
1786739604.0557914,resting,fast,1786739594.6569002,-466.6505416056907,-184.1156224296859,710.1155036615783,13.808671682226649,-34.9987906204269,6.77575272242249e-20
1786739604.0843549,resting,fast,1786739594.6569002,-464.11602835938857,-182.30737798718076,710.7382661089814,13.673053349038778,-34.80870212695436,6.757630838271234e-20
1786739604.1125333,resting,fast,1786739594.6569002,-466.07576559168956,-182.5528083903123,718.7299824529955,13.691460629273603,-34.955682419377,6.84894343976175e-20
1786739604.14116,resting,fast,1786739594.6569002,-465.82008563913223,-185.8544491814871,713.4541125350688,13.939083688611792,-34.936506422935025,6.89501280760815e-20
1786739604.1696067,resting,fast,1786739594.6569002,-466.3102540799332,-187.45872723213859,711.4149345689511,14.059404542410714,-34.97326905599506,6.973134259399672e-20
1786739604.197784,resting,fast,1786739594.6569002,-463.5444115233249,-188.94438512548072,706.3017218380937,14.17082888441126,-34.76583086424961,6.958440484126097e-20
1786739604.2259994,resting,fast,1786739594.6569002,-462.1083072371621,-183.2448247451564,707.97329845082,13.743361855886963,-34.65812304278752,6.91315167354712e-20
1786739604.25436,resting,fast,1786739594.6569002,-464.44514723383827,-181.33103084709876,708.6560919263702,13.599827313532568,-34.833386042537946,6.903602302707653e-20
1786739604.2828178,resting,fast,1786739594.6569002,-460.92057615509293,-178.14086164204832,697.3619607008195,13.360564623153923,-34.56904321163191,6.749074146318246e-20
1786739604.313108,resting,fast,1786739594.6569002,-462.9574332116067,-182.50512263686403,696.2456912426615,13.687884197764856,-34.721807490870745,6.71763311587143e-20
1786739604.339661,resting,fast,1786739594.6569002,-460.4584988714132,-184.72953231280212,697.2520469670944,13.854714923460417,-34.534387415356186,6.62035578089088e-20
1786739604.3681798,resting,fast,1786739594.6569002,-464.95017185185316,-185.89573904475378,708.0851307253724,13.942180428356668,-34.871262888889135,6.739661019558532e-20
1786739604.3964863,resting,fast,1786739594.6569002,-462.66326908169503,-183.98819518972618,713.9216271945088,13.799114639229533,-34.69974518112731,6.747970586251494e-20
1786739604.4246364,resting,fast,1786739594.6569002,-463.59185288602066,-183.13285589184375,714.8636065157862,13.734964191888462,-34.769388966451594,6.860300117146735e-20
1786739604.4529934,resting,fast,1786739594.6569002,-461.63048105057624,-181.06940291110254,710.4314897213007,13.580205218332825,-34.62228607879344,6.792384758827669e-20
1786739604.481412,resting,fast,1786739594.6569002,-463.01672876398425,-187.44870252643307,707.1659725672307,14.058652689482681,-34.726254657298895,6.807763359293703e-20
1786739604.5108552,resting,fast,1786739594.6569002,-462.1878755159587,-188.75702253232555,700.7199473538312,14.156776689924765,-34.664090663697166,6.757439316308527e-20
1786739604.5386305,resting,fast,1786739594.6569002,-466.44511919856495,-192.55122486138043,720.836532307324,14.44134186460386,-34.983383939892576,6.84278991381381e-20
1786739604.5666473,resting,fast,1786739594.6569002,-465.7381536162661,-185.48500025983117,719.7258383561839,13.911375019487462,-34.93036152122019,6.822474223867759e-20
1786739604.5952976,resting,fast,1786739594.6569002,-467.2373640570131,-185.87755312889874,730.576344416806,13.940816484667625,-35.042802304276236,6.909468532704207e-20
1786739604.623631,resting,fast,1786739594.6569002,-464.1438582757205,-184.30613548187307,709.0214578764189,13.822960161140724,-34.810789370679245,6.894148935381897e-20
1786739604.651913,resting,fast,1786739594.6569002,-466.22387838737905,-187.92633540194026,713.3830004431966,14.09447515514584,-34.96679087905365,6.909194418517745e-20
1786739604.6805296,resting,fast,1786739594.6569002,-464.8855160976782,-192.85302523030737,697.2478821198874,14.463976892273127,-34.86641370732607,6.818604577472431e-20
1786739604.7110891,resting,fast,1786739594.6569002,-466.08349852015954,-191.70468372666153,704.5102145938454,14.377851279499904,-34.956262389012245,6.813042610879337e-20
1786739604.7367835,resting,fast,1786739594.6569002,-465.802142311873,-189.60446037631687,711.899027526908,14.220334528223898,-34.935160673390676,6.836147621650264e-20
1786739604.765229,resting,fast,1786739594.6569002,-464.8887219022131,-182.43217147169742,721.3257938113356,13.682412860377529,-34.86665414266636,6.843595662105276e-20
1786739604.7936392,resting,fast,1786739594.6569002,-467.9032313124253,-187.27079314288983,725.1012460783732,14.045309485716974,-35.09274234843209,6.8785015597766e-20
1786739604.822034,resting,fast,1786739594.6569002,-467.14612169136717,-188.72778750227155,709.4829789294199,14.154584062670569,-35.03595912685286,6.876946152508018e-20
1786739604.8503802,resting,fast,1786739594.6569002,-469.38111035488646,-188.34134913002913,711.8219138019558,14.125601184752423,-35.20358327661673,6.858260915054178e-20
1786739604.8787994,resting,fast,1786739594.6569002,-467.06869702824724,-183.69327329818532,715.4911877243294,13.77699549736408,-35.03015227711879,6.887329765086077e-20
1786739604.9076586,resting,fast,1786739594.6569002,-466.52322345316725,-185.2744602994461,710.0418114961421,13.895584522458574,-34.98924175898782,6.859728799392459e-20
1786739604.9357748,resting,fast,1786739594.6569002,-466.1342547015838,-187.23223383519894,711.6056340520136,14.042417537640024,-34.96006910261886,6.908823462699958e-20
1786739604.964295,resting,fast,1786739594.6569002,-464.3614757017226,-187.4724152422732,701.1012905248062,14.06043114317075,-34.82711067762955,6.817214029189828e-20
1786739604.9923923,resting,fast,1786739594.6569002,-462.90145207872865,-184.07606255589906,712.2712844058351,13.805704691692636,-34.71760890590485,6.820303832694048e-20
1786739605.0207884,resting,fast,1786739594.6569002,-461.70612988620724,-183.50275213327131,706.0753499578459,13.762706409995555,-34.627959741465716,6.808050785074752e-20
1786739605.0491617,resting,fast,1786739594.6569002,-460.85564380330425,-184.3975639759591,706.1112643211382,13.829817298197245,-34.56417328524797,6.82271688810781e-20
1786739605.0774558,resting,fast,1786739594.6569002,-462.2803821794473,-184.89938736100032,708.7063125221657,13.86745405207537,-34.6710286634589,6.834319430692625e-20
1786739605.1077213,resting,fast,1786739594.6569002,-462.2109046616688,-183.44916315540547,707.1264181628276,13.75868723665555,-34.66581784962526,6.787234587785514e-20
1786739605.1344585,resting,fast,1786739594.6569002,-466.48952711850507,-184.80114827616865,717.4334086326262,13.860086120712975,-34.98671453388808,6.862043336461771e-20
1786739605.1852617,resting,fast,1786739594.6569002,-466.9513290094569,-184.5120669524032,717.7664753318841,13.838405021430471,-35.02134967570942,6.793203918236623e-20
