ts,label,session_type,experiment_start_ts,fx,fy,fz,mx,my,mz
1786736921.3626742,resting,fast,1786736921.0942347,-465.3445664966803,-190.05902563050347,703.2627743362245,14.254426922288022,-34.9008424872512,7.059031381750021e-20
1786736921.365372,resting,fast,1786736921.0942347,-469.21383664893847,-185.6184107105405,720.3606789905571,13.921380803290749,-35.191037748670404,7.100435380952999e-20
1786736921.371391,resting,fast,1786736921.0942347,-470.1583608954297,-183.76162501723866,716.5498348862939,13.78212187629303,-35.26187706715747,7.107329468398281e-20
1786736921.3735683,resting,fast,1786736921.0942347,-468.69821843358613,-181.28571828908377,712.6854172199819,13.59642887168145,-35.15236638251912,7.033648693777999e-20
1786736921.3756287,resting,fast,1786736921.0942347,-467.7029986116522,-184.01815504531055,711.8604807918309,13.801361628398435,-35.077724895874155,7.00514945911987e-20
1786736921.3775277,resting,fast,1786736921.0942347,-467.33905046458267,-183.44685820846428,708.4515927281982,13.758514365634934,-35.0504287848438,6.863866881942763e-20
1786736921.4037223,resting,fast,1786736921.0942347,-470.3808067255741,-185.94788086256096,716.3467278943081,13.946091064692279,-35.27856050441816,6.949324411528718e-20
1786736921.4313943,resting,fast,1786736921.0942347,-471.5195538899702,-184.77909424169832,712.551347878406,13.858432068127716,-35.363966541747885,6.905845953477014e-20
1786736921.459552,resting,fast,1786736921.0942347,-470.76382419857873,-185.80892326209312,717.9531805615197,13.935669244657188,-35.30728681489374,6.984906194179524e-20
1786736921.4880013,resting,fast,1786736921.0942347,-471.2133826336317,-183.8161978898454,727.7210807623114,13.786214841738602,-35.34100369752259,6.992886456021013e-20
1786736921.5164068,resting,fast,1786736921.0942347,-467.44838929018215,-177.89805332552385,719.8191425204577,13.342353999414602,-35.05862919676386,7.023466307131328e-20
1786736921.5451443,resting,fast,1786736921.0942347,-471.7640329486758,-181.68111966735285,732.9095111178431,13.626083975051603,-35.382302471150936,7.123091630682352e-20
1786736921.5732307,resting,fast,1786736921.0942347,-472.9294315609982,-181.57989479732555,732.8413738836625,13.618492109799636,-35.46970736707497,7.122648212637838e-20
1786736921.602478,resting,fast,1786736921.0942347,-475.4063305530294,-186.81515114930437,736.5755574221921,14.011136336197875,-35.65547479147738,7.128561266983456e-20
1786736921.630083,resting,fast,1786736921.0942347,-471.108950198151,-183.25237504484642,721.6038931568728,13.743928128363503,-35.33317126486175,7.015735382932046e-20
1786736921.6586056,resting,fast,1786736921.0942347,-471.6533190311952,-182.29376882007352,728.7972045444249,13.672032661505813,-35.373998927339855,7.004821318758163e-20
1786736921.6870902,resting,fast,1786736921.0942347,-472.05245602314744,-183.45797083540447,732.432148552828,13.759347812655431,-35.403934201736185,6.96676435867574e-20
1786736921.715259,resting,fast,1786736921.0942347,-470.2881747871488,-184.89437068654775,728.8420142808527,13.86707780149133,-35.27161310903625,6.957081008573992e-20
1786736921.743663,resting,fast,1786736921.0942347,-469.401200450332,-185.18948045385514,720.5386581923221,13.889211034039409,-35.20509003377511,6.964095415198227e-20
1786736921.7719595,resting,fast,1786736921.0942347,-466.76431067507065,-181.92881100331067,710.8035231731492,13.644660825248604,-35.00732330063057,6.955179493385493e-20
1786736921.800622,resting,fast,1786736921.0942347,-468.06349640934286,-175.64828045651268,728.564461010089,13.173621034238696,-35.104762230700835,7.11556875646636e-20
1786736921.8290763,resting,fast,1786736921.0942347,-466.7284126878553,-176.93322391699633,717.6212924105957,13.269991793774867,-35.00463095158932,7.06120943151249e-20
1786736921.8576157,resting,fast,1786736921.0942347,-468.3274222552641,-177.74098735372922,729.7644267594269,13.330574051529947,-35.12455666914491,7.143292874951483e-20
1786736921.8856914,resting,fast,1786736921.0942347,-469.10423557484,-183.69970660343995,724.9145182653201,13.77747799525839,-35.182817668113245,7.028917014672727e-20
1786736921.9140792,resting,fast,1786736921.0942347,-471.0739020035976,-182.7046691664939,730.5103918420809,13.702850187487268,-35.33054265027001,7.007595005544537e-20
1786736921.942533,resting,fast,1786736921.0942347,-469.4371732769396,-182.98482971454325,725.0417320498645,13.723862228590914,-35.20778799577054,6.943597836804475e-20
1786736921.9708185,resting,fast,1786736921.0942347,-466.9344585995109,-178.67605310118472,712.5808953333262,13.40070398258909,-35.020084394963455,6.906494978135034e-20
1786736921.9999528,resting,fast,1786736921.0942347,-466.92247504044917,-176.05633364363177,722.8303528638617,13.204225023272631,-35.0191856280338,6.986766298038479e-20
1786736922.0276728,resting,fast,1786736921.0942347,-471.16702222932827,-176.2822652109752,734.9349194394663,13.22116989082338,-35.33752666719977,7.04705626694999e-20
1786736922.056372,resting,fast,1786736921.0942347,-475.6014370520779,-179.18686252082603,744.2363667295731,13.439014689062088,-35.670107778906015,7.098271811721757e-20
1786736922.0844405,resting,fast,1786736921.0942347,-472.9884900793486,-180.9837544242621,726.4817658845141,13.57378158181989,-35.47413675595151,6.99789998817599e-20
1786736922.1128461,resting,fast,1786736921.0942347,-472.3364527183653,-182.24872617610345,717.2828236690884,13.66865446320799,-35.425233953877616,6.901672314965893e-20
1786736922.1412401,resting,fast,1786736921.0942347,-469.9139037511436,-181.41725914689766,720.2454492321394,13.606294436017503,-35.24354278133607,6.873718309949911e-20
1786736922.1696858,resting,fast,1786736921.0942347,-469.7937298123452,-183.55887727286176,724.0013304526447,13.766915795464907,-35.23452973592606,6.915244572684703e-20
1786736922.199837,resting,fast,1786736921.0942347,-469.1077409681493,-185.93077488175686,721.8975128551028,13.944808116131984,-35.18308057261136,6.949090804093704e-20
1786736922.2266402,resting,fast,1786736921.0942347,-469.2955588206037,-184.51270726371263,716.5652411237224,13.83845304477865,-35.197166911545395,6.896889022305599e-20
1786736922.2548404,resting,fast,1786736921.0942347,-471.41229401939563,-182.059310701527,725.9187055819566,13.654448302614757,-35.355922051454876,6.946090580680911e-20
1786736922.2831995,resting,fast,1786736921.0942347,-470.91538294297834,-178.96325144362572,731.5273621917304,13.422243858272171,-35.31865372072357,6.986961465067206e-20
1786736922.3117902,resting,fast,1786736921.0942347,-470.25758715688653,-182.89065630260518,721.636090803715,13.716799222695645,-35.269319036766696,7.001465976795933e-20
1786736922.340412,resting,fast,1786736921.0942347,-470.0345817572356,-183.38106375355812,716.8053878665523,13.753579781517171,-35.25259363179283,6.936198698228432e-20
1786736922.3684475,resting,fast,1786736921.0942347,-471.5789592935871,-184.45361934743607,713.4563797756591,13.83402145105789,-35.36842194701936,6.903174930841116e-20
1786736922.399009,resting,fast,1786736921.0942347,-472.6643881683208,-181.83637618058196,723.249954873866,13.63772821354377,-35.44982911262414,6.91567134867907e-20
1786736922.4251704,resting,fast,1786736921.0942347,-475.5934892821556,-184.9253956341804,735.6861911783208,13.869404672563814,-35.66951169616178,6.939595040355234e-20
1786736922.453616,resting,fast,1786736921.0942347,-474.5277329582659,-184.53078420650058,732.8630236174095,13.839808815487732,-35.58957997187008,6.940757887477096e-20
1786736922.4820902,resting,fast,1786736921.0942347,-475.1844858113477,-185.86970562310432,741.1624679133329,13.940227921732944,-35.63883643585122,7.024168457687234e-20
1786736922.5104845,resting,fast,1786736921.0942347,-470.34968898137276,-183.9826044969667,724.5903296016286,13.798695337272644,-35.27622667360336,7.010853500621719e-20
1786736922.538983,resting,fast,1786736921.0942347,-470.38537920068984,-184.41699589828022,727.4785589353996,13.83127469237122,-35.27890344005197,6.956949781769889e-20
1786736922.5671985,resting,fast,1786736921.0942347,-472.67495513553285,-188.64402247563078,730.5210801163621,14.148301685672589,-35.450621635165035,6.980693159442182e-20
1786736922.5959442,resting,fast,1786736921.0942347,-475.74483624422555,-190.61963047276333,729.6023244547241,14.296472285457401,-35.68086271831712,6.949624876381952e-20
1786736922.6242275,resting,fast,1786736921.0942347,-476.02484016094013,-188.81701045897307,733.0719604308406,14.1612757844232,-35.7018630120707,7.038777184362283e-20
1786736922.6526246,resting,fast,1786736921.0942347,-474.54203722968987,-186.2400993684564,723.8892031845398,13.968007452634414,-35.590652792226976,7.002088867853141e-20
1786736922.680907,resting,fast,1786736921.0942347,-473.53976583951226,-184.32109050389397,730.7903921214811,13.824081787792199,-35.51548243796359,7.031929866946714e-20
1786736922.7095406,resting,fast,1786736921.0942347,-473.0662600068458,-184.69117364792885,727.4641632220691,13.851838023594826,-35.47996950051383,7.016953577069657e-20
1786736922.737977,resting,fast,1786736921.0942347,-472.6187426045972,-182.0550950840751,734.4493235429345,13.654132131305762,-35.44640569534496,6.981072854304757e-20
1786736922.766135,resting,fast,1786736921.0942347,-467.8355721623748,-178.79267780982298,718.9236339088948,13.409450835736894,-35.08766791217825,6.873294842364938e-20
1786736922.7944608,resting,fast,1786736921.0942347,-468.6030264704523,-178.36975491541875,723.4893500932021,13.377731618656593,-35.1452269852842,6.845560867396558e-20
1786736922.82277,resting,fast,1786736921.0942347,-468.51408806748805,-181.00312141049892,721.7236784303605,13.575234105787626,-35.138556605061964,6.891855832083945e-20
1786736922.8511658,resting,fast,1786736921.0942347,-475.54527791082637,-184.9840965331622,734.9066957394616,13.873807239987446,-35.66589584331226,7.081094862638261e-20
1786736922.8797686,resting,fast,1786736921.0942347,-475.4739895285293,-182.02315263923538,742.2888474517667,13.651736447942877,-35.660549214639985,7.129884171750103e-20
1786736922.907972,resting,fast,1786736921.0942347,-471.6772159241373,-178.04759455038766,726.6586131388003,13.353569591279292,-35.37579119431034,7.015536883057101e-20
1786736922.9368987,resting,fast,1786736921.0942347,-467.6017931089459,-179.12865569239534,721.5758382548629,13.434649176929955,-35.07013448317113,6.990211710451685e-20
1786736922.9649408,resting,fast,1786736921.0942347,-466.7026184286492,-182.83189606370843,711.5221706300881,13.712392204778343,-35.00269638214909,6.973816769940036e-20
1786736922.9933722,resting,fast,1786736921.0942347,-469.0379631922947,-182.65976760057902,719.5662835635985,13.699482570043681,-35.177847239422235,7.04730999086372e-20
1786736923.0217996,resting,fast,1786736921.0942347,-469.98047488046177,-179.05185939629519,722.8667634008216,13.428889454722299,-35.24853561603506,6.996259090209708e-20
1786736923.0501943,resting,fast,1786736921.0942347,-470.47654654197777,-179.73885778176827,723.7412955690133,13.480414333632705,-35.285740990648605,6.989889407716452e-20
1786736923.0786562,resting,fast,1786736921.0942347,-473.5792369840642,-181.39909916626436,728.1548045375812,13.604932437469966,-35.518442773805226,6.971528566456896e-20
1786736923.1067793,resting,fast,1786736921.0942347,-475.15208382892433,-181.9805910791756,730.4926877634061,13.648544330938439,-35.636406287169535,6.987447124654303e-20
1786736923.1353302,resting,fast,1786736921.0942347,-473.3904045041927,-178.568976796181,726.5137435626166,13.392673259713906,-35.50428033781465,6.972780460924431e-20
1786736923.1638155,resting,fast,1786736921.0942347,-469.96593299394226,-176.5314947014915,720.232812580869,13.239862102612154,-35.24744497454598,6.953559434260123e-20
1786736923.1921196,resting,fast,1786736921.0942347,-470.09392020945506,-176.47680200602758,719.4458034952486,13.235760150452275,-35.257044015709205,6.906393639312932e-20
1786736923.2203774,resting,fast,1786736921.0942347,-472.39866390834004,-180.60620801727532,726.8351686498345,13.545465601295877,-35.429899793125756,6.946592587663941e-20
1786736923.248963,resting,fast,1786736921.0942347,-474.3119432824292,-183.8310899251518,732.2073729928552,13.78733174438661,-35.573395746182335,6.99391278524249e-20
1786736923.2773585,resting,fast,1786736921.0942347,-472.0974505547465,-184.1175794997032,731.8944475672733,13.808818462477962,-35.407308791606184,7.009014838013069e-20
1786736923.3058262,resting,fast,1786736921.0942347,-472.4109740153808,-183.2782894301647,734.9210797824917,13.745871707262392,-35.430823051153716,7.008912459854889e-20
1786736923.3344998,resting,fast,1786736921.0942347,-471.71947043823184,-183.06339791723008,729.0135336958947,13.729754843792403,-35.37896028286757,7.007177576255448e-20
1786736923.3626828,resting,fast,1786736921.0942347,-473.4214737116986,-187.7655102138632,730.1546030832005,14.082413266039826,-35.506610528377514,7.122646456074269e-20
1786736923.3910506,resting,fast,1786736921.0942347,-472.801362335897,-189.44275319677251,722.8000738167984,14.208206489758087,-35.46010217519246,7.061290509130435e-20
1786736923.419561,resting,fast,1786736921.0942347,-473.2613316810898,-189.29932829638176,726.1880005168159,14.197449622228778,-35.49459987608186,7.043768000473548e-20
1786736923.4478521,resting,fast,1786736921.0942347,-472.0222457519362,-183.9449901765489,728.2008511695603,13.795874263241164,-35.40166843139538,6.963985633235614e-20
1786736923.476466,resting,fast,1786736921.0942347,-469.68735868432714,-181.45810699592244,720.681873456122,13.609358024694476,-35.226551901324825,6.939680534989553e-20
1786736923.504652,resting,fast,1786736921.0942347,-468.002012182224,-179.081724191489,717.8876520093772,13.431129314361943,-35.10015091366686,6.887085321410266e-20
1786736923.5331597,resting,fast,1786736921.0942347,-467.97524414039117,-179.76161622671293,712.9021610453065,13.482121217003705,-35.098143310529494,6.934704333310719e-20
1786736923.5613542,resting,fast,1786736921.0942347,-465.4404880237703,-177.8887986262472,709.2266892722637,13.34165989696871,-34.908036601782946,6.903745626045268e-20
1786736923.5898001,resting,fast,1786736921.0942347,-465.2472197983616,-181.70970748028947,708.5689421986517,13.628228061021833,-34.89354148487739,6.925879123341092e-20
1786736923.6184118,resting,fast,1786736921.0942347,-466.54565121116457,-181.78314208534664,708.0970296205069,13.633735656401296,-34.99092384083745,6.873450419955243e-20
1786736923.6466856,resting,fast,1786736921.0942347,-470.9785547261972,-184.70844644833085,720.9144492789956,13.85313348362509,-35.32339160446494,6.987194619304942e-20
1786736923.6751556,resting,fast,1786736921.0942347,-472.3506811843122,-184.14450263802553,723.2190093900954,13.810837697852246,-35.426301088823735,7.016550853228865e-20
1786736923.7039313,resting,fast,1786736921.0942347,-471.2043305565617,-186.97572943950104,727.4260925475173,14.02317970796285,-35.34032479174227,7.02238896877469e-20
1786736923.73195,resting,fast,1786736921.0942347,-471.17117781253455,-188.2083560711378,721.3181034556146,14.115626705335554,-35.3378383359402,7.015258896272701e-20
1786736923.7604377,resting,fast,1786736921.0942347,-471.20953880736715,-188.60419714903992,723.8226951560291,14.145314786178279,-35.34071541055284,7.054699120134649e-20
1786736923.7890508,resting,fast,1786736921.0942347,-472.03541341963046,-188.02647266216536,726.6117579358834,14.101985449662639,-35.402656006472554,7.041136215258526e-20
1786736923.8187404,resting,fast,1786736921.0942347,-472.13608937137496,-184.77262510338244,732.590113915132,13.857946882753875,-35.41020670285323,7.009199500287381e-20
1786736923.845393,resting,fast,1786736921.0942347,-469.59147246747534,-184.2613739830556,725.6522916460881,13.819603048729537,-35.219360435061006,6.904084762141176e-20
1786736923.8742738,resting,fast,1786736921.0942347,-469.26241542634216,-182.6951553085064,721.0830295507703,13.702136648138318,-35.19468115697597,6.928224321060813e-20
1786736923.902473,resting,fast,1786736921.0942347,-469.0499602957143,-184.28816367218076,724.6531444096645,13.821612275413845,-35.17874702217879,6.960244853541792e-20
1786736923.930841,resting,fast,1786736921.0942347,-470.60280794141545,-184.2507692878561,730.1603171224551,13.818807696589555,-35.295210595606314,7.047059658435989e-20
1786736923.9590902,resting,fast,1786736921.0942347,-470.7707082561933,-184.03823060746174,730.964005203301,13.802867295559768,-35.30780311921474,7.046550060351155e-20
1786736923.9875765,resting,fast,1786736921.0942347,-469.4933130517288,-182.36840580594412,717.4394170209798,13.677630435446101,-35.21199847888001,6.982897553061305e-20
1786736924.0161655,resting,fast,1786736921.0942347,-469.2972050657959,-180.87176902201713,714.7605271947987,13.565382676651485,-35.19729037993494,6.946306722823411e-20
1786736924.0446327,resting,fast,1786736921.0942347,-471.0304723793379,-181.96724573174686,720.895069926758,13.647543429881328,-35.327285428450445,7.007339529602302e-20
1786736924.072994,resting,fast,1786736921.0942347,-473.3577034480559,-180.05375725461124,727.9764657393725,13.50403179409609,-35.50182775860447,7.038091664499604e-20
1786736924.1014812,resting,fast,1786736921.0942347,-474.74965702749796,-181.85677890058162,734.7348121556624,13.639258417543754,-35.60622427706252,7.075619044928857e-20
1786736924.1296153,resting,fast,1786736921.0942347,-470.74914015650666,-181.27721805964336,720.2900352475917,13.595791354473395,-35.306185511738164,6.9764497038246e-20
1786736924.1582854,resting,fast,1786736921.0942347,-468.57538597388384,-185.47252604709968,710.3452165337176,13.910439453532735,-35.143153948041544,6.944815313058141e-20
1786736924.1864903,resting,fast,1786736921.0942347,-465.2722130837383,-182.49947326252197,700.4455451604726,13.687460494689287,-34.89541598128061,6.854816554183959e-20
1786736924.2191,resting,fast,1786736921.0942347,-467.4717794918474,-185.04463651401204,705.7732130448467,13.878347738550982,-35.060383461888726,6.854413268127749e-20
1786736924.2432532,resting,fast,1786736921.0942347,-468.1065498990183,-185.20084278158163,716.5931923973385,13.89006320861873,-35.10799124242662,6.869964760389294e-20
1786736924.2718124,resting,fast,1786736921.0942347,-471.6136265152504,-186.6360898615195,722.0500442645216,13.997706739614141,-35.371021988643975,6.9439682437631e-20
1786736924.3001657,resting,fast,1786736921.0942347,-467.83576186805976,-180.4180906972581,714.6036434533307,13.531356802294464,-35.08768214010483,6.864606008029822e-20
1786736924.328941,resting,fast,1786736921.0942347,-465.90728152561223,-179.12648367749728,702.9355601102952,13.434486275812485,-34.94304611442101,6.786634986339801e-20
1786736924.3570662,resting,fast,1786736921.0942347,-465.43976772933365,-179.6294527956045,704.7921659463673,13.472208959670564,-34.90798257970017,6.788426691060113e-20
1786736924.385445,resting,fast,1786736921.0942347,-469.3855925461312,-183.6114632588226,719.0661318174543,13.770859744411805,-35.20391944096017,6.925080400074041e-20
1786736924.413844,resting,fast,1786736921.0942347,-471.9832747987439,-184.02440442867544,726.8974154901798,13.801830332150846,-35.39874560990608,7.087034253590583e-20
1786736924.4426327,resting,fast,1786736921.0942347,-475.5682909772222,-187.31944733250634,731.6825930728155,14.048958549938096,-35.66762182329187,7.131189912364982e-20
1786736924.4708633,resting,fast,1786736921.0942347,-474.5581712346793,-187.69113606180406,719.7224541285104,14.076835204635461,-35.59186284260113,7.006114023412534e-20
1786736924.4991412,resting,fast,1786736921.0942347,-475.35091218907155,-187.89053908681296,730.0826670512297,14.091790431511324,-35.651318414180444,6.972765398698458e-20
1786736924.5274289,resting,fast,1786736921.0942347,-471.26454982011546,-184.16372116671846,726.137798637299,13.812279087504148,-35.34484123650884,6.971795493784928e-20
1786736924.555678,resting,fast,1786736921.0942347,-471.73664176741386,-182.51726290093427,734.8845099651326,13.688794717570165,-35.38024813255626,7.053764343128858e-20
1786736924.5842407,resting,fast,1786736921.0942347,-469.6600194614148,-182.77536332776117,721.2178734031831,13.708152249582117,-35.224501459606174,7.020954561760661e-20
1786736924.6151845,resting,fast,1786736921.0942347,-468.66007978540665,-181.11644217213882,714.5971059925314,13.583733162910608,-35.14950598390588,6.964264473514049e-20
1786736924.6412568,resting,fast,1786736921.0942347,-467.6382647675946,-181.8755542958437,722.2888740105018,13.640666572188298,-35.07286985756985,6.996663298608916e-20
1786736924.6694598,resting,fast,1786736921.0942347,-470.54699583839783,-183.5671310184838,722.3451897695868,13.76753482638652,-35.291024687880025,6.96862520677476e-20
1786736924.6980171,resting,fast,1786736921.0942347,-471.70792029396125,-184.81082228207663,731.1028344685647,13.860811671155869,-35.37809402204745,6.990079219788518e-20
1786736924.7262375,resting,fast,1786736921.0942347,-472.31976258845543,-185.88969805592194,724.2192016668432,13.941727354194388,-35.42398219413445,6.979927477373173e-20
1786736924.7545388,resting,fast,1786736921.0942347,-470.57033708583685,-181.36998290043346,727.20431255941,13.602748717532794,-35.29277528143799,6.987484844471724e-20
1786736924.783008,resting,fast,1786736921.0942347,-471.72240631386603,-181.0772508549096,733.3464541650956,13.580793814118525,-35.379180473540096,7.050419411663691e-20
1786736924.8131971,resting,fast,1786736921.0942347,-470.9914517496827,-179.41968667207868,727.0762032778985,13.456476500406072,-35.32435888122638,7.041788452894878e-20
1786736924.8400228,resting,fast,1786736921.0942347,-470.21296041730375,-179.30472275076716,738.937334728028,13.447854206307863,-35.26597203129816,7.083042538416934e-20
1786736924.8683023,resting,fast,1786736921.0942347,-469.6703580422054,-180.74588845242783,731.9031452699892,13.555941633932353,-35.22527685316554,6.977311383493973e-20
1786736924.896871,resting,fast,1786736921.0942347,-468.7829463492694,-180.562939301008,731.8392241226047,13.542220447575989,-35.158720976195504,6.912167376630718e-20
1786736924.925187,resting,fast,1786736921.0942347,-467.34164969165795,-180.4697270053407,717.7621757765537,13.535229525400819,-35.05062372687475,6.892680563756098e-20
1786736924.9536946,resting,fast,1786736921.0942347,-464.6046846293434,-179.5768641541025,714.1337658899165,13.468264811557848,-34.84535134720095,6.930826484965443e-20
1786736924.9819665,resting,fast,1786736921.0942347,-467.0461433697651,-178.1916779663892,720.0674765335953,13.364375847479412,-35.02846075273265,6.968831543729048e-20
1786736925.0123584,resting,fast,1786736921.0942347,-468.49331791138457,-179.80186195633428,728.3493196814225,13.485139646725354,-35.13699884335413,6.993108849258334e-20
1786736925.038611,resting,fast,1786736921.0942347,-472.7179967482166,-182.18896155286745,731.2952029297339,13.664172116465299,-35.45384975611652,6.966922669918394e-20
1786736925.067112,resting,fast,1786736921.0942347,-470.37390652031263,-184.97814932338395,726.920226753602,13.873361199253946,-35.27804298902368,6.944025043080442e-20
1786736925.0954795,resting,fast,1786736921.0942347,-472.27558067595055,-187.2384655488329,727.5317696897873,14.042884916162517,-35.42066855069622,6.907636152150578e-20
1786736925.1238644,resting,fast,1786736921.0942347,-469.6725401097833,-186.40750388374386,722.919505061368,13.980562791280871,-35.22544050823405,6.903825066003168e-20
1786736925.1524189,resting,fast,1786736921.0942347,-471.94516777898025,-185.85451825072653,726.3047152914069,13.939088868804607,-35.39588758342371,6.952523479733032e-20
1786736925.180797,resting,fast,1786736921.0942347,-471.312328401184,-184.58947411001498,725.0434424853238,13.84421055825145,-35.34842463008908,6.984177144195637e-20
1786736925.2106667,resting,fast,1786736921.0942347,-473.2762320960428,-181.74278270138052,730.1633901793639,13.630708702603773,-35.495717407203294,6.997184108337265e-20
1786736925.2376938,resting,fast,1786736921.0942347,-473.35321017672914,-178.92655986615443,741.630406737775,13.419491989961575,-35.5014907632548,6.938943923212356e-20
1786736925.2660103,resting,fast,1786736921.0942347,-472.4699315995872,-178.20316977833318,740.8199770986284,13.365237733375334,-35.435244869969395,6.966214084172126e-20
1786736925.2943745,resting,fast,1786736921.0942347,-472.7829993427131,-179.16396817965506,734.9731436225738,13.437297613474431,-35.458724950703804,6.907054013202276e-20
1786736925.322871,resting,fast,1786736921.0942347,-471.37279371429577,-181.0525020358931,722.5998707781919,13.578937652692321,-35.352959528572434,7.009297972912075e-20
1786736925.3511367,resting,fast,1786736921.0942347,-468.9682683834867,-179.35238230180846,714.1727603422441,13.451428672635789,-35.17262012876175,6.930121675063196e-20
1786736925.379917,resting,fast,1786736921.0942347,-467.55672034872214,-181.80868766749938,717.3200378437168,13.635651575062678,-35.06675402615431,6.993649996406013e-20
1786736925.4082534,resting,fast,1786736921.0942347,-465.4115490134882,-180.58099519067605,712.0307194856805,13.543574639300875,-34.9058661760118,6.914081755821983e-20
1786736925.4364314,resting,fast,1786736921.0942347,-471.0719438351366,-182.20200887039618,723.2576398285682,13.66515066527985,-35.33039578763548,6.944131608776766e-20
1786736925.464951,resting,fast,1786736921.0942347,-471.04743826785943,-180.67415480103205,717.4908293644403,13.550561610077633,-35.32855787008958,6.981280416811565e-20
1786736925.493336,resting,fast,1786736921.0942347,-473.6877701013391,-180.3040342063822,727.8055837489492,13.522802565478795,-35.52658275760062,7.020367062559285e-20
1786736925.5217812,resting,fast,1786736921.0942347,-470.8952193951436,-179.0322524701255,723.4234589524431,13.427418935259677,-35.31714145463595,7.017211145160087e-20
1786736925.5501046,resting,fast,1786736921.0942347,-469.2942688884873,-177.47654307696882,725.5928315796009,13.31074073077281,-35.19707016663671,6.976119867903203e-20
1786736925.578909,resting,fast,1786736921.0942347,-468.58633341426867,-177.41225794107834,715.7079295367812,13.30591934558105,-35.143975006070384,6.970869527232968e-20
1786736925.6068947,resting,fast,1786736921.0942347,-467.7564565636221,-178.16464733665043,722.3536989847944,13.3623485502489,-35.08173424227179,6.98396572422691e-20
1786736925.6354136,resting,fast,1786736921.0942347,-466.91041824162994,-177.32408969696576,724.2182795734543,13.29930672727264,-35.01828136812242,6.920238156180556e-20
1786736925.663887,resting,fast,1786736921.0942347,-467.2616517107058,-177.78590850531214,727.8618880476733,13.333943137898782,-35.04462387830298,6.889833351919105e-20
1786736925.692031,resting,fast,1786736921.0942347,-468.42573443867605,-176.35154111199574,727.0034186760986,13.226365583399978,-35.131930082900865,6.855584307009935e-20
1786736925.7205617,resting,fast,1786736921.0942347,-470.71372396538845,-180.02565600624382,728.1560444892648,13.501924200468462,-35.30352929740426,6.936164139236374e-20
1786736925.7488513,resting,fast,1786736921.0942347,-470.25609441725965,-182.3784728589626,725.5438857726085,13.678385464422458,-35.26920708129484,6.906575533823893e-20
1786736925.7773979,resting,fast,1786736921.0942347,-471.028344282151,-183.9495097552781,720.4560590536066,13.796213231646188,-35.32712582116157,6.945372223886842e-20
1786736925.8058224,resting,fast,1786736921.0942347,-471.3187796442917,-183.38648181523797,722.0608052168936,13.753986136143066,-35.348908473322,6.984993703105126e-20
1786736925.834285,resting,fast,1786736921.0942347,-473.2550779578755,-181.67339927733235,730.7317698759889,13.62550494580005,-35.49413084684086,7.06292323988442e-20
1786736925.8626146,resting,fast,1786736921.0942347,-473.53601183515457,-182.40335121295504,733.420160053648,13.68025134097179,-35.515200887636716,7.064031879530608e-20
1786736925.8910277,resting,fast,1786736921.0942347,-472.61341999748356,-181.64002528692777,730.6395893756071,13.623001896519892,-35.44600649981174,7.016722730013333e-20
1786736925.9197936,resting,fast,1786736921.0942347,-470.65002234128224,-182.4937513189593,725.4385992897687,13.687031348922172,-35.29875167559639,7.018617549666418e-20
1786736925.9479117,resting,fast,1786736921.0942347,-468.02727443222375,-181.82442005900884,720.7430950551143,13.636831504425903,-35.10204558241696,7.006586651425253e-20
1786736925.9761705,resting,fast,1786736921.0942347,-466.01254982809587,-183.4824305462297,714.45344323464,13.761182290967394,-34.95094123710735,6.943773773015335e-20
1786736926.0045364,resting,fast,1786736921.0942347,-469.1446989670949,-185.16046640216757,718.1967738213489,13.887034980162827,-35.18585242253246,6.959567505498167e-20
1786736926.0332189,resting,fast,1786736921.0942347,-470.51496002080967,-186.1137768240941,720.6932716453948,13.958533261807286,-35.28862200156098,6.934012631515501e-20
1786736926.0614958,resting,fast,1786736921.0942347,-473.1538314821423,-185.78574654914553,726.7767717955076,13.933930991186106,-35.48653736116077,7.009394923304948e-20
1786736926.089782,resting,fast,1786736921.0942347,-474.2786957769272,-185.3078776572247,722.7929096751086,13.898090824292023,-35.570902183269894,6.96144965901118e-20
1786736926.1183994,resting,fast,1786736921.0942347,-472.9644802061166,-182.61716606434663,720.0413395493697,13.69628745482633,-35.47233601545894,6.93317082398766e-20
1786736926.1470482,resting,fast,1786736921.0942347,-473.11414723393955,-181.07381770910968,722.9330112971011,13.58053632818353,-35.48356104254572,6.942993920198427e-20
1786736926.1750667,resting,fast,1786736921.0942347,-468.330250826014,-180.46242767422632,718.932537832352,13.534682075567108,-35.12476881195119,6.893243373344853e-20
1786736926.2045412,resting,fast,1786736921.0942347,-470.44718001655565,-184.09985022869262,728.0810135278753,13.807488767152126,-35.283538501242006,6.973173517741617e-20
1786736926.2318277,resting,fast,1786736921.0942347,-469.69428306397276,-183.5583247136285,722.911102758515,13.766874353522287,-35.22707122979799,6.878392640503471e-20
1786736926.2604747,resting,fast,1786736921.0942347,-472.5148093970706,-184.68654709795726,734.3841472543327,13.851491032347003,-35.43861070478052,6.957647918203256e-20
1786736926.2888036,resting,fast,1786736921.0942347,-470.62820790717115,-184.39929060825375,716.9786233255536,13.829946795619275,-35.29711559303818,6.874294357064337e-20
1786736926.3173175,resting,fast,1786736921.0942347,-472.85726773039687,-186.6990386117693,724.1525763924055,14.002427895882928,-35.46429507978007,6.969343143754157e-20
1786736926.345811,resting,fast,1786736921.0942347,-474.8357155434933,-189.06190446857192,719.792661838289,14.179642835143174,-35.61267866576206,6.995804535821496e-20
1786736926.3739781,resting,fast,1786736921.0942347,-477.9124853760013,-189.13146915273649,733.1335587041185,14.184860186455605,-35.84343640320033,7.102548641481365e-20
1786736926.4022303,resting,fast,1786736921.0942347,-474.98474591670174,-185.60273156072572,725.8113503995828,13.920204867054682,-35.62385594375272,7.087625272915837e-20
1786736926.4308314,resting,fast,1786736921.0942347,-471.3611697340384,-182.00317889801852,722.7185297639071,13.650238417351648,-35.3520877300532,7.047721026444552e-20
1786736926.4593737,resting,fast,1786736921.0942347,-469.47832092505405,-180.70833026442176,722.043250130504,13.553124769831836,-35.21087406937922,6.913108027172794e-20
1786736926.4877658,resting,fast,1786736921.0942347,-471.2130709184571,-183.59618906616845,720.8560697434741,13.769714179962921,-35.340980318884654,6.868337285336435e-20
1786736926.5158818,resting,fast,1786736921.0942347,-470.9964553458494,-178.6361795489007,715.2413709612729,13.397713466167705,-35.32473415093896,6.78005734336121e-20
1786736926.5442646,resting,fast,1786736921.0942347,-469.1122557843437,-177.1067065063918,709.7771923516211,13.283002987979476,-35.18341918382602,6.847094629801285e-20
1786736926.5726392,resting,fast,1786736921.0942347,-468.7974423682331,-175.45342292260136,718.581796918028,13.15900671919518,-35.15980817761789,6.922637622503552e-20
1786736926.6020744,resting,fast,1786736921.0942347,-470.7179234382497,-179.33471201202258,728.0731160800879,13.450103400901934,-35.30384425786902,7.02621098974659e-20
1786736926.629577,resting,fast,1786736921.0942347,-471.834245192108,-182.28344888687104,724.1780178105073,13.671258666515524,-35.38756838940827,7.066367271968931e-20
1786736926.6581438,resting,fast,1786736921.0942347,-475.1322924355718,-181.0914263677097,723.1600748687888,13.581856977578521,-35.63492193266826,7.017171366383521e-20
1786736926.6863484,resting,fast,1786736921.0942347,-473.784898424301,-180.82483084396688,714.6296310249554,13.561862313297805,-35.53386738182294,6.964137426052526e-20
1786736926.7146928,resting,fast,1786736921.0942347,-473.58880703081513,-178.27515747684708,715.4368200123427,13.370636810763774,-35.51916052731153,6.890101043272049e-20
1786736926.7431087,resting,fast,1786736921.0942347,-469.44374423859927,-178.22488245707564,715.96728126792,13.366866184280791,-35.208280817895094,6.932298741517307e-20
1786736926.7716508,resting,fast,1786736921.0942347,-469.26915110541177,-179.85103747987785,718.9678251298319,13.48882781099115,-35.19518633290616,6.970550687634067e-20
1786736926.7997527,resting,fast,1786736921.0942347,-469.2827332407187,-180.77092863813505,726.1464870963891,13.557819647860352,-35.1962049930541,6.992130929030053e-20
1786736926.828073,resting,fast,1786736921.0942347,-472.67857640193915,-181.85400940555314,724.448077155449,13.63905070541669,-35.45089323014561,6.930561197469152e-20
1786736926.8565903,resting,fast,1786736921.0942347,-470.78255768707686,-180.83264392897104,718.4748598686228,13.562448294673057,-35.30869182653095,6.895975060858354e-20
1786736926.8849356,resting,fast,1786736921.0942347,-471.150890283785,-180.84687692504178,716.7940381860781,13.563515769378451,-35.336316771284096,6.912153715495005e-20
1786736926.9133916,resting,fast,1786736921.0942347,-466.5231616213323,-180.8452957182949,711.7391506525246,13.56339717887241,-34.98923712160015,6.888110426490584e-20
1786736926.9417484,resting,fast,1786736921.0942347,-467.55351756655546,-179.1127223551855,719.0602968821813,13.43345417663912,-35.06651381749189,6.926010802711124e-20
1786736926.9701931,resting,fast,1786736921.0942347,-466.6843839875405,-178.05641047433403,716.0056499615957,13.354230785575258,-35.001328799065824,6.959445375603493e-20
1786736926.9985979,resting,fast,1786736921.0942347,-470.4503295988616,-182.27372482125338,722.9331493360432,13.670529361594188,-35.283774719914824,7.022829927769366e-20
1786736927.0270646,resting,fast,1786736921.0942347,-471.7609629213589,-186.14179812406417,727.1600386629443,13.960634859305035,-35.3820722191021,7.044700599243444e-20
1786736927.0554404,resting,fast,1786736921.0942347,-470.45692596818526,-185.4878076444603,729.3422226341327,13.911585573334687,-35.284269447614044,6.932326666148014e-20
1786736927.0837874,resting,fast,1786736921.0942347,-467.76122577793467,-180.93509891986935,722.2076692302935,13.570132418990337,-35.082091933345126,6.937147893426141e-20
1786736927.1121602,resting,fast,1786736921.0942347,-465.90276586153186,-179.45459608853457,713.8342616937862,13.45909470664039,-34.94270743961492,6.864580588071614e-20
1786736927.1408513,resting,fast,1786736921.0942347,-469.15508671809766,-180.9760533195871,714.9213353785981,13.573203998969344,-35.186631503857434,6.940014632791954e-20
1786736927.1693628,resting,fast,1786736921.0942347,-471.8638492406744,-184.11757178073424,720.0457309213716,13.808817883555367,-35.38978869305094,6.978679350472407e-20
1786736927.197506,resting,fast,1786736921.0942347,-473.66883898352626,-183.21638491031035,728.6901442283806,13.741228868273428,-35.525162923764604,7.035134017948847e-20
1786736927.2258332,resting,fast,1786736921.0942347,-473.9887611502859,-183.44805234971057,733.4797944688607,13.758603926228414,-35.54915708627155,7.035021779106418e-20
1786736927.2542784,resting,fast,1786736921.0942347,-472.27852981830074,-180.74222933496264,739.0292586023807,13.555667200122397,-35.42088973637284,7.031610462123649e-20
1786736927.2825005,resting,fast,1786736921.0942347,-472.2061998617078,-181.9431770627798,733.8273095333179,13.645738279708677,-35.41546498962839,6.979014783951068e-20
1786736927.3111746,resting,fast,1786736921.0942347,-469.8359517668773,-180.31258266896782,733.699273877196,13.52344370017288,-35.23769638251602,6.996439860518123e-20
1786736927.3398697,resting,fast,1786736921.0942347,-468.45941563204815,-183.04068324201194,721.3700852765369,13.728051243151203,-35.134456172403944,6.900354387027008e-20
1786736927.367826,resting,fast,1786736921.0942347,-470.0087644475775,-185.8196418706416,728.4279003033098,13.936473140298393,-35.25065733356856,6.956251271055139e-20
1786736927.3981705,resting,fast,1786736921.0942347,-471.17815843353856,-187.6421745055792,728.7004306641511,14.07316308791862,-35.33836188251565,6.994276798873567e-20
1786736927.4249182,resting,fast,1786736921.0942347,-471.903817582936,-187.53912329571642,733.530920851862,14.065434247178889,-35.392786318720376,7.05942717667114e-20
1786736927.4533036,resting,fast,1786736921.0942347,-471.0643325959254,-182.85350632412133,729.6011346901842,13.714012974309274,-35.32982494469461,6.986647640824468e-20
1786736927.4815392,resting,fast,1786736921.0942347,-470.41666480258573,-184.37362875385486,723.6903837265518,13.828022156539209,-35.281249860194265,7.004446353670796e-20
1786736927.5099247,resting,fast,1786736921.0942347,-469.5352836154798,-181.05741375901175,719.3464105272242,13.579306031926098,-35.21514627116111,6.89504325879853e-20
1786736927.538457,resting,fast,1786736921.0942347,-469.12891360455114,-180.48671132098343,724.2954533410657,13.536503349073943,-35.18466852034157,6.908812260108978e-20
1786736927.5666485,resting,fast,1786736921.0942347,-467.5305822919727,-177.77917232593904,721.4483555558099,13.333437924445835,-35.06479367189809,6.88398037254857e-20
1786736927.596293,resting,fast,1786736921.0942347,-469.85297603742356,-179.98533219901458,733.421493767959,13.498899914926323,-35.23897320280695,6.975049203044922e-20
1786736927.6236007,resting,fast,1786736921.0942347,-469.43190854715476,-180.74348495981974,732.3492407353315,13.555761371986694,-35.20739314103676,6.954868925535814e-20
1786736927.6523023,resting,fast,1786736921.0942347,-471.49357529362806,-184.02566707556923,730.3002353742168,13.801925030667856,-35.36201814702244,6.90269993190267e-20
1786736927.6804001,resting,fast,1786736921.0942347,-469.89063259121485,-181.90252616870737,719.1373751299552,13.642689462653241,-35.24179744434144,6.891513700926935e-20
1786736927.7087922,resting,fast,1786736921.0942347,-469.2578619340493,-183.2984051258088,704.6142453458597,13.747380384435811,-35.19433964505403,6.866121455537001e-20
1786736927.7372434,resting,fast,1786736921.0942347,-469.4859031253236,-180.2755942320423,716.3233840701187,13.520669567403313,-35.211442734399384,6.929428357855267e-20
1786736927.7657144,resting,fast,1786736921.0942347,-469.33958721077124,-181.71382388421443,720.5367144634592,13.628536791316275,-35.20046904080799,6.92459317405403e-20
1786736927.7942808,resting,fast,1786736921.0942347,-469.9591220906532,-181.85514222571896,726.2390299708695,13.639135666929054,-35.246934156799256,6.993413775089972e-20
1786736927.8224542,resting,fast,1786736921.0942347,-467.18248129458016,-181.30429149243298,718.7442033661782,13.597821861932768,-35.03868609709356,6.901216301591599e-20
1786736927.8507974,resting,fast,1786736921.0942347,-467.0190691243897,-179.93435957892757,716.5460566844822,13.495076968419863,-35.026430184329435,6.888507427075424e-20
1786736927.8791354,resting,fast,1786736921.0942347,-468.779774665305,-183.6988511592981,722.9251507589142,13.777413836947662,-35.15848309989795,6.909407133160155e-20
1786736927.9074726,resting,fast,1786736921.0942347,-472.961329824569,-188.4141879199708,722.8093910953557,14.131064093998052,-35.47209973684279,6.943080481541248e-20
1786736927.9362068,resting,fast,1786736921.0942347,-473.92590183180755,-189.4501703610182,732.6503144916223,14.208762777076682,-35.54444263738565,7.011030492481649e-20
1786736927.964483,resting,fast,1786736921.0942347,-471.0342941187273,-184.49328138915257,729.0100730246149,13.836996104186664,-35.32757205890473,7.011753210401529e-20
1786736927.992894,resting,fast,1786736921.0942347,-469.2655291915403,-182.01609876482792,725.727444698975,13.651207407362353,-35.194914689365646,7.061234958513529e-20
1786736928.0212042,resting,fast,1786736921.0942347,-470.09509592119275,-183.79202367408345,726.1504408678793,13.78440177555655,-35.25713219408968,7.061391364015242e-20
1786736928.0495567,resting,fast,1786736921.0942347,-471.6900643168847,-186.4273475671406,725.6619940001065,13.982051067535632,-35.37675482376648,7.131631234227384e-20
1786736928.07776,resting,fast,1786736921.0942347,-475.73025707195166,-185.61389046423892,739.9014172154093,13.921041784818154,-35.67976928039669,7.095261334651642e-20
1786736928.106045,resting,fast,1786736921.0942347,-474.0077055112688,-183.2393333877344,729.8429347758865,13.742950004080267,-35.55057791334531,7.027435348215405e-20
1786736928.1348298,resting,fast,1786736921.0942347,-473.4851732218135,-181.58370066316274,732.2293977139152,13.618777549737498,-35.511387991636305,6.988081251326372e-20
1786736928.1631536,resting,fast,1786736921.0942347,-470.24836112552975,-183.74480101572863,723.0902979424227,13.780860076179916,-35.268627084414994,7.042205146415703e-20
1786736928.191763,resting,fast,1786736921.0942347,-472.2614146634146,-184.33146558172325,724.9729651873085,13.824859918629404,-35.419606099756365,7.063081850032749e-20
1786736928.2197719,resting,fast,1786736921.0942347,-471.5365302454052,-183.02161834450646,729.8364338677557,13.726621375838238,-35.365239768405615,7.055733914051722e-20
1786736928.2481298,resting,fast,1786736921.0942347,-470.11666481908287,-182.2382016584504,726.795802708556,13.667865124383955,-35.258749861431454,6.99671452279821e-20
1786736928.2768812,resting,fast,1786736921.0942347,-469.1987310189129,-182.2009776937582,725.8576620329122,13.665073327032129,-35.18990482641869,6.977305222034378e-20
1786736928.3051398,resting,fast,1786736921.0942347,-469.5556833831306,-184.41353809385373,720.2288816656783,13.831015357039274,-35.21667625373498,6.94187170410552e-20
1786736928.3335245,resting,fast,1786736921.0942347,-468.455972538693,-185.37694570454778,715.4292535114437,13.90327092784143,-35.134197940402146,6.8503962176723e-20
1786736928.3623767,resting,fast,1786736921.0942347,-468.9404679059885,-188.91678227807847,710.8759664180225,14.168758670856011,-35.17053509294935,6.850102882342687e-20
1786736928.3904572,resting,fast,1786736921.0942347,-468.4323571509444,-185.80895500730242,708.402560631097,13.935671625547801,-35.132426786321176,6.833281607413821e-20
1786736928.4189532,resting,fast,1786736921.0942347,-468.9958422932582,-183.83141886807175,706.8895704335346,13.787356415105538,-35.17468817199466,6.864382343170928e-20
1786736928.4474719,resting,fast,1786736921.0942347,-468.86896141986654,-182.9509979304686,710.4240062691442,13.721324844785439,-35.16517210649034,6.883120502998986e-20
1786736928.475921,resting,fast,1786736921.0942347,-469.1383166027522,-185.53103650315495,713.7400753278416,13.914827737736832,-35.18537374520657,6.898919207227812e-20
1786736928.504065,resting,fast,1786736921.0942347,-470.213964082393,-184.4596824456404,729.3421355712899,13.834476183423146,-35.26604730617979,7.029861837349379e-20
1786736928.5323305,resting,fast,1786736921.0942347,-469.2069434137661,-181.4338357469518,732.2117332988391,13.607537681021437,-35.19052075603282,7.034795572453005e-20
1786736928.5608635,resting,fast,1786736921.0942347,-472.3176097256064,-179.8695655915402,734.5182737750065,13.490217419365838,-35.42382072942067,7.071236096550589e-20
1786736928.5891604,resting,fast,1786736921.0942347,-471.94518502713163,-179.58047889909835,725.665607063489,13.46853591743255,-35.39588887703521,6.953019888140953e-20
1786736928.6187627,resting,fast,1786736921.0942347,-472.96901493287305,-181.14835004484144,723.191197998739,13.586126253363435,-35.472676119965676,7.00153392074684e-20
1786736928.6459,resting,fast,1786736921.0942347,-473.4973404344514,-178.2422331477842,733.6301462732135,13.368167486084051,-35.51230053258405,7.038670337906511e-20
1786736928.6743653,resting,fast,1786736921.0942347,-472.4904403426799,-178.20054676815573,732.7611167829427,13.365041007611868,-35.43678302570108,7.034394888604376e-20
1786736928.70294,resting,fast,1786736921.0942347,-472.33496111883414,-176.58054245630854,732.7469323808245,13.243540684223465,-35.42512208391258,6.958855390214875e-20
1786736928.7314174,resting,fast,1786736921.0942347,-467.6687802950669,-179.8046143722264,717.5534469178765,13.485346077917303,-35.0751585221302,6.909416840673539e-20
1786736928.7597518,resting,fast,1786736921.0942347,-468.8415737806822,-179.23477234690847,718.9227646672553,13.44260792601828,-35.16311803355131,6.948995683890795e-20
1786736928.7878826,resting,fast,1786736921.0942347,-467.9627548051858,-180.63971418600124,722.2000347194971,13.547978563950341,-35.09720661038914,6.969571417891421e-20
1786736928.8175907,resting,fast,1786736921.0942347,-470.6339260047721,-182.92209110873466,727.6376552726679,13.719156833155363,-35.29754445035798,6.970394258605406e-20
1786736928.8447917,resting,fast,1786736921.0942347,-473.96294474411616,-188.38925021728926,733.0992808015608,14.129193766296968,-35.54722085580883,7.007378132498248e-20
1786736928.8732285,resting,fast,1786736921.0942347,-473.8622818006929,-187.93769933200554,729.8837352822084,14.095327449900726,-35.53967113505203,7.00695797824574e-20
1786736928.9016492,resting,fast,1786736921.0942347,-472.6909481679081,-184.9941781987843,720.8673794010783,13.87456336490914,-35.45182111259334,6.91304245815351e-20
1786736928.9299457,resting,fast,1786736921.0942347,-473.15253113391464,-181.02768726888212,732.0767544931678,13.577076545166289,-35.48643983504391,6.946655138594964e-20
1786736928.958362,resting,fast,1786736921.0942347,-475.2209941945971,-181.62590742896987,728.5479623530564,13.62194305717303,-35.64157456459509,6.954739521139204e-20
1786736928.9867797,resting,fast,1786736921.0942347,-471.0318236574353,-183.02172445816188,725.5288836616637,13.726629334362368,-35.32738677430772,6.932937941630566e-20
1786736929.0155606,resting,fast,1786736921.0942347,-468.55854103596766,-184.34201233680142,717.4183413804458,13.825650925260295,-35.141890577697765,6.921365301467806e-20
1786736929.0434437,resting,fast,1786736921.0942347,-470.65424224933486,-186.19689044047914,735.0607277441113,13.964766783036143,-35.2990681687002,6.94114897802169e-20
1786736929.0716681,resting,fast,1786736921.0942347,-474.69471841633003,-185.55808567837232,743.2738218299901,13.916856425878091,-35.6021038812251,6.980901226503096e-20
1786736929.1002324,resting,fast,1786736921.0942347,-473.36878494174607,-184.88244834112072,736.5834044367684,13.866183625584238,-35.50265887063121,6.90259986069869e-20
1786736929.1288486,resting,fast,1786736921.0942347,-470.0856272361784,-181.97418805179382,727.0334766225842,13.648064103884561,-35.256422042713574,6.893805227601338e-20
1786736929.157121,resting,fast,1786736921.0942347,-470.53023289184057,-182.12014412815438,723.1297239296628,13.659010809611676,-35.28976746688821,6.89951095313036e-20
1786736929.1858253,resting,fast,1786736921.0942347,-472.9441952254656,-180.06472231744658,723.9975366360841,13.504854173808742,-35.47081464191014,6.931455203451864e-20
1786736929.2138295,resting,fast,1786736921.0942347,-470.9473846338565,-180.6916083511062,709.1201847382054,13.551870626333216,-35.3210538475394,6.916962266741407e-20
1786736929.242541,resting,fast,1786736921.0942347,-471.086476380925,-181.45853719418767,711.2783727996311,13.609390289564406,-35.331485728569675,6.901582297084697e-20
1786736929.2709064,resting,fast,1786736921.0942347,-471.75700320098167,-181.75655621067494,714.9099189374119,13.631741715800867,-35.38177524007377,6.895164374653524e-20
1786736929.2991464,resting,fast,1786736921.0942347,-474.3011241607046,-180.8812927858354,731.4567614202797,13.566096958937866,-35.57258431205309,6.949402591285328e-20
1786736929.3275824,resting,fast,1786736921.0942347,-473.0838816848677,-179.66135613721463,732.773922944586,13.474601710291285,-35.48129112636536,7.01275833529185e-20
1786736929.3559551,resting,fast,1786736921.0942347,-472.0336276353728,-183.69471354322923,729.0934074304778,13.777103515742414,-35.40252207265329,7.053028974135688e-20
1786736929.384508,resting,fast,1786736921.0942347,-469.26974611612513,-186.39169630849756,715.7522844706209,13.979377223137487,-35.19523095870976,6.966079118378809e-20
1786736929.4130538,resting,fast,1786736921.0942347,-469.8314828042953,-187.82598914852485,718.1429739565747,14.086949186139567,-35.237361210322376,6.988933558832024e-20
1786736929.4409995,resting,fast,1786736921.0942347,-468.70161400395773,-185.28686014073094,720.7709592284127,13.896514510554848,-35.15262105029703,6.988465493793099e-20
1786736929.469516,resting,fast,1786736921.0942347,-468.4363883514161,-183.47908896053013,726.0637283678507,13.760931672040062,-35.13272912635633,7.010229399630426e-20
1786736929.4978604,resting,fast,1786736921.0942347,-469.39343349777164,-183.94308459284912,722.3066043638801,13.79573134446387,-35.20450751233299,7.032115227883737e-20
1786736929.5262268,resting,fast,1786736921.0942347,-470.0270929988492,-185.55552714775206,720.986044468812,13.916664536081736,-35.252031974913955,7.071272994029021e-20
1786736929.5551064,resting,fast,1786736921.0942347,-473.99749647033104,-186.03516407599602,724.954308248999,13.952637305699998,-35.54981223527501,7.084985707560137e-20
1786736929.5831187,resting,fast,1786736921.0942347,-474.2688547157295,-184.23100318583863,723.9753459464537,13.817325238938164,-35.57016410367997,7.065147188408592e-20
1786736929.6114936,resting,fast,1786736921.0942347,-473.0852752463875,-182.6837972021459,720.4054118045296,13.701284790161065,-35.48139564347939,6.989609508545065e-20
1786736929.6398842,resting,fast,1786736921.0942347,-468.05289593618954,-179.761255630268,717.0304308576642,13.482094172270276,-35.10396719521456,6.939530275520005e-20
1786736929.6684058,resting,fast,1786736921.0942347,-466.65784896712466,-178.96162422846146,720.5247989362169,13.422121817134904,-34.99933867253463,6.921514477365882e-20
1786736929.6966238,resting,fast,1786736921.0942347,-466.54176972940195,-176.53936346159378,720.6986669445632,13.240452259619854,-34.990632729705375,6.932002967536997e-20
1786736929.7250757,resting,fast,1786736921.0942347,-469.29949814096744,-176.4653309013505,726.975728900873,13.234899817601505,-35.19746236057282,6.971158294699881e-20
1786736929.753407,resting,fast,1786736921.0942347,-470.40409542201223,-179.17545384782034,721.8849812461385,13.438159038586786,-35.28030715665116,7.020260978602212e-20
1786736929.7817008,resting,fast,1786736921.0942347,-470.0955561889723,-180.70868541119512,724.8195267293913,13.553151405839923,-35.25716671417329,7.0489777111689e-20
1786736929.81017,resting,fast,1786736921.0942347,-471.9973229723041,-182.01799904293227,728.225944714477,13.651349928220139,-35.39979922292312,7.086165543832697e-20
1786736929.8386996,resting,fast,1786736921.0942347,-470.91153474252405,-180.43874268669174,729.1497209494364,13.532905701502113,-35.31836510568942,7.064017270768799e-20
1786736929.8670754,resting,fast,1786736921.0942347,-473.6539225614515,-185.88763262927466,730.4033919748454,13.941572447195856,-35.524044192109066,7.07811534615418e-20
1786736929.8954234,resting,fast,1786736921.0942347,-474.76941220141725,-186.04899219799017,730.3446305710258,13.953674414849463,-35.607705915106415,7.103457044118745e-20
1786736929.9242043,resting,fast,1786736921.0942347,-473.23548303176176,-186.86950759837612,732.9017110250215,14.015213069878396,-35.49266122738224,7.044695267669209e-20
1786736929.9522896,resting,fast,1786736921.0942347,-470.1727137358648,-182.32489162029344,725.1763631596559,13.674366871522405,-35.262953530190146,6.990382172361985e-20
1786736929.9806876,resting,fast,1786736921.0942347,-467.23665363963573,-186.07896782815214,714.7389180890705,13.955922587111605,-35.04274902297288,6.871343573507294e-20
1786736930.0093565,resting,fast,1786736921.0942347,-466.5389184549099,-180.88056985025776,705.3978355236386,13.566042738769521,-34.99041888411851,6.919507647661997e-20
1786736930.037571,resting,fast,1786736921.0942347,-466.2296110684474,-176.34920478695744,720.6601610400467,13.226190359021874,-34.96722083013383,6.952471253456764e-20
1786736930.0656507,resting,fast,1786736921.0942347,-469.05321188226617,-176.70949845082168,744.8141348578793,13.253212383811867,-35.17899089117027,7.120391808876294e-20
1786736930.0941746,resting,fast,1786736921.0942347,-469.5704611325027,-180.61189992251252,746.459720638949,13.545892494188646,-35.217784584937846,7.000153351956129e-20
1786736930.1226742,resting,fast,1786736921.0942347,-475.3889768705412,-188.71483742894122,735.8601236179802,14.153612807170806,-35.654173265290815,7.005005211095998e-20
1786736930.1508946,resting,fast,1786736921.0942347,-469.20650924436904,-186.5958300853364,694.4390429044252,13.994687256400429,-35.19048819332784,6.787809645942723e-20
1786736930.1798813,resting,fast,1786736921.0942347,-473.40815846931537,-184.795656102586,705.0336991104396,13.859674207694095,-35.50561188519887,6.845999066068483e-20
1786736930.2079475,resting,fast,1786736921.0942347,-469.08881154680466,-182.43661323828303,704.0126392629345,13.682745992871649,-35.18166086601055,6.795273403840713e-20
1786736930.2365148,resting,fast,1786736921.0942347,-471.7329438280058,-178.5050204300951,719.8894716340101,13.38787653225732,-35.37997078710062,6.9497608473417e-20
1786736930.2646923,resting,fast,1786736921.0942347,-474.8450251054969,-184.98722210510675,727.6530691866728,13.874041657883229,-35.613376882912384,7.066903337576375e-20
1786736930.292999,resting,fast,1786736921.0942347,-473.4000244204599,-183.43458012146323,727.8237223787046,13.757593509109856,-35.50500183153467,7.077304141073536e-20
1786736930.3216841,resting,fast,1786736921.0942347,-477.4713804751682,-184.53532110626054,739.6222062144516,13.8401490829696,-35.810353535638015,7.025610335535954e-20
1786736930.350096,resting,fast,1786736921.0942347,-471.9749896808062,-179.95539084516713,731.7285396431907,13.496654313387797,-35.398124226060546,6.998932507552148e-20
1786736930.3783824,resting,fast,1786736921.0942347,-471.1990435314069,-180.74512122309807,730.5831676420912,13.555884091732455,-35.33992826485563,6.963067020787876e-20
1786736930.4068127,resting,fast,1786736921.0942347,-465.69581576902374,-183.55159482106546,716.5573079156638,13.766369611580028,-34.92718618267705,6.886982007066361e-20
1786736930.434927,resting,fast,1786736921.0942347,-465.2427386228205,-182.88312710126286,712.4898944198549,13.716234532595006,-34.893205396711735,6.819672386877654e-20
1786736930.4636006,resting,fast,1786736921.0942347,-467.4488732578284,-186.26147075587653,717.1468784771978,13.969610306690829,-35.05866549433715,6.916964801044397e-20
1786736930.4921546,resting,fast,1786736921.0942347,-470.7296359809784,-183.12976595657312,725.5886198072249,13.734732446743198,-35.304722698573606,7.05118613893697e-20
1786736930.5201845,resting,fast,1786736921.0942347,-470.26203746891633,-183.8177248100327,726.291459873667,13.786329360752564,-35.26965281016901,7.017145748823774e-20
1786736930.548574,resting,fast,1786736921.0942347,-469.7195140429085,-181.0440599571765,724.6602877001515,13.57830449678848,-35.22896355321847,6.876354457472063e-20
1786736930.5776658,resting,fast,1786736921.0942347,-468.4437114049124,-180.3269517040111,722.6056560071302,13.524521377800927,-35.133278355368596,6.831413448456364e-20
1786736930.6058202,resting,fast,1786736921.0942347,-469.2648756000599,-181.2118165452523,716.7793109385902,13.590886240894203,-35.194865670004816,6.81932166562095e-20
1786736930.6339846,resting,fast,1786736921.0942347,-469.00228447265636,-183.1381762358044,704.1074470479662,13.735363217685471,-35.17517133544924,6.868354949621e-20
1786736930.6621442,resting,fast,1786736921.0942347,-471.2246746268943,-183.62218699509594,714.5323227102899,13.771664024632326,-35.341850597017256,6.848394492822099e-20
1786736930.6908317,resting,fast,1786736921.0942347,-469.3530379620065,-181.25436968358497,713.4665058629016,13.59407772626911,-35.20147784715062,6.870805185983822e-20
1786736930.7192051,resting,fast,1786736921.0942347,-470.097391890768,-177.1405149725142,729.8721266555285,13.28553862293862,-35.25730439180786,6.94229874660362e-20
1786736930.7475588,resting,fast,1786736921.0942347,-472.222683063208,-181.01567472893794,724.1625237621365,13.576175604670684,-35.416701229740845,6.932618357076955e-20
1786736930.7759898,resting,fast,1786736921.0942347,-472.4360166077213,-178.93325163727206,720.0177595302539,13.419993872795548,-35.43270124557931,6.879497688145781e-20
1786736930.8044186,resting,fast,1786736921.0942347,-473.5174890713688,-178.58712718483855,725.5456019865524,13.394034538863142,-35.513811680352894,6.887693920053506e-20
1786736930.8328075,resting,fast,1786736921.0942347,-470.04684547288025,-174.2079854396419,722.9860884306026,13.065598907973477,-35.253513410466034,6.905116684649659e-20
1786736930.861112,resting,fast,1786736921.0942347,-473.26521123671455,-177.23943303763474,737.8510500081111,13.292957477822728,-35.494890842753854,7.02549552852558e-20
1786736930.8895695,resting,fast,1786736921.0942347,-473.81650210785483,-178.89982819997317,733.0878838969429,13.417487114998057,-35.53623765808942,7.029536774212816e-20
1786736930.917957,resting,fast,1786736921.0942347,-474.22188631268546,-186.0805648495068,733.4777409003455,13.956042363713298,-35.56664147345162,7.001827069007536e-20
1786736930.9466114,resting,fast,1786736921.0942347,-470.9575540778055,-187.85518641701424,730.7479431322499,14.089138981276246,-35.32181655583557,6.882340252154586e-20
1786736930.9747226,resting,fast,1786736921.0942347,-468.1379702277295,-187.2853016541245,719.0911907379004,14.046397624059725,-35.11034776707975,6.84707322913252e-20
1786736931.0032248,resting,fast,1786736921.0942347,-467.57510559647017,-185.67452684378657,708.9628069731398,13.92558951328419,-35.06813291973558,6.895228666878361e-20
1786736931.0314999,resting,fast,1786736921.0942347,-470.7711062098724,-183.64495334149422,704.1999461836085,13.773371500612317,-35.30783296574075,6.99702307045389e-20
1786736931.0599532,resting,fast,1786736921.0942347,-475.38548864513496,-181.33096863638127,725.7746432034355,13.599822647728796,-35.65391164838545,6.994288201785999e-20
1786736931.0883522,resting,fast,1786736921.0942347,-477.6201897553142,-177.321549059703,735.9017752825675,13.299116179478002,-35.821514231648926,6.9952610072716e-20
1786736931.116804,resting,fast,1786736921.0942347,-477.45640192015253,-179.64336108788905,742.9664356825215,13.473252081591856,-35.809230144011615,7.030370403088529e-20
1786736931.1449852,resting,fast,1786736921.0942347,-471.85317348419176,-182.0120734591327,720.2987019003731,13.650905509435201,-35.38898801131465,6.969331646479613e-20
1786736931.1735868,resting,fast,1786736921.0942347,-468.64388649227885,-181.30407722024506,714.6354003802062,13.5978057915186,-35.148291486921174,6.934003022442001e-20
1786736931.2018814,resting,fast,1786736921.0942347,-467.3432403779543,-179.35430292004423,716.8333551287815,13.451572719003568,-35.0507430283468,6.88823605112327e-20
1786736931.2300596,resting,fast,1786736921.0942347,-471.6888554433922,-178.93420188011294,723.9212423710751,13.420065141008802,-35.37666415825461,6.943815061680436e-20
1786736931.2589839,resting,fast,1786736921.0942347,-469.06659121321445,-180.26536178061247,715.8887661973758,13.519902133546122,-35.1799943409911,6.921143588890162e-20
1786736931.2870474,resting,fast,1786736921.0942347,-471.554681217558,-180.93245942782153,715.358362223672,13.569934457086827,-35.36660109131686,6.971612430859647e-20
1786736931.3152847,resting,fast,1786736921.0942347,-467.7021034034219,-182.5408923470742,711.592090050216,13.690566926030787,-35.07765775525676,6.897902720249795e-20
1786736931.3437881,resting,fast,1786736921.0942347,-466.6590412079331,-179.86417226611115,713.4138423314816,13.489812919958698,-34.99942809059513,6.874886722239441e-20
1786736931.3721666,resting,fast,1786736921.0942347,-463.75965671340464,-180.53932344414045,706.1447635261648,13.540449258310712,-34.781974253505524,6.803033488859113e-20
1786736931.4003603,resting,fast,1786736921.0942347,-465.4377840812813,-180.5553683987681,710.6279782837337,13.541652629907883,-34.90783380609624,6.874826991085773e-20
1786736931.4287713,resting,fast,1786736921.0942347,-469.7799914065945,-183.48953670066965,719.420288704282,13.761715252550392,-35.23349935549483,6.933457148938853e-20
1786736931.4575593,resting,fast,1786736921.0942347,-469.94631216810603,-179.57584639615084,732.155138144265,13.468188479711468,-35.245973412608095,6.957326909154157e-20
1786736931.4858074,resting,fast,1786736921.0942347,-471.409270945745,-177.1680625257128,740.9685199419309,13.287604689428722,-35.355695320931254,6.995969857415019e-20
1786736931.5140336,resting,fast,1786736921.0942347,-472.9074245390875,-178.64592847096424,743.9760522102561,13.398444635322544,-35.468056840431714,7.02417045563703e-20
1786736931.5428445,resting,fast,1786736921.0942347,-474.1228687768794,-182.28629042726322,734.3987823332773,13.67147178204505,-35.55921515826597,6.969509141190414e-20
1786736931.5709581,resting,fast,1786736921.0942347,-468.3374612112216,-185.4774033594682,707.6402619380351,13.910805251960216,-35.12530959084181,6.826986792842746e-20
1786736931.5996473,resting,fast,1786736921.0942347,-467.59601528543135,-183.99918160927245,701.1261622737293,13.799938620695787,-35.06970114640763,6.855950987526491e-20
1786736931.6279297,resting,fast,1786736921.0942347,-466.83059510637213,-183.20954850672354,710.5633687774662,13.740716138004597,-35.01229463297812,6.929086182892893e-20
1786736931.6564364,resting,fast,1786736921.0942347,-471.06337416643373,-179.5502709206329,736.6532124432351,13.466270319047748,-35.32975306248274,7.103003515504326e-20
1786736931.684733,resting,fast,1786736921.0942347,-471.6436110258014,-181.66812276028008,758.9309156670452,13.625109207021271,-35.373270826935205,7.167276064199562e-20
1786736931.7130423,resting,fast,1786736921.0942347,-475.100471897837,-182.37971570521825,751.8495053330307,13.67847867789158,-35.63253539233791,7.112410682941924e-20
1786736931.7415233,resting,fast,1786736921.0942347,-476.5045631638991,-184.99627136410322,740.2943245291717,13.87472035230812,-35.73784223729269,7.105140260528094e-20
1786736931.7697704,resting,fast,1786736921.0942347,-473.2439288279693,-180.60364756681076,717.8615394941771,13.545273567511021,-35.493294662097874,6.922172967007799e-20
1786736931.7982533,resting,fast,1786736921.0942347,-468.2344976525501,-179.1303045233882,721.1877215204522,13.434772839254382,-35.11758732394141,6.92182227176026e-20
1786736931.8265443,resting,fast,1786736921.0942347,-464.420471812562,-178.15780962838664,717.8462261000514,13.361835722129218,-34.83153538594243,6.840318265199863e-20
1786736931.8550653,resting,fast,1786736921.0942347,-465.11310334825475,-179.82914178556723,720.6968497664857,13.487185633917935,-34.883482751119416,6.970103469990197e-20
1786736931.8834004,resting,fast,1786736921.0942347,-463.89426513191756,-179.6857081025272,714.3908820538136,13.476428107689632,-34.792069884894104,6.979587717690847e-20
1786736931.9118245,resting,fast,1786736921.0942347,-464.5271232058858,-178.62007428088089,713.1318102101704,13.396505571066204,-34.83953424044173,6.926077955817216e-20
1786736931.9403784,resting,fast,1786736921.0942347,-466.0261139010372,-179.3431284631855,713.7826329160234,13.450734634739053,-34.9519585425779,6.873975847844351e-20
1786736931.9688363,resting,fast,1786736921.0942347,-469.2905054732255,-181.02096777073245,715.3869957410034,13.576572582805053,-35.196787910492354,6.899240532024102e-20
1786736931.9967418,resting,fast,1786736921.0942347,-471.7287493674503,-181.01912855689227,725.6046005802955,13.576434641766955,-35.37965620255876,6.970847646949493e-20
1786736932.0262985,resting,fast,1786736921.0942347,-471.4750524320557,-180.80469506027555,737.4990496282635,13.56035212952106,-35.360628932404424,6.9778857229346e-20
1786736932.0538332,resting,fast,1786736921.0942347,-472.26119180543174,-179.87317914904872,735.5977433217586,13.49048843617896,-35.41958938540766,7.04167434146775e-20
1786736932.0824618,resting,fast,1786736921.0942347,-473.38075042751734,-182.80113372694802,743.0020428533144,13.710085029521341,-35.50355628206386,7.088401055814715e-20
1786736932.1106386,resting,fast,1786736921.0942347,-472.87412871226434,-182.5491978501003,731.0869247395922,13.691189838757627,-35.46555965342003,7.060293012145254e-20
1786736932.1388917,resting,fast,1786736921.0942347,-469.38101375153065,-182.46138028642065,720.5724916322151,13.684603521481709,-35.203576031364996,6.974448012525158e-20
1786736932.1674361,resting,fast,1786736921.0942347,-465.4904852523323,-180.73489609442743,702.2640100099907,13.555117207082173,-34.9117863939252,6.881494704478025e-20
1786736932.195883,resting,fast,1786736921.0942347,-468.67797894081923,-182.07350491778845,710.2173484804616,13.65551286883441,-35.15084842056167,6.935612072749836e-20
1786736932.2257204,resting,fast,1786736921.0942347,-470.5373847932801,-182.56675479512398,719.0177082108139,13.692506609634567,-35.29030385949632,6.931177630033449e-20
1786736932.2527142,resting,fast,1786736921.0942347,-473.5179847607933,-179.9568636306343,728.4899601945181,13.496764772297855,-35.51384885705991,6.954464627749595e-20
1786736932.281193,resting,fast,1786736921.0942347,-473.445611899072,-178.4310735792127,732.0032947776663,13.38233051844114,-35.508420892430614,6.926281563886901e-20
1786736932.309635,resting,fast,1786736921.0942347,-473.5802172460217,-177.61690664901857,735.5275464485267,13.321267998676714,-35.51851629345174,6.935699425850932e-20
1786736932.3380325,resting,fast,1786736921.0942347,-471.5829576731089,-182.3143609905162,730.7004669391708,13.67357707428894,-35.36872182548343,6.945294335953675e-20
1786736932.366427,resting,fast,1786736921.0942347,-468.8168388097042,-185.69609792148833,716.8071265736953,13.927207344111796,-35.16126291072814,6.892832966814823e-20
1786736932.3945773,resting,fast,1786736921.0942347,-466.7556270747132,-187.2083490202126,711.4293117141042,14.040626176516096,-35.00667203060366,6.880332079166449e-20
1786736932.424775,resting,fast,1786736921.0942347,-468.9829474040648,-185.46209082663495,723.5992246608293,13.909656811997959,-35.17372105530515,6.949145083735812e-20
1786736932.4515538,resting,fast,1786736921.0942347,-467.3920714589067,-183.1669567318669,722.343017223463,13.737521754890256,-35.054405359418176,6.984890255975054e-20
1786736932.4802127,resting,fast,1786736921.0942347,-470.1045992361778,-182.6713658956503,728.3007318313075,13.700352442174012,-35.25784494271353,7.048453108530489e-20
1786736932.5083907,resting,fast,1786736921.0942347,-467.44502877689683,-181.44060013279886,717.0487605513717,13.608045009960119,-35.0583771582674,6.953047322386583e-20
1786736932.536997,resting,fast,1786736921.0942347,-470.08717772239333,-182.85358650558248,722.139597286714,13.71401898791888,-35.25653832917976,6.943283635181822e-20
1786736932.5652854,resting,fast,1786736921.0942347,-470.88074323379806,-186.70467104120212,722.1383072361405,14.002850328090386,-35.31605574253514,6.93655708232027e-20
1786736932.5938144,resting,fast,1786736921.0942347,-473.55036195323964,-188.55071168022948,733.4451278823753,14.14130337601743,-35.51627714649322,7.015573865750431e-20
1786736932.6237125,resting,fast,1786736921.0942347,-473.18937436101805,-187.45957580571132,732.9911798190051,14.05946818542844,-35.48920307707644,7.022093622209262e-20
1786736932.650509,resting,fast,1786736921.0942347,-472.3805678559015,-181.85353421868388,728.935540485536,13.639015066401488,-35.428542589192816,7.021317457101912e-20
1786736932.6789105,resting,fast,1786736921.0942347,-472.52822660778793,-177.19177902322622,726.6780212647982,13.289383426742237,-35.439616995584444,7.009407640153387e-20
1786736932.707191,resting,fast,1786736921.0942347,-471.24513102029823,-174.616172065755,731.4144724182106,13.096212904931878,-35.343384826522595,6.963047642179894e-20
1786736932.735775,resting,fast,1786736921.0942347,-471.22153539801866,-177.46244353436327,731.2512511597661,13.309683265077428,-35.34161515485169,6.929833523450343e-20
1786736932.7642012,resting,fast,1786736921.0942347,-470.29868331965736,-181.6008416796459,727.7623665239807,13.620063125973711,-35.272401248974425,6.931943652112871e-20
1786736932.7921824,resting,fast,1786736921.0942347,-469.27003302547337,-180.51533650104443,715.069028995008,13.538650237578612,-35.19525247691092,6.939715425791993e-20
1786736932.8224955,resting,fast,1786736921.0942347,-470.8841751660584,-183.33643153673086,724.980926044077,13.750232365254956,-35.316313137454465,7.015346126931318e-20
1786736932.8491302,resting,fast,1786736921.0942347,-471.13270353431835,-184.1243113511241,724.8619579478545,13.809323351334466,-35.3349527650741,7.007370609574431e-20
1786736932.8777838,resting,fast,1786736921.0942347,-474.83980019577666,-188.6295815793527,735.2007341511571,14.147218618451664,-35.612985014683325,7.05862183477201e-20
1786736932.9058971,resting,fast,1786736921.0942347,-470.40220972922316,-182.4624471667472,723.6590047479522,13.6846835375062,-35.28016572969186,6.960308413962612e-20
1786736932.934575,resting,fast,1786736921.0942347,-470.8142559362241,-178.3933732635786,722.7455687066731,13.379502994768632,-35.31106919521706,6.910231870793869e-20
1786736932.9628773,resting,fast,1786736921.0942347,-469.4919507845648,-175.80694797115325,722.4253692501734,13.185521097836759,-35.21189630884249,6.917314835724774e-20
1786736932.9914067,resting,fast,1786736921.0942347,-472.79690418521386,-177.99010447586545,722.4240656180727,13.349257835690228,-35.459767813891226,6.99126411054611e-20
1786736933.019845,resting,fast,1786736921.0942347,-473.83364581911474,-182.9480613669374,727.766324224036,13.721104602520565,-35.537523436433744,7.109829211761695e-20
1786736933.047925,resting,fast,1786736921.0942347,-474.3806433460054,-182.5435358237737,742.9042569152462,13.690765186783313,-35.578548250950455,7.193710467654776e-20
1786736933.076582,resting,fast,1786736921.0942347,-475.34639617538096,-184.4276451707459,751.1809405454287,13.832073387806243,-35.650979713153774,7.175029507506415e-20
1786736933.104848,resting,fast,1786736921.0942347,-474.0004736114438,-182.28402264043655,755.0846896490702,13.671301698032973,-35.550035520858565,7.1430253779688e-20
1786736933.1331153,resting,fast,1786736921.0942347,-472.28140724438936,-183.45706551405237,734.9339326836744,13.759279913554078,-35.42110554332915,7.033883278244804e-20
1786736933.1616414,resting,fast,1786736921.0942347,-470.00569961191013,-181.43637148925325,728.2370540427128,13.607727861693977,-35.25042747089344,7.004575403658817e-20
1786736933.1899397,resting,fast,1786736921.0942347,-469.74906860991587,-182.26788872966029,715.0119081909452,13.670091654724711,-35.23118014574389,6.937130149803606e-20
1786736933.2185328,resting,fast,1786736921.0942347,-472.21952361797094,-183.72009704355617,727.8954792403429,13.779007278266914,-35.41646427134802,6.98390202945576e-20
1786736933.24672,resting,fast,1786736921.0942347,-472.1108396650793,-183.001354594821,736.3940882840434,13.725101594611633,-35.408312974881014,6.946675625823208e-20
1786736933.275379,resting,fast,1786736921.0942347,-476.5060871637479,-182.85544978105725,747.9428832070626,13.714158733579477,-35.7379565372813,7.032047331608667e-20
1786736933.3036363,resting,fast,1786736921.0942347,-474.59822698079415,-181.5176118970852,741.3941781390686,13.613820892281627,-35.59486702355976,7.055005446858753e-20
1786736933.3319268,resting,fast,1786736921.0942347,-477.168156258464,-185.7373584209172,734.6676267303828,13.930301881569083,-35.78761171938516,7.154999502618839e-20
1786736933.3602624,resting,fast,1786736921.0942347,-477.34025092878073,-187.25918686568957,728.823956215907,14.044439014926983,-35.800518819658656,7.158152259179953e-20
1786736933.3886867,resting,fast,1786736921.0942347,-477.88892717822773,-187.90930893045504,723.1817733726848,14.093198169784404,-35.8416695383674,7.008480841231675e-20
1786736933.417065,resting,fast,1786736921.0942347,-477.39593322361634,-186.02088471823072,727.0792160719329,13.951566353867431,-35.8046949917716,6.930640157955863e-20
1786736933.445577,resting,fast,1786736921.0942347,-472.5151224497622,-183.37265058936885,729.3109765128575,13.752948794202776,-35.43863418373228,6.877811848355244e-20
1786736933.4738674,resting,fast,1786736921.0942347,-472.50931259771687,-184.72756553989018,730.3605879547904,13.854567415491946,-35.438198444828956,6.982494328623779e-20
1786736933.5021775,resting,fast,1786736921.0942347,-472.1124286090012,-184.61532819069532,730.4961462200235,13.846149614302465,-35.408432145675036,7.00713395131627e-20
1786736933.5306382,resting,fast,1786736921.0942347,-465.051570505359,-183.729946052826,711.9905605437089,13.779745953961953,-34.878867787902145,6.889268929110193e-20
1786736933.5591867,resting,fast,1786736921.0942347,-465.4473404109299,-181.48911506940397,714.5630707580985,13.61168363020538,-34.908550530819845,6.907378757567465e-20
1786736933.5881243,resting,fast,1786736921.0942347,-467.14072398962753,-182.79880001479728,719.3844422670145,13.709910001109936,-35.03555429922225,6.961033594440624e-20
1786736933.6173048,resting,fast,1786736921.0942347,-473.11076929645924,-184.60827585450318,726.82130032644,13.845620689087792,-35.48330769723474,7.035987346237689e-20
1786736933.6444068,resting,fast,1786736921.0942347,-470.23922655743854,-182.4981505786834,720.5891239956754,13.687361293401455,-35.267941991808115,6.970752893862294e-20
1786736933.6728086,resting,fast,1786736921.0942347,-468.48375932802264,-184.41522073553335,716.589018516268,13.83114155516532,-35.1362819496019,6.925314948115193e-20
1786736933.7014024,resting,fast,1786736921.0942347,-468.421301371131,-183.7199252068075,721.0813443750458,13.778994390510764,-35.1315976028351,6.925284796794724e-20
1786736933.7296214,resting,fast,1786736921.0942347,-470.91008525293273,-183.22529694652246,716.9431987737844,13.74189727098928,-35.31825639397008,6.859620844998109e-20
1786736933.7580187,resting,fast,1786736921.0942347,-472.86891472745265,-178.87293878524918,712.7498967411184,13.415470408894056,-35.46516860455923,6.872492560901956e-20
1786736933.7864087,resting,fast,1786736921.0942347,-473.7799608342989,-182.1975201082862,718.9577281624724,13.664814008121777,-35.53349706257253,6.920051067580411e-20
1786736933.815958,resting,fast,1786736921.0942347,-473.29216532023656,-185.78370781403635,728.3872198573272,13.933778086053014,-35.4969123990181,6.94602889682848e-20
1786736933.8433387,resting,fast,1786736921.0942347,-473.3088753802049,-184.76677484001482,736.81068356992,13.857508113001376,-35.49816565351561,6.917040650940576e-20
1786736933.871929,resting,fast,1786736921.0942347,-469.1094446469301,-181.80285146225026,720.7197908072076,13.63521385966897,-35.18320834851992,6.81110260559422e-20
1786736933.8998725,resting,fast,1786736921.0942347,-470.44339836668405,-179.73830635190484,722.8547694483323,13.480372976393031,-35.28325487750164,6.867150711066963e-20
1786736933.928504,resting,fast,1786736921.0942347,-466.47554432227025,-178.65523441275423,715.285026445009,13.399142580956873,-34.98566582417053,6.844586589588312e-20
1786736933.9566715,resting,fast,1786736921.0942347,-469.5345238066384,-178.26777331411404,723.6991167114084,13.370082998558704,-35.215089285497946,6.899786717995632e-20
1786736933.9852207,resting,fast,1786736921.0942347,-468.2356019873323,-178.6938439836648,722.8035913800422,13.402038298775043,-35.11767014904995,6.91281540191383e-20
1786736934.0132987,resting,fast,1786736921.0942347,-468.8439728053504,-179.95235471758372,728.8288505134951,13.496426603819021,-35.163297960401536,6.898131063427468e-20
1786736934.0416992,resting,fast,1786736921.0942347,-468.41923141377265,-178.60114334397406,724.3530962007117,13.395085750798362,-35.131442356033055,6.94591863363872e-20
1786736934.0700638,resting,fast,1786736921.0942347,-471.0919248577484,-178.82327814986593,733.6350428745563,13.411745861240089,-35.33189436433132,7.019981319940687e-20
1786736934.098595,resting,fast,1786736921.0942347,-471.7851876220693,-179.5488860003294,727.8757359314423,13.466166450024996,-35.38388907165537,7.059704617138269e-20
1786736934.1268735,resting,fast,1786736921.0942347,-471.667192878514,-178.6353419874132,732.8093521977935,13.397650649056185,-35.375039465888854,6.948345097315819e-20
1786736934.155354,resting,fast,1786736921.0942347,-471.5221518997455,-180.92648559726445,723.0211707832323,13.569486419795052,-35.36416139248089,6.945282619550741e-20
1786736934.1836753,resting,fast,1786736921.0942347,-471.04650975532513,-180.85252963792902,721.0688313915189,13.56393972284484,-35.328488231649715,6.990270053366074e-20
1786736934.2121103,resting,fast,1786736921.0942347,-472.0484763102122,-183.45216064565886,723.25411104666,13.758912048424587,-35.40363572326602,7.069906763716286e-20
1786736934.2406175,resting,fast,1786736921.0942347,-471.38412023635783,-181.51668929441814,729.3425246406769,13.613751697081621,-35.35380901772695,7.036853992692379e-20
1786736934.2691722,resting,fast,1786736921.0942347,-469.71569258165164,-182.89691400325125,722.9510634582693,13.717268550244238,-35.228676943623995,6.951547292582885e-20
1786736934.2973824,resting,fast,1786736921.0942347,-472.9455489855668,-183.06769035668708,727.6767942416745,13.730076776751634,-35.47091617391777,6.966582204963334e-20
1786736934.3255816,resting,fast,1786736921.0942347,-472.4019711676492,-185.04452468834268,722.6858471025471,13.878339351625879,-35.430147837573905,6.974772540099988e-20
1786736934.353949,resting,fast,1786736921.0942347,-473.90032810443745,-181.85176698553346,735.8716327830998,13.638882523915239,-35.54252460783301,6.969235600251992e-20
1786736934.3823266,resting,fast,1786736921.0942347,-470.1846878622623,-180.34819865850977,729.0417705352238,13.526114899388514,-35.26385158966968,6.933210600992563e-20
1786736934.412949,resting,fast,1786736921.0942347,-468.4799264386302,-177.76459263500612,724.017688935176,13.332344447625648,-35.13599448289741,6.882460522328521e-20
1786736934.4392846,resting,fast,1786736921.0942347,-473.7724864609636,-181.73603206349742,732.594405921317,13.63020240476241,-35.53293648457245,7.05627727088243e-20
1786736934.4674742,resting,fast,1786736921.0942347,-474.0900372160586,-185.3342433222972,730.8822706196506,13.900068249172353,-35.55675279120471,7.033602987607095e-20
1786736934.4958754,resting,fast,1786736921.0942347,-474.73772337519813,-186.13559083973917,736.3412240223106,13.960169312980529,-35.60532925314001,7.041890400171098e-20
1786736934.5244112,resting,fast,1786736921.0942347,-468.50316581211837,-182.62909789662024,719.6686648380228,13.697182342246823,-35.13773743590911,6.926661517700734e-20
1786736934.5527005,resting,fast,1786736921.0942347,-469.7773292833649,-180.1121853073007,722.3160786940334,13.508413898047746,-35.23329969625248,6.974630229792685e-20
1786736934.5812342,resting,fast,1786736921.0942347,-467.4116375734784,-179.2998650179735,716.1298997519762,13.447489876348389,-35.05587281801116,6.901373198209367e-20
1786736934.609566,resting,fast,1786736921.0942347,-469.2877107561558,-182.87455308795631,716.4206968154776,13.71559148159685,-35.19657830671192,6.867158892833811e-20
1786736934.6378586,resting,fast,1786736921.0942347,-469.59650358461795,-182.4638430531894,725.4729553803609,13.684788228989394,-35.219737768846706,6.884775245885418e-20
1786736934.6661558,resting,fast,1786736921.0942347,-471.6197638712115,-186.21792258311143,726.9416937109345,13.966344193733516,-35.37148229034122,6.971742571612172e-20
1786736934.6945689,resting,fast,1786736921.0942347,-470.67422760113686,-185.71704884556686,732.4472458560167,13.928778663417699,-35.30056707008543,7.018621232199181e-20
1786736934.7230268,resting,fast,1786736921.0942347,-471.0900748618369,-183.88705204735368,728.8497199261665,13.791528903551619,-35.33175561463793,7.006779686762544e-20
1786736934.7513607,resting,fast,1786736921.0942347,-470.3371707374008,-180.7467740768501,728.2175514147502,13.556008055764028,-35.27528780530509,7.015573809074088e-20
1786736934.7799902,resting,fast,1786736921.0942347,-471.0612478165408,-176.58109013520652,726.418861853922,13.243581760140838,-35.32959358624066,6.940552756988322e-20
1786736934.808166,resting,fast,1786736921.0942347,-470.3871378676736,-178.92684659274607,724.3818419791978,13.419513494456144,-35.279035340075815,6.967776223184684e-20
1786736934.8366299,resting,fast,1786736921.0942347,-468.78946344400265,-178.71444177841943,725.0539605091208,13.403583133381648,-35.15920975830031,6.894366418921805e-20
1786736934.8648818,resting,fast,1786736921.0942347,-468.22746379263117,-181.22085804325127,724.6903442244811,13.591564353244063,-35.11705978444754,6.93046758369496e-20
1786736934.8932254,resting,fast,1786736921.0942347,-468.098232116879,-181.69183796025732,725.5987190715923,13.626887847019606,-35.10736740876613,6.897890582816599e-20
1786736934.9215972,resting,fast,1786736921.0942347,-470.5795999071411,-180.8509572817701,723.9395041658927,13.563821796132938,-35.29346999303567,6.936097313916808e-20
1786736934.9499977,resting,fast,1786736921.0942347,-469.75303281894094,-180.21546525408678,720.6102573899107,13.516159894056795,-35.23147746142075,6.93069409531811e-20
1786736934.978737,resting,fast,1786736921.0942347,-469.15944151120993,-179.61158178866356,712.1183208939301,13.470868634150019,-35.18695811334096,6.919659585719044e-20
1786736935.0070279,resting,fast,1786736921.0942347,-469.52923081593326,-182.70279373109918,717.6097313365144,13.70270952983265,-35.2146923111952,6.919162562119612e-20
1786736935.0353193,resting,fast,1786736921.0942347,-468.9669819300402,-183.06884876056824,716.4440143059792,13.730163657042983,-35.17252364475312,6.869915863697037e-20
1786736935.064169,resting,fast,1786736921.0942347,-467.72263501591624,-182.63670659991442,721.3449528799256,13.697752994993689,-35.07919762619398,6.858987747623794e-20
1786736935.0922835,resting,fast,1786736921.0942347,-467.3334537471874,-181.82520799743884,719.662849560732,13.636890599808101,-35.05000903103922,6.887184188024606e-20
1786736935.1206045,resting,fast,1786736921.0942347,-470.0615547746984,-180.95139984189404,727.3579975311632,13.571354988142499,-35.254616608102495,6.949156158122797e-20
1786736935.149022,resting,fast,1786736921.0942347,-472.2824847917991,-181.18865639432568,727.7441944548837,13.589149229574755,-35.4211863593852,7.012311275045692e-20
1786736935.1775045,resting,fast,1786736921.0942347,-472.68328154883966,-182.3927431655269,731.416264526455,13.679455737414951,-35.45124611616314,7.007255670606647e-20
1786736935.2059674,resting,fast,1786736921.0942347,-472.0652914942025,-182.85039733152178,734.2221407383404,13.713779799864394,-35.40489686206532,6.995493348507977e-20
1786736935.234225,resting,fast,1786736921.0942347,-470.9509973476552,-181.97587354917096,736.9955460900519,13.648190516188041,-35.321324801074304,6.992129894181017e-20
1786736935.2624786,resting,fast,1786736921.0942347,-471.68081829420316,-179.5521327311527,736.9396746581542,13.466409954836724,-35.37606137206546,7.010912691051258e-20
1786736935.2910643,resting,fast,1786736921.0942347,-473.180306358664,-179.2830576724665,731.3784111835857,13.446229325435194,-35.488522976900015,7.085534363743193e-20
1786736935.3192356,resting,fast,1786736921.0942347,-478.4016121597756,-179.66456453690682,743.9217200587618,13.474842340268214,-35.88012091198351,7.10803123607656e-20
1786736935.3478563,resting,fast,1786736921.0942347,-475.84269896343585,-178.51333737405537,736.9363001853699,13.388500303054524,-35.68820242225784,7.052604465458275e-20
1786736935.376086,resting,fast,1786736921.0942347,-473.8287068314321,-179.09950718459652,735.1434958360196,13.432463038844933,-35.537153012357585,6.985190602483427e-20
1786736935.4046576,resting,fast,1786736921.0942347,-470.310927628278,-180.14295145168285,729.4836802987584,13.510721358876463,-35.27331957212114,7.04954757435977e-20
1786736935.4329762,resting,fast,1786736921.0942347,-471.4191200886803,-180.53046576140014,739.7902966600423,13.539784932105373,-35.35643400665124,7.092247156970175e-20
1786736935.4611952,resting,fast,1786736921.0942347,-474.7010439792757,-179.80154645783716,742.5598409657841,13.485115984337991,-35.60257829844603,7.158642567217795e-20
1786736935.4897685,resting,fast,1786736921.0942347,-473.6888154682856,-179.58572748560675,734.4897933721049,13.468929561420733,-35.52666116012181,7.025962680953395e-20
1786736935.5181053,resting,fast,1786736921.0942347,-474.53069524255716,-179.50575809285215,735.6835930771895,13.46293185696408,-35.589802143192,7.05631293246659e-20
1786736935.5463393,resting,fast,1786736921.0942347,-469.854359105359,-180.45535843039022,726.7499534699837,13.534151882279492,-35.2390769329021,6.999295012205874e-20
1786736935.5747743,resting,fast,1786736921.0942347,-469.11637836494447,-181.05639217779753,722.4793920081656,13.579229413334975,-35.18372837737116,6.981063120344695e-20
1786736935.6031625,resting,fast,1786736921.0942347,-468.8477849230576,-183.42747866338573,717.7054200862422,13.757060899754034,-35.163583869229555,6.978535930415583e-20
1786736935.6315992,resting,fast,1786736921.0942347,-471.97004661987876,-186.10380342752126,727.5130009225331,13.957785257064256,-35.39775349649103,6.994715726901556e-20
1786736935.6598845,resting,fast,1786736921.0942347,-473.96542811482595,-184.46851205618793,733.1777098931043,13.835138404214259,-35.54740710861221,7.045212596801178e-20
1786736935.6884158,resting,fast,1786736921.0942347,-471.8737697732631,-182.87525503766062,719.7330242043763,13.715644127824692,-35.390532732994835,6.945268632048528e-20
1786736935.7169452,resting,fast,1786736921.0942347,-469.21853075073204,-181.67447830752178,708.6814192460079,13.625585873064406,-35.191389806305175,6.893101241382543e-20
1786736935.7451584,resting,fast,1786736921.0942347,-467.5241959739833,-182.9150205648274,710.2973134244767,13.718626542362212,-35.064314698048896,6.921603498170912e-20
1786736935.7738438,resting,fast,1786736921.0942347,-468.6271064233524,-181.5679842516381,716.7479904982583,13.617598818872988,-35.14703298175147,6.921117950007231e-20
1786736935.8019125,resting,fast,1786736921.0942347,-469.9228713128459,-180.18092238947452,725.3253624579147,13.51356917921083,-35.24421534846363,6.986110180292399e-20
1786736935.8302894,resting,fast,1786736921.0942347,-469.9319167372041,-179.211574556325,732.5003489173405,13.44086809172462,-35.24489375529045,7.015811552354996e-20
1786736935.859024,resting,fast,1786736921.0942347,-469.8524038214323,-181.16471419596485,733.2005621851804,13.587353564697647,-35.23893028660754,7.033534241310143e-20
1786736935.887176,resting,fast,1786736921.0942347,-469.49740007340733,-181.00499888017077,732.3351288649365,13.575374916013022,-35.21230500550562,7.006115305394926e-20
1786736935.915607,resting,fast,1786736921.0942347,-470.1289905191402,-182.66419427589074,718.3180612287779,13.69981457069196,-35.25967428893569,6.988264066443778e-20
1786736935.9440136,resting,fast,1786736921.0942347,-470.99265236614883,-181.72940947499205,724.5093020566392,13.629705710624659,-35.32444892746132,7.086147201522522e-20
1786736935.9723325,resting,fast,1786736921.0942347,-472.11793941095357,-182.83225480065278,723.9641423454314,13.712419110049158,-35.40884545582191,7.072955927035978e-20
1786736936.0007575,resting,fast,1786736921.0942347,-472.3930239278843,-182.3262845429698,726.4995159111359,13.67447134072307,-35.42947679459156,7.031559866054287e-20
1786736936.0292096,resting,fast,1786736921.0942347,-472.3533931527563,-182.89350630554088,732.5069487642313,13.717012972915622,-35.42650448645705,7.036725743771758e-20
1786736936.057449,resting,fast,1786736921.0942347,-471.0486421172991,-182.48052427524067,730.8128854407851,13.686039320643264,-35.328648158797606,6.997014183986869e-20
1786736936.0858274,resting,fast,1786736921.0942347,-469.67798052924445,-182.43110057085858,727.9303557220001,13.68233254281456,-35.225848539693686,6.983508810462725e-20
1786736936.1142862,resting,fast,1786736921.0942347,-469.8026374831911,-181.25992542495442,722.4693116538956,13.59449440687182,-35.235197811239345,6.958720818544247e-20
1786736936.142927,resting,fast,1786736921.0942347,-469.74298448224454,-181.6528905714698,721.1433700151238,13.623966792860426,-35.23072383616879,7.011742845614361e-20
1786736936.1713548,resting,fast,1786736921.0942347,-468.7799045285378,-180.61766357106205,716.2284137414708,13.546324767829748,-35.15849283964047,6.990891972456061e-20
1786736936.1993527,resting,fast,1786736921.0942347,-469.81450401594566,-181.77293353766458,714.2701417124135,13.63297001532506,-35.23608780119612,6.95080435577694e-20
1786736936.2278695,resting,fast,1786736921.0942347,-470.4547379677665,-180.48010007622622,717.2269318937397,13.536007505717269,-35.28410534758284,6.932752793390549e-20
1786736936.2563293,resting,fast,1786736921.0942347,-470.87704434445186,-180.8475636611456,719.6311484132302,13.563567274586244,-35.31577832583408,6.887957515136749e-20
1786736936.2848127,resting,fast,1786736921.0942347,-469.8898285821115,-184.77812263676094,711.9100173437182,13.858359197757355,-35.24173714365855,6.948376454905877e-20
1786736936.313168,resting,fast,1786736921.0942347,-468.3246031324211,-185.94682521406287,710.3648380832337,13.946011891054926,-35.12434523493185,6.96086281320539e-20
1786736936.341231,resting,fast,1786736921.0942347,-469.55765862483804,-187.036197886173,716.7087275953672,14.027714841463233,-35.216824396862904,7.063448897645477e-20
1786736936.3697667,resting,fast,1786736921.0942347,-468.8179820585715,-182.4123375177344,719.4365851405628,13.68092531383029,-35.16134865439318,6.982214220289159e-20
1786736936.3984566,resting,fast,1786736921.0942347,-470.64555866305,-185.07432618912424,721.300403273658,13.880574464184559,-35.298416899729,6.973573322620779e-20
1786736936.4265556,resting,fast,1786736921.0942347,-471.4008346991318,-182.68905395579282,727.3313552125073,13.7016790466847,-35.35506260243498,6.980887863989513e-20
1786736936.4550953,resting,fast,1786736921.0942347,-468.3870171746007,-181.0607491893012,717.1675646117756,13.57955618919782,-35.129026288095204,6.957841082300769e-20
1786736936.483195,resting,fast,1786736921.0942347,-466.02628926391935,-175.7626895869779,711.4360808772044,13.182201719023436,-34.95197169479411,6.91738636551326e-20
1786736936.511984,resting,fast,1786736921.0942347,-465.2900572630001,-176.8319194752894,707.9029100303469,13.262393960646907,-34.89675429472524,6.827833320411904e-20
1786736936.5401368,resting,fast,1786736921.0942347,-469.30563395829313,-178.9088456072891,716.129034002237,13.418163420546808,-35.197922546872135,6.840354527465163e-20
1786736936.568316,resting,fast,1786736921.0942347,-467.738545387268,-182.3526814521132,706.0992976170783,13.676451108908733,-35.08039090404511,6.795138745942167e-20
1786736936.5970771,resting,fast,1786736921.0942347,-470.42495152709853,-182.49920744267968,708.6719480947122,13.687440558201185,-35.28187136453246,6.953926394581627e-20
1786736936.6251092,resting,fast,1786736921.0942347,-469.25141205863474,-184.51933419633292,719.4265685742475,13.83895006472525,-35.193855904397836,6.972084031464238e-20
1786736936.6537595,resting,fast,1786736921.0942347,-471.8124474645424,-180.64333512625763,724.7713122422001,13.548250134469559,-35.38593355984085,7.048416157316888e-20
1786736936.6821744,resting,fast,1786736921.0942347,-468.4303450402981,-176.94757421257145,727.8388420661267,13.271068065943073,-35.132275878022426,7.020065551091489e-20
1786736936.7105002,resting,fast,1786736921.0942347,-471.1154876517762,-175.11833173052594,730.105208385944,13.133874879789705,-35.333661573883404,7.126281544594906e-20
1786736936.738932,resting,fast,1786736921.0942347,-470.1327760098702,-175.90546429951678,736.5638657450254,13.192909822463935,-35.25995820074051,7.149533966983043e-20
1786736936.7672136,resting,fast,1786736921.0942347,-469.1141319101125,-180.08237064201,725.2634937975199,13.506177798151061,-35.18355989325869,7.038377858417929e-20
1786736936.7954223,resting,fast,1786736921.0942347,-470.2164369497241,-178.47057258607992,722.4542438469161,13.385292943956205,-35.266232771229504,6.948346874197622e-20
1786736936.8237948,resting,fast,1786736921.0942347,-472.83539835996226,-184.38712134720333,731.8380449240685,13.829034101040431,-35.46265487699738,6.87430967138413e-20
1786736936.8521824,resting,fast,1786736921.0942347,-474.3532273167557,-183.74929243407485,727.6979997881936,13.781196932555904,-35.57649204875674,6.873821994416183e-20
1786736936.880567,resting,fast,1786736921.0942347,-468.44883035348585,-180.07184500984556,716.4260894325935,13.505388375738686,-35.13366227651157,6.834016209250016e-20
1786736936.9091175,resting,fast,1786736921.0942347,-466.95762873906915,-174.9434450160494,696.5282110315338,13.120758376203977,-35.021822155430364,6.841335478383527e-20
1786736936.9377365,resting,fast,1786736921.0942347,-466.7469217122266,-175.43055097878516,702.2527575693157,13.157291323409144,-35.00601912841726,6.872464594821817e-20
1786736936.965784,twist +X,fast,1786736936.9622536,-471.07844215730665,-182.66297077500224,709.0472608203163,13.699722808125433,-35.330883161798276,6.895782027425394e-20
1786736936.9941237,twist +X,fast,1786736936.9622536,-474.5226068481038,-188.52698180691914,727.1435921587845,14.139523635519009,-35.58919551360801,7.02530888894254e-20
1786736937.0225284,twist +X,fast,1786736936.9622536,-477.2183296209414,-189.5189839800281,741.4615155297743,14.213923798502176,-35.791374721570826,7.121240923621959e-20
1786736937.0508645,twist +X,fast,1786736936.9622536,-477.90852055425194,-188.07665065729338,750.7466118036491,14.105748799297128,-35.84313904156923,7.238483577833284e-20
1786736937.0792139,twist +X,fast,1786736936.9622536,-472.44040037079776,-181.91740138542707,738.932877447588,13.643805103907209,-35.43303002781009,7.131021149739746e-20
1786736937.107726,twist +X,fast,1786736936.9622536,-465.537156785811,-175.77853822898658,719.4146516384535,13.18339036717433,-34.915286758936105,6.935848529995599e-20
1786736937.1362307,twist +X,fast,1786736936.9622536,-462.16434948359483,-176.1802452012928,711.6276467168555,13.213518390097239,-34.662326211269786,6.868637328658148e-20
1786736937.164488,twist +X,fast,1786736936.9622536,-463.3883361629487,-178.2527516297987,712.5608547811962,13.3689563722351,-34.754125212221275,6.905757322772465e-20
1786736937.1929471,twist +X,fast,1786736936.9622536,-469.3286991488467,-186.7813529126115,723.5197813089071,14.008601468445978,-35.19965243616366,7.022812468517937e-20
1786736937.2210877,twist +X,fast,1786736936.9622536,-470.5744068461722,-186.73551719501688,729.8249002959637,14.005163789626312,-35.29308051346306,7.043348618110978e-20
1786736937.2496507,twist +X,fast,1786736936.9622536,-475.89959332611716,-185.8625900707367,741.1871320702494,13.939694255305444,-35.69246949945899,7.04986645064287e-20
1786736937.2782373,twist +X,fast,1786736936.9622536,-477.60697362778774,-183.26062121388293,743.4168098198661,13.744546591041587,-35.82052302208443,7.077993017600891e-20
1786736937.3066328,twist +X,fast,1786736936.9622536,-477.31308137361066,-179.3971094830638,735.0518347102598,13.454783211230133,-35.79848110302118,7.005179740113077e-20
1786736937.3350236,twist +X,fast,1786736936.9622536,-472.57198838440445,-177.563965264775,737.4481502005628,13.31729739485834,-35.442899128830454,7.089830568853602e-20
1786736937.3631716,twist +X,fast,1786736936.9622536,-471.2257277310832,-177.45164036199424,733.8919164827685,13.308873027149797,-35.341929579831394,7.069396824453934e-20
1786736937.3915145,twist +X,fast,1786736936.9622536,-470.9719826621408,-175.87058032188008,744.0462250694663,13.190293524141207,-35.32289869966081,7.099880395605221e-20
1786736937.4202363,twist +X,fast,1786736936.9622536,-469.9018359410452,-176.57486131577332,736.9629402098681,13.243114598683238,-35.242637695578594,6.949581225890113e-20
1786736937.4484954,twist +X,fast,1786736936.9622536,-466.6635226075405,-175.11780191591458,730.9480066750893,13.13383514369372,-34.9997641955657,6.820263246350298e-20
1786736937.476743,twist +X,fast,1786736936.9622536,-468.34228232145233,-180.17877400751672,723.8040898705858,13.51340805056397,-35.12567117410907,6.842393142121603e-20
1786736937.5053885,twist +X,fast,1786736936.9622536,-472.0527703090088,-183.1641629421523,725.5749322044749,13.737312220661533,-35.40395777317585,6.958231414637434e-20
1786736937.5335617,twist +X,fast,1786736936.9622536,-472.0792246361307,-182.00249168707114,722.2915348264305,13.650186876530622,-35.40594184771012,7.035666869195325e-20
1786736937.5620449,twist +X,fast,1786736936.9622536,-473.01020716938865,-186.59018582411966,717.1976034190911,13.994263936809158,-35.47576553770456,7.032712215025363e-20
1786736937.5903664,twist +X,fast,1786736936.9622536,-470.0668541834184,-183.23481401357446,713.7159262070136,13.742611051018311,-35.255014063756605,6.953913026765958e-20
1786736937.6188831,twist +X,fast,1786736936.9622536,-477.2834690480413,-184.15243075740523,737.3255391501289,13.81143230680556,-35.79626017860344,6.985863772764553e-20
1786736937.6470299,twist +X,fast,1786736936.9622536,-476.4110312449343,-179.9133622420685,746.4238346993416,13.493502168155391,-35.730827343370265,7.001635046450224e-20
1786736937.6753712,twist +X,fast,1786736936.9622536,-477.54102927000577,-179.8088942231318,748.4034193260486,13.485667066735171,-35.81557719525072,6.999424059517085e-20
1786736937.7037196,twist +X,fast,1786736936.9622536,-473.2366089861698,-184.26724501892693,732.0024656200121,13.82004337641975,-35.49274567396307,7.008858336156821e-20
1786736937.7322767,twist +X,fast,1786736936.9622536,-469.8843254393396,-187.10859207647536,711.2448277193262,14.033144405735808,-35.241324407950636,6.877003063367104e-20
1786736937.7607117,twist +X,fast,1786736936.9622536,-471.98452142504993,-192.2007178885283,715.4438643446256,14.41505384163975,-35.398839106879024,6.94759842399471e-20
1786736937.788755,twist +X,fast,1786736936.9622536,-471.1634366978037,-190.7760631109229,713.9751428338668,14.308204733319467,-35.33725775233555,6.970933574377327e-20
1786736937.8173914,twist +X,fast,1786736936.9622536,-474.50155881777755,-186.0234143295295,729.801160671348,13.951756074714869,-35.58761691133356,7.092334288681126e-20
1786736937.845619,twist +X,fast,1786736936.9622536,-475.65504398409166,-184.05157872624807,736.3259284868245,13.803868404468826,-35.674128298807084,7.129043288692545e-20
1786736937.8740895,twist +X,fast,1786736936.9622536,-474.2544423707909,-180.39757350991215,732.2529519381169,13.529818013243538,-35.56908317780943,7.011048240930497e-20
1786736937.902847,twist +X,fast,1786736936.9622536,-472.1600535857183,-184.43802367066246,721.3955004771633,13.832851775299812,-35.41200401892917,6.938757277525986e-20
1786736937.9310844,twist +X,fast,1786736936.9622536,-467.28626031548356,-178.61821379981416,706.0684998866973,13.396366034986233,-35.04646952366176,6.909177389141862e-20
1786736937.9595087,twist +X,fast,1786736936.9622536,-470.63607750299116,-181.01493543833783,718.3598125090302,13.576120157875568,-35.2977058127245,7.046833225210582e-20
1786736937.987583,twist +X,fast,1786736936.9622536,-473.4010794255232,-181.9341766337791,738.5928802114668,13.645063247533681,-35.505080956914234,7.096996899560433e-20
1786736938.0158584,twist +X,fast,1786736936.9622536,-474.12678299575964,-186.48230209967335,740.707435555264,13.98617265747571,-35.55950872468223,7.019908837185799e-20
1786736938.0443716,twist +X,fast,1786736936.9622536,-474.1483015999888,-190.92790103444906,726.8657076414793,14.319592577583851,-35.56112261999934,7.000901977181401e-20
1786736938.0725703,twist +X,fast,1786736936.9622536,-473.3442458189347,-189.32854162516628,717.4000002360381,14.199640621887749,-35.5008184364203,6.963089357271471e-20
1786736938.1010516,twist +X,fast,1786736936.9622536,-473.53249239956403,-188.36393018653382,714.4569512685512,14.127294763990303,-35.514936929967476,6.941689954794211e-20
1786736938.1293201,twist +X,fast,1786736936.9622536,-469.7245287722717,-184.01049342357373,710.9169617393363,13.800787006768271,-35.22933965792059,6.840432060522934e-20
1786736938.1579578,twist +X,fast,1786736936.9622536,-469.78495742783434,-181.2146121279161,711.4198094150242,13.591095909593957,-35.23387180708765,6.842633437300287e-20
1786736938.186257,twist +X,fast,1786736936.9622536,-471.5162211759589,-182.73319618511493,728.5180616041589,13.704989713883794,-35.36371658819729,6.97100171878376e-20
1786736938.2146707,twist +X,fast,1786736936.9622536,-472.00307603684223,-182.05218619208426,735.811678376619,13.653913964406346,-35.40023070276332,7.055948969964851e-20
1786736938.2430582,twist +X,fast,1786736936.9622536,-474.1554272866124,-182.62760098051683,738.3706867624123,13.697070073538772,-35.561657046496165,7.111410003482956e-20
1786736938.2714949,twist +X,fast,1786736936.9622536,-474.48415295606674,-181.3679533415151,726.3940902641816,13.60259650061376,-35.586311471705216,7.057718834748467e-20
1786736938.2999132,twist +X,fast,1786736936.9622536,-474.65041206339083,-181.53136293008095,727.9605981553004,13.614852219756262,-35.598780904754605,7.023089768987426e-20
1786736938.328098,twist +X,fast,1786736936.9622536,-472.27865319124294,-182.10863400182336,728.5709023826284,13.65814755013702,-35.420898989343335,7.022275915448707e-20
1786736938.3566158,twist +X,fast,1786736936.9622536,-469.71475650797356,-184.74015383002688,722.0563605214465,13.85551153725223,-35.22860673809816,7.003104340158202e-20
1786736938.3848684,twist +X,fast,1786736936.9622536,-470.3721087458798,-185.0928236438658,721.6336286990536,13.88196177329009,-35.277908155941205,6.982378254568901e-20
1786736938.41346,twist +X,fast,1786736936.9622536,-469.05498945436284,-184.5537837906976,715.6257572838194,13.841533784302573,-35.17912420907754,6.965198094275472e-20
1786736938.441869,twist +X,fast,1786736936.9622536,-471.2196152755273,-181.70504612433922,730.7769032646875,13.62787845932569,-35.34147114566475,7.015972847476388e-20
1786736938.470032,twist +X,fast,1786736936.9622536,-471.18795320962954,-180.1276301570589,730.488709259972,13.509572261779628,-35.33909649072243,7.060335435979725e-20
1786736938.4981945,twist +X,fast,1786736936.9622536,-471.57324465809006,-179.51348775131567,729.033742386383,13.463511581348836,-35.367993349356865,7.028551179390144e-20
1786736938.5269144,twist +X,fast,1786736936.9622536,-469.8372748637248,-178.26598266995393,718.0135833048816,13.369948700246777,-35.237795614779586,6.943002024501358e-20
1786736938.555178,twist +X,fast,1786736936.9622536,-473.1651378952629,-182.72908138690389,724.2166777620787,13.704681104017947,-35.48738534214476,6.957494573575918e-20
1786736938.58351,twist +X,fast,1786736936.9622536,-474.31391323498747,-182.6924846836938,735.9664774233361,13.701936351277272,-35.573543492624296,6.979960050176541e-20
1786736938.6117947,twist +X,fast,1786736936.9622536,-473.4748266848542,-185.44353400305897,733.592064798715,13.908265050229712,-35.510612001364194,7.013903931096407e-20
1786736938.6401718,twist +X,fast,1786736936.9622536,-473.5303978700981,-179.05717085226183,738.9800077060818,13.429287813919803,-35.5147798402576,7.024742895325655e-20
1786736938.6688762,twist +X,fast,1786736936.9622536,-472.78344210071054,-182.81583365080655,725.9725429765558,13.71118752381069,-35.45875815755358,6.980746313274141e-20
1786736938.6970983,twist +X,fast,1786736936.9622536,-473.28951154535935,-178.13849581686134,729.5662899847739,13.360387186264926,-35.49671336590209,6.960771130255586e-20
1786736938.7256322,twist +X,fast,1786736936.9622536,-467.34577532573894,-181.6790059920712,717.154746319774,13.625925449405631,-35.050933149430676,6.825084783092376e-20
1786736938.7536342,twist +X,fast,1786736936.9622536,-469.50772848531005,-176.704509646337,723.6638480417796,13.25283822347539,-35.213079636398554,6.879431957497207e-20
1786736938.7823935,twist +X,fast,1786736936.9622536,-471.6277167538974,-179.40423064243078,728.645192563682,13.455317298182745,-35.37207875654245,6.909124666101951e-20
1786736938.8106894,twist +X,fast,1786736936.9622536,-473.8130376847139,-178.48983006332662,730.7671786653564,13.386737254749885,-35.5359778263537,6.98396846292949e-20
1786736938.8391163,twist +X,fast,1786736936.9622536,-473.171365351282,-184.38094057005503,729.0655117551305,13.828570542754388,-35.48785240134633,6.968435399382453e-20
1786736938.8674767,twist +X,fast,1786736936.9622536,-474.01900384770806,-188.6494455029208,726.1444575268633,14.14870841271927,-35.55142528857839,6.917228617136883e-20
1786736938.8956316,twist +X,fast,1786736936.9622536,-472.74721951353376,-191.59178025670974,715.1891956655581,14.36938351925345,-35.456041463515355,6.911131296046611e-20
1786736938.9242113,twist +X,fast,1786736936.9622536,-470.65234721122715,-187.9661302781475,719.1064050574751,14.097459770861231,-35.298926040842346,6.909433938909766e-20
1786736938.9529383,twist +X,fast,1786736936.9622536,-469.97205085610494,-186.8951496320782,719.1503931207981,14.01713622240614,-35.24790381420804,6.967794637444761e-20
1786736938.9811954,twist +X,fast,1786736936.9622536,-469.8298873124436,-183.16196150495034,726.7450464944013,13.737147112871444,-35.23724154843333,6.988596777054846e-20
1786736939.0092666,twist +X,fast,1786736936.9622536,-469.7088135182794,-182.69437422393446,721.8393541443693,13.702078066795305,-35.228161013871045,6.988515123631255e-20
1786736939.0375626,twist +X,fast,1786736936.9622536,-467.6865781768129,-184.10513721786026,714.4519795773667,13.807885291339812,-35.07649336326112,6.936030033012573e-20
1786736939.0658689,twist +X,fast,1786736936.9622536,-470.64760460555635,-185.91337105118976,720.5996953343156,13.943502828839382,-35.298570345416906,6.914955409486179e-20
1786736939.094245,twist +X,fast,1786736936.9622536,-471.03789421567217,-183.90267773534276,716.8278452532522,13.792700830150931,-35.32784206617549,6.901616455815848e-20
1786736939.1228528,twist +X,fast,1786736936.9622536,-473.31541590675624,-183.49731374795317,721.6292722136095,13.7622985310967,-35.49865619300692,6.954974920804795e-20
1786736939.1510797,twist +X,fast,1786736936.9622536,-471.78555856218645,-182.57252086797325,715.4835915261765,13.692939065098304,-35.383916892164144,6.924905520835606e-20
1786736939.1798263,twist +X,fast,1786736936.9622536,-474.1047562189651,-185.6880729999515,721.1980420561486,13.926605474996546,-35.55785671642248,6.942296032856346e-20
1786736939.207769,twist +X,fast,1786736936.9622536,-473.3747970290683,-182.10766215076046,723.6810905846041,13.65807466130725,-35.50310977718045,6.937140904780155e-20
1786736939.2362158,twist +X,fast,1786736936.9622536,-475.2662899050929,-182.0607886718958,724.2240137948638,13.654559150392426,-35.64497174288226,6.985394253111475e-20
1786736939.264688,twist +X,fast,1786736936.9622536,-473.9785680754703,-180.55702273965585,721.6237970163593,13.541776705474437,-35.54839260566037,6.973206088198509e-20
1786736939.2930195,twist +X,fast,1786736936.9622536,-473.2332936445341,-180.58137364852576,716.2134747745231,13.54360302363968,-35.49249702334024,6.912392468673892e-20
1786736939.3214798,twist +X,fast,1786736936.9622536,-474.50816217168176,-182.22673464540867,718.921688426216,13.66700509840594,-35.588112162876406,6.885867171325164e-20
1786736939.349951,twist +X,fast,1786736936.9622536,-475.99592389213467,-186.4073640088476,713.8766799230998,13.980552300663813,-35.69969429191037,6.935067136615012e-20
1786736939.3783395,twist +X,fast,1786736936.9622536,-477.55232018363995,-187.15293782978404,721.5053552757336,14.036470337234054,-35.81642401377318,7.003477706007992e-20
1786736939.4066489,twist +X,fast,1786736936.9622536,-475.5803763772674,-188.72846661673532,720.6701221991443,14.154634996255286,-35.66852822829518,7.019545979946165e-20
1786736939.4351742,twist +X,fast,1786736936.9622536,-474.6320613753005,-188.11948979081558,721.9234147691513,14.108961734311311,-35.59740460314772,6.969703201559409e-20
1786736939.463704,twist +X,fast,1786736936.9622536,-474.5937201479942,-188.04392277391412,728.5946233577479,14.103294208043675,-35.59452901109979,7.021689979213609e-20
1786736939.4919224,twist +X,fast,1786736936.9622536,-473.1666053937529,-185.20822115726276,720.1342583453334,13.890616586794952,-35.48749540453158,6.998948705249918e-20
1786736939.5206156,twist +X,fast,1786736936.9622536,-471.76394228373556,-186.26261650870697,713.7957690590074,13.969696238153215,-35.382295671280254,6.968260885371345e-20
1786736939.548929,twist +X,fast,1786736936.9622536,-473.6035011789495,-188.14069490533052,708.0991926675179,14.110552117899996,-35.52026258842129,6.906694512001447e-20
1786736939.5768738,twist +X,fast,1786736936.9622536,-474.89046228648704,-189.0853915978255,715.4504000864235,14.18140436983705,-35.61678467148673,6.912397881120929e-20
1786736939.6055822,twist +X,fast,1786736936.9622536,-475.54619577540734,-185.23372580723276,727.9402828319444,13.89252943554256,-35.665964683155806,6.947898746391162e-20
1786736939.6337643,twist +X,fast,1786736936.9622536,-473.3697729751293,-183.48969319944376,724.235007510908,13.76172698995845,-35.50273297313473,6.882323485721489e-20
1786736939.6622264,twist +X,fast,1786736936.9622536,-473.4871230382082,-183.82815449166378,724.9657050574033,13.787111586874975,-35.51153422786592,6.930820856536821e-20
1786736939.6905828,twist +X,fast,1786736936.9622536,-475.8244683186181,-184.93807066738293,729.9770027641052,13.870355300054012,-35.68683512389667,6.961652337328074e-20
1786736939.71906,twist +X,fast,1786736936.9622536,-477.44712391796565,-186.35826165054152,730.38236899005,13.976869623790659,-35.80853429384757,6.974127762157035e-20
1786736939.7469406,twist +X,fast,1786736936.9622536,-478.2436514940987,-185.2346318997653,730.1949627542572,13.892597392482639,-35.868273862057535,6.965516191203652e-20
1786736939.776545,twist +X,fast,1786736936.9622536,-475.39799213775996,-184.3092415211305,721.0047223986721,13.823193114084955,-35.65484941033222,6.926081384621257e-20
1786736939.8037019,twist +X,fast,1786736936.9622536,-473.40057029269065,-180.88499104439734,729.0771120889431,13.566374328330117,-35.50504277195187,6.963166809727976e-20
1786736939.8322864,twist +X,fast,1786736936.9622536,-473.7275702236998,-182.50156746519235,729.2555396863027,13.68761755988957,-35.52956776677763,6.955470193194677e-20
1786736939.860667,twist +X,fast,1786736936.9622536,-473.67197452637765,-181.49428034209552,729.3848174312634,13.61207102565741,-35.52539808947859,6.882823286111057e-20
1786736939.889188,twist +X,fast,1786736936.9622536,-474.58116772095354,-183.8264625355854,720.1938083604464,13.78698469016916,-35.593587579071716,6.905841403695733e-20
1786736939.9174962,twist +X,fast,1786736936.9622536,-474.5980090074836,-185.3314468001547,723.9142667205433,13.899858510011743,-35.59485067556144,6.898678032356436e-20
1786736939.9458618,twist +X,fast,1786736936.9622536,-473.587459243849,-186.1069810225099,721.0250707080841,13.958023576688543,-35.51905944328878,6.903927354838412e-20
1786736939.9753842,twist +X,fast,1786736936.9622536,-472.4783294872109,-183.45740524222936,714.7450840168149,13.75930539316747,-35.43587471154103,6.902921445573563e-20
1786736940.0026503,twist +X,fast,1786736936.9622536,-471.1687426353128,-181.2218254160723,712.7592391502812,13.591636906205625,-35.337655697648664,6.895255965114163e-20
1786736940.0310738,twist +X,fast,1786736936.9622536,-472.8065419251184,-181.85268181426898,715.3458290273784,13.638951136070379,-35.46049064438402,6.994664823974941e-20
1786736940.0593505,twist +X,fast,1786736936.9622536,-473.73273013377775,-186.62134374973505,717.2723173548493,13.996600781230338,-35.5299547600335,6.902737331128367e-20
1786736940.087632,twist +X,fast,1786736936.9622536,-471.96128000699446,-185.61292095792862,708.6308782330998,13.920969071844848,-35.39709600052483,6.89749912117196e-20
1786736940.1162903,twist +X,fast,1786736936.9622536,-472.52337501407146,-188.14466566242675,711.0275655384103,14.110849924682224,-35.439253126055654,6.859848515426651e-20
1786736940.1444685,twist +X,fast,1786736936.9622536,-471.68830037254384,-185.71633443130293,715.9089705879906,13.928725082347928,-35.376622527940974,6.904019691302777e-20
1786736940.1731005,twist +X,fast,1786736936.9622536,-473.3542422179162,-184.0313239025612,719.6508120411354,13.802349292692146,-35.50156816634391,6.999378105663222e-20
1786736940.2012913,twist +X,fast,1786736936.9622536,-477.8694151076834,-185.54180677678312,722.9833522792342,13.915635508258891,-35.84020613307646,7.01679557215788e-20
1786736940.2297964,twist +X,fast,1786736936.9622536,-477.30809352583765,-184.6565529186629,719.4629974815889,13.849241468899816,-35.79810701443812,7.049213751467951e-20
1786736940.258185,twist +X,fast,1786736936.9622536,-476.2006764546518,-184.67500114366533,714.6753122018863,13.850625085775096,-35.71505073409909,6.900036224072923e-20
1786736940.286445,twist +X,fast,1786736936.9622536,-474.602576491322,-180.51696553293675,712.1050510710947,13.538772414970413,-35.59519323684933,6.901394244873979e-20
1786736940.314824,twist +X,fast,1786736936.9622536,-475.94508102727286,-182.69850592169564,723.1621681057177,13.70238794412732,-35.6958810770458,6.961270022831237e-20
1786736940.3431551,twist +X,fast,1786736936.9622536,-478.7764326220745,-183.33557120638886,739.4267726801472,13.750167840479396,-35.9082324466558,7.093443279750672e-20
1786736940.373627,twist +X,fast,1786736936.9622536,-475.9988874379296,-186.37947400776704,725.3673702792994,13.978460550582742,-35.699916557845015,7.070807957799711e-20
1786736940.4000204,twist +X,fast,1786736936.9622536,-478.3193647374883,-185.89591246105977,717.3239552795321,13.942193434579668,-35.873952355311935,6.977643282671871e-20
1786736940.428238,twist +X,fast,1786736936.9622536,-475.53181916103586,-185.96008031558142,703.9910346156094,13.947006023668838,-35.66488643707792,6.873653629563514e-20
1786736940.457283,twist +X,fast,1786736936.9622536,-473.8086627422799,-181.24150944173948,713.4508856204138,13.593113208130635,-35.53564970567122,6.824216285773538e-20
1786736940.485232,twist +X,fast,1786736936.9622536,-474.0712540903073,-180.00684075131915,720.8555080561282,13.500513056349146,-35.55534405677322,6.895096152263115e-20
1786736940.5137782,twist +X,fast,1786736936.9622536,-475.90556110894704,-183.40005467655965,725.588843849454,13.755004100742259,-35.6929170831712,6.944820707396718e-20
1786736940.5419493,twist +X,fast,1786736936.9622536,-476.0285642407748,-183.70800654849074,724.5053501732555,13.778100491137021,-35.702142318058236,6.962775120825086e-20
1786736940.5704038,twist +X,fast,1786736936.9622536,-473.0893230791635,-183.51995566665596,716.615666131057,13.763996674999323,-35.481699230937465,6.889295588820726e-20
1786736940.5989852,twist +X,fast,1786736936.9622536,-473.02461208171553,-182.37159098043048,720.3455452736389,13.677869323532494,-35.47684590612885,6.845397213406532e-20
1786736940.627187,twist +X,fast,1786736936.9622536,-475.8075081621937,-184.376753548534,726.2318180503116,13.828256516140168,-35.68556311216481,6.91839798264695e-20
1786736940.6553686,twist +X,fast,1786736936.9622536,-478.1929016549552,-188.55256950011085,732.0972512791977,14.141442712508546,-35.86446762412187,6.938491353706871e-20
1786736940.6837811,twist +X,fast,1786736936.9622536,-477.1716456529198,-185.11397477330843,734.4480324403421,13.883548107998305,-35.787873423969096,6.942463516153111e-20
1786736940.7122288,twist +X,fast,1786736936.9622536,-477.50529818845234,-183.16845381043754,732.5728607693136,13.737634035782957,-35.81289736413414,6.88983267277944e-20
1786736940.7405999,twist +X,fast,1786736936.9622536,-475.8150530258167,-177.00113581522874,727.425921151711,13.275085186142295,-35.68612897693645,6.934027377959279e-20
1786736940.7700596,twist +X,fast,1786736936.9622536,-476.3073516851837,-179.16759112007003,721.1646050054778,13.437569334005342,-35.72305137638899,6.939141488225307e-20
1786736940.7972426,twist +X,fast,1786736936.9622536,-476.1574542598805,-181.11269043305447,722.317415669927,13.58345178247917,-35.71180906949126,6.924804716007798e-20
1786736940.8257556,twist +X,fast,1786736936.9622536,-476.24619419332066,-186.1516966042824,721.7715172969984,13.96137724532137,-35.718464564499214,6.881760037044168e-20
1786736940.8540962,twist +X,fast,1786736936.9622536,-476.3460807760739,-185.08952483388123,721.1341140341183,13.88171436254132,-35.72595605820558,6.897731781442455e-20
1786736940.8828278,twist +X,fast,1786736936.9622536,-471.15401137665185,-185.64638392357995,706.6176924626516,13.923478794268636,-35.336550853249165,6.846840631948479e-20
1786736940.9110107,twist +X,fast,1786736936.9622536,-468.8680032360612,-183.7765916929319,702.4624147262111,13.78324437697015,-35.16510024270477,6.81769047468973e-20
1786736940.9392784,twist +X,fast,1786736936.9622536,-468.359965085554,-185.1800055546065,704.2523677032941,13.888500416595708,-35.12699738141676,6.835126868448483e-20
1786736940.9685576,twist +X,fast,1786736936.9622536,-471.7719634216073,-184.74218627340815,719.717807933499,13.855663970505976,-35.38289725662066,6.937372758098542e-20
1786736940.9964964,twist +X,fast,1786736936.9622536,-473.62041231172543,-185.11425526278458,725.265685877238,13.883569144709025,-35.52153092337954,6.973868469885632e-20
1786736941.0244465,twist +X,fast,1786736936.9622536,-476.1300003896772,-184.56513208297656,722.4282680413417,13.84238490622339,-35.709750029225866,6.904113635806277e-20
1786736941.0530767,twist +X,fast,1786736936.9622536,-475.31201134049707,-185.3742783940719,712.918708641474,13.903070879555603,-35.64840085053747,6.82944868576022e-20
1786736941.081177,twist +X,fast,1786736936.9622536,-474.699823799132,-183.5669996591779,715.9585459108193,13.767524974438476,-35.60248678493508,6.823448730128207e-20
1786736941.1097584,twist +X,fast,1786736936.9622536,-472.79009729164454,-183.92300918156081,716.5172044029314,13.794225688617384,-35.45925729687358,6.871324843035077e-20
1786736941.1382895,twist +X,fast,1786736936.9622536,-471.42429384520074,-182.7480060871493,715.0862901693272,13.706100456536273,-35.356822038390156,6.923961787735977e-20
1786736941.1679387,twist +X,fast,1786736936.9622536,-472.1514837229752,-182.29432082551614,709.9285011047095,13.672074061913786,-35.4113612792234,6.9067850381737e-20
1786736941.1947234,twist +X,fast,1786736936.9622536,-472.03536886934717,-182.68619986182102,709.136530629813,13.7014649896368,-35.40265266520124,6.847122375590061e-20
1786736941.2230136,twist +X,fast,1786736936.9622536,-476.2283657156586,-183.538061924692,725.1709614932643,13.765354644352112,-35.71712742867456,6.88402106591692e-20
1786736941.2514205,twist +X,fast,1786736936.9622536,-475.35271798066333,-184.20417429288864,725.157476958012,13.815313071966958,-35.65145384854977,6.853289251877059e-20
1786736941.2798855,twist +X,fast,1786736936.9622536,-473.4096351275198,-183.08696355284383,720.7975740927168,13.731522266463468,-35.505722634564265,6.824940649639409e-20
1786736941.308158,twist +X,fast,1786736936.9622536,-469.74308404318845,-182.00597633304938,706.8722382614278,13.650448224978962,-35.23073130323939,6.72739620185242e-20
1786736941.3364215,twist +X,fast,1786736936.9622536,-470.80211144141276,-180.9910507582705,710.0172937936786,13.574328806870486,-35.3101583581062,6.826855145663025e-20
1786736941.3663263,twist +X,fast,1786736936.9622536,-473.0225813886873,-182.75703825788082,718.4116593471172,13.706777869341277,-35.47669360415173,6.931383553416257e-20
1786736941.3931897,twist +X,fast,1786736936.9622536,-474.12123048846706,-182.1984515264163,725.0939445967442,13.664883864481471,-35.55909228663514,7.02313191900092e-20
1786736941.4219024,twist +X,fast,1786736936.9622536,-473.04039695206075,-183.65244720842725,720.8429928038686,13.773933540632196,-35.478029771404614,6.961962852358171e-20
1786736941.4501224,twist +X,fast,1786736936.9622536,-472.80909543200005,-181.62846711060922,711.0412653853773,13.622135033295809,-35.46068215740033,6.858765977053867e-20
1786736941.478592,twist +X,fast,1786736936.9622536,-474.73600594148775,-181.74262720799993,711.4338995792705,13.630697040600243,-35.60520044561177,6.81661618351787e-20
1786736941.5070014,twist +X,fast,1786736936.9622536,-477.5215317336165,-182.10181641243105,714.9701236123447,13.65763623093265,-35.81411488002145,6.819570053811724e-20
1786736941.5354483,twist +X,fast,1786736936.9622536,-477.66408563478944,-180.86194549805202,720.8275082570708,13.564645912354141,-35.8248064226095,6.842156138136657e-20
1786736941.5644643,twist +X,fast,1786736936.9622536,-477.11820169151497,-181.56628147457388,728.6164377469231,13.617471110593169,-35.78386512686377,6.913197572047455e-20
1786736941.5918,twist +X,fast,1786736936.9622536,-473.78606340189026,-182.4560043268649,723.3966566447607,13.684200324514944,-35.53395475514179,6.882692688319381e-20
1786736941.620457,twist +X,fast,1786736936.9622536,-473.44238196312745,-183.51688909339862,726.5926522468499,13.763766682005073,-35.50817864723473,6.912238129118694e-20
1786736941.6486423,twist +X,fast,1786736936.9622536,-473.44667742394495,-181.68705847274543,717.8026988139409,13.626529385456212,-35.50850080679595,6.87509633914693e-20
1786736941.6774762,twist +X,fast,1786736936.9622536,-475.3108359612015,-180.7293193678937,720.440280286205,13.5546989525923,-35.64831269709047,6.977055055389887e-20
1786736941.7053967,twist +X,fast,1786736936.9622536,-475.9133671421596,-182.31085834978364,724.4265084390272,13.673314376234,-35.69350253566219,7.025449987540869e-20
1786736941.7338378,twist +X,fast,1786736936.9622536,-474.7841315105288,-182.23554242751277,724.9674385156395,13.667665682063689,-35.60880986328992,6.98520157232924e-20
1786736941.7623842,twist +X,fast,1786736936.9622536,-474.89081139085147,-182.0878449008909,737.0253985971394,13.656588367567092,-35.61681085431426,6.934494085199903e-20
1786736941.7907586,twist +X,fast,1786736936.9622536,-474.47635030974334,-184.0429134925863,730.6862650357716,13.803218511944163,-35.585726273230804,6.899765507272237e-20
1786736941.8190973,twist +X,fast,1786736936.9622536,-475.03160054551927,-183.80713511324336,733.2528328379367,13.785535133493465,-35.62737004091413,6.891484603060795e-20
1786736941.8473332,twist +X,fast,1786736936.9622536,-473.6321630701823,-183.71440047770966,730.6653548597833,13.778580035828302,-35.522412230263804,6.922045785068429e-20
1786736941.8756273,twist +X,fast,1786736936.9622536,-473.090328524323,-181.43633997648192,727.9195993384437,13.607725498236224,-35.48177463932461,6.9047257478724e-20
1786736941.9041903,twist +X,fast,1786736936.9622536,-471.8190880000907,-181.79956324753732,724.0871346589192,13.634967243565374,-35.386431600007015,6.922583928122501e-20
1786736941.9327104,twist +X,fast,1786736936.9622536,-474.4926438099692,-180.53215457208182,718.2941457313646,13.539911592906268,-35.58694828574798,6.864639362970732e-20
1786736941.961979,twist +X,fast,1786736936.9622536,-475.11656675953736,-178.7366641165961,724.3473075772017,13.4052498087451,-35.6337425069656,6.948377257149107e-20
1786736941.989189,twist +X,fast,1786736936.9622536,-477.9252457005923,-178.48297436913674,726.288016232661,13.386223077685482,-35.84439342754477,6.931195414564114e-20
1786736942.0176713,twist +X,fast,1786736936.9622536,-475.33774735697034,-178.03079926452403,724.3034217747618,13.352309944839437,-35.65033105177293,6.932497148401681e-20
1786736942.0460403,twist +X,fast,1786736936.9622536,-474.4438609338695,-179.17623547390065,732.0502445901566,13.43821766054268,-35.58328957004043,6.888706867576326e-20
1786736942.0743475,twist +X,fast,1786736936.9622536,-473.00929706946135,-179.82308817997352,729.1500655582067,13.48673161349819,-35.4756972802097,6.88541329368622e-20
1786736942.1029785,twist +X,fast,1786736936.9622536,-472.76219757874196,-180.20518451888222,728.8012256624343,13.515388838916355,-35.457164818405765,6.884290035232023e-20
1786736942.1312294,twist +X,fast,1786736936.9622536,-475.4062513244371,-181.71164173800094,714.3244820064501,13.628373130350294,-35.655468849332955,6.898497572782672e-20
1786736942.1616368,twist +X,fast,1786736936.9622536,-476.25640353298377,-183.12413718125708,724.9875906315419,13.73431028859454,-35.71923026497399,6.996624950820996e-20
1786736942.1879885,twist +X,fast,1786736936.9622536,-481.3571293479167,-186.8882576453858,748.2517421473522,14.016619323404061,-36.10178470109386,7.122442539648774e-20
1786736942.2163782,twist +X,fast,1786736936.9622536,-479.07875034109975,-185.9528088300334,749.0133651302885,13.946460662252544,-35.930906275582814,7.046939918173088e-20
1786736942.2447672,twist +X,fast,1786736936.9622536,-477.4903474359626,-185.44495380035107,742.2986942803773,13.908371535026436,-35.81177605769743,6.979390721397796e-20
1786736942.2730136,twist +X,fast,1786736936.9622536,-472.9044582600577,-185.43796310750338,717.558051316284,13.907847233062963,-35.46783436950448,6.842195349935211e-20
1786736942.3016357,twist +X,fast,1786736936.9622536,-475.68822926454277,-187.60911214518808,719.3761596837439,14.070683410889192,-35.6766171948409,6.873212709359368e-20
1786736942.3298702,twist +X,fast,1786736936.9622536,-476.67236230024855,-186.98277811697824,718.8593977803421,14.0237083587736,-35.75042717251886,6.878598961645942e-20
1786736942.3596835,twist +X,fast,1786736936.9622536,-478.4830480062101,-181.51096799062827,722.1225066573834,13.61332259929723,-35.8862286004661,6.836374362231605e-20
1786736942.3867393,twist +X,fast,1786736936.9622536,-476.3265804217481,-176.74365747909133,733.4015795163486,13.255774310932086,-35.72449353163145,6.904338063422532e-20
1786736942.4150748,twist +X,fast,1786736936.9622536,-473.9207059343985,-177.53436309279084,728.2932014904891,13.315077231959545,-35.54405294508001,6.859640822001952e-20
1786736942.4433708,twist +X,fast,1786736936.9622536,-474.03799270678655,-179.2800982239163,733.4574908583681,13.446007366794039,-35.552849453009294,6.882118974500717e-20
1786736942.4718015,twist +X,fast,1786736936.9622536,-476.5543511398196,-181.35532331976538,727.1675823113401,13.601649248982643,-35.74157633548673,6.83860353758733e-20
1786736942.5003753,twist +X,fast,1786736936.9622536,-479.14455621815296,-182.08546304580784,725.5174660644652,13.656409728435758,-35.93584171636169,6.894538981132386e-20
1786736942.528665,twist +X,fast,1786736936.9622536,-476.48572895890993,-184.25433824941058,721.420326217517,13.819075368705935,-35.73642967191854,6.903092456094261e-20
1786736942.5569046,twist +X,fast,1786736936.9622536,-474.69141945405863,-182.52367763048233,716.5613333035899,13.689275822286401,-35.60185645905459,6.86105929209235e-20
1786736942.585335,twist +X,fast,1786736936.9622536,-477.0635671803125,-178.92091128729214,735.3947258845656,13.419068346546975,-35.77976753852365,6.873736296257964e-20
1786736942.6138186,twist +X,fast,1786736936.9622536,-480.2198684074042,-178.5061642626472,735.1196411283836,13.387962319698762,-36.01649013055527,6.915705027414679e-20
1786736942.642084,twist +X,fast,1786736936.9622536,-481.3746150490815,-179.82590144155995,741.8437365144318,13.486942608117143,-36.10309612868129,7.039946516330835e-20
1786736942.6704931,twist +X,fast,1786736936.9622536,-476.80603365579873,-180.10842646615401,720.9357419959197,13.508131984961768,-35.760452524185126,6.933206344524154e-20
1786736942.6989174,twist +X,fast,1786736936.9622536,-474.5257538285978,-179.755533917845,717.1329172900741,13.481665043838515,-35.58943153714493,6.930490350554304e-20
1786736942.7273262,twist +X,fast,1786736936.9622536,-475.2057913617805,-179.94111167318454,714.8116845192862,13.495583375489009,-35.64043435213373,6.809657818125344e-20
1786736942.7556133,twist +X,fast,1786736936.9622536,-475.67923066859976,-179.90762503117082,725.3873493624369,13.493071877338064,-35.67594230014526,6.990856721238163e-20
1786736942.7839196,twist +X,fast,1786736936.9622536,-475.2209609228753,-182.00702065466783,731.1456718075488,13.650526549100316,-35.64157206921583,7.034130610170479e-20
1786736942.81234,twist +X,fast,1786736936.9622536,-476.48515675874387,-182.93457510310998,734.607528172528,13.720093132733464,-35.7363867569059,7.105150740946748e-20
1786736942.84068,twist +X,fast,1786736936.9622536,-477.0518029785012,-184.80819180083347,733.0049187997156,13.860614385062785,-35.77888522338766,7.004396090836021e-20
1786736942.8690398,twist +X,fast,1786736936.9622536,-476.74703628041834,-181.9832782849502,725.0927420664302,13.648745871371542,-35.75602772103179,6.934679360431378e-20
1786736942.8973923,twist +X,fast,1786736936.9622536,-471.90928635507225,-180.84696472825703,714.3290148165534,13.563522354619476,-35.393196476630656,6.812150425240782e-20
1786736942.9259899,twist +X,fast,1786736936.9622536,-469.80862044930973,-181.6032236945813,707.0311249550796,13.620241777093764,-35.23564653369839,6.714251368606472e-20
1786736942.9542525,twist +X,fast,1786736936.9622536,-467.9562516138594,-181.4543664744226,703.2071108367891,13.609077485581924,-35.096718871039684,6.620061999735562e-20
1786736942.9827015,twist +X,fast,1786736936.9622536,-468.2673221406121,-181.68821590150412,710.1611289476768,13.626616192612904,-35.12004916054629,6.73518840987841e-20
1786736943.010946,twist +X,fast,1786736936.9622536,-471.71331464090053,-182.54970673755417,717.7410218202267,13.691228005316848,-35.37849859806787,6.849648220503655e-20
1786736943.0394194,twist +X,fast,1786736936.9622536,-473.9475250345422,-180.5688657076472,722.7679356057761,13.542664928073616,-35.54606437759075,6.912142891067968e-20
1786736943.067922,twist +X,fast,1786736936.9622536,-475.9757523119588,-177.43715665175534,714.2330129973316,13.307786748881998,-35.69818142339721,6.801109180473119e-20
1786736943.096384,twist +X,fast,1786736936.9622536,-473.6432774351374,-175.54508257465488,700.7241370127958,13.165881193099313,-35.52324580763558,6.76716789061593e-20
1786736943.1247458,twist +X,fast,1786736936.9622536,-473.7709902510269,-178.59024903203215,707.2378504469089,13.394268677402575,-35.532824268827184,6.810770366625408e-20
1786736943.1529531,twist +X,fast,1786736936.9622536,-471.33437934099675,-180.439372631747,708.2372676363393,13.532952947381073,-35.35007845057503,6.904186274213763e-20
1786736943.1813993,twist +X,fast,1786736936.9622536,-475.78578655571437,-183.63485820017854,723.527131525726,13.772614365013435,-35.683933991678806,6.968598618926432e-20
1786736943.209763,twist +X,fast,1786736936.9622536,-478.30878982629565,-182.35449663532563,726.3454976735557,13.67658724764961,-35.87315923697223,7.004175585556673e-20
1786736943.2384143,twist +X,fast,1786736936.9622536,-478.2046230076958,-183.645215429328,724.3871777306822,13.773391157199729,-35.86534672557747,6.920656808751764e-20
1786736943.266689,twist +X,fast,1786736936.9622536,-473.895297194455,-179.31343408018176,716.2107823568558,13.448507556013784,-35.54214728958432,6.839541857705996e-20
1786736943.2950802,twist +X,fast,1786736936.9622536,-468.4897781841496,-177.41086266500565,699.7964918129746,13.305814699875672,-35.13673336381139,6.785414108962917e-20
1786736943.3233747,twist +X,fast,1786736936.9622536,-467.4934319673707,-178.31957618126523,706.5802061823379,13.373968213595159,-35.062007397553,6.850927725674296e-20
1786736943.3516617,twist +X,fast,1786736936.9622536,-468.8182336352065,-177.58262134493248,712.2629426008998,13.318696600870073,-35.16136752264072,6.879115605806096e-20
1786736943.3803842,twist +X,fast,1786736936.9622536,-470.8388895460025,-180.4409727073272,724.317748811869,13.533072953049622,-35.312916715950486,6.902563488272114e-20
1786736943.4088461,twist +X,fast,1786736936.9622536,-473.93674348052673,-179.61848739664288,723.0666882938713,13.471386554748552,-35.54525576103976,6.875230700465458e-20
1786736943.4372938,twist +X,fast,1786736936.9622536,-472.9148689838157,-181.34943463516936,718.3942655838055,13.601207597637956,-35.46861517378634,6.848830327338597e-20
1786736943.4655535,twist +X,fast,1786736936.9622536,-472.751360925708,-181.1009012202395,710.2997623987676,13.58256759151811,-35.45635206942825,6.77787996217494e-20
1786736943.4937382,twist +X,fast,1786736936.9622536,-472.20420844160753,-182.20700184240832,710.7457094777692,13.665525138180929,-35.41531563312075,6.789870708770007e-20
1786736943.5222228,twist +X,fast,1786736936.9622536,-470.7543212269661,-182.64512392369704,707.7192943588125,13.698384294277563,-35.30657409202253,6.721230304955447e-20
1786736943.5503168,twist +X,fast,1786736936.9622536,-471.7011308391134,-182.23202329127014,719.2396897389317,13.667401746845517,-35.377584812933684,6.793890868244265e-20
1786736943.5791237,twist +X,fast,1786736936.9622536,-470.8370520770786,-180.75240649778993,719.8205131864088,13.556430487334435,-35.312778905781215,6.83888045910989e-20
1786736943.6072953,twist +X,fast,1786736936.9622536,-472.578897485123,-180.67774881183368,724.4862014951186,13.55083116088775,-35.44341731138452,6.91596517843548e-20
1786736943.6354322,twist +X,fast,1786736936.9622536,-472.95059039267244,-183.577978027232,716.3639252516941,13.768348352042583,-35.47129427945074,6.876530595667666e-20
1786736943.6637912,twist +X,fast,1786736936.9622536,-471.9027823773836,-187.34605501170643,708.9978169839524,14.050954125878274,-35.392708678303855,6.795266729486108e-20
1786736943.6924233,twist +X,fast,1786736936.9622536,-471.4977083473568,-186.89789396047092,706.9046084615047,14.017342047035601,-35.3623281260521,6.764090221053349e-20
1786736943.7209644,twist +X,fast,1786736936.9622536,-470.3183322092432,-183.74965188465126,700.6874864145238,13.78122389134911,-35.27387491569327,6.766070732943678e-20
1786736943.7490058,twist +X,fast,1786736936.9622536,-469.43763100822116,-181.3347099645373,700.6990245411816,13.600103247340446,-35.20782232561685,6.776398326418242e-20
1786736943.7774186,twist +X,fast,1786736936.9622536,-472.4891539276882,-183.68671470043648,709.1599962915634,13.776503602532781,-35.43668654457677,6.867496274046572e-20
1786736943.8057156,twist +X,fast,1786736936.9622536,-474.9812404386453,-186.0865891481019,717.1190651336083,13.956494186107872,-35.62359303289845,6.912133037370655e-20
1786736943.834087,twist +X,fast,1786736936.9622536,-478.30310601719475,-185.78181768261436,725.5165609943597,13.933636326196211,-35.87273295128988,6.998760029031514e-20
1786736943.8628013,twist +X,fast,1786736936.9622536,-476.39870321284616,-184.09691732708097,724.9794257379835,13.807268799531112,-35.729902740963844,6.986275900244482e-20
1786736943.8910134,twist +X,fast,1786736936.9622536,-476.8062511431158,-183.81883092352075,727.6484090635922,13.786412319264148,-35.760468835733924,6.973034355808452e-20
1786736943.9194381,twist +X,fast,1786736936.9622536,-476.2845693068598,-179.49598418502057,724.2149115191851,13.462198813876743,-35.721342698014666,6.946023094869208e-20
1786736943.9478338,twist +X,fast,1786736936.9622536,-476.21569283498275,-179.70135823287433,727.4616468550812,13.477601867465825,-35.71617696262385,6.954932583267037e-20
1786736943.976425,twist +X,fast,1786736936.9622536,-474.1724403979947,-178.81725956520222,725.5189605943142,13.411294467390409,-35.562933029849766,6.954487255365244e-20
1786736944.0045762,twist +X,fast,1786736936.9622536,-476.3218170017617,-183.07941050211969,730.602158334339,13.730955787659195,-35.724136275132274,7.003288620093194e-20
1786736944.033025,twist +X,fast,1786736936.9622536,-478.5396088238308,-183.08275268643627,722.5066177821482,13.731206451482922,-35.8904706617875,6.94623217738255e-20
1786736944.0613234,twist +X,fast,1786736936.9622536,-479.41491601033704,-184.0869103656653,723.6525713455558,13.806518277425145,-35.956118700775555,6.981452921094342e-20
1786736944.089586,twist +X,fast,1786736936.9622536,-478.9674550657487,-183.3229340905433,725.2080582369035,13.749220056790993,-35.922559129931315,6.915408728773592e-20
1786736944.1187513,twist +X,fast,1786736936.9622536,-478.68488157676666,-184.05897415979882,728.9984807843166,13.804423061985094,-35.901366118257634,6.933431196456287e-20
1786736944.1467805,twist +X,fast,1786736936.9622536,-476.6087848729876,-182.18399569033318,725.0335960780913,13.663799676775273,-35.745658865474155,6.873627705443117e-20
1786736944.1750934,twist +X,fast,1786736936.9622536,-474.74100889356214,-181.15120972169848,729.0329488943889,13.586340729127674,-35.605575667017284,6.914129642390158e-20
1786736944.2032673,twist +X,fast,1786736936.9622536,-472.38752457356213,-179.75657409009216,729.242394008349,13.481743056757143,-35.429064343017245,6.903088120972346e-20
1786736944.231404,twist +X,fast,1786736936.9622536,-473.64324138825305,-179.67107075079753,729.2599121372996,13.475330306309932,-35.52324310411907,6.917577287624805e-20
1786736944.2598724,twist +X,fast,1786736936.9622536,-471.18597891305853,-181.0797773918847,706.4761061723339,13.580983304391648,-35.33894841847961,6.812147890018199e-20
1786736944.28846,twist +X,fast,1786736936.9622536,-470.8466234786101,-182.63149013573707,700.2471486884479,13.697361760180396,-35.31349676089595,6.803153763162117e-20
1786736944.3170955,twist +X,fast,1786736936.9622536,-470.6125074899478,-184.79569157580192,698.7436376588776,13.859676868185336,-35.29593806174614,6.810052139286428e-20
1786736944.3451452,twist +X,fast,1786736936.9622536,-473.334682314372,-184.20757866428232,717.3759440102976,13.81556839982137,-35.50010117357813,6.889919600269431e-20
1786736944.373466,twist +X,fast,1786736936.9622536,-474.1418144223071,-181.65738976192085,722.960807660259,13.62430423214423,-35.560636081673096,6.898653689649693e-20
1786736944.4018285,twist +X,fast,1786736936.9622536,-474.49880807306545,-179.92887168491575,727.5511676508859,13.494665376368875,-35.58741060548015,6.925281235536922e-20
1786736944.4303663,twist +X,fast,1786736936.9622536,-474.98620973584366,-177.74776089343015,729.8624877601569,13.33108206700729,-35.62396573018854,6.915003700234355e-20
1786736944.4589496,twist +X,fast,1786736936.9622536,-475.03313601423497,-178.65247762731917,727.9225975005465,13.398935822049221,-35.62748520106781,6.919296836654985e-20
1786736944.487155,twist +X,fast,1786736936.9622536,-474.49332712349496,-178.49121012337423,720.7399261422233,13.386840759253285,-35.58699953426239,6.90558310911222e-20
1786736944.5154471,twist +X,fast,1786736936.9622536,-474.0712452993698,-181.21183002979376,716.0298165218373,13.590887252234818,-35.555343397452816,6.909790696863495e-20
1786736944.5435731,twist +X,fast,1786736936.9622536,-472.26062378488814,-180.98021502590336,715.863909842753,13.57351612694293,-35.41954678386692,6.933350917709798e-20
1786736944.5721805,twist +X,fast,1786736936.9622536,-470.9734388834695,-181.30839025858234,712.293762255189,13.59812926939384,-35.323007916260416,6.85200531905368e-20
1786736944.6003497,twist +X,fast,1786736936.9622536,-472.7661908787363,-180.60749004325237,719.6824798972366,13.54556175324414,-35.4574643159056,6.897665090748956e-20
1786736944.6287389,twist +X,fast,1786736936.9622536,-472.25259158842664,-180.64494904936998,711.9210278561095,13.548371178702855,-35.41894436913223,6.7981656107101e-20
1786736944.657301,twist +X,fast,1786736936.9622536,-471.7449314775431,-181.46391051885234,711.6676668713126,13.609793288914208,-35.380869860816006,6.811817408080561e-20
1786736944.6855304,twist +X,fast,1786736936.9622536,-467.2905078383542,-184.1952771460342,692.5275024719085,13.814645785952838,-35.04678808787678,6.749003475541863e-20
1786736944.713822,twist +X,fast,1786736936.9622536,-468.6529977218561,-184.8318257195359,698.6558010947292,13.86238692896534,-35.14897482913945,6.82865372318979e-20
1786736944.7428594,twist +X,fast,1786736936.9622536,-470.96947056840645,-186.34578186881095,707.6362327248244,13.975933640161028,-35.32271029263049,6.901904455242151e-20
1786736944.770681,twist +X,fast,1786736936.9622536,-474.04246032266747,-183.58920179985273,718.32800976817,13.76919013498922,-35.553184524200134,6.953644421077821e-20
1786736944.7990375,twist +X,fast,1786736936.9622536,-474.2612046148806,-182.99605389616192,720.3370219999961,13.724704042212519,-35.5695903461163,6.96036965195683e-20
1786736944.827431,twist +X,fast,1786736936.9622536,-473.19116453591096,-179.85475686818256,715.8652128523527,13.48910676511385,-35.489337340193565,6.915349758309462e-20
1786736944.8557825,twist +X,fast,1786736936.9622536,-472.17522926083393,-180.3341195750736,715.5414292570094,13.525058968130619,-35.41314219456272,6.846361187135465e-20
1786736944.8842766,twist +X,fast,1786736936.9622536,-474.5159646473462,-182.20653189685277,714.9936178820981,13.665489892264258,-35.58869734855121,6.861620358749799e-20
1786736944.9136856,twist +X,fast,1786736936.9622536,-475.4140314211095,-184.1739048942369,721.7671673296009,13.813042867068024,-35.65605235658345,6.893758592946782e-20
1786736944.9412677,twist +X,fast,1786736936.9622536,-475.7613338339529,-184.87561499929973,728.3166259657219,13.86567112494777,-35.68210003754665,6.9608676543279e-20
1786736944.9695323,twist +X,fast,1786736936.9622536,-473.4951451876159,-184.04322467980398,728.0382808765626,13.803241850985469,-35.51213588907141,6.961736091433338e-20
1786736944.9979348,twist +X,fast,1786736936.9622536,-474.1969624807848,-183.64370651643708,727.4910941272328,13.773277988733067,-35.56477218605912,7.014761317336531e-20
1786736945.026266,twist +X,fast,1786736936.9622536,-475.6856513166649,-180.34146922653656,722.8225166466218,13.525610191990477,-35.67642384875014,6.977941588070002e-20
1786736945.0546956,twist +X,fast,1786736936.9622536,-475.33251684510697,-179.2573826386099,726.8007179493989,13.444303697895943,-35.649938763383155,6.956381029968161e-20
1786736945.0829349,twist +X,fast,1786736936.9622536,-475.3232786675603,-178.57853193293943,731.9512789389128,13.393389894970685,-35.64924590006734,6.926184590478462e-20
1786736945.1121914,twist +X,fast,1786736936.9622536,-473.8940161725577,-180.65803237443174,728.3644200678727,13.549352428082646,-35.542051212941956,6.944970108229093e-20
1786736945.1397455,twist +X,fast,1786736936.9622536,-478.74425487978715,-184.13715102546905,729.2995759934429,13.81028632691029,-35.90581911598433,6.965472627643562e-20
1786736945.1679542,twist +X,fast,1786736936.9622536,-480.9517520123741,-184.5224202720882,739.8355605437337,13.839181520406829,-36.07138140092833,7.036194563599035e-20
1786736945.196619,twist +X,fast,1786736936.9622536,-481.207192769371,-185.5109996126929,741.2577916587061,13.913324970952157,-36.090539457703095,6.997693300532672e-20
1786736945.224791,twist +X,fast,1786736936.9622536,-479.1270855260518,-182.8884962496469,738.9164033815496,13.71663721872368,-35.93453141445403,6.95499989558214e-20
1786736945.2531762,twist +X,fast,1786736936.9622536,-477.61789455200505,-182.60668903734108,730.7736106183065,13.695501677800696,-35.821342091400616,6.917920786589674e-20
1786736945.28165,twist +X,fast,1786736936.9622536,-478.77283569907786,-184.62388523009542,729.3234211233002,13.846791392257291,-35.90796267743107,6.953398842436433e-20
1786736945.3111053,twist +X,fast,1786736936.9622536,-479.4148604699758,-188.0012627418314,732.7064899986863,14.100094705637535,-35.956114535248375,6.983341750007789e-20
1786736945.338518,twist +X,fast,1786736936.9622536,-477.50278565183817,-188.05394419044342,720.4976176234186,14.104045814283428,-35.81270892388825,6.894344566633321e-20
1786736945.36696,twist +X,fast,1786736936.9622536,-478.8053453381249,-188.00981129445097,729.9703308574644,14.10073584708405,-35.91040090035942,6.901503287291165e-20
1786736945.395463,twist +X,fast,1786736936.9622536,-479.42304859207616,-183.6789638749674,728.5862388816649,13.775922290622699,-35.956728644405814,6.904501207301095e-20
1786736945.423415,twist +X,fast,1786736936.9622536,-480.03814386800605,-181.88943503914857,732.118099016282,13.64170762793633,-36.0028607901007,6.944351786535983e-20
1786736945.4520168,twist +X,fast,1786736936.9622536,-477.15294801899563,-179.76919770061193,722.3851471695734,13.482689827546114,-35.78647110142492,6.914776932071222e-20
1786736945.4805005,twist +X,fast,1786736936.9622536,-474.0020876752692,-179.48962412585524,712.6427243752278,13.461721809439315,-35.55015657564519,6.85756847022916e-20
1786736945.5108144,twist +X,fast,1786736936.9622536,-474.09961569918414,-181.94455314207187,712.5915607457837,13.645841485655613,-35.55747117743897,6.861450891321526e-20
1786736945.5371459,twist +X,fast,1786736936.9622536,-474.4696368628902,-182.5300210835992,718.782750808431,13.689751581270112,-35.585222764717045,6.867578538189723e-20
1786736945.5657148,twist +X,fast,1786736936.9622536,-474.006721082063,-183.5933655451887,723.9506481015342,13.769502415889367,-35.55050408115491,6.874675720571798e-20
1786736945.5941036,twist +X,fast,1786736936.9622536,-473.25668610233834,-182.83382478892554,723.6874584822517,13.712536859169614,-35.49425145767555,6.865484536239106e-20
1786736945.6223624,twist +X,fast,1786736936.9622536,-469.8260857467699,-180.28018926288814,709.9772456969322,13.521014194716859,-35.236956431008046,6.781571036930855e-20
1786736945.6507099,twist +X,fast,1786736936.9622536,-469.0651045168029,-180.24330150043568,708.082581695342,13.518247612532836,-35.179882838760406,6.780073728368754e-20
1786736945.6789587,twist +X,fast,1786736936.9622536,-468.9071770317514,-180.48250498131358,705.5622243342004,13.53618787359876,-35.168038277381626,6.732919997490232e-20
1786736945.7088172,twist +X,fast,1786736936.9622536,-472.28768303308107,-184.99973484386965,719.5287351215693,13.87498011329043,-35.421576227481275,6.849246921439961e-20
1786736945.7359633,twist +X,fast,1786736936.9622536,-474.6757601261261,-184.1694499076508,727.8783199613026,13.81270874307398,-35.60068200945971,6.904105008564717e-20
1786736945.7641976,twist +X,fast,1786736936.9622536,-474.2313187141581,-184.7112959996217,727.7572485717947,13.853347199971711,-35.56734890356216,6.962058171378276e-20
1786736945.7926128,twist +X,fast,1786736936.9622536,-474.1026652303308,-180.81025366881556,721.4915896706052,13.560769025161282,-35.55769989227516,7.002097519946429e-20
1786736945.8209958,twist +X,fast,1786736936.9622536,-472.6090065348635,-180.72181933230684,714.8593267827519,13.554136449923117,-35.44567549011488,7.018139352854005e-20
1786736945.8493826,twist +X,fast,1786736936.9622536,-472.7302230019968,-177.83418057955555,714.6681686627071,13.337563543466889,-35.45476672515012,6.983294961798068e-20
1786736945.8777888,twist +X,fast,1786736936.9622536,-470.3667096487734,-176.386947427986,709.45775468389,13.229021057099185,-35.27750322365829,6.838479304324185e-20
1786736945.9076424,twist +X,fast,1786736936.9622536,-470.42302182178037,-175.93348999152101,711.3757447982907,13.195011749364372,-35.28172663663357,6.802976911402516e-20
1786736945.9345613,twist +X,fast,1786736936.9622536,-470.3991305940099,-175.56110979149958,715.5137065922063,13.167083234362789,-35.279934794551,6.733560186891159e-20
1786736945.9631236,twist +X,fast,1786736936.9622536,-472.4517578181467,-177.13645379417244,721.5278192224778,13.285234034563285,-35.43388183636131,6.775678508057046e-20
1786736945.9913156,twist +X,fast,1786736936.9622536,-474.07838810085923,-178.25217299059636,717.7791196294365,13.36891297429499,-35.55587910756474,6.758170771059137e-20
1786736946.0197444,twist +X,fast,1786736936.9622536,-472.7645764161757,-178.13342566168933,707.086318889118,13.360006924627069,-35.457343231213486,6.786861937957978e-20
1786736946.047907,twist +X,fast,1786736936.9622536,-471.11416698383755,-179.82391548911505,704.2747137214019,13.486793661683851,-35.333562523787904,6.783029151158724e-20
1786736946.076372,twist +X,fast,1786736936.9622536,-470.41419016201644,-180.06079770114354,713.3962884177618,13.50455982758604,-35.28106426215147,6.830310123626027e-20
1786736946.104731,twist +X,fast,1786736936.9622536,-473.7518839545437,-183.4256317126517,733.7100545498488,13.756922378448916,-35.53139129659095,6.985693790269976e-20
1786736946.1332653,twist +X,fast,1786736936.9622536,-474.0400821057001,-182.4844467992673,735.7462489964846,13.686333509945133,-35.553006157927705,6.970920233830843e-20
1786736946.1615696,twist +X,fast,1786736936.9622536,-473.89545825260075,-182.4505827172719,730.3785939855288,13.68379370379559,-35.54215936894512,6.972912546940473e-20
1786736946.1901002,twist +X,fast,1786736936.9622536,-471.7084826329351,-180.72253445861315,715.5765819059552,13.554190084396158,-35.378136197470376,6.822498829390465e-20
1786736946.2182755,twist +X,fast,1786736936.9622536,-471.6312321168216,-179.56550359270773,712.4647680452408,13.467412769453187,-35.37234240876196,6.861244531203125e-20
1786736946.2469594,twist +X,fast,1786736936.9622536,-467.29700952697704,-176.30062182558618,705.4292361979924,13.222546636919272,-35.04727571452356,6.729739515610762e-20
1786736946.2750425,twist +X,fast,1786736936.9622536,-468.2962425567771,-175.90556698877901,708.6619605175838,13.192917524158528,-35.122218191758606,6.764490507912898e-20
1786736946.3043525,twist +X,fast,1786736936.9622536,-469.83076050743557,-175.73443257480403,712.6280022738174,13.180082443110425,-35.23730703805788,6.819605927601759e-20
1786736946.3317535,twist +X,fast,1786736936.9622536,-478.3930138043552,-183.35883991023366,725.8430747748926,13.751912993267805,-35.87947603532678,6.96527671825859e-20
1786736946.3606725,twist +X,fast,1786736936.9622536,-479.04508468425684,-183.8058370220225,727.7959780380415,13.785437776651943,-35.92838135131944,6.981339203936149e-20
1786736946.3887944,twist +X,fast,1786736936.9622536,-477.45974925735254,-185.19496839035685,723.1658544923284,13.889622629276953,-35.809481194301675,6.867823921626372e-20
1786736946.4170012,twist +X,fast,1786736936.9622536,-471.82832550505736,-179.7076623560189,712.5791898840253,13.478074676701706,-35.38712441287952,6.815486213980688e-20
1786736946.4453597,twist +X,fast,1786736936.9622536,-474.0724208830661,-181.10676330497085,717.1723348184478,13.583007247872995,-35.555431566230084,6.86063951003967e-20
1786736946.4737482,twist +X,fast,1786736936.9622536,-476.63968015168166,-179.27624015133222,720.9540686079581,13.445718011350177,-35.74797601137635,6.913056854981096e-20
1786736946.503798,twist +X,fast,1786736936.9622536,-476.8018876254873,-180.73315827995873,719.2269405397201,13.55498687099701,-35.76014157191178,6.889885505846765e-20
1786736946.530588,twist +X,fast,1786736936.9622536,-477.3343319969608,-181.5598005227638,722.092476701323,13.61698503920746,-35.800074899772284,6.888061242143e-20
1786736946.5591311,twist +X,fast,1786736936.9622536,-474.02858805421283,-180.10271450945402,716.6332708710415,13.507703588209242,-35.55214410406616,6.838754123069305e-20
1786736946.5874014,twist +X,fast,1786736936.9622536,-472.7493035546313,-178.14642258399,713.6630125017518,13.360981693799634,-35.45619776659745,6.855640671460327e-20
1786736946.6158254,twist +X,fast,1786736936.9622536,-466.7590370520843,-175.57496837604583,695.9869752172972,13.168122628203644,-35.006927778906515,6.749376302097508e-20
1786736946.6443837,twist +X,fast,1786736936.9622536,-472.0897516853943,-178.48539228279526,708.6506484099937,13.386404421209814,-35.406731376404814,6.875248336099551e-20
1786736946.6725018,twist +X,fast,1786736936.9622536,-472.4699016643399,-179.3427326518521,710.1623390494651,13.450704948889157,-35.43524262482556,6.888002445810198e-20
1786736946.7027717,twist +X,fast,1786736936.9622536,-475.1492300819659,-181.40544047052424,713.5427689354483,13.605408035289589,-35.636192256147694,6.924851249181725e-20
1786736946.7293131,twist +X,fast,1786736936.9622536,-472.04908978163303,-180.9252052543884,705.3596560921887,13.569390394079267,-35.403681733622605,6.811329390817616e-20
1786736946.7577024,twist +X,fast,1786736936.9622536,-473.23319669596185,-179.3511423669862,711.8378817772336,13.451335677524153,-35.49248975219733,6.745881369500295e-20
1786736946.7859242,twist +X,fast,1786736936.9622536,-473.0402618391872,-177.7284419993906,716.3183479207728,13.329633149954493,-35.47801963793922,6.74470271712707e-20
1786736946.8144221,twist +X,fast,1786736936.9622536,-474.9313765335505,-178.325388532053,721.1720022973004,13.374404139904254,-35.619853240016376,6.894595964614516e-20
1786736946.8425817,twist +X,fast,1786736936.9622536,-472.7129630160912,-181.35317798069673,713.2234608084145,13.60148834855234,-35.45347222620708,6.930098745620708e-20
1786736946.8711538,twist +X,fast,1786736936.9622536,-471.8751081805349,-182.16705239058,706.2885601589551,13.662528929293675,-35.3906331135402,6.990055396393878e-20
1786736946.901276,twist +X,fast,1786736936.9622536,-471.1067624307884,-183.6952247493656,705.5661447817529,13.777141856202608,-35.3330071823093,6.90748672274736e-20
1786736946.9279852,twist +X,fast,1786736936.9622536,-473.1099398741603,-184.08659091340803,715.6737487952714,13.806494318505859,-35.48324549056221,6.940524711300244e-20
1786736946.9562387,twist +X,fast,1786736936.9622536,-471.8695503368849,-184.29023385731114,715.4701807755155,13.821767539298467,-35.39021627526664,6.872282451845661e-20
1786736946.985249,twist +X,fast,1786736936.9622536,-471.96770184258776,-185.25656302860477,715.8736579453862,13.894242227145607,-35.3975776381942,6.892455280383369e-20
1786736947.0130908,twist +X,fast,1786736936.9622536,-472.9174708242217,-182.06508159556995,711.0334148963057,13.65488111966798,-35.46881031181687,6.89837646250028e-20
1786736947.0413258,twist +X,fast,1786736936.9622536,-475.4350630226036,-180.70008786843164,720.0299689166086,13.552506590132534,-35.657629726695575,6.920539626087497e-20
1786736947.0698018,twist +X,fast,1786736936.9622536,-473.934656860245,-178.9191361672439,718.1806622273516,13.41893521254364,-35.5450992645186,6.889382314080831e-20
1786736947.099257,twist +X,fast,1786736936.9622536,-473.94185254639524,-182.04943153552335,713.8751232697787,13.653707365164411,-35.5456389409799,6.877583214796543e-20
1786736947.1264107,twist +X,fast,1786736936.9622536,-472.7279335115368,-185.71608162517532,709.433199476236,13.92870612188825,-35.454595013365434,6.819976961797749e-20
1786736947.1547666,twist +X,fast,1786736936.9622536,-474.35714187082476,-185.92574231298158,712.6638188414663,13.9444306734738,-35.576785640312046,6.841094441391566e-20
1786736947.1832113,twist +X,fast,1786736936.9622536,-473.85813567540754,-185.25222307649108,723.1215655116439,13.89391673073698,-35.53936017565576,6.914966766056317e-20
1786736947.211946,twist +X,fast,1786736936.9622536,-473.99356909565495,-180.8227641104794,723.0401647709214,13.561707308286035,-35.54951768217433,6.947406832655038e-20
1786736947.2401805,twist +X,fast,1786736936.9622536,-472.92273283824716,-179.74034181109266,720.4988804417635,13.480525635832084,-35.46920496286881,6.936646700751146e-20
1786736947.2682908,twist +X,fast,1786736936.9622536,-473.77740719052736,-179.8853909651299,712.6472529714656,13.491404322385034,-35.53330553928971,6.840780767437231e-20
1786736947.2969584,twist +X,fast,1786736936.9622536,-474.81349704104287,-181.49026277359542,717.9946989840582,13.611769708019818,-35.611012278078405,6.888101447100033e-20
1786736947.325441,twist +X,fast,1786736936.9622536,-475.4362125663879,-181.94879650095652,719.7024811518322,13.646159737572038,-35.65771594247934,6.91421583377294e-20
1786736947.353565,twist +X,fast,1786736936.9622536,-475.62526713405305,-178.57485975220618,730.5257424629735,13.393114481415669,-35.67189503505417,6.923370483974308e-20
1786736947.3821151,twist +X,fast,1786736936.9622536,-474.6547882432192,-178.8064527722463,727.7646102919052,13.41048395791874,-35.59910911824162,6.969730973869964e-20
1786736947.4105432,twist +X,fast,1786736936.9622536,-472.56788664264104,-180.28522412277232,721.9831302482935,13.52139180920813,-35.44259149819834,6.90392860163236e-20
1786736947.4387674,twist +X,fast,1786736936.9622536,-470.47867354952814,-183.3863058192636,712.6241374677966,13.753972936444935,-35.28590051621485,6.88212536999304e-20
1786736947.4672678,twist +X,fast,1786736936.9622536,-470.0613467351318,-183.39666550303446,713.5259717163963,13.754749912727828,-35.25460100513504,6.783197205740467e-20
1786736947.4974532,twist +X,fast,1786736936.9622536,-469.4138097365985,-179.7812160303638,711.9492467914024,13.483591202277434,-35.20603573024507,6.81719032426821e-20
1786736947.5240133,twist +X,fast,1786736936.9622536,-472.28159921069846,-179.70091940685302,717.1810657167243,13.47756895551436,-35.421119940802576,6.884797317486594e-20
1786736947.5523562,twist +X,fast,1786736936.9622536,-473.2324930921113,-179.22148122060048,713.1122995026408,13.441611091545273,-35.492436981908604,6.937172820256699e-20
1786736947.5806668,twist +X,fast,1786736936.9622536,-474.4815893874429,-181.1850428057486,712.1006128457511,13.588878210431385,-35.586119204058505,6.938521981466595e-20
1786736947.6089368,twist +X,fast,1786736936.9622536,-471.63015950194495,-180.39056555648438,705.5684929254412,13.529292416736535,-35.37226196264617,6.910962627734713e-20
1786736947.6379232,twist +X,fast,1786736936.9622536,-471.92188095704705,-179.51639242330555,710.7891307239079,13.463729431748025,-35.394141071778634,6.892709124204997e-20
1786736947.665835,twist +X,fast,1786736936.9622536,-474.6455680790018,-179.65954293867082,721.2155265491201,13.474465720400556,-35.59841760592528,6.929107233970813e-20
1786736947.694901,twist +X,fast,1786736936.9622536,-474.33546301954857,-181.52381145650656,715.5449184749496,13.614285859238212,-35.575159726466474,6.948763861324194e-20
1786736947.722783,twist +X,fast,1786736936.9622536,-478.44255051287473,-186.69589888280098,723.280771444417,14.00219241621004,-35.88319128846577,7.013057056318702e-20
1786736947.7509482,twist +X,fast,1786736936.9622536,-474.48293246379035,-186.29835219018344,715.5778448186711,13.972376414264051,-35.586219934784445,6.927976045006849e-20
1786736947.7798092,twist +X,fast,1786736936.9622536,-476.84199151005714,-189.0878484020908,723.0352186817936,14.181588630156998,-35.76314936325437,6.925548991794582e-20
1786736947.8081462,twist +X,fast,1786736936.9622536,-474.8019139614935,-185.34642869514562,716.754925996288,13.900982152136262,-35.6101435471123,6.890522602504097e-20
1786736947.8362567,twist +X,fast,1786736936.9622536,-475.8277160804232,-184.99175974868626,726.1896284747445,13.874381981151675,-35.687078706031784,6.920137721715953e-20
1786736947.8647213,twist +X,fast,1786736936.9622536,-472.05427871346274,-180.91516583864018,715.6892582781757,13.568637437898172,-35.40407090351006,6.812431726695262e-20
1786736947.8929858,twist +X,fast,1786736936.9622536,-471.93806752921,-183.15730442961853,712.8820016901282,13.736797832221693,-35.395355064690975,6.768790169772129e-20
1786736947.9212215,twist +X,fast,1786736936.9622536,-475.5910515492619,-187.9128802884294,709.9468095637658,14.093466021632505,-35.669328866194775,6.785736280317103e-20
1786736947.9496489,twist +X,fast,1786736936.9622536,-476.1083267705353,-187.2242643735533,720.1115526636904,14.041819828016866,-35.70812450779019,6.870196985186672e-20
1786736947.978562,twist +X,fast,1786736936.9622536,-475.2528700818457,-183.49286466530566,718.8333790619017,13.76196484989811,-35.64396525613857,6.917623953214033e-20
1786736948.0069144,twist +X,fast,1786736936.9622536,-473.1710725945509,-178.9706313600742,720.8869804295564,13.422797352005869,-35.487830444591474,6.930069160190967e-20
1786736948.034744,twist +X,fast,1786736936.9622536,-475.0454517594603,-179.7026042106662,720.3043689231226,13.477695315800279,-35.62840888195971,6.915192556642023e-20
1786736948.063272,twist +X,fast,1786736936.9622536,-474.836884029462,-182.25851848147465,717.4404780660725,13.66938888611077,-35.61276630221,6.86514985605682e-20
1786736948.0923207,twist +X,fast,1786736936.9622536,-470.70010909349,-183.09560780721404,703.5215709201575,13.73217058554108,-35.30250818201203,6.747312119443307e-20
1786736948.1198707,twist +X,fast,1786736936.9622536,-471.3725113083128,-185.49250691395616,710.9253419392244,13.911938018546802,-35.3529383481236,6.774165195301953e-20
1786736948.1482115,twist +X,fast,1786736936.9622536,-467.2416356602412,-185.32671661629513,704.1868634990306,13.89950374622222,-35.04312267451821,6.70249394980322e-20
1786736948.176874,twist +X,fast,1786736936.9622536,-471.3057250377974,-188.03970216347682,711.783047989009,14.102977662260923,-35.34792937783508,6.78279691221203e-20
1786736948.2050364,twist +X,fast,1786736936.9622536,-470.7608778024769,-185.561151554273,708.1470797351376,13.917086366570732,-35.30706583518595,6.735308950131029e-20
1786736948.2333477,twist +X,fast,1786736936.9622536,-474.20541150743065,-185.93123444694515,717.7929563505841,13.944842583521169,-35.565405863057464,6.826872626619734e-20
1786736948.2618275,twist +X,fast,1786736936.9622536,-472.9972493951086,-182.89318354772809,718.9743115966457,13.71698876607974,-35.474793704633306,6.822624531450918e-20
1786736948.291144,twist +X,fast,1786736936.9622536,-472.56848693268284,-184.13581906903732,720.0993608978624,13.810186430177996,-35.442636519951364,6.864145726024437e-20
1786736948.318813,twist +X,fast,1786736936.9622536,-473.39252177952403,-182.95773458574763,727.1283162944428,13.721830093931178,-35.50443913346454,6.907744011182536e-20
1786736948.3469405,twist +X,fast,1786736936.9622536,-474.00625529721265,-183.37347490680008,730.4835395703649,13.753010618010297,-35.55046914729115,6.887476488283124e-20
1786736948.3752928,twist +X,fast,1786736936.9622536,-472.65157923276684,-179.71873284614173,719.2910293619252,13.47890496346091,-35.44886844245755,6.798551721685719e-20
1786736948.4039485,twist +X,fast,1786736936.9622536,-471.68905080772765,-180.10542434248487,717.206362026488,13.507906825686536,-35.37667881057977,6.782178623639888e-20
1786736948.4325633,twist +X,fast,1786736936.9622536,-473.3868432905342,-180.45217686059357,715.2240074973961,13.533913264544783,-35.50401324679044,6.821912129528863e-20
1786736948.4607415,twist +X,fast,1786736936.9622536,-476.60818731600284,-180.86318432961832,728.5319482145896,13.56473882472174,-35.745614048700325,6.929070913842411e-20
1786736948.489364,twist +X,fast,1786736936.9622536,-473.6015751965788,-179.6497257722234,717.4825934372911,13.473729432916937,-35.520118139743566,6.851640288686775e-20
1786736948.5173452,twist +X,fast,1786736936.9622536,-473.6021776118978,-179.94170490570173,719.2040508864493,13.495627867927961,-35.520163320892536,6.905080301135177e-20
1786736948.545603,twist +X,fast,1786736936.9622536,-471.96986993824385,-184.8381513387434,710.6312001105616,13.862861350405975,-35.39774024536865,6.843148326177558e-20
1786736948.5740771,twist +X,fast,1786736936.9622536,-475.0036145774952,-185.45890254886046,710.2037066342646,13.909417691164766,-35.62527109331242,6.90902903032616e-20
1786736948.6024883,twist +X,fast,1786736936.9622536,-474.8638842637888,-188.4829900632369,704.328316794391,14.136224254743023,-35.61479131978448,6.910673743152289e-20
1786736948.630746,twist +X,fast,1786736936.9622536,-474.0471347107491,-185.39284317403087,711.1842311648743,13.904463238052596,-35.55353510330621,6.913631669933383e-20
1786736948.6592894,twist +X,fast,1786736936.9622536,-475.27676808689876,-186.37280680437004,712.2667714588179,13.977960510327964,-35.64575760651775,6.867283675176491e-20
1786736948.6874077,twist +X,fast,1786736936.9622536,-473.71915651120344,-184.7676014100632,715.1139734149829,13.857570105755013,-35.52893673834042,6.81197541054555e-20
1786736948.715848,twist +X,fast,1786736936.9622536,-474.1518038369063,-185.3339859666089,710.8171705320738,13.900048947495858,-35.561385287768175,6.806300231586865e-20
1786736948.7445652,twist +X,fast,1786736936.9622536,-473.9056682110154,-184.7944806665845,722.8313108593247,13.859586049994046,-35.54292511582642,6.909149470380859e-20
1786736948.7726464,twist +X,fast,1786736936.9622536,-475.53006035840644,-181.99550701305407,723.5415047082633,13.649663025979283,-35.66475452688064,6.92630700813619e-20
1786736948.8015351,twist +X,fast,1786736936.9622536,-477.12350142974674,-182.43962002067371,727.9522889215332,13.682971501550671,-35.78426260723121,6.955632600224768e-20
1786736948.8294675,twist +X,fast,1786736936.9622536,-476.14472709626807,-180.42975464245626,723.9001042166474,13.532231598184271,-35.710854532220274,6.940624134509397e-20
1786736948.85791,twist +X,fast,1786736936.9622536,-473.07989124572623,-181.49596088080602,719.4216792085972,13.612197066060812,-35.480991843429564,6.88528627344841e-20
1786736948.886751,twist +X,fast,1786736936.9622536,-474.24393544842815,-182.55055259549943,716.8885582264265,13.691291444662763,-35.56829515863232,6.934015165492055e-20
1786736948.914945,twist +X,fast,1786736936.9622536,-476.1287454393614,-182.4304844485688,721.9033060809079,13.682286333642804,-35.70965590795227,6.833912303591798e-20
1786736948.942946,twist +X,fast,1786736936.9622536,-477.3007081714495,-182.7319570163777,724.9945724072177,13.704896776228626,-35.797553112858765,6.858688180880072e-20
1786736948.9712164,twist +X,fast,1786736936.9622536,-477.25685337221057,-181.4704476179346,725.5004246507679,13.610283571345324,-35.79426400291608,6.920528788400894e-20
1786736948.9997654,twist +X,fast,1786736936.9622536,-474.36794617147007,-181.63999610087694,716.6916727011967,13.622999707565906,-35.57759596286055,6.923527462125097e-20
1786736949.0280006,twist +X,fast,1786736936.9622536,-478.1842822074632,-180.234417170004,728.5184558077344,13.517581287750527,-35.86382116555987,6.993962407360904e-20
1786736949.0564363,twist +X,fast,1786736936.9622536,-477.0310703484124,-177.98629978369615,726.9831316354393,13.348972483777462,-35.77733027613115,6.884190863017976e-20
1786736949.0866177,twist +X,fast,1786736936.9622536,-477.6037034808496,-176.9403937670969,735.9629754663829,13.270529532532525,-35.82027776106376,6.90931976681235e-20
1786736949.1132777,twist +X,fast,1786736936.9622536,-473.20541673848084,-177.04921358500587,725.0879093531848,13.278691018875538,-35.490406255386326,6.825149914661538e-20
1786736949.142,twist +X,fast,1786736936.9622536,-473.16395329494344,-179.15603265611117,731.3040453829299,13.436702449208692,-35.487296497120745,6.886140013680638e-20
1786736949.1700418,twist +X,fast,1786736936.9622536,-475.11840837761974,-183.06188616785255,720.160576848526,13.729641462589083,-35.633880628321634,6.881488283996086e-20
1786736949.198557,twist +X,fast,1786736936.9622536,-476.5302133778255,-182.23586768760185,721.0000368226738,13.667690076570292,-35.73976600333714,6.900091713917456e-20
1786736949.2269504,twist +X,fast,1786736936.9622536,-476.0236333522553,-182.27336693691416,716.2224437878212,13.670502520268645,-35.70177250141936,6.893983474503252e-20
1786736949.2552161,twist +X,fast,1786736936.9622536,-474.87513433782397,-181.1205959482935,728.6810366787795,13.584044696122309,-35.61563507533699,6.945578881584945e-20
1786736949.283478,twist +X,fast,1786736936.9622536,-474.0049084685302,-180.6096279685488,723.712748480767,13.545722097641299,-35.55036813513996,6.972131340413108e-20
1786736949.3117373,twist +X,fast,1786736936.9622536,-473.44429665079815,-180.62024933354803,717.3677939895351,13.54651870001629,-35.5083222488099,6.888354365608841e-20
1786736949.3405604,twist +X,fast,1786736936.9622536,-475.1911573156485,-180.6313923267262,714.8534133120211,13.54735442450463,-35.639336798673696,6.91762900843659e-20
1786736949.3687093,twist +X,fast,1786736936.9622536,-475.91601057437265,-186.7182921766656,716.9081856546882,14.003871913250013,-35.69370079307822,6.913121615944897e-20
1786736949.396784,twist +X,fast,1786736936.9622536,-476.6940020145239,-187.98182798871278,721.1579182443029,14.098637099153674,-35.75205015108952,6.942907786545135e-20
1786736949.4251473,twist +X,fast,1786736936.9622536,-471.34912517780594,-186.10813098012284,709.2470590617477,13.958109823509371,-35.35118438833572,6.756053073454073e-20
1786736949.4537265,twist +X,fast,1786736936.9622536,-470.7821784344774,-180.16262441539482,711.3451802325453,13.512196831154764,-35.30866338258586,6.731719946582297e-20
1786736949.4820182,twist +X,fast,1786736936.9622536,-471.15774215642386,-176.9405867813507,726.7501957589657,13.270544008601657,-35.33683066173192,6.806564979664518e-20
1786736949.5104737,twist +X,fast,1786736936.9622536,-474.5323738011739,-176.8725832410429,737.7162424707085,13.265443743078482,-35.58992803508809,6.954942292189875e-20
1786736949.5389228,twist +X,fast,1786736936.9622536,-475.64286454996454,-177.94312915516923,737.2016465411134,13.345734686637929,-35.67321484124753,6.961793650571325e-20
1786736949.56724,twist +X,fast,1786736936.9622536,-475.1205234754261,-181.16808806679012,720.9064168205132,13.58760660500943,-35.634039260657175,6.857133509192092e-20
1786736949.5954788,twist +X,fast,1786736936.9622536,-475.8008829317073,-181.77412421435258,721.3509923963857,13.633059316076729,-35.685066219878024,6.778819397389326e-20
1786736949.6241426,twist +X,fast,1786736936.9622536,-472.12903970274283,-179.54445225439974,711.7260645818596,13.465833919080293,-35.4096779777059,6.737653987380408e-20
1786736949.6539385,twist +X,fast,1786736936.9622536,-470.64949031455035,-180.17228066811913,710.05134140467,13.512921050109231,-35.298711773591556,6.788606433197548e-20
1786736949.6806283,twist +X,fast,1786736936.9622536,-469.40827501834065,-180.16159132065184,704.63355024046,13.512119349049176,-35.20562062637551,6.870467331441556e-20
1786736949.7090118,twist +X,fast,1786736936.9622536,-472.02192947645653,-183.2350751914613,705.481002364425,13.742630639359806,-35.40164471073443,6.82231579954853e-20
1786736949.7373805,twist +X,fast,1786736936.9622536,-477.6501008325349,-180.05686272964897,722.1397218988577,13.504264704723884,-35.82375756244021,6.802437999259136e-20
1786736949.7660687,twist +X,fast,1786736936.9622536,-477.14733301338265,-181.44267151941744,726.2255796960071,13.608200363956275,-35.78604997600378,6.829427892267034e-20
1786736949.7941768,twist +X,fast,1786736936.9622536,-476.48004336890335,-182.7616758015107,734.6646571359024,13.707125685113585,-35.73600325266802,6.952479015960237e-20
1786736949.8229244,twist +X,fast,1786736936.9622536,-471.7426284837006,-182.63295962759366,721.1260304343996,13.697471972069788,-35.38069713627762,6.932512858119302e-20
1786736949.8522692,twist +X,fast,1786736936.9622536,-472.11993935118153,-181.03858623823248,721.3297848170296,13.577893967867727,-35.40899545133875,6.844350899723577e-20
1786736949.8792253,twist +X,fast,1786736936.9622536,-475.9895871993335,-179.9750891521611,729.1326181279774,13.498131686412354,-35.6992190399501,6.841737955414124e-20
1786736949.9081218,twist +X,fast,1786736936.9622536,-475.5563606099845,-180.79006960159973,726.8832923828431,13.559255220120225,-35.6667270457491,6.851748932160235e-20
1786736949.9359558,twist +X,fast,1786736936.9622536,-473.90088996097893,-179.84695328278656,718.0935187950845,13.488521496209213,-35.542566747073714,6.793279196881681e-20
1786736949.9645061,twist +X,fast,1786736936.9622536,-468.7130643681867,-178.90453138421196,705.6843567077003,13.417839853815973,-35.15347982761427,6.741984671869362e-20
1786736949.9928157,twist +X,fast,1786736936.9622536,-469.8217654757841,-179.16958462949924,709.299941139715,13.437718847212654,-35.23663241068395,6.77751013312164e-20
1786736950.021307,twist +X,fast,1786736936.9622536,-473.7066775075309,-181.80114831905564,715.8706043633292,13.63508612392926,-35.52800081306493,6.874458267617756e-20
1786736950.049618,twist +X,fast,1786736936.9622536,-475.29442069993956,-179.95863301139445,719.4245490755538,13.496897475854727,-35.64708155249568,6.928630563959654e-20
1786736950.078156,twist +X,fast,1786736936.9622536,-477.3550197417303,-182.2680699527142,721.319820643529,13.67010524645374,-35.80162648062987,6.927588296111379e-20
1786736950.1065433,twist +X,fast,1786736936.9622536,-477.090252630323,-181.20471459105204,730.2762027046165,13.59035359432907,-35.78176894727425,6.934027253658807e-20
1786736950.1348953,twist +X,fast,1786736936.9622536,-477.4513000910406,-183.6354500249621,732.0192661998271,13.77265875187248,-35.808847506828144,6.914731203564538e-20
1786736950.1633239,twist +X,fast,1786736936.9622536,-474.0717401719626,-180.31318821873117,726.6582344511662,13.523489116405035,-35.55538051289743,6.876011400130181e-20
1786736950.1915617,twist +X,fast,1786736936.9622536,-471.2211812790247,-178.5433319296319,710.9528860526325,13.390749894722621,-35.341588595926986,6.816497434340165e-20
1786736950.2198522,twist +X,fast,1786736936.9622536,-471.50261047370304,-179.8156194715241,704.154049165355,13.48617146036445,-35.362695785528,6.773028795660598e-20
1786736950.2506378,twist +X,fast,1786736936.9622536,-472.18718012384716,-180.65157871906035,706.7704822616242,13.548868403929905,-35.41403850928872,6.781926464030687e-20
1786736950.2766962,twist +X,fast,1786736936.9622536,-473.99775891603304,-182.88035129484945,716.1389556743752,13.71602634711395,-35.54983191870255,6.860885470626602e-20
1786736950.305148,twist +X,fast,1786736936.9622536,-471.87200179377123,-180.39046998373965,717.3855465020097,13.529285248780727,-35.390400134533024,6.847494309690396e-20
1786736950.333263,twist +X,fast,1786736936.9622536,-472.2118500755896,-181.38137535521082,712.1316947726264,13.603603151640943,-35.41588875566939,6.832704984755011e-20
1786736950.3617299,twist +X,fast,1786736936.9622536,-472.4695644741673,-180.97935083492894,707.4199890638265,13.573451312619913,-35.43521733556265,6.834565287436255e-20
1786736950.3902044,twist +X,fast,1786736936.9622536,-472.79043862146864,-185.4744469647659,703.587370400368,13.910583522357772,-35.45928289661038,6.874770423225613e-20
1786736950.41859,twist +X,fast,1786736936.9622536,-473.53427068672727,-186.02933398320238,709.6827244245751,13.952200048740341,-35.51507030150459,6.890332914644055e-20
1786736950.4477785,twist +X,fast,1786736936.9622536,-472.41875753726526,-185.60637249002605,714.336337931808,13.920477936752203,-35.43140681529521,6.843522080220484e-20
1786736950.475204,twist +X,fast,1786736936.9622536,-476.11027144101945,-184.8387861193229,725.2074273942862,13.86290895894933,-35.70827035807672,6.872942507238145e-20
1786736950.5039723,twist +X,fast,1786736936.9622536,-476.39491307093294,-182.79251053599012,729.6914371968869,13.709438290199518,-35.729618480320156,6.94522387523488e-20
1786736950.532132,twist +X,fast,1786736936.9622536,-476.4574187985422,-184.1766837089201,724.0036924714359,13.813251278169115,-35.734306409890905,6.966073486621073e-20
1786736950.5605545,twist +X,fast,1786736936.9622536,-474.74216736325343,-180.70280604300376,715.8425050733249,13.55271045322554,-35.60566255224421,6.865067601801644e-20
1786736950.5888996,twist +X,fast,1786736936.9622536,-473.50955636973686,-181.3354859504533,710.7949975301799,13.600161446284101,-35.5132167277304,6.80642278098838e-20
1786736950.6172278,twist +X,fast,1786736936.9622536,-474.6147977009691,-178.46673136563595,710.4607251082934,13.385004852422913,-35.59610982757302,6.812032230457043e-20
1786736950.6456604,twist +X,fast,1786736936.9622536,-474.7177260859835,-178.9644438058691,720.7870266874652,13.422333285440462,-35.603829456449034,6.900210067128018e-20
1786736950.6740353,twist +X,fast,1786736936.9622536,-475.4778153420707,-179.63470042208712,719.4382871460257,13.472602531656758,-35.66083615065542,6.859814219673644e-20
1786736950.7022874,twist +X,fast,1786736936.9622536,-474.26879067841037,-180.55079044821798,725.7835661412846,13.54130928361668,-35.57015930088097,6.854993590526832e-20
1786736950.730836,twist +X,fast,1786736936.9622536,-476.8428190875384,-181.662572177554,726.5471378331649,13.62469291331676,-35.76321143156553,6.863900137159434e-20
1786736950.7592387,twist +X,fast,1786736936.9622536,-476.7299904230681,-181.11398339290918,727.7344701269567,13.583548754468392,-35.75474928173026,6.896645243312778e-20
1786736950.7873256,twist +X,fast,1786736936.9622536,-478.1320195794201,-179.17277332938954,722.9362969019394,13.437957999704533,-35.85990146845679,6.863215617640339e-20
1786736950.815832,twist +X,fast,1786736936.9622536,-474.62647359756056,-179.5090990460136,713.8513724824743,13.463182428451123,-35.596985519817224,6.80305292555348e-20
1786736950.844259,twist +X,fast,1786736936.9622536,-470.701054971385,-179.30069690519713,696.5063905377674,13.44755226788995,-35.30257912285396,6.707409082721526e-20
1786736950.872553,twist +X,fast,1786736936.9622536,-468.9888672065813,-180.63278176144343,701.6213609839488,13.547458632108462,-35.17416504049384,6.684062628964786e-20
1786736950.9010503,twist +X,fast,1786736936.9622536,-469.7222158341697,-180.03400809724315,707.8146206224837,13.502550607293497,-35.22916618756302,6.732050805709396e-20
1786736950.9293041,twist +X,fast,1786736936.9622536,-473.6856109164969,-181.59609691483763,725.6218311076218,13.61970726861291,-35.526420818737385,6.832667953967165e-20
1786736950.9577882,twist +X,fast,1786736936.9622536,-475.58721588418075,-182.59872833102156,722.1621392336765,13.694904624826908,-35.669041191313774,6.866205419082563e-20
1786736950.9860706,twist +X,fast,1786736936.9622536,-474.43252310204116,-182.16822134060465,716.8857419761316,13.66261660054548,-35.582439232653314,6.846076677341496e-20
1786736951.0144439,twist +X,fast,1786736936.9622536,-471.4432703754046,-177.50122892802165,709.0945653766494,13.312592169601704,-35.358245278155565,6.821934315342355e-20
1786736951.0428786,twist +X,fast,1786736936.9622536,-472.79203059269594,-181.603222918705,713.1234030359983,13.62024171890322,-35.45940229445241,6.852978295910096e-20
1786736951.0711174,twist +X,fast,1786736936.9622536,-474.5824699767686,-182.03142201710773,718.351461979586,13.652356651283366,-35.593685248257906,6.884094291199769e-20
1786736951.099949,twist +X,fast,1786736936.9622536,-481.20246410452637,-184.93269564208856,738.7817991216189,13.869952173156822,-36.09018480783977,6.938249443752352e-20
1786736951.1279075,twist +X,fast,1786736936.9622536,-479.1182948819819,-182.19876366588142,732.9508743722481,13.664907274941218,-35.933872116148834,6.94114284454004e-20
1786736951.1562622,twist +X,fast,1786736936.9622536,-478.26948349907616,-184.54630821021112,729.6891705085454,13.840973115766065,-35.870211262430836,6.94597140673279e-20
1786736951.1847074,twist +X,fast,1786736936.9622536,-474.9731190610373,-184.4435252645584,716.3764846621889,13.833264394841965,-35.62298392957792,6.903205789083434e-20
1786736951.212936,twist +X,fast,1786736936.9622536,-474.97396729739285,-184.53771865056785,715.2396346450942,13.840328898792723,-35.6230475473047,6.895246773942529e-20
1786736951.2414691,twist +X,fast,1786736936.9622536,-475.36975185931806,-181.4865608722033,717.1026521219756,13.611492065415543,-35.65273138944912,6.881042346603303e-20
1786736951.2711325,twist +X,fast,1786736936.9622536,-473.46968474441155,-182.46125751891395,717.4754141785561,13.684594313918776,-35.51022635583103,6.910973536232194e-20
1786736951.2982662,twist +X,fast,1786736936.9622536,-474.42157799305687,-183.21153205314351,725.3263029153122,13.74086490398594,-35.581618349479506,6.935222924589667e-20
1786736951.326502,twist +X,fast,1786736936.9622536,-475.3380561591366,-184.75674154084288,720.3721056497425,13.856755615563454,-35.65035421193551,6.947659570724538e-20
1786736951.3549428,twist +X,fast,1786736936.9622536,-476.72737998421826,-183.65050565257968,711.9559963586262,13.773787923943825,-35.75455349881663,6.896895334947844e-20
1786736951.383307,twist +X,fast,1786736936.9622536,-476.12771830848305,-182.15470879583347,707.7493645527056,13.661603159687832,-35.70957887313647,6.87570810056334e-20
1786736951.411663,twist +X,fast,1786736936.9622536,-473.5243755776496,-179.52359978437767,714.4974476503821,13.46426998382849,-35.51432816832393,6.864702509372244e-20
1786736951.440361,twist +X,fast,1786736936.9622536,-472.80408602806983,-176.59426646794134,723.9401206200428,13.244569985095797,-35.46030645210546,6.880309349845858e-20
1786736951.4700806,twist +X,fast,1786736936.9622536,-471.9266959947281,-178.63677673698146,718.5767007501536,13.397758255273832,-35.39450219960483,6.90270584221347e-20
1786736951.4969668,twist +X,fast,1786736936.9622536,-475.8099378864149,-180.64400616721514,723.6138369726023,13.548300462541416,-35.685745341481216,6.874935140532087e-20
1786736951.5252593,twist +X,fast,1786736936.9622536,-475.59002478721504,-185.64064751831063,717.0040200748135,13.923048563873412,-35.669251859041225,6.852856521126532e-20
1786736951.553848,twist +X,fast,1786736936.9622536,-475.0898243096831,-181.39462492798646,717.2597462192452,13.604596869599217,-35.63173682322649,6.831437191051483e-20
1786736951.582051,twist +X,fast,1786736936.9622536,-471.4493420735016,-180.2623608477919,708.3556493629612,13.5196770635845,-35.358700655512855,6.842523642957199e-20
1786736951.6104858,twist +X,fast,1786736936.9622536,-470.643529236806,-176.45722218383253,709.6206509496669,13.23429166378769,-35.2982646927606,6.849308296754785e-20
1786736951.6390612,twist +X,fast,1786736936.9622536,-471.9684531448265,-181.14416718815062,709.8101241555532,13.585812539111455,-35.39763398586205,6.850314821086384e-20
1786736951.66823,twist +X,fast,1786736936.9622536,-472.77001303435054,-182.65244373283917,710.0152603099204,13.698933279963033,-35.457750977576666,6.837200710155029e-20
1786736951.6958666,twist +X,fast,1786736936.9622536,-474.3374678269929,-185.24366146344835,710.428776148442,13.893274609758908,-35.57531008702483,6.939709919789557e-20
1786736951.7241774,twist +X,fast,1786736936.9622536,-474.2747832156774,-186.02040854162942,712.5080350470162,13.951530640622412,-35.57060874117586,6.932808081070832e-20
1786736951.7522771,twist +X,fast,1786736936.9622536,-472.8106603873034,-183.3222834262598,711.6411538412731,13.749171256969621,-35.460799529047925,6.967619009305106e-20
1786736951.780665,twist +X,fast,1786736936.9622536,-470.54415421581916,-182.50480759810307,706.1465473603448,13.687860569857865,-35.29081156618654,6.876656768418965e-20
1786736951.809068,twist +X,fast,1786736936.9622536,-466.580865875148,-177.64436187950548,695.9231393897708,13.32332714096302,-34.9935649406364,6.806944849207995e-20
1786736951.8375797,twist +X,fast,1786736936.9622536,-466.76657429316765,-179.63245770482547,690.2800610799331,13.472434327861894,-35.00749307198782,6.711107507862104e-20
1786736951.866164,twist +X,fast,1786736936.9622536,-466.3716692444473,-179.61047457609982,691.8929555770819,13.470785593207669,-34.977875193333745,6.635630778102861e-20
1786736951.8945308,twist +X,fast,1786736936.9622536,-473.54792931396105,-183.64523334859643,708.6278301726334,13.773392501144922,-35.51609469854725,6.75091279302871e-20
1786736951.9226737,twist +X,fast,1786736936.9622536,-477.0432710751252,-184.8962259478484,722.9436903580872,13.867216946088778,-35.77824533063456,6.871742756167487e-20
1786736951.9510472,twist +X,fast,1786736936.9622536,-479.94662199067443,-185.4599885964019,731.7831081145496,13.909499144730194,-35.99599664930078,6.979762717199158e-20
1786736951.9794755,twist +X,fast,1786736936.9622536,-476.89074938834347,-185.95732053042184,723.1606627089659,13.946799039781727,-35.76680620412578,6.949120479408646e-20
1786736952.0080485,twist +X,fast,1786736936.9622536,-476.31529699950624,-183.83073051544943,719.4758907534915,13.787304788658854,-35.72364727496326,6.899200219528621e-20
1786736952.036145,twist +X,fast,1786736936.9622536,-475.536978043604,-181.8810617799885,714.3944687700241,13.641079633499192,-35.66527335327052,6.878008896188645e-20
1786736952.0646126,twist +X,fast,1786736936.9622536,-475.85361386779095,-180.88849241086507,719.7250793275134,13.56663693081504,-35.68902104008459,6.892313077126368e-20
1786736952.0931985,twist +X,fast,1786736936.9622536,-472.81999082575567,-179.7882251890196,710.8176040329045,13.48411688917648,-35.46149931193195,6.896867494682007e-20
1786736952.1216636,twist +X,fast,1786736936.9622536,-473.5026700140984,-183.2570429061493,715.8194855225856,13.744278217961334,-35.512700251057446,6.964969674691237e-20
1786736952.149822,twist +X,fast,1786736936.9622536,-473.2947653446131,-181.01152091212384,716.2606435383195,13.575864068409533,-35.49710740084605,6.975354001803259e-20
1786736952.1785243,twist +X,fast,1786736936.9622536,-473.11895535613166,-182.8748600952024,713.1442888035044,13.715614507140256,-35.483921651710205,6.98266389080563e-20
1786736952.206468,twist +X,fast,1786736936.9622536,-472.7012803489688,-182.70422657758525,711.4965651529719,13.702816993319008,-35.452596026172706,7.027763052158276e-20
1786736952.2348242,twist +X,fast,1786736936.9622536,-471.40163925051365,-182.2551588224768,706.0104363283908,13.669136911685893,-35.35512294378861,6.967020893181122e-20
1786736952.2650657,twist +X,fast,1786736936.9622536,-471.3716601819865,-185.45468800553135,707.6486522520863,13.909101600414953,-35.3528745136492,6.914528205108813e-20
1786736952.2916386,twist +X,fast,1786736936.9622536,-473.9906458286014,-184.98958416697462,721.3551913286346,13.874218812523214,-35.54929843714553,6.926056299890645e-20
1786736952.3200781,twist +X,fast,1786736936.9622536,-476.65642030078743,-185.8332367971991,735.2663916345209,13.937492759790086,-35.74923152255923,6.987171507894815e-20
1786736952.3483436,twist +X,fast,1786736936.9622536,-477.62703291867865,-181.69690221867666,738.0739688366693,13.627267666401128,-35.82202746890103,6.977798110022802e-20
1786736952.3769536,twist +X,fast,1786736936.9622536,-475.17481460699446,-178.96895707252406,723.4853317391844,13.422671780439511,-35.63811109552466,6.827399542706918e-20
1786736952.4052124,twist +X,fast,1786736936.9622536,-472.79545798973777,-179.75248424212202,714.7806676059554,13.481436318159371,-35.459659349230336,6.764474319549204e-20
1786736952.4336452,twist +X,fast,1786736936.9622536,-471.54593100394686,-179.97494803696918,715.5721053087091,13.498121102772902,-35.36594482529629,6.822010595495761e-20
1786736952.4617834,twist +X,fast,1786736936.9622536,-470.19286713068095,-181.37337592726533,713.1218425553761,13.603003194545007,-35.26446503480125,6.851876708223397e-20
1786736952.490244,twist +X,fast,1786736936.9622536,-470.64725625470055,-181.42513627940252,712.6437943792844,13.606885220955352,-35.29854421910281,6.826997005333258e-20
1786736952.5187695,twist +X,fast,1786736936.9622536,-474.89348627440404,-184.10198821583992,726.3730815624267,13.807649116188227,-35.61701147058051,6.884362568612849e-20
1786736952.5471482,twist +X,fast,1786736936.9622536,-476.08325564154575,-181.1605490240371,727.8666999443285,13.587041176803073,-35.70624417311603,6.853737316923306e-20
1786736952.5755079,twist +X,fast,1786736936.9622536,-475.3675472385248,-180.4969150195866,725.0511271802716,13.537268626469054,-35.65256604288942,6.899563377339667e-20
1786736952.6037068,twist +X,fast,1786736936.9622536,-473.20479026692783,-178.59306180029125,716.1203474749827,13.394479635022062,-35.49035927001972,6.862679447764184e-20
1786736952.6321115,twist +X,fast,1786736936.9622536,-473.1290259227567,-183.7972055642971,710.9473762574771,13.784790417322501,-35.48467694420688,6.92176444697473e-20
1786736952.6609569,twist +X,fast,1786736936.9622536,-472.81719662529304,-183.36657952302596,717.7985904374436,13.75249346422709,-35.46128974689732,6.933197098114866e-20
1786736952.6888785,twist +X,fast,1786736936.9622536,-472.02733191883544,-182.8525943057067,716.2421677188659,13.713944572928288,-35.402049893912746,6.908496089388567e-20
1786736952.7174559,twist +X,fast,1786736936.9622536,-473.39561659768106,-182.85772929578138,725.1989089082717,13.714329697183725,-35.5046712448263,6.871229975356645e-20
1786736952.7456348,twist +X,fast,1786736936.9622536,-475.0375958201371,-184.2858437899672,717.9669376290394,13.821438284247844,-35.62781968651053,6.826181021532488e-20
1786736952.7739968,twist +X,fast,1786736936.9622536,-474.73272921711214,-183.28595668399703,713.8236236400744,13.746446751299946,-35.60495469128353,6.823418237339637e-20
1786736952.8025968,twist +X,fast,1786736936.9622536,-470.82745976514207,-183.7312014785258,702.4522770829526,13.779840110889776,-35.31205948238589,6.781007358108844e-20
1786736952.8309078,twist +X,fast,1786736936.9622536,-468.9254620134616,-183.8259749623578,699.5408630901711,13.786948122177005,-35.169409651009886,6.812274160930449e-20
1786736952.859192,twist +X,fast,1786736936.9622536,-470.2278061927668,-185.13153457295334,704.968845007229,13.884865092971733,-35.26708546445763,6.84026491161798e-20
1786736952.8876398,twist +X,fast,1786736936.9622536,-472.2487768553883,-183.44481603007114,712.5349330488834,13.758361202255461,-35.418658264154246,6.905893355805618e-20
1786736952.9159014,twist +X,fast,1786736936.9622536,-474.1707951526155,-181.4862972808529,719.24725003613,13.611472296064253,-35.5628096364464,6.933463495226382e-20
1786736952.9442763,twist +X,fast,1786736936.9622536,-475.76057476662936,-183.1782183872666,710.5024014868186,13.738366379045193,-35.68204310749735,6.828713422521125e-20
1786736952.9726403,twist +X,fast,1786736936.9622536,-475.53274821015157,-181.31034192970378,705.036579436819,13.59827564472796,-35.66495611576152,6.821285591379584e-20
1786736953.0009334,twist +X,fast,1786736936.9622536,-476.0127946237162,-181.47154489118498,713.3049768841493,13.61036586683922,-35.70095959677894,6.855554083680053e-20
1786736953.029622,twist +X,fast,1786736936.9622536,-473.54455128064,-179.14563001259955,719.781183930053,13.435922250945143,-35.51584134604824,6.95277762672162e-20
1786736953.05838,twist +X,fast,1786736936.9622536,-474.91151044044864,-179.69406443689923,733.4375670951995,13.477054832767625,-35.618363283033815,6.974787529924785e-20
1786736953.0861704,twist +X,fast,1786736936.9622536,-473.95003390612055,-182.25284604899537,722.5520473552633,13.668963453674888,-35.54625254295917,6.9228765357854e-20
1786736953.1144798,twist +X,fast,1786736936.9622536,-472.9218244442227,-183.2463470902759,719.6164435035616,13.743476031770879,-35.4691368333169,6.89045367150535e-20
1786736953.1432207,twist +X,fast,1786736936.9622536,-472.2968384645219,-184.32699138404166,717.715244447415,13.824524353803387,-35.42226288483938,6.920199409601281e-20
1786736953.171341,twist +X,fast,1786736936.9622536,-470.46285118009473,-181.20651584640757,711.4780461158907,13.590488688480729,-35.284713838507244,6.856495352994493e-20
1786736953.199747,twist +X,fast,1786736936.9622536,-471.732239029679,-181.41765443066527,718.4733499052527,13.60632408230018,-35.37991792722618,6.920016992706888e-20
1786736953.2284648,twist +X,fast,1786736936.9622536,-471.0253193076355,-181.9577271713075,715.0429285104947,13.646829537848138,-35.32689894807286,6.905063368760094e-20
1786736953.2569876,twist +X,fast,1786736936.9622536,-472.52844740525506,-183.3732972548088,724.3477444615655,13.752997294110745,-35.43963355539446,6.967910521224597e-20
1786736953.2851157,twist +X,fast,1786736936.9622536,-473.3357925943824,-183.74200579172089,723.2290203377861,13.780650434379229,-35.50018444457887,6.919566693119547e-20
1786736953.3135178,twist +X,fast,1786736936.9622536,-470.9532023208626,-182.63315716108275,713.6964329270804,13.697486787081463,-35.32149017406493,6.851361257669034e-20
1786736953.342065,twist +X,fast,1786736936.9622536,-470.3515056735919,-183.13235449040496,710.7049612431983,13.734926586780677,-35.2763629255194,6.800788876373341e-20
1786736953.370294,twist +X,fast,1786736936.9622536,-469.83572523634257,-181.5055930798377,711.5630793166483,13.612919480988158,-35.23767939272571,6.876835292295152e-20
1786736953.3988156,twist +X,fast,1786736936.9622536,-474.2018114785519,-182.38341774257583,723.549404960504,13.678756330693307,-35.565135860891644,6.921807376369943e-20
1786736953.4269366,twist +X,fast,1786736936.9622536,-474.54977297461846,-182.7588240573998,721.474030280725,13.706911804305246,-35.59123297309646,6.952760221784092e-20
1786736953.4555926,twist +X,fast,1786736936.9622536,-474.9157344538439,-183.26546625576952,716.2469303937505,13.744909969182874,-35.61868008403835,6.865282435807007e-20
1786736953.483572,twist +X,fast,1786736936.9622536,-473.18189934923566,-181.6741582583545,712.3014064735289,13.625561869376686,-35.488642451192796,6.811415982116313e-20
1786736953.5120575,twist +X,fast,1786736936.9622536,-473.6181378940196,-179.68528512836792,717.3705931563645,13.476396384627808,-35.521360342051686,6.850755303737822e-20
1786736953.5405097,twist +X,fast,1786736936.9622536,-473.3629177943217,-178.65628901185744,720.1221422686849,13.399221675889404,-35.50221883457428,6.838733217273121e-20
1786736953.5689843,twist +X,fast,1786736936.9622536,-476.37729106850065,-182.53640703998735,724.2830213555335,13.690230527999109,-35.72829683013785,6.924262148726525e-20
1786736953.5971165,twist +X,fast,1786736936.9622536,-475.7102270272285,-183.02154286279995,720.7474470488532,13.72661571471009,-35.67826702704243,6.828396500300645e-20
1786736953.6258945,twist +X,fast,1786736936.9622536,-475.92902185703997,-184.5968432332254,723.3117581099132,13.844763242492167,-35.69467663927819,6.863746953127854e-20
1786736953.6542258,twist +X,fast,1786736936.9622536,-475.53283451868174,-185.05186703925756,727.0115817643873,13.878890027944632,-35.66496258890128,6.834505104317221e-20
1786736953.6823316,twist +X,fast,1786736936.9622536,-475.11178846720713,-186.0681339854708,722.534119101867,13.955110048910544,-35.633384135040636,6.908727963240641e-20
1786736953.7106955,twist +X,fast,1786736936.9622536,-472.7281564007408,-187.042193807113,717.1093981209478,14.028164535533744,-35.45461173005559,6.895646508013779e-20
1786736953.7393184,twist +X,fast,1786736936.9622536,-467.8259170724082,-182.86754884032666,698.3793854527248,13.715066163024797,-35.08694378043062,6.811255930686658e-20
1786736953.7675295,twist +X,fast,1786736936.9622536,-469.17284592565375,-181.6410191622349,703.0210382564173,13.623076437167814,-35.187963444424106,6.794737937395265e-20
1786736953.795917,twist +X,fast,1786736936.9622536,-471.0453669307053,-176.58431892172905,714.0382435170359,13.24382391912987,-35.32840251980314,6.819762499839883e-20
1786736953.824353,twist +X,fast,1786736936.9622536,-473.9881522756268,-175.7055385378734,726.0364932757511,13.177915390340939,-35.549111420672226,6.890624635121152e-20
1786736953.8530715,twist +X,fast,1786736936.9622536,-472.7738215416143,-175.85487946755632,724.8024139458557,13.189115960066932,-35.458036615621204,6.901949326517474e-20
1786736953.8810792,twist +X,fast,1786736936.9622536,-474.76707113904695,-181.7465277367054,718.0580850181423,13.630989580252969,-35.60753033542874,6.965844519291683e-20
1786736953.909494,twist +X,fast,1786736936.9622536,-477.19138081037545,-184.4233459428816,723.1134619074683,13.831750945716319,-35.7893535607783,6.988711360752978e-20
1786736953.93784,twist +X,fast,1786736936.9622536,-479.9852897082437,-183.27535882111272,732.3897595347071,13.745651911583646,-35.99889672811862,6.991461170157757e-20
1786736953.9665174,twist +X,fast,1786736936.9622536,-478.0098431938368,-182.20750788337375,729.8337677111413,13.66556309125325,-35.85073823953805,6.903654397872369e-20
1786736953.9948165,twist +X,fast,1786736936.9622536,-476.8285326668133,-178.95487930704496,725.6994492963977,13.421615948028606,-35.762139950011125,6.839194001260494e-20
1786736954.023122,twist +X,fast,1786736936.9622536,-475.31894587468605,-181.81836961729323,716.0893364345111,13.636377721297226,-35.64892094060152,6.822767188412082e-20
1786736954.051405,twist +X,fast,1786736936.9622536,-474.7903260014814,-180.33360506645693,724.2147045044967,13.5250203799844,-35.60927445011134,6.872636456091168e-20
1786736954.0803869,twist +X,fast,1786736936.9622536,-471.6402055160065,-183.22299908448645,715.3875034667644,13.74172493133673,-35.37301541370076,6.841506585728062e-20
1786736954.1083007,twist +X,fast,1786736936.9622536,-470.62991630265014,-180.8226150555696,714.1728404634205,13.561696129167853,-35.297243722698944,6.847864658711781e-20
1786736954.1367173,twist +X,fast,1786736936.9622536,-473.4037024253753,-182.21673600719862,712.1192778347167,13.666255200540096,-35.50527768190322,6.787203165059407e-20
1786736954.1651425,twist +X,fast,1786736936.9622536,-474.3269472538923,-183.09274737726867,719.3628439691074,13.731956053295288,-35.574521044042,6.817981972334459e-20
1786736954.193595,twist +X,fast,1786736936.9622536,-474.189843183849,-183.1720466985554,723.1102127817603,13.737903502391777,-35.564238238788825,6.814989094072268e-20
1786736954.2222679,twist +X,fast,1786736936.9622536,-472.22714167011964,-182.1159233762296,717.8978466681401,13.658694253217465,-35.417035625259196,6.827129227688278e-20
1786736954.250484,twist +X,fast,1786736936.9622536,-472.72389380638106,-179.40138401052934,717.7989044377118,13.455103800789804,-35.454292035478844,6.87621435710802e-20
1786736954.2783837,twist +X,fast,1786736936.9622536,-473.50430713353035,-179.94509149723012,723.400021644884,13.495881862292439,-35.51282303501504,6.946396169275126e-20
1786736954.3070073,twist +X,fast,1786736936.9622536,-473.8357160406381,-182.1263264126602,727.3094898332347,13.659474480949559,-35.53767870304817,6.992257920030214e-20
1786736954.3353775,twist +X,fast,1786736936.9622536,-475.8375048751991,-183.1873126028687,730.8068434140478,13.739048445215321,-35.68781286563996,7.002109199875322e-20
1786736954.3636286,twist +X,fast,1786736936.9622536,-475.4081740100946,-182.10342948404798,730.1892520752672,13.657757211303764,-35.65561305075723,7.015345973160863e-20
1786736954.3921266,twist +X,fast,1786736936.9622536,-475.737650503384,-180.84749212692032,727.9938282347375,13.563561909519184,-35.68032378775381,6.983411031978698e-20
1786736954.4204085,twist +X,fast,1786736936.9622536,-475.7870031795378,-180.49219369394257,725.2140484015908,13.536914527045912,-35.68402523846556,7.019361931593781e-20
1786736954.449087,twist +X,fast,1786736936.9622536,-476.76567054864427,-183.65863911878353,726.234102889709,13.774397933908968,-35.75742529114851,6.950328521040509e-20
1786736954.4772441,twist +X,fast,1786736936.9622536,-475.2504725105473,-180.19299088014088,723.8029656448771,13.514474316010894,-35.643785438291204,6.9560790047568e-20
1786736954.505404,twist +X,fast,1786736936.9622536,-475.9964790921267,-181.3435332221427,727.6143249603037,13.600764991660906,-35.699735931909714,6.934456594736655e-20
1786736954.5339022,twist +X,fast,1786736936.9622536,-475.6605576883876,-179.34264385648987,727.82663967809,13.450698289236957,-35.67454182662926,6.973385783435418e-20
1786736954.5623424,twist +X,fast,1786736936.9622536,-475.24548999343915,-181.27920976502776,725.3963384004846,13.595940732377311,-35.64341174950816,6.952194444567873e-20
1786736954.5904567,twist +X,fast,1786736936.9622536,-471.18259369911175,-182.91708376292536,710.4562203204623,13.718781282219577,-35.3386945274336,6.913726347545603e-20
1786736954.6192877,twist +X,fast,1786736936.9622536,-471.1671763697218,-183.3812852164433,703.3033142022305,13.753596391233518,-35.33753822772933,6.860930286261405e-20
1786736954.6473265,twist +X,fast,1786736936.9622536,-473.5467765806916,-184.79969054407422,709.6198544381632,13.859976790805806,-35.516008243552285,6.85447465059588e-20
1786736954.6759467,twist +X,fast,1786736936.9622536,-474.4938884823132,-183.72491616084733,713.8634334831986,13.77936871206391,-35.58704163617379,6.872325301091373e-20
1786736954.7039976,twist +X,fast,1786736936.9622536,-475.00070469393813,-186.0255279073839,714.4962982176958,13.951914593053889,-35.62505285204527,6.898781672982918e-20
1786736954.7325652,twist +X,fast,1786736936.9622536,-472.4310978970361,-184.88227961446398,706.8183351105026,13.866170971084994,-35.43233234227806,6.818289359324511e-20
1786736954.760849,twist +X,fast,1786736936.9622536,-473.00221141758493,-182.4852649839587,713.6689574964039,13.686394873797024,-35.475165856319,6.801113985679963e-20
1786736954.789426,twist +X,fast,1786736936.9622536,-471.3739105922459,-180.45401462898087,710.5638022660778,13.53405109717374,-35.35304329441864,6.756721202011505e-20
1786736954.8176744,twist +X,fast,1786736936.9622536,-471.9743609977827,-182.1559080344589,704.0781817457873,13.661693102584618,-35.39807707483382,6.80216404861286e-20
1786736954.8458967,twist +X,fast,1786736936.9622536,-472.13766925549317,-183.4327831050648,707.2927388369135,13.757458732880071,-35.41032519416213,6.798070303905591e-20
1786736954.8746107,twist +X,fast,1786736936.9622536,-471.3700310180566,-183.2542578593708,703.9337773179841,13.744069339452917,-35.352752326354334,6.83262336201236e-20
1786736954.9029274,twist +X,fast,1786736936.9622536,-472.5129607887661,-180.90578356238677,717.0216705162084,13.56793376717923,-35.43847205915765,6.877130986341309e-20
1786736954.9312012,twist +X,fast,1786736936.9622536,-471.3159200427003,-179.43149353242234,710.3865472934858,13.457362014931885,-35.34869400320265,6.831486230197517e-20
1786736954.9602447,twist +X,fast,1786736936.9622536,-474.0105588264382,-180.81044174095052,714.5446779242584,13.560783130571611,-35.55079191198307,6.867422408299534e-20
1786736954.9877908,twist +X,fast,1786736936.9622536,-472.93521918368606,-184.82317143045805,710.3090803358109,13.861737857284442,-35.470141438776636,6.913471356364547e-20
1786736955.016028,twist +X,fast,1786736936.9622536,-470.7449759292672,-182.5673405077505,705.48097288393,13.692550538081552,-35.30587319469523,6.932086663685722e-20
1786736955.0447495,twist +X,fast,1786736936.9622536,-469.8773962690789,-181.3729214703036,707.366003862061,13.602969110272955,-35.24080472018107,6.929259583474068e-20
1786736955.0729573,twist +X,fast,1786736936.9622536,-470.62070833727876,-178.55485149092817,717.0589750053996,13.391613861819874,-35.29655312529601,6.934104536014791e-20
1786736955.1014075,twist +X,fast,1786736936.9622536,-473.5785015939905,-182.45176220931455,731.1070520849798,13.683882165698758,-35.51838761954943,7.014829251021374e-20
1786736955.1297758,twist +X,fast,1786736936.9622536,-472.05705598949817,-180.79311157223174,735.0671584839756,13.559483367917512,-35.4042791992126,6.991934786638131e-20
1786736955.1580775,twist +X,fast,1786736936.9622536,-471.7644740346209,-180.32061469003293,733.7989277477163,13.524046101752592,-35.382335552596864,6.980508733906847e-20
1786736955.1863177,twist +X,fast,1786736936.9622536,-470.3857241885271,-180.47815782506734,725.7685098768916,13.535861836880368,-35.27892931413978,6.942815135391589e-20
1786736955.2149038,twist +X,fast,1786736936.9622536,-470.27811296207256,-182.75831635305883,721.0557508762322,13.706873726479525,-35.27085847215574,6.963277225376074e-20
1786736955.243355,twist +X,fast,1786736936.9622536,-469.16625311982443,-180.44771920610071,716.7747760676648,13.533578940457804,-35.18746898398724,6.9517134139601e-20
1786736955.2716954,twist +X,fast,1786736936.9622536,-468.88469333655985,-178.63607053207727,717.9320711639957,13.397705289906025,-35.16635200024235,6.959959653280887e-20
1786736955.3002193,twist +X,fast,1786736936.9622536,-470.24919727126826,-179.2465422097273,724.5577524364253,13.443490665729687,-35.268689795345416,6.996243979431437e-20
1786736955.328637,twist +X,fast,1786736936.9622536,-468.5087894345738,-182.68462008005872,718.1167760562157,13.701346506004608,-35.13815920759336,6.9508284272227e-20
1786736955.3568606,twist +X,fast,1786736936.9622536,-471.6892284155251,-184.03689574026885,726.3149748011201,13.802767180520366,-35.37669213116447,7.014751161334364e-20
1786736955.385395,twist +X,fast,1786736936.9622536,-467.9729886937107,-185.4804071680786,711.0886305331296,13.911030537606134,-35.097974152028584,6.908867023443856e-20
1786736955.4135787,twist +X,fast,1786736936.9622536,-469.6413586593221,-186.63499572856915,716.1281599545591,13.997624679642907,-35.22310189944933,6.995628403310891e-20
1786736955.4419742,twist +X,fast,1786736936.9622536,-468.0293169273227,-188.89239573056273,703.8184843757999,14.166929679792378,-35.102198769549396,6.931903299111606e-20
1786736955.470363,twist +X,fast,1786736936.9622536,-472.0039616775348,-186.7240356334679,712.6207117483755,14.004302672510438,-35.400297125815435,6.990204756180486e-20
1786736955.498852,twist +X,fast,1786736936.9622536,-474.32842425048557,-183.8871837505095,724.3937335770133,13.791538781288313,-35.5746318187865,6.97222303917839e-20
1786736955.527153,twist +X,fast,1786736936.9622536,-474.4395827239632,-182.90481981097605,732.4762902103148,13.717861485823608,-35.582968704297464,6.999798489713291e-20
1786736955.5556252,twist +X,fast,1786736936.9622536,-472.7098940313399,-181.91747154105167,733.7169770464243,13.643810365579068,-35.45324205235087,6.971447278137401e-20
1786736955.5842514,twist +X,fast,1786736936.9622536,-470.6033631070495,-182.50623036224476,727.7463928692832,13.687967277168514,-35.29525223302884,7.00704546049778e-20
1786736955.6124613,twist +X,fast,1786736936.9622536,-470.1995811192023,-182.30136652007502,726.5065957804354,13.672602489005829,-35.26496858394039,7.02654902059766e-20
1786736955.6410723,twist +X,fast,1786736936.9622536,-470.80958387047303,-182.5100487922938,723.6026683397677,13.688253659422333,-35.31071879028567,6.993505412122457e-20
1786736955.6691036,twist +X,fast,1786736936.9622536,-471.5784186991759,-183.46082786500176,720.1807933543114,13.75956208987542,-35.36838140243859,6.957679725049205e-20
1786736955.6974356,twist +X,fast,1786736936.9622536,-472.00907301240113,-182.41886944987414,725.5561491040835,13.68141520874077,-35.40068047593036,6.947897681375602e-20
1786736955.7258086,twist +X,fast,1786736936.9622536,-471.38427145805554,-181.69678099686246,730.3643753637052,13.627258574764927,-35.3538203593544,7.012136280987676e-20
1786736955.7540748,twist +X,fast,1786736936.9622536,-469.84920774993,-181.04109128781795,726.597041551272,13.578081846586482,-35.23869058124501,6.981676137022462e-20
1786736955.7823648,twist +X,fast,1786736936.9622536,-469.6691752091988,-181.03562338487154,724.5437026908785,13.577671753865648,-35.22518814069018,6.96234243217562e-20
1786736955.8112185,twist +X,fast,1786736936.9622536,-469.4266530330906,-184.58794147905405,716.8703449145978,13.844095610929298,-35.20699897748187,6.931467998734147e-20
1786736955.8403194,twist +X,fast,1786736936.9622536,-470.5686514463505,-185.0000038245447,713.5210230789262,13.875000286841075,-35.2926488584765,6.893921470175471e-20
1786736955.8676958,twist +X,fast,1786736936.9622536,-471.15134540939243,-184.68812353627084,717.6351216340836,13.851609265220485,-35.33635090570475,6.954619733439859e-20
1786736955.8962271,twist +X,fast,1786736936.9622536,-471.6062956968526,-182.53357516693893,726.4078952479877,13.690018137520564,-35.370472177264304,6.995423451575148e-20
1786736955.9245443,twist +X,fast,1786736936.9622536,-472.43311289701705,-183.94059445281653,731.0134451270415,13.795544583961533,-35.4324834672764,7.046584846023145e-20
1786736955.953192,twist +X,fast,1786736936.9622536,-470.14668820710494,-182.63679579976247,720.5041811259971,13.697759684982412,-35.26100161553312,6.920274044671127e-20
1786736955.9815521,twist +X,fast,1786736936.9622536,-470.0660278875107,-181.97683306137162,718.726467063093,13.648262479603108,-35.254952091563275,6.907796108356825e-20
1786736956.009491,twist +X,fast,1786736936.9622536,-468.84952223054506,-179.63183410052193,720.0612886466415,13.472387557539474,-35.16371416729099,6.879763141685179e-20
1786736956.0380971,twist -X,fast,1786736956.034645,-471.1779777342931,-181.2767927680137,721.3818938898221,13.595759457601371,-35.33834833007222,6.957311899635562e-20
1786736956.066202,twist -X,fast,1786736956.034645,-472.301997810237,-181.63954656482156,721.3381037356767,13.622965992361916,-35.422649835768006,6.941496997994071e-20
1786736956.0945046,twist -X,fast,1786736956.034645,-470.93138533295905,-181.25216179059942,719.4319032744306,13.59391213429517,-35.3198538999721,6.91595107742715e-20
1786736956.1230772,twist -X,fast,1786736956.034645,-470.8136242661717,-181.78695059901986,725.2575928583001,13.63402129492665,-35.31102181996314,6.919418463408059e-20
1786736956.1516623,twist -X,fast,1786736956.034645,-470.80442861320716,-181.79494640338532,727.1383108650743,13.634620980254287,-35.310332145990834,6.954764081416038e-20
1786736956.1800032,twist -X,fast,1786736956.034645,-470.8925631248485,-183.59502022102777,717.0926725861364,13.769626516577386,-35.31694223436372,6.992413745876346e-20
1786736956.2081277,twist -X,fast,1786736956.034645,-468.71613789758976,-183.9046775022831,705.8628560255829,13.792850812671464,-35.15371034231932,6.991543284656256e-20
1786736956.236863,twist -X,fast,1786736956.034645,-468.01636599266385,-184.72392855812222,706.2261287458577,13.854294641859543,-35.10122744945007,6.964455242519623e-20
1786736956.2647986,twist -X,fast,1786736956.034645,-469.1965350147693,-183.25759942527327,721.5530464827725,13.744319956895712,-35.18974012610794,6.981094524621221e-20
1786736956.2931678,twist -X,fast,1786736956.034645,-469.83928949558185,-181.32811431765072,727.4918660297872,13.599608573824032,-35.23794671216892,6.99222547942393e-20
1786736956.3214853,twist -X,fast,1786736956.034645,-468.40221727248854,-178.04152500337955,724.4379870179546,13.353114375253643,-35.13016629543695,6.942174604865116e-20
1786736956.3498769,twist -X,fast,1786736956.034645,-466.51909484298403,-178.47780812018402,717.5705895010151,13.385835609014041,-34.98893211322401,6.889018383569685e-20
1786736956.3789122,twist -X,fast,1786736956.034645,-467.25290235574766,-179.6881193842645,717.8492704098926,13.476608953819973,-35.04396767668132,6.854813656257576e-20
1786736956.4066503,twist -X,fast,1786736956.034645,-468.2342360210828,-182.88470173416897,719.0180653290281,13.716352630062925,-35.1175677015813,6.933896442041125e-20
1786736956.4349735,twist -X,fast,1786736956.034645,-470.3128708039894,-183.48679383299657,716.2307658469135,13.76150953747496,-35.27346531029939,6.974974311449652e-20
1786736956.463282,twist -X,fast,1786736956.034645,-470.82881768292646,-182.46466337023492,723.1370630643933,13.684849752767764,-35.31216132621989,7.02956836313308e-20
1786736956.491652,twist -X,fast,1786736956.034645,-471.30658447700125,-181.78656889599358,722.2739679501738,13.633992667199774,-35.347993835775284,6.952426894247001e-20
1786736956.5204992,twist -X,fast,1786736956.034645,-473.7422288973007,-181.81804661103058,732.8325722155269,13.636353495827404,-35.53066716729773,6.980763090869533e-20
1786736956.5485687,twist -X,fast,1786736956.034645,-472.4639413062491,-181.7260193263911,725.0793719148187,13.629451449479458,-35.43479559796886,6.947962752351271e-20
1786736956.576889,twist -X,fast,1786736956.034645,-472.984122507195,-183.43118474255948,721.8056134259659,13.757338855692186,-35.473809188039965,6.980665591486708e-20
1786736956.605104,twist -X,fast,1786736956.034645,-469.94295522014363,-182.58668170968213,712.4183278927712,13.694001128226237,-35.24572164151112,6.924202054481299e-20
1786736956.6336813,twist -X,fast,1786736956.034645,-469.110824709966,-182.0803503401106,705.2789823863668,13.656026275508456,-35.18331185324765,6.828912909857225e-20
1786736956.6619709,twist -X,fast,1786736956.034645,-469.93298997767124,-181.0525739489084,713.8319328563248,13.578943046168273,-35.24497424832552,6.878142903601117e-20
1786736956.6902492,twist -X,fast,1786736956.034645,-469.89303629607184,-181.64230557718167,727.5239206986917,13.623172918288777,-35.241977722205704,6.974359957295593e-20
1786736956.7188962,twist -X,fast,1786736956.034645,-469.61074207291995,-180.98656319604925,732.8766059870886,13.573992239703909,-35.22080565546918,7.004055035136454e-20
1786736956.746969,twist -X,fast,1786736956.034645,-467.48707003564095,-178.8876116167279,723.368110438988,13.41657087125493,-35.061530252673336,6.906314243661964e-20
1786736956.7754064,twist -X,fast,1786736956.034645,-467.6918696126322,-177.71453079187916,718.5121412126464,13.328589809391207,-35.07689022094767,6.806130644373462e-20
1786736956.8038116,twist -X,fast,1786736956.034645,-468.43447931944183,-179.56083603243803,721.8354021723208,13.467062702432873,-35.13258594895847,6.836738977359713e-20
1786736956.8320901,twist -X,fast,1786736956.034645,-471.6141290332089,-181.58745433048944,730.7295500827868,13.619059074787064,-35.37105967749073,6.930043384924347e-20
1786736956.8605554,twist -X,fast,1786736956.034645,-471.25204817718395,-181.62591458705435,729.6175013295133,13.621943594029357,-35.34390361328902,6.943412573101887e-20
1786736956.888933,twist -X,fast,1786736956.034645,-472.63900128068826,-179.42085793860917,732.1196374325527,13.456564345395936,-35.44792509605191,7.083495237438994e-20
1786736956.9175084,twist -X,fast,1786736956.034645,-471.79687552682526,-176.94651809525897,741.151550542615,13.270988857144577,-35.38476566451202,7.084915428969372e-20
1786736956.9458537,twist -X,fast,1786736956.034645,-473.24249102967224,-179.12226022003824,743.9272453724334,13.434169516503122,-35.49318682722557,7.151792586677923e-20
1786736956.9740584,twist -X,fast,1786736956.034645,-469.1101671798988,-181.78841002248896,733.596327036661,13.634130751686943,-35.18326253849249,6.96995887342904e-20
1786736957.0025783,twist -X,fast,1786736956.034645,-469.44545992480926,-184.73311060822346,723.7988602276064,13.854983295616858,-35.208409494360836,6.930278252887182e-20
1786736957.0310996,twist -X,fast,1786736956.034645,-470.49743308022744,-186.83890333124407,721.9533326492701,14.012917749843556,-35.28730748101739,6.957779282939717e-20
1786736957.0594838,twist -X,fast,1786736956.034645,-473.8711898038355,-187.7772302676434,730.8871456186753,14.083292270073446,-35.54033923528784,7.004283565832681e-20
1786736957.087882,twist -X,fast,1786736956.034645,-473.6263897105846,-186.75641802601137,742.7602147111793,14.006731351951206,-35.52197922829408,7.058358155989575e-20
1786736957.1164534,twist -X,fast,1786736956.034645,-472.92519944591095,-186.22954159538517,737.1740830258577,13.967215619654052,-35.469389958443465,6.99627962342707e-20
1786736957.1445765,twist -X,fast,1786736956.034645,-475.10697765652367,-192.11125989399045,736.2796774643648,14.40834449204959,-35.63302332423944,7.039074345956696e-20
1786736957.1728396,twist -X,fast,1786736956.034645,-472.4821350804159,-193.08686926136033,714.9120577126705,14.481515194602206,-35.436160131031286,7.010940615478318e-20
1786736957.2013326,twist -X,fast,1786736956.034645,-472.7463696437826,-189.83327432961892,722.1155827069651,14.23749557472146,-35.455977723283944,7.073568847148889e-20
1786736957.2303991,twist -X,fast,1786736956.034645,-470.4855926480391,-181.5150295910778,731.0053813063278,13.61362721933099,-35.28641944860319,6.979097339037377e-20
1786736957.2582216,twist -X,fast,1786736956.034645,-473.3447196256802,-182.28454632084447,745.9996120836304,13.671340974063543,-35.50085397192625,6.994807243618751e-20
1786736957.2864869,twist -X,fast,1786736956.034645,-474.291529861292,-185.55671782192985,745.2795721811663,13.916753836644848,-35.571864739597125,6.991658074233228e-20
1786736957.3148155,twist -X,fast,1786736956.034645,-478.6613917868458,-185.31478068228728,747.0543014208051,13.898608551171794,-35.89960438401365,7.071833819256437e-20
1786736957.3433483,twist -X,fast,1786736956.034645,-476.2579038690219,-181.85775455499072,750.9515367590493,13.639331591624494,-35.719342790176896,7.089944422158307e-20
1786736957.3718083,twist -X,fast,1786736956.034645,-474.0508500787996,-177.36478143417617,748.0446185414139,13.302358607563374,-35.55381375591019,7.020610982721153e-20
1786736957.4005952,twist -X,fast,1786736956.034645,-470.94501909775227,-178.98089003853647,734.95352184889,13.42356675289047,-35.32087643233162,7.001616575733302e-20
1786736957.429775,twist -X,fast,1786736956.034645,-471.7821491239765,-180.81590685632898,726.6063528389923,13.56119301422483,-35.38366118429849,7.010517017445362e-20
1786736957.4571524,twist -X,fast,1786736956.034645,-473.91424071810525,-182.68815247991245,734.844283079593,13.70161143599368,-35.54356805385817,6.982610849820445e-20
1786736957.4853806,twist -X,fast,1786736956.034645,-473.7264748504381,-182.84738544252514,747.5095064076104,13.71355390818967,-35.52948561378313,7.089125800989428e-20
1786736957.5138316,twist -X,fast,1786736956.034645,-471.8229968950154,-178.90876099034438,739.5220511148991,13.418157074276106,-35.38672476712638,7.01190325207414e-20
1786736957.5423374,twist -X,fast,1786736956.034645,-468.4757728796835,-181.01411265136073,730.9055302471743,13.576058448852098,-35.13568296597656,7.137794597091238e-20
1786736957.5706577,twist -X,fast,1786736956.034645,-466.3821844087847,-179.35010784213273,717.6269458746183,13.451258088160092,-34.978663830658995,6.979180374031995e-20
1786736957.5987346,twist -X,fast,1786736956.034645,-468.8645508433365,-184.22083187042097,726.239891779026,13.816562390281728,-35.16484131325042,7.020990689844756e-20
1786736957.6284478,twist -X,fast,1786736956.034645,-470.3254934755141,-181.8203614590144,723.6021152391631,13.6365271094264,-35.27441201066378,6.969838915036748e-20
1786736957.6558294,twist -X,fast,1786736956.034645,-474.59824488835875,-182.03219239846612,738.0407073265023,13.652414429885173,-35.59486836662712,6.977791954353332e-20
1786736957.6841378,twist -X,fast,1786736956.034645,-473.23818491527845,-181.1247094568946,741.936002786445,13.584353209267409,-35.492863868646005,7.064583928177959e-20
1786736957.71264,twist -X,fast,1786736956.034645,-474.93847310667115,-180.36653262013,744.2295871857295,13.527489946509942,-35.620385483000454,7.056645182271455e-20
1786736957.740976,twist -X,fast,1786736956.034645,-471.0713252739283,-180.65236005926636,731.2603258972504,13.548927004445208,-35.330349395544864,7.06687951784104e-20
1786736957.7694032,twist -X,fast,1786736956.034645,-471.12804705410144,-181.22474390969012,718.168150499635,13.591855793226923,-35.33460352905778,6.948909355010299e-20
1786736957.7977483,twist -X,fast,1786736956.034645,-469.01983324055846,-180.839568423301,715.2201199013207,13.562967631747828,-35.17648749304213,6.894913397254888e-20
1786736957.8259747,twist -X,fast,1786736956.034645,-467.1251712199596,-183.30935538902838,715.665580230695,13.74820165417719,-35.03438784149713,6.941723837358795e-20
1786736957.8541732,twist -X,fast,1786736956.034645,-468.66592355831926,-182.43765190776742,720.4249608979671,13.682823893082716,-35.14994426687424,7.009605665517318e-20
1786736957.8827336,twist -X,fast,1786736956.034645,-471.6697946142531,-184.73913708189127,730.250252910002,13.855435281142089,-35.37523459606916,7.040496412734612e-20
1786736957.9110167,twist -X,fast,1786736956.034645,-473.7718821511844,-181.3674239144766,726.1692993830575,13.602556793585908,-35.532891161338995,6.983764731319324e-20
1786736957.9394495,twist -X,fast,1786736956.034645,-470.4219825502346,-179.09046926880717,724.2226409470532,13.43178519516086,-35.28164869126785,6.915213420965819e-20
1786736957.968137,twist -X,fast,1786736956.034645,-466.8370558560264,-177.7093874885784,718.0888442018559,13.328204061643579,-35.012779189202085,6.908987929116732e-20
1786736957.9966094,twist -X,fast,1786736956.034645,-466.43706204241244,-184.6711393156918,713.3609712654106,13.850335448677118,-34.982779653181126,6.877967625279443e-20
1786736958.025786,twist -X,fast,1786736956.034645,-466.894534331253,-190.86824023899908,708.306476882568,14.315118017925155,-35.017090074844205,6.873508372931854e-20
1786736958.053051,twist -X,fast,1786736956.034645,-468.26649485261805,-189.70502549367473,713.9388053569637,14.227876912025739,-35.11998711394663,6.839903188846407e-20
1786736958.0811894,twist -X,fast,1786736956.034645,-469.39020947401013,-183.32866632168702,724.6271951255849,13.749649974126722,-35.204265710550835,6.910034055712117e-20
1786736958.1096885,twist -X,fast,1786736956.034645,-469.19409836208933,-177.56603283191487,730.072333824357,13.317452462393742,-35.189557377156774,6.857823842083885e-20
1786736958.138179,twist -X,fast,1786736956.034645,-468.62874261946627,-180.8950406510952,720.9924917975986,13.567128048832341,-35.14715569646009,6.893744009720184e-20
1786736958.1665542,twist -X,fast,1786736956.034645,-468.8375556909923,-181.95730119531322,725.9441517186888,13.646797589648674,-35.16281667682458,6.891202028997385e-20
1786736958.1948073,twist -X,fast,1786736956.034645,-468.7587627816042,-180.39217797228287,720.688649886707,13.529413347921459,-35.15690720862051,6.933444021686992e-20
1786736958.224289,twist -X,fast,1786736956.034645,-468.9849972990701,-181.11055818996726,723.8400179512,13.583291864247823,-35.17387479743036,6.965534811697613e-20
1786736958.2518492,twist -X,fast,1786736956.034645,-469.3659622372111,-180.7644744050309,724.4221313904209,13.557335580377543,-35.20244716779102,7.036069934455636e-20
1786736958.280209,twist -X,fast,1786736956.034645,-471.9211399527103,-187.13576718214722,730.2423686489092,14.035182538661171,-35.39408549645347,7.044546216645753e-20
1786736958.3086321,twist -X,fast,1786736956.034645,-470.4719407362718,-185.24895865286317,725.2728213537475,13.893671898965014,-35.285395555220525,6.987834292774514e-20
1786736958.3367941,twist -X,fast,1786736956.034645,-471.35695779564185,-184.3299839216246,727.3999350093945,13.824748794122012,-35.35177183467325,7.002342717802693e-20
1786736958.365611,twist -X,fast,1786736956.034645,-470.3821988717782,-181.86148979785128,732.9444646407283,13.639611734839189,-35.278664915383644,7.064823575939288e-20
1786736958.3939693,twist -X,fast,1786736956.034645,-469.34828072127266,-181.40209372057677,731.2889121853159,13.605157029043472,-35.20112105409549,7.07172573335778e-20
1786736958.4247642,twist -X,fast,1786736956.034645,-467.83132811884707,-180.90562772635815,727.5990705152253,13.567922079476954,-35.08734960891355,7.006645225687441e-20
1786736958.4503393,twist -X,fast,1786736956.034645,-467.74212911667837,-179.57737572305905,723.008945102355,13.468303179229583,-35.0806596837511,6.942373884578765e-20
1786736958.4789894,twist -X,fast,1786736956.034645,-468.3294215626629,-177.72837452357533,724.1572352510129,13.329628089268422,-35.12470661719984,6.897595435521307e-20
1786736958.5072095,twist -X,fast,1786736956.034645,-466.62374062966046,-177.2344014183425,715.0167432168491,13.292580106375933,-34.99678054722463,6.776060832959182e-20
1786736958.5355322,twist -X,fast,1786736956.034645,-466.0554128200856,-177.22933492842594,711.6750624416973,13.292200119632167,-34.95415596150641,6.85930171175188e-20
1786736958.5639126,twist -X,fast,1786736956.034645,-466.2665624411811,-178.17470552249063,717.5717030952574,13.363102914187156,-34.969992183088806,6.92630654555738e-20
1786736958.5930014,twist -X,fast,1786736956.034645,-467.16535802139606,-177.42427355127018,718.3046385103999,13.306820516345557,-35.0374018516049,7.03057612957101e-20
1786736958.6211119,twist -X,fast,1786736956.034645,-469.0988730485533,-177.98081531783293,720.3471097390247,13.348561148837678,-35.18241547864157,7.007200670619949e-20
1786736958.6493075,twist -X,fast,1786736956.034645,-472.45967697523747,-182.9045280692592,723.3841892321934,13.717839605194609,-35.43447577314297,7.044581028177494e-20
1786736958.6776054,twist -X,fast,1786736956.034645,-473.2102002824404,-184.63201557423656,724.6553958772165,13.84740116806795,-35.49076502118323,6.978326470120046e-20
1786736958.7058873,twist -X,fast,1786736956.034645,-475.3553114031024,-188.8014089217345,725.9289351253155,14.160105669130271,-35.65164835523278,7.000314446239841e-20
1786736958.7343838,twist -X,fast,1786736956.034645,-472.27046454339506,-183.92219600125088,720.6644469211014,13.794164700094097,-35.42028484075472,6.920451386941492e-20
1786736958.762862,twist -X,fast,1786736956.034645,-474.57771722919006,-188.642929484732,720.2658711005515,14.148219711355143,-35.59332879218943,7.042529714603976e-20
1786736958.7909365,twist -X,fast,1786736956.034645,-471.00281821086946,-183.50466036097987,712.4703888322329,13.762849527073666,-35.32521136581553,6.93919580909912e-20
1786736958.819606,twist -X,fast,1786736956.034645,-471.70861356084424,-182.8008903218132,717.2844005822872,13.710066774136326,-35.37814601706353,6.976786058167492e-20
1786736958.8477864,twist -X,fast,1786736956.034645,-469.82985496481524,-178.43840567669383,720.6567917541815,13.382880425752202,-35.23723912236118,6.92497666181022e-20
1786736958.876111,twist -X,fast,1786736956.034645,-467.72473164219355,-178.1961186675694,723.2612633842009,13.3647089000679,-35.07935487316474,6.908382531917969e-20
1786736958.904465,twist -X,fast,1786736956.034645,-470.131082602265,-177.77806478782497,725.8286560019669,13.333354859086956,-35.25983119517014,6.855745172515155e-20
1786736958.9327872,twist -X,fast,1786736956.034645,-468.4754095039789,-178.80005487752248,722.1117861659786,13.410004115814512,-35.135655712798666,6.852937981646187e-20
1786736958.9612684,twist -X,fast,1786736956.034645,-471.07569842738076,-181.934227940514,728.0217625428386,13.64506709553893,-35.330677382053544,6.922178399007513e-20
1786736958.989652,twist -X,fast,1786736956.034645,-468.16016508661323,-184.1654415537878,717.0567861482386,13.812408116534254,-35.11201238149618,6.988755993283978e-20
1786736959.018722,twist -X,fast,1786736956.034645,-469.32135143971345,-186.56353410180532,717.4973195942302,13.992265057635638,-35.19910135797888,6.976143202072098e-20
1786736959.0466106,twist -X,fast,1786736956.034645,-470.37825625914866,-185.18791065796415,728.8401804198356,13.889093299347483,-35.278369219436385,7.08763704627006e-20
1786736959.0755904,twist -X,fast,1786736956.034645,-471.18654556969204,-183.76416598568835,736.1254362145755,13.782312448926927,-35.338990917727074,7.055808963139595e-20
1786736959.1034153,twist -X,fast,1786736956.034645,-471.31399025396195,-181.38695418597342,743.0352316460976,13.604021563948205,-35.34854926904739,7.133279724531088e-20
1786736959.1318123,twist -X,fast,1786736956.034645,-468.81084114075884,-179.71641355073155,727.7535275028831,13.47873101630513,-35.16081308555703,6.980812082204097e-20
1786736959.1603215,twist -X,fast,1786736956.034645,-471.930202655818,-180.2048342107213,732.1612368280439,13.5153625658042,-35.39476519918653,7.05579798503685e-20
1786736959.1884825,twist -X,fast,1786736956.034645,-470.72023835326536,-179.49215356757804,720.4236495115229,13.461911517568534,-35.304017876495,6.991554505010319e-20
1786736959.2168515,twist -X,fast,1786736956.034645,-472.1927398211901,-180.64571890970842,730.1685190381777,13.548428918228343,-35.41445548658957,7.035073789386851e-20
1786736959.245491,twist -X,fast,1786736956.034645,-467.52011379686337,-182.7958906443073,717.2620390105485,13.709691798323217,-35.064008534765094,6.965424166220621e-20
1786736959.2740831,twist -X,fast,1786736956.034645,-468.8801219895108,-182.68205585272062,727.2437157266777,13.701154188954273,-35.1660091492134,6.956300925687044e-20
1786736959.3020523,twist -X,fast,1786736956.034645,-469.66928786330664,-182.62921535460123,721.0918431604359,13.697191151595316,-35.22519658974816,6.970335844081832e-20
1786736959.330711,twist -X,fast,1786736956.034645,-470.01364764441314,-179.39080493589415,720.8006480423637,13.454310370192307,-35.25102357333117,6.951648219495921e-20
1786736959.3587866,twist -X,fast,1786736956.034645,-470.30691978777077,-182.07918257677727,721.0310748597158,13.65593869325853,-35.27301898408288,6.986735347564666e-20
1786736959.3872569,twist -X,fast,1786736956.034645,-467.0791534613395,-180.59018630273442,711.6526516610584,13.544263972705433,-35.03093650960068,6.88673449223561e-20
1786736959.4157135,twist -X,fast,1786736956.034645,-468.008744591687,-178.53007897115435,719.8786940067903,13.389755922836766,-35.100655844376604,6.911719603328451e-20
1786736959.4440172,twist -X,fast,1786736956.034645,-467.0356711839595,-178.38599863567072,717.6639706662645,13.378949897675543,-35.02767533879721,6.9150505702854e-20
1786736959.4725473,twist -X,fast,1786736956.034645,-471.7722752640898,-181.24560523132084,734.6641770572569,13.593420392349312,-35.382920644806795,7.03574282067334e-20
1786736959.500874,twist -X,fast,1786736956.034645,-472.354839828748,-182.70228269618326,735.6964689247097,13.702671202213967,-35.42661298715631,7.028360650591386e-20
1786736959.5290494,twist -X,fast,1786736956.034645,-472.52834798329695,-181.6462917164739,730.466155036328,13.623471878735796,-35.4396260987474,6.97699772587837e-20
1786736959.5575178,twist -X,fast,1786736956.034645,-470.72984760743793,-182.3871393730152,723.8681643800855,13.679035452976446,-35.30473857055809,7.020346408186726e-20
1786736959.5858812,twist -X,fast,1786736956.034645,-469.66912281844134,-184.64908026498608,721.3269805467944,13.84868101987411,-35.22518421138335,7.031754757880327e-20
1786736959.61488,twist -X,fast,1786736956.034645,-468.78773368531165,-184.198371314219,720.1671343557018,13.81487784856655,-35.159080026398556,7.018804417440446e-20
1786736959.6427658,twist -X,fast,1786736956.034645,-468.8724211602648,-184.67781057248715,718.1249246281614,13.850835792936632,-35.165431587020265,6.995970995432348e-20
1786736959.6708982,twist -X,fast,1786736956.034645,-469.46553093207194,-186.7867845610832,714.410850573985,14.009008842081311,-35.20991481990554,6.952855391215725e-20
1786736959.699656,twist -X,fast,1786736956.034645,-469.55267885809917,-185.93486114842665,714.6439098324963,13.945114586132174,-35.21645091435767,6.966968705455009e-20
1786736959.727889,twist -X,fast,1786736956.034645,-467.64707669670497,-183.03080347926982,712.4479670082746,13.727310260945462,-35.07353075225301,6.87863802414373e-20
1786736959.756209,twist -X,fast,1786736956.034645,-466.8722632715194,-181.32408121149626,713.3023666989275,13.599306090862438,-35.01541974536431,6.893177562513065e-20
1786736959.7844062,twist -X,fast,1786736956.034645,-468.0747527574099,-181.72655660507792,722.3942454429471,13.629491745380822,-35.10560645680603,6.996661289265184e-20
1786736959.8131614,twist -X,fast,1786736956.034645,-468.82751563122747,-184.40886019137054,719.6660956204787,13.830664514352922,-35.162063672342285,7.021240726604512e-20
1786736959.8415506,twist -X,fast,1786736956.034645,-469.24563430818944,-185.3207988171322,725.0863031718009,13.899059911285125,-35.19342257311429,7.102588716537235e-20
1786736959.869909,twist -X,fast,1786736956.034645,-466.7035757841604,-187.31438872728825,713.673160194995,14.048579154546811,-35.00276818381238,6.994281055020018e-20
1786736959.8986228,twist -X,fast,1786736956.034645,-469.73540738237216,-184.90488413623143,727.7030814263808,13.867866310217526,-35.23015555367807,7.013078684759411e-20
1786736959.9267552,twist -X,fast,1786736956.034645,-470.3246608883492,-183.76947585800383,723.8815969040452,13.782710689350477,-35.274349566626356,6.93115094910223e-20
1786736959.9549716,twist -X,fast,1786736956.034645,-470.9096206325289,-180.95618331823584,726.9939006885215,13.571713748867818,-35.3182215474399,6.891348178110961e-20
1786736959.983349,twist -X,fast,1786736956.034645,-465.63427773326976,-182.2853787009692,705.7533002673499,13.671403402572981,-34.92257082999533,6.760512761164799e-20
1786736960.0117466,twist -X,fast,1786736956.034645,-464.23900221571284,-181.5725968340372,699.1852257832634,13.617944762553105,-34.81792516617879,6.712661685855093e-20
1786736960.040547,twist -X,fast,1786736956.034645,-466.7110554877636,-183.04766445297412,711.5592441545086,13.72857483397328,-35.00332916158261,6.859157524691086e-20
1786736960.0684552,twist -X,fast,1786736956.034645,-469.9705537351938,-182.36834414357895,729.5096098899367,13.677625810768536,-35.24779153013971,7.034535568206381e-20
1786736960.097238,twist -X,fast,1786736956.034645,-471.1427725148733,-181.99376662238558,734.7425525002482,13.64953249667916,-35.33570793861562,7.09443708577392e-20
1786736960.1252458,twist -X,fast,1786736956.034645,-469.1071740693542,-180.5693309388014,729.8845510853635,13.54269982041026,-35.183038055201685,7.028675838979509e-20
1786736960.1537657,twist -X,fast,1786736956.034645,-467.6367842714185,-181.6263085020678,717.7932998294573,13.621973137655349,-35.07275882035671,6.946485780684726e-20
1786736960.1820204,twist -X,fast,1786736956.034645,-467.36627829449435,-181.86379974153851,718.13618178454,13.639784980615676,-35.05247087208722,6.995070820741254e-20
1786736960.2102468,twist -X,fast,1786736956.034645,-470.05489074270645,-180.5605298989666,713.381967912298,13.542039742422727,-35.25411680570337,6.957058610504002e-20
1786736960.2384634,twist -X,fast,1786736956.034645,-470.80359621463913,-176.6757639507848,720.5462502334121,13.250682296309119,-35.310269716098354,6.981030716553033e-20
1786736960.2670882,twist -X,fast,1786736956.034645,-470.1783132167661,-175.81417744771102,730.7924833578263,13.186063308578564,-35.26337349125781,6.916268394871133e-20
1786736960.2952402,twist -X,fast,1786736956.034645,-469.42747221121226,-179.39822522105806,726.893592632111,13.454866891579545,-35.20706041584114,6.975515296280235e-20
1786736960.3240921,twist -X,fast,1786736956.034645,-470.7843622149835,-182.52780305743454,729.7416398938594,13.689585229307891,-35.30882716612394,7.009213996710534e-20
1786736960.352152,twist -X,fast,1786736956.034645,-472.19343470233207,-184.1771183197866,719.6347251894704,13.813283873984258,-35.41450760267507,7.068541407651648e-20
1786736960.3804905,twist -X,fast,1786736956.034645,-476.7009882799616,-184.83248730022603,734.9849312076703,13.862436547517103,-35.75257412099745,7.117982540788427e-20
1786736960.408989,twist -X,fast,1786736956.034645,-472.60523063062465,-182.8738902789421,722.8367510130383,13.715541770920833,-35.44539229729703,7.009717338704011e-20
1786736960.4373026,twist -X,fast,1786736956.034645,-473.8711392309765,-184.3788562112943,734.7861649085789,13.82841421584725,-35.540335442323396,7.10036702577496e-20
1786736960.465619,twist -X,fast,1786736956.034645,-465.9190070889176,-182.20174404450802,725.9690608715673,13.665130803338204,-34.943925531668995,6.947736993515435e-20
1786736960.4942331,twist -X,fast,1786736956.034645,-467.67465846247705,-182.05710875687396,729.9510970217898,13.654283156765839,-35.07559938468592,7.046700682223547e-20
1786736960.5224912,twist -X,fast,1786736956.034645,-466.0126089467417,-179.57532053749458,719.021462063637,13.468149040312372,-34.95094567100588,6.933961540969289e-20
1786736960.5507503,twist -X,fast,1786736956.034645,-466.29471147134836,-178.58012459965812,711.59120873341,13.393509344974607,-34.972103360351284,6.954646493833676e-20
1786736960.5793788,twist -X,fast,1786736956.034645,-469.77144299017027,-179.65976672002364,719.6510951852706,13.474482504001987,-35.23285822426291,6.945025462337126e-20
1786736960.6077135,twist -X,fast,1786736956.034645,-469.34364281304806,-180.0862246703124,721.5785663792549,13.506466850273714,-35.200773210978745,6.976120266671775e-20
1786736960.636058,twist -X,fast,1786736956.034645,-473.36963358748244,-181.70641877115918,742.2139365755338,13.627981407837144,-35.50272251906138,7.127339083117405e-20
1786736960.6643364,twist -X,fast,1786736956.034645,-473.5124524109433,-181.3751250743444,744.9892930227725,13.603134380575991,-35.513433930820995,7.210578348373034e-20
1786736960.6927965,twist -X,fast,1786736956.034645,-474.95735834887637,-183.20646211367352,743.8460052995297,13.740484658525713,-35.621801876165826,7.198187058272143e-20
1786736960.7210374,twist -X,fast,1786736956.034645,-472.93965768106136,-180.0939914189829,725.8755576924659,13.507049356423995,-35.470474326079845,7.044941895881557e-20
1786736960.749467,twist -X,fast,1786736956.034645,-469.62422172824245,-178.45205183277176,721.9207191154755,13.383903887458,-35.221816629618445,6.904746962518529e-20
1786736960.7780907,twist -X,fast,1786736956.034645,-469.365507517904,-177.21261638743465,730.0147323579995,13.290946229057905,-35.20241306384314,6.963871874697207e-20
1786736960.8061137,twist -X,fast,1786736956.034645,-471.0811993508978,-182.52944453568568,743.3576849065475,13.689708340176626,-35.33108995131772,7.112464858324373e-20
1786736960.8346107,twist -X,fast,1786736956.034645,-474.335666787807,-184.8259831628252,749.7989415077727,13.861948737212177,-35.57517500908591,7.149273664859894e-20
1786736960.863262,twist -X,fast,1786736956.034645,-474.55800234152184,-185.69256795231502,745.6631785091349,13.926942596423839,-35.591850175614304,7.100203842719534e-20
1786736960.8912446,twist -X,fast,1786736956.034645,-472.09283975044127,-181.96778983614593,731.1712236146986,13.647584237711246,-35.406962981283414,6.978555033233989e-20
1786736960.9195845,twist -X,fast,1786736956.034645,-468.1817897758756,-180.7665778450837,725.8855616010669,13.557493338381466,-35.11363423319078,6.956111943862355e-20
1786736960.9481108,twist -X,fast,1786736956.034645,-464.1974318083853,-181.3135995068336,712.9179204181082,13.598519963012723,-34.814807385629,6.861570327315113e-20
1786736960.9765182,twist -X,fast,1786736956.034645,-466.2709878275168,-181.74841504011124,716.2908270049693,13.631131128008551,-34.97032408706409,6.812350309854128e-20
1786736961.004978,twist -X,fast,1786736956.034645,-464.91124701660874,-183.75827539222712,707.2075807595311,13.781870654417158,-34.86834352624588,6.810954900985086e-20
1786736961.0334516,twist -X,fast,1786736956.034645,-467.61758665417256,-181.88809990475465,712.63940575379,13.641607492856796,-35.07131899906307,6.827199038675e-20
1786736961.061634,twist -X,fast,1786736956.034645,-468.752914928094,-180.78662109339598,728.9725575817456,13.558996582004855,-35.15646861960721,6.971272420321007e-20
1786736961.0898952,twist -X,fast,1786736956.034645,-472.0663695020244,-180.419618060586,743.1792766706367,13.53147135454412,-35.4049777126521,6.987180915474038e-20
1786736961.11852,twist -X,fast,1786736956.034645,-473.24253013703265,-179.00779114688464,755.4908209831801,13.425584336016538,-35.49318976027777,7.013733911974137e-20
1786736961.146657,twist -X,fast,1786736956.034645,-473.4606471813395,-180.43482595009027,742.7986076250554,13.53261194625708,-35.5095485386007,6.982980586447684e-20
1786736961.1753933,twist -X,fast,1786736956.034645,-472.5244893371719,-178.69466761313026,726.9599427272951,13.402100070984982,-35.43933670028798,6.969887071695759e-20
1786736961.2035306,twist -X,fast,1786736956.034645,-474.871378000777,-185.68001714110562,722.9691145807237,13.926001285583123,-35.61535335005858,7.050023697370165e-20
1786736961.2318013,twist -X,fast,1786736956.034645,-472.0798743050118,-185.5398751166157,719.9965991846984,13.91549063374632,-35.4059905728762,7.026078415128486e-20
1786736961.2605379,twist -X,fast,1786736956.034645,-470.04349786621606,-184.78754173129118,721.8972250947136,13.859065629847098,-35.25326233996645,6.984438754753529e-20
1786736961.2886586,twist -X,fast,1786736956.034645,-468.0413855124575,-179.79794488586458,716.3447551639556,13.484845866439937,-35.10310391343461,6.883700373028249e-20
1786736961.3172455,twist -X,fast,1786736956.034645,-468.67903388572995,-179.70507767677339,723.1647420708896,13.47788082575811,-35.15092754143013,6.903810328962108e-20
1786736961.345387,twist -X,fast,1786736956.034645,-469.5394059191658,-180.77412292273664,727.3565746729328,13.558059219205443,-35.21545544393775,6.989275644121972e-20
1786736961.3741076,twist -X,fast,1786736956.034645,-469.39677639225147,-181.9063374993027,738.1041678904849,13.642975312447955,-35.20475822941901,7.062816340494887e-20
1786736961.402405,twist -X,fast,1786736956.034645,-469.1984802985294,-183.71725432573078,732.8771515453354,13.778794074429992,-35.189886022389786,7.047064482436201e-20
1786736961.4307168,twist -X,fast,1786736956.034645,-472.22340413449365,-183.25412957236176,734.6743090053369,13.744059717927446,-35.41675531008718,7.125259064757342e-20
1786736961.4592307,twist -X,fast,1786736956.034645,-472.37579327043886,-181.65800581850988,728.5986894324897,13.624350436388458,-35.42818449528306,7.136926491795517e-20
1786736961.487288,twist -X,fast,1786736956.034645,-472.2245832677577,-180.39942768602555,732.3973159377192,13.529957076452146,-35.41684374508214,7.087049560899759e-20
1786736961.5157073,twist -X,fast,1786736956.034645,-471.6158016670047,-181.3206122263772,732.9651522156946,13.599045916978515,-35.37118512502555,6.968900865633989e-20
1786736961.5441873,twist -X,fast,1786736956.034645,-469.5122893220441,-179.24263716465714,723.2050581938984,13.443197787349543,-35.21342169915345,6.893063049759693e-20
1786736961.5726814,twist -X,fast,1786736956.034645,-469.23067840720887,-178.41265765949356,717.0939605739795,13.380949324462204,-35.1923008805408,6.902633939132613e-20
1786736961.6010919,twist -X,fast,1786736956.034645,-467.528681625784,-177.6142111948335,711.920539865584,13.321065839612825,-35.06465112193413,6.87530596801508e-20
1786736961.6294568,twist -X,fast,1786736956.034645,-468.8134722650716,-179.65573176401426,714.974654561177,13.47417988230129,-35.16101041988062,6.868081165584121e-20
1786736961.657844,twist -X,fast,1786736956.034645,-469.3987079567346,-179.8326935423138,716.2867024900779,13.487452015673735,-35.20490309675535,6.868170935350691e-20
1786736961.686062,twist -X,fast,1786736956.034645,-468.5418753144536,-180.92514174330734,720.0390473291282,13.569385630748283,-35.140640648584174,6.893814282769355e-20
1786736961.7144861,twist -X,fast,1786736956.034645,-467.355334972709,-181.26070245829953,720.719381408494,13.594552684372662,-35.0516501229534,6.918816366871396e-20
1786736961.7429898,twist -X,fast,1786736956.034645,-467.87234697838585,-185.30787215639634,718.9968111986009,13.898090411729992,-35.09042602337927,6.940641628820802e-20
1786736961.771241,twist -X,fast,1786736956.034645,-468.43577698396166,-184.41605835803955,712.5474924061373,13.831204376853268,-35.13268327379728,6.975130720311881e-20
1786736961.7996402,twist -X,fast,1786736956.034645,-470.83291526344556,-185.33730510219073,718.1186567118339,13.900297882664514,-35.31246864475851,6.971880867727054e-20
1786736961.8279407,twist -X,fast,1786736956.034645,-471.3752780081604,-182.26522818843728,728.4008481949677,13.669892114133003,-35.353145850612314,6.997533561863091e-20
1786736961.8565516,twist -X,fast,1786736956.034645,-472.7920049892323,-181.1129166842361,735.355555972229,13.583468751317742,-35.45940037419256,6.949753051182755e-20
1786736961.8849669,twist -X,fast,1786736956.034645,-470.71464041843365,-180.43618948137998,731.2348277720293,13.532714211103727,-35.303598031382734,6.957352400861518e-20
1786736961.913048,twist -X,fast,1786736956.034645,-469.3224641927586,-180.02777200968546,722.2837759345302,13.502082900726688,-35.19918481445713,6.914610689036681e-20
1786736961.9415028,twist -X,fast,1786736956.034645,-469.3523837391076,-181.42910060562292,722.2076532517176,13.60718254542208,-35.201428780433574,6.930811249231007e-20
1786736961.9697952,twist -X,fast,1786736956.034645,-470.92218038297915,-180.85136763542403,717.6545030970847,13.563852572657066,-35.319163528723735,6.9154212194135e-20
1786736961.9984474,twist -X,fast,1786736956.034645,-471.53728428769773,-180.94547078319738,725.9174484740734,13.570910308740078,-35.36529632157741,6.958504244687323e-20
1786736962.0266511,twist -X,fast,1786736956.034645,-472.7396393331119,-182.53116358380635,734.1598003366807,13.689837268785755,-35.45547294998362,7.053801600363964e-20
1786736962.0551946,twist -X,fast,1786736956.034645,-471.4220057582038,-183.6593644821828,736.9215258688619,13.774452336163943,-35.35665043186545,7.043124651479103e-20
1786736962.083428,twist -X,fast,1786736956.034645,-470.85978584758686,-183.31571969843242,729.2227718341301,13.74867897738272,-35.314483938569225,7.016009852729195e-20
1786736962.111722,twist -X,fast,1786736956.034645,-467.0433346681807,-180.7738966545063,715.400263323756,13.558042249088064,-35.02825010011377,6.878094801150506e-20
1786736962.1403062,twist -X,fast,1786736956.034645,-468.6354614088009,-180.98524311004314,712.6448040971345,13.573893233253404,-35.14765960566029,6.872535862864426e-20
1786736962.1686165,twist -X,fast,1786736956.034645,-468.73131837952997,-185.38166516595209,710.4047290263843,13.903624887446508,-35.15484887846495,6.869308984288299e-20
1786736962.1970925,twist -X,fast,1786736956.034645,-472.0676954604087,-187.2763035069744,717.642424727037,14.045722763023317,-35.4050771595308,6.94004549330195e-20
1786736962.225236,twist -X,fast,1786736956.034645,-469.5944469150336,-184.8201661403766,724.376749105938,13.861512460528406,-35.21958351862791,6.980489620898856e-20
1786736962.2536438,twist -X,fast,1786736956.034645,-471.59562446877,-181.81461315178535,728.4270762999186,13.63609598638418,-35.369671835157966,7.012361161537761e-20
1786736962.2821083,twist -X,fast,1786736956.034645,-470.3211908755543,-179.1762217314232,725.6781594850663,13.438216629857,-35.2740893156668,6.98441311310918e-20
1786736962.3105855,twist -X,fast,1786736956.034645,-471.8446093784446,-182.41527845547103,728.8729985888986,13.681145884160497,-35.38834570338337,7.038076528663857e-20
1786736962.3390365,twist -X,fast,1786736956.034645,-468.6074674327915,-179.53402683323623,720.5724317993727,13.465052012492944,-35.145560057459704,6.979744652566211e-20
1786736962.367307,twist -X,fast,1786736956.034645,-469.10801637144687,-181.77969851885678,725.0759572613215,13.633477388914411,-35.18310122785868,7.020616868754373e-20
1786736962.3956058,twist -X,fast,1786736956.034645,-468.03995628748453,-179.02409295054997,716.4581122979716,13.426806971291423,-35.1029967215616,6.94498036590246e-20
1786736962.423996,twist -X,fast,1786736956.034645,-472.7595554982595,-181.39948092327666,731.442671988777,13.60496106924597,-35.456966662369716,7.006985721847555e-20
1786736962.4523194,twist -X,fast,1786736956.034645,-472.9210742027972,-182.4130335361225,725.7052348651423,13.680977515209438,-35.46908056520998,6.996339213846556e-20
1786736962.4808323,twist -X,fast,1786736956.034645,-472.6188181342318,-182.9556879354103,727.6770053386726,13.721676595156023,-35.44641136006761,7.000359089163882e-20
1786736962.5092802,twist -X,fast,1786736956.034645,-471.7768746622105,-183.20534070252063,724.2292008848535,13.740400552689284,-35.383265599666075,6.993104361228068e-20
1786736962.537711,twist -X,fast,1786736956.034645,-471.21581538850387,-180.15718834145218,730.5353763443209,13.511789125609045,-35.341186154138015,6.978194019703673e-20
1786736962.5662317,twist -X,fast,1786736956.034645,-471.99103338591203,-180.52221115384145,730.291626420666,13.53916583653842,-35.39932750394366,6.96146951632311e-20
1786736962.5942366,twist -X,fast,1786736956.034645,-473.12490146410437,-182.30920706453423,731.2559840992262,13.673190529840138,-35.48436760980803,6.975962226785014e-20
1786736962.6227853,twist -X,fast,1786736956.034645,-471.7937576732188,-183.75991297369785,723.5960021414076,13.781993473027565,-35.38453182549163,6.98754315344516e-20
1786736962.6509225,twist -X,fast,1786736956.034645,-468.4100964531849,-183.39555636934847,718.3789852693135,13.754666727701409,-35.13075723398913,6.979588353342734e-20
1786736962.6797056,twist -X,fast,1786736956.034645,-464.4895817802667,-181.54042948589097,712.748466697084,13.615532211441977,-34.836718633520235,6.944164086856669e-20
1786736962.707806,twist -X,fast,1786736956.034645,-466.9096942004512,-185.50419271899852,713.8352220634215,13.912814453924977,-35.018227065034125,6.953645297508238e-20
1786736962.7360911,twist -X,fast,1786736956.034645,-467.3716397412991,-184.72141933605997,709.2952734214641,13.854106450204714,-35.05287298059754,6.952945399929351e-20
1786736962.7644894,twist -X,fast,1786736956.034645,-466.36026853688463,-182.37580586492504,710.1153399303312,13.67818543986954,-34.97702014026647,6.95211617971712e-20
1786736962.792839,twist -X,fast,1786736956.034645,-464.92004490953923,-179.39077767063577,707.3926144034804,13.45430832529794,-34.86900336821564,6.917323546187847e-20
1786736962.821349,twist -X,fast,1786736956.034645,-471.4405526198707,-180.83090425009152,728.9241879434903,13.56231781875712,-35.358041446490546,6.993267337293941e-20
1786736962.8498037,twist -X,fast,1786736956.034645,-473.8860506234041,-181.3784598145976,727.7749227756276,13.603384486095099,-35.54145379675541,7.000280300459057e-20
1786736962.8785646,twist -X,fast,1786736956.034645,-474.20274371321375,-184.03705526516887,731.6516928825977,13.802779144887833,-35.565205778491205,7.044007759042601e-20
1786736962.9062836,twist -X,fast,1786736956.034645,-470.5128381296495,-182.54145750230816,726.7917609604528,13.690609312673256,-35.288462859723815,7.093074441108058e-20
1786736962.9348066,twist -X,fast,1786736956.034645,-466.5139294740952,-182.6539626797321,716.7828382674006,13.6990472009802,-34.988544710557356,6.989140020598369e-20
1786736962.9631734,twist -X,fast,1786736956.034645,-468.09093426843356,-182.6330305463781,722.6552730286985,13.697477290978544,-35.10682007013262,7.001099840122155e-20
1786736962.9914591,twist -X,fast,1786736956.034645,-467.25562516768287,-181.94657668707953,712.184961072141,13.645993251531262,-35.044171887576596,6.885794444554462e-20
1786736963.0197961,twist -X,fast,1786736956.034645,-470.62735111061875,-183.48935582087427,720.55528404488,13.76170168656569,-35.29705133329656,6.97050666752148e-20
1786736963.04833,twist -X,fast,1786736956.034645,-468.61935085730465,-180.2600265742817,713.2557803008185,13.519501993071255,-35.146451314297984,6.893993839751458e-20
1786736963.0766742,twist -X,fast,1786736956.034645,-468.68506441614954,-180.46686686756777,719.5522681728417,13.53501501506791,-35.15137983121161,6.93911464437613e-20
1786736963.1051157,twist -X,fast,1786736956.034645,-468.58597393196806,-179.6030844115029,726.45150866313,13.470231330862983,-35.1439480448978,7.035221148812909e-20
1786736963.133483,twist -X,fast,1786736956.034645,-467.74491490858554,-179.43758970857277,721.424771080794,13.45781922814312,-35.080868618144095,7.066761391647342e-20
1786736963.161843,twist -X,fast,1786736956.034645,-469.506538881481,-181.68384699618832,722.4055623467393,13.626288524714365,-35.21299041611116,7.169096530324513e-20
1786736963.1902897,twist -X,fast,1786736956.034645,-468.62194688134696,-181.85749626128677,715.6683489455854,13.639312219596707,-35.14664601610118,7.078150297386956e-20
1786736963.2187011,twist -X,fast,1786736956.034645,-470.84206511446337,-182.7453019825955,725.884625700065,13.705897648694904,-35.313154883584886,7.089108377410323e-20
1786736963.247025,twist -X,fast,1786736956.034645,-471.91536386536154,-178.6381245837497,718.4684794942841,13.397859343781409,-35.39365228990227,6.928799550036828e-20
1786736963.2753394,twist -X,fast,1786736956.034645,-470.4619929286091,-177.35190062967354,709.1828783404135,13.301392547225678,-35.284649469646006,6.861822196995898e-20
1786736963.303706,twist -X,fast,1786736956.034645,-466.74901400478075,-175.23304196684592,696.6474325361733,13.142478147513618,-35.00617605035883,6.833698892571822e-20
1786736963.3321738,twist -X,fast,1786736956.034645,-463.9967864238224,-178.25342429917703,698.2061322317322,13.369006822438497,-34.79975898178686,6.868975298987755e-20
1786736963.3607113,twist -X,fast,1786736956.034645,-461.8731374732615,-179.52300528136539,693.0679862350562,13.46422539610246,-34.64048531049489,6.856589561888154e-20
1786736963.3889554,twist -X,fast,1786736956.034645,-466.29555295315504,-180.90240608571605,702.1981062520053,13.567680456429006,-34.97216647148681,6.926932941665416e-20
1786736963.4175131,twist -X,fast,1786736956.034645,-467.72710660585017,-181.95086609410612,710.7680548435546,13.646314957058227,-35.079532995439074,6.897705292398493e-20
1786736963.4459434,twist -X,fast,1786736956.034645,-468.94238077878845,-182.01037171265295,723.0609194325543,13.650777878449265,-35.17067855840926,6.930023762732507e-20
1786736963.474188,twist -X,fast,1786736956.034645,-470.01586482914536,-182.99110600883148,730.4186994188285,13.72433295066254,-35.251189862186116,6.934707828982854e-20
1786736963.5024126,twist -X,fast,1786736956.034645,-471.3318798738069,-183.3811739195561,734.3259986276453,13.753588043967081,-35.3498909905357,7.046710610738972e-20
1786736963.5307195,twist -X,fast,1786736956.034645,-473.88791871695094,-182.71600390261494,735.9251322867594,13.703700292696436,-35.541593903771464,7.09207070190722e-20
1786736963.559249,twist -X,fast,1786736956.034645,-471.20773349065394,-181.7102028291738,728.3581116575251,13.628265212188293,-35.340580011799446,7.067360463535689e-20
1786736963.5872931,twist -X,fast,1786736956.034645,-470.8734269610304,-181.88575741634645,719.6343164864602,13.64143180622639,-35.3155070220774,6.965739110723228e-20
1786736963.6159143,twist -X,fast,1786736956.034645,-470.6270023113175,-182.4125611031418,719.3863238966642,13.680942082735871,-35.2970251733491,6.968081752951918e-20
1786736963.6442075,twist -X,fast,1786736956.034645,-472.7980552932954,-183.4658315623252,727.9881147146853,13.759937367174619,-35.45985414699745,6.990598902245245e-20
1786736963.6727865,twist -X,fast,1786736956.034645,-468.18873398931964,-180.72199527262853,717.922912580083,13.554149645447243,-35.11415504919914,6.942104396792738e-20
1786736963.7011285,twist -X,fast,1786736956.034645,-471.67203068549816,-179.50097285502102,722.9966037257209,13.462572964126768,-35.375402301412606,6.985775170052221e-20
1786736963.7292464,twist -X,fast,1786736956.034645,-469.61340270480514,-179.1933774460175,717.6670442154573,13.439503308451496,-35.22100520286062,6.969878143608409e-20
1786736963.7579343,twist -X,fast,1786736956.034645,-471.4625383245916,-180.0642082179428,721.3849813220086,13.504815616345955,-35.35969037434452,6.943599828312902e-20
1786736963.7861233,twist -X,fast,1786736956.034645,-467.4053340061032,-180.68028562984648,721.2238229165914,13.551021422238701,-35.05540005045795,6.925834242863868e-20
1786736963.8148098,twist -X,fast,1786736956.034645,-467.5875845785581,-184.8768960083005,719.3298985407546,13.86576720062273,-35.069068843391925,6.891277932435745e-20
1786736963.8431208,twist -X,fast,1786736956.034645,-466.02967291988443,-181.39289713449637,716.0174070044641,13.60446728508742,-34.95222546899162,6.93341449981293e-20
1786736963.8711898,twist -X,fast,1786736956.034645,-463.82759540849656,-179.41071567484698,701.9826462883884,13.455803675613705,-34.78706965563743,6.814462152476016e-20
1786736963.8997798,twist -X,fast,1786736956.034645,-463.2390396241067,-172.6387302934677,696.0138871003146,12.947904772010421,-34.742927971808214,6.772089257114977e-20
1786736963.928024,twist -X,fast,1786736956.034645,-468.8613167245094,-177.70326392537265,711.2613475003291,13.327744794403099,-35.164598754338364,6.922054472559761e-20
1786736963.9562366,twist -X,fast,1786736956.034645,-469.62866446705175,-182.5994023644879,714.8615265427907,13.69495517733682,-35.22214983502913,6.965496669243388e-20
1786736963.986287,twist -X,fast,1786736956.034645,-468.7992837343886,-184.46556725353128,721.4562923688036,13.834917544015145,-35.15994628007923,6.976403420634097e-20
1786736964.0132134,twist -X,fast,1786736956.034645,-464.620618916435,-182.4771018059156,711.6448473237297,13.685782635443946,-34.84654641873293,6.86673526949296e-20
1786736964.0414667,twist -X,fast,1786736956.034645,-467.0456831035294,-178.97116819652263,721.4116274136541,13.422837614739468,-35.02842623276503,6.906034474978118e-20
1786736964.0697205,twist -X,fast,1786736956.034645,-464.93322703934564,-176.65341070992451,709.8628758306386,13.249005803244561,-34.86999202795138,6.827959220782975e-20
1786736964.098373,twist -X,fast,1786736956.034645,-465.3543047190269,-177.9490985847633,709.5784461830854,13.346182393857529,-34.90157285392726,6.832561676049418e-20
1786736964.1267493,twist -X,fast,1786736956.034645,-462.4320514815213,-180.32389015565366,699.3607288808007,13.524291761674409,-34.682403861114324,6.813056071672826e-20
1786736964.1549916,twist -X,fast,1786736956.034645,-463.74399325068816,-180.8912264858635,704.8304503134759,13.5668419864399,-34.78079949380184,6.936042024844636e-20
1786736964.184219,twist -X,fast,1786736956.034645,-464.168417634809,-184.47430756367055,713.7013321266086,13.835573067275579,-34.81263132261075,6.913854217120136e-20
1786736964.2118835,twist -X,fast,1786736956.034645,-465.7791735290807,-183.18070383238035,713.758994543191,13.738552787428706,-34.933438014681094,6.935618538121928e-20
1786736964.2401342,twist -X,fast,1786736956.034645,-472.0731391136105,-190.20883851368524,722.1777858964269,14.265662888526702,-35.405485433521136,6.966653912197279e-20
1786736964.2686152,twist -X,fast,1786736956.034645,-471.7998060449886,-185.03279062884337,717.8095503658869,13.877459297163501,-35.384985453374256,7.006063100411836e-20
1786736964.2970114,twist -X,fast,1786736956.034645,-472.70542851143045,-183.26188582148666,721.208722933944,13.744641436611705,-35.45290713835753,6.987582154106624e-20
1786736964.325187,twist -X,fast,1786736956.034645,-466.3959585454354,-173.41284746735937,712.7237903958994,13.005963560052198,-34.979696890907995,6.905445156630772e-20
1786736964.3535385,twist -X,fast,1786736956.034645,-464.3514489396357,-171.9054394161335,705.3003917955311,12.892907956210106,-34.82635867047286,6.881809288280627e-20
1786736964.3832664,twist -X,fast,1786736956.034645,-464.02765425970756,-172.92183721394326,713.847053383417,12.969137791045984,-34.80207406947835,6.878214370819145e-20
1786736964.4103072,twist -X,fast,1786736956.034645,-470.17848340795626,-181.88101285612197,725.5960793103495,13.64107596420941,-35.263386255597034,6.930863415264003e-20
1786736964.438722,twist -X,fast,1786736956.034645,-475.0116776653899,-182.6870393689561,737.655017259076,13.701527952672134,-35.62587582490454,6.887109445596433e-20
1786736964.4672084,twist -X,fast,1786736956.034645,-476.4717980888977,-184.205296898523,736.7574446149638,13.815397267389617,-35.73538485666741,6.941258910726744e-20
1786736964.4954555,twist -X,fast,1786736956.034645,-470.8996562161383,-179.01187313848231,728.3659374371009,13.425890485386507,-35.31747421621066,6.937365719832203e-20
1786736964.5241365,twist -X,fast,1786736956.034645,-467.36747082251713,-179.5497402356575,717.2335245824552,13.466230517674507,-35.05256031168908,6.943917182795089e-20
1786736964.552264,twist -X,fast,1786736956.034645,-466.0803246697342,-177.5313444766657,709.9488114476817,13.314850835750061,-34.95602435023005,6.875049065780165e-20
1786736964.5806987,twist -X,fast,1786736956.034645,-467.37177152790855,-174.61920319208434,714.8214178958924,13.096440239406615,-35.052882864593364,6.912988904043358e-20
1786736964.609326,twist -X,fast,1786736956.034645,-468.1371242721352,-175.78490649699063,731.6898250676622,13.183867987274649,-35.110284320410535,7.069702392862401e-20
1786736964.6375554,twist -X,fast,1786736956.034645,-468.9812349302415,-177.55618862140648,737.5349800444355,13.316714146605651,-35.17359261976833,7.152282922146554e-20
1786736964.6658332,twist -X,fast,1786736956.034645,-471.40611304375534,-185.0644373461423,735.7931133063876,13.879832800960937,-35.35545847828169,7.128729588265716e-20
1786736964.6942217,twist -X,fast,1786736956.034645,-470.5933969698294,-185.69705325329892,722.1570370838554,13.927278993997678,-35.29450477273741,6.981844855842729e-20
1786736964.722661,twist -X,fast,1786736956.034645,-469.78747109273354,-185.46183362751765,717.6327442096708,13.909637522064028,-35.23406033195524,6.915255405547747e-20
1786736964.751026,twist -X,fast,1786736956.034645,-465.5297475559105,-180.12413668208637,709.5057750804945,13.509310251156752,-34.91473106669354,6.83068586778553e-20
1786736964.7814505,twist -X,fast,1786736956.034645,-468.9249662381053,-178.9733599201743,714.739797303323,13.423001994013308,-35.16937246785795,6.897282004605137e-20
1786736964.8077648,twist -X,fast,1786736956.034645,-468.50523726899974,-177.39906550244427,723.1134107618,13.304929912683665,-35.13789279517505,6.980468244419684e-20
1786736964.8361287,twist -X,fast,1786736956.034645,-472.2845737753355,-177.70267666198197,729.9769888706078,13.32770074964888,-35.421343033150464,7.047505434811813e-20
1786736964.864287,twist -X,fast,1786736956.034645,-472.23168903451005,-179.68207858098538,741.1034486974931,13.476155893574049,-35.417376677588436,7.037537652645463e-20
1786736964.8928535,twist -X,fast,1786736956.034645,-471.69132132551795,-180.29316854652382,726.4719575848585,13.521987640989526,-35.376849099414216,6.961612148700385e-20
1786736964.9211807,twist -X,fast,1786736956.034645,-469.85716327821046,-182.80922385731253,728.4428171602149,13.710691789298938,-35.23928724586601,6.956489992248124e-20
1786736964.9497287,twist -X,fast,1786736956.034645,-468.5141302994334,-180.99401055246483,714.4523830269127,13.57455079143526,-35.13855977245766,6.92028495858023e-20
1786736964.9782777,twist -X,fast,1786736956.034645,-469.8685895921071,-180.9682338209808,722.0604829572312,13.572617536573997,-35.24014421940822,6.948499176316693e-20
1786736965.0063455,twist -X,fast,1786736956.034645,-470.04215035029665,-179.64610736131954,723.4664891499879,13.473458052099357,-35.25316127627231,6.994452051964191e-20
1786736965.0345685,twist -X,fast,1786736956.034645,-469.7699937690222,-178.14725633390174,727.8081880483805,13.361044225042871,-35.23274953267685,7.034909452513633e-20
1786736965.0630252,twist -X,fast,1786736956.034645,-470.7527059833492,-180.80204979605776,725.5857016268383,13.560153734704624,-35.306452948751385,6.983367973298225e-20
1786736965.0916712,twist -X,fast,1786736956.034645,-469.9775406578183,-181.3448299716199,721.3911182390457,13.600862247871834,-35.248315549336596,6.975336475958189e-20
1786736965.1200688,twist -X,fast,1786736956.034645,-469.264784559085,-182.76635861254772,725.6732251952999,13.707476895941358,-35.19485884193152,7.031242074705698e-20
1786736965.1483433,twist -X,fast,1786736956.034645,-470.85325379293636,-183.5253083188835,738.732108261468,13.764398123916454,-35.313994034470404,7.182046053409085e-20
1786736965.1767194,twist -X,fast,1786736956.034645,-471.8161244143639,-184.60156554989646,731.931179325039,13.845117416242307,-35.38620933107748,7.200317443023781e-20
1786736965.2050204,twist -X,fast,1786736956.034645,-473.23754871635265,-186.60649478444532,720.1294047428055,13.995487108833519,-35.49281615372678,7.100359402229546e-20
1786736965.2334075,twist -X,fast,1786736956.034645,-473.98518953961957,-182.37882246782976,706.1128496392403,13.678411685087386,-35.548889215471775,6.963949378508182e-20
1786736965.2619412,twist -X,fast,1786736956.034645,-474.1150706891949,-182.05268735042284,721.4431994834704,13.653951551281995,-35.55863030168984,6.987083591188926e-20
1786736965.2900324,twist -X,fast,1786736956.034645,-474.7070859472874,-183.98457048513933,724.9105534470009,13.798842786385567,-35.603031446046714,7.070409699267593e-20
1786736965.3185802,twist -X,fast,1786736956.034645,-471.9044365470186,-186.6900481009094,729.2235882014766,14.00175360756855,-35.39283274102664,7.128978218811536e-20
1786736965.3471942,twist -X,fast,1786736956.034645,-471.154715121706,-186.40976200371824,723.7420127472096,13.980732150279035,-35.336603634128124,7.038943984950971e-20
1786736965.3754802,twist -X,fast,1786736956.034645,-468.8320497462273,-185.14347388680153,716.1375537025297,13.885760541510454,-35.1624037309672,6.967280565190877e-20
1786736965.4036064,twist -X,fast,1786736956.034645,-469.9725541907105,-185.65994133721836,717.7097235580459,13.924495600291447,-35.24794156430357,6.984099539392969e-20
1786736965.4321814,twist -X,fast,1786736956.034645,-471.0232010310083,-185.44445277200646,713.7913403973062,13.908333957900805,-35.32674007732581,6.953771718839911e-20
1786736965.460887,twist -X,fast,1786736956.034645,-471.8572377351129,-183.10270906634184,722.7836505581045,13.732703179975754,-35.389292830133805,6.986388057981649e-20
1786736965.4889994,twist -X,fast,1786736956.034645,-471.73166663738994,-181.44078838885696,724.9148726752419,13.608059129164541,-35.37987499780451,6.94975480406253e-20
1786736965.5171542,twist -X,fast,1786736956.034645,-471.3959095037312,-179.1037878825524,721.5044914144128,13.432784091191575,-35.35469321277998,6.98476871412144e-20
1786736965.545825,twist -X,fast,1786736956.034645,-472.5003674083623,-182.5009848907648,716.8259179025881,13.687573866807586,-35.437527555627405,6.983592844190541e-20
1786736965.5742598,twist -X,fast,1786736956.034645,-471.1924903478275,-182.4543111769765,717.7195346346616,13.684073338273453,-35.339436776087176,6.993561725866869e-20
1786736965.6024737,twist -X,fast,1786736956.034645,-472.14248616794475,-182.27672830186157,723.0737158741804,13.670754622639745,-35.410686462596,6.955988017700623e-20
1786736965.6308334,twist -X,fast,1786736956.034645,-471.3039019396547,-179.4521429841833,724.9762671014996,13.45891072381394,-35.347792645474286,6.967305699270381e-20
1786736965.6591446,twist -X,fast,1786736956.034645,-472.19659212633997,-179.0097027079471,723.9208350646077,13.425727703096346,-35.41474440947562,6.973750800420288e-20
1786736965.6876774,twist -X,fast,1786736956.034645,-469.33988138057657,-182.12085819917172,724.2359616234144,13.659064364938043,-35.20049110354368,7.021910471790265e-20
1786736965.716024,twist -X,fast,1786736956.034645,-468.6202212922908,-182.84095599087584,722.1931125340407,13.713071699315723,-35.146516596922,6.969983878684621e-20
1786736965.7446666,twist -X,fast,1786736956.034645,-468.2902062705475,-183.6254977436147,728.6165290567596,13.771912330771197,-35.12176547029129,7.072126858483903e-20
1786736965.772752,twist -X,fast,1786736956.034645,-468.71744110710006,-183.93913044831243,723.2571708323749,13.795434783623637,-35.153808083032715,7.042178301027256e-20
1786736965.801417,twist -X,fast,1786736956.034645,-468.11382269642627,-181.04131564377667,727.607710707447,13.578098673283431,-35.108536702232186,7.054384337108595e-20
1786736965.8293962,twist -X,fast,1786736956.034645,-468.6715731539025,-181.57531410144895,712.5910023072784,13.618148557608958,-35.15036798654288,6.902157089047659e-20
1786736965.8577774,twist -X,fast,1786736956.034645,-469.49343328629993,-179.69932552407533,717.6175343883733,13.477449414305855,-35.21200749647273,6.900276532252673e-20
1786736965.8862743,twist -X,fast,1786736956.034645,-468.9886423065482,-182.48284133551158,716.3942235492641,13.686213100163624,-35.17414817299142,6.92775938651398e-20
1786736965.9147143,twist -X,fast,1786736956.034645,-468.15332118241986,-180.85613599973817,717.4019753919156,13.564210199980604,-35.111499088681626,6.970613813628936e-20
1786736965.9438355,twist -X,fast,1786736956.034645,-468.4007207509112,-183.20830646496688,717.9335243177293,13.740622984872747,-35.13005405631853,6.999348777913635e-20
1786736965.9714665,twist -X,fast,1786736956.034645,-469.3637803071638,-184.61964094252176,718.3020448565994,13.846473070689402,-35.2022835230375,6.99038402668726e-20
1786736966.000425,twist -X,fast,1786736956.034645,-469.15374201399163,-183.99474367380765,723.6370782972017,13.799605775535799,-35.186530651049466,6.938155953047192e-20
1786736966.0281785,twist -X,fast,1786736956.034645,-472.70212914441936,-182.8447206322719,730.7120516460654,13.713354047420648,-35.45265968583156,6.945175591256184e-20
1786736966.0566027,twist -X,fast,1786736956.034645,-469.9919662801317,-182.77381106338044,711.7704874966994,13.708035829753808,-35.24939747101015,6.894738495551298e-20
1786736966.0849943,twist -X,fast,1786736956.034645,-469.8836367118788,-183.62927311378394,712.8322048505297,13.77219548353413,-35.24127275339112,6.946650943620574e-20
1786736966.1133893,twist -X,fast,1786736956.034645,-465.93806649807175,-182.2871034501885,704.7969927406093,13.67153275876424,-34.94535498735558,6.879073809165243e-20
1786736966.1419938,twist -X,fast,1786736956.034645,-469.9306800557374,-178.07819921832447,736.4125268385606,13.355864941374502,-35.2448010041806,6.920577081074865e-20
1786736966.170145,twist -X,fast,1786736956.034645,-472.19566194796425,-178.45724523537524,731.6209817428471,13.384293392653436,-35.4146746460977,6.929364922023481e-20
1786736966.1986,twist -X,fast,1786736956.034645,-476.23148426941134,-179.95999240186154,741.9868416634772,13.496999430139834,-35.717361320205924,7.040802286551041e-20
1786736966.226691,twist -X,fast,1786736956.034645,-473.95777702701935,-182.4220791375052,725.6172616450522,13.681655935313177,-35.546833277026586,6.952125103277427e-20
1786736966.255101,twist -X,fast,1786736956.034645,-472.2170183603571,-184.41169374054493,729.9175727656666,13.83087703054115,-35.41627637702695,6.959758119712168e-20
1786736966.283427,twist -X,fast,1786736956.034645,-467.98432494497047,-183.0370315916332,721.9988242769132,13.72777736937277,-35.098824370873,6.945387876427955e-20
1786736966.312026,twist -X,fast,1786736956.034645,-468.55511085209764,-181.23881419036513,723.3640760721382,13.592911064277654,-35.14163331390748,7.001198154330377e-20
1786736966.3405797,twist -X,fast,1786736956.034645,-468.11689988848093,-182.6013395617972,714.2701731281613,13.695100467135052,-35.10876749163608,6.991157594402817e-20
1786736966.3687856,twist -X,fast,1786736956.034645,-470.7011833605493,-185.45873782229864,716.14592341765,13.90940533667268,-35.302588752041615,6.999251675352083e-20
1786736966.3971384,twist -X,fast,1786736956.034645,-473.99759207487614,-188.64942725971207,722.4561289646308,14.148707044478474,-35.54981940561603,7.05351240070464e-20
1786736966.425691,twist -X,fast,1786736956.034645,-474.23190314382964,-186.69863968434436,730.0525206929315,14.002397976325998,-35.56739273578733,7.014009531157899e-20
1786736966.453901,twist -X,fast,1786736956.034645,-475.96523308637734,-185.58151778625518,734.6559745278782,13.918613833969363,-35.69739248147848,7.021052088108325e-20
1786736966.482338,twist -X,fast,1786736956.034645,-475.24613406421395,-183.69167037542354,733.5637226253393,13.776875278156883,-35.64346005481641,7.014927813018809e-20
1786736966.5107665,twist -X,fast,1786736956.034645,-471.4203226231275,-181.81464847435723,722.5833098216162,13.636098635577138,-35.356524196734945,6.972106706217494e-20
1786736966.5393453,twist -X,fast,1786736956.034645,-467.8486060474884,-179.2586340631758,713.8488214498666,13.444397554738405,-35.08864545356178,6.901172772601191e-20
1786736966.567445,twist -X,fast,1786736956.034645,-467.23125014014295,-179.60828946015022,716.2480191964523,13.470621709511487,-35.042343760510995,6.93586927873339e-20
1786736966.595702,twist -X,fast,1786736956.034645,-472.75072699019483,-177.0552393175293,738.7904270048184,13.279142948814968,-35.45630452426485,7.032179673990993e-20
1786736966.624054,twist -X,fast,1786736956.034645,-471.60303181618747,-176.08352295320776,740.5196337887364,13.20626422149088,-35.37022738621448,6.991005628892726e-20
1786736966.6523259,twist -X,fast,1786736956.034645,-469.4510803451831,-174.23344858588473,730.267255355493,13.067508643941654,-35.208831025888976,6.911752338153612e-20
1786736966.680912,twist -X,fast,1786736956.034645,-467.9533751249123,-175.2695665629509,718.8886629266062,13.145217492221615,-35.096503134368525,6.893428049594272e-20
1786736966.7093637,twist -X,fast,1786736956.034645,-469.2282791877765,-178.65696272045716,715.1429080210892,13.399272204034549,-35.19212093908351,6.939063356215003e-20
1786736966.7378733,twist -X,fast,1786736956.034645,-468.64506493089493,-175.90885210225736,713.1679754409361,13.193163907669533,-35.14837986981724,6.962983920568608e-20
1786736966.7660897,twist -X,fast,1786736956.034645,-471.8393237330097,-180.95912151144046,716.8844001679154,13.571934113358342,-35.38794927997585,6.931647848530748e-20
1786736966.7946212,twist -X,fast,1786736956.034645,-471.75300089040184,-180.72565845907422,717.6459362864634,13.554424384430622,-35.3814750667804,7.003951280073882e-20
1786736966.8227732,twist -X,fast,1786736956.034645,-473.92843299565766,-186.8674173969457,725.3741612603062,14.015056304771111,-35.544632474674565,7.029300115812684e-20
1786736966.851044,twist -X,fast,1786736956.034645,-468.8682722219464,-184.0521384702181,717.0423241006292,13.803910385266686,-35.1651204166462,6.977741515438188e-20
1786736966.8794296,twist -X,fast,1786736956.034645,-469.106132158885,-185.47227280300638,717.3817860188356,13.91042046022569,-35.182959911916484,6.893528387615516e-20
1786736966.90775,twist -X,fast,1786736956.034645,-466.41892534686303,-184.15365265740786,706.8721149152525,13.811523949305933,-34.98141940101497,6.836568897674372e-20
1786736966.9366658,twist -X,fast,1786736956.034645,-467.8239283501066,-184.37766510554923,714.8233862842844,13.828324882916416,-35.086794626258204,6.931779994353732e-20
1786736966.96482,twist -X,fast,1786736956.034645,-464.92355040580105,-181.4852924495308,715.0035348556248,13.611396933715046,-34.86926628043525,6.935771739748582e-20
1786736966.9932997,twist -X,fast,1786736956.034645,-468.88646052714466,-187.97667582901227,718.5985197729924,14.098250687176058,-35.166484539536,6.983392183672675e-20
1786736967.0217576,twist +Y,fast,1786736966.999757,-471.96588685232064,-185.71057711511753,725.5078326437251,13.928293283633952,-35.397441513924186,6.970524276856566e-20
1786736967.0501792,twist +Y,fast,1786736966.999757,-474.34613997700535,-187.01658593842205,725.1228161911095,14.026243945381825,-35.57596049827555,6.96357118219705e-20
1786736967.0784564,twist +Y,fast,1786736966.999757,-474.8755302340978,-181.522221000694,731.4411265483213,13.614166575052241,-35.61566476755743,6.957034541190814e-20
1786736967.1066916,twist +Y,fast,1786736966.999757,-469.79572083466746,-184.33705061825412,717.9417559425119,13.825278796369336,-35.234679062600186,6.94344390266586e-20
1786736967.135067,twist +Y,fast,1786736966.999757,-469.7038076513286,-182.90372394171152,716.8511390653011,13.717779295628628,-35.22778557384976,6.943805288697548e-20
1786736967.1635165,twist +Y,fast,1786736966.999757,-468.27033920385156,-182.29279673573478,722.8947034174826,13.671959755180314,-35.120275440288985,6.975709197958987e-20
1786736967.191975,twist +Y,fast,1786736966.999757,-470.0596875447545,-181.91401760001656,733.5266818531627,13.643551320001382,-35.25447656585679,7.009181721517712e-20
1786736967.2203586,twist +Y,fast,1786736966.999757,-469.59164056324335,-181.9218149499378,732.234077375906,13.644136121245612,-35.21937304224341,7.014516432453599e-20
1786736967.2485363,twist +Y,fast,1786736966.999757,-471.1755312499172,-181.09442833381274,723.2338605435434,13.582082125036269,-35.33816484374406,6.922384502198067e-20
1786736967.2769537,twist +Y,fast,1786736966.999757,-470.29698488116856,-185.94511934429545,709.6468942389329,13.945883950822346,-35.272273866087914,6.988308131251326e-20
1786736967.3053036,twist +Y,fast,1786736966.999757,-470.7319129707912,-186.3518756104819,717.0765396939105,13.97639067078632,-35.30489347280945,7.062671627271882e-20
1786736967.3336842,twist +Y,fast,1786736966.999757,-467.9730121750922,-188.20899783936034,717.5768908569435,14.115674837952074,-35.09797591313224,7.098978415051942e-20
1786736967.3618894,twist +Y,fast,1786736966.999757,-466.4430310767234,-182.0133935100298,719.5096267161034,13.651004513252321,-34.98322733075444,6.960931358952522e-20
1786736967.3902798,twist +Y,fast,1786736966.999757,-465.45936296072387,-180.41855361885507,713.784818455687,13.531391521414296,-34.90945222205453,6.924319987447862e-20
1786736967.4188206,twist +Y,fast,1786736966.999757,-471.9082472452624,-175.788020699149,735.9645536442531,13.184101552436406,-35.393118543394955,6.952900660481217e-20
1786736967.4473362,twist +Y,fast,1786736966.999757,-475.4291795744057,-178.6656670099386,744.6919355530945,13.39992502574557,-35.65718846808062,7.011263056939951e-20
1786736967.4756079,twist +Y,fast,1786736966.999757,-474.13337895437417,-182.66642223211988,739.5434335209238,13.699981667409059,-35.560003421578344,6.934824758342566e-20
1786736967.5037801,twist +Y,fast,1786736966.999757,-468.27953396225985,-186.68267977894482,728.7712780672382,14.001200983421025,-35.12096504716979,6.942739937651689e-20
1786736967.5321162,twist +Y,fast,1786736966.999757,-465.87934435931675,-186.70536060010647,717.300897523437,14.00290204500823,-34.94095082694888,6.887808874958245e-20
1786736967.5606277,twist +Y,fast,1786736966.999757,-466.1761372510455,-185.3111733941082,707.794988651428,13.898338004558408,-34.96321029382857,6.877759739434833e-20
1786736967.5889895,twist +Y,fast,1786736966.999757,-464.1693252445093,-183.71220005126315,700.5823800243061,13.778415003845016,-34.812699393338356,6.896214257975996e-20
1786736967.6172872,twist +Y,fast,1786736966.999757,-465.7458542300442,-181.875953617915,701.568303929128,13.640696521343937,-34.930939067253604,6.919568212318567e-20
1786736967.6459224,twist +Y,fast,1786736966.999757,-467.035731322077,-183.56801275337796,716.6924558969486,13.767600956503475,-35.027679849155895,6.959541806553069e-20
1786736967.674149,twist +Y,fast,1786736966.999757,-469.73344413099403,-183.55188794499088,712.3594538057596,13.76639159587457,-35.23000830982495,6.922365133474188e-20
1786736967.7023344,twist +Y,fast,1786736966.999757,-469.01111334827374,-184.323076422114,716.7902421906465,13.824230731658833,-35.17583350112083,7.005663118041089e-20
1786736967.7324195,twist +Y,fast,1786736966.999757,-469.308705996134,-187.79371823788688,706.4448255620018,14.084528867841787,-35.19815294971029,6.986550390112084e-20
1786736967.7592719,twist +Y,fast,1786736966.999757,-471.11944564947225,-187.3972424150246,713.1605576206102,14.054793181126971,-35.33395842371051,6.927153057029327e-20
1786736967.78735,twist +Y,fast,1786736966.999757,-472.9554464090893,-186.61774477054007,713.0588382394062,13.996330857790777,-35.47165848068174,6.858564624103201e-20
1786736967.815835,twist +Y,fast,1786736966.999757,-472.3763382070042,-180.46607162909243,718.9399437526845,13.534955372182257,-35.42822536552541,6.902121232919394e-20
1786736967.8442397,twist +Y,fast,1786736966.999757,-469.06188872986695,-181.11516644812298,711.4496724304872,13.58363748360949,-35.17964165474025,6.961772029061238e-20
1786736967.872651,twist +Y,fast,1786736966.999757,-466.94070645617467,-179.6154979380908,700.5057183315466,13.471162345357026,-35.0205529842132,6.905696456606226e-20
1786736967.9012172,twist +Y,fast,1786736966.999757,-469.4568758929263,-179.5784206950683,712.6938008375118,13.468381552130435,-35.20926569196985,6.943393334796206e-20
1786736967.9293175,twist +Y,fast,1786736966.999757,-469.13985899362933,-180.8020332136308,714.2101002247682,13.560152491022631,-35.18548942452236,6.935806599355136e-20
1786736967.9577773,twist +Y,fast,1786736966.999757,-470.9877985978005,-181.77339649489306,729.908611004159,13.633004737117222,-35.3240848948353,7.012838448703811e-20
1786736967.9860735,twist +Y,fast,1786736966.999757,-471.0543085102636,-181.18671896625085,716.5306078807571,13.589003922468994,-35.32907313826988,6.898658151657593e-20
1786736968.0146332,twist +Y,fast,1786736966.999757,-471.87345237872614,-176.04806988834548,712.4936193353469,13.20360524162609,-35.390508928404635,6.867900871873167e-20
1786736968.0427423,twist +Y,fast,1786736966.999757,-471.98987779148274,-177.53686151216334,708.5770318446857,13.315264613412449,-35.39924083436131,6.886407862489005e-20
1786736968.071167,twist +Y,fast,1786736966.999757,-469.90592427153206,-179.30103078674563,708.1233440624083,13.447577309006153,-35.24294432036512,6.960154305620071e-20
1786736968.0996945,twist +Y,fast,1786736966.999757,-471.13364382824693,-183.277351144769,713.4696646634611,13.745801335857916,-35.33502328711893,7.002700282668278e-20
1786736968.1291573,twist +Y,fast,1786736966.999757,-471.3483555842936,-181.48886721375163,723.3024897650585,13.611665041031433,-35.35112666882218,7.072161400025534e-20
1786736968.1565526,twist +Y,fast,1786736966.999757,-473.30204889584047,-180.96710974149767,740.3421723219581,13.572533230612468,-35.49765366718827,7.054272419705925e-20
1786736968.184664,twist +Y,fast,1786736966.999757,-471.1579550369297,-180.48704311948632,735.583711506778,13.536528233961608,-35.33684662776988,7.00875612187472e-20
1786736968.2130504,twist +Y,fast,1786736966.999757,-468.9864074534612,-180.15211824536368,715.6949285915698,13.511408868402587,-35.17398055900987,6.855877673263464e-20
1786736968.2413452,twist +Y,fast,1786736966.999757,-466.59804488637565,-183.07539257096516,701.9561958757849,13.7306544428227,-34.994853366478324,6.872304113545573e-20
1786736968.270051,twist +Y,fast,1786736966.999757,-466.54438103495113,-182.43618297371665,703.1712533766349,13.682713723029092,-34.990828577621514,6.908161540868793e-20
1786736968.2984216,twist +Y,fast,1786736966.999757,-466.31233036839194,-183.04876380493818,705.6290489916337,13.72865728537067,-34.97342477762959,6.877056165730752e-20
1786736968.3267858,twist +Y,fast,1786736966.999757,-467.48416319770513,-180.3588502882219,703.2268307184695,13.52691377161688,-35.06131223982816,6.887452905701785e-20
1786736968.355131,twist +Y,fast,1786736966.999757,-469.6713431840467,-181.3010608417984,704.9339754872772,13.597579563135103,-35.22535073880378,6.984687892522322e-20
1786736968.3833442,twist +Y,fast,1786736966.999757,-470.4291825107034,-179.89261829892473,711.6790227188185,13.491946372419523,-35.28218868830291,6.990627068727822e-20
1786736968.4116662,twist +Y,fast,1786736966.999757,-470.3175283729943,-179.36837071735965,712.8123694733658,13.452627803802212,-35.27381462797483,6.946059675217053e-20
1786736968.4400375,twist +Y,fast,1786736966.999757,-467.093812598609,-182.49593926925502,700.8237480706766,13.687195445194323,-35.03203594489591,6.818894828682919e-20
1786736968.46858,twist +Y,fast,1786736966.999757,-467.0978055133446,-184.8555270003326,697.9904196680191,13.864164525025163,-35.032335413501144,6.904221208649465e-20
1786736968.4970667,twist +Y,fast,1786736966.999757,-468.2470188503444,-185.21542701365615,704.6743568775064,13.891157026024363,-35.11852641377601,6.927413947828631e-20
1786736968.5251927,twist +Y,fast,1786736966.999757,-468.37730093054506,-184.49386407678696,711.8038100743697,13.837039805759222,-35.12829756979115,6.893061620885525e-20
1786736968.553541,twist +Y,fast,1786736966.999757,-471.68905354900517,-182.7385140471191,725.6072868436504,13.705388553534117,-35.376679016175615,6.870155412984681e-20
1786736968.5821803,twist +Y,fast,1786736966.999757,-472.15457042579783,-181.94756186155212,733.7822897800752,13.646067139616779,-35.411592781935056,6.94681981231721e-20
1786736968.610354,twist +Y,fast,1786736966.999757,-474.4957566580347,-180.95933832640526,730.5393212758117,13.571950374480526,-35.58718174935273,6.940679804587895e-20
1786736968.6387486,twist +Y,fast,1786736966.999757,-470.93969666347675,-180.89594742910083,715.3064976051564,13.567196057182738,-35.32047724976083,6.864240933332363e-20
1786736968.6672335,twist +Y,fast,1786736966.999757,-467.553231327322,-183.0998767927266,689.0899597057505,13.732490759454596,-35.06649234954932,6.764180297624131e-20
1786736968.6956797,twist +Y,fast,1786736966.999757,-466.5035537345002,-181.0162133806416,696.4946756313102,13.576216003548357,-34.9877665300877,6.788367143757479e-20
1786736968.7239532,twist +Y,fast,1786736966.999757,-466.72326751798164,-182.1504894308482,703.416347355851,13.661286707313653,-35.00424506384881,6.863942932185123e-20
1786736968.7523048,twist +Y,fast,1786736966.999757,-469.2636959368647,-178.88177936700436,713.2021064041774,13.416133452525504,-35.1947771952652,6.815367760032626e-20
1786736968.780821,twist +Y,fast,1786736966.999757,-470.81858295602206,-175.78157280488472,717.35294437829,13.183617960366401,-35.31139372170188,6.876138293494871e-20
1786736968.8094516,twist +Y,fast,1786736966.999757,-470.2223759190765,-176.85231434749903,712.6334642934771,13.263923576062584,-35.26667819393092,6.85261442537808e-20
1786736968.837637,twist +Y,fast,1786736966.999757,-468.22076382469686,-177.207748790829,708.1838012721373,13.290581159312314,-35.116557286852384,6.913240007561584e-20
1786736968.8659217,twist +Y,fast,1786736966.999757,-466.6869165367375,-181.0553537003973,703.2984849386794,13.57915152753002,-35.00151874025553,6.9013327717587e-20
1786736968.894359,twist +Y,fast,1786736966.999757,-466.80499863466093,-177.24038187202314,698.7593422002365,13.293028640401875,-35.010374897599746,6.923576807875972e-20
1786736968.924132,twist +Y,fast,1786736966.999757,-471.65753694688783,-180.50864670574367,712.36026317103,13.538148502931097,-35.37431527101687,6.937708391961325e-20
1786736968.9510508,twist +Y,fast,1786736966.999757,-475.60989940825675,-184.45094365411092,717.8783693739088,13.833820774058584,-35.6707424556195,6.957641629562999e-20
1786736968.9792957,twist +Y,fast,1786736966.999757,-478.4417569992647,-185.89754410169348,727.9421125811959,13.942315807627214,-35.88313177494504,6.960876371481865e-20
1786736969.0076714,twist +Y,fast,1786736966.999757,-475.17666500842233,-183.0499094584692,730.1458940386365,13.72874320938536,-35.638249875631914,6.989837996250848e-20
1786736969.036088,twist +Y,fast,1786736966.999757,-473.6388353567995,-179.5273598494947,724.9351593850861,13.464551988712397,-35.52291265176008,6.963351498707185e-20
1786736969.0644948,twist +Y,fast,1786736966.999757,-471.1817595742036,-180.7786260195859,721.8634867357669,13.558396951469167,-35.338631968065414,6.915224645295607e-20
1786736969.092758,twist +Y,fast,1786736966.999757,-471.54324878442867,-179.36753322232641,714.9716431819843,13.452564991674752,-35.36574365883238,6.895907523651112e-20
1786736969.1233628,twist +Y,fast,1786736966.999757,-472.9836918871756,-178.97045469162265,730.1990579298372,13.422784101871759,-35.47377689153847,6.942939717385295e-20
1786736969.1496725,twist +Y,fast,1786736966.999757,-476.53135105362617,-181.27472990843046,739.7540148730768,13.595604743132636,-35.7398513290222,7.026731520829516e-20
1786736969.178057,twist +Y,fast,1786736966.999757,-474.7481507903781,-181.50578134438717,739.6968456853501,13.612933600829113,-35.606111309278575,6.96759142333434e-20
1786736969.2065296,twist +Y,fast,1786736966.999757,-472.5318231335468,-181.19042071467322,728.9374165847776,13.589281553600696,-35.43988673501616,6.920462037765945e-20
1786736969.2349644,twist +Y,fast,1786736966.999757,-469.597276497027,-180.26401834547949,712.0246025260567,13.519801375911161,-35.219795737277174,6.862326764515731e-20
1786736969.2633028,twist +Y,fast,1786736966.999757,-470.58285196948464,-180.11825082214818,711.7956861571047,13.50886881166129,-35.293713897711655,6.893948211620632e-20
1786736969.2916834,twist +Y,fast,1786736966.999757,-468.7842683836766,-180.72202315814104,701.3334921064925,13.554151736860856,-35.158820128775915,6.860040119039061e-20
1786736969.321773,twist +Y,fast,1786736966.999757,-469.6233089186544,-178.0306489246443,708.4965786315688,13.352298669348638,-35.22174816889913,6.872574377737843e-20
1786736969.348701,twist +Y,fast,1786736966.999757,-471.7791832880721,-184.48077424274902,710.6324338792501,13.836058068206338,-35.383438746605606,6.937219510255337e-20
1786736969.3766804,twist +Y,fast,1786736966.999757,-474.7207471215211,-186.69426752350898,723.4680073248828,14.00207006426341,-35.60405603411407,6.996479294241903e-20
1786736969.40509,twist +Y,fast,1786736966.999757,-473.387388450441,-186.93024485925412,722.129144626022,14.019768364444271,-35.504054133783306,6.954642932455744e-20
1786736969.433447,twist +Y,fast,1786736966.999757,-471.25780440412154,-182.21328199100992,718.9427491812112,13.665996149326023,-35.34433533030923,6.894175328915632e-20
1786736969.462104,twist +Y,fast,1786736966.999757,-470.14849525144973,-180.62919599376187,718.003763748723,13.547189699532243,-35.26113714385881,6.904584115252774e-20
1786736969.4902587,twist +Y,fast,1786736966.999757,-469.33613544721265,-181.52979329742868,708.6094637129618,13.614734497307285,-35.200210158541225,6.882994904029616e-20
1786736969.521137,twist +Y,fast,1786736966.999757,-468.29053592341415,-178.3493376307215,698.6304277779464,13.376200322304381,-35.12179019425622,6.83786982277197e-20
1786736969.5470874,twist +Y,fast,1786736966.999757,-468.9425729646937,-182.33184695946147,699.8307051898537,13.674888521959875,-35.170692972352235,6.893625823336919e-20
1786736969.5755582,twist +Y,fast,1786736966.999757,-471.6205094357824,-182.67167438150682,710.6942409540798,13.700375578613244,-35.371538207683884,6.907270083699883e-20
1786736969.604015,twist +Y,fast,1786736966.999757,-473.69250871815257,-185.2105477040019,725.1237947285199,13.890791077800376,-35.52693815386162,6.954798442165252e-20
1786736969.6322763,twist +Y,fast,1786736966.999757,-472.0758164761928,-179.86387695213523,715.2912729090549,13.48979077141031,-35.40568623571471,6.787762701402023e-20
1786736969.6607442,twist +Y,fast,1786736966.999757,-470.56294237353677,-181.0388805367495,711.6814275649667,13.577916040256437,-35.29222067801533,6.792266283876148e-20
1786736969.689098,twist +Y,fast,1786736966.999757,-469.4264986031849,-181.19480249802734,703.2463829079688,13.589610187352289,-35.20698739523905,6.795192673599614e-20
1786736969.7194161,twist +Y,fast,1786736966.999757,-470.8904351831934,-182.22074605338378,708.5281404713605,13.666555954003922,-35.3167826387396,6.867608510469147e-20
1786736969.7457256,twist +Y,fast,1786736966.999757,-470.86254744649887,-180.02977853185178,718.9603137651284,13.502233389888982,-35.31469105848757,6.931132838851139e-20
1786736969.7742345,twist +Y,fast,1786736966.999757,-476.1223644432789,-182.95338450523343,730.9200128597486,13.721503837892737,-35.70917733324613,6.941038727362281e-20
1786736969.8026736,twist +Y,fast,1786736966.999757,-473.30764609038124,-179.07292491201395,722.9618136143245,13.43046936840135,-35.498073456778734,6.903757068260268e-20
1786736969.8311582,twist +Y,fast,1786736966.999757,-470.9611700916944,-178.25799060272266,708.3442665429666,13.369349295204206,-35.32208775687721,6.78063118952148e-20
1786736969.859732,twist +Y,fast,1786736966.999757,-464.1250985620827,-176.61061227874245,695.2573542615601,13.245795920905937,-34.809382392156266,6.74884704183508e-20
1786736969.8881378,twist +Y,fast,1786736966.999757,-465.36887800909426,-178.99643857156457,704.8938692756083,13.424732892867606,-34.902665850682034,6.82043488701485e-20
1786736969.9181175,twist +Y,fast,1786736966.999757,-466.9555441412299,-182.48893330942235,709.9836759777063,13.68666999820687,-35.02166581059245,6.951844858370463e-20
1786736969.9446964,twist +Y,fast,1786736966.999757,-469.6929431143071,-179.01623245807923,723.5834373746093,13.42621743435603,-35.22697073357314,7.021184861280244e-20
1786736969.9730272,twist +Y,fast,1786736966.999757,-470.767955257023,-178.50240285708867,723.0400887990472,13.38768021428169,-35.30759664427696,6.988778372319724e-20
1786736970.0014865,twist +Y,fast,1786736966.999757,-470.37392078723406,-175.5856064222678,721.874546797616,13.168920481670359,-35.278044059042635,6.867563804488061e-20
1786736970.029939,twist +Y,fast,1786736966.999757,-469.6124944839621,-178.80965685619685,711.974866365952,13.410724264215023,-35.22093708629736,6.81433588631077e-20
1786736970.058457,twist +Y,fast,1786736966.999757,-471.4521629357055,-181.14685610798472,711.2553366690163,13.586014208099062,-35.3589122201781,6.856748149795901e-20
1786736970.0865226,twist +Y,fast,1786736966.999757,-472.00119552159094,-181.64229069851524,716.2632993312454,13.623171802388907,-35.40008966411959,7.006446920427794e-20
1786736970.117502,twist +Y,fast,1786736966.999757,-472.8207359227413,-180.41644039441894,723.0721609120437,13.531233029581674,-35.46155519420582,6.970977398883032e-20
1786736970.1435065,twist +Y,fast,1786736966.999757,-470.90872385102875,-174.81470885791884,732.9159519645018,13.111103164344076,-35.3181542888273,6.869499240346073e-20
1786736970.171734,twist +Y,fast,1786736966.999757,-469.92745676470895,-172.15702803071883,726.5671840097639,12.911777102304097,-35.24455925735349,6.752892174710779e-20
1786736970.2001595,twist +Y,fast,1786736966.999757,-466.2633158810281,-171.87992187692896,711.296119570633,12.890994140770065,-34.96974869107709,6.753562750320132e-20
1786736970.228705,twist +Y,fast,1786736966.999757,-463.12754067441665,-172.46664907895172,697.1205937190698,12.934998680921677,-34.73456555058137,6.732756666473785e-20
1786736970.2569802,twist +Y,fast,1786736966.999757,-466.91371445263576,-175.8207226019756,702.3760030216163,13.186554195148393,-35.018528583947834,6.787834722010183e-20
1786736970.2852998,twist +Y,fast,1786736966.999757,-470.95384830047124,-176.41589775763634,717.5351135244509,13.231192331822722,-35.32153862253562,6.863527879905551e-20
1786736970.3141396,twist +Y,fast,1786736966.999757,-475.1572949673291,-179.3785932837436,728.5440176025704,13.453394496280932,-35.63679712254994,7.037877530584539e-20
1786736970.3422656,twist +Y,fast,1786736966.999757,-474.4137864957711,-184.00228201428456,724.3323642014311,13.800171151071662,-35.581033987183076,6.98007887864769e-20
1786736970.3704054,twist +Y,fast,1786736966.999757,-473.17777817619935,-181.85974106340916,719.9675482199118,13.639480579756,-35.488333363215226,6.950459056782795e-20
1786736970.398791,twist +Y,fast,1786736966.999757,-471.14310292357686,-181.63859845939908,712.6547016630257,13.62289488445509,-35.33573271926842,6.85104608347695e-20
1786736970.4276493,twist +Y,fast,1786736966.999757,-469.1249230228077,-178.06437852925467,708.8814648121888,13.354828389694301,-35.184369226710714,6.983146764380295e-20
1786736970.4556751,twist +Y,fast,1786736966.999757,-469.1244012806196,-180.89637226405227,707.5388491129306,13.567227919804193,-35.184330096046686,6.968786828878939e-20
1786736970.4840999,twist +Y,fast,1786736966.999757,-472.8988136761309,-181.3911363479914,715.5319079852597,13.60433522609954,-35.46741102571001,6.998412738328386e-20
1786736970.5137544,twist +Y,fast,1786736966.999757,-472.83985355978984,-178.73699704039552,717.2598264272156,13.405274778029852,-35.4629890169844,6.933239940905226e-20
1786736970.5407658,twist +Y,fast,1786736966.999757,-475.15581995523326,-180.79753149129442,722.0094211258684,13.55981486184739,-35.63668649664284,6.874077744237405e-20
1786736970.5691092,twist +Y,fast,1786736966.999757,-471.75416849948897,-180.53775217862392,714.3445119245016,13.540331413396917,-35.38156263746191,6.88405293096817e-20
1786736970.5977764,twist +Y,fast,1786736966.999757,-471.8819901415218,-181.23591030914588,712.6448173742774,13.592693273186054,-35.391149260614284,6.856896702307095e-20
1786736970.6257715,twist +Y,fast,1786736966.999757,-465.71242196543744,-177.26742272958256,692.5221001367408,13.295056704718878,-34.92843164740805,6.828039681433672e-20
1786736970.6544685,twist +Y,fast,1786736966.999757,-465.9954212330058,-179.55719401465024,690.517699129452,13.46678955109913,-34.94965659247562,6.734375380495824e-20
1786736970.6828706,twist +Y,fast,1786736966.999757,-467.63763487830965,-182.905018232761,693.7544863533503,13.717876367457269,-35.07282261587339,6.743103517836701e-20
1786736970.7141395,twist +Y,fast,1786736966.999757,-471.2715673032217,-185.95546574050127,706.3039277558491,13.94665993053776,-35.34536754774188,6.879341465438683e-20
1786736970.7398448,twist +Y,fast,1786736966.999757,-472.7000313021085,-187.1639289960225,711.2253980589676,14.03729467470178,-35.45250234765832,6.967242115050999e-20
1786736970.7678177,twist +Y,fast,1786736966.999757,-473.17050261927216,-184.6231224303334,720.9017861848406,13.846734182275124,-35.48778769644555,6.953025465517447e-20
1786736970.7960417,twist +Y,fast,1786736966.999757,-472.0325763764454,-181.96901829710112,716.3635576665301,13.647676372282827,-35.4024432282335,6.885932834324775e-20
1786736970.8244958,twist +Y,fast,1786736966.999757,-468.60169671555286,-175.78396781581057,703.7724065840803,13.183797586186156,-35.14512725366675,6.770388754928149e-20
1786736970.852819,twist +Y,fast,1786736966.999757,-468.33395936295165,-177.47773009297794,703.7998392728141,13.310829756973607,-35.1250469522216,6.849068977398572e-20
1786736970.8814566,twist +Y,fast,1786736966.999757,-469.47656493135446,-176.69974553163559,711.2108213912061,13.252480914872951,-35.2107423698519,6.909102852226139e-20
1786736970.911626,twist +Y,fast,1786736966.999757,-471.1386711877076,-179.423361086255,719.8992470069797,13.4567520814694,-35.3354003390784,7.022011729161939e-20
1786736970.9381714,twist +Y,fast,1786736966.999757,-473.5612087409427,-180.0999165082984,724.8678454534966,13.507493738122566,-35.51709065557095,7.031674926393079e-20
1786736970.9663894,twist +Y,fast,1786736966.999757,-475.0076629934738,-180.77321029390805,736.3312955639803,13.557990772043329,-35.625574724510734,6.979527911559262e-20
1786736970.9948745,twist +Y,fast,1786736966.999757,-473.5243069784565,-181.60086647884543,731.6077088423763,13.620064985913682,-35.51432302338457,6.879501668647458e-20
1786736971.0234218,twist +Y,fast,1786736966.999757,-468.07479921369713,-178.09630148637848,713.8604895017306,13.357222611478601,-35.10560994102755,6.777744921206925e-20
1786736971.051495,twist +Y,fast,1786736966.999757,-467.10855271669607,-179.83274337488035,704.1251669653548,13.487455753116233,-35.033141453752336,6.814002811192509e-20
1786736971.0800753,twist +Y,fast,1786736966.999757,-470.6114725180005,-179.05779287745395,712.8591035632498,13.42933446580938,-35.29586043885026,6.893727641657935e-20
1786736971.1093445,twist +Y,fast,1786736966.999757,-472.7186458856586,-181.14723224806994,717.9562441106873,13.586042418605341,-35.45389844142471,6.911017965991573e-20
1786736971.136963,twist +Y,fast,1786736966.999757,-475.352316730432,-184.24812652032938,719.7850582294313,13.818609489025011,-35.65142375478259,6.871213475239831e-20
1786736971.1651397,twist +Y,fast,1786736966.999757,-473.0690453317193,-185.56241769871906,717.8959452264407,13.917181327404268,-35.48017839987906,6.886974049759484e-20
1786736971.1934743,twist +Y,fast,1786736966.999757,-472.2027937575849,-184.05573658458513,717.737439507182,13.804180243844055,-35.41520953181917,6.898021053970966e-20
1786736971.2221458,twist +Y,fast,1786736966.999757,-467.6805692255489,-180.51132365611852,708.9831060629322,13.538349274208972,-35.076042691916456,6.862206365558193e-20
1786736971.2503397,twist +Y,fast,1786736966.999757,-466.85947273354486,-179.03696411683188,703.2802825643093,13.427772308762567,-35.01446045501593,6.803717128500829e-20
1786736971.2788,twist +Y,fast,1786736966.999757,-468.01058121245615,-181.46617517560026,706.278057200233,13.609963138170304,-35.1007935909345,6.813391491138248e-20
1786736971.3071973,twist +Y,fast,1786736966.999757,-468.77232217355595,-180.06325578585177,708.8280761327724,13.50474418393905,-35.15792416301682,6.857618732012559e-20
1786736971.3357584,twist +Y,fast,1786736966.999757,-470.379900609993,-181.32235931599098,712.7301799700645,13.599176948699668,-35.27849254574978,6.913268291627316e-20
1786736971.3636277,twist +Y,fast,1786736966.999757,-470.60403498197866,-179.61633307448676,713.4515228712098,13.471224980586715,-35.295302623648446,6.894817261273741e-20
1786736971.392352,twist +Y,fast,1786736966.999757,-470.9041346923277,-180.0356866444141,717.3133758344566,13.502676498331223,-35.31781010192471,6.906584593773773e-20
1786736971.420632,twist +Y,fast,1786736966.999757,-468.67035442065844,-181.1426992925417,703.3446286425669,13.585702446940832,-35.15027658154959,6.856016444995086e-20
1786736971.4488072,twist +Y,fast,1786736966.999757,-467.6617299751547,-181.3741143574524,702.582938339755,13.6030585768091,-35.07462974813673,6.896697110484964e-20
1786736971.4775703,twist +Y,fast,1786736966.999757,-469.16143537174366,-182.26608055803035,704.612155212063,13.669956041852533,-35.18710765288088,6.886683011716115e-20
1786736971.5056992,twist +Y,fast,1786736966.999757,-471.9383887921549,-178.09865365894314,722.3760703413718,13.357399024420946,-35.395379159411746,6.919055936099744e-20
1786736971.5340693,twist +Y,fast,1786736966.999757,-472.603095076749,-176.39122459936402,725.353013576464,13.229341844952419,-35.44523213075638,6.910178754112482e-20
1786736971.5623708,twist +Y,fast,1786736966.999757,-473.58629879636965,-177.60890437511557,730.4093292240168,13.320667828133825,-35.518972409727915,6.937336125503414e-20
1786736971.5909781,twist +Y,fast,1786736966.999757,-472.25592184624793,-179.1475343909326,726.6976886875482,13.436065079320304,-35.419194138468704,6.88113374835111e-20
1786736971.6191585,twist +Y,fast,1786736966.999757,-471.23326897854304,-177.84246963082433,718.8030714226761,13.33818522231213,-35.34249517339089,6.835797065694366e-20
1786736971.6475377,twist +Y,fast,1786736966.999757,-466.4005662407817,-177.4561932425728,703.3055028081808,13.309214493192993,-34.980042468058805,6.732081776218109e-20
1786736971.6759205,twist +Y,fast,1786736966.999757,-465.7954090912931,-178.66058545727492,700.6406898210325,13.399543909295868,-34.934655681847225,6.802312604516416e-20
1786736971.7044718,twist +Y,fast,1786736966.999757,-468.6137272335609,-182.75530039725777,708.2383739185962,13.706647529794513,-35.146029542517354,6.889802199230188e-20
1786736971.7327504,twist +Y,fast,1786736966.999757,-472.2530163700417,-181.27637219184783,719.2733687425189,13.595727914388828,-35.418976227753404,6.974138146906524e-20
1786736971.7611613,twist +Y,fast,1786736966.999757,-474.4630058536977,-180.31358826118708,721.2744440922479,13.523519119589306,-35.58472543902751,6.947508801601782e-20
1786736971.789556,twist +Y,fast,1786736966.999757,-473.36411821752745,-179.52640462882334,716.7857434840134,13.464480347161942,-35.50230886631483,6.874335084597943e-20
1786736971.8182247,twist +Y,fast,1786736966.999757,-472.5386394781326,-179.88782318825486,712.9874884989431,13.491586739119317,-35.440397960860125,6.889697821992615e-20
1786736971.8462312,twist +Y,fast,1786736966.999757,-470.47474536501613,-182.05761685798473,713.9927729513665,13.654321264349004,-35.28560590237652,6.947342220200542e-20
1786736971.8749704,twist +Y,fast,1786736966.999757,-470.3167638106529,-182.50964824275798,715.6651069123973,13.688223618207072,-35.27375728579916,6.980397925941399e-20
1786736971.9054217,twist +Y,fast,1786736966.999757,-470.634413769425,-183.4791300435968,723.2904671396691,13.760934753269975,-35.29758103270699,7.030957979886355e-20
1786736971.9313724,twist +Y,fast,1786736966.999757,-474.17828200005897,-182.21174534451131,733.4990963949476,13.66588090083852,-35.563371150004656,7.001658143030045e-20
1786736971.960054,twist +Y,fast,1786736966.999757,-474.97016157604185,-180.3545440420661,739.2132318195208,13.52659080315529,-35.622762118203426,7.086627880574144e-20
1786736971.988422,twist +Y,fast,1786736966.999757,-475.51546781570005,-180.51697027937882,733.294400435585,13.53877277095366,-35.6636600861777,7.051634078400201e-20
1786736972.0167167,twist +Y,fast,1786736966.999757,-473.60435184196695,-180.47593078064722,722.04775829335,13.535694808548751,-35.520326388147765,7.066575128469109e-20
1786736972.0450659,twist +Y,fast,1786736966.999757,-471.1662329834594,-180.89519554195238,716.3233136771696,13.567139665646597,-35.33746747375972,7.010739425932263e-20
1786736972.0735502,twist +Y,fast,1786736966.999757,-470.20614602973137,-178.2096517474423,715.3829204362728,13.365723881058504,-35.265460952230036,6.962274429805287e-20
1786736972.1017685,twist +Y,fast,1786736966.999757,-471.56891833470854,-179.5510025642019,719.8724331212807,13.466325192315413,-35.36766887510353,6.920099727494633e-20
1786736972.130064,twist +Y,fast,1786736966.999757,-472.69622126040076,-181.09487116905177,725.7502029212174,13.582115337679259,-35.45221659453031,6.923770502330999e-20
1786736972.1584733,twist +Y,fast,1786736966.999757,-473.16544830440125,-181.3649549007066,727.8166064657162,13.60237161755325,-35.48740862283033,6.92712003406648e-20
1786736972.1867983,twist +Y,fast,1786736966.999757,-470.42702051786864,-182.36153149648942,716.7309716643031,13.677114862236895,-35.28202653884027,6.907169367448935e-20
1786736972.215097,twist +Y,fast,1786736966.999757,-469.74202352028396,-181.8442583341323,710.4039939400109,13.638319375060188,-35.23065176402147,6.86357119991957e-20
1786736972.2436595,twist +Y,fast,1786736966.999757,-470.7005232522706,-182.40636988458493,718.6530676532002,13.680477741344195,-35.30253924392052,6.873425877929677e-20
1786736972.2722228,twist +Y,fast,1786736966.999757,-471.1274763471015,-180.58060610754183,720.6007436780246,13.543545458065989,-35.33456072603273,6.877148759353564e-20
1786736972.3007042,twist +Y,fast,1786736966.999757,-471.82755612644223,-180.25011790492067,721.4708485347765,13.518758842869392,-35.38706670948342,6.882825450457637e-20
1786736972.329039,twist +Y,fast,1786736966.999757,-470.15138464867186,-183.4276130747047,709.3507539585426,13.75707098060293,-35.26135384865066,6.909128081147418e-20
1786736972.3573468,twist +Y,fast,1786736966.999757,-472.08812647967943,-182.2636120514502,719.4914525999484,13.669770903858964,-35.406609485976155,6.915907737522908e-20
1786736972.3854544,twist +Y,fast,1786736966.999757,-467.14924790315854,-180.995344069133,703.6264430384335,13.574650805185083,-35.036193592737185,6.754473139270396e-20
1786736972.4139173,twist +Y,fast,1786736966.999757,-468.2501185341189,-175.14339120445072,704.022291545798,13.135754340333943,-35.118758890059055,6.738886048591813e-20
1786736972.4421694,twist +Y,fast,1786736966.999757,-467.01205710520617,-177.08157659773065,705.2499786431654,13.281118244829937,-35.02590428289057,6.768554686222091e-20
1786736972.4708521,twist +Y,fast,1786736966.999757,-472.76499564344476,-177.86666133423728,726.5354678174863,13.339999600067994,-35.457374673258556,6.9339960144474e-20
1786736972.4989827,twist +Y,fast,1786736966.999757,-472.4528168122765,-180.2055185852247,725.8462077111826,13.515413893891928,-35.43396126092087,6.883190260309377e-20
1786736972.527371,twist +Y,fast,1786736966.999757,-473.84158041625506,-181.09592794908144,721.3138501671465,13.582194596181385,-35.538118531219204,6.89015175554978e-20
1786736972.5558362,twist +Y,fast,1786736966.999757,-473.21047153647896,-180.29471184437023,714.1598911953088,13.522103388327924,-35.49078536523603,6.832570844522167e-20
1786736972.5842278,twist +Y,fast,1786736966.999757,-475.06271563977407,-183.31236188020944,726.352352130245,13.748427141015785,-35.62970367298327,6.968192500275563e-20
1786736972.6124046,twist +Y,fast,1786736966.999757,-472.84500033705444,-180.22808615686438,720.431913234358,13.517106461765106,-35.46337502527931,6.897397469887551e-20
1786736972.6408505,twist +Y,fast,1786736966.999757,-474.2515564915375,-180.66844597572117,734.4691301454613,13.550133448179249,-35.568866736865544,7.02832845839455e-20
1786736972.6706035,twist +Y,fast,1786736966.999757,-470.71715599790423,-178.3516318130669,725.399067886553,13.376372385980165,-35.30378669984292,6.929207701854548e-20
1786736972.69745,twist +Y,fast,1786736966.999757,-473.5487788597725,-181.55253186372863,734.5880116878106,13.61643988977998,-35.51615841448327,6.992128894900604e-20
1786736972.7259483,twist +Y,fast,1786736966.999757,-470.1366754007786,-182.05637120877816,717.769902635885,13.654227840658745,-35.26025065505855,6.892221605749222e-20
1786736972.754347,twist +Y,fast,1786736966.999757,-470.4681606455101,-182.77020543496815,715.8790762287254,13.707765407622826,-35.285112048413566,6.89573928070509e-20
1786736972.7826955,twist +Y,fast,1786736966.999757,-467.68350092404216,-180.6005984734103,715.3659860658017,13.545044885506012,-35.07626256930346,6.935020946138305e-20
1786736972.8111043,twist +Y,fast,1786736966.999757,-472.0808570195304,-183.25420787530015,721.3230557584311,13.744065590647825,-35.406064276465024,6.959919007966896e-20
1786736972.8394434,twist +Y,fast,1786736966.999757,-473.5204667040184,-184.21594746628318,724.946664751792,13.816196059971471,-35.51403500280162,6.986605717449297e-20
1786736972.8694692,twist +Y,fast,1786736966.999757,-473.6931230494729,-183.70746524942467,727.5854177722449,13.778059893707077,-35.526984228710596,6.930492849251278e-20
1786736972.8962913,twist +Y,fast,1786736966.999757,-471.80147067373673,-182.24241595846638,724.6613484766485,13.66818119688524,-35.38511030053058,6.887359429044128e-20
1786736972.924515,twist +Y,fast,1786736966.999757,-471.255419061104,-181.74080847701487,727.3368631043486,13.630560635776373,-35.34415642958291,6.909046076263346e-20
1786736972.9529917,twist +Y,fast,1786736966.999757,-469.67140308025137,-180.99591544906957,706.9187903448365,13.574693658680385,-35.22535523101903,6.878316698199084e-20
1786736972.9812684,twist +Y,fast,1786736966.999757,-467.8632482846888,-180.6008442985294,706.449736336338,13.545063322389783,-35.08974362135173,6.90226427729011e-20
1786736973.009728,twist +Y,fast,1786736966.999757,-466.83927288191944,-179.4953789568067,690.0984353452577,13.462153421760643,-35.012945466144174,6.753372754075564e-20
1786736973.0382874,twist +Y,fast,1786736966.999757,-470.15443552326315,-179.82191124391272,705.632126630614,13.486643343293618,-35.26158266424479,6.825698759111863e-20
1786736973.066963,twist +Y,fast,1786736966.999757,-470.91207203089743,-179.92095740442767,712.5056698593407,13.494071805332158,-35.318405402317445,6.812908754656381e-20
1786736973.0949109,twist +Y,fast,1786736966.999757,-472.0863803376933,-181.32776782719372,718.506207992179,13.599582587039695,-35.40647852532707,6.955217042082209e-20
1786736973.1232646,twist +Y,fast,1786736966.999757,-470.38586898388394,-183.21470770104258,713.2161818605182,13.74110307757839,-35.278940173791455,6.929089761585167e-20
1786736973.1516347,twist +Y,fast,1786736966.999757,-472.11460191198876,-184.31629746444742,703.0572876682754,13.823722309833752,-35.40859514339936,6.922922088665482e-20
1786736973.1801667,twist +Y,fast,1786736966.999757,-472.9298456456513,-182.22919061284415,710.4382834563421,13.667189295963471,-35.469738423424104,6.88508147554922e-20
1786736973.2083461,twist +Y,fast,1786736966.999757,-474.3015423157549,-181.50338761291675,717.7805580689173,13.612754070969029,-35.57261567368194,6.886672994698027e-20
1786736973.2367573,twist +Y,fast,1786736966.999757,-473.6886720385305,-179.5061563369394,719.9234849130071,13.462961725270763,-35.52665040288991,6.882355219239513e-20
1786736973.2665963,twist +Y,fast,1786736966.999757,-469.5953779698348,-181.79544547215335,704.8310912178013,13.634658410411529,-35.21965334773772,6.843773072130588e-20
1786736973.2935557,twist +Y,fast,1786736966.999757,-470.0888758029987,-179.88008886184593,707.8338640233997,13.491006664638672,-35.25666568522518,6.792069564552382e-20
1786736973.3218513,twist +Y,fast,1786736966.999757,-470.34878296940906,-183.76601356517574,714.8039450930364,13.78245101738828,-35.27615872270567,6.779358672559533e-20
1786736973.3502703,twist +Y,fast,1786736966.999757,-473.41372408186635,-184.5337543942377,728.0593229236874,13.840031579567938,-35.50602930614028,6.797585465180343e-20
1786736973.3786004,twist +Y,fast,1786736966.999757,-474.28849629655406,-189.71908588922292,727.3667055639917,14.228931441691774,-35.57163722224168,6.903147262038904e-20
1786736973.4071612,twist +Y,fast,1786736966.999757,-473.0822681818272,-187.4568450111973,723.5738093657383,14.059263375840064,-35.4811701136371,6.956072608476289e-20
1786736973.4352689,twist +Y,fast,1786736966.999757,-473.4556636548441,-184.9846710772174,724.5898489675956,13.873850330791473,-35.50917477411364,6.959286036247965e-20
1786736973.4666688,twist +Y,fast,1786736966.999757,-469.7392228556578,-183.52332169285546,718.0474441586239,13.764249126964298,-35.23044171417444,6.937887908324805e-20
1786736973.492107,twist +Y,fast,1786736966.999757,-469.5858059329544,-180.73449345523227,715.9567267521061,13.555087009142522,-35.21893544497183,6.933640409316385e-20
1786736973.5206683,twist +Y,fast,1786736966.999757,-472.3768065340155,-182.90026029505236,722.3607671774216,13.71751952212922,-35.428260490051436,6.980575700630183e-20
1786736973.5489852,twist +Y,fast,1786736966.999757,-473.4331470626862,-180.68058331982468,726.3025866815524,13.551043748987073,-35.50748602970176,6.932262376752648e-20
1786736973.577441,twist +Y,fast,1786736966.999757,-474.56496051734257,-181.13007057043626,726.908350238491,13.584755292783061,-35.5923720388007,6.898071437253698e-20
1786736973.6059442,twist +Y,fast,1786736966.999757,-472.99612848071683,-181.0498046411641,720.6015575840893,13.578735348087573,-35.47470963605393,6.856194011973124e-20
1786736973.6340358,twist +Y,fast,1786736966.999757,-475.13009718953026,-183.52590950392164,718.9994594112877,13.764443212794252,-35.63475728921491,6.894598646639953e-20
1786736973.6624684,twist +Y,fast,1786736966.999757,-474.6703048706895,-184.23942073826186,723.1715388570037,13.817956555369857,-35.60027286530195,6.963975393510036e-20
1786736973.6909356,twist +Y,fast,1786736966.999757,-473.1714046701236,-182.18903361690127,721.8397510336035,13.66417752126782,-35.48785535025952,6.95076668760776e-20
1786736973.719135,twist +Y,fast,1786736966.999757,-470.957919236987,-177.46719094552998,720.1162448238947,13.310039320915,-35.32184394277431,6.895767825583722e-20
1786736973.747531,twist +Y,fast,1786736966.999757,-470.75673277234864,-178.08845401340955,716.4954104126382,13.3566340510061,-35.30675495792643,6.848568462988012e-20
1786736973.7758887,twist +Y,fast,1786736966.999757,-472.674842288759,-180.96614364110314,718.4079749117163,13.572460773082913,-35.450613171657025,6.905847561693614e-20
1786736973.8042846,twist +Y,fast,1786736966.999757,-473.2949470050253,-183.60052980082753,722.3317541279221,13.770039735062216,-35.497121025377155,7.003318890142054e-20
1786736973.8332372,twist +Y,fast,1786736966.999757,-473.53699768667275,-184.60013514328307,722.5943465200326,13.845010135746467,-35.51527482650074,7.013090632695188e-20
1786736973.8611178,twist +Y,fast,1786736966.999757,-472.92132721590406,-185.0731256281332,725.2848121302231,13.88048442210999,-35.46909954119289,7.041960061266978e-20
1786736973.8893542,twist +Y,fast,1786736966.999757,-472.51530233785843,-184.32227897739097,722.5144635563729,13.824170923304461,-35.43864767533971,6.976379167495134e-20
1786736973.918003,twist +Y,fast,1786736966.999757,-473.0900631386967,-182.93798576057213,723.5030763383511,13.72034893204314,-35.48175473540234,6.981717000407661e-20
1786736973.9463909,twist +Y,fast,1786736966.999757,-472.6089186430231,-180.22172358087653,719.5304465410518,13.516629268565953,-35.44566889822691,6.943093567429748e-20
1786736973.9751704,twist +Y,fast,1786736966.999757,-471.9409025251384,-182.3617136833559,711.511110870736,13.677128526251852,-35.395567689385544,6.890712044594448e-20
1786736974.0030253,twist +Y,fast,1786736966.999757,-470.2042856976227,-181.7871625465301,712.2893736054748,13.634037190990096,-35.26532142732202,6.880362909735359e-20
1786736974.0313945,twist +Y,fast,1786736966.999757,-469.56581198479853,-182.76728167297915,710.7039557927628,13.707546125473602,-35.21743589886014,6.85869801920908e-20
1786736974.0596828,twist +Y,fast,1786736966.999757,-470.70496055028434,-181.70748333807467,725.3265073130824,13.628061250355788,-35.302872041271634,6.902696663224961e-20
1786736974.0881598,twist +Y,fast,1786736966.999757,-472.69959448303507,-183.14030473302114,729.8491085359192,13.735522854976953,-35.45246958622784,6.992152339420296e-20
1786736974.1166935,twist +Y,fast,1786736966.999757,-471.88500476140234,-180.08714773910515,723.5042156926165,13.506536080433182,-35.39137535710549,6.949367123062696e-20
1786736974.144915,twist +Y,fast,1786736966.999757,-472.1823060237821,-178.3392657161229,716.9859790294713,13.37544492870958,-35.4136729517839,6.979524977621947e-20
1786736974.1732621,twist +Y,fast,1786736966.999757,-470.286018274453,-177.9165787476312,713.1914824576152,13.343743406072594,-35.271451370584074,6.918874298931272e-20
1786736974.2017028,twist +Y,fast,1786736966.999757,-470.3316997461611,-178.12169870069386,718.8601773465653,13.359127402552321,-35.27487748096216,6.946212592699081e-20
1786736974.2303593,twist +Y,fast,1786736966.999757,-469.8485009532774,-180.37915611666142,713.2534140673915,13.528436708749954,-35.2386375714959,6.979898951609183e-20
1786736974.2588162,twist +Y,fast,1786736966.999757,-472.7436651178082,-181.19750237962785,716.0241964594525,13.58981267847226,-35.45577488383576,7.018906457244908e-20
1786736974.2869604,twist +Y,fast,1786736966.999757,-472.6819125463435,-183.74612277845893,721.0935905870238,13.780959208384676,-35.451143440975784,6.990995613494047e-20
1786736974.3153,twist +Y,fast,1786736966.999757,-473.1171727263077,-182.47982840931263,725.4020429082548,13.685987130698532,-35.483787954473215,6.904340106168891e-20
1786736974.3437338,twist +Y,fast,1786736966.999757,-470.06809922080265,-180.18928133931047,719.3361523126705,13.514196100448505,-35.25510744156025,6.872606881529796e-20
1786736974.3720458,twist +Y,fast,1786736966.999757,-470.75742300141974,-181.1153748401581,715.3618885622936,13.583653113012108,-35.306806725106796,6.905021023167644e-20
1786736974.4008367,twist +Y,fast,1786736966.999757,-469.84748294349583,-180.70070062370053,711.4672646835033,13.552552546777807,-35.23856122076242,6.919429228089331e-20
1786736974.4311063,twist +Y,fast,1786736966.999757,-471.27348230329426,-179.53356377733746,713.192788661544,13.465017283300373,-35.345511172747244,6.862070659308185e-20
1786736974.4573822,twist +Y,fast,1786736966.999757,-471.70845181334334,-177.81127242983302,719.1985505966431,13.335845432237772,-35.37813388600094,6.872648031517186e-20
1786736974.4858754,twist +Y,fast,1786736966.999757,-471.5232881584584,-180.51754763318877,721.8943193362475,13.5388160724894,-35.36424661188452,6.881109686100529e-20
1786736974.5138624,twist +Y,fast,1786736966.999757,-472.2417623024994,-181.4281144867033,721.8589114753604,13.607108586503042,-35.418132172687514,6.897117459481085e-20
1786736974.5423257,twist +Y,fast,1786736966.999757,-472.1117230472887,-180.8132156075693,716.4628732413157,13.560991170567856,-35.40837922854682,6.886685295644822e-20
1786736974.570681,twist +Y,fast,1786736966.999757,-471.0458720018569,-180.16340003036828,711.6772872484498,13.512255002277751,-35.32844040013943,6.834402596504253e-20
1786736974.59943,twist +Y,fast,1786736966.999757,-471.82760182912034,-182.03278364151288,714.9366579384832,13.652458773113647,-35.387070137184175,6.95621015484704e-20
1786736974.6305716,twist +Y,fast,1786736966.999757,-472.51356125629536,-184.4618430816506,721.8888616818012,13.834638231124014,-35.43851709422231,6.996519825882906e-20
1786736974.6557596,twist +Y,fast,1786736966.999757,-473.84717915143665,-182.02988867259205,725.5118340245272,13.652241650444676,-35.53853843635788,7.047083806253364e-20
1786736974.6841924,twist +Y,fast,1786736966.999757,-472.62694568822053,-181.51112567790165,723.6061649070461,13.613334425842812,-35.44702092661678,6.909727018505995e-20
1786736974.7126658,twist +Y,fast,1786736966.999757,-470.61620259206666,-178.35817728484028,714.8388356682854,13.376863296363336,-35.296215194405164,6.815985758335588e-20
1786736974.7411616,twist +Y,fast,1786736966.999757,-469.48224787008485,-178.87743733782008,712.8742924583194,13.415807800336761,-35.21116859025657,6.790961971098467e-20
1786736974.7693791,twist +Y,fast,1786736966.999757,-469.73875625264236,-180.89438305266367,707.5553807269662,13.567078728950055,-35.23040671894837,6.791560856729618e-20
1786736974.7978818,twist +Y,fast,1786736966.999757,-470.98203801791624,-181.0080225686056,708.6130169501566,13.575601692645687,-35.32365285134398,6.893599714054381e-20
1786736974.826247,twist +Y,fast,1786736966.999757,-470.01352923638024,-182.81931199835424,712.9609839878894,13.711448399876648,-35.251014692728724,6.858351097896628e-20
1786736974.854498,twist +Y,fast,1786736966.999757,-470.7277959905896,-179.66815484673475,718.2888731025714,13.47511161350528,-35.30458469929454,6.831886641777805e-20
1786736974.8828707,twist +Y,fast,1786736966.999757,-473.7312123132451,-179.73207615685192,729.9790920811656,13.479905711763937,-35.52984092349369,6.799675870431462e-20
1786736974.9115195,twist +Y,fast,1786736966.999757,-476.3074601846538,-181.21093073561985,726.8484406256657,13.590819805171787,-35.72305951384925,6.84376911353937e-20
1786736974.9398146,twist +Y,fast,1786736966.999757,-474.8458940942046,-180.88742792301935,722.7282827945173,13.56655709422667,-35.61344205706559,6.904245688218809e-20
1786736974.968142,twist +Y,fast,1786736966.999757,-473.0657110978127,-182.03515384954255,714.6056898917532,13.652636538715786,-35.47992833233613,6.892910253446122e-20
1786736974.996902,twist +Y,fast,1786736966.999757,-471.63676819338434,-177.67550808592102,710.7341421621613,13.325663106444228,-35.37275761450418,6.802960167225311e-20
1786736975.0248988,twist +Y,fast,1786736966.999757,-472.11706233011137,-178.23598645117931,713.764527438706,13.367698983838796,-35.40877967475852,6.844482297961609e-20
1786736975.053345,twist +Y,fast,1786736966.999757,-470.2550373779027,-177.23761062286667,710.9682672762456,13.292820796715315,-35.26912780334301,6.861981619029538e-20
1786736975.0818775,twist +Y,fast,1786736966.999757,-473.05145041380547,-177.70101045834394,718.8279566341671,13.327575784376027,-35.47885878103544,6.93899803702323e-20
1786736975.1101549,twist +Y,fast,1786736966.999757,-471.68606564971924,-177.6042991500684,714.8315469507079,13.320322436255399,-35.37645492372913,6.844351377242875e-20
1786736975.1382163,twist +Y,fast,1786736966.999757,-473.88454183173553,-181.4193220151884,719.0212417214962,13.606449151139469,-35.541340637380365,6.901068368995134e-20
1786736975.1666777,twist +Y,fast,1786736966.999757,-472.0738219996251,-183.72303367849452,716.351515790825,13.77922752588739,-35.40553664997208,6.918560279281968e-20
1786736975.1954,twist +Y,fast,1786736966.999757,-472.5956958065299,-183.43118722785573,717.5144365137639,13.757339042089225,-35.44467718548975,6.926896950995334e-20
1786736975.2236362,twist +Y,fast,1786736966.999757,-469.52435882592954,-181.58938820913,712.5822263149958,13.619204115685026,-35.214326911944916,6.846594421081221e-20
1786736975.2520742,twist +Y,fast,1786736966.999757,-471.8578936111526,-182.49237463306372,718.1728553809071,13.686928097480024,-35.38934202083679,6.83511722412433e-20
1786736975.2803876,twist +Y,fast,1786736966.999757,-474.02945390893456,-183.63254120884028,722.2568788267799,13.772440590663312,-35.55220904317033,6.918733231083746e-20
1786736975.308893,twist +Y,fast,1786736966.999757,-475.0678762776656,-183.47159237626727,721.242227791271,13.760369428220212,-35.63009072082523,6.932357270970876e-20
1786736975.3371325,twist +Y,fast,1786736966.999757,-471.52911035181296,-181.7401874935639,708.8621917447736,13.630514062017415,-35.36468327638621,6.879266153403026e-20
1786736975.36558,twist +Y,fast,1786736966.999757,-469.3391419561426,-180.79382710417372,709.2857767517453,13.559537032813235,-35.20043564671095,6.791447135376865e-20
1786736975.3939433,twist +Y,fast,1786736966.999757,-469.48694226683756,-180.31976994072943,707.4324289179431,13.523982745554921,-35.211520670013044,6.736020897601429e-20
1786736975.422245,twist +Y,fast,1786736966.999757,-470.4767008033059,-179.30743410879666,711.4459433584325,13.448057558159977,-35.285752560248255,6.791644125164625e-20
1786736975.4506183,twist +Y,fast,1786736966.999757,-471.8469398981583,-179.85598325561784,717.5817219119435,13.489198744171635,-35.3885204923619,6.804424684525531e-20
1786736975.4789352,twist +Y,fast,1786736966.999757,-471.7395223077874,-177.95235412456418,722.0503387003828,13.346426559342515,-35.3804641730842,6.797419935155776e-20
1786736975.5075588,twist +Y,fast,1786736966.999757,-474.95904956435425,-180.40065818788423,730.5715156931192,13.530049364091507,-35.621928717326774,6.885672469342777e-20
1786736975.5358055,twist +Y,fast,1786736966.999757,-472.0337557800949,-178.59537852295,711.7393859336853,13.39465338922145,-35.40253168350739,6.915806844897549e-20
1786736975.5640922,twist +Y,fast,1786736966.999757,-472.444204333774,-181.73718979175703,716.1926094121818,13.630289234381937,-35.43331532503326,7.017496604238137e-20
1786736975.5924702,twist +Y,fast,1786736966.999757,-468.2907864075887,-180.77184108497033,707.4429321879388,13.557888081372912,-35.121808980569405,6.913567193741965e-20
1786736975.6229758,twist +Y,fast,1786736966.999757,-469.434578292944,-182.14705952280542,708.4660739836645,13.661029464210547,-35.20759337197117,6.901680655918131e-20
1786736975.649334,twist +Y,fast,1786736966.999757,-470.48339911657376,-181.45141257455805,708.8529383690666,13.608855943091978,-35.28625493374313,6.909182614459643e-20
1786736975.6776216,twist +Y,fast,1786736966.999757,-471.60153179109557,-179.62704205144848,711.5772166774186,13.472028153858854,-35.370114884332274,6.90078718843844e-20
1786736975.7059767,twist +Y,fast,1786736966.999757,-472.67956982754595,-181.42884267026466,724.3810023549304,13.60716320026999,-35.450967737066186,6.927439641087951e-20
1786736975.7342381,twist +Y,fast,1786736966.999757,-471.11229379002043,-180.34839817524903,717.7676062092678,13.526129863143826,-35.333422034251704,6.844547603059293e-20
1786736975.7626617,twist +Y,fast,1786736966.999757,-471.98430096774973,-182.88544398381043,715.1661322206228,13.716408298786032,-35.398822572581615,6.864075881132546e-20
1786736975.790932,twist +Y,fast,1786736966.999757,-470.7238616567697,-182.2146622708716,708.145472638078,13.666099670315592,-35.3042896242579,6.817468786666623e-20
1786736975.8212047,twist +Y,fast,1786736966.999757,-472.21168747333877,-183.62921527288484,717.03661449428,13.772191145466582,-35.415876560500536,6.920965379630462e-20
1786736975.848094,twist +Y,fast,1786736966.999757,-472.47245473310977,-181.49391105662755,728.6198219965436,13.612043329247339,-35.43543410498347,6.986371055209686e-20
1786736975.8767684,twist +Y,fast,1786736966.999757,-471.3638618453879,-181.04858566108192,725.4904872923344,13.578643924581424,-35.352289638404415,6.972920212856123e-20
1786736975.904923,twist +Y,fast,1786736966.999757,-469.63922273939124,-181.16244252725323,716.2445170116944,13.587183189544074,-35.222941705454566,6.82882913761338e-20
1786736975.9330862,twist +Y,fast,1786736966.999757,-467.1154851291217,-182.38051944941958,696.8670068679421,13.678538958706728,-35.033661384684194,6.731954464604076e-20
1786736975.9616597,twist +Y,fast,1786736966.999757,-469.8751026823429,-183.0249174369187,706.3201246513554,13.726868807769097,-35.24063270117613,6.841811436345424e-20
1786736975.9898922,twist +Y,fast,1786736966.999757,-468.48826573172255,-179.52448034331906,701.0922733828647,13.464336025749152,-35.13661992987936,6.888750666892254e-20
1786736976.0183215,twist +Y,fast,1786736966.999757,-469.7610682985769,-180.3359555911145,707.5007082478023,13.525196669333912,-35.23208012239344,6.959709207956674e-20
1786736976.0466619,twist +Y,fast,1786736966.999757,-472.6367236998435,-182.54591085450522,711.8027926308041,13.690943314088155,-35.44775427748839,6.929224288015537e-20
1786736976.0750058,twist +Y,fast,1786736966.999757,-475.0668226107291,-185.5493740501597,718.9316027565892,13.916203053762214,-35.63001169580487,6.966813020500176e-20
1786736976.103273,twist +Y,fast,1786736966.999757,-476.55188826822587,-184.10482027040166,734.0536352463405,13.807861520280408,-35.74139162011713,7.023403223911815e-20
1786736976.1320038,twist +Y,fast,1786736966.999757,-471.83177346288494,-181.7665726541644,722.9297911188996,13.632492949062563,-35.38738300971657,6.981245115438253e-20
1786736976.1601956,twist +Y,fast,1786736966.999757,-470.4126553056226,-180.25186465654667,721.2428582488128,13.51888984924135,-35.28094914792197,6.935562783750821e-20
1786736976.188559,twist +Y,fast,1786736966.999757,-467.9776911893955,-180.8145767891607,704.1767867453864,13.561093259187178,-35.09832683920486,6.799874717458217e-20
1786736976.2172444,twist +Y,fast,1786736966.999757,-468.32138866615605,-180.12243922830567,708.4199196146637,13.509182942123115,-35.12410414996196,6.774421407154491e-20
1786736976.2453215,twist +Y,fast,1786736966.999757,-466.33801277466546,-180.1823488540524,705.6608128695889,13.51367616405425,-34.975350958100265,6.740181276284226e-20
1786736976.273789,twist +Y,fast,1786736966.999757,-469.81191159686887,-180.08414248258168,713.7280906484057,13.506310686193881,-35.23589336976535,6.816994535439904e-20
1786736976.3020682,twist +Y,fast,1786736966.999757,-470.834073417896,-180.76481195416557,716.8546711337976,13.557360896562553,-35.31255550634248,6.900616811016906e-20
1786736976.3304281,twist +Y,fast,1786736966.999757,-476.1998134683863,-180.4340229132855,720.6414083526761,13.532551718496638,-35.71498601012926,6.983179984091975e-20
1786736976.3591838,twist +Y,fast,1786736966.999757,-474.41031092063076,-179.28483487862786,719.5173899631964,13.44636261589719,-35.58077331904747,7.003582179720808e-20
1786736976.3873549,twist +Y,fast,1786736966.999757,-476.6433490475365,-182.76564022842763,723.5622715642612,13.707423017132388,-35.74825117856542,7.011679098139752e-20
1786736976.4155817,twist +Y,fast,1786736966.999757,-472.99768751528654,-185.5950420457591,718.7658386080502,13.919628153432196,-35.47482656364658,7.016282671822295e-20
1786736976.4441564,twist +Y,fast,1786736966.999757,-474.70559611287945,-184.34797429476532,722.6578885663466,13.826098072107587,-35.60291970846606,7.034944192304445e-20
1786736976.4722543,twist +Y,fast,1786736966.999757,-471.38139132301194,-179.4830317592697,715.4611151118497,13.461227381945516,-35.353604349225954,6.900661525647122e-20
1786736976.5006585,twist +Y,fast,1786736966.999757,-472.42717936474946,-176.74176415421198,721.3329409822945,13.255632311566107,-35.43203845235637,6.865286727676464e-20
1786736976.5292575,twist +Y,fast,1786736966.999757,-470.73231389047487,-179.41893328567323,718.4745553727271,13.456419996425847,-35.304923541785705,6.818373275417132e-20
1786736976.5574756,twist +Y,fast,1786736966.999757,-471.6395516517391,-181.0244956575458,712.7916388115582,13.5768371743161,-35.37296637388062,6.871325004511698e-20
1786736976.5876434,twist +Y,fast,1786736966.999757,-472.3123059337531,-182.87134351287682,715.413962384534,13.715350763466002,-35.42342294503165,6.928622838695278e-20
1786736976.6144693,twist +Y,fast,1786736966.999757,-471.60156083008906,-181.19515546691798,716.4894526679154,13.589636660019014,-35.370117062256895,6.867788749937546e-20
1786736976.6427925,twist +Y,fast,1786736966.999757,-472.41387616973225,-180.20992241356487,725.0356778946953,13.515744181017485,-35.4310407127301,6.937985926606245e-20
1786736976.6709034,twist +Y,fast,1786736966.999757,-469.4634897838432,-177.4216768940969,714.1793222172591,13.306625767057536,-35.209761733788305,6.849490944972219e-20
1786736976.6994963,twist +Y,fast,1786736966.999757,-468.9617419690858,-176.42989485111912,713.4742823318838,13.23224211383415,-35.172130647681705,6.876823395877943e-20
1786736976.7279584,twist +Y,fast,1786736966.999757,-468.9727847505351,-176.94559693375413,714.5342979797506,13.270919770031714,-35.17295885629038,6.895923684863517e-20
1786736976.7561371,twist +Y,fast,1786736966.999757,-471.5531744598961,-178.8776721429873,720.2237059481213,13.415825410724214,-35.366488084492374,6.977747834514821e-20
1786736976.7854028,twist +Y,fast,1786736966.999757,-473.999799494512,-182.46487736952815,728.59609453743,13.684865802714707,-35.549984962088686,7.044693680591972e-20
1786736976.8131058,twist +Y,fast,1786736966.999757,-472.8419008789974,-182.6148722670697,720.905271491175,13.696115420030335,-35.463142565925054,6.962453771403335e-20
1786736976.8414087,twist +Y,fast,1786736966.999757,-474.9252762478486,-182.96871139306427,729.7970032150797,13.72265335448014,-35.61939571858893,6.954573778538579e-20
1786736976.869629,twist +Y,fast,1786736966.999757,-472.3463284216823,-182.57145647032087,716.9404887601222,13.692859235274351,-35.42597463162629,6.83531605487378e-20
1786736976.898232,twist +Y,fast,1786736966.999757,-471.8379888432064,-179.6540032711929,719.7925147263113,13.47405024533975,-35.38784916324068,6.809833176322334e-20
1786736976.9264302,twist +Y,fast,1786736966.999757,-470.68966694827986,-181.54973640896185,713.0721058475874,13.616230230672446,-35.30172502112118,6.841445767052252e-20
1786736976.9554446,twist +Y,fast,1786736966.999757,-470.4895014432095,-178.740630398868,716.0003558585222,13.405547279915272,-35.286712608240855,6.921850460892842e-20
1786736976.9833689,twist +Y,fast,1786736966.999757,-472.2766345911509,-182.69362028902003,722.8955653467647,13.702021521676816,-35.42074759433636,7.002917055622236e-20
1786736977.0116148,twist +Y,fast,1786736966.999757,-470.7238257851104,-180.71215127315645,720.4060461199351,13.553411345486982,-35.3042869338835,6.979392155191953e-20
1786736977.0401561,twist +Y,fast,1786736966.999757,-473.02008900550163,-181.60618361058312,722.4593652414906,13.620463770793958,-35.47650667541288,6.975935803932318e-20
1786736977.0683935,twist +Y,fast,1786736966.999757,-473.48726118317745,-180.04466578390782,728.1575182026709,13.503349933793299,-35.51154458873867,6.999123111221182e-20
1786736977.0967612,twist +Y,fast,1786736966.999757,-474.40492058199015,-178.53654853960836,738.6306207485741,13.390241140470838,-35.58036904364938,7.007952686570854e-20
1786736977.1251469,twist +Y,fast,1786736966.999757,-472.91632752339774,-179.7310064610516,734.477846196256,13.479825484579063,-35.46872456425505,6.995180003542333e-20
1786736977.153359,twist +Y,fast,1786736966.999757,-471.4876955109885,-178.93593314417342,725.6493588927342,13.420194985813222,-35.36157716332427,6.988650409392555e-20
1786736977.1838894,twist +Y,fast,1786736966.999757,-471.4368427947311,-183.1400825974389,716.6173804252576,13.735506194808234,-35.357763209605004,6.964912688193313e-20
1786736977.210132,twist +Y,fast,1786736966.999757,-471.8817042546675,-180.59549137994907,717.067231374398,13.544661853496503,-35.39112781910039,6.96610870121591e-20
1786736977.238756,twist +Y,fast,1786736966.999757,-474.2749819988112,-181.07015963971799,719.6307205369476,13.580261972978978,-35.57062364991112,6.881516630917085e-20
1786736977.2670808,twist +Y,fast,1786736966.999757,-474.6158073759225,-179.63417094149952,720.3117021896933,13.472562820612598,-35.5961855531944,6.825769399372348e-20
1786736977.2957299,twist +Y,fast,1786736966.999757,-474.23521122136435,-179.0386019334701,722.8953030903413,13.427895145010392,-35.567640841602454,6.824620428709953e-20
1786736977.3239818,twist +Y,fast,1786736966.999757,-470.6617567904873,-180.16748653221282,714.1760592280589,13.512561489916077,-35.299631759286775,6.836047302111148e-20
1786736977.3521957,twist +Y,fast,1786736966.999757,-470.3778126847128,-179.44256735617193,713.8411722206556,13.458192551713115,-35.27833595135358,6.886486119174085e-20
1786736977.3825362,twist +Y,fast,1786736966.999757,-469.95604404234973,-177.76086221294406,712.569358757698,13.332064665971057,-35.24670330317649,6.913423718659002e-20
1786736977.4088438,twist +Y,fast,1786736966.999757,-472.2075882453478,-180.01457501827974,714.690943585997,13.50109312637127,-35.41556911840137,6.982214850034056e-20
1786736977.4372869,twist +Y,fast,1786736966.999757,-474.1967628969246,-180.28030374881916,720.5943083629327,13.52102278116175,-35.564757217269516,7.027733275995605e-20
1786736977.465681,twist +Y,fast,1786736966.999757,-475.41059695274635,-184.7951373926561,728.2135454790623,13.859635304449387,-35.65579477145627,7.059953114196017e-20
1786736977.494059,twist +Y,fast,1786736966.999757,-472.5143446177394,-179.6070556009497,724.8261077088564,13.470529170071469,-35.438575846330444,6.951829257827234e-20
1786736977.5224252,twist +Y,fast,1786736966.999757,-473.4952557252914,-178.79771280252942,727.8995404500292,13.40982846019006,-35.512144179397126,6.937945722483669e-20
1786736977.5507746,twist +Y,fast,1786736966.999757,-471.2283335516422,-181.16027492400053,712.1005550834698,13.587020619300237,-35.34212501637346,6.890471949794504e-20
1786736977.5794663,twist +Y,fast,1786736966.999757,-473.3919645844235,-183.96797301360948,723.303995053092,13.797597976020871,-35.50439734383202,6.933126640832007e-20
1786736977.6075923,twist +Y,fast,1786736966.999757,-468.4302114755128,-184.52301312750308,710.4555256610711,13.839225984562834,-35.13226586066353,6.823379493613589e-20
1786736977.6359174,twist +Y,fast,1786736966.999757,-472.6143334933754,-184.19271510333988,725.4138564440573,13.814453632750645,-35.44607501200334,6.845687154069483e-20
1786736977.664329,twist +Y,fast,1786736966.999757,-470.0693102440059,-181.1398494037852,712.9902608846633,13.585488705284074,-35.25519826830068,6.812124478600418e-20
1786736977.6927195,twist +Y,fast,1786736966.999757,-470.4042333707207,-179.3894559367501,709.2639926406882,13.454209195256535,-35.280317502804195,6.909917635183829e-20
1786736977.7210777,twist +Y,fast,1786736966.999757,-468.37416444257497,-177.37781335934073,704.7593205045632,13.303336001950814,-35.12806233319325,6.903828197590719e-20
1786736977.7493703,twist +Y,fast,1786736966.999757,-469.94950650254987,-180.6855341833823,711.5760707714835,13.551415063753868,-35.24621298769141,6.96416380705152e-20
1786736977.779719,twist +Y,fast,1786736966.999757,-472.15086773969506,-180.0098384410643,724.4471721513282,13.500737883079918,-35.41131508047725,7.00666807660913e-20
1786736977.8061993,twist +Y,fast,1786736966.999757,-471.0959937460011,-178.12565697023422,722.5622859203077,13.359424272767843,-35.332199530950454,6.95937493442213e-20
1786736977.8345425,twist +Y,fast,1786736966.999757,-473.09923820125005,-176.49060143843008,725.519762216355,13.236795107882504,-35.48244286509387,7.006106518179337e-20
1786736977.863111,twist +Y,fast,1786736966.999757,-472.26763837975705,-177.13271434728676,719.8708731942979,13.28495357604682,-35.42007287848204,6.907735017859066e-20
1786736977.8913229,twist +Y,fast,1786736966.999757,-471.2142801043228,-177.27310360804563,715.4110775044282,13.295482770603673,-35.34107100782427,6.921620547281684e-20
1786736977.919748,twist +Y,fast,1786736966.999757,-470.2515053885727,-177.02949072758668,708.6722692443445,13.27721180456938,-35.268862904143106,6.838756894121527e-20
1786736977.9480975,twist +Y,fast,1786736966.999757,-470.0262011938803,-178.47457586389885,709.0672355698907,13.38559318979257,-35.25196508954133,6.880265524827008e-20
1786736977.9764879,twist +Y,fast,1786736966.999757,-471.8102788118904,-180.13569880462092,719.061281725405,13.510177410346802,-35.385770910892035,6.948237999014624e-20
1786736978.005261,twist +Y,fast,1786736966.999757,-470.8473382688385,-181.95593357921223,721.9255845233965,13.646695018441118,-35.31355037016307,6.922633197189818e-20
1786736978.0333295,twist +Y,fast,1786736966.999757,-471.8600202724883,-183.64662709512947,721.7515663181539,13.773497032135001,-35.389501520436724,6.865008511711717e-20
1786736978.0618372,twist +Y,fast,1786736966.999757,-470.1888355496394,-182.10153492498046,709.3222387643746,13.65761511937372,-35.264162666222994,6.75795772038228e-20
1786736978.0901115,twist +Y,fast,1786736966.999757,-470.60415992928665,-180.21184588141068,706.5024838244726,13.515888441105904,-35.29531199469668,6.799237035863441e-20
1786736978.1185615,twist +Y,fast,1786736966.999757,-469.94997859040586,-177.08342347311077,709.7776794215142,13.281256760483597,-35.24624839428081,6.854088307890243e-20
1786736978.1477387,twist +Y,fast,1786736966.999757,-470.3546805159699,-177.2109239604407,715.4254476427895,13.290819297033284,-35.27660103869801,6.897588792304136e-20
1786736978.1752646,twist +Y,fast,1786736966.999757,-468.79262743360096,-179.22570656502478,708.6416249247286,13.441927992377092,-35.1594470575202,6.841272153654258e-20
1786736978.2037838,twist +Y,fast,1786736966.999757,-466.3015096915965,-181.71945054164382,701.519881040118,13.628958790623546,-34.97261322686995,6.812233851278083e-20
1786736978.231969,twist +Y,fast,1786736966.999757,-468.0379440675965,-186.9427110918158,701.1043769031212,14.02070333188625,-35.1028458050701,6.831063915180475e-20
1786736978.2602763,twist +Y,fast,1786736966.999757,-469.65980711324937,-183.37338456971997,709.3813052014793,13.753003842729132,-35.22448553349391,6.856593400117707e-20
1786736978.2887237,twist +Y,fast,1786736966.999757,-472.6597489453684,-182.70078509456107,714.3408147704113,13.70255888209223,-35.44948117090294,6.92979003067881e-20
1786736978.3170762,twist +Y,fast,1786736966.999757,-470.4020032020999,-179.7353071034321,711.3514268077379,13.480148032757665,-35.28015024015776,6.87821245140778e-20
1786736978.3480694,twist +Y,fast,1786736966.999757,-470.55122896754483,-182.8467277714733,707.9161588758589,13.713504582860626,-35.291342172566104,6.873064109768788e-20
1786736978.3739042,twist +Y,fast,1786736966.999757,-472.5929091261055,-180.74112803396883,718.6035874855324,13.555584602547771,-35.44446818445805,6.857901952152637e-20
1786736978.4025953,twist +Y,fast,1786736966.999757,-475.26329259461136,-176.54046430037522,734.012803249745,13.240534822528321,-35.64474694459607,6.92212640812211e-20
1786736978.43068,twist +Y,fast,1786736966.999757,-474.73549837961446,-174.7452630207373,736.7316949574606,13.105894726555693,-35.60516237847133,6.936107206465154e-20
1786736978.4591568,twist +Y,fast,1786736966.999757,-472.1148994957416,-174.30594986289066,725.9581040231433,13.072946239716938,-35.408617462180864,6.848918156476139e-20
1786736978.487405,twist +Y,fast,1786736966.999757,-473.34650481868766,-175.4486051161607,719.416430645837,13.15864538371233,-35.500987861401725,6.852953476381493e-20
1786736978.5157933,twist +Y,fast,1786736966.999757,-470.52006184178936,-174.73971743513573,707.8375832016436,13.105478807635432,-35.28900463813447,6.808704109782722e-20
1786736978.5444336,twist +Y,fast,1786736966.999757,-472.6441386719498,-179.07130879358226,717.9846503092913,13.430348159519045,-35.44831040039637,6.918327477056944e-20
1786736978.5727491,twist +Y,fast,1786736966.999757,-470.62117138122085,-180.94581756130526,714.8830886311816,13.570936317098006,-35.29658785359198,6.877514413324606e-20
1786736978.6011941,twist +Y,fast,1786736966.999757,-473.15232853825546,-181.58093013090286,725.601561155544,13.618569759818012,-35.4864246403693,6.909079977192366e-20
1786736978.6292624,twist +Y,fast,1786736966.999757,-470.155654238823,-179.64269081226973,713.0710182871853,13.473201810920596,-35.26167406791195,6.847026747520937e-20
1786736978.6580908,twist +Y,fast,1786736966.999757,-469.1947826179194,-177.93887293422029,710.8489015916566,13.34541547006675,-35.189608696344166,6.907837086674725e-20
1786736978.686287,twist +Y,fast,1786736966.999757,-469.1898266590224,-179.79874916409165,710.4234718942034,13.484906187307093,-35.189236999426996,6.946351426631489e-20
1786736978.7147188,twist +Y,fast,1786736966.999757,-469.80681024403293,-177.27149155228335,708.7641965538605,13.295361866421526,-35.235510768302724,6.96859154633875e-20
1786736978.7455628,twist +Y,fast,1786736966.999757,-470.909649401819,-180.0925475782375,715.2044206209748,13.506941068368054,-35.31822370513673,6.948017623741287e-20
1786736978.771139,twist +Y,fast,1786736966.999757,-470.7444113325196,-180.00068647385035,718.5176674052054,13.500051485539085,-35.30583084993908,6.93262532482038e-20
1786736978.7997682,twist +Y,fast,1786736966.999757,-470.64476578952963,-182.1197754872851,721.33449778471,13.658983161546612,-35.298357434214836,6.87480267008244e-20
1786736978.8280597,twist +Y,fast,1786736966.999757,-469.93649638741135,-180.23189158730133,717.7919331887051,13.517391869047717,-35.24523722905602,6.829032343666568e-20
1786736978.8566499,twist +Y,fast,1786736966.999757,-469.7319078887258,-179.47576982177566,715.3463790971191,13.460682736633519,-35.22989309165454,6.870519169680669e-20
1786736978.8848062,twist +Y,fast,1786736966.999757,-469.84405221652605,-178.85642125847596,716.763472535501,13.414231594385857,-35.23830391623978,6.937537579894187e-20
1786736978.9132442,twist +Y,fast,1786736966.999757,-467.267381129544,-177.35092130115208,707.471414437875,13.30131909758661,-35.045053584716044,6.911458825305402e-20
1786736978.9416218,twist +Y,fast,1786736966.999757,-470.3674330899785,-180.4421635715521,712.8498053645526,13.533162267866611,-35.27755748174859,6.914062157479598e-20
1786736978.9700987,twist +Y,fast,1786736966.999757,-470.8063934066681,-182.03621474310546,713.7413963285699,13.652716105733159,-35.310479505500524,6.905550729816924e-20
1786736978.99892,twist +Y,fast,1786736966.999757,-474.17575527780855,-181.37214310528236,723.2473276472665,13.602910732896309,-35.56318164583596,6.923634003841793e-20
1786736979.0268903,twist +Y,fast,1786736966.999757,-473.1835715080924,-175.8441030215971,716.7626471267449,13.188307726619971,-35.48876786310717,6.839650841623146e-20
1786736979.0553463,twist +Y,fast,1786736966.999757,-472.07417504024534,-173.19370512437956,709.38501903821,12.989527884328712,-35.40556312801855,6.807730323651458e-20
1786736979.0834887,twist +Y,fast,1786736966.999757,-474.0583516140787,-176.78358929455464,710.6801504184532,13.258769197091855,-35.554376371056044,6.881571101177454e-20
1786736979.1121109,twist +Y,fast,1786736966.999757,-469.783021063899,-179.85588311418667,701.5807339888279,13.489191233564252,-35.23372657979281,6.879543617890247e-20
1786736979.142691,twist +Y,fast,1786736966.999757,-471.130000355668,-182.83207340025433,712.9537642900477,13.712405505019309,-35.33475002667544,6.942088062570484e-20
1786736979.1688137,twist +Y,fast,1786736966.999757,-468.52806705046396,-180.41787075134494,719.9865144074847,13.531340306351066,-35.13960502878492,6.899852052100517e-20
1786736979.197414,twist +Y,fast,1786736966.999757,-470.80071481663845,-179.31633247432376,730.9181785414276,13.448724935574528,-35.31005361124814,6.931566132994337e-20
1786736979.225683,twist +Y,fast,1786736966.999757,-470.49741914913056,-177.14740047321368,723.9513558657809,13.286055035491305,-35.28730643618494,6.879895743857302e-20
1786736979.2540638,twist +Y,fast,1786736966.999757,-468.3266971899502,-174.12892694514528,716.2801773831789,13.0596695208861,-35.1245022892465,6.87078242918855e-20
1786736979.282227,twist +Y,fast,1786736966.999757,-466.971286696119,-171.9713221542445,709.3688133045052,12.897849161568498,-35.0228465022092,6.87425805641768e-20
1786736979.3108423,twist +Y,fast,1786736966.999757,-467.4690844037459,-173.89201405015388,712.3873516076601,13.041901053761794,-35.06018133028102,6.895709945331093e-20
1786736979.3423648,twist +Y,fast,1786736966.999757,-470.0747376207064,-179.66937970991023,712.21315150391,13.475203478243476,-35.25560532155312,6.938306065314593e-20
1786736979.3674428,twist +Y,fast,1786736966.999757,-472.4280423499604,-183.84598144412996,715.9098293425923,13.788448608310066,-35.43210317624711,6.981062464737216e-20
1786736979.3957891,twist +Y,fast,1786736966.999757,-472.99443684777,-181.95007201692897,720.9070275614213,13.6462554012699,-35.47458276358298,6.95735914473971e-20
1786736979.4243126,twist +Y,fast,1786736966.999757,-474.8782734427432,-182.05988557999353,725.4657378493148,13.65449141849972,-35.615870508205965,6.944944880127124e-20
1786736979.452538,twist +Y,fast,1786736966.999757,-473.467122792345,-181.3056299759662,724.153469938451,13.597922248197595,-35.51003420942597,6.906887162145912e-20
1786736979.4812033,twist +Y,fast,1786736966.999757,-471.0744441995389,-180.60744152237623,712.5896766260876,13.545558114178444,-35.33058331496572,6.824952152809707e-20
1786736979.5092235,twist +Y,fast,1786736966.999757,-467.066230467648,-179.7770225254809,699.7804580951961,13.483276689411301,-35.0299672850739,6.803734553938773e-20
1786736979.5405223,twist +Y,fast,1786736966.999757,-467.2325566568429,-179.44485900915413,709.4327514329261,13.458364425686693,-35.04244174926363,6.817892995135738e-20
1786736979.5659587,twist +Y,fast,1786736966.999757,-468.2687870136165,-181.3699731947271,718.1499446266016,13.602747989604747,-35.120159026021454,6.926069244627499e-20
1786736979.594474,twist +Y,fast,1786736966.999757,-471.607266875194,-184.48968917607397,726.9656796378176,13.836726688205797,-35.37054501563981,6.992264534928156e-20
1786736979.6230545,twist +Y,fast,1786736966.999757,-472.90149146597696,-185.45474649419532,724.2774349467127,13.90910598706488,-35.4676118599484,6.967038370377366e-20
1786736979.651528,twist +Y,fast,1786736966.999757,-471.3749390159378,-183.4744707692189,713.7668597656711,13.76058530769156,-35.35312042619559,6.927116910064214e-20
1786736979.6798422,twist +Y,fast,1786736966.999757,-469.9251073652472,-180.0128102499591,708.2258204018008,13.500960768747188,-35.24438305239371,6.8957059150651e-20
1786736979.7079172,twist +Y,fast,1786736966.999757,-471.3831808525624,-178.98920575434738,718.4649150871801,13.424190431576296,-35.353738563942436,6.97076128272513e-20
1786736979.7388828,twist +Y,fast,1786736966.999757,-472.61426629962807,-181.2778490602858,721.0054309802517,13.595838679521702,-35.44606997247231,6.961159049092562e-20
1786736979.7647943,twist +Y,fast,1786736966.999757,-471.62162620719573,-182.73625350720022,723.0516087367678,13.705219013040054,-35.37162196554002,6.967031324918959e-20
1786736979.7930486,twist +Y,fast,1786736966.999757,-468.94133201735303,-182.7034411787813,707.3748805407795,13.702758088408832,-35.17059990130152,6.879191716339597e-20
1786736979.8214781,twist +Y,fast,1786736966.999757,-470.717796015007,-180.21727118024648,718.7035324301205,13.516295338518677,-35.30383470112558,6.908191226996802e-20
1786736979.8500009,twist +Y,fast,1786736966.999757,-470.94252220748467,-177.92078554486864,721.156867387891,13.344058915865151,-35.32068916556162,6.943846601953655e-20
1786736979.8783586,twist +Y,fast,1786736966.999757,-472.45117578091595,-176.91672773426887,727.5408794256255,13.268754580070539,-35.43383818356903,6.981927306958597e-20
1786736979.9066875,twist +Y,fast,1786736966.999757,-470.6404724432,-179.846363741775,717.253028350894,13.488477280633422,-35.298035433240166,6.948596277004757e-20
1786736979.9349911,twist +Y,fast,1786736966.999757,-471.84038948789566,-182.9446855908244,718.032519731255,13.720851419312236,-35.38802921159226,6.88353280944401e-20
1786736979.9632664,twist +Y,fast,1786736966.999757,-473.66942617572704,-186.33302367111287,720.4262313316212,13.97497677533369,-35.52520696317967,6.908125618859251e-20
1786736979.991636,twist +Y,fast,1786736966.999757,-474.48686717774854,-184.27403628967295,724.3801225298248,13.820552721725814,-35.586515038331434,6.942873034904818e-20
1786736980.0201182,twist +Y,fast,1786736966.999757,-475.6976838000628,-181.78659913675745,724.1433844801231,13.633994935256954,-35.67732628500488,6.950920786568509e-20
1786736980.0484629,twist +Y,fast,1786736966.999757,-472.6114718559793,-179.5836187514691,716.903796635569,13.4687714063603,-35.44586038919858,6.898311098948398e-20
1786736980.0772004,twist +Y,fast,1786736966.999757,-471.2207992341914,-182.4650785480435,711.3313834268984,13.68488089110335,-35.341559942564466,6.87631727850388e-20
1786736980.1059978,twist +Y,fast,1786736966.999757,-467.88934369176104,-182.73318014811844,709.4300273087165,13.704988511109224,-35.09170077688213,6.829889699199444e-20
1786736980.1336157,twist +Y,fast,1786736966.999757,-468.98319821164614,-183.71911328564795,713.5071775961287,13.77893349642385,-35.17373986587358,6.88420576161278e-20
1786736980.162176,twist +Y,fast,1786736966.999757,-470.8404631444896,-181.10295868988362,721.4213945130668,13.582721901741447,-35.31303473583698,6.91044950276098e-20
1786736980.190437,twist +Y,fast,1786736966.999757,-472.1530617342364,-180.61625571700802,719.5225296565832,13.546219178775775,-35.411479630068065,6.955360985417493e-20
1786736980.2189498,twist +Y,fast,1786736966.999757,-470.16307353592356,-178.73720008193925,714.529787362676,13.405290006145709,-35.26223051519438,6.917942099804561e-20
1786736980.2472107,twist +Y,fast,1786736966.999757,-471.7903432562939,-180.0167155068542,716.3512522221763,13.501253663014328,-35.38427574422221,6.908978392084336e-20
1786736980.275756,twist +Y,fast,1786736966.999757,-471.96569252309655,-180.80617523171588,719.003359600737,13.560463142378904,-35.39742693923249,6.920692645200184e-20
1786736980.3039768,twist +Y,fast,1786736966.999757,-472.87848956109247,-180.35925161236014,720.1486257996012,13.526943870927216,-35.465886717082135,6.90298473892612e-20
1786736980.3323452,twist +Y,fast,1786736966.999757,-470.3966356067449,-178.25678420282645,715.4862463203535,13.369258815212188,-35.279747670506076,6.906535983259202e-20
1786736980.3608115,twist +Y,fast,1786736966.999757,-470.8267464450473,-178.81098693293404,717.0535630128625,13.41082401997014,-35.31200598337887,6.922004289856133e-20
1786736980.3890283,twist +Y,fast,1786736966.999757,-472.0101232018019,-178.76576723259302,722.1300469532925,13.407432542444727,-35.40075924013533,6.996826606974598e-20
1786736980.4174345,twist +Y,fast,1786736966.999757,-473.7071171195612,-178.9479054441797,722.2001580966962,13.42109290831392,-35.52803378396744,7.018808663833045e-20
1786736980.445834,twist +Y,fast,1786736966.999757,-472.9482677906435,-178.35282644029792,723.968933717475,13.37646198302254,-35.471120084298555,7.027741755018472e-20
1786736980.474406,twist +Y,fast,1786736966.999757,-470.41444445207344,-181.08641033231288,717.1845605812869,13.581480774923687,-35.281083333905656,7.025565753554789e-20
1786736980.5036006,twist +Y,fast,1786736966.999757,-470.76097231654467,-185.10076649252835,722.4310492709255,13.882557486939906,-35.3070729237411,7.057831351846308e-20
1786736980.5311506,twist +Y,fast,1786736966.999757,-472.40823968152245,-186.74247713543355,722.7214917458232,14.005685785157755,-35.4306179761146,7.016699608413554e-20
1786736980.5596893,twist +Y,fast,1786736966.999757,-474.299292221674,-185.54134022333858,724.3584844667994,13.915600516750711,-35.57244691662571,7.008402199564196e-20
1786736980.587849,twist +Y,fast,1786736966.999757,-472.98871451232253,-184.6543598548309,723.4733668959643,13.849076989112458,-35.474153588424535,6.990659775231586e-20
1786736980.6160917,twist +Y,fast,1786736966.999757,-470.3368929465569,-182.9747838621562,715.3438590598726,13.72310878966196,-35.275266970991815,6.952445600377581e-20
1786736980.6444898,twist +Y,fast,1786736966.999757,-471.87507021024294,-181.2906271717419,727.2661789920376,13.596797037880716,-35.39063026576844,6.933819865039543e-20
1786736980.6728058,twist +Y,fast,1786736966.999757,-470.331243715907,-181.10748642071474,723.0286556726151,13.583061481553809,-35.274843278693325,6.933040749371358e-20
1786736980.7018406,twist +Y,fast,1786736966.999757,-472.00574508347927,-183.77888705201406,718.8177635501497,13.783416528901288,-35.40043088126112,6.975861069727798e-20
1786736980.7297168,twist +Y,fast,1786736966.999757,-470.4476208129049,-184.88418686870466,711.9919969043685,13.866314015152955,-35.2835715609682,7.033242745358374e-20
1786736980.75823,twist +Y,fast,1786736966.999757,-471.1336714789886,-182.4565166040112,713.2981338788977,13.684238745301084,-35.335025360924185,6.981829863326947e-20
1786736980.78665,twist +Y,fast,1786736966.999757,-472.40776322707825,-177.9875468339858,718.9643239533752,13.349066012549127,-35.43058224203106,6.943162245295886e-20
1786736980.8149152,twist +Y,fast,1786736966.999757,-471.8263438728259,-176.59830377067226,713.7672347408379,13.244872782800773,-35.38697579046213,6.824651488668223e-20
1786736980.8432806,twist +Y,fast,1786736966.999757,-472.39169252788315,-176.74194180399763,716.0360711432504,13.255645635299995,-35.42937693959133,6.885382978102849e-20
1786736980.8715568,twist +Y,fast,1786736966.999757,-470.16686246146264,-178.00663088703277,717.5945707298697,13.350497316527726,-35.26251468461003,6.941869799040725e-20
1786736980.9002428,twist +Y,fast,1786736966.999757,-469.74142388438986,-177.7329641152013,716.9339959185227,13.329972308640233,-35.23060679132948,6.91533763950884e-20
1786736980.928726,twist +Y,fast,1786736966.999757,-470.26880541510855,-180.3328940239668,718.8059961340514,13.524967051797748,-35.27016040613334,6.93011017579386e-20
1786736980.9575858,twist +Y,fast,1786736966.999757,-472.20942240099066,-183.70654858731325,719.8078316160781,13.777991144048702,-35.41570668007451,6.909713226052819e-20
1786736980.9854608,twist +Y,fast,1786736966.999757,-473.0227119166684,-184.19404325005996,734.4378132103648,13.814553243754627,-35.47670339375033,7.013936623895504e-20
1786736981.013408,twist +Y,fast,1786736966.999757,-472.39918619082937,-183.31860232484973,732.3343359325308,13.74889517436392,-35.429938964312456,7.003242803894953e-20
1786736981.042298,twist +Y,fast,1786736966.999757,-475.3745425370148,-182.9384609156649,739.2657267421228,13.720384568675076,-35.653090690276294,7.013327135499295e-20
1786736981.0701287,twist +Y,fast,1786736966.999757,-478.61493667209106,-187.01354528315164,733.581099540158,14.02601589623654,-35.896120250407115,7.052219464254489e-20
1786736981.0985906,twist +Y,fast,1786736966.999757,-478.9140248989779,-184.62626846618093,731.1297219335529,13.846970134963765,-35.918551867423716,7.028139810991573e-20
1786736981.1269174,twist +Y,fast,1786736966.999757,-474.31776129918853,-181.94201695938307,722.6912812215442,13.645651271953955,-35.57383209743935,7.03724016861336e-20
1786736981.1553674,twist +Y,fast,1786736966.999757,-470.8018338771094,-178.5546048741777,715.2214653133879,13.391595365563543,-35.31013754078355,6.91036119326297e-20
1786736981.1836874,twist +Y,fast,1786736966.999757,-470.31585693815714,-178.43989892255865,715.9374098713142,13.382992419192203,-35.273689270361935,6.876918600993611e-20
1786736981.2123938,twist +Y,fast,1786736966.999757,-472.2128446244883,-178.59836599016228,715.0398968173859,13.394877449262534,-35.41596334683692,6.803531036627795e-20
1786736981.240497,twist +Y,fast,1786736966.999757,-474.3959534802407,-178.4784600632239,719.1054511163884,13.385884504741963,-35.579696511018334,6.878097734033999e-20
1786736981.2688487,twist +Y,fast,1786736966.999757,-474.9577891171748,-179.89961868474018,720.0608945686718,13.492471401355719,-35.62183418378839,6.883242994667718e-20
1786736981.2971396,twist +Y,fast,1786736966.999757,-474.20722096233885,-180.86828586817614,728.3018632067169,13.565121440113334,-35.565541572175654,7.008908507142831e-20
1786736981.3257256,twist +Y,fast,1786736966.999757,-473.22706527452465,-181.54509427609003,739.6881560150414,13.615882070706935,-35.49202989558957,7.01683371364682e-20
1786736981.3540058,twist +Y,fast,1786736966.999757,-472.52327976621837,-181.51169587116806,736.9110013913387,13.613377190337705,-35.43924598246649,7.070950175638294e-20
1786736981.3825843,twist +Y,fast,1786736966.999757,-473.90999054785925,-183.20981315066194,730.2396743040053,13.740735986299864,-35.543249291089666,6.995803746643881e-20
1786736981.4109237,twist +Y,fast,1786736966.999757,-473.4783386430381,-183.15472083570978,714.5055586691115,13.736604062678449,-35.51087539822804,6.970132720591932e-20
1786736981.4392133,twist +Y,fast,1786736966.999757,-476.5554800302384,-183.37441567259873,719.1145998380935,13.753081175445129,-35.74166100226804,6.919088816712843e-20
1786736981.4676359,twist +Y,fast,1786736966.999757,-473.80348378562985,-185.17358084518685,716.1926925704302,13.888018563389263,-35.53526128392249,6.926106699577428e-20
1786736981.4961548,twist +Y,fast,1786736966.999757,-472.4711463063254,-185.8476951914605,715.9888884181009,13.938577139359584,-35.43533597297462,6.901029388513689e-20
1786736981.5242908,twist +Y,fast,1786736966.999757,-468.87337514717956,-185.00243829949466,706.8543955698851,13.875182872462215,-35.16550313603863,6.882390522347347e-20
1786736981.5529268,twist +Y,fast,1786736966.999757,-468.5575701088633,-179.69608822501505,708.6760569481394,13.47720661687637,-35.141817758165054,6.84192755038774e-20
1786736981.5813062,twist +Y,fast,1786736966.999757,-469.3225624514007,-178.38428208143898,709.8386040760452,13.378821156108149,-35.199192183855196,6.836116354151434e-20
1786736981.6094923,twist +Y,fast,1786736966.999757,-469.5189496322305,-178.5030291768229,712.9181073947911,13.387727188262009,-35.213921222417405,6.821219495623775e-20
1786736981.6378942,twist +Y,fast,1786736966.999757,-470.8025569423353,-180.62308365049353,713.304824183947,13.546731273787177,-35.31019177067537,6.827526576357068e-20
1786736981.6663673,twist +Y,fast,1786736966.999757,-471.0980102387466,-181.1307820924252,716.0621364693861,13.584808656932093,-35.33235076790615,6.90746086365879e-20
1786736981.6964417,twist +Y,fast,1786736966.999757,-472.0365347060174,-182.53843242289884,723.6511115767607,13.690382431717563,-35.40274010295139,7.015802541455808e-20
1786736981.722839,twist +Y,fast,1786736966.999757,-474.5672840699076,-181.04259174718175,731.4350401127003,13.578194381038703,-35.592546305243395,7.036189997539486e-20
1786736981.751334,twist +Y,fast,1786736966.999757,-473.5587024036454,-181.39600777894213,726.5597320781135,13.60470058342084,-35.516902680273496,7.000868060739314e-20
1786736981.7798285,twist +Y,fast,1786736966.999757,-471.8308431579908,-180.92030554997018,719.3847158729013,13.569022916248006,-35.38731323684929,6.856229101292392e-20
1786736981.8080466,twist +Y,fast,1786736966.999757,-467.4409903597075,-180.9915003362894,710.0223475103439,13.574362525221911,-35.058074276978274,6.813207379272258e-20
1786736981.836607,twist +Y,fast,1786736966.999757,-467.2996070172362,-178.16862515380797,704.1979818940144,13.362646886535774,-35.04747052629292,6.71445931377318e-20
1786736981.8650494,twist +Y,fast,1786736966.999757,-466.091532738722,-177.5134284153944,701.1060546011186,13.31350713115469,-34.95686495540455,6.748507400390581e-20
1786736981.8956609,twist +Y,fast,1786736966.999757,-466.98190028841236,-177.9666537428153,702.4507882115904,13.34749903071138,-35.023642521631245,6.752909416091384e-20
1786736981.92189,twist +Y,fast,1786736966.999757,-470.90842345906185,-179.269210833192,722.6011594887823,13.445190812489667,-35.318131759429676,6.794626083308784e-20
1786736981.9504166,twist +Y,fast,1786736966.999757,-471.0796849516014,-180.70949588142696,719.7405640625648,13.553212191107196,-35.33097637137018,6.777860476465676e-20
1786736981.9783552,twist +Y,fast,1786736966.999757,-471.03219349732217,-180.71179549848694,720.3975892612325,13.55338466238673,-35.327414512299484,6.76749474001523e-20
1786736982.0067139,twist +Y,fast,1786736966.999757,-466.6694239726421,-184.19012452436436,705.9193949069258,13.81425933932751,-35.00020679794849,6.744878219831052e-20
1786736982.0351567,twist +Y,fast,1786736966.999757,-471.0521360051439,-182.97164743480175,711.2652999149768,13.722873557610153,-35.32891020038608,6.754102916362822e-20
1786736982.0636177,twist +Y,fast,1786736966.999757,-471.4432850021958,-182.608981910838,711.4424583742784,13.695673643313011,-35.358246375164796,6.800037893500426e-20
1786736982.0950463,twist +Y,fast,1786736966.999757,-473.3976386856939,-180.1655975507581,715.6914955795128,13.512419816307162,-35.50482290142724,6.862052623044215e-20
1786736982.1203177,twist +Y,fast,1786736966.999757,-471.3663702289682,-179.9841182978564,719.4084662715077,13.498808872339577,-35.352477767172815,6.927889931681507e-20
1786736982.1486762,twist +Y,fast,1786736966.999757,-470.54034296825375,-180.0093067648993,714.2470272377723,13.50069800736767,-35.29052572261936,6.909685632911777e-20
1786736982.1771855,twist +Y,fast,1786736966.999757,-473.4000425841914,-185.06042694608232,718.0292025548924,13.879532020956315,-35.50500319381455,6.985300476697016e-20
1786736982.2054582,twist +Y,fast,1786736966.999757,-471.1527015689817,-183.39772650749558,715.9031267067949,13.75482948806238,-35.33645261767378,6.916098607040734e-20
1786736982.233997,twist +Y,fast,1786736966.999757,-473.4391650981356,-184.1145327942437,723.273431392633,13.808589959568483,-35.50793738236036,6.9426428476714e-20
1786736982.2622647,twist +Y,fast,1786736966.999757,-469.0494471221591,-180.3504480582901,711.9801372675456,13.526283604371852,-35.17870853416218,6.854067058457399e-20
1786736982.2907245,twist +Y,fast,1786736966.999757,-471.02761833349314,-182.50008990643653,711.9581740229023,13.687506742982858,-35.32707137501226,6.933391211541324e-20
1786736982.318951,twist +Y,fast,1786736966.999757,-470.4522846725131,-181.90639158641113,713.5700736679037,13.642979368980992,-35.28392135043872,6.935652522308042e-20
1786736982.347425,twist +Y,fast,1786736966.999757,-472.42067194974925,-182.7132621885877,721.7036858900137,13.703494664144149,-35.43155039623153,6.927041178876704e-20
1786736982.3757603,twist +Y,fast,1786736966.999757,-473.1129961588572,-182.76996364390038,723.4404152719244,13.7077472732928,-35.48347471191461,6.890404207822717e-20
1786736982.4040947,twist +Y,fast,1786736966.999757,-471.7952778690874,-181.9623357622835,718.4161264673139,13.64717518217154,-35.38464584018185,6.890913535934745e-20
1786736982.4324646,twist +Y,fast,1786736966.999757,-468.4476631362036,-179.23792477415918,705.8557325829524,13.44284435806222,-35.13357473521546,6.889740677719312e-20
1786736982.4610546,twist +Y,fast,1786736966.999757,-468.59595260779633,-179.8352237023098,705.5292432577253,13.487641777673478,-35.14469644558493,6.876732449755463e-20
1786736982.4892297,twist +Y,fast,1786736966.999757,-467.8136186835104,-183.0380874769495,697.1009715497157,13.727856560771446,-35.08602140126339,6.853641039600491e-20
1786736982.5176363,twist +Y,fast,1786736966.999757,-474.3037490010074,-186.23659978620424,714.6421918969263,13.967744983965478,-35.57278117507568,6.926040547619449e-20
1786736982.5460634,twist +Y,fast,1786736966.999757,-472.6887139878113,-186.85635391460255,708.7268030170089,14.014226543595523,-35.451653549086004,6.884319810955544e-20
1786736982.5744455,twist +Y,fast,1786736966.999757,-475.01769318853985,-183.8210749069898,720.9511943414554,13.786580618024555,-35.62632698914077,6.889952380851307e-20
1786736982.6031153,twist +Y,fast,1786736966.999757,-469.6905636424849,-181.1792824517754,712.2054820779895,13.588446183883324,-35.226792273186526,6.854309453562165e-20
1786736982.6312108,twist +Y,fast,1786736966.999757,-468.4317008114658,-181.4330170736214,710.6640522787984,13.607476280521833,-35.13237756086013,6.867548982504535e-20
1786736982.6598158,twist +Y,fast,1786736966.999757,-469.2715989649896,-185.37887473798207,709.2418761589552,13.9034156053489,-35.19536992237436,6.866325395693757e-20
1786736982.689469,twist +Y,fast,1786736966.999757,-469.28180020897025,-187.43031941751326,705.5138702998474,14.057273956313725,-35.19613501567294,6.855767196985186e-20
1786736982.71659,twist +Y,fast,1786736966.999757,-473.7360598667842,-185.40876748511812,722.2638364298364,13.905657561384029,-35.53020449000897,6.937422593778588e-20
1786736982.744712,twist +Y,fast,1786736966.999757,-473.5963513261336,-181.03993451108136,729.9959410942711,13.577995088331303,-35.519726349460235,6.996544173630722e-20
1786736982.7731574,twist +Y,fast,1786736966.999757,-474.5467062278799,-177.81248549146585,735.1760225672551,13.335936411860178,-35.59100296709123,6.960587331504907e-20
1786736982.801894,twist +Y,fast,1786736966.999757,-471.7885595465723,-176.90191644030085,722.3701102830773,13.267643733022727,-35.38414196599327,6.886564121533867e-20
1786736982.8299744,twist +Y,fast,1786736966.999757,-469.71683389338295,-174.35994645136827,708.6187652827948,13.076995983852928,-35.22876254200384,6.7550395083804e-20
1786736982.8584719,twist +Y,fast,1786736966.999757,-469.083755847038,-175.74467691151642,704.4839282570238,13.180850768364063,-35.18128168852798,6.7508565966333e-20
1786736982.8867908,twist +Y,fast,1786736966.999757,-468.62678492995065,-176.39093585373973,702.0576199298075,13.22932018903072,-35.14700886974652,6.744797989639558e-20
1786736982.9149926,twist +Y,fast,1786736966.999757,-467.4298443899402,-180.68457649478637,705.8245343786448,13.551343237109325,-35.0572383292458,6.810567642882664e-20
1786736982.9434822,twist +Y,fast,1786736966.999757,-466.9434485244551,-180.07630245497944,707.2502627499125,13.5057226841237,-35.020758639334325,6.801687292146436e-20
1786736982.9716108,twist +Y,fast,1786736966.999757,-467.22305423458874,-179.94139080187563,708.875610686945,13.495604310140973,-35.04172906759432,6.819483117193576e-20
1786736983.0002832,twist +Y,fast,1786736966.999757,-467.39632965838655,-176.84332986768652,707.7104711037709,13.26324974007689,-35.05472472437921,6.808957106988919e-20
1786736983.0287127,twist +Y,fast,1786736966.999757,-467.94962329779764,-177.6141639294117,707.3559750171444,13.32106229470607,-35.09622174733498,6.854050944185203e-20
1786736983.0570452,twist +Y,fast,1786736966.999757,-467.7621530543829,-178.20054670984769,703.3297002710278,13.36504100323879,-35.08216147907883,6.895272319537776e-20
1786736983.0851743,twist +Y,fast,1786736966.999757,-471.9171209807305,-184.9012938983891,710.6886953082994,13.867597042379519,-35.39378407355498,6.956752812127501e-20
1786736983.1135156,twist +Y,fast,1786736966.999757,-472.2110448125936,-185.89130985832708,708.614183949966,13.941848239374789,-35.415828360944765,6.949696832754051e-20
1786736983.1420443,twist +Y,fast,1786736966.999757,-473.5542739319344,-183.84931694994066,715.6026684270992,13.788698771245823,-35.51657054489544,6.911500919151277e-20
1786736983.170388,twist +Y,fast,1786736966.999757,-470.611466393721,-179.83001596704275,708.3103004504874,13.487251197528384,-35.29585997952932,6.885567243590661e-20
1786736983.198821,twist +Y,fast,1786736966.999757,-471.6330149079945,-179.1901098195366,715.8569040509292,13.439258236465523,-35.37247611809978,6.920154376020994e-20
1786736983.2270658,twist +Y,fast,1786736966.999757,-469.5517664221379,-180.18971904764624,713.0202201636885,13.514228928573697,-35.21638248166047,6.885782628770942e-20
1786736983.2562237,twist +Y,fast,1786736966.999757,-469.217393932558,-178.2027034712604,717.8942742787258,13.365202760344648,-35.191304544942184,6.905358719363176e-20
1786736983.2842145,twist +Y,fast,1786736966.999757,-469.3966850869333,-180.48618439064978,722.6106863244195,13.536463829299027,-35.2047513815204,6.97826340140971e-20
1786736983.312347,twist +Y,fast,1786736966.999757,-470.784378256993,-181.07786850516334,727.3416424073721,13.580840137887467,-35.3088283692747,7.07353572921004e-20
1786736983.3409593,twist +Y,fast,1786736966.999757,-475.57960670981583,-185.40339544800406,729.5292395573824,13.905254658600487,-35.6684705032364,7.023651311811708e-20
1786736983.3691812,twist +Y,fast,1786736966.999757,-473.9667662693396,-181.9730554652033,720.1554358169242,13.647979159890507,-35.54750747020059,6.913600057315977e-20
1786736983.3975751,twist +Y,fast,1786736966.999757,-473.51989412035755,-182.41761106046988,717.5211446719622,13.681320829535569,-35.51399205902692,6.886954214155222e-20
1786736983.425782,twist +Y,fast,1786736966.999757,-471.1679177663086,-178.58174273471298,715.2539591583027,13.393630705103558,-35.337593832473466,6.918481576811109e-20
1786736983.4547343,twist +Y,fast,1786736966.999757,-472.10511972657287,-180.1862939811748,721.3751765897823,13.513972048588354,-35.40788397949321,6.96731252064601e-20
1786736983.4826698,twist +Y,fast,1786736966.999757,-473.0796894449536,-180.63444873264984,724.6001319131556,13.54758365494894,-35.4809767083717,7.00030738870389e-20
1786736983.510977,twist +Y,fast,1786736966.999757,-471.46491630187575,-181.8473030669312,728.9341311212402,13.638547730020047,-35.359868722640805,7.014831411051926e-20
1786736983.5392356,twist +Y,fast,1786736966.999757,-469.7192326303807,-181.70610024370774,719.5813924955764,13.627957518278425,-35.22894244727866,6.920431281099108e-20
1786736983.5677295,twist +Y,fast,1786736966.999757,-471.3957953413192,-181.0879959379596,720.4097947095242,13.581599695347233,-35.35468465059897,6.882996432070455e-20
1786736983.596113,twist +Y,fast,1786736966.999757,-469.983495946145,-179.4901032857574,707.7128054321574,13.461757746432074,-35.24876219596121,6.829275919501002e-20
1786736983.6246731,twist +Y,fast,1786736966.999757,-470.67876228458545,-177.92038246023367,712.919994005817,13.344028684517756,-35.30090717134423,6.85300868286012e-20
1786736983.652913,twist +Y,fast,1786736966.999757,-469.1439590695154,-181.03076763378056,706.3539950833992,13.577307572533893,-35.18579693021401,6.834994205693315e-20
1786736983.6811006,twist +Y,fast,1786736966.999757,-469.6211391700822,-182.3550973089326,717.6536302192171,13.676632298170087,-35.22158543775628,6.838411519897979e-20
1786736983.7097793,twist +Y,fast,1786736966.999757,-470.6706398224819,-183.12895275267374,716.3415454949709,13.734671456450581,-35.30029798668637,6.902192641287068e-20
1786736983.7378316,twist +Y,fast,1786736966.999757,-471.35502308857076,-180.91771873483185,722.8660911713132,13.5688289051127,-35.35162673164304,6.930322495328641e-20
1786736983.7663975,twist +Y,fast,1786736966.999757,-470.8774698617822,-183.65521744930277,711.1748169064849,13.774141308697924,-35.3158102396338,6.94263885248264e-20
1786736983.7945318,twist +Y,fast,1786736966.999757,-470.1549170054386,-183.82118116638026,708.6275554748872,13.786588587478665,-35.261618775408174,6.873214725146145e-20
1786736983.8229587,twist +Y,fast,1786736966.999757,-468.880784788289,-185.05009962814836,709.7439647165211,13.878757472111243,-35.16605885912186,6.892063472350724e-20
1786736983.8532426,twist +Y,fast,1786736966.999757,-468.374302388228,-180.6063866110443,718.4673554316996,13.54547899582855,-35.128072679117196,6.972112295492605e-20
1786736983.8798513,twist +Y,fast,1786736966.999757,-468.01398560464213,-179.2737605286926,724.5624222633214,13.445532039652196,-35.10104892034832,6.996624497298063e-20
1786736983.9082716,twist +Y,fast,1786736966.999757,-467.6497959792464,-181.34137242703798,712.9781245715594,13.600602932028078,-35.07373469844376,6.967308983941272e-20
1786736983.9368422,twist +Y,fast,1786736966.999757,-468.97886788269443,-184.2342111868926,704.524035852869,13.81756583901716,-35.17341509120222,6.829873225676467e-20
1786736983.9652224,twist +Y,fast,1786736966.999757,-470.0323114315174,-184.36826179216484,710.7196535726607,13.827619634412589,-35.25242335736395,6.875768192800187e-20
1786736983.9933608,twist +Y,fast,1786736966.999757,-469.7278109088238,-180.46684894877865,714.0295155012263,13.535013671158698,-35.22958581816199,6.837841260357698e-20
1786736984.0217702,twist +Y,fast,1786736966.999757,-469.7664944968096,-177.07405920121437,720.7894506279417,13.28055444009134,-35.23248708726084,6.937438023631298e-20
1786736984.0532146,twist +Y,fast,1786736966.999757,-469.45841420680745,-183.9541192580299,703.3023343261975,13.79655894435243,-35.209381065510755,6.897016995995433e-20
1786736984.0784762,twist +Y,fast,1786736966.999757,-475.5357842914359,-187.5020158633564,718.2446730617767,14.062651189751971,-35.66518382185787,6.954791724538824e-20
1786736984.1068282,twist +Y,fast,1786736966.999757,-473.2721387299657,-186.76065884929903,708.1723937094603,14.00704941369754,-35.49541040474756,6.86591367396533e-20
1786736984.1352239,twist +Y,fast,1786736966.999757,-472.77447203067413,-180.08734652453916,712.5842518477621,13.506550989340607,-35.4580854023008,6.807980891291309e-20
1786736984.1638484,twist +Y,fast,1786736966.999757,-467.8811453942849,-177.5516565706082,703.522129919199,13.316374242795877,-35.091085904571564,6.84363369876763e-20
1786736984.1920676,twist +Y,fast,1786736966.999757,-470.15698696134405,-184.4911985780485,709.4522250812379,13.83683989335395,-35.26177402210101,6.928983803825655e-20
1786736984.2203808,twist +Y,fast,1786736966.999757,-466.0660544360994,-185.19872252060964,703.3351328718436,13.889904189045968,-34.9549540827076,6.92115848082641e-20
1786736984.2493336,twist +Y,fast,1786736966.999757,-462.5664712793614,-184.1927234412882,688.6073674056834,13.814454258096848,-34.69248534595239,6.69686626502982e-20
1786736984.277332,twist +Y,fast,1786736966.999757,-466.7909075270313,-181.6076887355881,702.1235817965526,13.620576655169348,-35.0093180645276,6.629910325664134e-20
1786736984.305726,twist +Y,fast,1786736966.999757,-471.62964903737065,-180.40404818357035,719.5705982317522,13.530303613767938,-35.37222367780307,6.753348771375713e-20
1786736984.3340135,twist +Y,fast,1786736966.999757,-472.73397130816784,-180.68860747354313,722.4135662974668,13.551645560515954,-35.45504784811284,6.869634282165167e-20
1786736984.3622754,twist +Y,fast,1786736966.999757,-468.30179925720086,-179.10541368893644,718.9209805275577,13.43290602667037,-35.122634944290425,6.952936510452082e-20
1786736984.390776,twist +Y,fast,1786736966.999757,-469.66633351264363,-183.68957905900777,711.5592081119457,13.776718429425731,-35.22497501344857,6.986716261444871e-20
1786736984.4190297,twist +Y,fast,1786736966.999757,-470.7353969589485,-182.91294631490894,713.5120396700486,13.718470973618356,-35.30515477192122,7.057356466889211e-20
1786736984.4475317,twist +Y,fast,1786736966.999757,-468.6621843126686,-188.3363642726796,691.8708854275892,14.125227320451291,-35.14966382345031,7.000955566382082e-20
1786736984.4760203,twist +Y,fast,1786736966.999757,-468.2409399685657,-183.80557638290963,693.846150729788,13.785418228718523,-35.1180704976427,6.890391860798433e-20
1786736984.5044582,twist +Y,fast,1786736966.999757,-472.0969034252744,-182.3673574710357,723.8650018094759,13.67755181032783,-35.407267756895756,6.946884458401716e-20
1786736984.5327547,twist +Y,fast,1786736966.999757,-475.14344761037364,-175.91104932971507,738.1432517305357,13.193328699728884,-35.63575857077821,6.938214361499658e-20
1786736984.5611386,twist +Y,fast,1786736966.999757,-474.64379072119436,-177.65555424701142,739.7783942332326,13.324166568526035,-35.59828430408982,6.917163531294643e-20
1786736984.5893025,twist +Y,fast,1786736966.999757,-471.56177186188506,-180.39620581615634,716.9960510322489,13.529715436211848,-35.367132889641695,6.848586577952644e-20
1786736984.617797,twist +Y,fast,1786736966.999757,-472.08225230985454,-181.81704175160883,718.8240188496966,13.636278131370904,-35.40616892323923,6.864872206989244e-20
1786736984.646578,twist +Y,fast,1786736966.999757,-474.0576829136048,-181.89923890921,721.2578583299673,13.642442918190898,-35.55432621852058,6.993647641197936e-20
1786736984.674986,twist +Y,fast,1786736966.999757,-474.6822229298209,-181.71606395921867,727.1565487953822,13.628704796941651,-35.60116671973683,7.034061615722057e-20
1786736984.7030025,twist +Y,fast,1786736966.999757,-472.6134722282868,-182.90386780303152,730.5230895396799,13.717790085227595,-35.4460104171215,7.088467899543397e-20
1786736984.7314239,twist +Y,fast,1786736966.999757,-472.7826513362688,-183.84508224315425,734.5318094949771,13.788381168236622,-35.458698850220436,7.077090259544724e-20
1786736984.7598033,twist +Y,fast,1786736966.999757,-474.34330392140964,-182.42388657651384,740.4622502287957,13.681791493238787,-35.57574779410597,7.070253462454868e-20
1786736984.7883587,twist +Y,fast,1786736966.999757,-474.42535952173466,-180.8215508157483,744.2371259887341,13.561616311181357,-35.58190196413027,7.125768972899727e-20
1786736984.8166618,twist +Y,fast,1786736966.999757,-470.0863199344858,-182.82248144840844,729.8690280634119,13.711686108630996,-35.256473995086495,7.049121724191648e-20
1786736984.8450363,twist +Y,fast,1786736966.999757,-468.92892038512036,-184.18416978862194,724.86767298622,13.81381273414674,-35.169669028884094,7.027073522080452e-20
1786736984.873201,twist +Y,fast,1786736966.999757,-468.5768277915354,-182.7036891210654,714.762867475637,13.702776684080202,-35.14326208436548,6.918526823160432e-20
1786736984.901899,twist +Y,fast,1786736966.999757,-469.95838193172267,-180.37925034581292,725.041571994655,13.528443775936207,-35.246878644879374,6.965614506775394e-20
1786736984.9302616,twist +Y,fast,1786736966.999757,-468.3633817088689,-177.54506841915884,722.9059384270904,13.315880131437016,-35.12725362816543,6.958274998925037e-20
1786736984.9585924,twist +Y,fast,1786736966.999757,-470.5055431972628,-180.29706959451642,727.9758518772278,13.522280219588918,-35.28791573979479,6.97130873059353e-20
1786736984.9869235,twist +Y,fast,1786736966.999757,-471.134934874176,-179.423592850687,728.5078691708304,13.456769463801574,-35.33512011556344,6.964298802930482e-20
1786736985.015439,twist +Y,fast,1786736966.999757,-471.69311397004094,-182.80026283582902,727.4360581096998,13.710019712687352,-35.376983547753305,6.955079037495516e-20
1786736985.043575,twist +Y,fast,1786736966.999757,-470.8631829829483,-182.46903803731755,729.2306111092403,13.685177852799097,-35.31473872372136,6.980819546079537e-20
1786736985.0720127,twist +Y,fast,1786736966.999757,-472.49229561917946,-183.0862438968329,736.307590362142,13.731468292262829,-35.43692217143866,7.010304255975621e-20
1786736985.1005187,twist +Y,fast,1786736966.999757,-472.91631392437284,-180.53586347924863,742.2997688324413,13.540189760943743,-35.46872354432817,7.047532427552871e-20
1786736985.128958,twist +Y,fast,1786736966.999757,-476.74181280874336,-179.01060746902647,746.6886054895749,13.425795560177345,-35.75563596065617,7.093879176144824e-20
1786736985.157251,twist +Y,fast,1786736966.999757,-474.2641873165153,-177.52712244902602,739.5243851611103,13.314534183677178,-35.56981404873879,7.022556354294129e-20
1786736985.1854515,twist +Y,fast,1786736966.999757,-471.99232943346306,-179.4948054496965,725.3743241759566,13.462110408727558,-35.39942470750982,6.993929305541548e-20
1786736985.2139623,twist +Y,fast,1786736966.999757,-465.96944655097786,-179.15358086289382,712.9679126218889,13.436518564717051,-34.94770849132348,6.847059881741897e-20
1786736985.2425234,twist +Y,fast,1786736966.999757,-467.078620911866,-180.38727233335237,708.8939279399738,13.529045425001772,-35.03089656839017,6.882347460758701e-20
1786736985.2707582,twist +Y,fast,1786736966.999757,-472.2282720853018,-182.8443175672718,720.2087623409652,13.713323817545518,-35.41712040639777,6.870799533856748e-20
1786736985.2993047,twist +Y,fast,1786736966.999757,-474.4935407932812,-183.802836393559,726.7649426308262,13.785212729517102,-35.58701555949634,6.959953985120505e-20
1786736985.3275356,twist +Y,fast,1786736966.999757,-472.6099811603626,-180.1934574165282,720.2503177843855,13.514509306239855,-35.445748587027346,6.864638315082668e-20
1786736985.3554766,twist +Y,fast,1786736966.999757,-471.9438877343737,-175.105585514935,724.8313417505742,13.13291891362049,-35.39579158007831,6.906986777281572e-20
1786736985.3838851,twist +Y,fast,1786736966.999757,-470.0228843480918,-179.40258871263484,714.7806777462201,13.455194153447852,-35.25171632610692,6.920896175805471e-20
1786736985.4125152,twist +Y,fast,1786736966.999757,-469.7557177711078,-182.58929493672542,719.037062736601,13.694197120254774,-35.23167883283331,7.071937817478103e-20
1786736985.4411728,twist +Y,fast,1786736966.999757,-467.10173377283263,-184.9503353808426,719.5473953158398,13.871275153563328,-35.03263003296272,7.002877068697141e-20
1786736985.4700403,twist -Y,fast,1786736985.4691272,-470.4531119204912,-185.02635103461876,729.5649063509809,13.876976327596477,-35.28398339403718,7.004579691884849e-20
1786736985.4974809,twist -Y,fast,1786736985.4691272,-472.4225141882598,-184.42268918909826,734.3186059428217,13.831701689182704,-35.431688564119646,6.938076630897752e-20
1786736985.526203,twist -Y,fast,1786736985.4691272,-479.0966531923186,-182.2125564223685,746.6015533225254,13.665941731677972,-35.9322489894241,7.058784990495485e-20
1786736985.5545716,twist -Y,fast,1786736985.4691272,-477.4281566310019,-178.56019182607054,744.6294259801771,13.392014386955484,-35.807111747325386,7.001744092732173e-20
1786736985.5828087,twist -Y,fast,1786736985.4691272,-476.87433938727827,-179.88892679952562,739.5464548452883,13.491669509964662,-35.76557545404609,6.94994137997762e-20
1786736985.6109505,twist -Y,fast,1786736985.4691272,-468.27868690910736,-182.12720026333466,711.4964558875336,13.659540019750363,-35.12090151818331,6.808505856865334e-20
1786736985.6395364,twist -Y,fast,1786736985.4691272,-468.74491817034595,-182.0372228376723,718.7836632446388,13.65279171282572,-35.15586886277618,6.887142717118518e-20
1786736985.670557,twist -Y,fast,1786736985.4691272,-468.1075920666417,-180.9297140367663,724.9744901898348,13.569728552757606,-35.10806940499833,6.98206371393025e-20
1786736985.6961794,twist -Y,fast,1786736985.4691272,-471.17580350333355,-180.32404222280024,738.421172265088,13.524303166710329,-35.338185262750336,6.977742734745601e-20
1786736985.7249224,twist -Y,fast,1786736985.4691272,-471.9884303554736,-179.44444140638382,734.9851087565785,13.458333105478761,-35.3991322766607,6.943443167133185e-20
1786736985.7529604,twist -Y,fast,1786736985.4691272,-472.2886295424796,-181.91187187858134,730.9014960738932,13.643390390893874,-35.42164721568614,6.919050534048472e-20
1786736985.7813423,twist -Y,fast,1786736985.4691272,-469.39069343634947,-183.34049337865247,719.5845046590266,13.750537003399149,-35.20430200772631,6.92455070028033e-20
1786736985.8097641,twist -Y,fast,1786736985.4691272,-469.54576761215367,-181.8014594607539,712.6208062716914,13.635109459556777,-35.215932570911825,6.88377016213766e-20
1786736985.8380651,twist -Y,fast,1786736985.4691272,-469.33608494575356,-181.17389598773957,706.6107778841733,13.588042199080537,-35.200206370931866,6.851100744175882e-20
1786736985.866543,twist -Y,fast,1786736985.4691272,-470.71745043642477,-180.6171497773338,714.0612931772839,13.546286233300226,-35.30380878273223,6.898876339267097e-20
1786736985.89493,twist -Y,fast,1786736985.4691272,-469.9653598654968,-184.14213575943324,723.7419774985474,13.810660181957726,-35.24740198991251,6.944758649869014e-20
1786736985.9234965,twist -Y,fast,1786736985.4691272,-474.3077742687815,-183.19028533589812,736.9472263494054,13.739271400192617,-35.573083070158944,6.997014448713624e-20
1786736985.9518363,twist -Y,fast,1786736985.4691272,-475.3376752630329,-184.17597339286624,737.6637951960374,13.813198004465203,-35.6503256447276,7.049653978009909e-20
1786736985.980083,twist -Y,fast,1786736985.4691272,-474.9428142316042,-183.7610765456999,730.5510245504929,13.782080740927864,-35.6207110673705,6.993983698838868e-20
1786736986.008432,twist -Y,fast,1786736985.4691272,-469.68771963438076,-183.3311493265038,719.2487604038788,13.749836199487941,-35.22657897257885,6.93954048566354e-20
1786736986.0367608,twist -Y,fast,1786736985.4691272,-472.3835694833724,-183.2357452599431,717.039973685447,13.742680894495965,-35.428767711253016,6.921502803279644e-20
1786736986.0675874,twist -Y,fast,1786736985.4691272,-473.4086140793179,-184.55146553269753,726.487928921315,13.841359914952381,-35.5056460559491,7.002492023078753e-20
1786736986.0936482,twist -Y,fast,1786736985.4691272,-473.74596850662783,-183.0636338241908,728.67303580114,13.72977253681449,-35.53094763799724,7.027261503815808e-20
1786736986.1220822,twist -Y,fast,1786736985.4691272,-470.3559924300034,-180.6921528822644,726.5982995250224,13.551911466170015,-35.27669943225034,6.991370468784004e-20
1786736986.1503131,twist -Y,fast,1786736985.4691272,-466.9422911656584,-175.06558587029053,710.045953100569,13.129918940271995,-35.02067183742446,6.904446830321265e-20
1786736986.1789055,twist -Y,fast,1786736985.4691272,-467.67948436918687,-176.5167304718599,715.360617526535,13.238754785389762,-35.07596132768924,6.900774185170024e-20
1786736986.2071114,twist -Y,fast,1786736985.4691272,-466.9976162221142,-177.40565109464876,713.7706918041249,13.3054238320988,-35.02482121665859,6.869557006070274e-20
1786736986.2354486,twist -Y,fast,1786736985.4691272,-470.024721996891,-183.30353944136004,715.9336354268798,13.747765458102034,-35.251854149767105,6.850726850021456e-20
1786736986.2646873,twist -Y,fast,1786736985.4691272,-471.55538931538376,-184.2323618009233,714.9969948408088,13.817427135069412,-35.366654198653954,6.87468017205242e-20
1786736986.2922635,twist -Y,fast,1786736985.4691272,-472.5820181995373,-184.6948106371343,712.4285289260306,13.852110797785404,-35.443651364965675,6.896947878045318e-20
1786736986.3207102,twist -Y,fast,1786736985.4691272,-476.2282520818476,-188.26653840300605,727.6816111332619,14.119990380225698,-35.7171189061388,7.015670359244852e-20
1786736986.3490403,twist -Y,fast,1786736985.4691272,-474.51364061006234,-187.1792289877675,726.2663816987524,14.038442174082814,-35.588523045754926,6.978464975176584e-20
1786736986.3773484,twist -Y,fast,1786736985.4691272,-474.64447688586733,-187.40327366141776,735.099707042421,14.055245524606544,-35.59833576644015,6.987991040935738e-20
1786736986.4058106,twist -Y,fast,1786736985.4691272,-469.88450113866156,-182.0618326916889,729.0858037469343,13.654637451876898,-35.24133758539995,6.962006580688539e-20
1786736986.4340804,twist -Y,fast,1786736985.4691272,-470.3054927974522,-182.3677370510719,727.7254587150182,13.67758027883065,-35.272911959809186,6.920726009567547e-20
1786736986.463642,twist -Y,fast,1786736985.4691272,-469.6519062744933,-179.83686715339252,723.0576538391824,13.487765036504644,-35.2238929705872,6.945987172963878e-20
1786736986.490913,twist -Y,fast,1786736985.4691272,-469.9123783332511,-181.35937558177102,723.049237751773,13.601953168633084,-35.24342837499411,6.951164021152193e-20
1786736986.5195081,twist -Y,fast,1786736985.4691272,-470.9910016018557,-182.18077276031738,723.7367548804932,13.663557957023986,-35.32432512013939,7.030803788186754e-20
1786736986.5477886,twist -Y,fast,1786736985.4691272,-472.2387156009336,-184.5014322783387,725.3742846989153,13.837607420875639,-35.4179036700701,6.984532862859789e-20
1786736986.5761359,twist -Y,fast,1786736985.4691272,-470.96366942238365,-180.54690294012096,711.4363277734137,13.541017720509263,-35.322275206678945,6.89205459323724e-20
1786736986.6046476,twist -Y,fast,1786736985.4691272,-470.9001209804683,-180.96556156226086,712.7503232072995,13.572417117169639,-35.31750907353523,6.858814453109475e-20
1786736986.633086,twist -Y,fast,1786736985.4691272,-469.7953522965354,-180.66933864318605,713.0038672390483,13.550200398239145,-35.234651422240375,6.869652600270389e-20
1786736986.6627948,twist -Y,fast,1786736985.4691272,-472.57655494194796,-185.6402297144224,730.5434612965282,13.92301722858198,-35.443241620646376,6.992611066995364e-20
1786736986.6899137,twist -Y,fast,1786736985.4691272,-472.51774749526703,-184.73773368976072,733.9918374461358,13.855330026732172,-35.438831062145226,6.989897385656009e-20
1786736986.71828,twist -Y,fast,1786736985.4691272,-473.28284853577543,-183.64233181630254,731.1185308729691,13.773174886222751,-35.496213640183434,6.991866527784688e-20
1786736986.7463677,twist -Y,fast,1786736985.4691272,-470.1513850277811,-182.70230698211697,719.6835913047489,13.702673023658985,-35.261353877083806,6.9071595280499e-20
1786736986.7747633,twist -Y,fast,1786736985.4691272,-468.6002269920491,-183.8075868195417,709.0451629181425,13.785569011465736,-35.14501702440389,6.909322038201587e-20
1786736986.803265,twist -Y,fast,1786736985.4691272,-469.94406389177084,-183.9860555546768,715.7922504003845,13.798954166601039,-35.24580479188309,6.940753419409113e-20
1786736986.8317657,twist -Y,fast,1786736985.4691272,-470.5208229175755,-182.3284072518585,717.2936730029505,13.674630543889567,-35.28906171881831,7.029506904000687e-20
1786736986.8615568,twist -Y,fast,1786736985.4691272,-472.3742203779416,-182.5859763811934,730.2863772024994,13.69394822858963,-35.428066528345845,7.048618694889094e-20
1786736986.8887174,twist -Y,fast,1786736985.4691272,-470.2469347322358,-183.40368052375902,731.9492242777351,13.755276039282247,-35.26852010491791,7.010319285877046e-20
1786736986.9169552,twist -Y,fast,1786736985.4691272,-469.9047008518901,-183.00383385997293,732.1836350238291,13.725287539498165,-35.24285256389188,6.950396362756439e-20
1786736986.9453635,twist -Y,fast,1786736985.4691272,-468.6047820363128,-182.24814347606127,723.0521276203644,13.668610760704784,-35.145358652723786,6.929077309217619e-20
1786736986.9734707,twist -Y,fast,1786736985.4691272,-468.3745403365192,-182.6725987784498,714.4212144064795,13.700444908383911,-35.128090525239244,6.944466417248905e-20
1786736987.0019348,twist -Y,fast,1786736985.4691272,-469.96401919325854,-184.07194361607583,716.5627129665845,13.805395771206062,-35.247301439494606,6.977182942781468e-20
1786736987.0302203,twist -Y,fast,1786736985.4691272,-471.03621758934923,-186.2886583610242,720.0948669755935,13.971649377076975,-35.32771631920145,7.004900546510266e-20
1786736987.0618489,twist -Y,fast,1786736985.4691272,-470.0185906469337,-187.177643850996,715.1317361104029,14.038323288824973,-35.2513942985204,6.987318256386418e-20
1786736987.08702,twist -Y,fast,1786736985.4691272,-470.48943616116276,-188.29589479015488,712.5271833207025,14.1221921092619,-35.286707712087335,6.91731898055363e-20
1786736987.1153462,twist -Y,fast,1786736985.4691272,-470.0138455951537,-186.79694935610974,709.2462964017268,14.009771201708364,-35.251038419636764,6.934955267682048e-20
1786736987.1439717,twist -Y,fast,1786736985.4691272,-471.89887062729167,-185.74013620246217,723.7224934798751,13.930510215184807,-35.392415297046874,7.022457525921777e-20
1786736987.1723037,twist -Y,fast,1786736985.4691272,-469.21582715658906,-183.54328939393008,713.100040381215,13.765746704544991,-35.19118703674444,6.982081134909571e-20
1786736987.2007468,twist -Y,fast,1786736985.4691272,-469.9274339966778,-186.90307796849675,718.7735997036934,14.017730847637285,-35.24455754975104,6.939450244498625e-20
1786736987.229125,twist -Y,fast,1786736985.4691272,-468.6920685840714,-183.4760101984648,708.3105996979457,13.760700764885048,-35.15190514380563,6.904326213350189e-20
1786736987.2603257,twist -Y,fast,1786736985.4691272,-472.28840606988433,-180.8350669018215,735.3655864976945,13.562630017636717,-35.42163045524153,6.94012034933498e-20
1786736987.2858593,twist -Y,fast,1786736985.4691272,-477.15087848432677,-176.46939658445785,750.8417692789853,13.235204743834696,-35.78631588632477,7.0542564605059e-20
1786736987.3144252,twist -Y,fast,1786736985.4691272,-477.1730339457381,-179.22488407894002,754.1430562296619,13.441866305920566,-35.78797754593056,6.989056694384857e-20
1786736987.342564,twist -Y,fast,1786736985.4691272,-475.2348026858622,-181.2605508847688,742.3493051804853,13.59454131635798,-35.642610201439965,6.991653892813753e-20
1786736987.3714056,twist -Y,fast,1786736985.4691272,-471.5664740548268,-184.2754043132661,727.4921163133959,13.820655323495206,-35.36748555411231,6.879114263552535e-20
1786736987.399214,twist -Y,fast,1786736985.4691272,-476.3268226591649,-185.94799457846295,734.2598404870423,13.946099593385032,-35.72451169943761,6.978513743454371e-20
1786736987.427642,twist -Y,fast,1786736985.4691272,-477.6946454981662,-186.43986471819437,735.7080012092374,13.982989853864698,-35.82709841236259,7.036771838508543e-20
1786736987.4598553,twist -Y,fast,1786736985.4691272,-475.00315644058674,-183.94456522944722,732.6649324595146,13.795842392208659,-35.62523673304413,7.0103883586244e-20
1786736987.4843438,twist -Y,fast,1786736985.4691272,-470.5688724641491,-185.4177778789441,724.3357461305541,13.906333340920977,-35.29266543481147,6.979847531368994e-20
1786736987.5127673,twist -Y,fast,1786736985.4691272,-472.26490675571085,-182.76958567604208,726.2671138891819,13.707718925703421,-35.41986800667849,6.934180322610449e-20
1786736987.541218,twist -Y,fast,1786736985.4691272,-473.8022420293614,-183.27702016983415,723.1992804510328,13.745776512737809,-35.535168152202395,6.946686411199386e-20
1786736987.5694585,twist -Y,fast,1786736985.4691272,-474.1489861772793,-181.38680795871335,730.8668229459226,13.604010596903631,-35.56117396329606,6.966923832431529e-20
1786736987.5981226,twist -Y,fast,1786736985.4691272,-472.263915833536,-189.33135593393843,730.7435686925455,14.199851695045648,-35.41979368751548,6.981680665500916e-20
1786736987.6265557,twist -Y,fast,1786736985.4691272,-471.3285679315254,-188.82905459126778,734.8948845620334,14.162179094345237,-35.349642594864605,6.945409637911164e-20
1786736987.656211,twist -Y,fast,1786736985.4691272,-472.9653190037625,-192.78250628774697,722.7671891339332,14.458687971581288,-35.4723989252823,6.940332255990383e-20
1786736987.6832707,twist -Y,fast,1786736985.4691272,-476.8416115610985,-190.48110763612033,739.2724558649288,14.28608307270925,-35.763120867082556,7.048380684194556e-20
1786736987.7115538,twist -Y,fast,1786736985.4691272,-478.78183862333435,-190.46361336083976,738.8700485761537,14.284771002063184,-35.90863789675036,7.104410574809524e-20
1786736987.740061,twist -Y,fast,1786736985.4691272,-477.66659908983183,-188.09932788816036,742.623706198332,14.107449591612212,-35.82499493173756,7.062708840537564e-20
1786736987.768318,twist -Y,fast,1786736985.4691272,-471.2814258679314,-185.86808743116524,720.2999049709042,13.940106557337582,-35.346106940094984,6.952589594428359e-20
1786736987.7969472,twist -Y,fast,1786736985.4691272,-470.5729679168039,-183.87242283606247,731.0176311227224,13.790431712704805,-35.292972593760496,6.973149453390588e-20
1786736987.8251333,twist -Y,fast,1786736985.4691272,-471.3944093207738,-180.65099209088226,736.3806575442559,13.548824406816298,-35.354580699058445,6.9440740143116e-20
1786736987.8566542,twist -Y,fast,1786736985.4691272,-472.01401607734397,-180.3776802467612,730.1436530044748,13.528326018507425,-35.40105120580089,6.943391318981763e-20
1786736987.8816404,twist -Y,fast,1786736985.4691272,-471.8484597938841,-182.96063964047346,721.2246804012193,13.72204797303593,-35.388634484541605,6.936069429361053e-20
1786736987.9102433,twist -Y,fast,1786736985.4691272,-472.49861113256475,-184.4358576981183,721.7794660960826,13.832689327359095,-35.43739583494262,6.994288819868196e-20
1786736987.9387505,twist -Y,fast,1786736985.4691272,-472.4034106944832,-184.47152862664223,727.0648616964745,13.835364646998304,-35.430255802086386,6.92924907757174e-20
1786736987.9669788,twist -Y,fast,1786736985.4691272,-472.5783719314236,-181.14031292403695,721.8319761686444,13.585523469302917,-35.44337789485708,6.891378077630794e-20
1786736987.9952328,twist -Y,fast,1786736985.4691272,-469.96060152697555,-181.8172404289088,718.8442308440453,13.636293032168414,-35.247045114523345,6.87368118477221e-20
1786736988.0237536,twist -Y,fast,1786736985.4691272,-469.5242207096112,-182.71382238067383,717.5032458535434,13.703536678550837,-35.214316553220954,6.916307213093414e-20
1786736988.0542786,twist -Y,fast,1786736985.4691272,-469.3441210085771,-185.1366055764364,719.9122531917264,13.88524541823286,-35.200809075643484,6.902818971570911e-20
1786736988.080349,twist -Y,fast,1786736985.4691272,-471.7152718936818,-182.69683187969997,726.480591835154,13.702262390977783,-35.37864539202635,6.910712458119341e-20
1786736988.108955,twist -Y,fast,1786736985.4691272,-472.3863140296362,-181.54274781412437,726.7107442848346,13.615706086059514,-35.42897355222289,6.909547534245698e-20
1786736988.1371868,twist -Y,fast,1786736985.4691272,-475.4334525453637,-186.4941164055142,731.0696455135285,13.987058730413832,-35.657508940902396,6.987839233739496e-20
1786736988.1654794,twist -Y,fast,1786736985.4691272,-473.746357267044,-187.47197232847975,729.93542018064,14.060397924636103,-35.53097679502852,6.960844282334925e-20
1786736988.1938446,twist -Y,fast,1786736985.4691272,-477.77786960391086,-185.09376099982342,736.1941607687077,13.882032074987027,-35.8333402202935,7.028597655182134e-20
1786736988.222324,twist -Y,fast,1786736985.4691272,-476.94852557311606,-184.9218255947851,738.2294409234755,13.869136919609016,-35.77113941798394,7.085144106526588e-20
1786736988.2532353,twist -Y,fast,1786736985.4691272,-477.84152588128063,-186.76772582742694,735.9135693604849,14.007579437057228,-35.83811444109615,7.117903433344132e-20
1786736988.2792945,twist -Y,fast,1786736985.4691272,-479.36874998306666,-189.0407241399564,746.2592449693338,14.178054310497092,-35.95265624873022,7.153740896178125e-20
1786736988.3077126,twist -Y,fast,1786736985.4691272,-475.158924058569,-183.28251847874674,736.4977952587296,13.746188885906225,-35.63691930439281,7.080978517164118e-20
1786736988.3358948,twist -Y,fast,1786736985.4691272,-475.89923837579045,-182.91309605998697,740.7381861795757,13.718482204499114,-35.69244287818446,7.125655863161658e-20
1786736988.3645709,twist -Y,fast,1786736985.4691272,-472.94657172972666,-181.97812765768526,730.9271833002722,13.648359574326665,-35.47099287972979,7.034751679358492e-20
1786736988.3927016,twist -Y,fast,1786736985.4691272,-477.68439575394495,-185.06394100350064,737.4722489023306,13.879795575262744,-35.82632968154613,6.988751376717495e-20
1786736988.4214356,twist -Y,fast,1786736985.4691272,-477.84859248033536,-185.22365476217624,730.9393214627389,13.891774107163474,-35.83864443602538,6.96619919061541e-20
1786736988.452559,twist -Y,fast,1786736985.4691272,-474.36069403090005,-186.63381966090958,723.2733833231314,13.997536474568424,-35.57705205231764,6.932382342407419e-20
1786736988.4781528,twist -Y,fast,1786736985.4691272,-475.77267771146353,-188.31219612049745,728.6775235813438,14.123414709037522,-35.68295082836008,6.987005882280644e-20
1786736988.5061977,twist -Y,fast,1786736985.4691272,-475.5723137557252,-188.586670712221,731.0335239168089,14.144000303416608,-35.6679235316795,6.967835965059927e-20
1786736988.5346258,twist -Y,fast,1786736985.4691272,-475.622136501991,-188.3364952986998,729.0862389811145,14.125237147402682,-35.6716602376496,6.987196784408779e-20
1786736988.5632331,twist -Y,fast,1786736985.4691272,-471.86020275577675,-186.56901039911725,722.9186160022537,13.992675779933972,-35.389515206683626,6.98951894637645e-20
1786736988.5917158,twist -Y,fast,1786736985.4691272,-469.32193164297996,-185.7610325956441,717.4379688254385,13.932077444673492,-35.199144873223645,6.954376586124278e-20
1786736988.6206846,twist -Y,fast,1786736985.4691272,-471.8558143207388,-186.92375152859518,726.9029130680674,14.01928136464483,-35.38918607405565,7.030197925472852e-20
1786736988.6510584,twist -Y,fast,1786736985.4691272,-470.4484940040802,-184.53439016237144,727.0745723127839,13.840079262177962,-35.2836370503063,6.990193514933724e-20
1786736988.6768448,twist -Y,fast,1786736985.4691272,-473.4050525334583,-184.83201868960623,740.4949481349513,13.862401401720735,-35.50537894000961,7.083879137934248e-20
1786736988.705174,twist -Y,fast,1786736985.4691272,-473.22998497729895,-185.06733286546296,738.8503081970921,13.880049964909968,-35.4922488732977,7.037839928616677e-20
1786736988.733685,twist -Y,fast,1786736985.4691272,-475.86454858422167,-188.19903485509883,747.2910970184703,14.114927614132494,-35.68984114381696,7.073093360687172e-20
1786736988.7618775,twist -Y,fast,1786736985.4691272,-478.31071357678366,-189.77406973569134,740.1170666988592,14.233055230177062,-35.873303518258936,7.094834782996933e-20
1786736988.7901287,twist -Y,fast,1786736985.4691272,-476.5179475670848,-189.8919067398332,737.463342208991,14.241893005487722,-35.73884606753158,7.07433252259588e-20
1786736988.81861,twist -Y,fast,1786736985.4691272,-476.92761529588097,-189.66084057226624,737.6903856714298,14.224563042920142,-35.76957114719123,7.136089762445642e-20
1786736988.8499548,twist -Y,fast,1786736985.4691272,-473.7395865633639,-186.4051064452982,744.3677140573145,13.980382983397629,-35.53046899225254,7.1053428098397e-20
1786736988.87569,twist -Y,fast,1786736985.4691272,-476.36903562383304,-185.5890786229561,754.5318841098224,13.919180896721965,-35.72767767178749,7.192631816168894e-20
1786736988.904517,twist -Y,fast,1786736985.4691272,-473.38894366192744,-184.24843122397215,742.4046268260008,13.818632341798168,-35.50417077464464,7.069094487104305e-20
1786736988.9325628,twist -Y,fast,1786736985.4691272,-472.60378354735394,-185.15639187273098,731.4673022555398,13.886729390455148,-35.44528376605183,7.008456823880568e-20
1786736988.960507,twist -Y,fast,1786736985.4691272,-470.7477550333765,-186.68905187631947,718.3225161374112,14.001678890724126,-35.30608162750338,6.9642726005407e-20
1786736988.9891026,twist -Y,fast,1786736985.4691272,-469.8860291257488,-184.90199039149672,719.5120929572231,13.867649279362436,-35.241452184431395,6.931727187054897e-20
1786736989.0175202,twist -Y,fast,1786736985.4691272,-470.92447562879534,-186.46009384628985,721.9283770147749,13.984507038471893,-35.319335672159966,6.916051187413716e-20
1786736989.0458229,twist -Y,fast,1786736985.4691272,-473.2977355297753,-180.5731282286306,728.436922309802,13.5429846171475,-35.49733016473334,6.882249320795293e-20
1786736989.0742762,twist -Y,fast,1786736985.4691272,-473.9383531978956,-181.21228828673304,727.4061753512842,13.590921621505178,-35.54537648984221,6.950348074786821e-20
1786736989.1027079,twist -Y,fast,1786736985.4691272,-475.56308117593517,-180.0230814900459,729.4469787198623,13.50173111175376,-35.66723108819534,6.934072658677573e-20
1786736989.1309426,twist -Y,fast,1786736985.4691272,-473.37386774070865,-184.46787025207755,723.2856717922687,13.835090268906082,-35.50304008055333,6.937879202777032e-20
1786736989.1591222,twist -Y,fast,1786736985.4691272,-473.2247300531376,-185.10397017618686,721.3741791680177,13.88279776321431,-35.49185475398541,6.92025441982706e-20
1786736989.1874926,twist -Y,fast,1786736985.4691272,-467.50218444148595,-184.92685989210747,712.1635514201516,13.869514491908273,-35.06266383311173,6.898487895619565e-20
1786736989.2158976,twist -Y,fast,1786736985.4691272,-468.99681114725036,-184.30727500544117,718.5252333926901,13.823045625408351,-35.17476083604411,6.921260401029168e-20
1786736989.2442608,twist -Y,fast,1786736985.4691272,-471.9952388652605,-186.71897199790521,728.8600054689714,14.003922899843221,-35.39964291489478,6.992809698370833e-20
1786736989.2729018,twist -Y,fast,1786736985.4691272,-473.5809872426116,-187.78547857140381,735.7894410399804,14.083910892855581,-35.518574043196054,7.013581604631058e-20
1786736989.3016484,twist -Y,fast,1786736985.4691272,-472.9258146398747,-188.65695705776625,737.2756066222073,14.149271779332675,-35.46943609799087,7.009155598514733e-20
1786736989.3296688,twist -Y,fast,1786736985.4691272,-472.2497046347212,-185.89695044109408,731.2601513778181,13.942271283082281,-35.418727847604295,7.004911922077757e-20
1786736989.3578496,twist -Y,fast,1786736985.4691272,-476.87843624289644,-188.52826616549476,730.932946946833,14.139619962412379,-35.76588271821749,7.027515386958359e-20
1786736989.3862169,twist -Y,fast,1786736985.4691272,-478.6670483359517,-188.35799646539328,734.0040369502303,14.126849734904813,-35.90002862519655,7.058601554452632e-20
1786736989.414562,twist -Y,fast,1786736985.4691272,-476.80967828948405,-188.19207323683702,735.7877367595083,14.114405492762888,-35.76072587171162,7.024543960181336e-20
1786736989.4446323,twist -Y,fast,1786736985.4691272,-474.9178949645352,-185.24790527215134,745.6865932191058,13.893592895411604,-35.618842122340126,7.123557916160275e-20
1786736989.4716003,twist -Y,fast,1786736985.4691272,-471.0291090713017,-183.88691499296294,737.1298629714902,13.791518624472442,-35.32718318034777,7.021698829966397e-20
1786736989.4998088,twist -Y,fast,1786736985.4691272,-472.33285562502533,-185.83347856652517,737.1829141650269,13.93751089248956,-35.424964171877036,6.97954648444904e-20
1786736989.5281942,twist -Y,fast,1786736985.4691272,-470.0310857460813,-188.8213381069155,717.7966768547367,14.161600358018813,-35.252331430956424,6.872289796973981e-20
1786736989.55653,twist -Y,fast,1786736985.4691272,-472.350128789898,-188.5091979710504,724.3686177943191,14.13818984782905,-35.42625965924272,6.96595293535875e-20
1786736989.5850086,twist -Y,fast,1786736985.4691272,-472.5026356640933,-188.25785345011025,724.9926731621499,14.119339008758498,-35.43769767480731,7.017733145481697e-20
1786736989.61326,twist -Y,fast,1786736985.4691272,-473.95114039746204,-184.6012619693978,737.390331186114,13.845094647705043,-35.546335529809845,7.10435334017833e-20
1786736989.6437085,twist -Y,fast,1786736985.4691272,-474.7720402610448,-186.46584827346044,744.7158375580393,13.984938620509656,-35.60790301957857,7.114976287866449e-20
1786736989.6700547,twist -Y,fast,1786736985.4691272,-473.0233968827165,-184.3808104408813,744.429354240182,13.828560783066234,-35.476754766203975,7.113805756345526e-20
1786736989.698664,twist -Y,fast,1786736985.4691272,-472.53779067013784,-181.85569715152303,742.8413572777863,13.639177286364284,-35.44033430026047,7.036102435466479e-20
1786736989.7269826,twist -Y,fast,1786736985.4691272,-468.90617175937905,-179.52285181284196,724.0896545342666,13.464213885963279,-35.16796288195358,6.969019042652073e-20
1786736989.7552238,twist -Y,fast,1786736985.4691272,-473.44435040422013,-179.43141779760174,727.0180347346386,13.457356334820407,-35.50832628031658,6.93520607073237e-20
1786736989.7835484,twist -Y,fast,1786736985.4691272,-473.1424580172188,-181.47317520390231,723.576291545467,13.610488140292777,-35.485684351291596,6.9082655452481e-20
1786736989.811903,twist -Y,fast,1786736985.4691272,-475.8002963691729,-182.19927278042155,728.323461740255,13.664945458531673,-35.68502222768819,6.89888707787382e-20
1786736989.8421273,twist -Y,fast,1786736985.4691272,-474.31054903289214,-183.5542737691029,722.6194580226256,13.766570532682938,-35.573291177467176,6.862941966788594e-20
1786736989.8686857,twist -Y,fast,1786736985.4691272,-475.0852386698698,-184.40876450148187,727.7248650937063,13.830657337611367,-35.63139290024041,6.855573926973466e-20
1786736989.8973594,twist -Y,fast,1786736985.4691272,-475.6365719936275,-187.88724913992803,731.1893054123511,14.091543685494916,-35.672742899522206,6.895226388846341e-20
1786736989.9259536,twist -Y,fast,1786736985.4691272,-473.1507147127563,-189.88215525307032,725.5372552716408,14.241161643980472,-35.48630360345681,6.948365638109529e-20
1786736989.9541233,twist -Y,fast,1786736985.4691272,-472.3141994741227,-188.89907354258867,720.6700197495857,14.167430515694239,-35.42356496055927,6.954509627198994e-20
1786736989.9822364,twist -Y,fast,1786736985.4691272,-472.9605778498403,-190.24473360234515,719.0681320974181,14.268355020176063,-35.472043338738075,6.937516169426666e-20
1786736990.010891,twist -Y,fast,1786736985.4691272,-469.8615682513423,-185.6811655335041,714.5435609192909,13.926087415013019,-35.23961761885086,6.839638023842747e-20
1786736990.041815,twist -Y,fast,1786736985.4691272,-472.1438048958985,-187.16798454822685,716.7164654051421,14.037598841117255,-35.41078536719239,6.913767910191437e-20
1786736990.0675879,twist -Y,fast,1786736985.4691272,-473.44771491438496,-182.81273913874531,724.9659450660729,13.71095543540611,-35.508578618579115,6.979942212425999e-20
1786736990.0959473,twist -Y,fast,1786736985.4691272,-478.558366953313,-183.03990246383012,737.2619166645418,13.727992684787484,-35.89187752149867,7.098598586847011e-20
1786736990.124227,twist -Y,fast,1786736985.4691272,-476.12426293378667,-182.77669530353296,729.0543804973404,13.708252147765183,-35.7093197200343,7.050058964393795e-20
1786736990.1525223,twist -Y,fast,1786736985.4691272,-471.874080858021,-181.54299680711517,715.7764557397986,13.615724760533762,-35.390556064351784,6.962659534101368e-20
1786736990.1809742,twist -Y,fast,1786736985.4691272,-471.3066544900171,-181.36357134537718,717.2474586982207,13.60226785090357,-35.347999086751315,6.938870630443228e-20
1786736990.2094536,twist -Y,fast,1786736985.4691272,-474.76251600370824,-182.00332842933756,724.4822820019917,13.65024963220073,-35.60718870027831,6.937823665591735e-20
1786736990.2376254,twist -Y,fast,1786736985.4691272,-476.49920826620973,-183.8519546338116,738.520309443018,13.78889659753614,-35.73744061996609,7.007996761144407e-20
1786736990.2661397,twist -Y,fast,1786736985.4691272,-474.80153543668894,-184.77631687357837,740.3580250020977,13.858223765518577,-35.610115157751814,7.005383492197101e-20
1786736990.294516,twist -Y,fast,1786736985.4691272,-469.3435255099198,-184.8727374049023,733.9757659411889,13.86545530536787,-35.200764413244244,6.940390656609013e-20
1786736990.322793,twist -Y,fast,1786736985.4691272,-469.1219257573475,-186.13662155927693,723.9207633514661,13.960246616945884,-35.18414443180136,6.923460991030223e-20
1786736990.3511534,twist -Y,fast,1786736985.4691272,-471.0788767536669,-187.47694524458063,722.3163932427597,14.060770893343918,-35.330915756525215,6.959743579955591e-20
1786736990.3795817,twist -Y,fast,1786736985.4691272,-474.13222156779057,-185.67491231708004,729.3808310735894,13.925618423781106,-35.55991661758458,7.043821794766933e-20
1786736990.4082386,twist -Y,fast,1786736985.4691272,-478.10675654590204,-183.62021935469136,740.6359786832518,13.771516451601986,-35.85800674094284,7.046143200773254e-20
1786736990.4364266,twist -Y,fast,1786736985.4691272,-477.5092505603343,-182.9817096505684,739.2524297765585,13.723628223792847,-35.81319379202524,7.017769767241485e-20
1786736990.4648948,twist -Y,fast,1786736985.4691272,-473.62519317434635,-183.23271555045255,736.2683700396619,13.742453666284124,-35.521889488076056,6.941791759285354e-20
1786736990.49311,twist -Y,fast,1786736985.4691272,-471.2832625881056,-180.01457687490938,734.310234399697,13.501093265618355,-35.34624469410815,6.913941086124391e-20
1786736990.5214503,twist -Y,fast,1786736985.4691272,-471.403564723249,-181.60337203487381,731.7744978478058,13.620252902615707,-35.35526735424374,6.872008873336612e-20
1786736990.5497653,twist -Y,fast,1786736985.4691272,-474.501721078032,-184.74098357082687,731.4415951605715,13.855573767812299,-35.58762908085262,6.88358155402373e-20
1786736990.5784435,twist -Y,fast,1786736985.4691272,-469.48010495418885,-190.57883087807284,713.5419277429846,14.293412315855687,-35.21100787156424,6.852888468930889e-20
1786736990.6068192,twist -Y,fast,1786736985.4691272,-469.09735511229974,-191.52273196961846,715.322119662248,14.364204897721468,-35.18230163342256,6.898280049838083e-20
1786736990.6349437,twist -Y,fast,1786736985.4691272,-467.4037146646874,-189.80975393075357,711.644205999266,14.23573154480658,-35.05527859985156,6.855622708657892e-20
1786736990.6636074,twist -Y,fast,1786736985.4691272,-471.731655171337,-187.2566078040819,732.2868239928694,14.044245585306275,-35.37987413785056,7.011144640286878e-20
1786736990.6919885,twist -Y,fast,1786736985.4691272,-474.62931157443427,-183.0882315961834,740.5368984342485,13.731617369713877,-35.597198368082815,7.049864118784642e-20
1786736990.7204733,twist -Y,fast,1786736985.4691272,-478.98797105317453,-182.43595150155875,759.5202609637936,13.682696362617161,-35.924097828988224,7.221863215062173e-20
1786736990.7484148,twist -Y,fast,1786736985.4691272,-478.68440214137627,-181.30734014517407,750.5771043730838,13.598050510888317,-35.90133016060345,7.090885157631611e-20
1786736990.7768357,twist -Y,fast,1786736985.4691272,-473.8161284848834,-184.2358304679011,728.0725136420479,13.817687285092898,-35.53620963636627,7.0581688043816e-20
1786736990.8054473,twist -Y,fast,1786736985.4691272,-472.7033826266197,-184.29443414435013,729.3459266942236,13.822082560826434,-35.452753696996695,7.116074739804896e-20
1786736990.8336356,twist -Y,fast,1786736985.4691272,-474.67970373834396,-186.8042854953818,726.1764698554289,14.01032141215386,-35.600977780375956,7.168709323475063e-20
1786736990.862135,twist -Y,fast,1786736985.4691272,-476.72319535430324,-186.43849382002657,740.0876278642991,13.982887036502103,-35.75423965157284,7.134363737801005e-20
1786736990.8904917,twist -Y,fast,1786736985.4691272,-475.8117696574968,-185.1420373733448,722.2836884957887,13.885652803001047,-35.68588272431264,7.006383067244524e-20
1786736990.9190671,twist -Y,fast,1786736985.4691272,-472.44902858093974,-182.5328627476481,726.5829288782452,13.689964706073734,-35.43367714357074,6.995219751658239e-20
1786736990.9472768,twist -Y,fast,1786736985.4691272,-468.99180563532764,-180.5799927933823,721.8145498574613,13.543499459504016,-35.174385422649905,6.975305883282476e-20
1786736990.9756155,twist -Y,fast,1786736985.4691272,-466.07812636158997,-178.24854730370737,715.9736961614672,13.368641047778144,-34.9558594771195,6.999880217599987e-20
1786736991.004059,twist -Y,fast,1786736985.4691272,-468.2328505399969,-183.01502823441683,717.540121878219,13.72612711758146,-35.11746379049999,6.97555121075474e-20
1786736991.0322292,twist -Y,fast,1786736985.4691272,-471.06291985575444,-181.4803573102257,721.8184841468228,13.611026798267037,-35.32971898918169,7.002257981349725e-20
1786736991.061104,twist -Y,fast,1786736985.4691272,-475.55119921488085,-187.63232989625044,730.761714019819,14.072424742218988,-35.6663399411163,6.993106491993267e-20
1786736991.0890818,twist -Y,fast,1786736985.4691272,-477.4065456188873,-181.8006336664921,725.8070682805201,13.63504752498731,-35.80549092141655,6.962858134090774e-20
1786736991.1175952,twist -Y,fast,1786736985.4691272,-476.5911673028004,-183.89562985270845,718.6002740982785,13.792172238953388,-35.744337547710195,6.916515379067124e-20
1786736991.1460037,twist -Y,fast,1786736985.4691272,-472.04671045272744,-180.54214830262129,711.5780556032068,13.54066112269673,-35.403503283954805,6.90368187419746e-20
1786736991.174441,twist -Y,fast,1786736985.4691272,-467.95370357185675,-180.42980378062884,707.5274497379714,13.532235283547582,-35.09652776788962,6.851871872478989e-20
1786736991.2029006,twist -Y,fast,1786736985.4691272,-469.45898717650243,-180.0556766531239,726.7492321297059,13.504175748984512,-35.20942403823793,7.03179205794489e-20
1786736991.2308984,twist -Y,fast,1786736985.4691272,-470.9827952260539,-181.12842127119075,737.7174678836463,13.584631595339498,-35.32370964195419,7.019429173962123e-20
1786736991.259383,twist -Y,fast,1786736985.4691272,-473.24116519574955,-186.2520139906071,747.7674244426853,13.968901049295749,-35.493087389681484,7.1652499300125e-20
1786736991.2876568,twist -Y,fast,1786736985.4691272,-472.5432451302736,-187.04590211499237,732.1148005920968,14.028442658624574,-35.44074338477069,6.993643208534121e-20
1786736991.3160455,twist -Y,fast,1786736985.4691272,-472.0487112226315,-186.29759801748594,720.1566381644734,13.972319851311628,-35.40365334169746,6.90236004418245e-20
1786736991.3444915,twist -Y,fast,1786736985.4691272,-474.35285271527346,-184.6502263709492,715.1041523526501,13.848766977821445,-35.576463953645614,6.863192302068378e-20
1786736991.3730133,twist -Y,fast,1786736985.4691272,-472.662287912367,-183.60806354220426,713.3280609700305,13.770604765665563,-35.44967159342781,6.873040318981268e-20
1786736991.4028752,twist -Y,fast,1786736985.4691272,-476.29825323303703,-183.85536773308093,734.953071094671,13.789152579981316,-35.722368992477925,7.077895580671073e-20
1786736991.429495,twist -Y,fast,1786736985.4691272,-471.7930150985035,-182.25485225655746,740.9173805999935,13.66911391924204,-35.38447613238805,7.076644431456218e-20
1786736991.4581203,twist -Y,fast,1786736985.4691272,-473.37852335300477,-184.65277057138087,745.6819759168793,13.848957792853785,-35.50338925147555,7.09087831646061e-20
1786736991.486325,twist -Y,fast,1786736985.4691272,-471.24655568687785,-183.0149678432839,727.9823106367812,13.726122588246543,-35.343491676516095,6.911661329990313e-20
1786736991.5148673,twist -Y,fast,1786736985.4691272,-472.0962081181815,-184.01716072658132,718.8331672265595,13.801287054493859,-35.40721560886375,6.880836742809474e-20
1786736991.5431364,twist -Y,fast,1786736985.4691272,-471.7320022252634,-182.56374780722513,720.2420265613518,13.692281085542117,-35.37990016689504,6.865887553336725e-20
1786736991.5715818,twist -Y,fast,1786736985.4691272,-472.72489836959585,-186.80564578996666,724.4463723455201,14.010423434247624,-35.45436737772004,6.939505568513252e-20
1786736991.6013343,twist -Y,fast,1786736985.4691272,-470.42708168048057,-187.21959337527483,718.1922898652183,14.041469503146008,-35.28203112603633,6.89146365021863e-20
1786736991.6284068,twist -Y,fast,1786736985.4691272,-470.31882788862004,-190.02719469843646,710.8214282950967,14.252039602382812,-35.273912091646615,6.932963590714897e-20
1786736991.6568458,twist -Y,fast,1786736985.4691272,-470.7192065435165,-184.13306739489735,711.7109850890274,13.80998005461753,-35.30394049076374,6.826480531145213e-20
1786736991.6850667,twist -Y,fast,1786736985.4691272,-473.804661476408,-184.74297098447903,727.0146655049184,13.855722823836214,-35.53534961073081,6.920371105050624e-20
1786736991.7134542,twist -Y,fast,1786736985.4691272,-471.4925027784652,-182.79927037154528,718.8146749245116,13.709945277866044,-35.36193770838498,6.834101019361889e-20
1786736991.7418983,twist -Y,fast,1786736985.4691272,-468.38491648548006,-185.99175016656113,716.08970499118,13.949381262492171,-35.12886873641122,6.879866359253444e-20
1786736991.7702498,twist -Y,fast,1786736985.4691272,-465.96999843462936,-184.3935189396101,703.2572215019154,13.829513920471026,-34.94774988259744,6.76798497491724e-20
1786736991.8001947,twist -Y,fast,1786736985.4691272,-468.5393570243559,-183.9288022796021,717.2462694821979,13.794660170970442,-35.14045177682701,6.834818965450039e-20
1786736991.8270385,twist -Y,fast,1786736985.4691272,-469.6309557461386,-185.79004576730392,715.1642263056219,13.934253432547944,-35.22232168096061,6.896059747606142e-20
1786736991.855386,twist -Y,fast,1786736985.4691272,-471.3871111804442,-185.88586318856653,729.9072788950662,13.941439739142641,-35.35403333853351,7.001804500944415e-20
1786736991.8840554,twist -Y,fast,1786736985.4691272,-470.75579301520247,-187.16183168383407,728.4288250797345,14.0371373762877,-35.30668447614034,6.969696919976703e-20
1786736991.9122918,twist -Y,fast,1786736985.4691272,-470.7388060872886,-183.45163194755833,729.146661353383,13.75887239606715,-35.305410456546646,6.941700519005367e-20
1786736991.9406917,twist -Y,fast,1786736985.4691272,-468.6473406714117,-185.26308864342343,710.9593838541186,13.894731648256911,-35.14855055035618,6.878677252878497e-20
1786736991.9692142,twist -Y,fast,1786736985.4691272,-467.619944297212,-182.6439826122022,712.6802102077272,13.69829869591538,-35.071495822290956,6.992456063799808e-20
1786736991.9992335,twist -Y,fast,1786736985.4691272,-469.57975309403946,-182.58175460644213,724.8461213127084,13.693631595483328,-35.21848148205316,7.077272894876724e-20
1786736992.025988,twist -Y,fast,1786736985.4691272,-473.02738343428064,-180.16609863064537,751.1518024804955,13.512457397298558,-35.47705375757133,7.16632705678089e-20
1786736992.0543182,twist -Y,fast,1786736985.4691272,-474.2681710431125,-179.3760343800443,750.5631773872628,13.453202578503497,-35.57011282823364,7.106611197045311e-20
1786736992.0824292,twist -Y,fast,1786736985.4691272,-471.90619766689724,-180.71552609776268,738.9454681825355,13.55366445733225,-35.392964825017415,7.044719236404008e-20
1786736992.11119,twist -Y,fast,1786736985.4691272,-468.5431239066561,-185.78912863700918,720.793367883115,13.934184647775918,-35.14073429299936,6.981809034208004e-20
1786736992.1393542,twist -Y,fast,1786736985.4691272,-468.50540384054784,-187.59525717319082,720.3356611381632,14.069644287989458,-35.13790528804126,6.986913965489087e-20
1786736992.1677675,twist -Y,fast,1786736985.4691272,-469.895166706744,-189.34147449500165,716.7807072348178,14.20061058712525,-35.24213750300593,6.973493575051816e-20
1786736992.1982222,twist -Y,fast,1786736985.4691272,-473.81359090050273,-185.52513619290585,729.0064304021271,13.914385214468243,-35.53601931753792,6.99954478056109e-20
1786736992.224559,twist -Y,fast,1786736985.4691272,-475.5281227975943,-186.93939454274232,738.4136612854336,14.020454590705807,-35.66460920981981,7.052406276674682e-20
1786736992.2530186,twist -Y,fast,1786736985.4691272,-473.6861132647664,-184.5401136844082,738.892405623933,13.840508526330932,-35.52645849485754,7.030144416153456e-20
1786736992.2811232,twist -Y,fast,1786736985.4691272,-471.496497636007,-182.90475553542194,734.7276484703416,13.717856665156628,-35.3622373227007,7.044671837313421e-20
1786736992.309614,twist -Y,fast,1786736985.4691272,-471.67902188788594,-184.15352945657662,729.4433436794207,13.811514709243529,-35.37592664159168,6.984893663681158e-20
1786736992.3379438,twist -Y,fast,1786736985.4691272,-474.00506412785353,-185.38625394960343,738.6174361951753,13.903969046220542,-35.55037980958933,7.044490838548404e-20
1786736992.366351,twist -Y,fast,1786736985.4691272,-476.27531748913634,-189.4418888057437,733.5144175723572,14.208141660430893,-35.720648811685344,7.056876466698476e-20
1786736992.3945296,twist -Y,fast,1786736985.4691272,-472.631497337155,-183.71474673965508,722.8750744172903,13.778606005474213,-35.44736230028681,7.049583685210345e-20
1786736992.4230754,twist -Y,fast,1786736985.4691272,-471.6824476003585,-185.32723285266104,717.956593844011,13.899542463949775,-35.37618357002709,6.97355923007201e-20
1786736992.4513721,twist -Y,fast,1786736985.4691272,-470.5231009210511,-178.57483377334404,710.3628692540833,13.393112533001048,-35.289232569078976,6.846511175261947e-20
1786736992.4799836,twist -Y,fast,1786736985.4691272,-469.7989131866316,-181.3765176388298,710.6307889602722,13.603238822912385,-35.234918488997515,6.786189258832302e-20
1786736992.508448,twist -Y,fast,1786736985.4691272,-471.1528840439328,-176.02248823546313,718.496816730114,13.201686617659885,-35.336466303295026,6.832635237235393e-20
1786736992.5366478,twist -Y,fast,1786736985.4691272,-470.2505046072979,-181.1292720417796,731.3833071140825,13.584695403133669,-35.26878784554759,6.932890097330429e-20
1786736992.564933,twist -Y,fast,1786736985.4691272,-474.3678796910185,-183.8675712996387,746.0773210506131,13.790067847473058,-35.5775909768266,6.992998411350704e-20
1786736992.5932736,twist -Y,fast,1786736985.4691272,-472.7610048237789,-185.77810034890604,738.533231226309,13.933357526168155,-35.45707536178363,6.943624209158441e-20
1786736992.621882,twist -Y,fast,1786736985.4691272,-475.0566373984698,-184.21098568432046,743.0065180702359,13.815823926324075,-35.62924780488534,6.947764199848903e-20
1786736992.6503465,twist -Y,fast,1786736985.4691272,-476.8165338319063,-183.60583483762628,740.571727191259,13.770437612822175,-35.76124003739332,6.979264598189909e-20
1786736992.6785703,twist -Y,fast,1786736985.4691272,-479.7889961831729,-187.5596494297141,744.3931011671348,14.066973707228701,-35.98417471373808,7.059135170757725e-20
1786736992.706922,twist -Y,fast,1786736985.4691272,-480.7516608447354,-189.90410240962626,747.2688956348038,14.242807680722255,-36.056374563355405,7.131803668257716e-20
1786736992.735352,twist -Y,fast,1786736985.4691272,-477.4712243549279,-188.41631302257997,741.3453972929483,14.131223476693688,-35.81034182661988,7.08855626717179e-20
1786736992.763711,twist -Y,fast,1786736985.4691272,-475.90181902884524,-185.8168068954111,744.1784149115765,13.936260517156217,-35.69263642716365,7.089465731300625e-20
1786736992.7934732,twist -Y,fast,1786736985.4691272,-471.23692466421016,-182.13645413212282,733.0670644284664,13.660234059909396,-35.34276934981607,6.922184577332707e-20
1786736992.8205478,twist -Y,fast,1786736985.4691272,-471.20811664617577,-180.6767953644843,736.1047657186346,13.550759652336534,-35.34060874846338,6.919872697634695e-20
1786736992.848747,twist -Y,fast,1786736985.4691272,-472.3946942600187,-184.68617735581984,735.4977951152932,13.851463301686803,-35.429602069501634,6.883373646493082e-20
1786736992.877159,twist -Y,fast,1786736985.4691272,-474.830582634876,-186.56465521763914,736.0017414725735,13.992349141323228,-35.612293697615854,6.945059563576226e-20
1786736992.905812,twist -Y,fast,1786736985.4691272,-474.97172860420096,-188.32896639996898,732.7958738257039,14.124672479997987,-35.62287964531535,6.994789387009148e-20
1786736992.9341204,twist -Y,fast,1786736985.4691272,-472.8254587777724,-185.07969019503662,728.0899284673296,13.880976764627878,-35.46190940833309,7.024332153843628e-20
1786736992.9623725,twist -Y,fast,1786736985.4691272,-470.59401610419263,-187.98987951432946,715.8709985834876,14.099240963574932,-35.29455120781468,6.991691416008432e-20
1786736992.9939575,twist -Y,fast,1786736985.4691272,-469.4457872097146,-187.7806409182234,708.9073462962433,14.083548068867014,-35.20843404072883,6.888486876084319e-20
1786736993.0192034,twist -Y,fast,1786736985.4691272,-472.7105026400386,-187.47041059481228,721.2219881961128,14.0602807946111,-35.453287698002946,6.865305975689255e-20
1786736993.0474694,twist -Y,fast,1786736985.4691272,-476.51601128939865,-186.42611295459187,741.8590631963261,13.981958471594655,-35.73870084670504,7.014658153177847e-20
1786736993.0759056,twist -Y,fast,1786736985.4691272,-480.3539557006379,-189.15272894211682,750.6273002141561,14.186454670659028,-36.02654667754812,7.090855638016838e-20
1786736993.1043034,twist -Y,fast,1786736985.4691272,-477.42991987164487,-186.4622464394223,734.6603639286241,13.984668482956938,-35.8072439903736,6.976521153101569e-20
1786736993.1328433,twist -Y,fast,1786736985.4691272,-475.87542909922695,-183.04510764799466,721.9934092770036,13.728383073599776,-35.690657182442116,6.870686955428525e-20
1786736993.1614215,twist -Y,fast,1786736985.4691272,-474.1617080887354,-182.0226740138378,718.8357948928497,13.651700551037994,-35.56212810665547,6.884453068073579e-20
1786736993.192003,twist -Y,fast,1786736985.4691272,-475.3346337761118,-185.23593034696955,735.7597493292642,13.892694776022967,-35.65009753320857,7.057441962322166e-20
1786736993.2181225,twist -Y,fast,1786736985.4691272,-476.26711716486125,-189.19350247668592,740.2297172778726,14.189512685751655,-35.720033787364926,7.063958448992209e-20
1786736993.2462504,twist -Y,fast,1786736985.4691272,-476.59472290524536,-188.0605492994572,747.8994804730928,14.104541197459458,-35.74460421789368,7.096229008908574e-20
1786736993.2748666,twist -Y,fast,1786736985.4691272,-473.360157246565,-185.99000028291357,730.054652703413,13.949250021218678,-35.50201179349257,7.007696138217323e-20
1786736993.3031743,twist -Y,fast,1786736985.4691272,-469.6007643028397,-180.65729727836867,722.1874771863149,13.549297295877938,-35.22005732271315,6.962798968766657e-20
1786736993.3318017,twist -Y,fast,1786736985.4691272,-466.78985359772105,-178.9667663842141,712.6599209815522,13.42250747881626,-35.009239019829266,6.852559484628e-20
1786736993.3599885,twist -Y,fast,1786736985.4691272,-468.8345175256859,-178.65371604392897,723.7863985245331,13.399028703294736,-35.16258881442654,6.909629752066275e-20
1786736993.3890774,twist -Y,fast,1786736985.4691272,-470.5957853167506,-182.63306442577584,736.6550683067153,13.697479831933368,-35.294683898756524,6.923265840055942e-20
1786736993.4166937,twist -Y,fast,1786736985.4691272,-471.07753198730006,-184.44509272290372,737.7564677001146,13.83338195421813,-35.330814899047645,6.917453794023578e-20
1786736993.4454906,twist -Y,fast,1786736985.4691272,-469.70314070621134,-184.368956150715,732.6093143811449,13.827671711303868,-35.22773555296606,6.864130054021234e-20
1786736993.4734874,twist -Y,fast,1786736985.4691272,-469.2311198773923,-182.57962135618106,722.214858674929,13.693471601713771,-35.19233399080466,6.924037240815418e-20
1786736993.5020828,twist -Y,fast,1786736985.4691272,-470.86103293928136,-183.1771044684441,727.5898437819033,13.738282835133408,-35.314577470446245,6.989117402623087e-20
1786736993.5301473,twist -Y,fast,1786736985.4691272,-474.6405796211707,-187.23503928422247,728.9113767043245,14.042627946316966,-35.59804347158795,7.068352617747958e-20
1786736993.5584393,twist -Y,fast,1786736985.4691272,-474.58789706535345,-189.62422893728933,724.029157693928,14.22181717029692,-35.5940922799017,6.949289014695812e-20
1786736993.5878687,twist -Y,fast,1786736985.4691272,-474.34369770384683,-188.17600393043233,721.9363173483662,14.113200294782725,-35.57577732778882,6.916969732849453e-20
1786736993.615214,twist -Y,fast,1786736985.4691272,-474.91871500155366,-188.31296156039946,732.8413810073043,14.123472117030222,-35.61890362511665,6.953998250364966e-20
1786736993.6436327,twist -Y,fast,1786736985.4691272,-475.6994903804125,-184.09646416240355,736.774931244152,13.807234812180557,-35.67746177853116,7.012665137924898e-20
1786736993.6721745,twist -Y,fast,1786736985.4691272,-475.42533385123215,-186.39399011875264,727.7523791249441,13.979549258906733,-35.656900038842586,6.950262497645384e-20
1786736993.7004797,twist -Y,fast,1786736985.4691272,-472.44611945547194,-184.6076414432298,717.464739877908,13.845573108242444,-35.43345895916043,6.874984331023003e-20
1786736993.7287552,twist -Y,fast,1786736985.4691272,-472.5991727017213,-186.31232145136107,727.3549618404786,13.97342410885236,-35.44493795262932,6.93384974553634e-20
1786736993.7570727,twist -Y,fast,1786736985.4691272,-475.8227149373224,-185.2491477661173,743.5691816219514,13.893686082458995,-35.6867036202994,7.092380791553097e-20
1786736993.7859383,twist -Y,fast,1786736985.4691272,-474.8239034661915,-185.0862347239962,740.7034160174653,13.88146760430006,-35.611792759964544,7.05932298759389e-20
1786736993.814268,twist -Y,fast,1786736985.4691272,-477.7488563506986,-189.96281870300083,744.3899952699785,14.247211402725288,-35.83116422630258,7.100732086193189e-20
1786736993.8425808,twist -Y,fast,1786736985.4691272,-478.8777147723945,-188.1611088366202,747.4674733038637,14.112083162746625,-35.91582860792969,7.078303971934635e-20
1786736993.8706586,twist -Y,fast,1786736985.4691272,-483.31192288613056,-191.61857153048663,745.138962141863,14.371392864786738,-36.24839421646003,7.076132498014165e-20
1786736993.8992264,twist -Y,fast,1786736985.4691272,-480.87274983968064,-187.987000310707,734.140926141522,14.099025023303287,-36.0654562379762,6.958755220477239e-20
1786736993.9274766,twist -Y,fast,1786736985.4691272,-474.77139969181144,-189.57150649500988,723.8349879293901,14.217862987125866,-35.60785497688592,6.908173958280742e-20
1786736993.9560194,twist -Y,fast,1786736985.4691272,-471.0193143619508,-185.44773451677543,730.9559228888338,13.908580088758345,-35.32644857714648,6.916559587449186e-20
1786736993.987705,twist -Y,fast,1786736985.4691272,-468.10382253280295,-185.7399894165336,725.5856594795368,13.930499206240352,-35.107786689960406,6.944040037378124e-20
1786736994.012719,twist -Y,fast,1786736985.4691272,-475.5779846342275,-186.59258818223714,744.0819922205355,13.994444113668099,-35.66834884756742,7.049400016976405e-20
1786736994.0411599,twist -Y,fast,1786736985.4691272,-478.4045452943915,-187.53270675760757,736.3218254904141,14.064953006820634,-35.88034089707945,7.063817349047019e-20
1786736994.0694299,twist -Y,fast,1786736985.4691272,-481.37449327715876,-188.78317809697364,751.3719735179675,14.158738357273212,-36.10308699578706,7.192630562780302e-20
1786736994.0978394,twist -Y,fast,1786736985.4691272,-474.70695732584863,-188.53942573820393,728.4663866718229,14.140456930365506,-35.6030217994388,7.037580116167707e-20
1786736994.1263735,twist -Y,fast,1786736985.4691272,-474.7911146531874,-193.44424998869522,729.437203565908,14.508318749152334,-35.60933359898932,7.147338220045181e-20
1786736994.154749,twist -Y,fast,1786736985.4691272,-473.2363819903526,-192.02062649151753,721.9992099884212,14.401546986864087,-35.49272864927664,7.004852727584025e-20
1786736994.1830502,twist -Y,fast,1786736985.4691272,-478.5846298549709,-192.50624218171367,730.9302712489152,14.437968163628515,-35.89384723912299,7.166321246929446e-20
1786736994.2113144,twist -Y,fast,1786736985.4691272,-477.624103426846,-190.8133891533845,734.3454415533006,14.311004186504011,-35.82180775701378,7.031878920420608e-20
1786736994.2402549,twist -Y,fast,1786736985.4691272,-480.6187828930488,-192.66959687452288,741.0769106591788,14.450219765589328,-36.046408716979,7.095940632180192e-20
1786736994.2683897,twist -Y,fast,1786736985.4691272,-477.0017431868914,-189.91631682521313,739.8125481608795,14.243723761891086,-35.77513073901697,6.980901648851059e-20
1786736994.2966497,twist -Y,fast,1786736985.4691272,-476.34506534761385,-187.45050471667912,726.1114696900277,14.058787853751081,-35.72587990107125,6.949637597538061e-20
1786736994.325008,twist -Y,fast,1786736985.4691272,-476.9445638387224,-183.63686966334387,723.1976257583974,13.772765224751087,-35.770842287904344,6.943120304725858e-20
1786736994.3534813,twist -Y,fast,1786736985.4691272,-478.032033811784,-187.6136678623709,721.4290399325773,14.07102508967797,-35.85240253588405,6.93500259594528e-20
1786736994.3831644,twist -Y,fast,1786736985.4691272,-475.8458486348941,-184.58040332826533,723.448847521785,13.843530249620127,-35.68843864761713,6.947150586171641e-20
1786736994.4101188,twist -Y,fast,1786736985.4691272,-475.5391500136834,-183.4136276342905,733.3409916317178,13.756022072571898,-35.665436251026314,6.926326623868663e-20
1786736994.4389496,twist -Y,fast,1786736985.4691272,-475.2623300774635,-178.22552756570144,728.9741403284452,13.36691456742781,-35.644674755809945,6.974722134624882e-20
1786736994.4667916,twist -Y,fast,1786736985.4691272,-476.9923709366194,-180.35432061830045,744.0652453743205,13.526574046372676,-35.77442782024653,7.061349180981332e-20
1786736994.495224,twist -Y,fast,1786736985.4691272,-474.36387283963677,-184.70237981102605,729.6844215456131,13.852678485827145,-35.57729046297297,7.082152338965009e-20
1786736994.524093,twist -Y,fast,1786736985.4691272,-472.69839404620325,-184.87092334018928,733.7370971575456,13.86531925051423,-35.45237955346546,7.040620027939508e-20
1786736994.5518026,twist -Y,fast,1786736985.4691272,-471.1244142266787,-185.04982646232065,723.4472344024343,13.87873698467418,-35.334331067001166,6.982457027740186e-20
1786736994.580235,twist -Y,fast,1786736985.4691272,-471.9416742000258,-184.25877413955845,723.7126478737619,13.81940806046703,-35.39562556500218,7.025062471702625e-20
1786736994.6088338,twist -Y,fast,1786736985.4691272,-473.0427354144749,-189.9438584830424,722.5736385596219,14.245789386228427,-35.47820515608582,7.095731156008763e-20
1786736994.6372616,twist -Y,fast,1786736985.4691272,-473.4507292599101,-188.17201139330552,727.5593505180868,14.11290085449821,-35.50880469449338,7.090649625588438e-20
1786736994.6654913,twist -Y,fast,1786736985.4691272,-473.2651382023382,-191.5005513898916,727.3346316950074,14.362541354242087,-35.494885365175676,6.999625589441434e-20
1786736994.6939735,twist -Y,fast,1786736985.4691272,-471.30068334243515,-187.71503817316795,720.1076081103793,14.078627862987855,-35.34755125068288,6.906982542291894e-20
1786736994.7225204,twist -Y,fast,1786736985.4691272,-472.97495787666685,-193.16034655095348,713.8058071148325,14.487025991321435,-35.47312184075027,6.907149216239615e-20
1786736994.7508268,twist -Y,fast,1786736985.4691272,-473.7750730826383,-191.22622856586486,712.9882968776528,14.341967142440101,-35.53313048119799,6.9321736564985e-20
1786736994.779168,twist -Y,fast,1786736985.4691272,-476.7845583917533,-193.57007271526345,726.4362238223539,14.517755453644991,-35.758841879381684,7.003288606581756e-20
1786736994.8075542,twist -Y,fast,1786736985.4691272,-477.42160418148706,-188.0887418514841,732.90545525773,14.106655638861458,-35.80662031361168,7.079794513269455e-20
1786736994.8361955,twist -Y,fast,1786736985.4691272,-477.76663536078286,-183.946022351554,735.6273193092738,13.79595167636666,-35.83249765205903,7.067758497587768e-20
1786736994.8643684,twist -Y,fast,1786736985.4691272,-477.2665639742854,-181.48120816519554,736.9361997065862,13.611090612390026,-35.79499229807165,7.086427061645737e-20
1786736994.8926616,twist -Y,fast,1786736985.4691272,-475.84423885668366,-180.2573622714924,732.7632334281361,13.519302170362241,-35.68831791425147,6.92430919159551e-20
1786736994.9209456,twist -Y,fast,1786736985.4691272,-471.29747267702487,-182.65498751737914,723.8249784426553,13.69912406380369,-35.34731045077693,6.868885451554353e-20
1786736994.9494715,twist -Y,fast,1786736985.4691272,-469.50313746941265,-180.1945515007509,713.8423946453595,13.514591362556548,-35.21273531020615,6.84137868429233e-20
1786736994.9780586,twist -Y,fast,1786736985.4691272,-468.1305711332916,-183.5093458088552,715.5887943934231,13.763200935664326,-35.10979283499702,6.893605504603876e-20
1786736995.006408,twist -Y,fast,1786736985.4691272,-471.34006797490065,-182.85109453535676,729.196213813214,13.713832090152021,-35.350505098117885,6.956939903850551e-20
1786736995.0347328,twist -Y,fast,1786736985.4691272,-472.9260954657734,-188.94033580807138,730.6005102230638,14.17052518560563,-35.46945715993314,6.95703015934996e-20
1786736995.063006,twist -Y,fast,1786736985.4691272,-473.7980707132497,-187.1177391711252,736.1161690820709,14.033830437834542,-35.53485530349385,7.021222143744272e-20
1786736995.0912077,twist -Y,fast,1786736985.4691272,-472.20553257299525,-184.9396125659813,725.58127305374,13.870470942448787,-35.41541494297489,7.01138874782142e-20
1786736995.1199343,twist -Y,fast,1786736985.4691272,-469.8461743094299,-181.60790943820086,722.8425004684414,13.620593207865259,-35.23846307320747,6.937790438044033e-20
1786736995.1482248,twist -Y,fast,1786736985.4691272,-469.4150071336103,-182.55297595339232,715.8215738565395,13.691473196504614,-35.20612553502099,6.892117646459161e-20
1786736995.1788905,twist -Y,fast,1786736985.4691272,-469.81327154545943,-184.13526501440026,718.1664930648922,13.810144876080255,-35.2359953659095,6.893834034870669e-20
1786736995.2050624,twist -Y,fast,1786736985.4691272,-472.4093662717537,-184.44007339681434,734.3235114816525,13.833005504761342,-35.4307024703817,7.037387904742996e-20
1786736995.2335033,twist -Y,fast,1786736985.4691272,-472.5126668408079,-183.2325756468323,736.249222184365,13.74244317351268,-35.43845001306084,7.031158219100074e-20
1786736995.2616382,twist -Y,fast,1786736985.4691272,-473.3096141962219,-183.1034993285973,736.5248026635791,13.732762449644962,-35.498221064716965,7.011712616482875e-20
1786736995.2899978,twist -Y,fast,1786736985.4691272,-470.68464731244785,-180.10096502352053,712.5824569686447,13.50757237676422,-35.30134854843374,6.796439503873562e-20
1786736995.3183193,twist -Y,fast,1786736985.4691272,-469.8364212449892,-180.94113571230912,710.9011440229378,13.570585178423503,-35.23773159337432,6.73967788446515e-20
1786736995.3468273,twist -Y,fast,1786736985.4691272,-470.2028130354702,-183.37367537806176,711.7386018226262,13.75302565335478,-35.26521097766057,6.783867979756667e-20
1786736995.3768454,twist -Y,fast,1786736985.4691272,-470.22307506042625,-186.4460552297919,719.5593714266024,13.983454142234603,-35.26673062953213,6.889487504212382e-20
1786736995.403843,twist -Y,fast,1786736985.4691272,-472.93270806135524,-185.80258487216543,731.8238827719442,13.935193865412533,-35.46995310460177,7.013077380779393e-20
1786736995.4318843,twist -Y,fast,1786736985.4691272,-472.36343550619813,-183.133766282765,730.9589430812566,13.735032471207585,-35.427257662965054,6.997534097664178e-20
1786736995.4601958,twist -Y,fast,1786736985.4691272,-474.6477502771445,-181.31388652779094,736.4987098397341,13.598541489584623,-35.59858127078609,7.072460427119343e-20
1786736995.4885337,twist -Y,fast,1786736985.4691272,-475.7886327354204,-185.959754237722,733.056215530145,13.946981567829315,-35.68414745515659,7.06938796474431e-20
1786736995.5172281,twist -Y,fast,1786736985.4691272,-475.0976399989786,-187.15982724658,727.8060967840738,14.036987043493678,-35.63232299992358,7.020278672826975e-20
1786736995.5452678,twist -Y,fast,1786736985.4691272,-473.0283676081599,-188.46871285033274,723.6405524905831,14.135153463775094,-35.477127570612225,6.927832071890236e-20
1786736995.57395,twist -Y,fast,1786736985.4691272,-471.94640257401215,-184.88334869793482,725.994399009378,13.866251152345246,-35.39598019305113,6.958725464995145e-20
1786736995.6022317,twist -Y,fast,1786736985.4691272,-472.87429133789374,-182.08234170005915,732.5461535011227,13.656175627504542,-35.465571850342464,7.009303951826213e-20
1786736995.6306548,twist -Y,fast,1786736985.4691272,-472.92299007081556,-180.32870863501773,738.3454872728598,13.524653147626612,-35.46922425531142,7.046657812842488e-20
1786736995.6594174,twist -Y,fast,1786736985.4691272,-472.0852633289296,-180.89212257627855,730.3376681947275,13.56690919322114,-35.40639474966988,6.975343218224878e-20
1786736995.6872654,twist -Y,fast,1786736985.4691272,-471.82597454734514,-182.50602899301407,727.707714274612,13.687952174476283,-35.38694809105103,6.989940106957332e-20
1786736995.7156725,twist -Y,fast,1786736985.4691272,-470.6955782475975,-184.73254999876815,713.9315730804374,13.854941249907892,-35.30216836856994,6.956782433120838e-20
1786736995.744155,twist -Y,fast,1786736985.4691272,-472.25232341340006,-186.90552426280453,725.5850579215676,14.017914319710524,-35.418924256005226,7.095225348700609e-20
1786736995.7724733,twist -Y,fast,1786736985.4691272,-472.0004729586085,-188.61883486484453,726.7086077050262,14.14641261486361,-35.400035471895855,7.059222314775551e-20
1786736995.8007495,twist -Y,fast,1786736985.4691272,-473.1583281927524,-188.79859548688535,739.7865465941222,14.159894661516457,-35.48687461445666,7.107298190866906e-20
1786736995.8292654,twist -Y,fast,1786736985.4691272,-468.7169421682347,-187.59888564510027,717.8593969298236,14.069916423382711,-35.15377066261775,6.907745123975979e-20
1786736995.8577266,twist -Y,fast,1786736985.4691272,-470.0735625430507,-188.73253891771662,717.1068805383547,14.154940418828897,-35.25551719072909,6.914565694845254e-20
1786736995.8862047,twist -Y,fast,1786736985.4691272,-471.1205275442753,-188.61853206925173,716.1208634126879,14.146389905194145,-35.334039565820994,6.922666689638812e-20
1786736995.9143677,twist -Y,fast,1786736985.4691272,-473.91388438150443,-189.2421587108371,726.2603805703839,14.193161903312987,-35.5435413286131,6.982130701607501e-20
1786736995.9433815,twist -Y,fast,1786736985.4691272,-468.7088390978033,-188.59623929748886,710.9581602347253,14.144717947311864,-35.15316293233528,6.87644545780376e-20
1786736995.9711003,twist -Y,fast,1786736985.4691272,-466.2508542824057,-187.20100256926503,698.5549353949928,14.040075192695173,-34.96881407118065,6.841080104178676e-20
1786736995.999708,twist -Y,fast,1786736985.4691272,-465.9178090205378,-185.0216787787307,705.8412504683201,13.87662590840512,-34.94383567654058,6.919643884587239e-20
1786736996.0279913,twist -Y,fast,1786736985.4691272,-470.39697984688246,-182.89796065742394,732.8086723928554,13.717347049306998,-35.27977348851633,7.149484288209559e-20
1786736996.0567536,twist -Y,fast,1786736985.4691272,-472.9528769746912,-181.1801384318744,739.4386432419433,13.588510382390705,-35.47146577310204,7.08949500102905e-20
1786736996.0846453,twist -Y,fast,1786736985.4691272,-471.8156665036122,-179.19300444093506,732.6409452033568,13.439475333070437,-35.386174987771035,7.011918523390017e-20
1786736996.112902,twist -Y,fast,1786736985.4691272,-473.8433440240833,-176.32783498036463,727.554213391244,13.22458762352753,-35.53825080180659,6.940887289790389e-20
1786736996.1413274,twist -Y,fast,1786736985.4691272,-470.70124686559757,-177.97477950462473,730.7448501353938,13.348108462846977,-35.3025935149199,6.94990488678994e-20
1786736996.1696095,twist -Y,fast,1786736985.4691272,-470.8018266106674,-180.50879795675394,730.142751004244,13.53815984675683,-35.31013699580028,6.946757499393418e-20
1786736996.198103,twist -Y,fast,1786736985.4691272,-466.51784123607104,-183.92031387942632,721.427121976295,13.794023540957152,-34.988838092705514,6.863800912681156e-20
1786736996.2265463,twist -Y,fast,1786736985.4691272,-468.19068992664234,-185.241838168968,719.1165899632642,13.89313786267277,-35.11430174449831,6.873015417161742e-20
1786736996.2548547,twist -Y,fast,1786736985.4691272,-472.02362589421045,-183.66983091618408,728.8723248114402,13.775237318713952,-35.401771942065935,6.924329550014825e-20
1786736996.2832317,twist -Y,fast,1786736985.4691272,-474.1039301317228,-185.00073580182743,739.0477195376261,13.875055185137345,-35.557794759879535,6.973032712165073e-20
1786736996.3114686,twist -Y,fast,1786736985.4691272,-475.33183415647545,-182.8542329322762,736.8916969161264,13.714067469920973,-35.64988756173577,6.964843677380148e-20
1786736996.3398821,twist -Y,fast,1786736985.4691272,-469.79087744133403,-183.06292371493726,717.9665868113834,13.729719278620582,-35.23431580810022,6.95236992042443e-20
1786736996.3683941,twist -Y,fast,1786736985.4691272,-470.2819786622558,-182.37408765928706,713.0480374597955,13.678056574446789,-35.27114839966942,6.973245657762874e-20
1786736996.397152,twist -Y,fast,1786736985.4691272,-470.33241041134625,-181.82360949578322,718.0149929141744,13.636770712183914,-35.27493078085111,7.06539029491258e-20
1786736996.4253612,twist -Y,fast,1786736985.4691272,-472.90235965422926,-185.2065970023424,729.6462374224939,13.890494775175792,-35.467676974067395,7.044564905660547e-20
1786736996.4536576,twist -Y,fast,1786736985.4691272,-472.18943346381184,-182.29793967835747,725.9972675165582,13.67234547587707,-35.41420750978612,6.981160423958917e-20
1786736996.4821875,twist -Y,fast,1786736985.4691272,-471.2739559098909,-181.852333621213,727.4078099209837,13.638925021591259,-35.34554669324208,6.914039580647361e-20
1786736996.5102453,twist -Y,fast,1786736985.4691272,-474.4621543868461,-183.47606285927134,723.1693386497745,13.76070471444557,-35.58466157901361,6.8867974126218e-20
1786736996.5388894,twist -Y,fast,1786736985.4691272,-473.23206162582255,-183.12965695070443,724.3262208133392,13.734724271303133,-35.492404621936664,6.867728086224659e-20
1786736996.567354,twist -Y,fast,1786736985.4691272,-473.5466476929546,-184.3759945301647,722.097449267987,13.828199589762516,-35.51599857697178,6.9240980096123e-20
1786736996.5991197,twist -Y,fast,1786736985.4691272,-471.22816238644964,-184.0781779491117,728.2546261206135,13.805863346183575,-35.34211217898383,6.928089682418523e-20
1786736996.6239192,twist -Y,fast,1786736985.4691272,-473.2955986381771,-185.9568538297366,736.5887413704395,13.946764037230498,-35.497169897863394,7.004896682648425e-20
1786736996.6523826,twist -Y,fast,1786736985.4691272,-475.7926880886025,-185.53630154653763,744.5719098531599,13.915222615990398,-35.68445160664544,7.025252650090428e-20
1786736996.6808913,twist -Y,fast,1786736985.4691272,-475.6742107680061,-184.1876575712539,744.9319870984109,13.81407431784427,-35.67556580760053,7.114812141444495e-20
1786736996.7090518,twist -Y,fast,1786736985.4691272,-474.1976298763634,-186.10626100260185,738.9212341699986,13.957969575195438,-35.564822240727395,7.100164503707751e-20
1786736996.7373428,twist -Y,fast,1786736985.4691272,-473.0565514123664,-190.09856644706542,734.5180742918365,14.257392483530207,-35.47924135592756,7.05711172411206e-20
1786736996.76572,twist -Y,fast,1786736985.4691272,-470.67860405694637,-189.15325008948673,730.5804742830633,14.186493756711801,-35.30089530427134,6.988520862013095e-20
1786736996.794015,twist -Y,fast,1786736985.4691272,-472.1952114191954,-188.9889991328091,729.1669986224088,14.174174934960856,-35.41464085643978,6.955566983961517e-20
1786736996.82247,twist -Y,fast,1786736985.4691272,-472.9530102776034,-187.72094476930351,740.8340605272515,14.079070857698031,-35.47147577082038,7.058201354801251e-20
1786736996.850933,twist -Y,fast,1786736985.4691272,-474.8448596828666,-187.4320072074878,739.0854207704297,14.057400540561783,-35.61336447621508,7.046631538617686e-20
1786736996.8791847,twist -Y,fast,1786736985.4691272,-474.77857695526563,-187.32171930994116,740.6949375219592,14.049128948245713,-35.60839327164513,7.088337025600552e-20
1786736996.907692,twist -Y,fast,1786736985.4691272,-470.9672801358697,-185.7058386126355,726.9263201226158,13.927937895947995,-35.322546010190486,7.002381330099228e-20
1786736996.936158,twist -Y,fast,1786736985.4691272,-469.9021384431262,-184.32819549503495,726.7627681526237,13.824614662127946,-35.24266038323468,7.014840689682206e-20
1786736996.9643357,twist -Y,fast,1786736985.4691272,-470.6999725655073,-188.36037274881653,728.9889437464217,14.127027956161317,-35.30249794241329,7.019438110696994e-20
1786736996.9929223,twist -Y,fast,1786736985.4691272,-473.0941950550241,-188.15496453912567,727.4178659980034,14.111622340434696,-35.48206462912688,6.985733345035467e-20
1786736997.0211735,twist -Y,fast,1786736985.4691272,-473.9602412433155,-189.2906559628551,730.7530400575351,14.19679919721418,-35.547018093248795,7.022181533701601e-20
1786736997.049492,twist -Y,fast,1786736985.4691272,-473.0941092767257,-184.6752317234151,730.4658649563253,13.850642379256183,-35.482058195754675,6.986119254634869e-20
1786736997.0780444,twist -Y,fast,1786736985.4691272,-472.8430492973948,-183.29730106189697,729.9135012135048,13.747297579642368,-35.46322869730486,6.972288647253338e-20
1786736997.106494,twist -Y,fast,1786736985.4691272,-474.00138745698314,-184.74522994346023,727.4283348960471,13.855892245759716,-35.550104059274005,6.918971594745584e-20
1786736997.1347237,twist -Y,fast,1786736985.4691272,-475.58560762200204,-183.76004049263656,727.6177026170844,13.782003036948023,-35.668920571650304,6.890793642192542e-20
1786736997.1632936,twist -Y,fast,1786736985.4691272,-470.5209656762372,-183.37285197196525,714.1516930977668,13.752963897897633,-35.28907242571807,6.81290196950136e-20
1786736997.1945188,twist -Y,fast,1786736985.4691272,-467.64339342185895,-179.4885939370912,704.1538770752486,13.461644545282045,-35.07325450663967,6.747463920395799e-20
1786736997.2197876,twist -Y,fast,1786736985.4691272,-467.97565560093017,-184.07933608064036,700.7011601635977,13.805950206048177,-35.09817417007003,6.758232388398865e-20
1786736997.248165,twist -Y,fast,1786736985.4691272,-473.99580017915423,-183.70066020539934,729.0483983946569,13.777549515405124,-35.54968501343675,6.867635690762598e-20
1786736997.2768192,twist -Y,fast,1786736985.4691272,-476.79322709272674,-184.49502507378395,745.2768004712616,13.837126880533706,-35.75949203195475,6.974114807268441e-20
1786736997.304957,twist -Y,fast,1786736985.4691272,-471.9623039951043,-178.02811188388318,742.5247126709073,13.352108391291612,-35.397172799633005,6.990178029312208e-20
1786736997.3333807,twist -Y,fast,1786736985.4691272,-469.6022406157299,-180.31820259370022,723.2886977889666,13.523865194527726,-35.22016804617988,6.923205613668984e-20
1786736997.3618975,twist -Y,fast,1786736985.4691272,-468.760839256448,-180.76085179137112,718.881813472678,13.557063884353031,-35.157062944233765,6.890602907088419e-20
1786736997.3919666,twist -Y,fast,1786736985.4691272,-469.26892633946454,-184.8195640965754,715.3355457582238,13.861467307243327,-35.195169475460034,6.90786440465804e-20
1786736997.4188325,twist -Y,fast,1786736985.4691272,-471.4642845974622,-183.89620979642734,723.1005271445183,13.792215734732327,-35.359821344809895,6.941333716900154e-20
1786736997.4470506,twist -Y,fast,1786736985.4691272,-471.5556795451307,-182.68695907709048,723.3849812353465,13.701521930782004,-35.366675965884944,6.970155642040993e-20
1786736997.4758263,twist -Y,fast,1786736985.4691272,-473.0846466386538,-180.39251279370967,728.6816702857086,13.529438459528397,-35.48134849789928,6.933792317270733e-20
1786736997.5037732,twist -Y,fast,1786736985.4691272,-473.1806402847942,-181.72490371076344,728.6619881178594,13.629367778307579,-35.48854802135953,6.98507038045827e-20
1786736997.5322678,twist -Y,fast,1786736985.4691272,-471.9511884693452,-182.7331116485808,720.5375129116483,13.704983373643888,-35.396339135201046,6.932670838931243e-20
1786736997.5606256,twist -Y,fast,1786736985.4691272,-472.1776853439301,-184.21985852309365,725.0872821469356,13.816489389232256,-35.41332640079519,6.969104772997713e-20
1786736997.5889819,twist -Y,fast,1786736985.4691272,-469.08836979875787,-184.08418838047635,722.9693185376336,13.80631412853597,-35.18162773490705,6.930405806976181e-20
1786736997.6175728,twist -Y,fast,1786736985.4691272,-470.45690830851163,-180.87303705075612,733.8561816653018,13.565477778806926,-35.2842681231385,6.90832408756174e-20
1786736997.6457837,twist -Y,fast,1786736985.4691272,-470.24908910188697,-178.20855326226297,727.1280480915957,13.36564149467004,-35.26868168264172,6.813970152264174e-20
1786736997.6742404,twist -Y,fast,1786736985.4691272,-472.4648008139443,-177.62673766228875,727.6456291123668,13.322005324671895,-35.43486006104613,6.834017795716569e-20
1786736997.7026827,twist -Y,fast,1786736985.4691272,-471.4662240147554,-181.60682152793686,724.4043836659448,13.620511614595461,-35.359966801107035,6.894012398518527e-20
1786736997.7312238,twist -Y,fast,1786736985.4691272,-470.28000873335395,-185.21083295495782,725.2768840138224,13.890812471621995,-35.271000655001615,6.971231197940665e-20
1786736997.7595828,twist -Y,fast,1786736985.4691272,-470.54863533375374,-187.5008390918972,719.0881315520674,14.062562931892483,-35.291147650031675,6.980761479618005e-20
1786736997.7876716,twist -Y,fast,1786736985.4691272,-472.10952249026786,-188.59629659984796,717.203298658259,14.144722244988767,-35.40821418677043,6.99148001184796e-20
1786736997.8161478,twist -Y,fast,1786736985.4691272,-477.28187418970174,-189.1799227918002,728.3085222862355,14.188494209385237,-35.79614056422786,7.020685639245531e-20
1786736997.844639,twist -Y,fast,1786736985.4691272,-477.30433543160234,-186.64180303476485,733.4453034865164,13.998135227607616,-35.79782515737053,6.96578659562189e-20
1786736997.8730657,twist -Y,fast,1786736985.4691272,-474.3691441721289,-184.83261523905048,725.7842788541948,13.86244614292885,-35.57768581290986,6.933144447753446e-20
1786736997.9013906,twist -Y,fast,1786736985.4691272,-473.5362227152277,-182.95721776090318,721.0621138925562,13.72179133206792,-35.515216703642324,7.043887553595628e-20
1786736997.9299946,twist -Y,fast,1786736985.4691272,-472.20952287837827,-183.6995589865495,715.2181120625082,13.777466923991543,-35.41571421587859,7.090283378006335e-20
1786736997.958346,twist -Y,fast,1786736985.4691272,-475.52196954093097,-183.77183482338648,728.4653395895466,13.782887611754166,-35.66414771556999,7.129789756019915e-20
1786736997.9883034,twist -Y,fast,1786736985.4691272,-472.64603925997517,-184.12230741486178,724.5053938691954,13.80917305611477,-35.44845294449845,7.007709862309809e-20
1786736998.0151355,twist -Y,fast,1786736985.4691272,-473.485409960012,-186.21807862161188,727.3672408427556,13.966355896621014,-35.51140574700107,7.028670160993658e-20
1786736998.043266,twist -Y,fast,1786736985.4691272,-473.4630375250608,-189.39157324291875,723.2020964467638,14.204367993218998,-35.50972781437972,7.012724727587234e-20
1786736998.0716002,twist -Y,fast,1786736985.4691272,-474.09615290715965,-187.10330544417968,725.478383974888,14.032747908313613,-35.55721146803716,7.011330710783206e-20
1786736998.1004686,twist -Y,fast,1786736985.4691272,-475.1251500477233,-184.6069039434792,727.6138011078101,13.845517795761037,-35.6343862535795,6.991676377176923e-20
1786736998.1284907,twist -Y,fast,1786736985.4691272,-476.3863087080804,-181.11913737756868,733.6564275822411,13.583935303317777,-35.72897315310606,7.034187066069841e-20
1786736998.1568527,twist -Y,fast,1786736985.4691272,-473.61167827888266,-183.78997545828224,717.9871774111607,13.784248159371383,-35.520875870916356,6.95392259428648e-20
1786736998.1869392,twist -Y,fast,1786736985.4691272,-470.5929033895668,-184.9979481967639,707.7964122256371,13.874846114757592,-35.29446775421762,6.864503776129863e-20
1786736998.2134619,twist -Y,fast,1786736985.4691272,-468.2175956326405,-189.04280950446298,695.3204619064454,14.1782107128349,-35.11631967244812,6.827245192069217e-20
1786736998.2418168,twist -Y,fast,1786736985.4691272,-469.47767765257095,-187.50963871420925,705.0130351303405,14.063222903565798,-35.21082582394307,6.894407748811216e-20
1786736998.270519,twist -Y,fast,1786736985.4691272,-472.1146368114596,-186.2003422921133,716.2988918611109,13.965025671908723,-35.40859776085975,6.97801575566859e-20
1786736998.2987123,twist -Y,fast,1786736985.4691272,-471.8863579896133,-180.099182428429,721.5490658034532,13.507438682132335,-35.39147684922117,6.892933599610594e-20
1786736998.3271098,twist -Y,fast,1786736985.4691272,-472.7028161972262,-181.00869039920656,725.8120640910911,13.575651779940838,-35.45271121479207,6.968904235918147e-20
1786736998.35545,twist -Y,fast,1786736985.4691272,-472.8312263276848,-182.36215846834455,720.7857714976371,13.677161885126058,-35.462341974576475,6.970015010606669e-20
1786736998.384237,twist -Y,fast,1786736985.4691272,-470.6776490239872,-182.74554915199906,718.6057745459057,13.70591618640022,-35.30082367679921,7.007807115249839e-20
1786736998.4122589,twist -Y,fast,1786736985.4691272,-469.7206142197201,-183.55586483188006,713.6949204457005,13.766689862391136,-35.229046066479434,6.932487380349636e-20
1786736998.4408154,twist -Y,fast,1786736985.4691272,-469.5342423040138,-182.682333249963,715.5260693655555,13.701174993747525,-35.21506817280126,6.876551028399565e-20
1786736998.4691007,twist -Y,fast,1786736985.4691272,-471.03555773125345,-183.17551998059764,717.2350724036014,13.73816399854503,-35.32766682984419,6.880479838795425e-20
1786736998.4975104,twist -Y,fast,1786736985.4691272,-471.6279998345062,-180.8473950104858,713.3359561073758,13.563554625786683,-35.372099987588186,6.842823141835281e-20
1786736998.5258574,twist -Y,fast,1786736985.4691272,-472.4891667459169,-183.0913149226202,719.603437776942,13.73184861919663,-35.43668750594403,6.935933217313828e-20
1786736998.554446,twist -Y,fast,1786736985.4691272,-473.95875922832374,-185.4149312898145,727.4268097222994,13.90611984673627,-35.546906942124494,7.006301402378906e-20
1786736998.584506,twist -Y,fast,1786736985.4691272,-475.08485663480815,-187.38477665373307,746.2152711712861,14.053858249030338,-35.631364247610605,7.167398172953544e-20
1786736998.611293,twist -Y,fast,1786736985.4691272,-472.82245496336463,-184.88584507313408,740.6470981359771,13.866438380485203,-35.46168412225256,7.146408857455546e-20
1786736998.639536,twist -Y,fast,1786736985.4691272,-470.8521306358016,-183.6386553466035,731.7701501332167,13.772899150995446,-35.31390979768547,7.079512304333733e-20
1786736998.6682591,twist -Y,fast,1786736985.4691272,-471.6453523593691,-184.33656132172507,728.2231252298443,13.825242099129579,-35.37340142695282,7.054062515892565e-20
1786736998.696486,twist -Y,fast,1786736985.4691272,-472.1022491573153,-185.19787882798846,721.776339252784,13.889840912099285,-35.40766868679894,7.016302729351427e-20
1786736998.724817,resting,fast,1786736998.713154,-474.10356121525456,-186.2449146117009,724.0322172888364,13.968368595877923,-35.55776709114426,7.029584445511067e-20
1786736998.7532802,resting,fast,1786736998.713154,-471.0803687550574,-184.3662654841811,715.0114787598668,13.82746991131371,-35.331027656629516,6.88965724845916e-20
1786736998.783477,resting,fast,1786736998.713154,-472.08511815783595,-182.4965331725125,731.7066754840862,13.68723998793877,-35.40638386183794,6.985167602185254e-20
1786736998.8098292,resting,fast,1786736998.713154,-471.8948775545391,-182.4452054934137,738.2699446835122,13.683390412006194,-35.39211581659055,7.083255352945149e-20
1786736998.8387113,resting,fast,1786736998.713154,-472.91729600675535,-185.10357081209008,738.0575872290347,13.882767810906866,-35.46879720050687,7.194741934048795e-20
1786736998.8670192,resting,fast,1786736998.713154,-472.6110819377409,-184.446715280597,736.3742723793757,13.833503646044921,-35.4458311453308,7.135094729292162e-20
1786736998.895053,resting,fast,1786736998.713154,-470.13683631400454,-182.52698678812794,721.525438767464,13.689524009109757,-35.26026272355055,7.005939556501794e-20
1786736998.9235003,resting,fast,1786736998.713154,-469.15651463730046,-179.14481555012765,725.249415635376,13.435861166259851,-35.18673859779785,6.965079263259505e-20
1786736998.951879,resting,fast,1786736998.713154,-469.33906664465985,-181.24093304048586,720.2628715472529,13.593069978036798,-35.20042999834973,6.994110489239954e-20
1786736998.9801364,resting,fast,1786736998.713154,-470.9549462883824,-183.53632564745226,725.0785958575343,13.765224423559093,-35.321620971628796,7.020809263050889e-20
1786736999.0085392,resting,fast,1786736998.713154,-472.2062543235993,-183.9570434148061,724.1009159988589,13.796778256110674,-35.41546907427024,7.022915142253852e-20
1786736999.0369642,resting,fast,1786736998.713154,-469.3944198563413,-180.73817846003283,719.6111537796214,13.555363384502716,-35.20458148922566,6.938400601576323e-20
1786736999.0655031,resting,fast,1786736998.713154,-469.8404522451915,-180.60643865233226,730.219582499758,13.545482898925076,-35.238033918389654,7.01175083519213e-20
1786736999.0936933,resting,fast,1786736998.713154,-467.89367808523093,-180.5177714274223,724.6789011142982,13.538832857056807,-35.09202585639262,6.958776195968956e-20
1786736999.1220462,resting,fast,1786736998.713154,-469.3229891034248,-183.74655747137433,721.1916482122097,13.780991810353196,-35.19922418275712,6.969664645454133e-20
1786736999.1504583,resting,fast,1786736998.713154,-470.5233780068925,-182.93432046918394,717.9042159431247,13.720074035189096,-35.28925335051726,6.910196738160947e-20
1786736999.1802917,resting,fast,1786736998.713154,-475.063652453161,-184.6670950870755,722.6799348406075,13.85003213153102,-35.62977393398743,6.930879348399695e-20
1786736999.2072237,resting,fast,1786736998.713154,-476.6330864739707,-186.80311760278676,729.0793312933083,14.010233820209276,-35.747481485548086,6.959348317526089e-20
1786736999.2353947,resting,fast,1786736998.713154,-472.0873094152348,-186.3947825668979,719.7546283111633,13.979608692517541,-35.40654820614281,6.918074161289368e-20
1786736999.2638817,resting,fast,1786736998.713154,-468.7335726542083,-184.52117254014252,720.6791300501509,13.839087940510868,-35.15501794906585,6.924866289543598e-20
1786736999.2923446,resting,fast,1786736998.713154,-468.2505919339178,-179.32758627252826,718.7406136121926,13.449568970439724,-35.118794395044056,6.890598021742658e-20
1786736999.320894,resting,fast,1786736998.713154,-471.9335621833616,-176.5454408315635,726.931215881681,13.240908062367485,-35.395017163752186,6.925586761523739e-20
1786736999.3492248,resting,fast,1786736998.713154,-471.4642837494989,-177.1761132386057,724.9456435028033,13.288208492895524,-35.359821281212696,6.931261410139547e-20
1786736999.3790143,resting,fast,1786736998.713154,-468.2849303776243,-180.01616851869846,715.8088259803253,13.501212638902597,-35.12136977832202,6.853211205151709e-20
1786736999.4057505,resting,fast,1786736998.713154,-467.251997072563,-181.27310241762973,712.286265782941,13.595482681322306,-35.04389978044228,6.897382629361817e-20
1786736999.4341323,resting,fast,1786736998.713154,-468.67454559580574,-180.44747245039946,717.9575039000465,13.533560433780071,-35.1505909196856,6.92160790834079e-20
1786736999.4626086,resting,fast,1786736998.713154,-470.55270554740673,-180.33244730649392,726.1251442353005,13.52493354798737,-35.29145291605577,6.990485711083316e-20
1786736999.4909935,resting,fast,1786736998.713154,-470.5701138044865,-185.13322079464638,728.0258651661252,13.884991559598692,-35.29275853533669,6.956764227424471e-20
1786736999.5194013,resting,fast,1786736998.713154,-470.12118493532216,-182.90285461200904,720.4740387389602,13.717714095901005,-35.25908887014929,6.896004598023019e-20
1786736999.5478096,resting,fast,1786736998.713154,-472.8113105433499,-183.49158289784066,730.4757963204611,13.761868717338242,-35.46084829075151,6.997921185723982e-20
1786736999.5785165,resting,fast,1786736998.713154,-472.03753075581244,-178.4492223509593,725.3458098207811,13.383691676322197,-35.40281480668616,7.014690100592713e-20
1786736999.6045938,resting,fast,1786736998.713154,-471.13953866266365,-183.796804833715,726.2397338031142,13.78476036252879,-35.33546539969989,7.077116462773403e-20
1786736999.6328561,resting,fast,1786736998.713154,-469.8634843881964,-182.264310868268,719.9280666086097,13.669823315120286,-35.23976132911491,6.997605061590652e-20
1786736999.6615138,resting,fast,1786736998.713154,-469.95927024081266,-183.84939500856035,724.4693629586754,13.788704625642094,-35.246945268061154,6.989556609308526e-20
1786736999.6895938,resting,fast,1786736998.713154,-473.41719308701204,-182.09438967953895,729.7325320412847,13.65707922596572,-35.50628948152617,6.972226487501528e-20
1786736999.7181149,resting,fast,1786736998.713154,-473.1683587105281,-181.76248399550127,734.4866206399183,13.63218629966283,-35.48762690328984,6.97124334472531e-20
1786736999.7464185,resting,fast,1786736998.713154,-473.09412397572896,-178.23765745563696,734.0352749109798,13.367824309172999,-35.48205929817987,6.947027014420231e-20
1786736999.7750018,resting,fast,1786736998.713154,-469.42726664795873,-179.3856116440694,721.018285041896,13.453920873305474,-35.20704499859721,6.959018064691078e-20
1786736999.8033047,resting,fast,1786736998.713154,-469.5332628761644,-182.9947838183208,714.9932250241882,13.724608786374215,-35.21499471571251,6.991949783291592e-20
1786736999.831555,resting,fast,1786736998.713154,-469.7680213182971,-185.64409273273225,712.4223675457406,13.923306954955134,-35.23260159887265,7.004932521481762e-20
1786736999.8602822,resting,fast,1786736998.713154,-469.6273389861267,-183.78326214365381,722.4926533324451,13.783744660774143,-35.22205042395983,6.953717632311357e-20
1786736999.8884652,resting,fast,1786736998.713154,-468.2006900684428,-180.8121330592952,723.2375471254963,13.56090997944725,-35.11505175513344,6.923674734138116e-20
1786736999.9172444,resting,fast,1786736998.713154,-467.6662179130062,-180.25639117255844,729.1682876704763,13.519229337942132,-35.07496634347566,6.959151321851551e-20
1786736999.9453979,resting,fast,1786736998.713154,-468.15947480119394,-178.0329296510671,727.7169651599552,13.352469723830257,-35.11196061008967,6.969255708932446e-20
1786736999.9736876,resting,fast,1786736998.713154,-472.42198811849585,-183.10518163615404,730.1887659642252,13.732888622711823,-35.4316491088873,7.048824740523203e-20
1786737000.0019326,resting,fast,1786736998.713154,-474.2763617449059,-184.3386164499916,734.5428696701483,13.825396233749434,-35.57072713086823,7.060702011851186e-20
1786737000.0305068,resting,fast,1786736998.713154,-474.4412933732401,-186.16679028464307,732.835431328599,13.962509271348498,-35.58309700299322,7.050976723668049e-20
1786737000.0586681,resting,fast,1786736998.713154,-474.2860967657962,-184.28078946738663,735.5156296866171,13.821059210054198,-35.5714572574348,7.0918130798973e-20
1786737000.0870247,resting,fast,1786736998.713154,-473.1276748060486,-185.81534742367023,725.1087956075598,13.936151056775419,-35.48457561045388,7.032407819087532e-20
1786737000.115865,resting,fast,1786736998.713154,-472.4357196556316,-189.00814102708352,721.9651369631783,14.175610577031438,-35.43267897417264,7.005854104118083e-20
1786737000.1438484,resting,fast,1786736998.713154,-469.54979736047653,-185.83668430991293,718.1875687965676,13.937751323243585,-35.21623480203592,6.916555951398221e-20
1786737000.1755793,resting,fast,1786736998.713154,-469.8581206942986,-185.7521281742446,720.804226689902,13.93140961306845,-35.239359052072466,6.96133591608754e-20
1786737000.2007198,resting,fast,1786736998.713154,-470.5224111470138,-178.84268556551513,726.8840478550574,13.413201417413855,-35.28918083602626,7.057204011331388e-20
1786737000.2292628,resting,fast,1786736998.713154,-471.4815312008318,-179.37360899565488,728.3363464283393,13.453020674674324,-35.36111484006268,7.067486663471017e-20
1786737000.257565,resting,fast,1786736998.713154,-470.99304768534694,-176.77099030668182,727.6255525040169,13.257824273001287,-35.32447857640113,7.007810462752259e-20
1786737000.2862992,resting,fast,1786736998.713154,-470.6072040049944,-179.3573149666987,724.1589766936231,13.451798622502626,-35.29554030037478,6.981728156727009e-20
1786737000.314303,resting,fast,1786736998.713154,-469.1039262751915,-178.8171238856512,718.9947532568731,13.411284291424113,-35.182794470639585,6.943752608068839e-20
1786737000.342827,resting,fast,1786736998.713154,-469.70323816370137,-180.09617080768203,719.3421326629914,13.507212810576366,-35.22774286227785,7.00307164071299e-20
1786737000.3726947,resting,fast,1786736998.713154,-469.5438973993578,-182.48865316002798,714.5647819134074,13.686648987002325,-35.21579230495192,6.90908370627971e-20
1786737000.3992536,resting,fast,1786736998.713154,-471.67089214969474,-186.1329646595192,721.5628029874597,13.959972349464241,-35.375316911227216,6.943934140091378e-20
1786737000.4279387,resting,fast,1786736998.713154,-470.6355110685954,-187.383889763174,719.3483485624665,14.053791732238128,-35.29766333014494,6.90945738271725e-20
1786737000.4564457,resting,fast,1786736998.713154,-471.0885054774267,-185.0027693104272,727.3033324049311,13.875207698282306,-35.33163791080729,6.971859146207219e-20
1786737000.4845927,resting,fast,1786736998.713154,-471.8258941357585,-180.41269963251568,727.3690208964326,13.530952472438887,-35.38694206018201,6.958420384882267e-20
1786737000.5130315,resting,fast,1786736998.713154,-471.50581271464625,-177.47286967606976,726.7363735566623,13.310465225705538,-35.36293595359855,6.874659939618834e-20
1786737000.5412123,resting,fast,1786736998.713154,-472.3031940956821,-178.67376297915314,728.7969335876833,13.400532223436816,-35.422739557176385,6.896083667074508e-20
1786737000.5697567,resting,fast,1786736998.713154,-470.15860727929885,-178.78614033325186,729.4765101448183,13.40896052499426,-35.26189554594775,6.85163876343368e-20
1786737000.5979757,resting,fast,1786736998.713154,-471.11569438499237,-179.46697743171808,732.3436916044984,13.46002330737922,-35.3336770788745,6.907507605618545e-20
1786737000.6265519,resting,fast,1786736998.713154,-469.32790192724633,-180.56127077508177,724.2280948409052,13.542095308131298,-35.19959264454375,6.851503900629149e-20
1786737000.6550298,resting,fast,1786736998.713154,-467.75958508010626,-181.86206432795814,715.2527606631957,13.639654824596942,-35.081968881008144,6.914809023620808e-20
1786737000.6834364,resting,fast,1786736998.713154,-464.9942500272641,-183.3876586933311,708.1541563480432,13.754074401999969,-34.87456875204489,6.856460848124061e-20
1786737000.711621,resting,fast,1786736998.713154,-464.46239325879606,-182.95410730190008,705.299740278424,13.721558047642691,-34.83467949440991,6.861447629799465e-20
1786737000.7399943,resting,fast,1786736998.713154,-465.7563866446603,-183.62167609405412,709.9865185130948,13.77162570705443,-34.931728998349776,6.852939917078169e-20
1786737000.7698963,resting,fast,1786736998.713154,-469.2203622670004,-182.45766284632134,718.528425053536,13.684324713474364,-35.19152717002518,6.922002824185408e-20
1786737000.7969046,resting,fast,1786736998.713154,-469.69009970028856,-183.11426417978782,720.3934530767992,13.733569813484397,-35.226757477521794,6.910925077646821e-20
1786737000.8250766,resting,fast,1786736998.713154,-469.9375140112288,-182.27290842626962,718.5535417463361,13.670468131970477,-35.24531355084249,6.909364572876099e-20
1786737000.8534153,resting,fast,1786736998.713154,-470.60282416814334,-183.3978295937294,719.3917623771713,13.75483721952983,-35.29521181261106,6.959858514594578e-20
1786737000.881932,resting,fast,1786736998.713154,-472.0319455131448,-181.00727916462154,727.5245082210104,13.575545937346892,-35.40239591348609,7.031536829720395e-20
1786737000.9102583,resting,fast,1786736998.713154,-470.61377574916696,-178.59117594055976,729.6507325915827,13.39433819554213,-35.296033181187696,7.006822119481869e-20
1786737000.9386296,resting,fast,1786736998.713154,-471.98140982098494,-179.04409914304506,737.2189395832611,13.428307435728616,-35.39860573657404,7.010762596095657e-20
1786737000.9685295,resting,fast,1786736998.713154,-474.03098139603935,-184.99253187898796,740.6680120645897,13.874439890924354,-35.552323604702984,7.048939705031419e-20
1786737000.9955046,resting,fast,1786736998.713154,-475.17175948077283,-187.4492189831202,743.5781589925891,14.058691423734107,-35.63788196105819,6.997433699373613e-20
1786737001.0238938,resting,fast,1786736998.713154,-473.888695903976,-186.00033721157172,742.2078964718048,13.950025290868002,-35.541652192798466,7.032847201947894e-20
1786737001.052318,resting,fast,1786736998.713154,-471.34139040799755,-181.29564897238868,731.4940771133142,13.597173672929397,-35.35060428059993,6.929345805519137e-20
1786737001.0807588,resting,fast,1786736998.713154,-469.382289413591,-181.85887078450435,721.4142380964313,13.639415308837943,-35.20367170601958,6.941018638288603e-20
1786737001.109097,resting,fast,1786736998.713154,-465.98280861311196,-181.6793583595836,709.6061936502938,13.625951876969065,-34.94871064598354,6.844814477212005e-20
1786737001.137466,resting,fast,1786736998.713154,-465.6910055226658,-179.5957285886151,710.9324024378584,13.4696796441464,-34.92682541420012,6.874313516085799e-20
1786737001.1658134,resting,fast,1786736998.713154,-468.7979267486967,-179.8529130796113,725.2116072104063,13.488968480971057,-35.15984450615242,6.974667962000114e-20
1786737001.1942587,resting,fast,1786736998.713154,-471.80789694219175,-179.65407613080072,727.8522487110067,13.474055709810319,-35.38559227066463,7.021044058036474e-20
1786737001.222672,resting,fast,1786736998.713154,-474.2867545710428,-180.70614949708408,740.1728618871848,13.552961212281641,-35.57150659282842,7.076750858144253e-20
1786737001.2511563,resting,fast,1786736998.713154,-473.1678461498241,-178.70670376729515,730.7040732780852,13.403002782547407,-35.487588461237195,7.011809940610197e-20
1786737001.2793512,resting,fast,1786736998.713154,-474.0034264206265,-179.63368630439743,730.6893723265612,13.472526472829937,-35.550256981547186,7.015973468777777e-20
1786737001.3080268,resting,fast,1786736998.713154,-474.37668023282276,-180.59157488708706,733.3953425266891,13.544368116531754,-35.57825101746192,7.047112640357371e-20
1786737001.3364499,resting,fast,1786736998.713154,-475.1599478010953,-182.37600467702111,733.8733570665509,13.678200350776837,-35.63699608508224,7.024718369204525e-20
1786737001.3645542,resting,fast,1786736998.713154,-473.06409038915035,-181.11089285204878,737.5190104652311,13.583316963903972,-35.47980677918637,7.049024067995158e-20
1786737001.3928478,resting,fast,1786736998.713154,-471.7410064189967,-181.58615853578385,732.0318168473059,13.618961890184043,-35.38057548142489,7.016597605913652e-20
1786737001.4212127,resting,fast,1786736998.713154,-471.4175657524629,-180.51057224981594,735.942544632464,13.538292918736278,-35.35631743143496,7.034449435557269e-20
1786737001.4496868,resting,fast,1786736998.713154,-472.1455299809181,-182.78606013660226,732.8707090691987,13.708954510245508,-35.41091474856905,6.971252559859643e-20
1786737001.4783895,resting,fast,1786736998.713154,-472.2036058981598,-181.7094724827149,722.6463703169029,13.628210436203783,-35.41527044236211,6.906212650789557e-20
1786737001.5064604,resting,fast,1786736998.713154,-468.34527388893366,-185.57168920216498,706.961902230295,13.917876690162569,-35.12589554167017,6.85095970091963e-20
1786737001.5354328,resting,fast,1786736998.713154,-466.6182784265957,-183.16764847219224,705.565954855002,13.737573635414659,-34.99637088199492,6.858119158127291e-20
1786737001.5647833,resting,fast,1786736998.713154,-466.37824510316796,-184.48986829727698,712.4387103332665,13.836740122295833,-34.97836838273785,6.867549317651869e-20
1786737001.5915127,resting,fast,1786736998.713154,-468.69658117326026,-177.93835222325913,729.207476340559,13.34537641674466,-35.152243587994896,6.949381643807273e-20
1786737001.6200926,resting,fast,1786736998.713154,-469.37885808641977,-177.23911482010556,728.3085389751968,13.29293361150825,-35.203414356481574,6.957665841319439e-20
1786737001.6484292,resting,fast,1786736998.713154,-468.6701743935546,-175.17234831000076,730.6896894212141,13.137926123250214,-35.15026307951667,6.9254321037655e-20
1786737001.6767797,resting,fast,1786736998.713154,-468.23002447545014,-176.63200819870474,719.612473786342,13.247400614902983,-35.11725183565912,6.879831476777031e-20
1786737001.705097,resting,fast,1786736998.713154,-466.72617913871045,-176.89729821133642,716.2189194093107,13.267297365850443,-35.004463435403565,6.816815448556067e-20
1786737001.7334952,resting,fast,1786736998.713154,-467.08171502453706,-179.30696591007734,711.8276239321576,13.448022443255912,-35.03112862684053,6.8955847688575e-20
1786737001.7633712,resting,fast,1786736998.713154,-467.242965118116,-180.97553495548618,729.0665898693624,13.57316512166189,-35.04322238385883,6.975665491914989e-20
1786737001.7902648,resting,fast,1786736998.713154,-467.6902786865767,-182.27848051331137,728.321863425117,13.670886038498555,-35.07677090149336,7.016096806789768e-20
1786737001.8186684,resting,fast,1786736998.713154,-468.3364743268189,-184.68176558690618,727.9245002815524,13.851132419018224,-35.125235574511635,7.011550200359775e-20
1786737001.8471608,resting,fast,1786736998.713154,-470.4148405747692,-185.9102580803052,717.2449656579629,13.943269356023134,-35.28111304310785,6.938077760384521e-20
1786737001.8754003,resting,fast,1786736998.713154,-469.9687930785267,-186.38778221056953,711.0843529836966,13.979083665792889,-35.24765948088975,6.919729269346735e-20
1786737001.9039347,resting,fast,1786736998.713154,-469.6271905122412,-183.04796919779028,714.3933189918062,13.728597689834569,-35.22203928841823,6.97505148203046e-20
1786737001.9326077,resting,fast,1786736998.713154,-467.75890273964615,-181.6914938924267,710.9849677649017,13.62686204193221,-35.08191770547362,7.027691405710888e-20
1786737001.9613786,resting,fast,1786736998.713154,-471.4827257792822,-182.30684330796635,727.412185745131,13.673013248097728,-35.36120443344651,7.106132833739548e-20
1786737001.9893854,resting,fast,1786736998.713154,-472.38950582164443,-182.65348931170695,730.5484617869979,13.699011698378161,-35.42921293662352,7.034130122235637e-20
1786737002.017788,resting,fast,1786736998.713154,-471.9973534605292,-181.85648201571814,731.2625836806328,13.639236151179208,-35.399801509539905,6.960685475532201e-20
1786737002.0458324,resting,fast,1786736998.713154,-470.63236901336177,-180.12312629555856,735.3645441033286,13.509234472167353,-35.2974276760024,6.97151423956959e-20
1786737002.0745175,resting,fast,1786736998.713154,-469.22113622464894,-179.77062565599226,728.3745566314828,13.482796924199608,-35.19158521684891,6.949355645373607e-20
1786737002.1027274,resting,fast,1786736998.713154,-472.5706985532388,-182.2288952115614,734.8340785906175,13.667167140867281,-35.44280239149303,7.059235746913178e-20
1786737002.1308653,resting,fast,1786736998.713154,-471.28633704044887,-180.62267637984553,721.1831983905367,13.54670072848857,-35.34647527803408,6.929786873284e-20
1786737002.1598055,resting,fast,1786736998.713154,-470.6012338273349,-178.51785997009097,716.4005601641211,13.388839497757207,-35.2950925370505,6.840451991861737e-20
1786737002.1876292,resting,fast,1786736998.713154,-468.4731514921459,-175.26316119753005,710.7600860120292,13.144737089814907,-35.135486361911084,6.735094870406278e-20
1786737002.216007,resting,fast,1786736998.713154,-471.48246684504056,-178.38812309305752,723.3643913654896,13.379109231979445,-35.3611850133784,6.877038575882225e-20
1786737002.2443461,resting,fast,1786736998.713154,-471.7463933382314,-178.24467320916278,736.0997531081111,13.368350490687543,-35.38097950036755,7.048465569339494e-20
1786737002.2728202,resting,fast,1786736998.713154,-470.604404890596,-180.8649117680909,733.8334572791682,13.564868382607212,-35.29533036679498,7.048358345525945e-20
1786737002.3011172,resting,fast,1786736998.713154,-467.1274091044179,-180.72792537179464,726.7959373557242,13.55459440288477,-35.03455568283149,6.988686240482999e-20
1786737002.3300464,resting,fast,1786736998.713154,-467.0622803701672,-184.12432803633408,719.8146500814164,13.809324602725244,-35.0296710277627,6.915315886225047e-20
1786737002.3580592,resting,fast,1786736998.713154,-467.1425047361272,-181.49408719956375,718.9653394372945,13.61205653996748,-35.03568785520981,6.946585878035341e-20
1786737002.3862233,resting,fast,1786736998.713154,-468.08240634190224,-180.42336092477422,715.3099708712316,13.53175206935823,-35.10618047564299,6.95811268327098e-20
1786737002.4146414,resting,fast,1786736998.713154,-466.99449881979126,-176.93707735838746,711.275752026123,13.270280801879327,-35.02458741148456,6.936698742636011e-20
1786737002.4433155,resting,fast,1786736998.713154,-467.55271576898076,-177.14335958529978,719.4501843779963,13.285751968897753,-35.0664536826737,6.936633579964747e-20
1786737002.4714577,resting,fast,1786736998.713154,-470.5373378918912,-179.4718894452909,729.7215690250305,13.460391708396873,-35.29030034189192,6.963055341389769e-20
1786737002.5004096,resting,fast,1786736998.713154,-474.0357154763301,-183.48569773049462,729.1325247363029,13.761427329787242,-35.55267866072503,6.950537914194718e-20
1786737002.528406,resting,fast,1786736998.713154,-474.85044851073917,-185.43226791827283,727.3159632281086,13.907420093870694,-35.6137836383057,6.976301301333594e-20
1786737002.5567276,resting,fast,1786736998.713154,-469.7244548104718,-184.54295182155317,713.1402175450266,13.840721386616597,-35.22933411078575,6.879838675391385e-20
1786737002.585125,resting,fast,1786736998.713154,-468.1670541442968,-182.87667938918787,718.2082766482354,13.715750954189314,-35.11252906082257,6.920289685536733e-20
1786737002.6136062,resting,fast,1786736998.713154,-468.9587369566593,-182.12728793153292,716.6252278605152,13.659546594865166,-35.17190527174955,6.890565993665107e-20
1786737002.64182,resting,fast,1786736998.713154,-470.3892584193718,-182.46194604151572,714.0125744590541,13.684645953113876,-35.279194381453266,6.914929253205009e-20
1786737002.6701648,resting,fast,1786736998.713154,-465.2978760614865,-183.228882948653,698.4264576100404,13.742166221149215,-34.89734070461177,6.769793208957734e-20
1786737002.6987956,resting,fast,1786736998.713154,-462.7623912491249,-185.25927070875161,691.6075649795821,13.894445303156434,-34.707179343684665,6.703010417909718e-20
1786737002.7283387,resting,fast,1786736998.713154,-463.43870063429586,-187.4311011473826,702.8236962714818,14.057332586053985,-34.75790254757246,6.751511388004899e-20
1786737002.7554483,resting,fast,1786736998.713154,-467.3221495838461,-188.206732793656,709.9170153328168,14.115504959524348,-35.049161218788605,6.928093860712492e-20
1786737002.7838242,resting,fast,1786736998.713154,-468.83754690310116,-183.82221179221006,718.215168741639,13.786665884416063,-35.162816017732766,7.040506716843306e-20
1786737002.8120532,resting,fast,1786736998.713154,-467.79184105935155,-181.05119950982623,712.2811239663797,13.578839963237076,-35.08438807945158,7.01743630869144e-20
1786737002.840551,resting,fast,1786736998.713154,-470.61547445663473,-175.72556967606647,724.9946867030185,13.179417725705246,-35.29616058424793,7.022244568522118e-20
1786737002.8688118,resting,fast,1786736998.713154,-470.4067559510386,-178.0317731423844,723.6969404773135,13.352382985679117,-35.280506696328075,7.011402818471518e-20
1786737002.8973393,resting,fast,1786736998.713154,-470.4661252974888,-175.28781760143477,725.9720985209851,13.146586320107868,-35.284959397312065,6.95708061199139e-20
1786737002.9285421,resting,fast,1786736998.713154,-470.17162272041924,-183.3040515104567,729.0731561924486,13.74780386328435,-35.2628717040316,6.994444479607078e-20
1786737002.954085,resting,fast,1786736998.713154,-472.79507393072663,-182.8541908292666,737.1513986287528,13.714064312195195,-35.45963054480465,6.990121522718355e-20
1786737002.9825435,resting,fast,1786736998.713154,-476.69928440799004,-186.98365527738758,751.0344057406046,14.023774145804222,-35.75244633059933,7.173209710782954e-20
1786737003.0108042,resting,fast,1786736998.713154,-475.8708382080172,-183.9174590398825,743.7425471514844,13.793809427991459,-35.69031286560141,7.112532762801747e-20
1786737003.0393019,resting,fast,1786736998.713154,-474.82416705944297,-184.38559732844567,738.6908311928082,13.828919799633749,-35.61181252945846,7.120164643701009e-20
1786737003.0677104,resting,fast,1786736998.713154,-471.60110801563496,-183.9060264573228,723.351742191885,13.792951984299297,-35.37008310117278,6.965612373711674e-20
1786737003.095915,resting,fast,1786736998.713154,-468.1761021575494,-182.0724305907621,715.9203552528261,13.655432294307186,-35.11320766181652,6.904474489893707e-20
1786737003.126313,resting,fast,1786736998.713154,-467.3058717295312,-183.17576741219,716.1859261671389,13.738182555914346,-35.047940379715,6.927051316488494e-20
1786737003.1528182,resting,fast,1786736998.713154,-469.70893514389445,-182.57987959830405,722.8506867577735,13.69349096987288,-35.22817013579245,6.933865511707647e-20
1786737003.1810987,resting,fast,1786736998.713154,-471.55862155005434,-183.27438721620842,732.1255290148492,13.745579041215773,-35.36689661625431,6.978619332590256e-20
1786737003.2096791,resting,fast,1786736998.713154,-474.5826512862445,-182.5851112920318,728.1082061587513,13.693883346902748,-35.59369884646859,6.950727392091612e-20
1786737003.2379737,resting,fast,1786736998.713154,-473.3940814457628,-181.51564150494414,723.7867974484852,13.613673112870988,-35.504556108432425,6.975874628877567e-20
1786737003.2662501,resting,fast,1786736998.713154,-474.0320358681279,-181.29262406328007,721.6337758996515,13.596946804746299,-35.552402690109766,6.964941603988517e-20
1786737003.2950096,resting,fast,1786736998.713154,-470.7553504757875,-180.32861985587613,721.0738300979001,13.52464648919084,-35.30665128568432,6.943100406414626e-20
1786737003.3243537,resting,fast,1786736998.713154,-469.0459930478992,-181.30802347340068,719.440481077123,13.59810176050517,-35.17844947859266,6.944766821337779e-20
1786737003.3514466,resting,fast,1786736998.713154,-471.6935183390501,-181.49018679137555,727.7559801162388,13.611764009353355,-35.37701387542913,6.967899019608169e-20
1786737003.3798196,resting,fast,1786736998.713154,-474.14301181282644,-182.9018425050732,740.2754389775264,13.717638187880713,-35.56072588596221,7.030429028805325e-20
1786737003.4080944,resting,fast,1786736998.713154,-474.866885029101,-181.60814571899778,744.0953871266038,13.620610928925085,-35.61501637718265,7.057325246377871e-20
1786737003.436533,resting,fast,1786736998.713154,-471.34828250896953,-179.31223444017076,736.551132071555,13.448417583012901,-35.3511211881729,7.044716389859963e-20
1786737003.4650064,resting,fast,1786736998.713154,-469.3248695232228,-179.84356137515056,725.9160748283875,13.488267103136462,-35.19936521424187,6.943015307215093e-20
1786737003.4932008,resting,fast,1786736998.713154,-469.52760320898915,-181.03580497265705,716.4456935539902,13.57768537294935,-35.21457024067432,6.874566687353692e-20
1786737003.52383,resting,fast,1786736998.713154,-470.5313917769254,-185.28669889858588,721.004010898564,13.896502417394114,-35.28985438326956,6.93022329766264e-20
1786737003.5499332,resting,fast,1786736998.713154,-471.0742477355129,-183.58084081967445,728.5436425733915,13.768563061475621,-35.33056858016371,6.980031045640358e-20
1786737003.5784805,resting,fast,1786736998.713154,-470.61464290856156,-182.58201651493425,734.0910700452905,13.693651238620223,-35.29609821814246,6.957933475870835e-20
1786737003.6067235,resting,fast,1786736998.713154,-469.4306906895072,-182.0566603556283,723.016994288847,13.654249526672277,-35.207301801713236,6.8423585144949e-20
1786737003.6353998,resting,fast,1786736998.713154,-468.21877362940495,-182.40628130943344,713.8262299959815,13.680471098207494,-35.11640802220538,6.879253586531162e-20
1786737003.66372,resting,fast,1786736998.713154,-467.8008066986331,-182.36648149985058,718.6926477100296,13.677486112489095,-35.08506050239791,6.934555411882463e-20
1786737003.692079,resting,fast,1786736998.713154,-467.7738104310379,-179.98707068212866,717.1703453474138,13.499030301159994,-35.08303578232803,6.956012916431998e-20
1786737003.723707,resting,fast,1786736998.713154,-468.53666650021523,-181.90160965958808,712.5461182958852,13.642620724469342,-35.14024998751635,6.867297735051868e-20
1786737003.748825,resting,fast,1786736998.713154,-471.23501203625847,-181.89744482492654,714.6416175594959,13.642308361869713,-35.34262590271974,6.94785639174898e-20
1786737003.7775443,resting,fast,1786736998.713154,-471.881880069051,-178.19140504352424,725.8158803210799,13.364355378264559,-35.39114100517898,6.98975171195458e-20
1786737003.8054194,resting,fast,1786736998.713154,-472.5505823351764,-178.39450102348474,731.2276815503355,13.379587576761669,-35.44129367513837,7.002263856023994e-20
1786737003.8338118,resting,fast,1786736998.713154,-470.24132767363926,-179.14130778952745,721.2190539196117,13.435598084214714,-35.26809957552303,6.88086279076476e-20
1786737003.8622615,resting,fast,1786736998.713154,-470.5782255317313,-182.88953065004614,719.473799288543,13.71671479875366,-35.29336691488015,6.923629148718793e-20
1786737003.8908107,resting,fast,1786736998.713154,-468.77269351032146,-182.36199847087596,713.3934301482532,13.677149885315966,-35.15795201327433,6.941432948948405e-20
1786737003.9191535,resting,fast,1786736998.713154,-472.6134057094105,-184.37105297805704,726.6053468238069,13.827828973354503,-35.4460054282062,6.984381468574078e-20
1786737003.947557,resting,fast,1786736998.713154,-471.83197285939696,-184.84727722974276,725.0339415983935,13.863545792230955,-35.387397964454905,6.943212311907596e-20
1786737003.976024,resting,fast,1786736998.713154,-472.5523942474988,-184.06488573090576,731.8558176768656,13.804866429818187,-35.441429568562434,6.946166577187313e-20
1786737004.0044978,resting,fast,1786736998.713154,-469.29407991583776,-181.5968782645208,724.9297004713399,13.61976586983926,-35.19705599368811,6.925825209622602e-20
1786737004.032801,resting,fast,1786736998.713154,-470.8011956614423,-180.7478067698204,728.8537506189305,13.556085507736771,-35.31008967460861,6.937540405600142e-20
1786737004.0610116,resting,fast,1786736998.713154,-470.89866086335405,-179.65129961000298,731.1760828497308,13.47384747075051,-35.31739956475191,6.994943413216285e-20
1786737004.089497,resting,fast,1786736998.713154,-470.1347197786931,-178.87416366714763,733.5002563687258,13.415562275036496,-35.260103983402196,7.034417596920361e-20
1786737004.1180925,resting,fast,1786736998.713154,-471.0980211929186,-179.16271741792013,730.8143921877336,13.437203806344218,-35.33235158946904,7.058618486206862e-20
1786737004.1464822,resting,fast,1786736998.713154,-470.8094681807015,-182.93822880079358,724.0161997328769,13.72036716005957,-35.31071011355288,7.015653596864065e-20
1786737004.1748204,resting,fast,1786736998.713154,-473.9084029736414,-183.2424799570192,724.4698268986222,13.74318599677662,-35.54313022302339,7.021305192572632e-20
1786737004.203396,twist +Z,fast,1786737004.1849456,-471.7970965081363,-183.98939565345654,722.2125414113052,13.79920467400947,-35.384782238110304,7.020400505757773e-20
1786737004.2315812,twist +Z,fast,1786737004.1849456,-471.22672519936987,-182.22215175903068,723.1834806887045,13.666661381927565,-35.34200438995287,7.005436750516923e-20
1786737004.2599366,twist +Z,fast,1786737004.1849456,-472.2055688613518,-182.59908300845893,728.5107574069443,13.694931225634544,-35.41541766460158,7.026494414565527e-20
1786737004.28821,twist +Z,fast,1786737004.1849456,-471.7743649330537,-180.7934494264283,728.5839781258783,13.559508706982346,-35.38307736997936,7.016070992407116e-20
1786737004.316527,twist +Z,fast,1786737004.1849456,-473.07076598813455,-180.2509547232711,732.527622549932,13.51882160424542,-35.4803074491104,7.091483635899382e-20
1786737004.3452933,twist +Z,fast,1786737004.1849456,-471.97419247973994,-181.92440541745611,724.4879542864164,13.644330406309496,-35.39806443598074,7.077946489884019e-20
1786737004.37342,twist +Z,fast,1786737004.1849456,-475.912841574725,-184.26624012619607,726.4521882256258,13.819968009464912,-35.6934631181046,7.06477281819686e-20
1786737004.4016995,twist +Z,fast,1786737004.1849456,-474.47083303707495,-184.09702295411307,723.4932968826697,13.80727672155864,-35.58531247778087,6.991931318380039e-20
1786737004.4299817,twist +Z,fast,1786737004.1849456,-474.5546862290257,-182.85725129470507,731.587803200724,13.714293847103203,-35.59160146717729,6.981201304035102e-20
1786737004.45823,twist +Z,fast,1786737004.1849456,-472.6527853044445,-181.43146619713139,729.5917478982647,13.6073599647851,-35.44895889783363,7.03496704038114e-20
1786737004.486819,twist +Z,fast,1786737004.1849456,-474.8140036967611,-181.0034975789448,732.8713138859976,13.575262318421121,-35.611050277257405,7.062978263568058e-20
1786737004.5185952,twist +Z,fast,1786737004.1849456,-472.849979784211,-180.6216218790006,729.9046372551957,13.54662164092522,-35.46374848381608,7.049855698559549e-20
1786737004.543787,twist +Z,fast,1786737004.1849456,-472.4203996221636,-181.21289004407333,732.7965432379378,13.590966753305768,-35.43152997166254,6.979153502467319e-20
1786737004.5722003,twist +Z,fast,1786737004.1849456,-471.7616896442769,-180.12559869022368,733.316154672435,13.509419901767043,-35.38212672332093,6.961538080982749e-20
1786737004.600372,twist +Z,fast,1786737004.1849456,-471.22997021887795,-180.1919984231855,727.6455315050471,13.514399881739113,-35.34224776641592,6.952510981836934e-20
1786737004.6285434,twist +Z,fast,1786737004.1849456,-472.29757660608493,-178.28094409312564,727.6254802316653,13.371070806984523,-35.422318245456445,6.947354324031489e-20
1786737004.6576235,twist +Z,fast,1786737004.1849456,-472.19602346138345,-178.42128677287144,732.6276211327449,13.381596507965508,-35.41470175960404,6.981217960358152e-20
1786737004.685743,twist +Z,fast,1786737004.1849456,-471.4430762453585,-178.98538420087914,727.5500363339333,13.423903815066229,-35.35823071840209,6.955578069359255e-20
1786737004.7141297,twist +Z,fast,1786737004.1849456,-472.82562318373266,-182.19487460091125,732.5141280961907,13.664615595068543,-35.461921738780234,7.033708963827118e-20
1786737004.7425306,twist +Z,fast,1786737004.1849456,-472.6265026929068,-183.71245529586463,733.144360718109,13.778434147189973,-35.44698770196818,7.044041386289388e-20
1786737004.770577,twist +Z,fast,1786737004.1849456,-473.62245090817987,-181.81979859664182,737.3089239193077,13.63648489474819,-35.52168381811367,7.026887544494172e-20
1786737004.7990975,twist +Z,fast,1786737004.1849456,-472.33019889178377,-180.3219283769098,733.7900355770507,13.524144628268221,-35.42476491688385,7.005784663038571e-20
1786737004.8275263,twist +Z,fast,1786737004.1849456,-472.093313131827,-178.2405103732118,728.2396787924527,13.36803827799108,-35.406998484887325,6.96218974988648e-20
1786737004.855878,twist +Z,fast,1786737004.1849456,-470.02427547641673,-180.30187896489542,719.6714526186706,13.52264092236739,-35.25182066073141,6.901882164281598e-20
1786737004.884132,twist +Z,fast,1786737004.1849456,-467.10499972882826,-181.10966747429632,717.0904875819961,13.583225060572385,-35.032874979662466,6.811071804326996e-20
1786737004.9124057,twist +Z,fast,1786737004.1849456,-464.5769483923732,-181.99442937766605,714.9499595857915,13.649582203325277,-34.84327112942819,6.829483284495712e-20
1786737004.9412048,twist +Z,fast,1786737004.1849456,-467.6136496213235,-182.01791895946724,728.8106132476651,13.651343921960194,-35.07102372159936,6.97366737619495e-20
1786737004.9693782,twist +Z,fast,1786737004.1849456,-469.44174254719155,-183.00492756990764,730.4240808510503,13.725369567743204,-35.20813069103963,6.961887195045164e-20
1786737004.9979897,twist +Z,fast,1786737004.1849456,-471.44050882990996,-181.29802454949095,730.7137972630599,13.5973518412119,-35.358038162243574,6.920818528964558e-20
1786737005.0260832,twist +Z,fast,1786737004.1849456,-469.24833206203266,-178.3657308756966,723.3696053688936,13.377429815677619,-35.19362490465262,6.863107034353143e-20
1786737005.054601,twist +Z,fast,1786737004.1849456,-468.6778481924307,-176.96382384891763,719.4737367291818,13.272286788669131,-35.15083861443255,6.898407423266994e-20
1786737005.0829337,twist +Z,fast,1786737004.1849456,-468.3025842702573,-180.22495881058114,716.6785587800359,13.516871910793686,-35.122693820269326,6.949146242043458e-20
1786737005.111141,twist +Z,fast,1786737004.1849456,-469.82789847564936,-184.74101083328844,722.3063384941861,13.855575812496813,-35.2370923856738,6.960126839258934e-20
1786737005.1394935,twist +Z,fast,1786737004.1849456,-470.65078792887607,-186.4469155187436,725.7997149097837,13.98351866390593,-35.298809094665835,7.028347914813319e-20
1786737005.1679964,twist +Z,fast,1786737004.1849456,-473.985068218155,-186.95970092988557,730.6333914112047,14.021977569741583,-35.54888011636188,7.039707578359606e-20
1786737005.1965337,twist +Z,fast,1786737004.1849456,-473.92279952865283,-182.06105656357295,737.4474010256381,13.654579242268152,-35.544209964649156,7.072653695809326e-20
1786737005.2248247,twist +Z,fast,1786737004.1849456,-471.69295377747176,-180.44128592728873,728.63541448454,13.533096444546839,-35.37697153331062,7.046237946485008e-20
1786737005.253399,twist +Z,fast,1786737004.1849456,-467.10482688802176,-177.86980466704438,721.8517026126274,13.34023535002844,-35.03286201660202,6.942131700826225e-20
1786737005.2816584,twist +Z,fast,1786737004.1849456,-464.00556428797654,-181.36655821780926,709.4888473744013,13.602491866335942,-34.800417321598395,6.899015440261662e-20
1786737005.3097827,twist +Z,fast,1786737004.1849456,-464.5391669469368,-184.3718762357471,714.446084366944,13.82789071768121,-34.84043752102039,6.833754380775501e-20
1786737005.338203,twist +Z,fast,1786737004.1849456,-465.1668371298588,-183.4652383554253,723.8669541736235,13.759892876657002,-34.88751278473975,6.938715675712331e-20
1786737005.3668375,twist +Z,fast,1786737004.1849456,-466.53386651672736,-179.75550728709618,720.575105451273,13.481663046532379,-34.99003998875465,6.902160778052154e-20
1786737005.3951693,twist +Z,fast,1786737004.1849456,-470.46886173611347,-174.93007461781428,731.743531732147,13.119755596336308,-35.28516463020875,6.946655934979678e-20
1786737005.42357,twist +Z,fast,1786737004.1849456,-470.6739695484748,-177.33454453762033,724.2119713692464,13.300090840321769,-35.30054771613578,6.966369382112068e-20
1786737005.4519386,twist +Z,fast,1786737004.1849456,-469.71947190245874,-179.23244939094695,723.1635752017391,13.442433704321207,-35.22896039268457,6.95795532534153e-20
1786737005.4818265,twist +Z,fast,1786737004.1849456,-464.75722714042877,-183.37037158440387,707.4671631266883,13.752777868830503,-34.85679203553241,6.933771544062057e-20
1786737005.5089257,twist +Z,fast,1786737004.1849456,-465.0486642937881,-183.09711857392904,710.8130688483006,13.732283893044954,-34.878649822034326,6.869164188558348e-20
1786737005.5370772,twist +Z,fast,1786737004.1849456,-467.6679673883009,-182.22681213931446,717.6330509993531,13.667010910448862,-35.07509755412279,6.912678284694149e-20
1786737005.5658758,twist +Z,fast,1786737004.1849456,-467.20250665488174,-178.20930673365456,715.8976223398822,13.365698005024395,-35.04018799911632,6.952880522800716e-20
1786737005.5937784,twist +Z,fast,1786737004.1849456,-465.1624748754366,-176.41572071921507,707.3738370033507,13.231179053941414,-34.88718561565801,6.882648183577627e-20
1786737005.6224492,twist +Z,fast,1786737004.1849456,-464.2293758999658,-179.07082794221117,707.1493032246772,13.430312095666078,-34.81720319249764,6.923623078097898e-20
1786737005.6507905,twist +Z,fast,1786737004.1849456,-464.06928285441654,-182.0240371397026,707.1670439737127,13.651802785477944,-34.80519621408151,6.876104155622292e-20
1786737005.6795824,twist +Z,fast,1786737004.1849456,-466.87232783790114,-182.5935941720694,716.32603224371,13.694519562905494,-35.01542458784285,6.964172460449028e-20
1786737005.7072897,twist +Z,fast,1786737004.1849456,-467.506145101675,-182.68650388506637,716.7222932785762,13.70148779138027,-35.06296088262594,6.923712832724415e-20
1786737005.7359319,twist +Z,fast,1786737004.1849456,-473.52621292505546,-182.70601411034193,737.6685074938259,13.702951058275833,-35.51446596937918,6.968664507763351e-20
1786737005.7643936,twist +Z,fast,1786737004.1849456,-471.9302767804252,-182.6872278798645,737.102415495704,13.701542090990142,-35.39477075853217,6.971374303615003e-20
1786737005.7924185,twist +Z,fast,1786737004.1849456,-470.8816041820055,-181.46532828347188,731.405270454844,13.60989962126067,-35.31612031365064,6.930844436240377e-20
1786737005.820987,twist +Z,fast,1786737004.1849456,-466.7352355041535,-181.09026719665405,711.445940554293,13.581770039749262,-35.00514266281178,6.857788306851583e-20
1786737005.8491347,twist +Z,fast,1786737004.1849456,-468.8715731448251,-181.41347631590122,710.4716410062692,13.606010723692972,-35.16536798586214,6.855613021684233e-20
1786737005.8790686,twist +Z,fast,1786737004.1849456,-468.04227291478173,-177.424644036809,719.8738008832233,13.30684830276076,-35.10317046860885,6.908997781954319e-20
1786737005.9063406,twist +Z,fast,1786737004.1849456,-466.74573409199957,-176.18307662579184,730.8415733383345,13.21373074693454,-35.00593005690021,6.988547185980893e-20
1786737005.9347322,twist +Z,fast,1786737004.1849456,-466.0360756687169,-175.99956625907066,729.3672166712595,13.199967469430621,-34.95270567515389,6.967496816727604e-20
1786737005.9627645,twist +Z,fast,1786737004.1849456,-468.84085243324444,-182.58255285401344,718.827029568758,13.693691464051188,-35.16306393249355,7.045169426098056e-20
1786737005.9912033,twist +Z,fast,1786737004.1849456,-469.9044775231614,-181.99660510073056,712.1780154336375,13.649745382555142,-35.24283581423723,7.003098330540561e-20
1786737006.0193303,twist +Z,fast,1786737004.1849456,-468.7453629111892,-181.63465574170425,711.6186051344457,13.622599180628011,-35.15590221833936,6.971834294741767e-20
1786737006.0477314,twist +Z,fast,1786737004.1849456,-466.96402826537224,-178.1739173586185,719.2450577565069,13.363043801896712,-35.022302119903145,6.912261979899798e-20
1786737006.076137,twist +Z,fast,1786737004.1849456,-467.21474351176676,-179.25833673400746,727.8796388017745,13.444375255050996,-35.04110576338276,6.961383337245143e-20
1786737006.104506,twist +Z,fast,1786737004.1849456,-467.326433439644,-178.96962079689308,734.6656148048742,13.422721559767215,-35.04948250797344,7.040730778315578e-20
1786737006.1331522,twist +Z,fast,1786737004.1849456,-466.8317533738309,-178.73433739883706,733.3009684203653,13.405075304913023,-35.0123815030374,6.99869405459477e-20
1786737006.1614094,twist +Z,fast,1786737004.1849456,-465.4221389441527,-176.8505913585659,718.7063809285592,13.263794351892752,-34.906660420811775,6.888501204993437e-20
1786737006.1899116,twist +Z,fast,1786737004.1849456,-464.98446076201753,-178.43460868495242,712.6398379386828,13.382595651371627,-34.87383455715149,6.854053850844012e-20
1786737006.2181578,twist +Z,fast,1786737004.1849456,-467.5337826133132,-179.0264354413248,713.4965628111331,13.426982658099579,-35.065033695998714,6.861667597802165e-20
1786737006.2465827,twist +Z,fast,1786737004.1849456,-470.39335929731715,-181.05177753098872,726.2282178736032,13.578883314824306,-35.27950194729888,6.930137310427354e-20
1786737006.2749617,twist +Z,fast,1786737004.1849456,-471.8085590699611,-181.40791309858503,723.534150541328,13.605593482394074,-35.385641930247274,6.919230563698965e-20
1786737006.3032641,twist +Z,fast,1786737004.1849456,-472.6400770628038,-185.1494277088151,725.9381924805721,13.886207078161409,-35.44800577971045,6.964200129081757e-20
1786737006.3314905,twist +Z,fast,1786737004.1849456,-471.11915891692115,-183.83139741003413,719.3336487164497,13.787354805752894,-35.3339369187693,6.95075765088993e-20
1786737006.359941,twist +Z,fast,1786737004.1849456,-470.5328136722628,-182.4603456094793,721.8625390250318,13.684525920711248,-35.289961025419935,6.928406090482567e-20
1786737006.3882074,twist +Z,fast,1786737004.1849456,-470.02179912553265,-182.24081432370008,712.9360414765479,13.66806107427772,-35.25163493441515,6.850103538822197e-20
1786737006.4165735,twist +Z,fast,1786737004.1849456,-470.91783556374367,-182.9558751725466,718.995460724077,13.721690637941027,-35.31883766728093,6.856769124454076e-20
1786737006.4451442,twist +Z,fast,1786737004.1849456,-471.2227645939174,-185.7696188568567,721.5719730697992,13.932721414264467,-35.34170734454408,6.953062017507958e-20
1786737006.4733508,twist +Z,fast,1786737004.1849456,-468.95627429394426,-181.8431047815635,723.3692842427017,13.63823285861751,-35.17172057204604,7.007680122211437e-20
1786737006.5018218,twist +Z,fast,1786737004.1849456,-468.64087562795385,-182.23847365397455,720.3179434250223,13.667885524048298,-35.14806567209663,7.009921493924366e-20
1786737006.5300775,twist +Z,fast,1786737004.1849456,-467.80282178529524,-179.42903302752256,718.9032973887561,13.457177477064487,-35.08521163389733,6.943828753606165e-20
1786737006.5585384,twist +Z,fast,1786737004.1849456,-468.07925371253486,-180.57122180086913,720.1060946684875,13.542841635065482,-35.10594402844033,6.926905744236205e-20
1786737006.5870152,twist +Z,fast,1786737004.1849456,-464.84216681670705,-179.28255948908134,710.4344717366648,13.446191961681418,-34.8631625112532,6.836161871014277e-20
1786737006.6153946,twist +Z,fast,1786737004.1849456,-466.1044781149935,-178.40179070410682,708.3041658739539,13.380134302808411,-34.957835858624726,6.776507066904963e-20
1786737006.6439326,twist +Z,fast,1786737004.1849456,-465.94101576616777,-178.2292083553407,711.2215981884156,13.367190626650672,-34.945576182462645,6.795538800698509e-20
1786737006.6725917,twist +Z,fast,1786737004.1849456,-468.3090200646634,-180.38659149106024,717.7660831854128,13.528994361829685,-35.12317650484995,6.924411646398749e-20
1786737006.7004578,twist +Z,fast,1786737004.1849456,-465.98155514897553,-182.46202005763644,713.629981105064,13.684651504322918,-34.94861663617337,6.951437612857974e-20
1786737006.7289574,twist +Z,fast,1786737004.1849456,-467.90716065830065,-184.76521255499483,718.8279364475657,13.857390941624782,-35.09303704937285,6.921228010943358e-20
1786737006.7573075,twist +Z,fast,1786737004.1849456,-466.7636362436833,-185.78541481851437,709.3012124427078,13.933906111388861,-35.00727271827666,6.849284742786352e-20
1786737006.7856374,twist +Z,fast,1786737004.1849456,-464.8604494519709,-184.0307209792062,702.0205863981528,13.802304073440641,-34.86453370889793,6.843576629526228e-20
1786737006.8139172,twist +Z,fast,1786737004.1849456,-464.15564505655675,-183.74478066018537,699.0854463645501,13.780858549514118,-34.81167337924182,6.875544581701952e-20
1786737006.842517,twist +Z,fast,1786737004.1849456,-465.08442516577406,-183.90846851229378,704.9762979618008,13.793135138422333,-34.88133188743323,6.905137274311164e-20
1786737006.8723495,twist +Z,fast,1786737004.1849456,-466.4034166462643,-185.07835388081855,713.5490144349487,13.880876541061543,-34.98025624846986,6.842872487374458e-20
1786737006.8992646,twist +Z,fast,1786737004.1849456,-465.000308246671,-182.9782062448361,709.8048399819645,13.72336546836301,-34.87502311850057,6.812705383184473e-20
1786737006.927633,twist +Z,fast,1786737004.1849456,-464.1092833227408,-178.6806962031701,719.649817092647,13.401052215237886,-34.80819624920585,6.860509866631755e-20
1786737006.9559894,twist +Z,fast,1786737004.1849456,-464.9135432270932,-179.17184408193646,717.2168694289394,13.43788830614547,-34.868515742032116,6.908188583502675e-20
1786737006.9843535,twist +Z,fast,1786737004.1849456,-463.2626251933075,-176.91218448146026,717.2147161038847,13.268413836109747,-34.74469688949815,6.90346361052836e-20
1786737007.0129995,twist +Z,fast,1786737004.1849456,-463.5495087782365,-178.9670365319712,712.9604576010961,13.422527739898012,-34.76621315836791,6.83386498224042e-20
1786737007.0411525,twist +Z,fast,1786737004.1849456,-464.3565728272047,-178.10412898070774,720.2321956104925,13.357809673553295,-34.826742962040555,6.897999974558669e-20
1786737007.0722003,twist +Z,fast,1786737004.1849456,-462.87487202498414,-180.02727242957383,717.2539555834428,13.502045432218356,-34.715615401874025,6.896674955394272e-20
1786737007.0977888,twist +Z,fast,1786737004.1849456,-463.81471508152754,-178.278257719968,722.2412737239029,13.370869328997845,-34.78610363111475,6.926713394861447e-20
1786737007.1261616,twist +Z,fast,1786737004.1849456,-463.6290117078588,-178.62878006764674,719.6456882891571,13.397158505073673,-34.7721758780897,6.888674580146366e-20
1786737007.154528,twist +Z,fast,1786737004.1849456,-466.39532569957555,-179.7356431824511,724.9458503975866,13.480173238684042,-34.97964942746833,6.911947302660338e-20
1786737007.183041,twist +Z,fast,1786737004.1849456,-464.89377014609727,-181.58764600266704,716.122564044369,13.619073450200151,-34.867032760957436,6.936123813627957e-20
1786737007.2113748,twist +Z,fast,1786737004.1849456,-463.0089235079572,-181.15319899913175,707.279319590365,13.586489924935119,-34.72566926309701,6.919854947999339e-20
1786737007.2399392,twist +Z,fast,1786737004.1849456,-462.2000901019069,-180.401108876761,704.1177466657455,13.530083165757244,-34.66500675764323,6.876778831668384e-20
1786737007.2710466,twist +Z,fast,1786737004.1849456,-461.95233069737424,-180.6213849164709,705.2465102468223,13.546603868735549,-34.64642480230343,6.83700907114291e-20
1786737007.296616,twist +Z,fast,1786737004.1849456,-463.0523397562156,-178.6840480611628,714.6716123168953,13.40130360458738,-34.72892548171633,6.856243843568601e-20
1786737007.3253481,twist +Z,fast,1786737004.1849456,-462.8952638612577,-178.9836641870304,713.8772199669729,13.423774814027649,-34.71714478959457,6.862734202022597e-20
1786737007.3534524,twist +Z,fast,1786737004.1849456,-463.3379235426064,-179.46889403426997,705.9684825628292,13.460167052570451,-34.75034426569574,6.873345495385666e-20
1786737007.381785,twist +Z,fast,1786737004.1849456,-464.35652333171765,-180.7145725240964,709.0353237908739,13.553592939307453,-34.82673924987921,6.917945737928673e-20
1786737007.4100404,twist +Z,fast,1786737004.1849456,-465.3947504158141,-180.98718928160486,711.0630636523501,13.574039196120584,-34.9046062811862,6.974857555228703e-20
1786737007.4386752,twist +Z,fast,1786737004.1849456,-466.01013183987106,-179.53992407675855,716.3455884109762,13.465494305757044,-34.95075988799049,6.968566953554723e-20
1786737007.467954,twist +Z,fast,1786737004.1849456,-466.42228061564265,-181.12264294067597,710.0066792741682,13.58419822055107,-34.9816710461735,6.89416388521887e-20
1786737007.4954479,twist +Z,fast,1786737004.1849456,-466.3886356676103,-182.36324536391874,707.8562917057261,13.677243402294021,-34.97914767507096,6.844433089165326e-20
1786737007.5238037,twist +Z,fast,1786737004.1849456,-465.2615881842503,-182.19932807801058,707.3854480796845,13.664949605851074,-34.894619113819076,6.866098608993808e-20
1786737007.552043,twist +Z,fast,1786737004.1849456,-464.1202031568996,-180.29461425040734,713.1413341672214,13.522096068780701,-34.80901523676766,6.949104961208774e-20
1786737007.5806851,twist +Z,fast,1786737004.1849456,-463.06742157820054,-174.13851082290137,719.4524544745,13.06038831171779,-34.730056618365225,6.954284035310594e-20
1786737007.6091018,twist +Z,fast,1786737004.1849456,-463.9383201218898,-175.20623612398106,721.1850694959794,13.140467709298765,-34.79537400914179,6.943088696231791e-20
1786737007.6373303,twist +Z,fast,1786737004.1849456,-463.3823741209176,-175.68231371148727,714.9703840612647,13.176173528361812,-34.75367805906901,6.848031754665833e-20
1786737007.6667888,twist +Z,fast,1786737004.1849456,-464.21052127107623,-179.13679856486033,710.324399345569,13.435259892364716,-34.8157890953309,6.85448060662403e-20
1786737007.6941166,twist +Z,fast,1786737004.1849456,-465.75811790516536,-180.22266994555275,718.2117927730478,13.516700245916656,-34.93185884288758,6.915778901098474e-20
1786737007.7223723,twist +Z,fast,1786737004.1849456,-466.55880875998173,-180.23851475110996,720.5655172414154,13.517888606333596,-34.99191065699893,6.951421926682382e-20
1786737007.7508671,twist +Z,fast,1786737004.1849456,-465.65177692282714,-180.01312032441513,714.8824571227015,13.50098402433137,-34.92388326921231,6.945437248447041e-20
1786737007.779147,twist +Z,fast,1786737004.1849456,-465.69520040260977,-177.61730056045099,701.8978242782641,13.321297542034028,-34.92714003019579,6.856233327234513e-20
1786737007.8076043,twist +Z,fast,1786737004.1849456,-465.4076059126942,-178.13057789867696,704.2967989992585,13.359793342401009,-34.905570443452326,6.893663797646598e-20
1786737007.836028,twist +Z,fast,1786737004.1849456,-464.04265269689995,-181.0232492152603,702.0225036305974,13.576743691144753,-34.80319895226776,6.853486604584631e-20
1786737007.8652232,twist +Z,fast,1786737004.1849456,-461.4387209952247,-182.59249226255145,701.3635781197681,13.694436919691586,-34.60790407464221,6.835744184324034e-20
1786737007.892571,twist +Z,fast,1786737004.1849456,-462.23373009098896,-183.62834694722744,700.1658988201416,13.772126021042258,-34.66752975682438,6.80664514089497e-20
1786737007.920981,twist +Z,fast,1786737004.1849456,-465.7738007319176,-180.28200836714223,709.9258776903825,13.521150627535999,-34.933035054894106,6.900223277865813e-20
1786737007.9495058,twist +Z,fast,1786737004.1849456,-467.03583467513545,-181.1927812965489,712.4645888375253,13.589458597241357,-35.027687600635225,6.878696613852001e-20
1786737007.977876,twist +Z,fast,1786737004.1849456,-466.14117280040546,-179.26134817776074,708.0902362296865,13.444601113332265,-34.960587960030715,6.814120182852904e-20
1786737008.0062294,twist +Z,fast,1786737004.1849456,-465.4000861295808,-181.05907437580709,707.8194338491267,13.579430578185633,-34.90500645971888,6.765359036850007e-20
1786737008.0347116,twist +Z,fast,1786737004.1849456,-465.12137341513744,-180.379679829133,704.4302597627893,13.528475987185278,-34.88410300613542,6.818375061300616e-20
1786737008.0658169,twist +Z,fast,1786737004.1849456,-465.70353765630034,-180.5493163232702,708.8833322324181,13.541198724245437,-34.92776532422264,6.879910101677315e-20
1786737008.091284,twist +Z,fast,1786737004.1849456,-465.0032565208144,-179.71221464025393,712.1224640341206,13.478416098019192,-34.87524423906128,6.920000472893405e-20
1786737008.119834,twist +Z,fast,1786737004.1849456,-469.219377145449,-177.72669829986546,732.904654260783,13.329502372490158,-35.191453285908935,6.928911588030803e-20
1786737008.1482105,twist +Z,fast,1786737004.1849456,-468.56876244182786,-177.13277460263896,732.574746524564,13.28495809519816,-35.14265718313727,6.899001900843691e-20
1786737008.176832,twist +Z,fast,1786737004.1849456,-468.7606717613153,-176.60942833208344,726.9855871329155,13.245707124906406,-35.157050382098866,6.826538552120103e-20
1786737008.2051558,twist +Z,fast,1786737004.1849456,-465.8738693484888,-177.6368128306741,712.453325037277,13.322760962300737,-34.94054020113694,6.872676466160865e-20
1786737008.233265,twist +Z,fast,1786737004.1849456,-464.4686237092028,-180.13875226778168,702.2378772351312,13.510406420083736,-34.83514677819045,6.863369053214528e-20
1786737008.264622,twist +Z,fast,1786737004.1849456,-465.560009452377,-183.14791715922865,706.4161939333853,13.73609378694226,-34.91700070892862,6.915550774690909e-20
1786737008.2900157,twist +Z,fast,1786737004.1849456,-462.7411838528333,-185.12109291196873,701.6071846052755,13.884081968397705,-34.705588788962906,6.837074026527201e-20
1786737008.3184745,twist +Z,fast,1786737004.1849456,-465.8488542715181,-184.84131122693293,715.8687311667418,13.863098342020027,-34.93866407036393,6.891004608155688e-20
1786737008.3470085,twist +Z,fast,1786737004.1849456,-465.9731225072478,-183.89429930791846,715.0448611345664,13.79207244809422,-34.94798418804366,6.899135550459999e-20
1786737008.3753076,twist +Z,fast,1786737004.1849456,-467.30648708353965,-182.19217983600538,720.9980271412596,13.664413487700688,-35.04798653126554,6.927272257091864e-20
1786737008.4038095,twist +Z,fast,1786737004.1849456,-467.05497538187,-181.40011478032727,719.1438245925101,13.605008608524788,-35.02912315364033,6.913414410550968e-20
1786737008.4323292,twist +Z,fast,1786737004.1849456,-464.9573438323573,-180.07012407781053,715.5152719564094,13.505259305835917,-34.87180078742702,6.882765324293657e-20
1786737008.4616485,twist +Z,fast,1786737004.1849456,-465.2121852013015,-180.98543267277557,718.2052797103297,13.57390745045831,-34.89091389009772,6.929635606165026e-20
1786737008.489345,twist +Z,fast,1786737004.1849456,-463.9646516738567,-179.2602514449842,720.2050781241742,13.444518858374085,-34.79734887553944,6.988550352137884e-20
1786737008.5175636,twist +Z,fast,1786737004.1849456,-463.61899956614434,-180.11809938905355,716.346450207644,13.508857454179246,-34.771424967461044,6.976355042256552e-20
1786737008.5457797,twist +Z,fast,1786737004.1849456,-463.0918445737857,-178.6173409718607,710.7736315698367,13.396300572889775,-34.73188834303398,6.850686816295657e-20
1786737008.57402,twist +Z,fast,1786737004.1849456,-463.0258855790207,-180.4877731293949,702.5796745503503,13.536582984704825,-34.72694141842678,6.818473511675474e-20
1786737008.602304,twist +Z,fast,1786737004.1849456,-463.38243450706295,-180.18670071476356,708.2042550280839,13.514002553607572,-34.7536825880299,6.860996257681402e-20
1786737008.6311147,twist +Z,fast,1786737004.1849456,-463.77487323789046,-179.9237731360945,709.5104716873875,13.494282985207217,-34.78311549284198,6.919504784727922e-20
1786737008.6608346,twist +Z,fast,1786737004.1849456,-465.8298926922407,-179.0006785421739,719.1175149221199,13.425050890663218,-34.93724195191824,6.949571463471316e-20
1786737008.6874897,twist +Z,fast,1786737004.1849456,-465.7229067006492,-177.95510278417976,717.3549498098173,13.34663270881369,-34.92921800254895,6.888110324743272e-20
1786737008.7164552,twist +Z,fast,1786737004.1849456,-465.54445508780555,-178.25710140030037,718.3769526363603,13.3692826050227,-34.91583413158552,6.874743990269797e-20
1786737008.744231,twist +Z,fast,1786737004.1849456,-464.9136870696011,-180.31746172810426,716.0871594686514,13.523809629607985,-34.8685265302203,6.864113186934348e-20
1786737008.7726789,twist +Z,fast,1786737004.1849456,-464.9259220342851,-181.73941533628715,714.2426392745974,13.630456150221828,-34.869444152571596,6.888234863552043e-20
1786737008.8011794,twist +Z,fast,1786737004.1849456,-465.6192454003103,-183.38668347961936,709.5051339857528,13.754001260971652,-34.921443405023695,6.893821782960246e-20
1786737008.8293383,twist +Z,fast,1786737004.1849456,-466.1464832207025,-181.30178731487695,710.806596945341,13.59763404861592,-34.9609862415529,6.858743647853243e-20
1786737008.8598049,twist +Z,fast,1786737004.1849456,-466.69844905629907,-180.09715868167825,716.2410728823234,13.507286901126097,-35.002383679222646,6.854760138404722e-20
1786737008.8861382,twist +Z,fast,1786737004.1849456,-464.7317720254291,-178.88784019037735,718.7835980809223,13.416588014278542,-34.85488290190741,6.85601896759417e-20
1786737008.91479,twist +Z,fast,1786737004.1849456,-462.0482291667199,-178.48021912718423,710.628760808354,13.386016434539133,-34.653617187504295,6.810508931681994e-20
1786737008.943531,twist +Z,fast,1786737004.1849456,-463.0907035728178,-180.1815554855233,709.8492213547197,13.513616661414435,-34.73180276796151,6.852452394958437e-20
1786737008.9712608,twist +Z,fast,1786737004.1849456,-466.7107010733748,-180.85823806122733,710.8548213363229,13.564367854592373,-35.00330258050331,6.897599250817098e-20
1786737008.999674,twist +Z,fast,1786737004.1849456,-468.0421698196942,-181.78203604252792,716.4030298917869,13.633652703189927,-35.1031627364772,6.945737566183071e-20
1786737009.0283074,twist +Z,fast,1786737004.1849456,-468.0298316868302,-180.83543014615532,714.462327028371,13.562657260961789,-35.102237376512505,6.8852517257652e-20
1786737009.0597546,twist +Z,fast,1786737004.1849456,-467.2428865932643,-181.62186534153057,714.9981499233318,13.621639900615005,-35.04321649449482,6.894199601175825e-20
1786737009.0848765,twist +Z,fast,1786737004.1849456,-469.6443333330667,-181.66317213038155,720.1180926344168,13.624737909778833,-35.223324999980164,6.957947717169226e-20
1786737009.1134102,twist +Z,fast,1786737004.1849456,-469.9345919936991,-185.0517552685012,717.1149311525378,13.878881645137792,-35.24509439952747,6.9599686898871e-20
1786737009.141764,twist +Z,fast,1786737004.1849456,-469.21638932795986,-183.91719114843625,720.750171354749,13.793789336132892,-35.19122919959712,6.932329279509186e-20
1786737009.1699667,twist +Z,fast,1786737004.1849456,-466.6505531119715,-185.9062590233143,718.0327799281476,13.942969426748736,-34.998791483398115,6.899048016472944e-20
1786737009.198456,twist +Z,fast,1786737004.1849456,-465.0582331006708,-180.34958372315077,721.6403738747067,13.526218779236562,-34.87936748255046,6.915350285997829e-20
1786737009.2269728,twist +Z,fast,1786737004.1849456,-463.35064448745743,-178.6072058879604,716.5101230483851,13.395540441597337,-34.75129833655961,6.887776943482683e-20
1786737009.2560842,twist +Z,fast,1786737004.1849456,-463.84621686649825,-177.94650808720405,716.9663695047566,13.345988106540542,-34.788466264987555,6.833565132633403e-20
1786737009.2835846,twist +Z,fast,1786737004.1849456,-465.541998613372,-179.79947923007853,721.1046983643664,13.484960942256013,-34.91564989600315,6.896838686297071e-20
1786737009.3119135,twist +Z,fast,1786737004.1849456,-466.72617961345577,-180.7775204687655,728.73608130513,13.558314035157697,-35.004463471009515,6.997445824805058e-20
1786737009.3403702,twist +Z,fast,1786737004.1849456,-467.7239719775903,-180.95141017940762,724.9858100183183,13.571355763455674,-35.07929789831936,7.019470067799818e-20
1786737009.36872,twist +Z,fast,1786737004.1849456,-468.3374669009645,-182.33327766404625,720.428430609325,13.67499582480372,-35.12531001757237,6.913212086273019e-20
1786737009.3971395,twist +Z,fast,1786737004.1849456,-469.8093149201418,-185.10857894581136,719.8791923762665,13.883143420936246,-35.235698619010925,6.855730789100178e-20
1786737009.425709,twist +Z,fast,1786737004.1849456,-467.8904316867229,-184.96013619939163,719.2503626601492,13.872010214954589,-35.09178237650441,6.896975794455271e-20
1786737009.4556592,twist +Z,fast,1786737004.1849456,-465.59003407077716,-184.4947137969126,718.4887069003971,13.837103534768627,-34.919252555308454,6.957041710915151e-20
1786737009.482349,twist +Z,fast,1786737004.1849456,-463.4424299637385,-181.67035845844362,712.3484417806039,13.625276884383442,-34.75818224728066,6.957618695596521e-20
1786737009.510675,twist +Z,fast,1786737004.1849456,-466.3695766474302,-181.1867460406221,715.4603924598205,13.589005953046946,-34.977718248557395,6.899880551526943e-20
1786737009.539088,twist +Z,fast,1786737004.1849456,-468.73456252868573,-180.10237744237656,720.9094554600933,13.507678308178566,-35.15509218965151,6.938075026809248e-20
1786737009.5674436,twist +Z,fast,1786737004.1849456,-469.5883618509197,-181.26331280298314,724.5176795872112,13.594748460223993,-35.219127138819175,6.922423737609601e-20
1786737009.5962584,twist +Z,fast,1786737004.1849456,-467.4071660759246,-184.4162943762011,720.44290110774,13.83122207821528,-35.055537455694406,6.962056583335918e-20
1786737009.6245935,twist +Z,fast,1786737004.1849456,-466.14021534072435,-184.8330742059934,715.6160945448919,13.862480565449719,-34.960516150554525,6.962953710978214e-20
1786737009.6527903,twist +Z,fast,1786737004.1849456,-467.55783205631997,-185.96566619098655,717.730525627826,13.947424964324252,-35.06683740422436,6.968890585354114e-20
1786737009.6812775,twist +Z,fast,1786737004.1849456,-467.8787861197784,-181.2703192300761,717.1759373703371,13.595273942255933,-35.09090895898351,6.961822577376676e-20
1786737009.7092693,twist +Z,fast,1786737004.1849456,-468.5228357305714,-182.69968323873638,717.7747897665004,13.70247624290543,-35.139212679793054,6.863559246658443e-20
1786737009.73783,twist +Z,fast,1786737004.1849456,-468.53645640567265,-181.3383800816016,718.1709434155891,13.600378506120204,-35.14023423042561,6.870576172461397e-20
1786737009.7662997,twist +Z,fast,1786737004.1849456,-468.54830957677495,-183.31337172171072,719.2599877017856,13.748502879128456,-35.14112321825829,6.85624898001422e-20
1786737009.794477,twist +Z,fast,1786737004.1849456,-468.0043338226833,-183.2863857869903,719.5871468954128,13.746478934024385,-35.10032503670146,6.942952167897334e-20
1786737009.8229668,twist +Z,fast,1786737004.1849456,-467.3868355236996,-183.73177103509408,717.95486475498,13.779882827632324,-35.054012664277714,6.971014094858251e-20
1786737009.8526142,twist +Z,fast,1786737004.1849456,-468.90256485373357,-183.76005049219714,729.6683338072717,13.782003786914974,-35.16769236403038,6.995075806124034e-20
1786737009.8798928,twist +Z,fast,1786737004.1849456,-469.4397579960614,-183.45034717287695,727.8316454613623,13.758776037965912,-35.207981849704844,7.020960729288563e-20
1786737009.908158,twist +Z,fast,1786737004.1849456,-471.5355726587436,-183.1791160970447,729.4290286021524,13.738433707278379,-35.36516794940591,6.956309205972806e-20
1786737009.936648,twist +Z,fast,1786737004.1849456,-470.1953720077104,-182.1290596494947,718.3919112278954,13.659679473712348,-35.26465290057853,6.98378422704066e-20
1786737009.964776,twist +Z,fast,1786737004.1849456,-468.99638646507174,-180.85569296344897,718.2689717237809,13.564176972259002,-35.17472898488058,6.925085750051875e-20
1786737009.9931035,twist +Z,fast,1786737004.1849456,-466.5191103556981,-181.05436604427302,717.7797925415407,13.579077453320753,-34.98893327667746,7.002096690202942e-20
1786737010.0216587,twist +Z,fast,1786737004.1849456,-466.58981124900356,-180.1815845296228,723.8167172274552,13.51361883972189,-34.99423584367553,6.993233606822712e-20
1786737010.0502753,twist +Z,fast,1786737004.1849456,-466.41313639359123,-179.09998088854115,727.253112254597,13.432498566640756,-34.98098522951964,7.075645143519864e-20
1786737010.0783596,twist +Z,fast,1786737004.1849456,-465.9977648643485,-178.2563739167166,722.2718784170183,13.36922804375411,-34.949832364826236,6.981980355818177e-20
1786737010.1069224,twist +Z,fast,1786737004.1849456,-464.78387404795376,-178.9204547416149,715.8191099142268,13.41903410562136,-34.85879055359672,6.906147916742745e-20
1786737010.135182,twist +Z,fast,1786737004.1849456,-465.9344181951442,-181.62509714407884,716.302361547032,13.621882285806219,-34.94508136463601,6.850249450831216e-20
1786737010.163689,twist +Z,fast,1786737004.1849456,-464.4334094062606,-180.05929722637973,712.9657379897826,13.50444729197864,-34.83250570546967,6.895588265402554e-20
1786737010.1919687,twist +Z,fast,1786737004.1849456,-467.74430476617954,-179.79078036100339,715.4752554091165,13.484308527075402,-35.080822857463666,6.96199135830048e-20
1786737010.2205486,twist +Z,fast,1786737004.1849456,-468.8618431521618,-177.19783202176382,712.9221948079003,13.289837401632628,-35.164638236412316,7.007468740737938e-20
1786737010.2487686,twist +Z,fast,1786737004.1849456,-470.08021303781334,-179.18564214036041,717.7573328129902,13.438923160527278,-35.256015977836284,7.009356542490285e-20
1786737010.2774155,twist +Z,fast,1786737004.1849456,-467.2281861813367,-179.82326905199932,713.351052248715,13.486745178900211,-35.04211396360038,6.995808604246256e-20
1786737010.305627,twist +Z,fast,1786737004.1849456,-465.67609437073907,-180.34346355618914,718.4930528535087,13.525759766714405,-34.92570707780572,6.980305092566452e-20
1786737010.3340604,twist +Z,fast,1786737004.1849456,-467.211295628003,-178.84148028604272,721.2961288608703,13.413111021453343,-35.04084717210046,7.008114872657646e-20
1786737010.3623369,twist +Z,fast,1786737004.1849456,-467.0172882154757,-178.76092032001384,722.20339462015,13.407069024001114,-35.02629661616081,6.945579066021944e-20
1786737010.39072,twist +Z,fast,1786737004.1849456,-467.1897025019621,-178.9711675094668,719.6509833215714,13.422837563210333,-35.03922768764738,7.007998078720065e-20
1786737010.4195192,twist +Z,fast,1786737004.1849456,-465.0444674669766,-179.7746461706787,716.1306125001502,13.483098462801106,-34.87833506002344,6.989396480820912e-20
1786737010.447574,twist +Z,fast,1786737004.1849456,-464.9193707174368,-179.08496499175715,717.6750538071083,13.43137237438199,-34.86895280380786,7.009016697481982e-20
1786737010.4760187,twist +Z,fast,1786737004.1849456,-466.91782327305646,-183.43114533651453,718.5427910953122,13.75733590023891,-35.01883674547958,6.952755015497368e-20
1786737010.5044734,twist +Z,fast,1786737004.1849456,-466.80837937256183,-181.94706124091817,718.4479458292708,13.646029593069134,-35.01062845294249,6.893836910688627e-20
1786737010.5326838,twist +Z,fast,1786737004.1849456,-465.20430395495305,-181.37092873932488,713.3860611305627,13.602819655449533,-34.89032279662145,6.907853689632587e-20
1786737010.5611136,twist +Z,fast,1786737004.1849456,-462.5814359841311,-176.7519608212823,710.3475580816685,13.256397061596434,-34.69360769880998,6.84571290887328e-20
1786737010.5894775,twist +Z,fast,1786737004.1849456,-462.1153859827382,-177.47134041925437,708.2502726785451,13.31035053144419,-34.65865394870564,6.904414649747454e-20
1786737010.6182337,twist +Z,fast,1786737004.1849456,-459.77247135303423,-178.97125293461124,704.1790123248102,13.422843970095965,-34.482935351477614,6.821552671263946e-20
1786737010.6464078,twist +Z,fast,1786737004.1849456,-456.2505585179538,-179.87732888549874,696.7042075521977,13.490799666412489,-34.218791888846674,6.76283661318559e-20
1786737010.6776357,twist +Z,fast,1786737004.1849456,-453.5022498352364,-182.82132653014514,693.3541021805449,13.71159948976116,-34.01266873764285,6.676916216267743e-20
1786737010.7030718,twist +Z,fast,1786737004.1849456,-455.56144845625886,-183.14058568757753,702.8830005092932,13.735543926568585,-34.16710863421968,6.750782306247925e-20
1786737010.7316878,twist +Z,fast,1786737004.1849456,-456.5911968410387,-182.59699975682406,704.2967444609258,13.694774981761885,-34.24433976307811,6.806544316738664e-20
1786737010.7601857,twist +Z,fast,1786737004.1849456,-458.1960814143449,-182.08463754106754,700.4082044632314,13.656347815580258,-34.36470610607628,6.883097043169942e-20
1786737010.7883494,twist +Z,fast,1786737004.1849456,-455.5023139137429,-185.7928332282671,685.3300965913841,13.934462492120364,-34.16267354353072,6.843164177215855e-20
1786737010.8167067,twist +Z,fast,1786737004.1849456,-453.52283726685755,-184.20448492990215,674.9975118111779,13.815336369742763,-34.01421279501448,6.696133134024542e-20
1786737010.845097,twist +Z,fast,1786737004.1849456,-452.93819136386674,-183.93828975135534,682.6088977949876,13.79537173135169,-33.97036435229012,6.655092760630805e-20
1786737010.8736327,twist +Z,fast,1786737004.1849456,-455.25234207350877,-180.0846800754415,700.4468395016875,13.50635100565827,-34.14392565551341,6.601027217484574e-20
1786737010.9017692,twist +Z,fast,1786737004.1849456,-459.2007877310816,-184.5315557143848,711.9852172423953,13.839866678579146,-34.4400590798313,6.782887606452089e-20
1786737010.930223,twist +Z,fast,1786737004.1849456,-458.55028532080087,-183.8549384275742,708.4871082714963,13.789120382068102,-34.39127139906029,6.834120981122873e-20
1786737010.9590356,twist +Z,fast,1786737004.1849456,-460.2898361756579,-183.00107207013798,692.940069583814,13.725080405260453,-34.52173771317451,6.784703425088509e-20
1786737010.9870434,twist +Z,fast,1786737004.1849456,-455.4311941330893,-184.59075710436582,684.4536965148563,13.844306782827832,-34.15733955998193,6.672911335692152e-20
1786737011.0152693,twist +Z,fast,1786737004.1849456,-455.8931277105862,-186.35645100033867,686.8755077477417,13.976733825025551,-34.191984578294104,6.658461650476932e-20
1786737011.043814,twist +Z,fast,1786737004.1849456,-452.98027191034,-187.4067142830919,695.8814885798583,14.055503571231942,-33.97352039327565,6.837007341610191e-20
1786737011.0736015,twist +Z,fast,1786737004.1849456,-454.91019166488695,-182.04059572104813,706.0909623521529,13.653044679078722,-34.118264374866705,6.86884571398511e-20
1786737011.1004827,twist +Z,fast,1786737004.1849456,-457.12327648006794,-181.1841368264097,709.152067854483,13.58881026198097,-34.28424573600515,6.876835699996745e-20
1786737011.1289916,twist +Z,fast,1786737004.1849456,-457.18489821048297,-181.16793350989371,705.2392506673914,13.587595013242254,-34.28886736578645,6.809865842328674e-20
1786737011.157348,twist +Z,fast,1786737004.1849456,-457.6467129173907,-185.57954019705733,701.9823806206296,13.918465514779381,-34.32350346880439,6.836148811302025e-20
1786737011.1855066,twist +Z,fast,1786737004.1849456,-452.1694061161229,-187.16451816060533,686.5852001615767,14.037338862045576,-33.912705458709375,6.800366386610657e-20
1786737011.2139747,twist +Z,fast,1786737004.1849456,-452.9718035243927,-188.8876589324069,687.3478148527993,14.166574419930686,-33.972885264329726,6.830226839997513e-20
1786737011.2429497,twist +Z,fast,1786737004.1849456,-453.357075727507,-186.8647704884488,684.6011088543737,14.014857786633858,-34.00178067956312,6.860937589722625e-20
1786737011.2709112,twist +Z,fast,1786737004.1849456,-462.6515052124282,-189.61681901630106,703.6817640667887,14.221261426222878,-34.698862890932354,6.913838579105089e-20
1786737011.299577,twist +Z,fast,1786737004.1849456,-464.2541302618515,-189.19128786068075,712.2140068443186,14.189346589551295,-34.819059769639,6.895106044670724e-20
1786737011.3277526,twist +Z,fast,1786737004.1849456,-467.0239338513643,-188.59892213812338,711.459829608265,14.144919160359425,-35.02679503885251,6.852704194075797e-20
1786737011.3562124,twist +Z,fast,1786737004.1849456,-459.2900850125202,-181.60502849106456,694.4423289262186,13.620377136830268,-34.446756375939295,6.778839726288217e-20
1786737011.3845704,twist +Z,fast,1786737004.1849456,-456.2720895276493,-179.36470078291973,688.8937575205973,13.452352558719195,-34.22040671457382,6.793708389059992e-20
1786737011.4128351,twist +Z,fast,1786737004.1849456,-455.0391531358059,-183.62578806417855,693.2821673671951,13.77193410481365,-34.12793648518557,6.797155995846808e-20
1786737011.4414713,twist +Z,fast,1786737004.1849456,-460.87445656010095,-189.30295290012862,711.4787671164804,14.197721467509904,-34.565584242007844,6.937094418612044e-20
1786737011.4696646,twist +Z,fast,1786737004.1849456,-463.1585704522454,-191.54244647401322,713.1540579233206,14.365683485551163,-34.736892783918705,6.928689712272802e-20
1786737011.49828,twist +Z,fast,1786737004.1849456,-463.2391347053044,-186.51255566669045,717.8419994495353,13.988441675002026,-34.742935102898066,6.937002712753322e-20
1786737011.5266504,twist +Z,fast,1786737004.1849456,-460.3382207237205,-186.42369186689405,707.7047865099503,13.98177689001712,-34.52536655427928,6.821217682346192e-20
1786737011.5547957,twist +Z,fast,1786737004.1849456,-459.1775904924539,-181.50770846513024,704.6062939564317,13.613078134884933,-34.438319286934274,6.790828433548575e-20
1786737011.583183,twist +Z,fast,1786737004.1849456,-458.0621624070709,-183.7421730301943,703.8542090974315,13.7806629772648,-34.35466218053052,6.852695758571647e-20
1786737011.6115487,twist +Z,fast,1786737004.1849456,-457.17411278893496,-182.33348668134897,699.6133658411045,13.675011501101334,-34.28805845917039,6.851538914636265e-20
1786737011.640337,twist +Z,fast,1786737004.1849456,-457.21491552157204,-188.3779003905912,693.4602552490524,14.128342529294475,-34.291118664118066,6.848054960692652e-20
1786737011.6684225,twist +Z,fast,1786737004.1849456,-456.437242916546,-186.73072050004885,685.5494306679293,14.004804037503806,-34.232793218741065,6.746188995045745e-20
1786737011.6968873,twist +Z,fast,1786737004.1849456,-460.11006172530597,-183.741633661567,705.2159925641317,13.780622524617765,-34.50825462939799,6.745833043705105e-20
1786737011.7252102,twist +Z,fast,1786737004.1849456,-462.95998403847216,-182.59471904594227,724.017307932354,13.69460392844599,-34.721998802885565,6.776861659965898e-20
1786737011.7534003,twist +Z,fast,1786737004.1849456,-462.89876672992705,-185.22610511144,724.2557665087843,13.891957883358298,-34.71740750474467,6.790099503396319e-20
1786737011.7818062,twist +Z,fast,1786737004.1849456,-459.44539904401245,-187.28781927420698,710.5124248743869,14.046586445565577,-34.458404928301206,6.793087144993072e-20
1786737011.810383,twist +Z,fast,1786737004.1849456,-456.1019005285839,-186.1975123841695,693.9761562630356,13.964813428812857,-34.2076425396441,6.780892219907767e-20
1786737011.839045,twist +Z,fast,1786737004.1849456,-455.5225553551895,-184.17210221510504,695.4159933753672,13.812907666133203,-34.16419165163944,6.789573262962818e-20
1786737011.8669865,twist +Z,fast,1786737004.1849456,-456.7007711306337,-181.69325441600733,701.9688306677654,13.62699408120071,-34.252557834797635,6.833966380643361e-20
1786737011.8953006,twist +Z,fast,1786737004.1849456,-458.67821045815936,-183.04037017609357,711.9942255062388,13.728027763207326,-34.400865784362175,6.885985524864791e-20
1786737011.9236338,twist +Z,fast,1786737004.1849456,-458.4939598992846,-180.51685796039396,710.9265720909862,13.538764347029694,-34.3870469924465,6.900908384225612e-20
1786737011.95213,twist +Z,fast,1786737004.1849456,-456.8126280577867,-183.84471115039105,695.4255574481167,13.78835333627951,-34.26094710433419,6.817331576960194e-20
1786737011.9804423,twist +Z,fast,1786737004.1849456,-455.89458733839,-181.6700451914395,693.8959230688788,13.625253389358154,-34.19209405037938,6.773844208139912e-20
1786737012.0090594,twist +Z,fast,1786737004.1849456,-457.96682500877023,-179.45692385091752,701.1804057288946,13.459269288818955,-34.34751187565794,6.728129009393036e-20
1786737012.037652,twist +Z,fast,1786737004.1849456,-462.8534707008639,-177.48890855528714,719.0554206109819,13.311668141646653,-34.71401030256514,6.808048628392429e-20
1786737012.065771,twist +Z,fast,1786737004.1849456,-462.4032133678338,-176.10595474624358,722.2677205218051,13.207946605968477,-34.680241002587714,6.769174360018306e-20
1786737012.0940516,twist +Z,fast,1786737004.1849456,-462.90687052340263,-182.0070142064759,714.2491048016855,13.650526065486002,-34.71801528925529,6.783383258715051e-20
1786737012.1224174,twist +Z,fast,1786737004.1849456,-460.3333753297584,-180.4739473158878,708.265154231075,13.535546048691831,-34.5250031497321,6.739694354856391e-20
1786737012.1507332,twist +Z,fast,1786737004.1849456,-464.5449476560293,-182.18919892008535,705.5520850887287,13.664189919006592,-34.840871074202525,6.805017178434492e-20
1786737012.1791759,twist +Z,fast,1786737004.1849456,-463.7871325540623,-179.32512651374373,713.412274575504,13.449384488531049,-34.78403494155492,6.821166581657734e-20
1786737012.2076008,twist +Z,fast,1786737004.1849456,-461.275983655396,-181.00148015458024,702.494071731955,13.575111011593844,-34.59569877415479,6.785925098621605e-20
1786737012.2364066,twist +Z,fast,1786737004.1849456,-457.3238307695351,-181.3951345831498,693.4581196979061,13.604635093736508,-34.299287307715375,6.759201771367912e-20
1786737012.2643359,twist +Z,fast,1786737004.1849456,-456.8380642040943,-180.61853668978824,700.7612869719487,13.546390251734326,-34.26285481530734,6.767518251288367e-20
1786737012.2927938,twist +Z,fast,1786737004.1849456,-458.62872572064543,-178.78954589568764,714.1717175486265,13.409215942176754,-34.397154429048605,6.885919280221982e-20
1786737012.3211062,twist +Z,fast,1786737004.1849456,-461.6294426095892,-182.46752873346793,721.5545730854838,13.685064655010262,-34.62220819571951,6.935280920144593e-20
1786737012.349488,twist +Z,fast,1786737004.1849456,-461.28402767167927,-184.5469732322705,702.9538467952707,13.841022992420623,-34.59630207537611,6.89672267177393e-20
1786737012.3778665,twist +Z,fast,1786737004.1849456,-462.51778233836694,-185.17909906725777,701.8644058707368,13.888432430044563,-34.6888336753777,6.83387551230115e-20
1786737012.4062436,twist +Z,fast,1786737004.1849456,-459.25674100431115,-182.05225024516028,694.9388999974726,13.653918768387218,-34.44425557532342,6.789444782063088e-20
1786737012.434781,twist +Z,fast,1786737004.1849456,-458.8485263851767,-181.77460178897786,699.8361762667373,13.633095134173612,-34.413639478888456,6.783059640623745e-20
1786737012.4666214,twist +Z,fast,1786737004.1849456,-455.8368063321486,-184.67814847050693,693.7851934098962,13.85086113528821,-34.187760474911244,6.76707152793954e-20
1786737012.4915574,twist +Z,fast,1786737004.1849456,-457.1440840853261,-187.9885778458074,690.3511333923198,14.099143338435606,-34.28580630639974,6.704645492114748e-20
1786737012.5197756,twist +Z,fast,1786737004.1849456,-461.6331179823419,-192.35031559571166,695.7301252848156,14.42627366967837,-34.622483848675856,6.783292941771263e-20
1786737012.5482008,twist +Z,fast,1786737004.1849456,-460.85227836346303,-185.98101968819856,689.0011224811997,13.948576476615028,-34.56392087725986,6.764594725489405e-20
1786737012.5765724,twist +Z,fast,1786737004.1849456,-462.88416642259745,-180.13265361418019,705.5748920235819,13.509949021063623,-34.71631248169491,6.769954709038506e-20
1786737012.6050122,twist +Z,fast,1786737004.1849456,-460.32033408365896,-179.05437547391978,703.2922355987894,13.429078160544233,-34.52402505627458,6.765673090774961e-20
1786737012.6335332,twist +Z,fast,1786737004.1849456,-462.3819479569338,-182.74940311548937,706.1729550118353,13.706205233661994,-34.67864609677025,6.789793995769431e-20
1786737012.6632643,twist +Z,fast,1786737004.1849456,-460.38160526915726,-187.0769940386724,696.8802189687922,14.030774552900684,-34.52862039518713,6.796969453935591e-20
1786737012.6904016,twist +Z,fast,1786737004.1849456,-459.4483907480253,-184.63496807046056,698.9963295993639,13.847622605284752,-34.45862930610208,6.740922506341031e-20
1786737012.718589,twist +Z,fast,1786737004.1849456,-460.50830891492024,-183.42132442525133,705.9990968176462,13.75659933189414,-34.53812316861918,6.701357581864675e-20
1786737012.7471375,twist +Z,fast,1786737004.1849456,-462.702930701425,-183.47492515758597,703.2788372629029,13.760619386818998,-34.70271980260707,6.717055868165836e-20
1786737012.775284,twist +Z,fast,1786737004.1849456,-465.8342516667117,-181.22096250940353,709.8177664277209,13.591572188205472,-34.93756887500348,6.702575326012028e-20
1786737012.8037908,twist +Z,fast,1786737004.1849456,-465.56454942063965,-183.0253387225548,714.8391675918219,13.726900404192083,-34.91734120654818,6.796887870371882e-20
1786737012.832449,twist +Z,fast,1786737004.1849456,-463.43564313820025,-181.1874661597933,715.4333729953196,13.589059961984749,-34.757673235365175,6.760957156574589e-20
1786737012.8608122,twist +Z,fast,1786737004.1849456,-461.1329060843732,-182.19792684652782,708.2403617313566,13.664844513489822,-34.58496795632798,6.822638938804029e-20
1786737012.8890064,twist +Z,fast,1786737004.1849456,-457.96725466851285,-181.8622965763284,698.0476153207492,13.639672243224926,-34.347544100138514,6.701537250207523e-20
1786737012.917548,twist +Z,fast,1786737004.1849456,-458.06890408652043,-183.72092230766975,697.6007421058257,13.779069173075452,-34.35516780648926,6.710084155580259e-20
1786737012.9456997,twist +Z,fast,1786737004.1849456,-455.6428631851122,-183.20608800337504,692.6757577693916,13.740456600253385,-34.173214738883615,6.65935603362482e-20
1786737012.9740763,twist +Z,fast,1786737004.1849456,-457.2620402487405,-183.88441963096034,690.0014040704391,13.791331472322316,-34.294653018655595,6.640874903304243e-20
1786737013.0026984,twist +Z,fast,1786737004.1849456,-455.97475262503986,-182.7279670042018,692.9430830538922,13.704597525315247,-34.198106446878136,6.69276924577583e-20
1786737013.0316403,twist +Z,fast,1786737004.1849456,-456.4540564136978,-183.78130317835542,692.6650388442531,13.783597738376745,-34.234054231027436,6.7037595344956e-20
1786737013.0593703,twist +Z,fast,1786737004.1849456,-457.8481406593123,-183.040382312656,704.8290309404101,13.728028673449234,-34.33861054944853,6.79567998823143e-20
1786737013.0877655,twist +Z,fast,1786737004.1849456,-458.84561230597365,-181.72008523574937,715.2798907113938,13.62900639268133,-34.41342092294821,6.889279259588353e-20
1786737013.1162748,twist +Z,fast,1786737004.1849456,-461.3137300083026,-180.48624515088454,717.1081832090549,13.536468386316525,-34.598529750623044,6.859534951867775e-20
1786737013.1445127,twist +Z,fast,1786737004.1849456,-460.1108952800114,-180.87117540132374,707.7756803572938,13.565338155099372,-34.50831714600116,6.799696681276594e-20
1786737013.172823,twist +Z,fast,1786737004.1849456,-457.23722931217753,-179.20260223861783,690.3302854515441,13.440195167896515,-34.29279219841346,6.690880554313114e-20
1786737013.201156,twist +Z,fast,1786737004.1849456,-455.95355313114214,-179.0111922464357,696.9544024504094,13.42583941848294,-34.19651648483586,6.795782288485696e-20
1786737013.2299967,twist +Z,fast,1786737004.1849456,-456.86680279367147,-181.1547914572759,704.7031768922143,13.586609359295924,-34.26501020952548,6.843827146277685e-20
1786737013.2581208,twist +Z,fast,1786737004.1849456,-460.2258445514053,-184.81274008790308,709.2142291352866,13.86095550659299,-34.51693834135562,6.862421326332453e-20
1786737013.2864401,twist +Z,fast,1786737004.1849456,-459.69994548315026,-187.0532620655024,703.3293819401933,14.028994654913003,-34.47749591123644,6.764916693156883e-20
1786737013.315222,twist +Z,fast,1786737004.1849456,-455.92083905961863,-186.09730597750217,690.0553607531074,13.957297948312881,-34.19406292947155,6.691917563736526e-20
1786737013.343031,twist +Z,fast,1786737004.1849456,-453.52294365369426,-182.74040678816107,688.572389805584,13.705530509112283,-34.01422077402722,6.719798067976513e-20
1786737013.3715038,twist +Z,fast,1786737004.1849456,-454.5360195066892,-179.0430013273034,684.4876288007499,13.428225099548012,-34.09020146300177,6.772875408740407e-20
1786737013.4002495,twist +Z,fast,1786737004.1849456,-458.0369477070285,-179.43501080102737,692.7471830484956,13.457625810077335,-34.35277107802745,6.77837812443398e-20
1786737013.4283216,twist +Z,fast,1786737004.1849456,-459.5150731453655,-181.38857991971292,706.3652183451823,13.604143493978551,-34.46363048590256,6.753126400963493e-20
1786737013.4565372,twist +Z,fast,1786737004.1849456,-457.0692858801194,-183.89536329387067,701.6006936831582,13.792152247040523,-34.280196441009146,6.648292870230005e-20
1786737013.4854445,twist +Z,fast,1786737004.1849456,-455.9593681769693,-183.0014142751064,701.240633874947,13.725106070633156,-34.196952613272806,6.683983555630145e-20
1786737013.5133617,twist +Z,fast,1786737004.1849456,-455.4089577749519,-183.85152932949075,687.8124920498176,13.788864699711976,-34.15567183312151,6.683251656599651e-20
1786737013.5418677,twist +Z,fast,1786737004.1849456,-457.857284162239,-183.44924408427653,702.9357967889791,13.758693306320932,-34.33929631216804,6.768697880942358e-20
1786737013.5702295,twist +Z,fast,1786737004.1849456,-458.362207555429,-181.60757686049794,706.9463343461721,13.620568264537521,-34.37716556665716,6.832830725227135e-20
1786737013.598641,twist +Z,fast,1786737004.1849456,-458.70052224728033,-178.91273046777394,709.0216121117301,13.418454785083174,-34.40253916854617,6.755008114894253e-20
1786737013.6278255,twist +Z,fast,1786737004.1849456,-458.6100522261104,-180.9043503693066,711.6416605261256,13.56782627769822,-34.39575391695842,6.839175911149901e-20
1786737013.6556892,twist +Z,fast,1786737004.1849456,-457.70350232810597,-182.26874807373702,702.178683357598,13.670156105530413,-34.32776267460817,6.767123666368972e-20
1786737013.684014,twist +Z,fast,1786737004.1849456,-457.49135579352696,-183.62611921987457,696.1194371643451,13.771958941490833,-34.3118516845148,6.811661537961306e-20
1786737013.7121956,twist +Z,fast,1786737004.1849456,-459.0609985200317,-183.9507704498178,688.346377812737,13.79630778373659,-34.42957488900254,6.753088525713048e-20
1786737013.740767,twist +Z,fast,1786737004.1849456,-459.40781149561644,-184.5440088170542,691.6969907109942,13.840800661279179,-34.455585862171304,6.702026451117122e-20
1786737013.769039,twist +Z,fast,1786737004.1849456,-460.22595986454235,-185.75245586806363,706.2620737387497,13.931434190105097,-34.516946989840854,6.805927788240435e-20
1786737013.7975752,twist +Z,fast,1786737004.1849456,-458.5442816935665,-184.02326666265253,705.7508339861433,13.801744999699178,-34.39082112701767,6.775079651632488e-20
1786737013.826452,twist +Z,fast,1786737004.1849456,-457.55870312958496,-185.7064709647948,696.9819124349106,13.927985322359756,-34.31690273471904,6.821722786561447e-20
1786737013.854294,twist +Z,fast,1786737004.1849456,-459.1116436305442,-183.8234634109,696.330558808535,13.786759755817823,-34.433373272290936,6.752008968192962e-20
1786737013.8828626,twist +Z,fast,1786737004.1849456,-459.50855499889803,-186.88832778385995,696.4860618277744,14.016624583789575,-34.463141624917434,6.755965269319463e-20
1786737013.9111595,twist +Z,fast,1786737004.1849456,-464.09706270091374,-186.22904395545038,707.8968133315411,13.96717829665894,-34.80727970256876,6.748153652933234e-20
1786737013.9392,twist +Z,fast,1786737004.1849456,-458.6607984680372,-187.0824588825202,691.1971602787034,14.031184416189344,-34.39955988510284,6.63676763678596e-20
1786737013.967559,twist +Z,fast,1786737004.1849456,-455.59939166592676,-185.6671954230933,685.6763754462199,13.925039656732235,-34.16995437494451,6.64176515288358e-20
1786737013.9959328,twist +Z,fast,1786737004.1849456,-452.3076578957589,-183.9217895017133,682.8251705070124,13.794134212628638,-33.923074342182126,6.672515286346202e-20
1786737014.0242972,twist +Z,fast,1786737004.1849456,-455.5022160241051,-182.88247212243175,703.0387511127446,13.716185409182575,-34.16266620180797,6.88536445254513e-20
1786737014.0529754,twist +Z,fast,1786737004.1849456,-456.65568372346206,-180.53512170582712,705.9414529738651,13.540134127937254,-34.24917627925988,6.813401035076942e-20
1786737014.0815442,twist +Z,fast,1786737004.1849456,-454.2354140407774,-179.51065936459577,701.8875867239367,13.463299452344732,-34.06765605305851,6.725903398529357e-20
1786737014.1096773,twist +Z,fast,1786737004.1849456,-451.4066857577586,-180.3680719006303,683.1129095408978,13.527605392547361,-33.855501431831954,6.539579241861426e-20
1786737014.1380842,twist +Z,fast,1786737004.1849456,-453.24834577041383,-184.45771989143213,690.5660344625749,13.834328991857614,-33.99362593278119,6.646458443179808e-20
1786737014.1666007,twist +Z,fast,1786737004.1849456,-453.6157508611741,-186.48454883776412,690.7869880958806,13.986341162832414,-34.02118131458818,6.65115778194476e-20
1786737014.1945457,twist +Z,fast,1786737004.1849456,-458.06576084333483,-185.6952839528741,710.5738917839753,13.927146296465782,-34.35493206325018,6.811997816250283e-20
1786737014.223523,twist +Z,fast,1786737004.1849456,-459.80973017696897,-185.54318462945525,710.5666015053994,13.91573884720933,-34.485729763272985,6.795669157695709e-20
1786737014.251456,twist +Z,fast,1786737004.1849456,-460.50088730918833,-182.353147870543,713.7238352227314,13.676486090290904,-34.53756654818927,6.915900664051244e-20
1786737014.2799263,twist +Z,fast,1786737004.1849456,-458.0714967773515,-180.77771116505585,696.7881808146412,13.558328337379383,-34.355362258301504,6.794616214436608e-20
1786737014.308329,twist +Z,fast,1786737004.1849456,-456.5021379002619,-176.89191949508154,700.9562282803581,13.26689396213133,-34.237660342519845,6.76950538414872e-20
1786737014.3364544,twist +Z,fast,1786737004.1849456,-458.6627779326809,-179.1953291028417,713.8616567070194,13.439649682713412,-34.3997083449513,6.835698253388054e-20
1786737014.3649385,twist +Z,fast,1786737004.1849456,-459.52372221323776,-183.53730973044628,719.0218867870526,13.765298229783713,-34.46427916599305,6.880336510280371e-20
1786737014.3932524,twist +Z,fast,1786737004.1849456,-456.8884448589515,-183.95161855977688,710.3125826580272,13.796371391983445,-34.26663336442149,6.924595664346737e-20
1786737014.422073,twist +Z,fast,1786737004.1849456,-454.48305016931454,-181.08342872795004,696.9058985897491,13.581257154596475,-34.086228762698866,6.751784375669967e-20
1786737014.4501574,twist +Z,fast,1786737004.1849456,-454.64290806945155,-180.2046120740696,702.5954581863334,13.51534590555529,-34.09821810520896,6.833435843796634e-20
1786737014.4785678,twist +Z,fast,1786737004.1849456,-456.0661512710026,-180.65140572767632,706.8061816515974,13.548855429575855,-34.204961345325415,6.787178388293093e-20
1786737014.506748,twist +Z,fast,1786737004.1849456,-457.2366789066168,-184.3278523277387,701.5647169215899,13.824588924580599,-34.292750917996294,6.852982695967156e-20
1786737014.5351315,twist +Z,fast,1786737004.1849456,-457.39784059898193,-180.67013237712592,697.5252375715745,13.550259928284621,-34.3048380449239,6.750152563909383e-20
1786737014.563487,twist +Z,fast,1786737004.1849456,-456.45925697309576,-180.27081301669182,691.593649914229,13.520310976252137,-34.23444427298222,6.762763153760244e-20
1786737014.5919685,twist +Z,fast,1786737004.1849456,-454.94720148157603,-179.0831973245364,690.4061643236018,13.431239799340357,-34.12104011111831,6.683219742856309e-20
1786737014.6204023,twist +Z,fast,1786737004.1849456,-453.08905641599904,-180.1032436120745,678.2548569431874,13.507743270905824,-33.98167923120008,6.557116416352446e-20
1786737014.6488478,twist +Z,fast,1786737004.1849456,-451.03265077780907,-178.83450037255045,668.7614439333611,13.412587527941522,-33.82744880833591,6.485688910872606e-20
1786737014.6771877,twist +Z,fast,1786737004.1849456,-451.6479126834556,-178.19830047412245,670.0004990212801,13.364872535559254,-33.87359345125946,6.551714857265555e-20
1786737014.7054477,twist +Z,fast,1786737004.1849456,-451.69344924696,-182.76243342280793,668.2004488033363,13.707182506710677,-33.87700869352228,6.641137761989279e-20
1786737014.733958,twist +Z,fast,1786737004.1849456,-455.8328969962731,-184.03163273951884,683.7080016490636,13.80237245546407,-34.187467274720625,6.712946402593471e-20
1786737014.7621253,twist +Z,fast,1786737004.1849456,-459.0300469921681,-189.2602488203397,693.011816382098,14.19451866152571,-34.42725352441275,6.782959059912101e-20
1786737014.7906952,twist +Z,fast,1786737004.1849456,-459.09201246390285,-184.78396545956832,697.619132209491,13.858797409467737,-34.43190093479302,6.797775866650749e-20
1786737014.8191285,twist +Z,fast,1786737004.1849456,-459.1743885221804,-183.80445694709852,692.3445829435459,13.785334271032479,-34.43807913916372,6.787485908107946e-20
1786737014.8472486,twist +Z,fast,1786737004.1849456,-457.2117262420388,-178.84710838360547,700.3071349811362,13.41353312877072,-34.29087946815306,6.754613724465924e-20
1786737014.8755717,twist +Z,fast,1786737004.1849456,-456.6660168508183,-178.63021406673033,708.0807860396344,13.397266055005101,-34.2499512638115,6.720803053213821e-20
1786737014.9044042,twist +Z,fast,1786737004.1849456,-455.3200394262517,-179.35201527813842,711.2937483956939,13.451401145860562,-34.14900295696897,6.762860119408755e-20
1786737014.9325118,twist +Z,fast,1786737004.1849456,-455.69523117865356,-179.15648441613644,704.6576635402162,13.436736331210408,-34.177142338399236,6.730201472510935e-20
1786737014.9607716,twist +Z,fast,1786737004.1849456,-456.8530809351673,-179.94739575476967,705.6498932026307,13.496054681607898,-34.26398107013775,6.809455722825549e-20
1786737014.9891593,twist +Z,fast,1786737004.1849456,-454.51914504555225,-181.1932633789802,695.1678119417184,13.589494753423711,-34.088935878416585,6.730688554530782e-20
1786737015.017974,twist +Z,fast,1786737004.1849456,-454.43824740048876,-182.70722417954323,694.5031985444302,13.703041813465955,-34.08286855503667,6.755089467431263e-20
1786737015.0459287,twist +Z,fast,1786737004.1849456,-455.3478462802932,-183.4288570665076,697.0136288640879,13.757164279988327,-34.15108847102223,6.832434988876434e-20
1786737015.074425,twist +Z,fast,1786737004.1849456,-458.35842871267005,-183.49053295355156,714.9706482366983,13.76178997151661,-34.37688215345042,6.967448921288798e-20
1786737015.102748,twist +Z,fast,1786737004.1849456,-459.566559200141,-180.9273732841965,717.0866103689386,13.569552996314972,-34.46749194001074,6.974765031049878e-20
1786737015.1311967,twist +Z,fast,1786737004.1849456,-457.8550466253,-181.0748031291049,711.0023605148899,13.580610234682919,-34.339128496897615,6.885382715489388e-20
1786737015.159429,twist +Z,fast,1786737004.1849456,-456.66043645167156,-181.46154968182202,698.2199552616767,13.609616226136989,-34.249532733875604,6.771834062913432e-20
1786737015.1878254,twist +Z,fast,1786737004.1849456,-453.7342629404802,-183.56709532371417,694.3024706038341,13.767532149278605,-34.03006972053614,6.763090234411105e-20
1786737015.2161689,twist +Z,fast,1786737004.1849456,-454.7316439617298,-185.55234968417892,689.3337735499317,13.916426226313565,-34.10487329712978,6.693916229742764e-20
1786737015.2448306,twist +Z,fast,1786737004.1849456,-455.34605827489304,-187.1064091596662,692.4613839377889,14.032980686975161,-34.15095437061699,6.767223324771429e-20
1786737015.2732801,twist +Z,fast,1786737004.1849456,-455.96837070939046,-185.6831490492541,693.9488780598604,13.926236178694193,-34.1976278032045,6.777753511309478e-20
1786737015.3015373,twist +Z,fast,1786737004.1849456,-454.16498273472325,-181.7896971783216,694.0867822188111,13.634227288374259,-34.062373705104335,6.784085532145884e-20
1786737015.3300548,twist +Z,fast,1786737004.1849456,-452.36553539665965,-178.13592451235502,687.3110808146866,13.36019433842677,-33.927415154749575,6.749751678214639e-20
1786737015.358659,twist +Z,fast,1786737004.1849456,-451.8606681683091,-177.7175974935692,678.2248458719478,13.328819812017908,-33.889550112623354,6.659154398219406e-20
1786737015.3865366,twist +Z,fast,1786737004.1849456,-453.41975361740197,-176.25496329966938,680.1247881697855,13.21912224747538,-34.006481521305346,6.651604297528252e-20
1786737015.4150085,twist +Z,fast,1786737004.1849456,-456.04864952784646,-177.3707538704325,689.0847935316833,13.30280654028272,-34.203648714588546,6.59369980829773e-20
1786737015.4433322,twist +Z,fast,1786737004.1849456,-456.6100985690887,-175.2019060981421,695.3871482038667,13.140142957360897,-34.24575739268201,6.647888581432111e-20
1786737015.4717422,twist +Z,fast,1786737004.1849456,-459.88512776797734,-178.65990828787324,703.5192333461819,13.39949312159062,-34.491384582598705,6.70349159501108e-20
1786737015.5000293,twist +Z,fast,1786737004.1849456,-456.62431407391796,-175.53378438669085,692.9656887235378,13.165033829002073,-34.24682355554408,6.705838818333908e-20
1786737015.528327,twist +Z,fast,1786737004.1849456,-457.09409117308223,-179.22692711536888,694.7371859083942,13.442019533653042,-34.28205683798125,6.720031446734732e-20
1786737015.5569787,twist +Z,fast,1786737004.1849456,-455.2249612672699,-175.39814955759562,698.8021590302251,13.154861216819864,-34.14187209504554,6.706369509193623e-20
1786737015.585121,twist +Z,fast,1786737004.1849456,-458.67286106661913,-177.6408812138119,708.0244800448081,13.323066091036015,-34.400464579996545,6.744854339536265e-20
1786737015.6137795,twist +Z,fast,1786737004.1849456,-456.65093430032266,-176.47451867641428,697.3375463333668,13.23558890073134,-34.24882007252439,6.712073193755363e-20
1786737015.641851,twist +Z,fast,1786737004.1849456,-455.73359148977033,-180.36590376586923,689.5332119560326,13.527442782440563,-34.18001936173296,6.747017252907511e-20
1786737015.6704197,twist +Z,fast,1786737004.1849456,-452.4938634925643,-182.215980806816,683.2378800816186,13.666198560511422,-33.93703976194248,6.7505616245054e-20
1786737015.6991632,twist +Z,fast,1786737004.1849456,-458.18759437077597,-181.22250212481367,703.6222432208051,13.591687659361273,-34.36406957780846,6.770823078235086e-20
1786737015.7272446,twist +Z,fast,1786737004.1849456,-456.7685629409639,-180.07480784969982,694.9259255165125,13.505610588727766,-34.257642220572414,6.73064150384332e-20
1786737015.7554421,twist +Z,fast,1786737004.1849456,-457.84309914746973,-180.30770146257032,695.6662263268354,13.523077609692965,-34.338232436060636,6.759274928924076e-20
1786737015.7839386,twist +Z,fast,1786737004.1849456,-453.02693922874414,-183.45063583216415,683.9522281466443,13.758797687412528,-33.97702044215601,6.769877652231172e-20
1786737015.8123507,twist +Z,fast,1786737004.1849456,-454.0364003376526,-185.73173724280525,689.8035770582437,13.929880293210534,-34.05273002532403,6.779956616518399e-20
1786737015.8409457,twist +Z,fast,1786737004.1849456,-456.51121082568034,-184.09903011697895,700.1979412202363,13.807427258773732,-34.23834081192631,6.785937979361232e-20
1786737015.8691585,twist +Z,fast,1786737004.1849456,-457.6145632803655,-183.28812316545532,705.4275460484569,13.746609237409285,-34.32109224602752,6.828449668146075e-20
1786737015.897524,twist +Z,fast,1786737004.1849456,-456.5483172863255,-183.16726100614494,703.8384165416082,13.737544575460962,-34.24112379647461,6.811435471314852e-20
1786737015.9257014,twist +Z,fast,1786737004.1849456,-453.7674926134814,-182.463432468953,693.454201928409,13.684757435171644,-34.03256194601126,6.757497173208794e-20
1786737015.9540837,twist +Z,fast,1786737004.1849456,-452.9894513499971,-181.05107132986302,690.8075840400852,13.57883034973985,-33.97420885124992,6.692500815691992e-20
1786737015.9827604,twist +Z,fast,1786737004.1849456,-451.05617347617317,-180.5277946182523,685.0052732471777,13.539584596369185,-33.82921301071309,6.654819030094575e-20
1786737016.011043,twist +Z,fast,1786737004.1849456,-450.36025928264917,-183.68982759249184,678.7595911664357,13.776737069437093,-33.77701944619896,6.626627139580825e-20
1786737016.039557,twist +Z,fast,1786737004.1849456,-452.78413872565216,-188.8553209975006,677.3976958841577,14.16414907481268,-33.95881040442404,6.624077648636593e-20
1786737016.0679393,twist +Z,fast,1786737004.1849456,-456.77347021843434,-190.1688807898023,694.0004099147809,14.262666059235311,-34.258010266382826,6.736268365035083e-20
1786737016.0959828,twist +Z,fast,1786737004.1849456,-456.96999199859965,-187.51086065984373,702.1833967082248,14.06331454948852,-34.272749399895,6.746525304144402e-20
1786737016.124228,twist +Z,fast,1786737004.1849456,-453.70328315523284,-182.85304694759668,697.8237111555136,13.713978521069944,-34.02774623664283,6.696717481431916e-20
1786737016.1525824,twist +Z,fast,1786737004.1849456,-450.9327447708233,-180.10954666579846,683.6933129895069,13.508215999935164,-33.81995585781195,6.578460994985498e-20
1786737016.1810915,twist +Z,fast,1786737004.1849456,-450.59532805380013,-178.29753861511153,682.2643024067347,13.372315396133626,-33.79464960403528,6.58954099778494e-20
1786737016.2097065,twist +Z,fast,1786737004.1849456,-452.96695751925654,-178.109188292598,682.0059335608748,13.358189121944942,-33.97252181394455,6.62190394458512e-20
1786737016.2379556,twist +Z,fast,1786737004.1849456,-456.58387940194825,-177.2199579281887,692.6634821352491,13.291496844614432,-34.24379095514609,6.696936359072778e-20
1786737016.2661977,twist +Z,fast,1786737004.1849456,-457.8325948652864,-181.70710186717145,698.956597169069,13.628032640038047,-34.33744461489645,6.709781669629081e-20
1786737016.294758,twist +Z,fast,1786737004.1849456,-459.57572575907625,-184.2638437027059,706.9851714892175,13.819788277703243,-34.46817943193084,6.799499149948177e-20
1786737016.3230035,twist +Z,fast,1786737004.1849456,-457.4004241640773,-184.2948383982025,711.7303086451602,13.822112879865362,-34.30503181230603,6.812404891340573e-20
1786737016.3515756,twist +Z,fast,1786737004.1849456,-457.58085378783517,-185.59643444848575,696.6660296204464,13.91973258363657,-34.31856403408789,6.854442029195956e-20
1786737016.3800771,twist +Z,fast,1786737004.1849456,-451.6918273052638,-181.52920525316972,683.2252423605587,13.61469039398791,-33.876887047894776,6.719623211204079e-20
1786737016.4084685,twist +Z,fast,1786737004.1849456,-450.979161234211,-182.5703280313378,672.5764155369106,13.692774602350472,-33.82343709256591,6.685869240544627e-20
1786737016.4400604,twist +Z,fast,1786737004.1849456,-451.42209853486565,-180.301301305352,685.8765142987195,13.522597597901711,-33.85665739011512,6.678604320324908e-20
1786737016.4648542,twist +Z,fast,1786737004.1849456,-455.40757228281655,-182.94411495598922,708.0759256962292,13.72080862169943,-34.155567921211365,6.898311603739653e-20
1786737016.4934154,twist +Z,fast,1786737004.1849456,-458.74629874363836,-188.61556083950313,716.6961838119478,14.14616706296297,-34.40597240577299,6.92095531308775e-20
1786737016.5216174,twist +Z,fast,1786737004.1849456,-458.72003488398286,-189.1999351910879,715.0535558862075,14.189995139331888,-34.40400261629888,6.910361966444889e-20
1786737016.5499387,twist +Z,fast,1786737004.1849456,-457.5874608330214,-187.2191295813725,694.294952141473,14.041434718603089,-34.31905956247675,6.768850999425259e-20
1786737016.578404,twist +Z,fast,1786737004.1849456,-452.88712966892535,-178.10857690310218,682.1878446455557,13.358143267732881,-33.966534725169694,6.684656601358262e-20
1786737016.6068466,twist +Z,fast,1786737004.1849456,-451.6860540266334,-177.4171097916302,680.9033960495526,13.306283234372525,-33.8764540519976,6.653348758408009e-20
1786737016.6381779,twist +Z,fast,1786737004.1849456,-452.20608703277185,-179.04502375956395,692.4041616308132,13.428376781967646,-33.91545652745819,6.65006399826986e-20
1786737016.6636136,twist +Z,fast,1786737004.1849456,-455.4061700865691,-183.17024541847502,705.0575164837674,13.737768406385737,-34.15546275649294,6.772627816581585e-20
1786737016.6919389,twist +Z,fast,1786737004.1849456,-455.9068671658738,-183.1968925968149,705.018583925601,13.739766944761453,-34.19301503744064,6.799313660829143e-20
1786737016.7204342,twist +Z,fast,1786737004.1849456,-453.9025648795782,-181.28790270366062,692.3453802830736,13.596592702774625,-34.042692365968605,6.791676334146797e-20
1786737016.7486644,twist +Z,fast,1786737004.1849456,-453.42926667005895,-181.6590508655969,689.1288470162754,13.62442881492009,-34.00719500025455,6.823208979421003e-20
1786737016.7770944,twist +Z,fast,1786737004.1849456,-455.58280933134483,-182.22382920364623,691.5686483650825,13.666787190273627,-34.16871069985109,6.824927782559883e-20
1786737016.8055317,twist +Z,fast,1786737004.1849456,-458.5819780567763,-184.4142261198541,702.8977958875257,13.831066958989151,-34.39364835425821,6.809410316585464e-20
1786737016.8337584,twist +Z,fast,1786737004.1849456,-459.35837454559896,-182.11287649655662,697.7247092088564,13.658465737241908,-34.45187809092019,6.722493141358545e-20
1786737016.8622231,twist +Z,fast,1786737004.1849456,-460.0320046582333,-182.01074905965163,711.520855877905,13.650806179474191,-34.502400349367846,6.844238114818832e-20
1786737016.890542,twist +Z,fast,1786737004.1849456,-460.4607174649004,-183.58197930948722,705.9001564369992,13.768648448211767,-34.534553809867795,6.896580806805763e-20
1786737016.9188416,twist +Z,fast,1786737004.1849456,-460.0274313473269,-185.5495381797931,710.6267420262802,13.916215363484664,-34.50205735104973,6.959208553106946e-20
1786737016.9472673,twist +Z,fast,1786737004.1849456,-455.33309876698286,-183.62848953088053,691.488694522568,13.772136714816153,-34.14998240752399,6.829205203333619e-20
1786737016.975945,twist +Z,fast,1786737004.1849456,-454.8512721072484,-182.6686181785468,696.6949622705215,13.700146363391315,-34.113845408043865,6.807604075860931e-20
1786737017.0042186,twist +Z,fast,1786737004.1849456,-453.32622436395195,-181.69261287609265,696.1499762480162,13.626945965707247,-33.99946682729684,6.714056023853613e-20
1786737017.0324526,twist +Z,fast,1786737004.1849456,-454.0030043232482,-182.22576291201221,692.781249606076,13.66693221840119,-34.05022532424395,6.670996991285599e-20
1786737017.061044,twist +Z,fast,1786737004.1849456,-454.7790864433223,-183.86825492951925,696.8795667518971,13.79011911971433,-34.108431483249404,6.638460618019814e-20
1786737017.0891712,twist +Z,fast,1786737004.1849456,-455.7688929646815,-183.79492297492743,701.1960031126946,13.784619223119893,-34.18266697235126,6.710013497206644e-20
1786737017.1175582,twist +Z,fast,1786737004.1849456,-456.6927808235646,-185.16229797025085,706.3787863163216,13.887172347769084,-34.25195856176749,6.71996580876337e-20
1786737017.1459742,twist +Z,fast,1786737004.1849456,-456.47908557792334,-183.17626464314526,702.2871771429091,13.738219848236138,-34.23593141834446,6.716624413925673e-20
1786737017.1744366,twist +Z,fast,1786737004.1849456,-458.1288547436816,-185.36802408126562,696.9218006558494,13.90260180609513,-34.359664105776424,6.759121996861853e-20
1786737017.2029514,twist +Z,fast,1786737004.1849456,-458.54030284994406,-185.12204274643284,702.151407101187,13.884153205982638,-34.39052271374603,6.752551733276899e-20
1786737017.2334902,twist +Z,fast,1786737004.1849456,-455.3256195491922,-183.68774749313513,703.2289257936463,13.776581061985421,-34.14942146618959,6.762676754912437e-20
1786737017.2597184,twist +Z,fast,1786737004.1849456,-453.2827667984802,-181.61695362274304,708.660797498761,13.621271521706046,-33.99620750988603,6.723834163485758e-20
1786737017.2879236,twist +Z,fast,1786737004.1849456,-453.1362555724472,-180.87083222094225,708.6162716554436,13.565312416570844,-33.98521916793356,6.793824212262947e-20
1786737017.3167355,twist +Z,fast,1786737004.1849456,-459.0481138287496,-183.71960715176817,711.9300411155891,13.778970536382896,-34.4286085371563,6.81244982817017e-20
1786737017.344645,twist +Z,fast,1786737004.1849456,-455.6996517564644,-186.1117209570765,694.5582420438868,13.95837907178095,-34.177473881734876,6.69894218630691e-20
1786737017.37309,twist +Z,fast,1786737004.1849456,-454.6227554875595,-183.81627152355225,686.7640937946162,13.786220364266757,-34.096706661567005,6.617822445988508e-20
1786737017.401413,twist +Z,fast,1786737004.1849456,-451.2740897714607,-182.14965464166448,684.0886425271892,13.661224098124958,-33.845556732859635,6.657562020568538e-20
1786737017.4299567,twist +Z,fast,1786737004.1849456,-452.79452413705394,-176.40782056292915,698.9294380050478,13.230586542219985,-33.959589310279206,6.697287359774376e-20
1786737017.4582021,twist +Z,fast,1786737004.1849456,-453.9658893374044,-177.8674398258339,708.226120696283,13.34005798693769,-34.047441700305534,6.767245628476379e-20
1786737017.4865036,twist +Z,fast,1786737004.1849456,-456.2585433121594,-177.74531010339194,701.5254913393892,13.330898257754523,-34.219390748412245,6.77992590157563e-20
1786737017.5151734,twist +Z,fast,1786737004.1849456,-458.258062669252,-181.50655915314985,700.1219560953032,13.612991936486477,-34.36935470019418,6.79282809080146e-20
1786737017.5433104,twist +Z,fast,1786737004.1849456,-457.3682523932939,-184.26775726161202,689.8628783012591,13.820081794621128,-34.30261892949731,6.74445461909462e-20
1786737017.5717428,twist +Z,fast,1786737004.1849456,-451.2625285820641,-184.70507636434297,686.914644932267,13.85288072732595,-33.844689643655066,6.628633135351498e-20
1786737017.6000452,twist +Z,fast,1786737004.1849456,-446.90230782494336,-183.9231588723543,668.5266547137653,13.794236915426875,-33.517673086870865,6.565111359910048e-20
1786737017.6283453,twist +Z,fast,1786737004.1849456,-447.2176483283365,-179.6837524829325,675.7968690874341,13.476281436220088,-33.541323624625434,6.575169503709839e-20
1786737017.6568003,twist +Z,fast,1786737004.1849456,-455.107634999089,-179.94302654977412,705.6404545891328,13.495726991233244,-34.13307262493181,6.76107386500325e-20
1786737017.6855257,twist +Z,fast,1786737004.1849456,-458.8527084573525,-179.7110932989932,722.5958580948445,13.478331997424878,-34.41395313430155,6.794647603356577e-20
1786737017.713866,twist +Z,fast,1786737004.1849456,-458.9416842689652,-185.48295308812442,721.9219562785638,13.911221481609598,-34.420626320172595,6.801425754122264e-20
1786737017.7421222,twist +Z,fast,1786737004.1849456,-453.11164245179543,-186.1319931372908,693.2617462797207,13.959899485296877,-33.98337318388474,6.682699022511524e-20
1786737017.7706616,twist +Z,fast,1786737004.1849456,-455.85148054673164,-189.09730590866513,693.5081321402504,14.182297943150015,-34.188861041005055,6.814256221885378e-20
1786737017.7988524,twist +Z,fast,1786737004.1849456,-457.4728336665821,-184.3890233524038,699.8603266861373,13.829176751430413,-34.310462524993845,6.865941411390861e-20
1786737017.827022,twist +Z,fast,1786737004.1849456,-458.07060692249934,-181.7077080184407,717.3060513928458,13.628078101383114,-34.355295519187685,6.958345480021548e-20
1786737017.8554502,twist +Z,fast,1786737004.1849456,-456.7435013283907,-182.60875097144117,718.3744006223096,13.695656322858252,-34.25576259962945,6.883238895027861e-20
1786737017.883662,twist +Z,fast,1786737004.1849456,-458.90370943705057,-182.5346478654477,717.8092607165363,13.690098589908775,-34.41777820777893,6.850249335924823e-20
1786737017.912135,twist +Z,fast,1786737004.1849456,-458.63019067428195,-183.70279435676196,703.5137701733347,13.777709576757271,-34.3972643005713,6.759893220584312e-20
1786737017.9404714,twist +Z,fast,1786737004.1849456,-456.9854363100699,-176.8631794846708,699.6009470183117,13.264738461350586,-34.273907723255405,6.720927018589056e-20
1786737017.9688606,twist +Z,fast,1786737004.1849456,-451.1767771319892,-177.57750150872937,682.5020027866667,13.31831261315492,-33.83825828489941,6.629743272797507e-20
1786737017.99851,twist +Z,fast,1786737004.1849456,-455.11335916093094,-178.0612010229678,701.8983900072826,13.354590076722847,-34.133501937069866,6.803182379123453e-20
1786737018.0257535,twist +Z,fast,1786737004.1849456,-457.1681710066846,-186.83782566560706,712.4283540042252,14.01283692492056,-34.28761282550148,6.894656744190559e-20
1786737018.0540009,twist +Z,fast,1786737004.1849456,-459.8746984185477,-186.75191493078114,722.4275699875052,14.006393619808744,-34.490602381391284,6.948644461640799e-20
1786737018.0824757,twist +Z,fast,1786737004.1849456,-455.43739164083536,-184.78936774398255,702.4212100260456,13.85920258079894,-34.15780437306283,6.726764753334831e-20
1786737018.1108377,twist +Z,fast,1786737004.1849456,-452.50020363939575,-177.91005079530885,692.7848003954769,13.343253809648434,-33.93751527295486,6.644584010635114e-20
1786737018.1391563,twist +Z,fast,1786737004.1849456,-453.18954675756504,-176.55827773398948,698.813776338633,13.241870830049354,-33.98921600681749,6.72313584210476e-20
1786737018.1677344,twist +Z,fast,1786737004.1849456,-454.96714641254493,-177.71348396570875,709.4048728486396,13.328511297428445,-34.12253598094094,6.769561145302028e-20
1786737018.1983337,twist +Z,fast,1786737004.1849456,-457.5393218467807,-184.35983622520973,703.148264940497,13.826987716890951,-34.31544913850862,6.750714616761119e-20
1786737018.2246947,twist +Z,fast,1786737004.1849456,-458.3106323387333,-184.61950888632748,705.3339559571432,13.846463166474752,-34.373297425405084,6.781277055706295e-20
1786737018.2531428,twist +Z,fast,1786737004.1849456,-459.7923919993009,-182.89695424368563,705.930894313632,13.717271568276733,-34.484429399947715,6.782790406603679e-20
1786737018.2814705,twist +Z,fast,1786737004.1849456,-461.25038286447534,-179.62624402731,723.3801586781228,13.471968302048612,-34.593778714835764,6.902822191463091e-20
1786737018.309717,twist +Z,fast,1786737004.1849456,-459.2128974825623,-182.34004518353606,709.090215391836,13.675503388765438,-34.44096731119239,6.82204665850484e-20
1786737018.3381658,twist +Z,fast,1786737004.1849456,-461.40396423095126,-187.2430900710906,707.3913254516547,14.043231755331906,-34.60529731732143,6.90969391424797e-20
1786737018.3664694,twist +Z,fast,1786737004.1849456,-458.66855191266586,-186.78384808442888,697.8707761317446,14.008788606332278,-34.40014139345005,6.898632562626106e-20
1786737018.3948734,twist +Z,fast,1786737004.1849456,-461.9445095939909,-186.06128316085574,721.3772776970964,13.954596237064425,-34.645838219549624,7.025844489619883e-20
1786737018.4230838,twist +Z,fast,1786737004.1849456,-457.96726475755077,-183.8943965598162,722.4931528900388,13.792079741986473,-34.347544856816526,7.053666444229931e-20
1786737018.4513772,twist +Z,fast,1786737004.1849456,-462.0465267722734,-182.0666221244469,734.5638857129652,13.654996659333651,-34.653489507920725,7.07597041603339e-20
1786737018.4798443,twist +Z,fast,1786737004.1849456,-462.2915056563479,-178.23414957892578,725.0745415121346,13.367561218419763,-34.67186292422622,7.031633070000163e-20
1786737018.5085773,twist +Z,fast,1786737004.1849456,-461.7653760338226,-175.61993762917587,720.4547250831929,13.171495322188544,-34.63240320253677,6.916091049730276e-20
1786737018.5367312,twist +Z,fast,1786737004.1849456,-460.6630729662779,-181.2718451735218,711.8796507878378,13.595388388014403,-34.54973047247103,6.856768157216476e-20
1786737018.5649662,twist +Z,fast,1786737004.1849456,-456.884072226866,-183.77761309785865,705.1265191457933,13.783320982339507,-34.266305417015005,6.78056900732025e-20
1786737018.5940309,twist +Z,fast,1786737004.1849456,-457.2008761753714,-184.75509581915526,709.0681720737339,13.856632186436773,-34.29006571315306,6.846542365323882e-20
1786737018.6223035,twist +Z,fast,1786737004.1849456,-455.3531572570182,-182.51351058457908,707.2437137278657,13.688513293843823,-34.15148679427652,6.80267635034522e-20
1786737018.6503887,twist +Z,fast,1786737004.1849456,-459.7760600770348,-182.72463582262378,710.0374075234504,13.70434768669713,-34.48320450577785,6.788312867166044e-20
1786737018.6786199,twist +Z,fast,1786737004.1849456,-457.7011261693806,-180.676054596982,698.0567833628065,13.550704094773895,-34.32758446270369,6.623014831325045e-20
1786737018.7069468,twist +Z,fast,1786737004.1849456,-455.3230052077315,-177.32440529392886,699.6641816979918,13.299330397044887,-34.14922539057985,6.649768191917768e-20
1786737018.7353883,twist +Z,fast,1786737004.1849456,-451.5835151377087,-179.91406970994433,697.8875429277705,13.493555228246233,-33.86876363532834,6.634940657615305e-20
1786737018.7636101,twist +Z,fast,1786737004.1849456,-453.1607858869311,-184.54552408416282,702.7916277561771,13.84091430631248,-33.98705894152018,6.742816510254151e-20
1786737018.7929769,twist +Z,fast,1786737004.1849456,-455.3577456495668,-185.58110719411707,700.9246796621674,13.918583039559007,-34.15183092371757,6.728066866352837e-20
1786737018.8204691,twist +Z,fast,1786737004.1849456,-453.3850190632993,-182.37559794565527,690.499884727993,13.678169845924462,-34.00387642974765,6.741457511674602e-20
1786737018.8487928,twist +Z,fast,1786737004.1849456,-456.0665535545404,-179.68300897740266,696.0270466159118,13.47622567330546,-34.20499151659062,6.706010077878215e-20
1786737018.8772187,twist +Z,fast,1786737004.1849456,-455.59395045877636,-179.6167816938795,695.2706480009929,13.471258627041184,-34.16954628440833,6.704686145552697e-20
1786737018.905671,twist +Z,fast,1786737004.1849456,-456.9795487170727,-181.8355029352673,698.2777393938213,13.637662720145148,-34.27346615378051,6.666107917629241e-20
1786737018.9341006,twist +Z,fast,1786737004.1849456,-453.6011034679759,-183.45109005270854,696.1641143809256,13.758831753953235,-34.0200827600983,6.711387533440738e-20
1786737018.9628096,twist +Z,fast,1786737004.1849456,-451.2976530963906,-182.7768183211358,690.6536185053292,13.70826137408542,-33.84732398222936,6.65981339140236e-20
1786737018.9907365,twist +Z,fast,1786737004.1849456,-447.1082065719079,-178.32747155688867,679.4655227659741,13.37456036676691,-33.53311549289324,6.632409947463274e-20
1786737019.0194435,twist +Z,fast,1786737004.1849456,-447.1867733896861,-177.05482132245925,674.642219167672,13.27911159918472,-33.53900800422662,6.573499941439685e-20
1786737019.0476472,twist +Z,fast,1786737004.1849456,-452.28165932652564,-179.86072081531017,676.3874750883388,13.48955406114855,-33.92112444948957,6.626330023615717e-20
1786737019.0760531,twist +Z,fast,1786737004.1849456,-456.47066975627376,-181.41011111524824,689.7947756874419,13.605758333643873,-34.23530023172066,6.71857209258783e-20
1786737019.1044655,twist +Z,fast,1786737004.1849456,-456.57207492586895,-182.42895667808546,691.9960969363219,13.682171750856636,-34.24290561944039,6.784850011384937e-20
1786737019.132729,twist +Z,fast,1786737004.1849456,-452.5422835117288,-179.57280147840208,697.4909947561464,13.467960110880473,-33.94067126337982,6.741446828236422e-20
1786737019.1611118,twist +Z,fast,1786737004.1849456,-454.7809907580413,-183.4885663100954,701.93330367401,13.761642473257329,-34.108574306853335,6.751985530145126e-20
1786737019.189831,twist +Z,fast,1786737004.1849456,-451.79162453311255,-180.4526309388217,692.6092834555848,13.533947320411873,-33.88437183998351,6.69346210741441e-20
1786737019.218139,twist +Z,fast,1786737004.1849456,-452.7712466435878,-180.94935596091216,690.5327558976878,13.571201697068641,-33.95784349826926,6.771447934309825e-20
1786737019.2463553,twist +Z,fast,1786737004.1849456,-452.5139665822935,-182.54677007566,688.8681224304537,13.691007755674772,-33.93854749367207,6.742612352686156e-20
1786737019.2746847,twist +Z,fast,1786737004.1849456,-455.6191217558048,-183.67127649986662,698.3257573357805,13.775345737490117,-34.17143413168555,6.815231624620985e-20
1786737019.3030174,twist +Z,fast,1786737004.1849456,-453.6112791096798,-183.5545328205161,691.7314625493955,13.766589961539022,-34.02084593322631,6.772946078629898e-20
1786737019.3314168,twist +Z,fast,1786737004.1849456,-452.6262373522991,-180.11428139398765,693.0483537677828,13.508571104549436,-33.94696780142262,6.769801818313471e-20
1786737019.3597214,twist +Z,fast,1786737004.1849456,-452.93510870758837,-183.0138422696108,684.8432353844482,13.72603817022112,-33.97013315306934,6.632500245587471e-20
1786737019.3895004,twist +Z,fast,1786737004.1849456,-454.88461483222454,-184.72137237698905,683.4786810700434,13.85410292827424,-34.116346112416906,6.596863327013345e-20
1786737019.4165509,twist +Z,fast,1786737004.1849456,-454.6345578202736,-184.96040911677926,692.0293258356687,13.872030683758492,-34.097591836520664,6.630088629761728e-20
1786737019.444951,twist +Z,fast,1786737004.1849456,-453.9433264249592,-184.03896659184954,696.854127324159,13.802922494389012,-34.045749481872015,6.675799331257746e-20
1786737019.4734166,twist +Z,fast,1786737004.1849456,-453.5781172748566,-182.69302424533282,697.1827367487058,13.701976818400173,-34.0183587956144,6.719489405726334e-20
1786737019.5017989,twist +Z,fast,1786737004.1849456,-455.3304719759767,-181.78097975788978,690.4993959183048,13.633573481841918,-34.14978539819851,6.79052030279371e-20
1786737019.5305567,twist +Z,fast,1786737004.1849456,-456.0649358055466,-181.42570427883197,693.6142640759608,13.606927820912627,-34.204870185416105,6.853934960525571e-20
1786737019.5584455,twist +Z,fast,1786737004.1849456,-459.41665154780503,-183.60778178301098,698.327672702565,13.770583633725924,-34.45624886608556,6.871871878360953e-20
1786737019.5867124,twist +Z,fast,1786737004.1849456,-457.74949442639945,-185.57196988329906,696.9004187010505,13.917897741247788,-34.331212081980205,6.762912048763566e-20
1786737019.6151075,twist +Z,fast,1786737004.1849456,-457.259474550453,-184.62206794102622,694.6435024691746,13.846655095577074,-34.29446059128428,6.863631808231869e-20
1786737019.6439312,twist +Z,fast,1786737004.1849456,-456.0732142709858,-187.0337742948675,700.4864288001354,14.027533072115364,-34.20549107032424,6.837723276552796e-20
1786737019.6721547,twist +Z,fast,1786737004.1849456,-455.83169172617,-183.8154995401327,699.8608645752447,13.786162465509964,-34.18737687946301,6.818510764652263e-20
1786737019.7008934,twist +Z,fast,1786737004.1849456,-458.02067271376336,-184.80987807059978,704.936038472295,13.86074085529535,-34.3515504535324,6.707803861776942e-20
1786737019.7289433,twist +Z,fast,1786737004.1849456,-454.2284362367591,-181.0852038146587,702.9455912685353,13.581390286099573,-34.06713271775696,6.735946568468337e-20
1786737019.7570004,twist +Z,fast,1786737004.1849456,-453.1528936469663,-182.88734325430949,699.2624909528249,13.716550744073313,-33.9864670235227,6.779328126265653e-20
1786737019.7859154,twist +Z,fast,1786737004.1849456,-452.27930447945573,-185.34922125643993,698.1000326212497,13.901191594233214,-33.92094783595942,6.821043237112362e-20
1786737019.8138995,twist +Z,fast,1786737004.1849456,-451.5208442825574,-182.45214210554957,689.210277548953,13.683910657916439,-33.86406332119218,6.8271167373989e-20
1786737019.8424726,twist +Z,fast,1786737004.1849456,-451.7151846393217,-186.37907296094363,683.756322299776,13.978430472070922,-33.87863884794925,6.782750055709709e-20
1786737019.8704944,twist +Z,fast,1786737004.1849456,-452.0942306895504,-183.52332689885213,685.3409674761942,13.764249517414068,-33.90706730171637,6.705693376319694e-20
1786737019.8989413,twist +Z,fast,1786737004.1849456,-461.1710995717176,-191.18913417916667,697.0169113749507,14.3391850634378,-34.587832467878954,6.740358457479516e-20
1786737019.927349,twist +Z,fast,1786737004.1849456,-459.5451130623105,-186.92691865541792,698.9775508108687,14.019518899156449,-34.46588347967329,6.730613202584869e-20
1786737019.956034,twist +Z,fast,1786737004.1849456,-457.8435788220577,-187.03218784691705,696.5525248266676,14.027414088519027,-34.33826841165448,6.775913724998503e-20
1786737019.9847307,twist +Z,fast,1786737004.1849456,-452.4705954509418,-181.91344555567161,691.8790723226284,13.643508416675619,-33.93529465882073,6.712254680982042e-20
1786737020.0126271,twist +Z,fast,1786737004.1849456,-454.1572746910565,-181.5835079745682,691.0403554665672,13.618763098092902,-34.06179560182941,6.722080105631712e-20
1786737020.0411866,twist +Z,fast,1786737004.1849456,-456.7891975857133,-183.77728552893552,696.9843791340627,13.78329641467047,-34.25918981892862,6.712201332317358e-20
1786737020.069446,twist +Z,fast,1786737004.1849456,-456.45924400462354,-183.14461161874442,696.9916906757235,13.735845871406053,-34.23444330034683,6.69537999914448e-20
1786737020.0982902,twist +Z,fast,1786737004.1849456,-456.9031494408373,-182.77508114886803,702.1010745993171,13.70813108616527,-34.267736208062885,6.670353254928392e-20
1786737020.126296,twist +Z,fast,1786737004.1849456,-455.6116677169539,-185.8475715489202,693.6916887596481,13.938567866169382,-34.17087507877156,6.750881804305967e-20
1786737020.1544008,twist +Z,fast,1786737004.1849456,-452.8983041330239,-183.01185773396367,693.6891052875544,13.725889330047519,-33.96737280997689,6.815683587559341e-20
1786737020.1828709,twist +Z,fast,1786737004.1849456,-452.78406676421855,-181.93260117007503,694.272326874946,13.644945087755882,-33.95880500731647,6.837562561795476e-20
1786737020.2113364,twist +Z,fast,1786737004.1849456,-455.0644621678771,-179.08658893462996,699.6843746115246,13.431494170097384,-34.129834662591044,6.857773752339446e-20
1786737020.2395883,twist +Z,fast,1786737004.1849456,-456.9261396348347,-184.74138481645082,695.9504172747165,13.855603861234076,-34.269460472612835,6.770193450456423e-20
1786737020.2679367,twist +Z,fast,1786737004.1849456,-456.96631104135076,-185.6552169815061,698.207536738033,13.924141273613085,-34.27247332810149,6.821019370778392e-20
1786737020.296638,twist +Z,fast,1786737004.1849456,-454.1411188174302,-183.06215016638805,692.6701597807723,13.72966126247928,-34.06058391130732,6.721921879153655e-20
1786737020.3248487,twist +Z,fast,1786737004.1849456,-451.9363357685802,-177.94161719700207,691.0521226684014,13.345621289775298,-33.895225182643664,6.737245499826088e-20
1786737020.3531506,twist +Z,fast,1786737004.1849456,-450.7194003347263,-174.4672803306688,691.5965510077549,13.085046024800459,-33.80395502510475,6.739564997184045e-20
1786737020.38136,twist +Z,fast,1786737004.1849456,-451.10929281684275,-178.31686422567657,695.0973266140163,13.373764816925966,-33.833196961263205,6.769942373143594e-20
1786737020.409758,twist +Z,fast,1786737004.1849456,-452.465089142393,-181.2184184014128,697.7698105427371,13.591381380106217,-33.93488168567965,6.774973547661892e-20
1786737020.4382145,twist +Z,fast,1786737004.1849456,-455.93463203141164,-187.99468023790587,701.6242590697921,14.099601017843266,-34.19509740235611,6.751328530702636e-20
1786737020.46657,twist +Z,fast,1786737004.1849456,-455.5616198695152,-183.24156086687105,702.8452616308359,13.7431170650154,-34.16712149021385,6.746683952247475e-20
1786737020.49513,twist +Z,fast,1786737004.1849456,-454.347157129474,-181.17615836704454,699.962114715674,13.588211877528504,-34.07603678471072,6.742681415613396e-20
1786737020.5234692,twist +Z,fast,1786737004.1849456,-452.8378139436404,-179.14305375206004,699.7731350819267,13.435729031404751,-33.96283604577313,6.777003328776733e-20
1786737020.5518005,twist +Z,fast,1786737004.1849456,-453.53338093347384,-177.19233880807258,694.2664871261377,13.289425410605592,-34.01500357001063,6.725124237872614e-20
1786737020.5805361,twist +Z,fast,1786737004.1849456,-456.28326159768085,-179.4742723135131,701.9821378786928,13.460570423513648,-34.221244619826265,6.820735656685133e-20
1786737020.6086836,twist +Z,fast,1786737004.1849456,-454.42891275130387,-179.33504706436372,696.556493537284,13.450128529827605,-34.08216845634809,6.766267143955989e-20
1786737020.6371992,twist +Z,fast,1786737004.1849456,-458.78064450477405,-185.50251161393305,711.6021784362929,13.912688371045231,-34.40854833785811,6.826497826911768e-20
1786737020.6655688,twist +Z,fast,1786737004.1849456,-458.4414245618873,-186.66526559954366,713.4686129939746,13.999894919965943,-34.38310684214175,6.851074790738054e-20
1786737020.6937685,twist +Z,fast,1786737004.1849456,-461.87054863913045,-184.34558863741302,721.7297934795588,13.825919147806193,-34.640291147934995,6.857930905153293e-20
1786737020.7221904,twist +Z,fast,1786737004.1849456,-456.3671600675384,-181.43643121079538,707.3347606700972,13.607732340809935,-34.227537005065514,6.852347811954538e-20
1786737020.7503748,twist +Z,fast,1786737004.1849456,-454.7273612448762,-180.58328191935027,700.3784322517831,13.54374614395147,-34.10455209336584,6.742122462964574e-20
1786737020.7790802,twist +Z,fast,1786737004.1849456,-450.4655453826281,-182.4006326216355,684.7275298856312,13.68004744662301,-33.78491590369742,6.704202518763182e-20
1786737020.8087533,twist +Z,fast,1786737004.1849456,-450.47251898405057,-184.55179459437466,691.1387461040968,13.841384594578312,-33.78543892380397,6.728302495620363e-20
1786737020.8359292,twist +Z,fast,1786737004.1849456,-456.7803151946382,-183.67075597702694,704.539214558893,13.775306698277145,-34.25852363959818,6.830460053357263e-20
1786737020.8639946,twist +Z,fast,1786737004.1849456,-460.32580915895005,-183.93151911893938,720.0012571050465,13.794863933920762,-34.52443568692136,6.948402572959678e-20
1786737020.892342,twist +Z,fast,1786737004.1849456,-457.0933874197667,-179.96513067298838,701.5330153841478,13.497384800474368,-34.2820040564827,6.837049940911325e-20
1786737020.9209452,twist +Z,fast,1786737004.1849456,-451.2907044942531,-178.81961658051807,689.4329323920492,13.411471243539108,-33.84680283706926,6.752157259823656e-20
1786737020.949108,twist +Z,fast,1786737004.1849456,-449.1799975660283,-175.98300702715449,675.3114993552908,13.198725527036597,-33.688499817452225,6.679143808957275e-20
1786737020.9773924,twist +Z,fast,1786737004.1849456,-451.3153373902842,-174.55991884564935,686.1825635685645,13.09199391342398,-33.848650304271374,6.690564574590912e-20
1786737021.0059164,twist +Z,fast,1786737004.1849456,-451.8232187649146,-172.3976301622797,686.2960791018941,12.929822262171133,-33.88674140736878,6.698122887110302e-20
1786737021.034371,twist +Z,fast,1786737004.1849456,-451.5446998442567,-173.02984857254546,693.7569727014843,12.977238642941298,-33.86585248831927,6.731809368466302e-20
1786737021.0627356,twist +Z,fast,1786737004.1849456,-452.21855709743204,-177.91812275688665,696.5357023628603,13.343859206766684,-33.916391782307734,6.833445012604523e-20
1786737021.0911088,twist +Z,fast,1786737004.1849456,-450.57206169302026,-180.1040709602571,691.5685351509364,13.507805322019532,-33.792904626976664,6.8365586209366e-20
1786737021.119451,twist +Z,fast,1786737004.1849456,-451.95163952441817,-181.7859879885592,687.6631424278848,13.633949099142061,-33.89637296433153,6.790676042623632e-20
1786737021.1479673,twist +Z,fast,1786737004.1849456,-451.69020763847766,-183.04220305325998,673.830390009216,13.728165228994673,-33.876765572886065,6.678242236100061e-20
1786737021.1772344,twist +Z,fast,1786737004.1849456,-456.30831415354714,-184.09740120080494,690.8726883017762,13.807305090060556,-34.22312356151619,6.735575846130373e-20
1786737021.2046003,twist +Z,fast,1786737004.1849456,-458.3149688651288,-187.56654901765967,701.7497223305036,14.067491176324626,-34.37362266488479,6.85213589453961e-20
1786737021.2330115,twist +Z,fast,1786737004.1849456,-461.20039946551833,-185.47901856503506,718.5691878678435,13.910926392377913,-34.59002995991418,6.956058875989397e-20
1786737021.2615647,twist +Z,fast,1786737004.1849456,-460.6284611497854,-183.89775634287548,722.0250714849735,13.79233172571595,-34.54713458623402,6.852426218097907e-20
1786737021.2897677,twist +Z,fast,1786737004.1849456,-458.883323158273,-179.81534695167113,726.6910006233884,13.486151021375367,-34.41624923687078,6.800088061958769e-20
1786737021.3180995,twist +Z,fast,1786737004.1849456,-457.749385484929,-179.90732607231314,727.5464093011178,13.49304945542372,-34.331203911369975,6.783810138429258e-20
1786737021.346668,twist +Z,fast,1786737004.1849456,-456.8827232808344,-181.87034005950977,720.4105918910345,13.640275504463222,-34.266204246062706,6.850555693495064e-20
1786737021.3758948,twist +Z,fast,1786737004.1849456,-455.3391551969671,-186.5033852121071,700.0178034505525,13.987753890908284,-34.15043663977265,6.732326164903102e-20
1786737021.4035246,twist +Z,fast,1786737004.1849456,-455.96642107831667,-186.46656594665922,699.4641188427322,13.984992445999698,-34.19748158087395,6.715993185111259e-20
1786737021.431717,twist +Z,fast,1786737004.1849456,-455.0793333739607,-186.74325984685606,693.9707072674428,14.005744488514548,-34.13095000304721,6.630839662505819e-20
1786737021.4602375,twist +Z,fast,1786737004.1849456,-457.62630974868534,-184.1705242647738,709.1950766638965,13.812789319858116,-34.32197323115165,6.748673206073568e-20
1786737021.4884663,twist +Z,fast,1786737004.1849456,-453.1414017429306,-181.48731742278983,696.7761878427327,13.611548806709468,-33.98560513071998,6.684829812425936e-20
1786737021.5168114,twist +Z,fast,1786737004.1849456,-453.6925641161274,-181.40246183824422,691.3862444676142,13.605184637868458,-34.02694230870983,6.77236467541973e-20
1786737021.5452657,twist +Z,fast,1786737004.1849456,-450.83783002812015,-180.45938959832165,679.3526153141966,13.534454219874345,-33.8128372521092,6.633491662245311e-20
1786737021.5759628,twist +Z,fast,1786737004.1849456,-454.0078833980947,-183.8551534645677,684.8153104835601,13.789136509842823,-34.050591254857316,6.689690333053232e-20
1786737021.6019416,twist +Z,fast,1786737004.1849456,-456.25236816951474,-186.3474331327277,691.9937704522217,13.976057484954833,-34.218927612713784,6.672476585325734e-20
1786737021.630522,twist +Z,fast,1786737004.1849456,-458.4208063759297,-186.0755550481017,709.7940878041036,13.955666628607748,-34.381560478194906,6.847723296240307e-20
1786737021.658985,twist +Z,fast,1786737004.1849456,-457.60059261707875,-183.08268788482383,715.9618231905279,13.731201591361934,-34.320044446281166,6.816577100165737e-20
1786737021.6873991,twist +Z,fast,1786737004.1849456,-453.6918371548245,-179.63424202894487,709.0379276075328,13.472568152170947,-34.02688778661196,6.842592162937411e-20
1786737021.7156768,twist +Z,fast,1786737004.1849456,-453.63790573739243,-181.0739426225607,692.1270421143681,13.580545696692301,-34.02284293030454,6.767924258171937e-20
1786737021.7441347,twist +Z,fast,1786737004.1849456,-457.0130674130987,-178.53199561705026,695.7153394619154,13.389899671278929,-34.27598005598252,6.811723704939551e-20
1786737021.7740967,twist +Z,fast,1786737004.1849456,-458.53876500270917,-177.71509178487406,694.0221662549411,13.328631883865565,-34.390407375203466,6.760336270657695e-20
1786737021.8009882,twist +Z,fast,1786737004.1849456,-462.33771691602624,-175.66529400094225,714.9382804699835,13.174897050070893,-34.675328768702116,6.770930905941563e-20
1786737021.8296154,twist +Z,fast,1786737004.1849456,-459.34112655594663,-179.5483407324814,708.0058910996822,13.466125554936365,-34.450584491696326,6.743544618943254e-20
1786737021.8574762,twist +Z,fast,1786737004.1849456,-456.3129963966726,-180.13717225213293,703.1931310184036,13.510287918910091,-34.223474729750585,6.737199960849236e-20
1786737021.885726,twist +Z,fast,1786737004.1849456,-451.4916909037347,-183.5140831411361,682.1038727682708,13.763556235585316,-33.86187681778028,6.712186268734818e-20
1786737021.914092,twist +Z,fast,1786737004.1849456,-451.925038906852,-182.66356968145567,681.13676852748,13.699767726109311,-33.89437791801408,6.736783369829214e-20
1786737021.9425688,twist +Z,fast,1786737004.1849456,-454.75334794612854,-186.54138160264654,692.1183003428805,13.990603620198858,-34.1065010959598,6.820551119280838e-20
1786737021.9708323,twist +Z,fast,1786737004.1849456,-456.759753303395,-185.56817562223102,696.7617165084803,13.917613171667437,-34.256981497754886,6.834371477180935e-20
1786737021.9992874,twist +Z,fast,1786737004.1849456,-456.27233569884356,-187.61087467304958,700.8185933364357,14.07081560047887,-34.22042517741353,6.829998879055285e-20
1786737022.0277927,twist +Z,fast,1786737004.1849456,-454.91099851468016,-184.23337725850843,698.361199437426,13.817503294388391,-34.1183248886013,6.725427623106532e-20
1786737022.0563552,twist +Z,fast,1786737004.1849456,-452.283361886849,-181.33497397296105,694.468625386382,13.600123047972456,-33.92125214151399,6.65195957874309e-20
1786737022.084479,twist +Z,fast,1786737004.1849456,-450.8586423923689,-179.9200265599775,686.9600551147578,13.494001991998491,-33.81439817942787,6.657891052101836e-20
1786737022.1128354,twist +Z,fast,1786737004.1849456,-450.1244094624467,-179.60810211166972,685.2915106287292,13.470607658375489,-33.759330709683645,6.745240102311011e-20
1786737022.1414356,twist +Z,fast,1786737004.1849456,-449.37809398876107,-177.3165626862608,684.795320168455,13.298742201469796,-33.703357049157255,6.823113546243403e-20
1786737022.1714282,twist +Z,fast,1786737004.1849456,-449.9217285501036,-177.89673138375724,690.46593904582,13.342254853782027,-33.74412964125792,6.829159760750081e-20
1786737022.1982448,twist +Z,fast,1786737004.1849456,-451.07839016480375,-178.205264662192,691.2687753601404,13.365394849664579,-33.8308792623605,6.801301794696602e-20
1786737022.22643,twist +Z,fast,1786737004.1849456,-453.17637205794244,-186.0807017189892,689.7992696386336,13.956052628924358,-33.98822790434594,6.783552009938435e-20
1786737022.2546906,twist +Z,fast,1786737004.1849456,-453.43694259184394,-187.70832429712516,688.6396418478726,14.078124322284427,-34.00777069438868,6.789813474649993e-20
1786737022.2831035,twist +Z,fast,1786737004.1849456,-453.8578506136446,-184.38510841201014,693.624176283929,13.82888313090088,-34.03933879602371,6.770306488164106e-20
1786737022.3113854,twist +Z,fast,1786737004.1849456,-449.68474899190323,-180.02420360191206,688.3339781722289,13.501815270143748,-33.726356174392976,6.738427484178188e-20
1786737022.3401136,twist +Z,fast,1786737004.1849456,-449.86008046738334,-179.637440935845,687.553556932975,13.472808070188538,-33.739506035054035,6.707119570387437e-20
1786737022.3709104,twist +Z,fast,1786737004.1849456,-448.883234456624,-183.56360994854617,684.1798733515316,13.767270746140934,-33.66624258424707,6.698527589434495e-20
1786737022.3965797,twist +Z,fast,1786737004.1849456,-452.0267616432161,-185.1650075599697,699.1644889994113,13.88737556699795,-33.902007123241425,6.79695106419188e-20
1786737022.4250085,twist +Z,fast,1786737004.1849456,-450.7193642483303,-181.56416849520917,695.0761536911068,13.61731263714093,-33.80395231862483,6.76379337068697e-20
1786737022.4535809,twist +Z,fast,1786737004.1849456,-448.87143076817256,-180.46939958032306,688.6115369133349,13.535204968524493,-33.665357307613085,6.69917957118126e-20
1786737022.481923,twist +Z,fast,1786737004.1849456,-447.25488296924505,-178.1385952437737,671.5657563188861,13.36039464328331,-33.54411622269338,6.603457404119495e-20
1786737022.5100706,twist +Z,fast,1786737004.1849456,-446.91029708700034,-180.55030669247128,673.6418906776025,13.541273001935554,-33.518272281525114,6.612739084800797e-20
1786737022.5385253,twist +Z,fast,1786737004.1849456,-449.2122550124418,-179.64387821431717,686.8404473247256,13.473290866074105,-33.69091912593321,6.72532797115181e-20
1786737022.5669153,twist +Z,fast,1786737004.1849456,-449.664758793514,-181.7506757421528,700.0784929432493,13.631300680661578,-33.72485690951353,6.745083299265599e-20
1786737022.5952954,twist +Z,fast,1786737004.1849456,-449.01025114917275,-183.72505704227046,699.6598707888288,13.7793792781704,-33.67576883618797,6.768441833258304e-20
1786737022.6238413,twist +Z,fast,1786737004.1849456,-445.9110739665598,-186.5197482489309,686.4151744798701,13.988981118670065,-33.443330547492096,6.694192078979715e-20
1786737022.6520627,twist +Z,fast,1786737004.1849456,-444.7799240531176,-185.07258655828605,673.044290565047,13.880443991871626,-33.358494303983974,6.683074684463815e-20
1786737022.6804616,twist +Z,fast,1786737004.1849456,-446.3496710026411,-182.47815006768872,673.5034969436083,13.68586125507684,-33.47622532519814,6.678982549113835e-20
1786737022.7088954,twist +Z,fast,1786737004.1849456,-448.7724395019668,-180.3858980513819,677.7271509419907,13.528942353853946,-33.657932962647656,6.740055755213887e-20
1786737022.7373261,twist +Z,fast,1786737004.1849456,-449.80149986773495,-179.60577517132106,697.3670088848339,13.470433137849344,-33.73511249008024,6.782627751584646e-20
1786737022.7657475,twist +Z,fast,1786737004.1849456,-449.6731523580511,-182.43489033549974,696.6910581491347,13.68261677516286,-33.72548642685409,6.82004056745199e-20
1786737022.7942605,twist +Z,fast,1786737004.1849456,-453.6386458595589,-185.70210766737955,710.872468076197,13.92765807505366,-34.02289843946693,6.806498602792771e-20
1786737022.8224287,twist +Z,fast,1786737004.1849456,-453.66611707934953,-186.39757984569235,702.5949237368195,13.97981848842716,-34.02495878095153,6.782369428674999e-20
1786737022.850778,twist +Z,fast,1786737004.1849456,-453.9824453662859,-187.01253418731233,703.1819428219596,14.025940064048722,-34.04868340247156,6.646688464575645e-20
1786737022.8794928,twist +Z,fast,1786737004.1849456,-446.8663796502715,-185.72351205102837,674.482024001517,13.929263403827239,-33.514978473770555,6.484241823681222e-20
1786737022.9077253,twist +Z,fast,1786737004.1849456,-446.2913610070068,-189.59533912424592,672.0272203690438,14.219650434318599,-33.47185207552575,6.496650678853696e-20
1786737022.9358504,twist +Z,fast,1786737004.1849456,-446.5085754447764,-186.82873603602116,674.5042181764929,14.01215520270166,-33.488143158358326,6.596418099260621e-20
1786737022.9644442,twist +Z,fast,1786737004.1849456,-449.0171927563324,-185.29729695596802,694.2474816528274,13.897297271697763,-33.67628945672512,6.778543709412579e-20
1786737022.9926343,twist +Z,fast,1786737004.1849456,-450.5302145107685,-183.055098007914,696.3511802458997,13.729132350593726,-33.78976608830784,6.800825820707039e-20
1786737023.0212243,twist +Z,fast,1786737004.1849456,-452.4653560876495,-181.08869273733467,690.1254324727597,13.581651955300263,-33.93490170657384,6.735410554917952e-20
1786737023.0496948,twist +Z,fast,1786737004.1849456,-452.4539790533331,-180.9683218573914,683.1360380818687,13.572624139304583,-33.93404842900024,6.675474607600734e-20
1786737023.0781384,twist +Z,fast,1786737004.1849456,-450.7190521882603,-180.06895070626638,681.0244934391194,13.505171302970322,-33.803928914119695,6.630875821838339e-20
1786737023.106252,twist +Z,fast,1786737004.1849456,-450.62195381063657,-183.53724808784102,687.0572976740614,13.765293606588411,-33.796646535797805,6.690044666004944e-20
1786737023.1349144,twist +Z,fast,1786737004.1849456,-450.16371601967785,-184.05523740599585,688.2140641145979,13.804142805449896,-33.76227870147605,6.666234570848995e-20
1786737023.1631572,twist +Z,fast,1786737004.1849456,-453.206829879005,-185.9538911410806,692.8900799136427,13.946541835581225,-33.990512240925675,6.69534539645959e-20
1786737023.1913283,twist +Z,fast,1786737004.1849456,-452.40961850677786,-182.14697801510454,703.2747764795422,13.661023351132972,-33.93072138800854,6.616552635514457e-20
1786737023.2198853,twist +Z,fast,1786737004.1849456,-454.47930535574915,-182.25803542373308,704.50576831535,13.66935265678011,-34.08594790168138,6.627825366415155e-20
1786737023.2484107,twist +Z,fast,1786737004.1849456,-453.4484929334826,-179.84622654598184,696.8959377217107,13.488466990948861,-34.00863697001132,6.588863899481524e-20
1786737023.2764335,twist +Z,fast,1786737004.1849456,-448.7571780539738,-181.40207114970792,673.7458210793111,13.605155336228474,-33.65678835404838,6.542282889790949e-20
1786737023.304984,twist +Z,fast,1786737004.1849456,-448.1768711783943,-184.63993504695316,674.9512741826766,13.847995128521742,-33.613265338379804,6.650209748258116e-20
1786737023.3333917,twist +Z,fast,1786737004.1849456,-448.5093253749469,-183.613853360873,682.8180363414185,13.771039002065766,-33.63819940312128,6.690973476616258e-20
1786737023.3617015,twist +Z,fast,1786737004.1849456,-452.1656371452036,-185.47820860563843,690.9762672960496,13.910865645423055,-33.91242278589025,6.857337525240994e-20
1786737023.3901775,twist +Z,fast,1786737004.1849456,-452.8133825423265,-180.61576025573697,686.1880150485767,13.546182019180396,-33.961003690674644,6.725376515683001e-20
1786737023.4185405,twist +Z,fast,1786737004.1849456,-450.43313488165995,-179.45324580085241,679.2032104678856,13.458993435064077,-33.782485116124526,6.625783320895286e-20
1786737023.447034,twist +Z,fast,1786737004.1849456,-450.1732605735083,-180.51372156231423,678.7190160568516,13.53852911717382,-33.76299454301341,6.578180297057393e-20
1786737023.4752448,twist +Z,fast,1786737004.1849456,-447.02207681426944,-181.51614746807843,673.2737453896352,13.613711060106123,-33.52665576107032,6.51112417414001e-20
1786737023.5038786,twist +Z,fast,1786737004.1849456,-446.8359320960444,-181.43768880182472,677.9392663120534,13.607826660137075,-33.51269490720356,6.567504968381792e-20
1786737023.532077,twist +Z,fast,1786737004.1849456,-447.8239255246708,-180.43432527453513,686.1056417946365,13.532574395590455,-33.586794414350514,6.634103591583062e-20
1786737023.5606198,twist +Z,fast,1786737004.1849456,-449.1524631899515,-180.09600633251443,695.5122204074905,13.507200474938887,-33.686434739246515,6.745191041963752e-20
1786737023.589032,twist +Z,fast,1786737004.1849456,-450.78333065301285,-180.91517869078677,693.1826967261877,13.568638401809256,-33.808749798976095,6.772759598880082e-20
1786737023.6173668,twist +Z,fast,1786737004.1849456,-449.5680691866405,-178.71298070708963,688.6424770683907,13.403473553031905,-33.71760518899826,6.705817315948626e-20
1786737023.6456857,twist +Z,fast,1786737004.1849456,-450.3118137095912,-179.6186435967279,691.7833787593672,13.471398269754953,-33.773386028219676,6.711346685025898e-20
1786737023.6738925,twist +Z,fast,1786737004.1849456,-450.70690006977384,-180.0180010269563,695.8892997855082,13.501350077022042,-33.80301750523321,6.709284088152706e-20
1786737023.7024527,twist +Z,fast,1786737004.1849456,-446.4620681345309,-180.03251248148035,680.775780104691,13.502438436111245,-33.48465511008975,6.618993506708814e-20
1786737023.7337105,twist +Z,fast,1786737004.1849456,-447.7157718106605,-181.302047711672,677.0528316664168,13.597653578375667,-33.57868288579979,6.592910730506354e-20
1786737023.7594342,twist +Z,fast,1786737004.1849456,-449.6336176476311,-182.2555277306152,686.915381770993,13.669164579796256,-33.72252132357257,6.618285286117574e-20
1786737023.7874463,twist +Z,fast,1786737004.1849456,-456.20878024744206,-184.6860699964824,711.8324464589796,13.851455249736414,-34.21565851855832,6.829005520281273e-20
1786737023.8157754,twist +Z,fast,1786737004.1849456,-455.1669029420541,-184.31867441634859,711.6617214403559,13.823900581226145,-34.13751772065437,6.933474505852336e-20
1786737023.8441527,twist +Z,fast,1786737004.1849456,-452.42458726318955,-185.1005207531074,701.298237580635,13.882539056483285,-33.93184404473939,6.878772703384093e-20
1786737023.8726473,twist +Z,fast,1786737004.1849456,-450.6638160946427,-183.41645924263253,689.1233065066117,13.756234443197673,-33.79978620709844,6.731026680088331e-20
1786737023.901681,twist +Z,fast,1786737004.1849456,-450.2913404857927,-184.12224671186982,694.8472969190125,13.809168503390605,-33.77185053643449,6.717274660141989e-20
1786737023.9296966,twist +Z,fast,1786737004.1849456,-448.9877630685469,-184.21353285827558,687.50418676752,13.81601496437084,-33.67408223014113,6.710608390165157e-20
1786737023.958029,twist +Z,fast,1786737004.1849456,-450.88918526418047,-186.0684418650842,692.331018343798,13.955133139881614,-33.816688894813694,6.777728716335017e-20
1786737023.9864154,twist +Z,fast,1786737004.1849456,-449.50374413548116,-185.04426993918673,678.6005874894781,13.878320245439266,-33.712780810161206,6.632728866273074e-20
1786737024.0149546,twist +Z,fast,1786737004.1849456,-449.62443147983595,-185.86807362402283,670.2624453453973,13.940105521801808,-33.72183236098786,6.609959541531766e-20
1786737024.0431523,twist +Z,fast,1786737004.1849456,-449.07072002363066,-188.33626386740593,664.2177584545498,14.12521979005572,-33.68030400177253,6.595459631577322e-20
1786737024.0715504,twist +Z,fast,1786737004.1849456,-452.0842328361241,-185.0314344600812,673.4879205066545,13.87735758450619,-33.9063174627094,6.728492179211167e-20
1786737024.1001048,twist +Z,fast,1786737004.1849456,-453.35647491622785,-184.03310513882013,691.6944838564577,13.80248288541161,-34.00173561871723,6.745839339402123e-20
1786737024.1282864,twist +Z,fast,1786737004.1849456,-453.1111961087936,-178.86736427264407,692.4008413460406,13.415052320448535,-33.98333970815965,6.738221841046172e-20
1786737024.1566346,twist +Z,fast,1786737004.1849456,-455.9620496599364,-181.57330057293632,709.3681468005743,13.617997542970567,-34.197153724495465,6.747164552289285e-20
1786737024.185202,twist +Z,fast,1786737004.1849456,-454.5299002552856,-179.3609088207885,707.5157877085612,13.452068161559293,-34.08974251914667,6.728676393045152e-20
1786737024.2133148,twist +Z,fast,1786737004.1849456,-453.796467766992,-184.2999616099429,708.8910416909803,13.82249712074601,-34.0347350825245,6.704593664276956e-20
1786737024.241636,twist +Z,fast,1786737004.1849456,-448.96647651888816,-185.0941331639367,690.3018902631293,13.882059987295616,-33.67248573891676,6.646939759745866e-20
1786737024.2700522,twist +Z,fast,1786737004.1849456,-450.0769440757772,-185.20106972086057,686.4949132416114,13.89008022906479,-33.75577080568331,6.684288589256592e-20
1786737024.2986143,twist +Z,fast,1786737004.1849456,-449.5970150315743,-179.1444184082344,686.0015495577991,13.435831380617845,-33.71977612736837,6.672377486077728e-20
1786737024.3300529,twist +Z,fast,1786737004.1849456,-450.63964034248056,-177.4446742305264,692.6197890237845,13.308350567289754,-33.7979730256862,6.675049072750012e-20
1786737024.3552651,twist +Z,fast,1786737004.1849456,-452.9055920193755,-180.6174907915107,702.3715821336882,13.546311809363534,-33.96791940145316,6.748879093989923e-20
1786737024.3837364,twist +Z,fast,1786737004.1849456,-451.29525951157575,-184.58469500171452,698.2591186646823,13.843852125128802,-33.84714446336848,6.709444433462226e-20
1786737024.4119866,twist +Z,fast,1786737004.1849456,-451.0035718369454,-186.1511610461223,694.9988327693927,13.961337078459398,-33.8252678877711,6.726132092885083e-20
1786737024.4403882,twist +Z,fast,1786737004.1849456,-448.24181138842596,-185.2391749754904,683.5740896177913,13.89293812316195,-33.61813585413199,6.661873718610976e-20
1786737024.4687672,twist +Z,fast,1786737004.1849456,-449.0950636443945,-183.39554110737856,689.5410963199165,13.754665583053598,-33.68212977332976,6.73995897826179e-20
1786737024.4973638,twist +Z,fast,1786737004.1849456,-449.75764318247684,-182.3710854044308,689.2427022246538,13.677831405332537,-33.73182323868587,6.722430896321521e-20
1786737024.5255227,twist +Z,fast,1786737004.1849456,-450.2922927837094,-182.12462687909658,691.7335897383728,13.659347015932443,-33.77192195877823,6.720400732986585e-20
1786737024.5542808,twist +Z,fast,1786737004.1849456,-450.27858462751874,-183.34463293798262,690.3005692224633,13.75084747034889,-33.77089384706413,6.721851607971327e-20
1786737024.5826833,twist +Z,fast,1786737004.1849456,-448.44606426183236,-181.8518669970175,687.9252182090731,13.638890024776483,-33.63345481963763,6.717733908562113e-20
1786737024.6107757,twist +Z,fast,1786737004.1849456,-449.7783676038134,-181.7524942257254,687.421992770056,13.631437066929553,-33.733377570286265,6.735200777120355e-20
1786737024.6396072,twist +Z,fast,1786737004.1849456,-450.39894274774406,-180.35359009509887,690.3211240423461,13.52651925713268,-33.77992070608107,6.724006088195924e-20
1786737024.6677382,twist +Z,fast,1786737004.1849456,-451.40132529553193,-182.7246427771579,692.9365747128968,13.704348208287161,-33.855099397165034,6.759497612755972e-20
1786737024.696502,twist +Z,fast,1786737004.1849456,-449.36396309517295,-182.2210231546635,688.0913303565812,13.666576736599712,-33.70229723213811,6.728893911869735e-20
1786737024.7245078,twist +Z,fast,1786737004.1849456,-451.25146920102316,-181.55268466072164,696.1770967149869,13.6164513495543,-33.8438601900769,6.77184502786588e-20
1786737024.7525442,twist +Z,fast,1786737004.1849456,-451.17293383951164,-181.45973552399846,694.2341657443294,13.609480164300098,-33.83797003796353,6.718874571851283e-20
1786737024.7812235,twist +Z,fast,1786737004.1849456,-448.5250375964097,-181.92089547786009,691.1636115667643,13.644067160839786,-33.63937781973085,6.671922408989134e-20
1786737024.8095775,twist +Z,fast,1786737004.1849456,-447.7363026305434,-185.5530938019017,684.2759912127613,13.91648203514286,-33.58022269729097,6.636486935882157e-20
1786737024.8377397,twist +Z,fast,1786737004.1849456,-447.68916491689015,-183.90837163622462,680.914999257795,13.793127872717026,-33.576687368767004,6.653200505660752e-20
1786737024.8660457,twist +Z,fast,1786737004.1849456,-450.5663445623177,-183.55297035092212,687.7599840970943,13.766472776319358,-33.792475842174106,6.707978764445538e-20
1786737024.8945005,twist +Z,fast,1786737004.1849456,-447.351516564584,-180.92473382642527,681.9566742226025,13.569355036981971,-33.55136374234397,6.628961801100375e-20
1786737024.9228125,twist +Z,fast,1786737004.1849456,-446.85268445913607,-183.36433749056152,683.556415821562,13.752325311792301,-33.513951334435276,6.615482036310838e-20
1786737024.951282,twist +Z,fast,1786737004.1849456,-450.6581503310508,-185.7591112223464,688.0160701260575,13.931933341676352,-33.79936127482889,6.618371241666545e-20
1786737024.9797285,twist +Z,fast,1786737004.1849456,-454.7906794109049,-185.85054030863864,703.1695838362393,13.938790523148175,-34.109300955817986,6.785624332403985e-20
1786737025.0080438,twist +Z,fast,1786737004.1849456,-453.6818773092036,-185.00798893553213,695.6627724606042,13.875599170165227,-34.02614079819049,6.794706960905759e-20
1786737025.036725,twist +Z,fast,1786737004.1849456,-450.37946777645357,-182.42020558235265,692.5584864766915,13.681515418676664,-33.77846008323414,6.766881772299735e-20
1786737025.0651698,twist +Z,fast,1786737004.1849456,-448.13997817430527,-183.03688648937782,679.8877485862085,13.727766486703612,-33.61049836307296,6.636868294724872e-20
1786737025.0933652,twist +Z,fast,1786737004.1849456,-450.25054170338944,-184.05790550635697,699.8162595120375,13.804342912976988,-33.768790627754385,6.75862149719187e-20
1786737025.1220336,twist +Z,fast,1786737004.1849456,-450.0263574703672,-184.84731004276125,701.6522677803405,13.863548253207359,-33.75197681027748,6.808907749674722e-20
1786737025.1501737,twist +Z,fast,1786737004.1849456,-450.0879684710085,-186.46719444579685,700.7451277984164,13.985039583434943,-33.756597635325846,6.860373822123323e-20
1786737025.1784723,twist +Z,fast,1786737004.1849456,-448.8682209678882,-185.0527806807695,685.5381813084605,13.878958551057973,-33.66511657259167,6.730506511520848e-20
1786737025.2067509,twist +Z,fast,1786737004.1849456,-448.8259676724924,-185.57227684301756,682.0142354659538,13.917920763226622,-33.66194757543701,6.709821683896757e-20
1786737025.2350576,twist +Z,fast,1786737004.1849456,-449.1561705742256,-183.70411977473975,681.9570662727783,13.777808983105704,-33.686712793067116,6.643040846759848e-20
1786737025.2640846,twist +Z,fast,1786737004.1849456,-449.98356773123896,-184.15473040982158,685.6781181034803,13.811604780736797,-33.74876757984312,6.651032005092234e-20
1786737025.291803,twist +Z,fast,1786737004.1849456,-451.5164745264269,-185.159003790803,687.8483444921094,13.886925284310326,-33.86373558948203,6.644524047585912e-20
1786737025.3204124,twist +Z,fast,1786737004.1849456,-452.06441747088775,-185.29856807268823,691.8719245613629,13.897392605451824,-33.90483131031674,6.720494966446436e-20
1786737025.3486743,twist +Z,fast,1786737004.1849456,-452.30172682722696,-184.8745019845055,694.7156093132708,13.865587648838162,-33.922629512042214,6.709209464645035e-20
1786737025.3772798,twist +Z,fast,1786737004.1849456,-451.98199174061074,-184.56894015923103,692.3439342097372,13.842670511942632,-33.89864938054584,6.727638936502573e-20
1786737025.4052792,twist +Z,fast,1786737004.1849456,-450.61897088440037,-183.26874568296614,688.1356690191888,13.74515592622269,-33.79642281633036,6.688043690427734e-20
1786737025.4336853,twist +Z,fast,1786737004.1849456,-451.0880504254101,-182.4134509453595,686.1991066992532,13.681008820902274,-33.8316037819059,6.691645713843423e-20
1786737025.4637496,twist +Z,fast,1786737004.1849456,-450.9326219622667,-181.40826193192675,697.1443264848895,13.60561964489462,-33.81994664717016,6.723777860672125e-20
1786737025.4903731,twist +Z,fast,1786737004.1849456,-450.00424403749776,-180.89033961282655,701.5407889530388,13.566775470962273,-33.75031830281255,6.7691096626243e-20
1786737025.5187247,twist +Z,fast,1786737004.1849456,-451.7232842114681,-181.37831091904673,702.55176094524,13.603373318928657,-33.87924631586036,6.763810873021164e-20
1786737025.5473034,twist +Z,fast,1786737004.1849456,-451.9432423169196,-181.85127479214134,695.7156501623049,13.63884560941074,-33.89574317376927,6.712774661176436e-20
1786737025.5758548,twist +Z,fast,1786737004.1849456,-452.8256142468713,-184.90169402655818,691.4525469947412,13.867627051992056,-33.96192106851542,6.667046081875502e-20
1786737025.6039724,twist +Z,fast,1786737004.1849456,-451.7378056509683,-185.78699001329767,690.1202895209453,13.934024250997506,-33.880335423822736,6.649964570017766e-20
1786737025.6324263,twist +Z,fast,1786737004.1849456,-451.64794121944306,-185.83950714601917,688.7281317734542,13.937963035951586,-33.87359559145839,6.675102380045432e-20
1786737025.6621444,twist +Z,fast,1786737004.1849456,-450.27059290336,-182.04101902689047,685.4411160701829,13.653076427016988,-33.77029446775226,6.614108585563819e-20
1786737025.6891384,twist +Z,fast,1786737004.1849456,-448.8309785693091,-184.43890578776416,684.5321558409823,13.832917934082548,-33.66232339269836,6.624752961722523e-20
1786737025.7175612,twist +Z,fast,1786737004.1849456,-449.90645973843084,-186.48180804285494,685.041797799352,13.986135603214262,-33.74298448038263,6.629356608495686e-20
1786737025.746095,twist +Z,fast,1786737004.1849456,-454.84256818646145,-188.96627930089903,696.8820295455216,14.172470947567579,-34.11319261398482,6.69864615912565e-20
1786737025.7742078,twist +Z,fast,1786737004.1849456,-454.9572280757716,-186.73131657141403,698.424649986905,14.004848742856392,-34.121792105683035,6.712398174290216e-20
1786737025.8028843,twist +Z,fast,1786737004.1849456,-453.77303955589696,-183.59512532190126,698.4882661124439,13.769634399142806,-34.03297796669258,6.748397898808008e-20
1786737025.8315582,twist +Z,fast,1786737004.1849456,-450.86611676574876,-182.6438331784624,688.1926472524756,13.698287488384874,-33.814958757431356,6.756707981168028e-20
1786737025.8599007,twist +Z,fast,1786737004.1849456,-450.7066787173385,-181.9078867736306,689.8595519287328,13.643091508022383,-33.80300090380051,6.780839271294823e-20
1786737025.8879552,twist +Z,fast,1786737004.1849456,-450.40322336763074,-178.6378808928033,701.4673733448017,13.397841066960442,-33.78024175257238,6.787504346168723e-20
1786737025.916543,twist +Z,fast,1786737004.1849456,-448.1087162754643,-179.60206556038577,699.4947134199392,13.470154917029003,-33.60815372065997,6.736153680220034e-20
1786737025.9449036,twist +Z,fast,1786737004.1849456,-447.6394529416807,-179.6937846992439,695.6154176009859,13.477033852443473,-33.57295897062636,6.675589589331751e-20
1786737025.9732194,twist +Z,fast,1786737004.1849456,-448.1566517937772,-184.8530006251135,687.0773022241347,13.863975046883684,-33.611748884533334,6.641736944856903e-20
1786737026.0015163,twist +Z,fast,1786737004.1849456,-451.04424033408213,-182.82060199366697,697.6117230766549,13.711545149525204,-33.82831802505616,6.714426288707054e-20
1786737026.0298097,twist +Z,fast,1786737004.1849456,-451.4011418376549,-184.2347783553978,698.465326922721,13.817608376655091,-33.855085637824395,6.781241146845278e-20
1786737026.0591233,twist +Z,fast,1786737004.1849456,-450.63370189875695,-180.79727647701827,693.3563417473742,13.559795735776493,-33.79752764240693,6.750100701354046e-20
1786737026.0866826,twist +Z,fast,1786737004.1849456,-450.1678339518189,-183.71591729575778,695.2533087737302,13.77869379718199,-33.76258754638655,6.71326112886157e-20
1786737026.115109,twist +Z,fast,1786737004.1849456,-450.5346965344588,-183.84370704270862,690.9818836679387,13.788278028203319,-33.79010224008455,6.706147457950895e-20
1786737026.1434462,twist +Z,fast,1786737004.1849456,-454.44965464851475,-182.1735625506609,701.913335316578,13.663017191299655,-34.083724098638825,6.782652451124666e-20
1786737026.17184,twist +Z,fast,1786737004.1849456,-455.14977378787626,-181.07144198561707,695.7892724649064,13.580358148921523,-34.136233034090914,6.783038006669166e-20
1786737026.2001348,twist +Z,fast,1786737004.1849456,-460.04816878353313,-179.4825920217835,715.504094310807,13.461194401634,-34.503612658765,6.867386812198264e-20
1786737026.22837,twist +Z,fast,1786737004.1849456,-458.58399633694125,-188.20214149544552,704.9521291908932,14.115160612158672,-34.39379972527068,6.798242091718913e-20
1786737026.2567894,twist +Z,fast,1786737004.1849456,-459.45177633260437,-187.36602272069217,714.4431639766235,14.052451704052142,-34.458883224945474,6.794567878654287e-20
1786737026.2850986,twist +Z,fast,1786737004.1849456,-457.1478377296439,-189.21059091400446,708.7581906924033,14.190794318550378,-34.28608782972325,6.814206790643445e-20
1786737026.3134851,twist +Z,fast,1786737004.1849456,-457.3870469727285,-183.6938066318604,719.5811574756463,13.777035497389672,-34.30402852295472,6.877757211607928e-20
1786737026.3418255,twist +Z,fast,1786737004.1849456,-458.82984052632855,-183.33683099002837,715.315635367092,13.75026232425233,-34.41223803947474,6.902730984437616e-20
1786737026.3701768,twist +Z,fast,1786737004.1849456,-457.76033720943406,-181.61141994465981,713.810531055431,13.62085649584964,-34.33202529070768,6.75124121820439e-20
1786737026.398636,twist +Z,fast,1786737004.1849456,-457.77772356182186,-181.97876807690272,708.3428042564346,13.648407605767868,-34.33332926713681,6.71095156316463e-20
1786737026.4273007,twist +Z,fast,1786737004.1849456,-455.3065791951385,-182.87874059298088,702.4294364907819,13.71590554447371,-34.14799343963574,6.6542956558219e-20
1786737026.4557579,twist +Z,fast,1786737004.1849456,-457.1495509728411,-188.10903728651817,701.6017648264005,14.10817779648907,-34.286216322963206,6.68336742569371e-20
1786737026.4840078,twist +Z,fast,1786737004.1849456,-456.1409439129634,-188.45988337196604,695.0283368915107,14.134491252897657,-34.210570793472364,6.675751308621437e-20
1786737026.512352,twist +Z,fast,1786737004.1849456,-455.6663461085086,-186.71628864292313,698.6944918251784,14.003721648219436,-34.17497595813825,6.717445781480494e-20
1786737026.54075,twist +Z,fast,1786737004.1849456,-454.28855747576335,-182.24555966739172,694.611855650669,13.66841697505448,-34.07164181068244,6.738205739930138e-20
1786737026.5691671,twist +Z,fast,1786737004.1849456,-454.78369052044854,-181.51139751129529,701.164927490091,13.613354813347474,-34.108776789033726,6.791997546925803e-20
1786737026.5973837,twist +Z,fast,1786737004.1849456,-455.6265640565357,-182.92892576270276,695.2432554021025,13.719669432203073,-34.17199230424034,6.765092311619665e-20
1786737026.6258924,twist +Z,fast,1786737004.1849456,-454.26728323897714,-183.66237703268575,698.117587060915,13.774678277451581,-34.07004624292341,6.794266650747926e-20
1786737026.6552508,twist +Z,fast,1786737004.1849456,-453.27272528914136,-184.64481928424414,697.3987936700578,13.848361446318517,-33.995454396685645,6.688347619784943e-20
1786737026.6829913,twist +Z,fast,1786737004.1849456,-454.5647380453993,-187.04457134310417,702.9673988816512,14.028342850733015,-34.09235535340512,6.7849746377939e-20
1786737026.7112525,twist +Z,fast,1786737004.1849456,-454.43147010642224,-185.8461184098761,697.3418613426893,13.938458880740964,-34.08236025798186,6.708313675306286e-20
1786737026.7395122,twist +Z,fast,1786737004.1849456,-454.2173729318188,-184.48919516281842,696.0601244663249,13.836689637211716,-34.066302969886515,6.75026538211649e-20
1786737026.7678094,twist +Z,fast,1786737004.1849456,-452.53653234932517,-182.95713844229942,693.3011601010458,13.721785383172705,-33.940239926199546,6.673700784422719e-20
1786737026.7959883,twist +Z,fast,1786737004.1849456,-452.03598861727323,-183.0819837680308,691.6054030576852,13.731148782602478,-33.90269914629562,6.692750738696609e-20
1786737026.824335,twist +Z,fast,1786737004.1849456,-453.9473056130096,-183.56839505371397,699.0707838482622,13.767629629028743,-34.046047920975774,6.82777130331049e-20
1786737026.852721,twist +Z,fast,1786737004.1849456,-454.03362255089405,-183.39726163772525,699.8828881425625,13.754794622829646,-34.05252169131715,6.787324589422898e-20
1786737026.8810654,twist +Z,fast,1786737004.1849456,-454.7982121999271,-184.46972590287635,699.2538312377019,13.835229442715981,-34.10986591499486,6.795298204534858e-20
1786737026.909489,twist +Z,fast,1786737004.1849456,-454.34755619486623,-186.0625807306019,693.1453707950996,13.954693554795465,-34.07606671461512,6.692103264227006e-20
1786737026.9379485,twist +Z,fast,1786737004.1849456,-452.61588192862337,-186.4540562884057,686.7882936137812,13.984054221630604,-33.94619114464693,6.699925095012546e-20
1786737026.9662433,twist +Z,fast,1786737004.1849456,-453.21089627314996,-184.26802282211645,688.1225962287726,13.820101711658925,-33.990817220486505,6.729061350134916e-20
1786737026.9948685,twist +Z,fast,1786737004.1849456,-452.09784585666284,-182.2188525032442,683.4633035755714,13.666413937743503,-33.90733843925001,6.698954821921483e-20
1786737027.0231652,resting,fast,1786737027.0145752,-455.47842850091547,-182.68035638153765,693.2815801361166,13.70102672861572,-34.160882137568855,6.812692992799206e-20
1786737027.0514915,resting,fast,1786737027.0145752,-456.2514481762346,-186.66541410268485,695.7975816098415,13.999906057701597,-34.2188586132177,6.745024699519698e-20
1786737027.0799115,resting,fast,1786737027.0145752,-457.7908368072326,-188.89936361645948,709.944860170438,14.167452271234627,-34.33431276054268,6.784530181387367e-20
1786737027.1082227,resting,fast,1786737027.0145752,-456.7739870029941,-188.44112215974712,712.2958154731323,14.133084161981262,-34.25804902522464,6.745551591512151e-20
1786737027.1366444,resting,fast,1786737027.0145752,-457.5475635158773,-185.5755896849397,715.2476485760535,13.91816922637059,-34.31606726369105,6.870783493409568e-20
1786737027.1650631,resting,fast,1786737027.0145752,-457.12654897354014,-185.07279714896072,702.0045764176512,13.880459786172342,-34.284491173015596,6.894877028867015e-20
1786737027.1935873,resting,fast,1786737027.0145752,-457.7437666082069,-184.95961938158382,700.0088388003041,13.871971453619029,-34.33078249561567,6.954590822640604e-20
1786737027.2218397,resting,fast,1786737027.0145752,-456.8568868589646,-185.43718821257642,693.5030703695229,13.907789115943455,-34.264266514422445,6.923817910386231e-20
1786737027.2502394,resting,fast,1786737027.0145752,-456.3083574143543,-185.31876022422364,696.0560521228053,13.898907016817088,-34.22312680607677,6.872968499385575e-20
1786737027.2787318,resting,fast,1786737027.0145752,-457.0169064480747,-186.77575423870655,691.5426315983259,14.008181567903275,-34.276267983605734,6.805572270445393e-20
1786737027.3070393,resting,fast,1786737027.0145752,-457.04411213064486,-184.4997290243581,702.3792604708251,13.837479676827204,-34.278308409798576,6.797951256247899e-20
1786737027.335454,resting,fast,1786737027.0145752,-457.9933897324304,-185.85271202921388,698.2350516320148,13.93895340219127,-34.3495042299325,6.840423250696937e-20
1786737027.364103,resting,fast,1786737027.0145752,-461.4568191457138,-184.06214869542623,708.5100216885739,13.804661152157149,-34.60926143592868,6.861456315014944e-20
1786737027.3921683,resting,fast,1786737027.0145752,-459.7317982143427,-185.2875294607055,699.2380437520906,13.896564709553072,-34.47988486607591,6.830152588024619e-20
1786737027.4206605,resting,fast,1786737027.0145752,-458.73450580504095,-184.57508966525018,702.0887717067017,13.843131724893926,-34.40508793537823,6.847054979994396e-20
1786737027.4491029,resting,fast,1786737027.0145752,-457.20629487294354,-184.02529523839837,699.8084800480628,13.80189714288002,-34.29047211547079,6.82502777146512e-20
1786737027.4772778,resting,fast,1786737027.0145752,-459.24401587283046,-186.00107642765272,707.1793550843731,13.950080732074138,-34.44330119046257,6.886896692278692e-20
1786737027.5058029,resting,fast,1786737027.0145752,-460.25846395810686,-185.0183542167416,718.5938879801979,13.876376566255718,-34.519384796858276,6.883648969615468e-20
1786737027.5340083,resting,fast,1786737027.0145752,-458.3116535750687,-187.37221683380085,710.2835157923873,14.052916262535287,-34.37337401813025,6.91888404173635e-20
1786737027.5623317,resting,fast,1786737027.0145752,-458.12515212240805,-185.40083116577694,706.8760810521799,13.905062337433481,-34.3593864091809,6.865624675184466e-20
1786737027.590871,resting,fast,1786737027.0145752,-458.4749955852112,-186.1239199118612,698.3332480133358,13.959293993389668,-34.38562466889112,6.839483903208073e-20
1786737027.6193366,resting,fast,1786737027.0145752,-456.91113694889737,-181.52066769673831,695.6870090644506,13.61405007725553,-34.268335271167395,6.779482721357723e-20
1786737027.6477547,resting,fast,1786737027.0145752,-458.05713374281595,-184.5226643617931,703.0531965364116,13.839199827134603,-34.35428503071122,6.818706143288585e-20
1786737027.6761956,resting,fast,1786737027.0145752,-454.4556708055861,-182.16372766961933,693.2159177733793,13.662279575221635,-34.084175310419106,6.678696748527768e-20
1786737027.7044046,resting,fast,1786737027.0145752,-456.27170466654024,-183.5284298895143,705.3932349539273,13.764632241713922,-34.22037784999072,6.755305034075582e-20
1786737027.7328987,resting,fast,1786737027.0145752,-455.0033691908834,-182.05425396446094,695.8684933382592,13.654069047334797,-34.12525268931638,6.753824029034198e-20
1786737027.7618568,resting,fast,1786737027.0145752,-457.4696886478687,-183.1270333624268,705.9434663210632,13.734527502182264,-34.31022664859035,6.91356726854182e-20
1786737027.789614,resting,fast,1786737027.0145752,-454.787927447278,-184.81415640275577,697.6134237066726,13.86106173020698,-34.10909455854606,6.840397539860204e-20
1786737027.8179882,resting,fast,1786737027.0145752,-455.2377279792181,-184.5791724471709,704.1132985381773,13.843437933537945,-34.14282959844161,6.90141493819588e-20
1786737027.8465023,resting,fast,1786737027.0145752,-457.309143138471,-187.2591475974183,704.3130874365015,14.044436069806597,-34.29818573538549,6.929290316423078e-20
1786737027.874863,resting,fast,1786737027.0145752,-460.15866179550267,-187.86922081408215,709.7594336496695,14.090191561056418,-34.511899634662946,6.971945040356235e-20
1786737027.9032156,resting,fast,1786737027.0145752,-458.76312429012296,-187.94026980650938,702.4846740984276,14.095520235488419,-34.407234321759354,6.832385202161991e-20
1786737027.9316416,resting,fast,1786737027.0145752,-456.1798632041282,-185.37183981887324,699.5743909920475,13.902887986415681,-34.21348974030972,6.73861389654376e-20
1786737027.9598787,resting,fast,1786737027.0145752,-459.11533494321384,-186.96866200131,700.7730987265631,14.022649650098554,-34.433650120741184,6.700637050911923e-20
1786737027.9882135,resting,fast,1786737027.0145752,-460.6833864928594,-186.12381028782556,708.918642060924,13.959285771587115,-34.551253986964795,6.829906257116083e-20
1786737028.0171502,resting,fast,1786737027.0145752,-461.8699639986985,-185.102936361827,713.2335995789663,13.882720227137266,-34.640247299902676,6.84559082153561e-20
1786737028.0453753,resting,fast,1786737027.0145752,-457.0059278518743,-183.71597182775895,698.7983790452108,13.778697887082128,-34.275444588890736,6.865985978495777e-20
1786737028.0733778,resting,fast,1786737027.0145752,-456.79584541710756,-184.79417091641687,694.8922897620141,13.859562818731437,-34.25968840628331,6.760577684545354e-20
1786737028.1017306,resting,fast,1786737027.0145752,-458.42309969683174,-185.89977512442806,703.8446638233709,13.94248313433241,-34.38173247726252,6.879067450695937e-20
1786737028.1303744,resting,fast,1786737027.0145752,-460.9522194977694,-183.15851595997538,712.6802446352813,13.736888696998253,-34.571416462332735,6.853655422055642e-20
1786737028.1584773,resting,fast,1786737027.0145752,-459.71132913352903,-180.57359037539163,709.5253100453765,13.54301927815457,-34.47834968501495,6.851257803855166e-20
1786737028.1869442,resting,fast,1786737027.0145752,-458.536108238206,-181.8534936963523,700.3763022727189,13.639012027226716,-34.39020811786561,6.795543892139854e-20
1786737028.2152073,resting,fast,1786737027.0145752,-455.71209338669996,-180.92875587610558,699.1022527749847,13.569656690707998,-34.17840700400266,6.811535049406097e-20
1786737028.24407,resting,fast,1786737027.0145752,-456.6914641833491,-183.17952876012657,703.9296695544945,13.738464657009512,-34.25185981375131,6.808845599002015e-20
1786737028.2719617,resting,fast,1786737027.0145752,-455.6580641475816,-184.2390671000461,699.2171069277683,13.817930032503849,-34.174354811068916,6.724085460777592e-20
1786737028.3005416,resting,fast,1786737027.0145752,-457.4137642071232,-186.59320778841345,709.8235391777362,13.99449058413121,-34.306032315534424,6.72417987575554e-20
1786737028.3287637,resting,fast,1786737027.0145752,-458.3476655036525,-186.2153525344596,709.1055405115721,13.966151440084733,-34.376074912774016,6.794952416610089e-20
1786737028.3572335,resting,fast,1786737027.0145752,-458.22405414880313,-185.18914203754696,708.9350787957001,13.889185652816298,-34.36680406116048,6.782190470904697e-20
1786737028.38544,resting,fast,1786737027.0145752,-456.0341963434457,-183.3953327957894,702.2416618684747,13.754649959684418,-34.20256472575857,6.75509274349501e-20
1786737028.4140785,resting,fast,1786737027.0145752,-452.44419660549966,-179.94096414972694,689.4030373163259,13.495572311229768,-33.93331474541273,6.73088980401792e-20
1786737028.4423711,resting,fast,1786737027.0145752,-454.15896961550106,-181.01531650599793,697.0247701443041,13.57614873795001,-34.06192272116275,6.80896254405327e-20
1786737028.4705517,resting,fast,1786737027.0145752,-455.4996481083099,-182.4520981389627,699.137844025865,13.683907360422484,-34.16247360812342,6.886150346929826e-20
1786737028.4990008,resting,fast,1786737027.0145752,-458.0117864693011,-185.9982208530314,713.5146181935042,13.949866563977555,-34.35088398519768,6.863902907954256e-20
1786737028.5276747,resting,fast,1786737027.0145752,-457.973036212461,-183.01940976724916,709.8262878696896,13.726455732543993,-34.34797771593473,6.826961331242235e-20
1786737028.5559623,resting,fast,1786737027.0145752,-461.6339850764016,-180.98137100012798,720.4981676149291,13.573602825009704,-34.622548880730335,6.821846936314237e-20
1786737028.5843363,resting,fast,1786737027.0145752,-461.716467674702,-181.1661935153893,725.179532281396,13.587464513654336,-34.62873507560284,6.866330603554254e-20
1786737028.6125033,resting,fast,1786737027.0145752,-460.37453235164685,-180.61365423466498,725.0316091954692,13.546024067600012,-34.52808992637368,6.859487786726341e-20
1786737028.642459,twist -Z,fast,1786737028.6370847,-457.8925452966414,-183.17156733960576,717.5814158337544,13.7378675504707,-34.341940897248314,6.854181305077558e-20
1786737028.6693075,twist -Z,fast,1786737028.6370847,-457.4327408183576,-182.43532815546052,712.0291629617477,13.682649611659667,-34.30745556137689,6.821123142604268e-20
1786737028.6977584,twist -Z,fast,1786737028.6370847,-458.29094590743716,-182.95728731433576,712.4057698017623,13.721796548575359,-34.37182094305803,6.789680622951295e-20
1786737028.726143,twist -Z,fast,1786737028.6370847,-459.19839204026493,-181.53718430198035,705.8460914741709,13.615288822648726,-34.43987940302006,6.756124241116269e-20
1786737028.7543795,twist -Z,fast,1786737028.6370847,-459.02295447530196,-181.3970497014068,700.127715082006,13.604778727605723,-34.426721585647904,6.700072223909393e-20
1786737028.7831562,twist -Z,fast,1786737028.6370847,-457.2570152492822,-184.45372873234408,697.9182200594241,13.834029654926052,-34.29427614369657,6.758550771235544e-20
1786737028.8111246,twist -Z,fast,1786737028.6370847,-455.36977195081136,-185.55228480724213,694.514223883135,13.916421360543307,-34.15273289631105,6.757890662692363e-20
1786737028.8396778,twist -Z,fast,1786737028.6370847,-456.6933687192741,-186.0158168879916,704.451664238476,13.95118626659944,-34.252002653945816,6.835307084446334e-20
1786737028.867922,twist -Z,fast,1786737028.6370847,-455.21416158607735,-184.07610490853278,698.8359624567374,13.805707868140093,-34.14106211895583,6.741444498435925e-20
1786737028.8965287,twist -Z,fast,1786737028.6370847,-455.31394028327895,-185.90997070045637,703.1725459833597,13.943247802534405,-34.14854552124609,6.70910213274721e-20
1786737028.9250987,twist -Z,fast,1786737028.6370847,-456.1501347027893,-185.45502656594783,704.0257722953047,13.909126992446286,-34.211260102709396,6.695175472718915e-20
1786737028.953178,twist -Z,fast,1786737028.6370847,-457.64677073162966,-184.56464926566377,704.6815135458273,13.842348694924997,-34.32350780487227,6.715415973713316e-20
1786737028.9816327,twist -Z,fast,1786737028.6370847,-458.2962102317897,-185.61276820858302,700.826447637397,13.92095761564396,-34.3722157673846,6.738322200907317e-20
1786737029.0101259,twist -Z,fast,1786737028.6370847,-459.7181269192147,-185.7768931997731,696.7841447954834,13.933266989983093,-34.478859518941285,6.716089232876966e-20
1786737029.0387022,twist -Z,fast,1786737028.6370847,-460.9073089698236,-186.09446040646162,709.5647110270438,13.957084530484817,-34.56804817273696,6.802109613490678e-20
1786737029.0665138,twist -Z,fast,1786737028.6370847,-460.17544336810715,-185.18413189209548,712.6274903002231,13.888809891907389,-34.51315825260817,6.80237691231803e-20
1786737029.095021,twist -Z,fast,1786737028.6370847,-456.10975425350034,-184.67104431050223,709.1286631130188,13.850328323287794,-34.20823156901269,6.796445155502658e-20
1786737029.1236095,twist -Z,fast,1786737028.6370847,-457.79163351195484,-183.21858481963557,702.5045615303952,13.741393861472968,-34.334372513396936,6.810481922231288e-20
1786737029.151719,twist -Z,fast,1786737028.6370847,-457.1746038345982,-180.70334863859944,693.6820389601471,13.552751147895105,-34.28809528759507,6.757811094521858e-20
1786737029.1800663,twist -Z,fast,1786737028.6370847,-457.14714597616785,-183.33171046657503,689.7350188132932,13.74987828499344,-34.286035948212714,6.759643444314188e-20
1786737029.2084842,twist -Z,fast,1786737028.6370847,-455.65559537252966,-184.83130045130895,695.6195806747073,13.862347533848268,-34.17416965293995,6.728671636112523e-20
1786737029.2375479,twist -Z,fast,1786737028.6370847,-457.1849681700746,-186.42539291529204,715.7034253103102,13.981904468647155,-34.2888726127557,6.864247572187207e-20
1786737029.2653806,twist -Z,fast,1786737028.6370847,-457.6723031219767,-183.36706796402757,719.4513455048527,13.752530097302223,-34.3254227341485,6.897430829069907e-20
1786737029.293998,twist -Z,fast,1786737028.6370847,-459.55465078986344,-182.4728802891741,718.0466299216014,13.685466021688217,-34.46659880923991,6.891775657043305e-20
1786737029.3222146,twist -Z,fast,1786737028.6370847,-459.4582942354318,-181.00850136036968,708.301244602113,13.575637602028113,-34.45937206765753,6.76648148319798e-20
1786737029.3506446,twist -Z,fast,1786737028.6370847,-459.2997777452583,-182.6983511458211,706.8655332628923,13.702376335936851,-34.44748333089446,6.748793406627572e-20
1786737029.3790302,twist -Z,fast,1786737028.6370847,-458.9304992070038,-184.32401264369958,702.0748104077684,13.82430094827767,-34.41978744052551,6.751975905516689e-20
1786737029.4073496,twist -Z,fast,1786737028.6370847,-456.4764418257432,-184.77028812185506,695.9327414349291,13.857771609139437,-34.235733136930904,6.837381367051699e-20
1786737029.4359553,twist -Z,fast,1786737028.6370847,-457.9732392420574,-185.13240699789412,699.0102863294251,13.88493052484225,-34.34799294315463,6.863520715908699e-20
1786737029.4640477,twist -Z,fast,1786737028.6370847,-456.0913788628145,-184.91601236568238,699.3816654989296,13.86870092742642,-34.20685341471131,6.858680047587138e-20
1786737029.4926412,twist -Z,fast,1786737028.6370847,-458.6898007873542,-184.8690718018073,707.3390612265885,13.865180385135854,-34.40173505905168,6.815729007695078e-20
1786737029.5209568,twist -Z,fast,1786737028.6370847,-460.2762989889875,-183.32863810682363,720.9273426158106,13.74964785801193,-34.520722424174146,6.881340193276073e-20
1786737029.549346,twist -Z,fast,1786737028.6370847,-458.726235147069,-182.09757233596804,713.076657359914,13.65731792519767,-34.4044676360304,6.761591462626069e-20
1786737029.577711,twist -Z,fast,1786737028.6370847,-457.92936175865543,-186.26330596822856,711.2085841475691,13.969747947617247,-34.34470213189936,6.767605758496454e-20
1786737029.6060843,twist -Z,fast,1786737028.6370847,-454.3513263446248,-189.12123264039815,688.1397099857813,14.184092448029975,-34.076349475846996,6.651308238104728e-20
1786737029.6343572,twist -Z,fast,1786737028.6370847,-455.35954854368447,-190.08554999974024,695.1636954204532,14.256416249980607,-34.15196614077626,6.75538664094804e-20
1786737029.6627126,twist -Z,fast,1786737028.6370847,-456.39335217192775,-185.397286926138,704.1635019826299,13.904796519460657,-34.22950141289484,6.765303795184042e-20
1786737029.6912534,twist -Z,fast,1786737028.6370847,-457.58282721966316,-181.85125977552923,713.773268194901,13.638844483164878,-34.31871204147479,6.857414863262363e-20
1786737029.7196677,twist -Z,fast,1786737028.6370847,-461.17633125536895,-182.9684897102295,718.187750746325,13.722636728267563,-34.58822484415294,6.90829261642151e-20
1786737029.747853,twist -Z,fast,1786737028.6370847,-460.89539683243174,-185.36949524085173,710.5716614347311,13.902712143064218,-34.567154762432565,6.931575069909967e-20
1786737029.7762196,twist -Z,fast,1786737028.6370847,-462.9074683027652,-189.66815698483026,713.2537741614105,14.225111773862512,-34.7180601227075,6.937703197668436e-20
1786737029.8048587,twist -Z,fast,1786737028.6370847,-457.3578480122319,-187.78967511390476,706.2093488562759,14.084225633543152,-34.30183860091763,6.917744262113894e-20
1786737029.8330617,twist -Z,fast,1786737028.6370847,-458.1993820450398,-187.42995597281185,712.5503464562507,14.057246697960966,-34.36495365337819,6.913107079793439e-20
1786737029.8644116,twist -Z,fast,1786737028.6370847,-456.9177840854627,-185.18756540867764,717.8916083014783,13.88906740565093,-34.26883380640986,6.905738778636936e-20
1786737029.8898027,twist -Z,fast,1786737028.6370847,-462.13227473758025,-186.57752326047728,727.0834583818105,13.993314244535963,-34.659920605318725,6.94280572248037e-20
1786737029.9182224,twist -Z,fast,1786737028.6370847,-465.20304966258436,-185.12240067107064,733.5888015275414,13.884180050330503,-34.89022872469407,6.952452149394438e-20
1786737029.9468908,twist -Z,fast,1786737028.6370847,-465.8071284121688,-184.45091663940582,725.0240412251833,13.833818747955608,-34.935534630912876,6.95227365065234e-20
1786737029.9750824,twist -Z,fast,1786737028.6370847,-464.60185504688707,-184.01653669082395,720.8011888888914,13.801240251811937,-34.845139128516784,6.879935168651652e-20
1786737030.0035055,twist -Z,fast,1786737028.6370847,-461.90977333792216,-184.14839826324953,710.0345635249214,13.811129869743898,-34.643233000344374,6.898655619732174e-20
1786737030.031919,twist -Z,fast,1786737028.6370847,-460.3343006902355,-184.61453641620142,707.0963576848362,13.846090231215374,-34.52507255176792,6.773603056657829e-20
1786737030.06353,twist -Z,fast,1786737028.6370847,-459.6276134179002,-183.19142786173518,705.2832755605286,13.739357089630364,-34.47207100634271,6.826746092327078e-20
1786737030.0884092,twist -Z,fast,1786737028.6370847,-461.94273606337447,-188.877997875623,705.5818686525354,14.165849840671708,-34.6457052047533,6.806364119165925e-20
1786737030.1171043,twist -Z,fast,1786737028.6370847,-463.7648233199261,-187.8327576521002,708.40209827547,14.08745682390779,-34.78236174899472,6.863145148956158e-20
1786737030.1454184,twist -Z,fast,1786737028.6370847,-464.51818415091566,-189.2754928910582,703.8947646748202,14.19566196682958,-34.838863811318916,6.80337911062703e-20
1786737030.173779,twist -Z,fast,1786737028.6370847,-463.2459982894011,-178.87393163356307,712.4102182564802,13.415544872517412,-34.74344987170522,6.832854962939265e-20
1786737030.2021189,twist -Z,fast,1786737028.6370847,-464.95356280890746,-179.75250612661057,713.5853530147269,13.481437959496109,-34.87151721066809,6.824086333834823e-20
1786737030.230325,twist -Z,fast,1786737028.6370847,-464.6774031623504,-179.94315082447326,715.3673449877015,13.495736311835696,-34.8508052371764,6.781280858860879e-20
1786737030.2606342,twist -Z,fast,1786737028.6370847,-463.7806410762969,-187.33345882437777,703.6675656031039,14.050009411828452,-34.78354808072251,6.767938923898546e-20
1786737030.2872283,twist -Z,fast,1786737028.6370847,-463.6764898317874,-188.16299319249788,714.7052907296093,14.11222448943764,-34.77573673738431,6.857216581512744e-20
1786737030.315839,twist -Z,fast,1786737028.6370847,-467.3102024940222,-189.04801519663522,725.4434641220478,14.178601139747695,-35.0482651870518,6.973111570076823e-20
1786737030.3440542,twist -Z,fast,1786737028.6370847,-467.20125324882974,-187.7015334269098,717.479163844806,14.077615007018348,-35.04009399366248,6.935815707736608e-20
1786737030.3722327,twist -Z,fast,1786737028.6370847,-466.36990462385893,-185.34580529691777,709.2344663400054,13.900935397269006,-34.977742846789596,6.888678504768678e-20
1786737030.4006286,twist -Z,fast,1786737028.6370847,-467.36686452588174,-185.5821757363483,709.1425549497617,13.918663180226499,-35.05251483944133,6.892741664794827e-20
1786737030.4291708,twist -Z,fast,1786737028.6370847,-469.574055245831,-185.12531582880126,718.4116066150636,13.88439868716031,-35.21805414343753,6.862316687930903e-20
1786737030.4605782,twist -Z,fast,1786737028.6370847,-470.70399945237295,-186.50105511132176,719.5546387034219,13.98757913334953,-35.30279995892824,6.839417441372348e-20
1786737030.4863462,twist -Z,fast,1786737028.6370847,-467.6539235552409,-184.36177491091416,718.9353895459963,13.827133118318589,-35.07404426664339,6.844917346017584e-20
1786737030.5146196,twist -Z,fast,1786737028.6370847,-469.1514327873606,-187.08365075874588,723.9156669619751,14.03127380690599,-35.18635745905226,6.920428072276856e-20
1786737030.5426073,twist -Z,fast,1786737028.6370847,-469.8053929315447,-186.03534487847867,732.3736555555215,13.952650865886152,-35.23540446986606,6.956601258427628e-20
1786737030.5709002,twist -Z,fast,1786737028.6370847,-468.19026486821986,-185.7904221774744,720.1520640892641,13.934281663310873,-35.11426986511668,6.860994143712507e-20
1786737030.599558,twist -Z,fast,1786737028.6370847,-466.73143856991146,-180.8651427763391,721.2124396031495,13.56488570822562,-35.00485789274347,6.783879019292303e-20
1786737030.6278105,twist -Z,fast,1786737028.6370847,-466.46139169187836,-182.82688539046148,712.8856977248015,13.712016404284707,-34.98460437689118,6.795889559482188e-20
1786737030.657344,twist -Z,fast,1786737028.6370847,-468.7896109327676,-183.25627956688197,731.1063806806324,13.744220967516494,-35.15922081995781,6.868973721408464e-20
1786737030.6843684,twist -Z,fast,1786737028.6370847,-468.2707909438059,-186.5750919817957,736.7413860656097,13.993131898634918,-35.120309320785765,6.975909351264665e-20
1786737030.7130668,twist -Z,fast,1786737028.6370847,-470.3472071902024,-188.98159401724718,735.2002678408808,14.173619551293651,-35.27604053926536,6.899753218815281e-20
1786737030.7412672,twist -Z,fast,1786737028.6370847,-468.28208236829914,-189.0451660724966,726.0511253959658,14.178387455437562,-35.12115617762272,6.890145915043675e-20
1786737030.769917,twist -Z,fast,1786737028.6370847,-464.5892102318412,-185.1063414869658,703.6705765233592,13.882975611522706,-34.844190767388234,6.741368923281067e-20
1786737030.7983356,twist -Z,fast,1786737028.6370847,-460.31504529725635,-181.01700071881476,702.3950356336527,13.576275053911385,-34.52362839729435,6.742235079686938e-20
1786737030.8265703,twist -Z,fast,1786737028.6370847,-463.85974327141594,-180.27114253489833,706.1660578110032,13.520335690117431,-34.78948074535632,6.728769300596087e-20
1786737030.855027,twist -Z,fast,1786737028.6370847,-465.4866997891095,-183.1992983866444,720.6787422925927,13.739947378998483,-34.911502484183366,6.828078907350612e-20
1786737030.8833346,twist -Z,fast,1786737028.6370847,-467.3180953096862,-184.7915308596548,726.5046124819146,13.859364814474244,-35.04885714822661,6.951665205636536e-20
1786737030.9114728,twist -Z,fast,1786737028.6370847,-465.93163801164974,-184.10245663756064,715.3355345642185,13.807684247817253,-34.94487285087387,6.905406875326368e-20
1786737030.9399326,twist -Z,fast,1786737028.6370847,-468.248796812662,-185.32112465613716,716.9542675169378,13.899084349210465,-35.1186597609499,6.916958410247211e-20
1786737030.9684112,twist -Z,fast,1786737028.6370847,-470.67284174875294,-186.12922691526342,719.2479717419737,13.959692018645082,-35.30046313115665,6.927110475932247e-20
1786737030.9967473,twist -Z,fast,1786737028.6370847,-467.55328968561844,-188.44554511688364,719.0601482135762,14.133415883766535,-35.06649672642172,6.912462264385265e-20
1786737031.0252566,twist -Z,fast,1786737028.6370847,-467.41765453869675,-187.1638210203862,715.8007029452474,14.037286576529201,-35.05632409040227,6.89396885315366e-20
1786737031.053533,twist -Z,fast,1786737028.6370847,-465.31242732050396,-184.1508515785133,708.6595905579079,13.81131386838857,-34.89843204903787,6.775891397995039e-20
1786737031.0820467,twist -Z,fast,1786737028.6370847,-466.6793174677364,-182.37971350737314,709.0510544289409,13.678478513053118,-35.00094881008036,6.828120956622523e-20
1786737031.1102827,twist -Z,fast,1786737028.6370847,-467.17566809085156,-183.20659656119994,710.3272718056778,13.740494742090174,-35.03817510681403,6.808317397611422e-20
1786737031.138805,twist -Z,fast,1786737028.6370847,-467.09528596962537,-186.6565470997822,707.1668466446354,13.999241032483884,-35.03214644772208,6.840459387128436e-20
1786737031.166963,twist -Z,fast,1786737028.6370847,-471.0916391847795,-190.03146671032334,718.193553568135,14.252360003274351,-35.33187293885851,6.859332036911224e-20
1786737031.1952477,twist -Z,fast,1786737028.6370847,-469.0254032044804,-188.47407209342748,714.5588591510323,14.135555407007242,-35.17690524033613,6.855011468535636e-20
1786737031.2250538,twist -Z,fast,1786737028.6370847,-468.27568858814357,-186.60945271566334,721.1841163797753,13.995708953674988,-35.120676644110986,6.864847874917746e-20
1786737031.252107,twist -Z,fast,1786737028.6370847,-465.8167155881979,-189.5515126285303,714.0870612729932,14.216363447140058,-34.93625366911508,6.810824205041973e-20
1786737031.2805336,twist -Z,fast,1786737028.6370847,-467.60718153912467,-189.22953086509244,715.2805574434733,14.192214814882153,-35.070538615434664,6.77696576189999e-20
1786737031.309027,twist -Z,fast,1786737028.6370847,-466.1440129132384,-188.07263432228,708.9816505976696,14.105447574171212,-34.96080096849309,6.694293695665081e-20
1786737031.3372672,twist -Z,fast,1786737028.6370847,-465.03849556595696,-182.29240968580893,711.7959288394859,13.671930726435907,-34.877887167447014,6.71308266535046e-20
1786737031.3655846,twist -Z,fast,1786737028.6370847,-466.0290053058029,-181.5128037137771,714.7622898522932,13.613460278533328,-34.95217539793563,6.746992753927894e-20
1786737031.3939123,twist -Z,fast,1786737028.6370847,-465.5615118967153,-179.32386451861782,709.5119288944361,13.449289838896494,-34.917113392253896,6.770319069267177e-20
1786737031.4240057,twist -Z,fast,1786737028.6370847,-466.54195643634057,-182.10953404237807,706.322908158355,13.658215053178584,-34.99064673272586,6.800947152872363e-20
1786737031.450656,twist -Z,fast,1786737028.6370847,-463.79501996533736,-183.47849116444615,703.8946772905974,13.760886837333768,-34.78462649740046,6.773684574502683e-20
1786737031.4791632,twist -Z,fast,1786737028.6370847,-466.21290339025836,-185.6406388240382,714.0309551652772,13.923047911803142,-34.96596775426955,6.830041554350186e-20
1786737031.5074427,twist -Z,fast,1786737028.6370847,-466.2274813283916,-183.120911179622,710.115127781226,13.734068338471825,-34.967061099629696,6.776398226938057e-20
1786737031.535863,twist -Z,fast,1786737028.6370847,-467.8428234039252,-182.14877644383216,707.0287077338389,13.66115823328769,-35.08821175529463,6.817544958190541e-20
1786737031.5641792,twist -Z,fast,1786737028.6370847,-467.06745560625586,-181.956311269313,705.0970356652151,13.646723345198676,-35.03005917046937,6.78668880016357e-20
1786737031.59258,twist -Z,fast,1786737028.6370847,-466.04477420403464,-182.88208791196382,712.5562508878265,13.716156593397532,-34.95335806530284,6.815815333917588e-20
1786737031.6210616,twist -Z,fast,1786737028.6370847,-463.17047093949395,-182.56258603808135,706.6233900123098,13.692193952856318,-34.73778532046227,6.75698851934894e-20
1786737031.6494555,twist -Z,fast,1786737028.6370847,-463.3361025821623,-183.01321781686022,716.1752725989963,13.725991336264723,-34.75020769366223,6.810458425025567e-20
1786737031.6781483,twist -Z,fast,1786737028.6370847,-464.93711640583797,-181.8968755415939,716.1066650073872,13.642265665619941,-34.87028373043797,6.777237148990971e-20
1786737031.7064419,twist -Z,fast,1786737028.6370847,-468.934868761914,-185.3183300636524,728.2522866468134,13.898874754774173,-35.1701151571437,6.894999329717949e-20
1786737031.7346015,twist -Z,fast,1786737028.6370847,-469.48489322684827,-185.746582675205,719.8618186391004,13.930993700640588,-35.211366992013986,6.892945818073604e-20
1786737031.7629426,twist -Z,fast,1786737028.6370847,-468.7892018824655,-186.782793449795,725.7562519770154,14.008709508734814,-35.159190141185235,7.008954551446703e-20
1786737031.791288,twist -Z,fast,1786737028.6370847,-470.1732256759028,-185.25597999461468,729.3445611461748,13.89419849959631,-35.26299192569288,6.980392633292067e-20
1786737031.8209436,twist -Z,fast,1786737028.6370847,-470.69937274666063,-187.38276717206702,727.9000171195521,14.053707537905229,-35.302452955999584,6.945715171718778e-20
1786737031.8482332,twist -Z,fast,1786737028.6370847,-471.24797673876037,-187.0154118058773,727.0693865951171,14.02615588544101,-35.343598255407386,6.848316489551835e-20
1786737031.8766372,twist -Z,fast,1786737028.6370847,-467.2943023008561,-187.5272502192106,716.5619576506715,14.064543766441052,-35.04707267256442,6.804898655305804e-20
1786737031.9054446,twist -Z,fast,1786737028.6370847,-465.7533100567234,-186.0386304166458,715.4360313209418,13.952897281248642,-34.931498254254514,6.764994905761019e-20
1786737031.9334857,twist -Z,fast,1786737028.6370847,-465.5083153587493,-185.4306349747618,709.6721746526318,13.907297623107457,-34.91312365190646,6.815322298178965e-20
1786737031.9618058,twist -Z,fast,1786737028.6370847,-467.6380167474781,-183.61298056465228,710.4834273537181,13.770973542349164,-35.07285125606108,6.87852459398908e-20
1786737031.9901059,twist -Z,fast,1786737028.6370847,-468.45575225720313,-185.47315138473186,705.820138972158,13.910486353855038,-35.134181419290464,6.863639420315668e-20
1786737032.0186455,twist -Z,fast,1786737028.6370847,-472.8435887502487,-186.67940683514382,717.2533276980676,14.000955512636093,-35.46326915626873,6.878671504671459e-20
1786737032.047231,twist -Z,fast,1786737028.6370847,-472.7559292232677,-189.13619147674478,719.7433644835673,14.185214360755996,-35.45669469174528,6.832461706534925e-20
1786737032.075438,twist -Z,fast,1786737028.6370847,-475.6216545909733,-189.42836507891082,727.9799435879386,14.20712738091849,-35.67162409432327,6.932136336073594e-20
1786737032.103703,twist -Z,fast,1786737028.6370847,-472.9573038250005,-189.38771238870515,721.3236237093233,14.204078429153089,-35.471797786875314,6.923333074859307e-20
1786737032.1320946,twist -Z,fast,1786737028.6370847,-473.22437046604546,-188.7724739585716,723.7733739975874,14.157935546893082,-35.49182778495358,6.880323565200548e-20
1786737032.1605794,twist -Z,fast,1786737028.6370847,-473.3199015251894,-187.2876222950514,723.3160142694005,14.046571672129115,-35.4989926143894,6.842989866955124e-20
1786737032.1889188,twist -Z,fast,1786737028.6370847,-472.3212868075916,-185.80402051991814,718.4496688357412,13.935301538993894,-35.42409651056953,6.78478672090711e-20
1786737032.2174876,twist -Z,fast,1786737028.6370847,-473.8525229611023,-186.5841541780901,717.4150123058789,13.993811563356783,-35.53893922208276,6.831339395626676e-20
1786737032.245364,twist -Z,fast,1786737028.6370847,-472.67432409561707,-187.4764032875272,713.3310041435125,14.06073024656472,-35.45057430717142,6.836216898826666e-20
1786737032.2739992,twist -Z,fast,1786737028.6370847,-476.69976164619356,-186.21111031317594,721.9674263525367,13.965833273488297,-35.75248212346464,6.940284744878958e-20
1786737032.3022916,twist -Z,fast,1786737028.6370847,-477.00840616902224,-183.5917787165048,729.2084663513679,13.769383403738114,-35.775630462676666,6.990767049581383e-20
1786737032.330673,twist -Z,fast,1786737028.6370847,-477.0994261103506,-180.37230902305726,733.0052772628451,13.52792317672957,-35.78245695827654,6.980710690352226e-20
1786737032.3591251,twist -Z,fast,1786737028.6370847,-475.00359635049335,-179.57098935668785,730.8803878036151,13.467824201751807,-35.62526972628714,6.939498186127576e-20
1786737032.3872182,twist -Z,fast,1786737028.6370847,-476.3238931348051,-180.54304539275938,725.4655602279809,13.540728404457202,-35.724291985110526,6.883161904991796e-20
1786737032.4156888,twist -Z,fast,1786737028.6370847,-479.6306744522676,-178.59627274123136,738.5464455990141,13.394720455592651,-35.972300583920344,6.947889072890076e-20
1786737032.4442773,twist -Z,fast,1786737028.6370847,-481.63282441008687,-183.76458356279568,744.8744377915564,13.782343767210012,-36.12246183075674,6.961045077655658e-20
1786737032.4725342,twist -Z,fast,1786737028.6370847,-480.25225269415114,-184.235874133033,746.6649956134524,13.817690559977496,-36.0189189520617,7.009453905630332e-20
1786737032.5011792,twist -Z,fast,1786737028.6370847,-478.8454406985088,-186.63405093933,736.284055916427,13.997553820450026,-35.913408052388284,6.97314148979321e-20
1786737032.5292797,twist -Z,fast,1786737028.6370847,-474.2741510601445,-184.09541988478145,721.3623754106493,13.807156491358942,-35.57056132951118,6.839344496243955e-20
1786737032.5576932,twist -Z,fast,1786737028.6370847,-474.1711544038594,-182.80155686029775,720.6052639523823,13.7101167645226,-35.56283658028968,6.778187120388127e-20
1786737032.5861158,twist -Z,fast,1786737028.6370847,-475.3286076744048,-182.39971500579168,724.1992609974504,13.679978625434675,-35.64964557558063,6.806257261956761e-20
1786737032.6143646,twist -Z,fast,1786737028.6370847,-479.4720451545745,-186.64251026422255,734.1776947575172,13.998188269816982,-35.96040338659328,6.965886526024289e-20
1786737032.6428351,twist -Z,fast,1786737028.6370847,-482.3880285107052,-185.8831494528664,740.5614555193943,13.941236208965112,-36.1791021383032,7.000873551083525e-20
1786737032.6711245,twist -Z,fast,1786737028.6370847,-480.9183150774761,-188.72140541160297,735.0007317381733,14.154105405870407,-36.06887363081093,6.96927914148441e-20
1786737032.6998403,twist -Z,fast,1786737028.6370847,-479.60480980060083,-184.80440240085136,733.4350888894433,13.860330180064164,-35.970360735045205,6.945862563622862e-20
1786737032.7284057,twist -Z,fast,1786737028.6370847,-477.8381916954472,-188.12112748977154,724.7258467131342,14.109084561733088,-35.83786437715885,6.940381777093655e-20
1786737032.7563791,twist -Z,fast,1786737028.6370847,-478.53604400375343,-188.38858306905195,725.6852097762585,14.129143730179212,-35.89020330028189,6.966970145580931e-20
1786737032.7847106,twist -Z,fast,1786737028.6370847,-478.0576302512736,-189.34188663722614,724.6840323599763,14.200641497792073,-35.85432226884581,6.936010754553506e-20
1786737032.8130305,twist -Z,fast,1786737028.6370847,-475.7541678325074,-187.51215556994623,722.5552320418019,14.063411667746283,-35.68156258743821,6.877175058230848e-20
1786737032.8413901,twist -Z,fast,1786737028.6370847,-476.3563254435503,-185.80898939109704,733.8886724529302,13.93567420433234,-35.7267244082664,6.92779154930382e-20
1786737032.870046,twist -Z,fast,1786737028.6370847,-476.91412574875994,-185.24050050557116,730.4403594463938,13.893037537918037,-35.76855943115709,6.93789234605291e-20
1786737032.8985837,twist -Z,fast,1786737028.6370847,-477.9155794689036,-185.18425590649667,738.4119562075421,13.88881919298743,-35.843668460168146,6.953102905791406e-20
1786737032.9269829,twist -Z,fast,1786737028.6370847,-475.2043720301067,-189.93880900302668,722.9532790353833,14.245410675227209,-35.64032790225811,6.847635316111629e-20
1786737032.954984,twist -Z,fast,1786737028.6370847,-474.34595154822364,-187.42340496016016,725.32855647011,14.05675537201206,-35.57594636611708,6.844778973939036e-20
1786737032.9842136,twist -Z,fast,1786737028.6370847,-475.1966029119808,-186.7997543770324,725.2140022437843,14.009981578277628,-35.639745218398716,6.892738267964507e-20
1786737033.0119858,twist -Z,fast,1786737028.6370847,-477.4303680323792,-181.950618367287,730.9135936613329,13.646296377546793,-35.80727760242864,6.910749493468752e-20
1786737033.0404348,twist -Z,fast,1786737028.6370847,-479.00612234091386,-184.1326829828231,734.1069447974851,13.809951223711938,-35.92545917556873,6.9615794184651e-20
1786737033.0687153,twist -Z,fast,1786737028.6370847,-478.60727991676185,-185.3986062344694,728.4082234864663,13.90489546758516,-35.89554599375729,6.950768966702874e-20
1786737033.0969954,twist -Z,fast,1786737028.6370847,-481.265218566959,-187.29557146193474,738.8010908754432,14.047167859645146,-36.09489139252213,7.010641317468017e-20
1786737033.1257617,twist -Z,fast,1786737028.6370847,-480.33901452410737,-188.5038636642447,734.4552547406538,14.13778977481854,-36.02542608930827,6.969811797979897e-20
1786737033.1539664,twist -Z,fast,1786737028.6370847,-480.2439564877359,-187.20898273674845,735.7055454371448,14.040673705256342,-36.01829673658049,6.997185470141856e-20
1786737033.1824703,twist -Z,fast,1786737028.6370847,-477.3279175830262,-185.6604964211832,725.682341643259,13.924537231589017,-35.79959381872715,6.936464177162478e-20
1786737033.210427,twist -Z,fast,1786737028.6370847,-478.7701500305284,-186.1413524346566,733.0462579956338,13.960601432599486,-35.907761252289916,7.017113559140488e-20
1786737033.2388213,twist -Z,fast,1786737028.6370847,-477.7113287373918,-188.1340669780186,737.4345362806534,14.110055023351709,-35.82834965530447,7.040056807092757e-20
1786737033.2672284,twist -Z,fast,1786737028.6370847,-476.98821734688454,-185.7728348787956,734.7124738571138,13.932962615909982,-35.77411630101652,7.103852628580508e-20
1786737033.2957318,twist -Z,fast,1786737028.6370847,-477.41137925043085,-185.57087332147148,735.2585875182313,13.917815499110514,-35.80585344378256,7.098874931915165e-20
1786737033.3240952,twist -Z,fast,1786737028.6370847,-477.34303830724275,-184.82718926183497,734.8861172347943,13.862039194637898,-35.800727873043456,7.077740657737761e-20
1786737033.3524833,twist -Z,fast,1786737028.6370847,-476.80023551072736,-185.77023138410368,732.9554517348788,13.932767353808021,-35.76001766330476,7.000370815838484e-20
1786737033.3809738,twist -Z,fast,1786737028.6370847,-476.7500172220389,-185.64740438122658,733.8709055184945,13.923555328592212,-35.75625129165294,7.005270468119475e-20
1786737033.4091527,twist -Z,fast,1786737028.6370847,-479.0659713046821,-186.6619873506836,740.9638369340928,13.999649051301365,-35.92994784785143,7.029828515622325e-20
1786737033.4376915,twist -Z,fast,1786737028.6370847,-479.95893114346427,-188.40565540754062,741.8411756793685,14.13042415556578,-35.99691983575995,7.000155187156698e-20
1786737033.466394,twist -Z,fast,1786737028.6370847,-479.1064004770383,-186.45174494762762,743.2100773653319,13.983880871072206,-35.93298003577797,6.946024268030251e-20
1786737033.4943273,twist -Z,fast,1786737028.6370847,-477.53046569477556,-183.54648332587055,729.2377429994658,13.765986249440491,-35.81478492710837,6.87144767887658e-20
1786737033.5230975,twist -Z,fast,1786737028.6370847,-480.58962439552033,-183.35674461046995,735.7590012486289,13.751755845785421,-36.04422182966412,6.903414699580273e-20
1786737033.551292,twist -Z,fast,1786737028.6370847,-481.2129946541836,-180.7995875133846,726.779261694749,13.55996906350413,-36.090974599063934,6.861198598049783e-20
1786737033.5796983,twist -Z,fast,1786737028.6370847,-482.98759760298344,-183.56609310384727,731.3582811913557,13.767456982788683,-36.224069820223946,6.90139861596121e-20
1786737033.608202,twist -Z,fast,1786737028.6370847,-481.3132394904078,-184.47679147532642,729.1131022062209,13.835759360649678,-36.09849296178079,6.914948828185238e-20
1786737033.63642,twist -Z,fast,1786737028.6370847,-479.78097251099325,-187.94136870666875,730.9700435761906,14.095602653000508,-35.98357293832461,6.891601751677452e-20
1786737033.6647663,twist -Z,fast,1786737028.6370847,-478.2409862096406,-187.26217262836485,731.1629400109341,14.044662947127609,-35.86807396572321,6.915123293170972e-20
1786737033.6931016,twist -Z,fast,1786737028.6370847,-476.6334584199849,-188.83773221235822,731.5324175232217,14.16282991592708,-35.74750938149895,6.928483488904614e-20
1786737033.7215068,twist -Z,fast,1786737028.6370847,-477.49997549146974,-188.89290011341063,728.191727697109,14.166967508506008,-35.812498161860525,6.960410957112273e-20
1786737033.7500317,twist -Z,fast,1786737028.6370847,-477.5361064677895,-188.91551421487486,726.4198046732763,14.168663566115793,-35.81520798508453,6.901474171255021e-20
1786737033.7786164,twist -Z,fast,1786737028.6370847,-477.60503587515086,-185.62475578153226,727.4663105412073,13.921856683615214,-35.82037769063645,6.889296924495493e-20
1786737033.8065789,twist -Z,fast,1786737028.6370847,-478.21880486412465,-186.3579766851633,731.106482760355,13.976848251387398,-35.86641036480959,6.967436537966041e-20
1786737033.8351374,twist -Z,fast,1786737028.6370847,-477.4334276927698,-184.6011581392462,736.909512622582,13.845086860443526,-35.80750707695792,6.96565167935388e-20
1786737033.8635044,twist -Z,fast,1786737028.6370847,-478.68199267623595,-184.38016408839314,734.8504760887963,13.828512306629658,-35.901149450717874,6.938837537525184e-20
1786737033.8918347,twist -Z,fast,1786737028.6370847,-477.3291360213011,-183.72082090451295,729.2257448005739,13.779061567838735,-35.799685201597704,6.855095681152069e-20
1786737033.9207833,twist -Z,fast,1786737028.6370847,-479.4788226654491,-187.33884067159556,726.978618855609,14.05041305036995,-35.960911699908955,6.916429337469894e-20
1786737033.9486103,twist -Z,fast,1786737028.6370847,-481.27578007621696,-187.55840262205913,727.2603531303366,14.066880196654555,-36.09568350571649,6.918609073887698e-20
1786737033.9771593,twist -Z,fast,1786737028.6370847,-481.77985912288614,-187.24291642157345,729.1441848599025,14.043218731618186,-36.13348943421673,6.924133026162202e-20
1786737034.0068712,twist -Z,fast,1786737028.6370847,-482.08231666216034,-185.18556674280705,723.8530000391511,13.888917505710833,-36.156173749662294,6.916332791128399e-20
1786737034.0336876,twist -Z,fast,1786737028.6370847,-480.6459552667652,-184.92140736714634,736.4411809069179,13.869105552536144,-36.048446645007616,7.056565000527394e-20
1786737034.0620751,twist -Z,fast,1786737028.6370847,-484.0665940391282,-184.4529200879606,749.0622185188213,13.833969006597169,-36.304994552934964,7.102530574025573e-20
1786737034.0903955,twist -Z,fast,1786737028.6370847,-482.78960290266923,-184.61635497177463,752.2546041462638,13.846226622883162,-36.209220217700434,7.073411867187158e-20
1786737034.1189253,twist -Z,fast,1786737028.6370847,-479.4108557544687,-184.66551759635706,733.6766458078382,13.849913819727067,-35.955814181585396,6.908405920265354e-20
1786737034.147362,twist -Z,fast,1786737028.6370847,-475.23666328446143,-185.64414389744002,719.9279995702946,13.92331079230831,-35.64274974633483,6.86149004504919e-20
1786737034.1757574,twist -Z,fast,1786737028.6370847,-474.71351214541255,-184.30575206904223,710.7618744896563,13.822931405178256,-35.60351341090613,6.789608496646096e-20
1786737034.2041016,twist -Z,fast,1786737028.6370847,-477.7400073315275,-185.41743670259837,718.1568868047161,13.906307752695074,-35.83050054986466,6.888211353712096e-20
1786737034.2326326,twist -Z,fast,1786737028.6370847,-480.84672291218567,-185.14283132047785,730.3779755782116,13.885712349036016,-36.06350421841414,6.919928622359776e-20
1786737034.2609506,twist -Z,fast,1786737028.6370847,-482.5153187167607,-185.1699754335724,744.3242744182817,13.887748157518121,-36.188648903757304,7.051070834832792e-20
1786737034.2894943,twist -Z,fast,1786737028.6370847,-480.50959701764214,-184.8464086789287,740.5645429733631,13.863480650919879,-36.03821977632344,6.991292526590409e-20
1786737034.3176231,twist -Z,fast,1786737028.6370847,-479.230634233199,-184.74603502863738,736.4190060600722,13.85595262714806,-35.94229756749018,7.020622510837848e-20
1786737034.346018,twist -Z,fast,1786737028.6370847,-476.5796979532224,-185.3098626495139,728.9740556597535,13.898239698713677,-35.743477346491765,6.944735471324666e-20
1786737034.374584,twist -Z,fast,1786737028.6370847,-478.2364933458557,-183.96224609994147,731.8419797861043,13.79716845749586,-35.86773700093939,6.960177345268739e-20
1786737034.402768,twist -Z,fast,1786737028.6370847,-476.7342072231231,-183.28663592377598,725.5712968452772,13.746497694283423,-35.755065541734425,6.869924198472557e-20
1786737034.4311066,twist -Z,fast,1786737028.6370847,-477.88765033456,-182.76248746710087,727.5445177504498,13.707186560032685,-35.841573775092215,6.87124310941872e-20
1786737034.4593053,twist -Z,fast,1786737028.6370847,-477.5954727073499,-184.625872375349,724.0385034700093,13.846940428151346,-35.81966045305148,6.855658216038147e-20
1786737034.487932,twist -Z,fast,1786737028.6370847,-476.46405311811804,-187.71983234563186,722.7467552390726,14.07898742592263,-35.73480398385914,6.884981794530174e-20
1786737034.5163653,twist -Z,fast,1786737028.6370847,-477.2038241518899,-188.01716145949683,723.5505990595029,14.101287109462529,-35.79028681139188,6.882369663611011e-20
1786737034.5447915,twist -Z,fast,1786737028.6370847,-475.7513710716089,-185.63616664638266,723.3068738222037,13.922712498478827,-35.68135283037083,6.870133020366536e-20
1786737034.574135,twist -Z,fast,1786737028.6370847,-476.3864703299714,-181.61768126112236,727.221373182485,13.621326094584386,-35.72898527474809,6.884659571201417e-20
1786737034.6013236,twist -Z,fast,1786737028.6370847,-477.18438039436796,-181.6065315052375,736.7815686850963,13.620489862893042,-35.788828529577785,6.925428623087393e-20
1786737034.6298144,twist -Z,fast,1786737028.6370847,-479.0663590614163,-184.52587034770704,741.2008679246655,13.839440276078296,-35.92997692960641,7.004441562990895e-20
1786737034.6583455,twist -Z,fast,1786737028.6370847,-481.04461778830273,-184.25707915631574,743.4738270972621,13.819280936723832,-36.07834633412297,6.984252777216215e-20
1786737034.6864762,twist -Z,fast,1786737028.6370847,-479.9847279728542,-184.21651065189303,732.4320087272845,13.816238298892177,-35.99885459796428,6.915752064559377e-20
1786737034.7149673,twist -Z,fast,1786737028.6370847,-480.17408498330815,-183.39201084980516,725.4447938387912,13.754400813735689,-36.01305637374838,6.867260844548759e-20
1786737034.7435348,twist -Z,fast,1786737028.6370847,-479.0917748100351,-185.9215888125242,724.5238950956782,13.94411916093954,-35.931883110752864,6.908953374111136e-20
1786737034.7722414,twist -Z,fast,1786737028.6370847,-476.7683113361686,-186.69227302842103,718.3018127306068,14.001920477131673,-35.75762335021288,6.921822259434347e-20
1786737034.800166,twist -Z,fast,1786737028.6370847,-479.1639395886905,-187.02247615511612,728.1715199893033,14.026685711633906,-35.93729546915212,6.907413676661151e-20
1786737034.8284838,twist -Z,fast,1786737028.6370847,-482.2219824196309,-186.76444984410693,729.0648194406795,14.007333738308244,-36.166648681472715,6.89301114640431e-20
1786737034.8568459,twist -Z,fast,1786737028.6370847,-482.6241346607653,-183.47615485663414,736.7242058956426,13.760711614247814,-36.19681009955738,6.966826773061624e-20
1786737034.8852258,twist -Z,fast,1786737028.6370847,-480.7122391983862,-185.5319037509372,733.6070183817465,13.914892781320457,-36.05341793987917,6.982163745546373e-20
1786737034.9136732,twist -Z,fast,1786737028.6370847,-476.6138112220124,-183.6835992459986,735.3041327268884,13.776269943450142,-35.74603584165117,6.93046798788332e-20
1786737034.941991,twist -Z,fast,1786737028.6370847,-479.68771466942053,-187.79343295813612,738.0062434080064,14.084507471860409,-35.97657860020685,6.945506587581438e-20
1786737034.970769,twist -Z,fast,1786737028.6370847,-477.23410912801,-185.0300843803625,733.43731447973,13.877256328527135,-35.79255818460093,6.924943290193482e-20
1786737034.9991314,twist -Z,fast,1786737028.6370847,-478.44957992663194,-188.81864651055628,729.0378892168328,14.161398488292097,-35.88371849449754,6.950489462286612e-20
1786737035.0271602,twist -Z,fast,1786737028.6370847,-477.52983433013287,-186.43127407726536,730.5216489039822,13.982345555795202,-35.81473757476015,6.927366043939933e-20
1786737035.0557463,twist -Z,fast,1786737028.6370847,-475.252492208022,-184.90933917842665,725.8539717508893,13.868200438382377,-35.64393691560177,6.862511228110176e-20
1786737035.08413,twist -Z,fast,1786737028.6370847,-475.0493002710614,-181.96827867762374,728.9737294052784,13.647620900822037,-35.62869752032981,6.869004062470491e-20
1786737035.1123674,twist -Z,fast,1786737028.6370847,-474.83956748050286,-182.9129932557763,731.0468980062915,13.71847449418338,-35.61296756103796,6.910380706057714e-20
1786737035.1412272,twist -Z,fast,1786737028.6370847,-476.08730684162447,-184.36863957146,733.2083044605961,13.827647967859793,-35.706548013122195,6.98078010731114e-20
1786737035.1717823,twist -Z,fast,1786737028.6370847,-475.7821485813356,-185.65121943036218,726.0184912343911,13.923841457277309,-35.683661143600304,6.945540283369654e-20
1786737035.197485,twist -Z,fast,1786737028.6370847,-475.8657065059474,-185.62586812627444,722.5523019046877,13.921940109470807,-35.68992798794635,6.904393509021608e-20
1786737035.2262104,twist -Z,fast,1786737028.6370847,-480.41852008649266,-186.71998777138379,734.7514044441887,14.003999082853976,-36.03138900648709,6.934347291416176e-20
1786737035.2543285,twist -Z,fast,1786737028.6370847,-480.1563824700929,-186.7712280568444,735.1539230615717,14.007842104263712,-36.01172868525713,6.968334542723846e-20
1786737035.2834506,twist -Z,fast,1786737028.6370847,-480.46355459656115,-188.09125892300904,735.8693273375175,14.106844419225926,-36.03476659474237,7.013175178204826e-20
1786737035.3113997,twist -Z,fast,1786737028.6370847,-476.73197464365467,-185.11602027473737,726.6310871495216,13.88370152060548,-35.75489809827416,7.028004353744768e-20
1786737035.3396976,twist -Z,fast,1786737028.6370847,-477.99064458102293,-187.76382674878653,734.8338509040395,14.08228700615928,-35.84929834357707,7.071821522971895e-20
1786737035.367903,twist -Z,fast,1786737028.6370847,-476.09140584525176,-186.24004058860498,725.8911162013819,13.9680030441456,-35.70685543839428,6.988285537184625e-20
1786737035.3962858,twist -Z,fast,1786737028.6370847,-478.55580379143703,-189.8114256859302,732.3586426699148,14.235856926444992,-35.8916852843579,6.974723333798584e-20
1786737035.4246967,twist -Z,fast,1786737028.6370847,-477.5125964517915,-185.18666879949217,730.7311302470625,13.889000159962041,-35.81344473388457,6.945389286381132e-20
1786737035.4530485,twist -Z,fast,1786737028.6370847,-476.74836118839585,-183.8997732722304,728.0793926759343,13.792482995417561,-35.75612708913007,6.963922968076559e-20
1786737035.481457,twist -Z,fast,1786737028.6370847,-473.6211122223017,-181.58864923261774,723.3904466804916,13.619148692446426,-35.521583416672975,6.943743470482614e-20
1786737035.5100062,twist -Z,fast,1786737028.6370847,-471.7025905626938,-178.9880958365842,716.0969971263967,13.42410718774391,-35.37769429220226,6.943358074229305e-20
1786737035.5397758,twist -Z,fast,1786737028.6370847,-471.98823643949436,-181.57433626366333,719.3881617747675,13.618075219774962,-35.399117732962246,6.933147050000875e-20
1786737035.5664833,twist -Z,fast,1786737028.6370847,-472.0697487547732,-180.00813687270272,721.1412616537718,13.500610265453052,-35.40523115660823,6.907623566273021e-20
1786737035.5950315,twist -Z,fast,1786737028.6370847,-472.49774420046833,-183.93234627781123,723.4094710200525,13.7949259708361,-35.437330815035224,6.916306303935265e-20
1786737035.6234252,twist -Z,fast,1786737028.6370847,-471.5650490751136,-182.92649632534994,723.7244871827506,13.719487224401394,-35.36737868063372,6.884714397182896e-20
1786737035.6516428,twist -Z,fast,1786737028.6370847,-471.1978644294127,-184.76792454004442,717.3082901929056,13.857594340503471,-35.339839832206195,6.87841867515034e-20
1786737035.6800127,twist -Z,fast,1786737028.6370847,-472.31527025172363,-183.8223590731974,720.8396490397017,13.786676930490028,-35.42364526887954,6.88197204540977e-20
1786737035.708427,twist -Z,fast,1786737028.6370847,-475.66539940456687,-184.31776322041776,726.0551743900651,13.823832241531438,-35.67490495534285,6.948434105938437e-20
1786737035.7371845,twist -Z,fast,1786737028.6370847,-476.7240282481239,-183.2470756489057,735.2020760123614,13.743530673668115,-35.75430211860946,6.995361719101826e-20
1786737035.7655926,twist -Z,fast,1786737028.6370847,-476.38205444542564,-186.11888080505707,735.5702364584149,13.958916060379561,-35.72865408340723,7.012192712345114e-20
1786737035.7937412,twist -Z,fast,1786737028.6370847,-473.64057240697093,-183.57972568636023,730.5305153456857,13.768479426477217,-35.52304293052284,6.959943720718439e-20
1786737035.8221242,twist -Z,fast,1786737028.6370847,-475.0149068740052,-184.52950024560948,725.6227566790058,13.839712518421006,-35.62611801555066,6.945798564939783e-20
1786737035.8505826,twist -Z,fast,1786737028.6370847,-474.0469575947318,-182.39768687017988,718.8700850162904,13.679826515263724,-35.55352181960487,6.862971801891396e-20
1786737035.8789291,twist -Z,fast,1786737028.6370847,-475.79697415968667,-183.21771865566257,729.009789335304,13.74132889917497,-35.68477306197681,6.868269880663333e-20
1786737035.9073565,twist -Z,fast,1786737028.6370847,-475.6746425437095,-184.0728305945314,725.0655395274853,13.805462294590061,-35.67559819077848,6.868356497703153e-20
1786737035.9365454,twist -Z,fast,1786737028.6370847,-477.94226049889994,-186.68488890228014,730.0699108878352,14.001366667671167,-35.84566953741756,6.969976858258277e-20
1786737035.964111,twist -Z,fast,1786737028.6370847,-476.9200459138483,-189.45295401618944,719.9530353783912,14.20897155121435,-35.76900344353875,6.948429924931747e-20
1786737035.9924397,twist -Z,fast,1786737028.6370847,-476.9364113328493,-191.2346396275408,723.1956023208886,14.342597972065679,-35.77023084996378,6.961834544591868e-20
1786737036.0207903,twist -Z,fast,1786737028.6370847,-478.4656986742698,-184.26145720125805,730.6380464043641,13.819609290094473,-35.88492740057053,6.902314733708481e-20
1786737036.0490792,twist -Z,fast,1786737028.6370847,-478.5213002404198,-183.74931218650454,731.3462229047409,13.781198413988069,-35.889097518031704,6.927693597117984e-20
1786737036.0775335,twist -Z,fast,1786737028.6370847,-479.08278670044683,-181.74764055491073,736.2507024303632,13.631073041618468,-35.93120900253375,6.941641646444008e-20
1786737036.1059613,twist -Z,fast,1786737028.6370847,-477.01819325657334,-186.96487554673524,731.347290375541,14.02236566600541,-35.776364494243076,6.96136010828567e-20
1786737036.1343362,twist -Z,fast,1786737028.6370847,-476.22252448819154,-182.90277512639034,730.4229219988783,13.717708134479533,-35.71668933661459,6.936279175315487e-20
1786737036.1629105,twist -Z,fast,1786737028.6370847,-477.66871477042014,-185.33859464694717,728.9355802439395,13.90039459852122,-35.8251536077817,6.973429498796892e-20
1786737036.1912029,twist -Z,fast,1786737028.6370847,-476.91133277262816,-183.79261591607383,726.5504493862336,13.784446193705858,-35.768349957947365,6.924594188346942e-20
1786737036.2195811,twist -Z,fast,1786737028.6370847,-479.2566507757124,-188.33516295642346,731.2440175063275,14.125137221732185,-35.94424880817872,6.942476572472866e-20
1786737036.248169,twist -Z,fast,1786737028.6370847,-477.7456692932674,-187.7266324539156,733.0718606981745,14.079497434043926,-35.83092519699525,6.91179264649677e-20
1786737036.2765732,twist -Z,fast,1786737028.6370847,-477.14847868364586,-189.18430128526813,725.5478354732495,14.188822596395344,-35.78613590127367,6.928673469307223e-20
1786737036.3047912,twist -Z,fast,1786737028.6370847,-477.03532422810304,-188.8131879073586,726.1362203584731,14.160989093051956,-35.77764931710786,6.963376150926393e-20
1786737036.334014,twist -Z,fast,1786737028.6370847,-477.75905674086516,-187.0543262794696,733.0782414789655,14.029074470960442,-35.83192925556509,6.977212202534096e-20
1786737036.3615186,twist -Z,fast,1786737028.6370847,-479.9152226731335,-189.23056284675158,740.7790117397635,14.192292213506601,-35.99364170048525,7.021197233575377e-20
1786737036.389934,twist -Z,fast,1786737028.6370847,-480.24019173266925,-188.21091986504905,746.3439742472337,14.115818989878878,-36.018014379950436,7.078545734850827e-20
1786737036.4184127,twist -Z,fast,1786737028.6370847,-480.20991136044495,-188.27698291688182,738.9804805629838,14.120773718766241,-36.015743352033574,7.052927987437684e-20
1786737036.446643,twist -Z,fast,1786737028.6370847,-479.5607353652722,-184.86141151978097,737.1708553988929,13.86460586398383,-35.967055152395616,6.997461955936392e-20
1786737036.4750817,twist -Z,fast,1786737028.6370847,-478.4224207684788,-184.05843266742852,728.634649354367,13.80438245005747,-35.8816815576361,6.909982936845182e-20
1786737036.503596,twist -Z,fast,1786737028.6370847,-474.8074289660185,-183.1075958151689,721.1578108928934,13.733069686137856,-35.61055717245156,6.876700057980516e-20
1786737036.534934,twist -Z,fast,1786737028.6370847,-475.3791276607408,-182.96790566705397,722.829012901826,13.722592925029243,-35.65343457455569,6.864788997713114e-20
1786737036.5601625,twist -Z,fast,1786737028.6370847,-475.2850931503117,-183.63932929756572,723.2841813957857,13.772949697317667,-35.64638198627371,6.891860917387255e-20
1786737036.58855,twist -Z,fast,1786737028.6370847,-478.00842117963066,-185.29483402769904,730.2037922306581,13.897112552077655,-35.85063158847252,6.959541349908531e-20
1786737036.617269,twist -Z,fast,1786737028.6370847,-478.43000890168514,-185.48083374193027,731.9385046476818,13.91106253064508,-35.882250667626586,7.032513307585536e-20
1786737036.6455984,twist -Z,fast,1786737028.6370847,-478.144057709917,-182.9549628614285,730.8950216603534,13.72162221460729,-35.86080432824402,6.924178975577923e-20
1786737036.67377,twist -Z,fast,1786737028.6370847,-475.1970597473255,-182.16336261941785,724.1095589757233,13.662252196456475,-35.63977948104974,6.867655052143792e-20
1786737036.702289,twist -Z,fast,1786737028.6370847,-474.09544520132295,-182.83351471473895,729.5876146454757,13.712513603605533,-35.5571583900994,6.870972059947398e-20
1786737036.7311144,twist -Z,fast,1786737028.6370847,-473.29279522818615,-187.28750911017937,731.9431473483592,14.046563183263704,-35.49695964211418,6.98448016714193e-20
1786737036.7591627,twist -Z,fast,1786737028.6370847,-477.3530963706439,-189.27210371934052,744.0645401683423,14.195407778950663,-35.80148222779839,7.00659974361008e-20
1786737036.7874377,twist -Z,fast,1786737028.6370847,-475.14832541769965,-189.98989742342417,730.8161632936526,14.249242306756958,-35.63612440632751,6.958303950963036e-20
1786737036.8157248,twist -Z,fast,1786737028.6370847,-475.1391637003394,-185.60241654932997,724.7447120162069,13.920181241199845,-35.6354372775257,6.901051830997386e-20
1786737036.844129,twist -Z,fast,1786737028.6370847,-472.6808233891725,-183.09429295421603,716.7406861738691,13.732071971566409,-35.45106175418805,6.923990097950667e-20
1786737036.8724186,twist -Z,fast,1786737028.6370847,-473.6872775922843,-179.99929033441015,720.8758775538518,13.49994677508099,-35.526545819421344,6.914998022158938e-20
1786737036.9011052,twist -Z,fast,1786737028.6370847,-473.58769960567724,-180.69604184979937,718.1965228871004,13.552203138735013,-35.51907747042606,6.911783535446239e-20
1786737036.9305408,twist -Z,fast,1786737028.6370847,-471.9422129718082,-179.644982321135,720.443041937523,13.473373674085376,-35.395665972885816,6.790711929137833e-20
1786737036.9577463,twist -Z,fast,1786737028.6370847,-475.36224746214293,-183.2820902901251,734.9142196558187,13.746156771759633,-35.65216855966099,6.818976458738412e-20
1786737036.9861648,twist -Z,fast,1786737028.6370847,-475.87629257908384,-186.3029300988028,741.6859307059694,13.972719757410392,-35.6907219434316,6.867340380748711e-20
1786737037.0144074,twist -Z,fast,1786737028.6370847,-480.2484050811968,-189.10804293849276,738.0806334020699,14.183103220387263,-36.01863038108993,6.93481527041523e-20
1786737037.0426497,twist -Z,fast,1786737028.6370847,-476.74484909246394,-186.3595333238394,728.3418837378676,13.976964999288182,-35.755863681935004,6.933000589710252e-20
1786737037.071122,twist -Z,fast,1786737028.6370847,-475.3127935813841,-186.96583856401242,720.2325364714334,14.022437892301088,-35.64845951860411,6.909262177646447e-20
1786737037.0995026,twist -Z,fast,1786737028.6370847,-470.18570228960016,-185.39248114712814,714.6089780217617,13.904436086034753,-35.263927671720275,6.927053386103925e-20
1786737037.129991,twist -Z,fast,1786737028.6370847,-469.54121652211415,-187.82685712745945,709.6061743011569,14.08701428455976,-35.21559123915869,6.945011582637609e-20
1786737037.1561852,twist -Z,fast,1786737028.6370847,-469.0627478963256,-185.2305973532218,712.2254713737875,13.892294801491989,-35.179706092224464,6.86974849079265e-20
1786737037.184564,twist -Z,fast,1786737028.6370847,-470.3612228760844,-186.18339525011424,716.7908742617756,13.96375464375878,-35.27709171570641,6.869507942382105e-20
1786737037.212742,twist -Z,fast,1786737028.6370847,-470.52154532659233,-184.57617857383855,712.9782709172077,13.84321339303806,-35.289115899494725,6.821652222385749e-20
1786737037.2412233,twist -Z,fast,1786737028.6370847,-470.54289835903637,-183.297180620478,714.4880657815092,13.747288546536023,-35.290717376927816,6.832244975991832e-20
1786737037.2695246,twist -Z,fast,1786737028.6370847,-469.55704429908747,-180.24802950394314,705.8223811012831,13.518602212795809,-35.21677832243192,6.71769438568954e-20
1786737037.2982123,twist -Z,fast,1786737028.6370847,-471.7533335344274,-180.5795662348297,717.4357429527327,13.543467467612633,-35.38150001508217,6.759931828294206e-20
1786737037.3285108,twist -Z,fast,1786737028.6370847,-474.0683987548464,-182.37458383490946,726.0548452404519,13.678093787618433,-35.55512990661377,6.896266740519016e-20
1786737037.3549407,twist -Z,fast,1786737028.6370847,-475.64726398070616,-183.4038229743171,739.263799555838,13.755286723073983,-35.673544798553145,7.009487746377373e-20
1786737037.3834002,twist -Z,fast,1786737028.6370847,-474.1755290192891,-182.9050701931253,738.9129850979889,13.717880264484638,-35.56316467644677,6.995747616293019e-20
1786737037.4116411,twist -Z,fast,1786737028.6370847,-472.58326768821644,-181.00933880846458,733.6872613759697,13.575700410635033,-35.44374507661633,6.944560121283778e-20
1786737037.4401326,twist -Z,fast,1786737028.6370847,-471.4848015448779,-181.4021495285374,727.7490536349969,13.605161214640493,-35.36136011586601,6.916165805952334e-20
1786737037.4684048,twist -Z,fast,1786737028.6370847,-469.4735948036564,-181.10091123373581,715.4807641606658,13.582568342530227,-35.210519610274446,6.873464553788467e-20
1786737037.4968243,twist -Z,fast,1786737028.6370847,-469.6643464667627,-183.06859017590693,717.5304500934826,13.730144263193306,-35.22482598500737,6.909216883935348e-20
1786737037.5257003,twist -Z,fast,1786737028.6370847,-470.56231475758887,-183.7215614424748,723.3767840428327,13.779117108185748,-35.292173606819375,6.902742845132974e-20
1786737037.5536711,twist -Z,fast,1786737028.6370847,-472.69439930156295,-186.46233554436276,726.6835950683917,13.984675165827422,-35.452079947617435,6.970281172090055e-20
1786737037.5819256,twist -Z,fast,1786737028.6370847,-471.9759223058959,-187.82785588763466,728.0222912363697,14.087089191572762,-35.39819417294235,6.974446804508721e-20
1786737037.6103625,twist -Z,fast,1786737028.6370847,-472.35365298143824,-187.67112243399913,724.7517366812981,14.075334182550261,-35.426523973608056,7.057893921784189e-20
1786737037.6386259,twist -Z,fast,1786737028.6370847,-473.1909302101526,-184.33687461709826,735.8841369798056,13.825265596282595,-35.48931976576165,7.083558046235965e-20
1786737037.666971,twist -Z,fast,1786737028.6370847,-472.4249569252306,-184.62085919243486,719.6767270044811,13.846564439432687,-35.43187176939232,6.952866542840166e-20
1786737037.6955895,twist -Z,fast,1786737028.6370847,-474.1269986094162,-191.53717865118722,719.109252708643,14.3652883988394,-35.55952489570649,6.863071352231252e-20
1786737037.7250118,twist -Z,fast,1786737028.6370847,-475.47692898127025,-194.70920009572808,714.7246803686894,14.603190007179766,-35.66076967359552,6.815852253523366e-20
1786737037.7522538,twist -Z,fast,1786737028.6370847,-477.9245490070739,-195.35861394552546,726.1711423617826,14.651896045914466,-35.84434117553064,6.93448601226598e-20
1786737037.7806098,twist -Z,fast,1786737028.6370847,-471.29721917542565,-187.4707597798522,710.0741454880599,14.060306983488982,-35.34729143815709,6.825049433443675e-20
1786737037.8092515,twist -Z,fast,1786737028.6370847,-467.78321019103714,-183.48281736802824,706.3969271912256,13.761211302602238,-35.083740764328056,6.860579280979917e-20
1786737037.8374646,twist -Z,fast,1786737028.6370847,-464.1126210622606,-182.28824430168743,686.9599729150368,13.671618322626745,-34.80844657966976,6.688392383511889e-20
1786737037.8656924,twist -Z,fast,1786737028.6370847,-474.4363508697088,-189.52917174202548,710.6951820611075,14.214687880652033,-35.582726315228236,6.936450269339202e-20
1786737037.8943048,twist -Z,fast,1786737028.6370847,-475.70517523935587,-188.90837985214932,708.0411967260143,14.16812848891146,-35.677888142951936,6.947131751934133e-20
1786737037.925104,twist -Z,fast,1786737028.6370847,-479.82416127086026,-187.12544360345316,731.281645697175,14.034408270259025,-35.986812095314576,7.062611648440916e-20
1786737037.9510508,twist -Z,fast,1786737028.6370847,-473.8993029996768,-179.7046487013863,722.9705229647698,13.477848652604234,-35.54244772497593,6.879221597956342e-20
1786737037.9791796,twist -Z,fast,1786737028.6370847,-475.1765770778061,-182.00118559004966,725.5060935742022,13.650088919253921,-35.63824328083564,6.852699477543718e-20
1786737038.0078354,twist -Z,fast,1786737028.6370847,-473.93971132140496,-183.2706008251322,723.0988376324658,13.745295061885027,-35.545478349105586,6.857116416865571e-20
1786737038.0361052,twist -Z,fast,1786737028.6370847,-476.8139940913243,-188.2236602883462,725.234003794244,14.116774521626208,-35.761049556849436,6.905693717383771e-20
1786737038.0644295,twist -Z,fast,1786737028.6370847,-475.08411956385,-189.2032481804796,719.9475632936046,14.190243613536058,-35.63130896728888,6.844734372077479e-20
1786737038.0928845,twist -Z,fast,1786737028.6370847,-476.3185642009794,-187.230067418928,712.5765716691085,14.042255056419872,-35.72389231507361,6.926041232788343e-20
1786737038.1221056,twist -Z,fast,1786737028.6370847,-476.0695352714765,-187.3170949820137,717.3965090734773,14.048782123651254,-35.70521514536079,6.990926251875458e-20
1786737038.149468,twist -Z,fast,1786737028.6370847,-478.30674050866855,-189.11984822786167,742.4417339572492,14.183988617089735,-35.87300553815033,7.076970432707767e-20
1786737038.177891,twist -Z,fast,1786737028.6370847,-478.96516066798904,-191.19781155883652,762.6417882066853,14.339835866912932,-35.922387050099346,7.077262806396582e-20
1786737038.206276,twist -Z,fast,1786737028.6370847,-476.4855063060486,-185.76277528534547,758.1142951518723,13.93220814640095,-35.736412972953914,7.114618223659913e-20
1786737038.2348137,twist -Z,fast,1786737028.6370847,-473.2667810289813,-180.72731400080477,734.3460263580446,13.554548550060549,-35.49500857717351,6.963591360281548e-20
1786737038.2633746,twist -Z,fast,1786737028.6370847,-470.1501949247795,-180.40505770674827,718.0942983300974,13.530379328006308,-35.261264619358634,6.86449350981689e-20
1786737038.291472,twist -Z,fast,1786737028.6370847,-469.33949290433657,-181.63847873110728,709.8473375050025,13.622885904833272,-35.20046196782548,6.75829673726975e-20
1786737038.3225443,twist -Z,fast,1786737028.6370847,-470.6092054598362,-184.42640915890217,717.1307672664116,13.831980686917749,-35.2956904094879,6.896277025487923e-20
1786737038.3485575,twist -Z,fast,1786737028.6370847,-472.72711796810063,-185.00682311160176,725.7701294897797,13.875511733370363,-35.45453384760765,6.891716869441071e-20
1786737038.37703,twist -Z,fast,1786737028.6370847,-473.3261487448667,-186.63472355838417,728.7498874941284,13.997604266879012,-35.49946115586516,6.924164315765951e-20
1786737038.4050074,twist -Z,fast,1786737028.6370847,-471.9422023234556,-186.56613794976136,727.7400564035488,13.992460346232182,-35.3956651742591,6.837444365756475e-20
1786737038.4334664,twist -Z,fast,1786737028.6370847,-472.07091638539305,-184.1450100633748,722.4912705495799,13.810875754753415,-35.40531872890469,6.912439913580676e-20
1786737038.4619796,twist -Z,fast,1786737028.6370847,-473.4656877321054,-184.1118861071725,729.151170073601,13.808391458038304,-35.50992657990816,6.982081164802353e-20
1786737038.490222,twist -Z,fast,1786737028.6370847,-474.0853091433478,-185.9260165748974,714.8689261799109,13.944451243117545,-35.55639818575117,7.031898985851975e-20
1786737038.5222352,twist -Z,fast,1786737028.6370847,-475.5370980399057,-187.81358623130768,724.3848034363646,14.086018967348277,-35.665282352993174,7.012557271883816e-20
1786737038.5473263,twist -Z,fast,1786737028.6370847,-473.23791346586495,-186.71980980914793,724.1428791950011,14.003985735686147,-35.49284350994008,7.043169523778626e-20
1786737038.5754228,twist -Z,fast,1786737028.6370847,-478.77732616753747,-185.04538454096826,750.0334961647941,13.878403840572869,-35.90829946256547,7.113614411851622e-20
1786737038.603829,twist -Z,fast,1786737028.6370847,-477.3651722124391,-184.41387581222773,743.6384829192648,13.831040685917262,-35.802387915933075,7.136375047799226e-20
1786737038.6321912,twist -Z,fast,1786737028.6370847,-480.347438880533,-185.27786405067798,742.5383705464037,13.895839803801106,-36.02605791603999,7.087608368913978e-20
1786737038.6608734,twist -Z,fast,1786737028.6370847,-476.5908962995027,-184.7949881175149,732.884832663708,13.85962410881378,-35.74431722246275,7.01671785912833e-20
1786737038.6887593,twist -Z,fast,1786737028.6370847,-476.2492653155359,-184.47416609633854,727.9208951602914,13.835562457225596,-35.718694898665305,6.943652950357474e-20
1786737038.7172382,twist -Z,fast,1786737028.6370847,-475.07595102051255,-185.38303796525224,722.8897682671204,13.903727847394105,-35.63069632653839,6.895234763430082e-20
1786737038.7454727,twist -Z,fast,1786737028.6370847,-473.92237730299803,-185.38836749102427,719.1696704995838,13.904127561827078,-35.5441782977251,6.88694849157765e-20
1786737038.7739697,twist -Z,fast,1786737028.6370847,-473.190893094305,-184.2350812469041,719.6719993807128,13.817631093518113,-35.48931698207295,6.911653569814836e-20
1786737038.802302,twist -Z,fast,1786737028.6370847,-473.04284143943687,-179.4175459239417,722.6637431370627,13.456315944295891,-35.47821310795799,6.850345647044454e-20
1786737038.8307152,twist -Z,fast,1786737028.6370847,-471.532509485261,-178.95786390177216,713.1594245509359,13.421839792633268,-35.364938211394616,6.817722957886106e-20
1786737038.859398,twist -Z,fast,1786737028.6370847,-473.6588591530344,-181.8878644706117,716.0717931687541,13.641589835295893,-35.52441443647761,6.840069187949739e-20
1786737038.8877914,twist -Z,fast,1786737028.6370847,-476.09825959195814,-188.11402761194609,726.5675623352736,14.108552070896128,-35.707369469396895,6.954750249505121e-20
1786737038.9158661,twist -Z,fast,1786737028.6370847,-478.7626496853941,-188.27361275887438,736.9618258470491,14.120520956915708,-35.907198726404644,7.003447710832063e-20
1786737038.9443657,twist -Z,fast,1786737028.6370847,-478.3542370615137,-186.71451965164226,741.662295596565,14.003588973873494,-35.87656777961371,7.035849146378821e-20
1786737038.9729483,twist -Z,fast,1786737028.6370847,-475.46236610282904,-181.40221293602247,728.4020180559819,13.605165970201849,-35.65967745771232,7.01002447371032e-20
1786737039.0010545,twist -Z,fast,1786737028.6370847,-474.20981101362577,-182.9190130454083,724.6712712101325,13.718925978405881,-35.56573582602213,6.974716267806616e-20
1786737039.0294487,twist -Z,fast,1786737028.6370847,-474.40407143322045,-185.80482528177095,718.3010720610318,13.935361896132957,-35.58030535749168,6.958495396904183e-20
1786737039.058193,twist -Z,fast,1786737028.6370847,-474.9083532610134,-187.99307806947934,717.4310530291696,14.099480855211109,-35.618126494576074,6.876581189499386e-20
1786737039.0879052,twist -Z,fast,1786737028.6370847,-476.7376015126806,-187.19894399999498,723.7408498248005,14.03992079999971,-35.75532011345118,6.897986255154234e-20
1786737039.1146896,twist -Z,fast,1786737028.6370847,-475.63100333093234,-182.41688960590795,723.3634305433134,13.68126672044325,-35.67232524981991,6.839886829102027e-20
1786737039.142981,twist -Z,fast,1786737028.6370847,-477.71578738738344,-184.43079692927984,731.0539702202695,13.832309769696035,-35.82868405405396,6.962866417195886e-20
1786737039.171537,twist -Z,fast,1786737028.6370847,-476.0232562228671,-186.4327432971363,719.0250117186188,13.982455747285425,-35.70174421671521,6.86473664526334e-20
1786737039.19979,twist -Z,fast,1786737028.6370847,-480.89074841614047,-191.7210840322848,728.692693112388,14.379081302421643,-36.066806131210804,6.961442790369456e-20
1786737039.2280362,twist -Z,fast,1786737028.6370847,-480.0438404744127,-193.3277623221827,723.0791536968791,14.499582174164015,-36.003288035581036,6.890042928235155e-20
1786737039.256671,twist -Z,fast,1786737028.6370847,-481.38294919553346,-191.52618143471966,732.0377458133398,14.364463607604169,-36.10372118966528,6.999432351978114e-20
1786737039.2851799,twist -Z,fast,1786737028.6370847,-477.18592345597017,-188.81820659415087,725.1010936818911,14.16136549456137,-35.78894425919788,6.947687348044495e-20
1786737039.313156,twist -Z,fast,1786737028.6370847,-476.6547118887761,-186.18995022133208,733.0571254781644,13.96424626659999,-35.749103391658295,6.950572556362145e-20
1786737039.3416102,twist -Z,fast,1786737028.6370847,-478.71554794224267,-183.91716032742306,739.0378230610722,13.79378702455686,-35.9036660956683,6.880088848913045e-20
1786737039.3700373,twist -Z,fast,1786737028.6370847,-480.16354969257645,-185.27083309134196,747.4357057958878,13.89531248185084,-36.012266226943275,6.980658738460404e-20
1786737039.3983884,twist -Z,fast,1786737028.6370847,-481.8077270020949,-182.584066990824,739.9335187382685,13.693805024312073,-36.13557952515729,6.959778912889435e-20
1786737039.426904,twist -Z,fast,1786737028.6370847,-478.07261167373827,-183.18094004346983,734.9808313307212,13.738570503260508,-35.855445875530414,6.977896705788885e-20
1786737039.455408,twist -Z,fast,1786737028.6370847,-476.65821487703806,-181.71317472668045,723.6807270909976,13.628488104501304,-35.74936611577794,6.829448893345472e-20
1786737039.4851208,twist -Z,fast,1786737028.6370847,-474.7295229299143,-184.963288633552,729.1612929716657,13.872246647516778,-35.604714219743805,6.882284764340965e-20
1786737039.512019,twist -Z,fast,1786737028.6370847,-477.4813000421136,-188.41378257817894,732.3355029995046,14.131033693363587,-35.81109750315878,6.962356147602017e-20
1786737039.5404272,twist -Z,fast,1786737028.6370847,-480.5662256357641,-188.85544080906448,746.678037780116,14.164158060680155,-36.04246692268246,7.086894427774353e-20
1786737039.5689654,twist -Z,fast,1786737028.6370847,-478.58220880634417,-187.16127682522358,738.7617692026479,14.037095761891901,-35.89366566047598,7.033514495367463e-20
1786737039.5974827,twist -Z,fast,1786737028.6370847,-476.7746014992995,-183.80017166492098,732.4258506267952,13.785012874869299,-35.758095112447705,6.997930699422967e-20
1786737039.6255252,twist -Z,fast,1786737028.6370847,-472.85250200750033,-181.9598919500279,722.952734216552,13.646991896252306,-35.46393765056273,6.881395992909394e-20
1786737039.653871,twist -Z,fast,1786737028.6370847,-474.3669505497928,-183.51015664530325,727.0405076732313,13.763261748397955,-35.57752129123475,6.905015273221269e-20
1786737039.6823313,twist -Z,fast,1786737028.6370847,-473.5491671722316,-181.79452827059174,727.8931592120944,13.634589620294744,-35.516187537917666,6.960938553552575e-20
1786737039.710898,twist -Z,fast,1786737028.6370847,-476.1072581502749,-186.45836984229413,733.1987237429548,13.98437773817216,-35.708044361270765,7.085822591673004e-20
1786737039.7393568,twist -Z,fast,1786737028.6370847,-477.85418261655377,-184.06783078180456,737.5445693579377,13.805087308635418,-35.83906369624175,7.048017472026659e-20
1786737039.767892,twist -Z,fast,1786737028.6370847,-479.35324740482974,-188.09660767519745,734.2234733993864,14.10724557564009,-35.95149355536232,6.968663882441863e-20
1786737039.7957592,twist -Z,fast,1786737028.6370847,-475.095841096766,-184.71265879405576,715.1377421989164,13.85344940955444,-35.63218808225757,6.790779743451324e-20
1786737039.8241336,twist -Z,fast,1786737028.6370847,-473.8847309936714,-187.82282823670084,707.2868288446134,14.086712117752757,-35.54135482452552,6.808083365007768e-20
1786737039.8527277,twist -Z,fast,1786737028.6370847,-472.9162176669861,-189.6846777910563,704.5569285088795,14.226350834329384,-35.468716325024026,6.822955330091259e-20
1786737039.8822453,twist -Z,fast,1786737028.6370847,-477.36852897115796,-189.5698091452433,726.3007408623444,14.21773568589342,-35.80263967283687,6.946192896682186e-20
1786737039.9094238,twist -Z,fast,1786737028.6370847,-476.2403784920416,-190.09845412332845,728.1159211029399,14.257384059249862,-35.718028386903235,6.934408459355915e-20
1786737039.9376667,twist -Z,fast,1786737028.6370847,-477.47802603987884,-189.1443647586775,730.8564871041344,14.18582735690104,-35.810851952991264,6.934772845772456e-20
1786737039.9662242,twist -Z,fast,1786737028.6370847,-475.18680775571875,-190.83509565690917,721.9367644675185,14.312632174268462,-35.63901058167925,6.872571757305475e-20
1786737039.9945052,twist -Z,fast,1786737028.6370847,-473.420329436824,-184.8113358497502,710.815518036743,13.860850188731465,-35.50652470776188,6.806007538017274e-20
1786737040.0228791,twist -Z,fast,1786737028.6370847,-472.9199045810401,-183.0605528856894,716.6476179441261,13.729541466427062,-35.46899284357821,6.859085078216376e-20
1786737040.0512218,twist -Z,fast,1786737028.6370847,-473.14378820655975,-181.44734218694452,712.6463489534208,13.60855066402117,-35.48578411549221,6.84251419695134e-20
1786737040.0827246,twist -Z,fast,1786737028.6370847,-478.8091449892895,-185.32649927491468,729.9159753725444,13.89948744561882,-35.910685874196915,6.942382833007508e-20
1786737040.1081138,twist -Z,fast,1786737028.6370847,-479.86266360803256,-186.26559109647508,732.097617015369,13.969919332235865,-35.98969977060246,6.933030600652191e-20
1786737040.1366763,twist -Z,fast,1786737028.6370847,-483.21068161667654,-185.89304003722748,741.3952679133336,13.941978002792386,-36.240801121250804,7.009063061704466e-20
1786737040.1650858,twist -Z,fast,1786737028.6370847,-480.2303571391244,-186.21952367621998,736.4320300332756,13.966464275716799,-36.017276785434696,7.02394310338784e-20
1786737040.1933901,twist -Z,fast,1786737028.6370847,-476.6579262692585,-184.92389688917524,716.1880215542524,13.869292266688351,-35.749344470194536,6.901707609007652e-20
1786737040.221795,twist -Z,fast,1786737028.6370847,-474.79232112464433,-185.91093113516206,716.5507893331005,13.943319835137356,-35.60942408434854,6.92791849728068e-20
1786737040.2502477,twist -Z,fast,1786737028.6370847,-471.65289830677466,-186.44483502776973,706.1354933905004,13.983362627082858,-35.37396737300812,6.831584495345033e-20
1786737040.279537,twist -Z,fast,1786737028.6370847,-474.9387517321725,-185.76404593164352,731.4268516304292,13.93230344487343,-35.620406379913085,6.930013574754442e-20
1786737040.306777,twist -Z,fast,1786737028.6370847,-475.7531070440923,-189.47580364436487,729.6558185229096,14.210685273327545,-35.681483028307085,6.904066388655299e-20
1786737040.3353622,twist -Z,fast,1786737028.6370847,-477.05975062110383,-188.49772694747696,734.0669629003924,14.137329521061044,-35.77948129658314,6.955642507932273e-20
1786737040.3637033,twist -Z,fast,1786737028.6370847,-479.0955797597935,-188.7314113013798,731.1272155272763,14.154855847603695,-35.93216848198473,6.927919855430877e-20
1786737040.3922741,twist -Z,fast,1786737028.6370847,-477.9915150147049,-183.60227750305842,728.7271230700344,13.770170812729635,-35.849363626103134,6.894389182540753e-20
1786737040.420442,twist -Z,fast,1786737028.6370847,-483.6091959551218,-186.2018265031678,736.4777133834714,13.965136987737854,-36.27068969663445,6.960575880883262e-20
1786737040.4488165,twist -Z,fast,1786737028.6370847,-479.80872466032724,-188.88887170464182,728.4305228930334,14.166665377848364,-35.9856543495247,6.998647620074264e-20
1786737040.4786336,twist -Z,fast,1786737028.6370847,-480.6323575054048,-188.73332258729715,730.0744194263907,14.154999194047523,-36.04742681290532,7.006213615346092e-20
1786737040.5054662,twist -Z,fast,1786737028.6370847,-476.351877798591,-186.3379006846876,733.554239513529,13.975342551351869,-35.72639083489437,6.957648822946846e-20
1786737040.5342224,twist -Z,fast,1786737028.6370847,-477.8477136691645,-183.38247846174397,732.2642644490779,13.75368588463093,-35.8385785251876,6.923099686651821e-20
1786737040.5622919,twist -Z,fast,1786737028.6370847,-478.66254970033015,-184.1382495389655,741.0627566364683,13.81036871542258,-35.89969122752502,6.927688406354892e-20
1786737040.5907588,twist -Z,fast,1786737028.6370847,-479.1043137528741,-184.26103411592146,730.8590204700831,13.819577558694352,-35.93282353146555,6.93700465247254e-20
1786737040.6191204,twist -Z,fast,1786737028.6370847,-478.7433429046605,-185.62323858079208,728.5296530772875,13.921742893559593,-35.905750717849656,6.912720612222069e-20
1786737040.6477296,twist -Z,fast,1786737028.6370847,-476.8319697069883,-185.6612946092697,716.0365018569591,13.924597095695415,-35.762397728024425,6.959447993007942e-20
1786737040.6784036,twist -Z,fast,1786737028.6370847,-479.58396556123716,-185.35882454870477,727.441634187333,13.90191184115302,-35.96879741709301,6.947764440475592e-20
1786737040.7043898,twist -Z,fast,1786737028.6370847,-480.9470150633183,-184.7933400222331,742.375810279591,13.85950050166765,-36.071026129748944,7.082424278567496e-20
1786737040.7330022,twist -Z,fast,1786737028.6370847,-482.2705895319891,-183.4960909470543,741.093064092318,13.7622068210292,-36.17029421489948,7.018548907529699e-20
1786737040.7609236,twist -Z,fast,1786737028.6370847,-478.5499386942297,-183.39636946003156,735.4913220877806,13.754727709502479,-35.891245402067405,7.025835476151398e-20
1786737040.7893348,twist -Z,fast,1786737028.6370847,-474.5044848565017,-183.3297321432907,717.5315693422863,13.749729910747153,-35.58783636423773,6.851274164195669e-20
1786737040.8180168,twist -Z,fast,1786737028.6370847,-473.5513106503463,-185.37318046501582,718.6126812484163,13.902988534876354,-35.5163482987761,6.848238388313067e-20
1786737040.8462117,twist -Z,fast,1786737028.6370847,-476.0857161957565,-188.28018257367216,722.8258258930773,14.121013693025528,-35.70642871468192,6.872402776060209e-20
1786737040.8769112,twist -Z,fast,1786737028.6370847,-474.8667150879428,-186.7262856614575,721.376029721413,14.004471424609452,-35.615003631595904,6.868626538383145e-20
1786737040.9029474,twist -Z,fast,1786737028.6370847,-474.43445027416874,-186.99430075134103,725.6863022700791,14.02457255635085,-35.58258377056292,6.937493920844479e-20
1786737040.931302,twist -Z,fast,1786737028.6370847,-472.4344116630041,-182.0888504430335,722.5800114292842,13.656663783227632,-35.43258087472542,6.92241926611979e-20
1786737040.959518,twist -Z,fast,1786737028.6370847,-475.9561430934109,-181.56447988314028,725.804437759648,13.617335991235723,-35.69671073200614,6.974566639734153e-20
1786737040.9880443,twist -Z,fast,1786737028.6370847,-473.4810453536079,-179.57103457063215,718.27256483369,13.467827592797558,-35.51107840152069,6.880886708766905e-20
1786737041.016386,twist -Z,fast,1786737028.6370847,-473.43166221316596,-180.4104263380117,718.2665788868653,13.530781975350951,-35.507374665987584,6.877464401524227e-20
1786737041.0448601,twist -Z,fast,1786737028.6370847,-472.5070424608639,-181.5647674653427,723.8632091183572,13.617357559900913,-35.43802818456505,6.904706815048463e-20
1786737041.0751204,twist -Z,fast,1786737028.6370847,-477.0621257604348,-179.2841776333886,727.1811664468632,13.446313322504313,-35.77965943203288,6.92200775896359e-20
1786737041.1014857,twist -Z,fast,1786737028.6370847,-481.60917900017694,-183.25595544408588,743.9501992276864,13.744196658306553,-36.12068842501361,7.033929130919003e-20
1786737041.1302702,twist -Z,fast,1786737028.6370847,-482.1568270601424,-185.18844919141122,744.2554298490013,13.889133689355962,-36.161762029510925,7.028338859896182e-20
1786737041.158383,twist -Z,fast,1786737028.6370847,-478.1428247253293,-189.36764682170042,732.4699604759862,14.202573511627836,-35.86071185439987,6.993537605756085e-20
1786737041.1865811,twist -Z,fast,1786737028.6370847,-474.45428559254424,-184.91391724577204,725.6943267900269,13.868543793433059,-35.58407141944113,6.992148813814702e-20
1786737041.2151184,twist -Z,fast,1786737028.6370847,-474.20659855466374,-184.24439425756282,724.0218447247862,13.818329569317473,-35.565494891599904,6.95871635176267e-20
1786737041.243545,twist -Z,fast,1786737028.6370847,-475.75362342889866,-182.90225548634885,741.0935966904999,13.71766916147627,-35.68152175716766,7.090831807577406e-20
1786737041.2732162,twist -Z,fast,1786737028.6370847,-477.1358942017705,-181.9815873098629,744.0254200109339,13.648619048239954,-35.78519206513297,7.020470274407615e-20
1786737041.3004186,twist -Z,fast,1786737028.6370847,-476.3823582547393,-179.56860651585419,747.8701067835636,13.46764548868919,-35.728676869105655,7.097990138126786e-20
1786737041.3284597,twist -Z,fast,1786737028.6370847,-477.73461468146525,-181.27174285672777,748.3077446527905,13.595380714254912,-35.8300961011103,7.081780347515912e-20
1786737041.3569312,twist -Z,fast,1786737028.6370847,-477.92857748535744,-186.72564198052078,730.6574173774625,14.004423148539328,-35.84464331140185,7.145707732426742e-20
1786737041.385597,twist -Z,fast,1786737028.6370847,-475.13686873289635,-188.11622768004986,722.1893688529308,14.108717076003725,-35.63526515496737,7.081397774077486e-20
1786737041.4135816,twist -Z,fast,1786737028.6370847,-474.0915015527362,-186.22058048326255,726.9895146037243,13.966543536244888,-35.55686261645538,7.061604888478472e-20
1786737041.442027,twist -Z,fast,1786737028.6370847,-472.0566406512453,-182.99388356243287,734.9557222841295,13.724541267182747,-35.40424804884356,7.008381080616688e-20
1786737041.472887,twist -Z,fast,1786737028.6370847,-474.0505414010263,-180.69230654813998,734.6498076361868,13.551922991110633,-35.553790605077005,7.032852663915231e-20
1786737041.498963,twist -Z,fast,1786737028.6370847,-478.7116911240846,-183.7682427138899,741.1919774550815,13.782618203541912,-35.90337683430662,7.037539914044747e-20
1786737041.5274546,twist -Z,fast,1786737028.6370847,-480.2186398838594,-185.80049347251736,744.3162601173035,13.935037010438844,-36.0163979912897,7.047913521165565e-20
1786737041.5560431,twist -Z,fast,1786737028.6370847,-483.8418927650928,-187.1780310216733,753.6545044002078,14.038352326625752,-36.28814195738234,7.04806732364081e-20
1786737041.5841084,twist -Z,fast,1786737028.6370847,-478.89697925216024,-187.16256812092945,735.1137097395522,14.03719260906998,-35.91727344391212,6.980950299505746e-20
1786737041.6124442,twist -Z,fast,1786737028.6370847,-476.7215111991841,-185.55597432798322,727.4157996003196,13.916698074599022,-35.75411333993877,6.852444449495144e-20
1786737041.64093,twist -Z,fast,1786737028.6370847,-473.78919278805006,-185.4541972773991,722.8991813451948,13.90906479580524,-35.53418945910388,6.820776264324025e-20
1786737041.670799,twist -Z,fast,1786737028.6370847,-475.82302734837594,-185.2779505890387,726.5262594908727,13.895846294178025,-35.686727051128386,6.867520588041812e-20
1786737041.6978097,twist -Z,fast,1786737028.6370847,-478.06551890509127,-185.72146382586118,735.3109412074027,13.929109786939737,-35.854913917881966,6.89741177343534e-20
1786737041.7260463,twist -Z,fast,1786737028.6370847,-481.00435109228147,-187.20607841580045,746.5032675562961,14.04045588118517,-36.075326331921275,7.001290181075085e-20
1786737041.7544456,twist -Z,fast,1786737028.6370847,-478.2976045483101,-183.65738362105208,743.1664949003998,13.774303771579067,-35.87232034112346,6.948980223681337e-20
1786737041.7830513,twist -Z,fast,1786737028.6370847,-477.44955986491186,-182.91826804438745,737.0548682854069,13.718870103329355,-35.808716989868635,7.004347206921702e-20
1786737041.8111641,twist -Z,fast,1786737028.6370847,-475.4555797909311,-182.70803652035443,723.1140980631744,13.703102739026821,-35.65916848432005,6.926948568085083e-20
1786737041.839541,twist -Z,fast,1786737028.6370847,-475.0302521433341,-184.28719894313156,722.8280707134008,13.821539920735194,-35.62726891075038,7.032840547763957e-20
1786737041.868622,twist -Z,fast,1786737028.6370847,-474.9705597515904,-188.3808634850676,721.1915962680714,14.12856476138042,-35.62279198136948,6.991272945679703e-20
1786737041.896552,twist -Z,fast,1786737028.6370847,-480.4588260676919,-189.47396817998242,743.5296899605437,14.210547613498836,-36.03441195507718,7.031266414180288e-20
1786737041.9248292,twist -Z,fast,1786737028.6370847,-481.45646007644154,-189.22539786859966,750.1954516202131,14.19190484014499,-36.10923450573337,6.980499733249292e-20
1786737041.9531476,twist -Z,fast,1786737028.6370847,-482.6750377219573,-185.9552571496929,750.6628464225387,13.946644286227066,-36.20062782914721,7.014297895698515e-20
1786737041.9818046,twist -Z,fast,1786737028.6370847,-480.00727299650634,-186.23467509467446,738.5396892332965,13.967600632100787,-36.000545474738225,6.992074174735407e-20
1786737042.0099003,twist -Z,fast,1786737028.6370847,-479.01866888147606,-185.28160027420563,731.368335570015,13.896120020565743,-35.92640016611097,6.977612038621412e-20
1786737042.0383844,twist -Z,fast,1786737028.6370847,-478.01296646204946,-185.98941014324907,736.9186110155151,13.949205760743961,-35.85097248465385,7.074449066864811e-20
1786737042.0672789,twist -Z,fast,1786737028.6370847,-475.2915345763813,-187.36131240701036,728.7829878776056,14.052098430525884,-35.64686509322902,7.091724163441918e-20
1786737042.094971,twist -Z,fast,1786737028.6370847,-478.1945631153467,-190.3560718582795,735.3211564532166,14.276705389371262,-35.864592233651315,7.087227860015723e-20
1786737042.1235397,twist -Z,fast,1786737028.6370847,-476.7964449603578,-189.83416258044974,725.9872837542371,14.237562193533787,-35.75973337202692,6.983638868574164e-20
1786737042.1519852,twist -Z,fast,1786737028.6370847,-475.2746273321509,-186.62613553510084,725.759645588977,13.996960165132723,-35.6455970499116,6.849507666686889e-20
1786737042.1803074,twist -Z,fast,1786737028.6370847,-472.167603465346,-183.07553356383357,718.2916453024545,13.730665017287695,-35.41257025990113,6.798217567788143e-20
1786737042.2084537,twist -Z,fast,1786737028.6370847,-475.51651469813305,-184.84311160242805,726.1519638564132,13.863233370182261,-35.6637386023603,6.826926738873781e-20
1786737042.2371147,twist -Z,fast,1786737028.6370847,-476.00338484997246,-186.83890254317782,724.7707571944165,14.012917690738558,-35.70025386374819,6.89991357273886e-20
1786737042.2653778,twist -Z,fast,1786737028.6370847,-477.11236218144677,-189.2999483728189,724.6709546252305,14.197496127961617,-35.78342716360863,6.95144581424556e-20
1786737042.2935588,twist -Z,fast,1786737028.6370847,-476.52103800248733,-184.8813621597559,728.1465844631975,13.86610216198196,-35.73907785018679,6.924597305518194e-20
1786737042.3222394,twist -Z,fast,1786737028.6370847,-478.2915104247363,-184.1004766153061,733.9516377337022,13.80753574614818,-35.87186328185526,6.942509348156429e-20
1786737042.3505392,twist -Z,fast,1786737028.6370847,-480.334508841775,-185.7476026612227,737.2027244387609,13.931070199591904,-36.02508816313324,6.964551668519954e-20
1786737042.3787956,twist -Z,fast,1786737028.6370847,-478.0742612046779,-187.1966247434301,730.7351952402796,14.03974685575751,-35.855569590351024,6.977702265419255e-20
1786737042.407088,twist -Z,fast,1786737028.6370847,-479.4679091230332,-190.91056608474082,732.2789076518648,14.318292456355639,-35.9600931842278,7.059610570012266e-20
1786737042.435488,twist -Z,fast,1786737028.6370847,-477.9589892205954,-189.67232950001903,728.5699076323363,14.22542471250166,-35.84692419154492,7.067760155020439e-20
1786737042.4642982,twist -Z,fast,1786737028.6370847,-478.29339387945765,-190.66441154603717,733.7842186610969,14.299830865952874,-35.87200454095951,7.111270845180583e-20
1786737042.4926763,twist -Z,fast,1786737028.6370847,-475.56068192447356,-186.41186406476538,727.2343007241561,13.980889804857501,-35.667051144335815,7.056600432607196e-20
1786737042.5211675,twist -Z,fast,1786737028.6370847,-472.778058432134,-185.50972835409016,725.408532442776,13.913229626557015,-35.458354382410164,6.96208879297279e-20
1786737042.5490057,twist -Z,fast,1786737028.6370847,-472.3023266846735,-182.57701121869127,715.5135413846956,13.69327584140203,-35.42267450135073,6.884876236328027e-20
1786737042.5774677,twist -Z,fast,1786737028.6370847,-474.45759288050795,-184.92824997574087,720.0836051467177,13.869618748180738,-35.584319466038366,6.871512628574101e-20
1786737042.605917,twist -Z,fast,1786737028.6370847,-477.40829852443903,-185.14568159884004,727.2533230513645,13.885926119913098,-35.80562238933319,6.982765055680388e-20
1786737042.634256,twist -Z,fast,1786737028.6370847,-476.1871861997233,-188.60686786808435,721.2160147788809,14.145515090106603,-35.71403896497944,6.930264978674502e-20
1786737042.6628604,twist -Z,fast,1786737028.6370847,-475.125370305474,-188.3799719783559,724.0227003807095,14.128497898376796,-35.63440277291073,6.929033492913429e-20
1786737042.692217,twist -Z,fast,1786737028.6370847,-474.2535427346238,-187.43043454373696,726.1739516813759,14.05728259078052,-35.569015705097,6.928670720394952e-20
1786737042.7192912,twist -Z,fast,1786737028.6370847,-475.77238495423217,-186.62748883315146,740.7927879018225,13.99706166248657,-35.68292887156765,7.011581905694434e-20
1786737042.7479913,twist -Z,fast,1786737028.6370847,-476.0349467093615,-185.47866973556393,740.811231020567,13.910900230167645,-35.702621003202346,7.042903128390442e-20
1786737042.7760546,twist -Z,fast,1786737028.6370847,-478.3636750767655,-188.13209338118827,734.5707831303644,14.109907003589232,-35.877275630757495,7.004264060695897e-20
1786737042.8044972,twist -Z,fast,1786737028.6370847,-479.3589053706155,-189.58567864662348,733.4349068702868,14.218925898496895,-35.95191790279634,7.031597164850577e-20
1786737042.8328533,twist -Z,fast,1786737028.6370847,-479.4873730518243,-190.9686607823387,727.5790038452287,14.322649558675732,-35.9615529788871,7.082015245938658e-20
1786737042.8615584,twist -Z,fast,1786737028.6370847,-478.841373570629,-189.97579828467667,737.9323135695868,14.248184871350869,-35.9131030177973,7.089566025529256e-20
1786737042.8898025,twist -Z,fast,1786737028.6370847,-478.3489955221894,-188.87117419351068,734.7220716846414,14.165338064513467,-35.876174664164466,7.06555650885542e-20
1786737042.9183908,twist -Z,fast,1786737028.6370847,-478.55708625401576,-190.4367464474509,736.2185712259125,14.282755983559131,-35.89178146905134,6.971536026806266e-20
1786737042.9463434,twist -Z,fast,1786737028.6370847,-477.67471348726986,-189.68031540940183,734.2263714329101,14.226023655705223,-35.82560351154534,7.001333495236068e-20
1786737042.9748874,twist -Z,fast,1786737028.6370847,-478.4224325478108,-187.97309997331035,736.3387976576714,14.097982497998292,-35.881682441085985,6.99281950549314e-20
1786737043.0032263,twist -Z,fast,1786737028.6370847,-476.36255568318757,-182.83157813238256,736.5927084848281,13.712368359928899,-35.7271916762392,7.024891478269624e-20
1786737043.0315852,twist -Z,fast,1786737028.6370847,-476.3112724099242,-181.61508379231066,731.9435866193226,13.621131284423516,-35.72334543074464,6.988253966351983e-20
1786737043.0601244,twist -Z,fast,1786737028.6370847,-474.1464797507101,-185.24840591938028,725.1207748820088,13.893630443953807,-35.56098598130335,6.968003082977593e-20
1786737043.0915875,twist -Z,fast,1786737028.6370847,-474.29059638912076,-188.27084813361796,721.3142428693563,14.120313610021544,-35.57179472918426,6.965554605196955e-20
1786737043.1171308,twist -Z,fast,1786737028.6370847,-475.74324665787026,-188.683503749279,732.8175965697546,14.151262781196177,-35.68074349934055,7.003210176444343e-20
1786737043.145217,twist -Z,fast,1786737028.6370847,-475.8095267125145,-184.70086631455024,739.7868319559466,13.852564973591296,-35.685714503438724,6.981953980794006e-20
1786737043.1737597,twist -Z,fast,1786737028.6370847,-475.8265443646378,-182.88793765521143,741.5738748888261,13.716595324141121,-35.686990827348126,6.957405410217127e-20
1786737043.201933,twist -Z,fast,1786737028.6370847,-472.1382262711181,-182.38443968979766,726.126038633116,13.678832976735126,-35.41036697033397,6.91160705975826e-20
1786737043.2303321,twist -Z,fast,1786737028.6370847,-470.75163401599684,-181.99971605727137,716.554865088201,13.649978704295567,-35.30637255119992,6.964043000460643e-20
1786737043.2590902,twist -Z,fast,1786737028.6370847,-472.98521873861137,-186.69962258810233,721.788489120936,14.002471694107857,-35.473891405395996,7.012336951691256e-20
1786737043.286949,twist -Z,fast,1786737028.6370847,-472.4511203650577,-188.08128108460483,723.521935099946,14.106096081345687,-35.433834027379476,6.942268877245045e-20
1786737043.3155909,twist -Z,fast,1786737028.6370847,-473.20841103181647,-189.02573512768515,732.2387939033051,14.176930134576605,-35.4906308273864,6.950239743282532e-20
1786737043.3440573,twist -Z,fast,1786737028.6370847,-471.5927686261475,-185.38348772554093,735.8684011375162,13.90376157941564,-35.36945764696117,7.002131409798588e-20
1786737043.3722577,twist -Z,fast,1786737028.6370847,-472.12749228367966,-184.06467309361983,731.7958980030071,13.804850482021674,-35.40956192127624,7.064733338700486e-20
1786737043.4006555,twist -Z,fast,1786737028.6370847,-470.42468828882056,-181.5929067065954,723.9368337875294,13.61946800299491,-35.281851621661765,6.97348818369584e-20
1786737043.4291253,twist -Z,fast,1786737028.6370847,-468.586878983524,-181.3818334338381,714.8844763022871,13.603637507538085,-35.14401592376454,6.905101395309573e-20
1786737043.4585395,twist -Z,fast,1786737028.6370847,-467.3128386348335,-180.26305634921982,714.1814763118946,13.519729226191654,-35.04846289761263,6.853267034067148e-20
1786737043.4859343,twist -Z,fast,1786737028.6370847,-468.9762611414608,-181.90951213833364,722.4638081410385,13.643213410375242,-35.1732195856099,6.943953602374275e-20
1786737043.5142348,twist -Z,fast,1786737028.6370847,-469.1382768163635,-180.97831119105433,723.2938082120736,13.573373339329212,-35.18537076122749,6.916682398564367e-20
1786737043.5428019,twist -Z,fast,1786737028.6370847,-471.6376517394956,-182.40577901323707,729.2891919576259,13.68043342599304,-35.372823880462235,6.964923018606955e-20
1786737043.5709128,twist -Z,fast,1786737028.6370847,-470.2560573943456,-182.12979607520015,720.3433833652289,13.65973470564023,-35.2692043045761,6.922847893822651e-20
1786737043.5995033,twist -Z,fast,1786737028.6370847,-473.6184955340118,-182.1920327874658,722.5565976705211,13.664402459060252,-35.52138716505102,6.949522520959558e-20
1786737043.627718,twist -Z,fast,1786737028.6370847,-472.1214304273258,-182.03691149733515,716.0123983385593,13.652768362300495,-35.40910728204962,6.93196999799494e-20
1786737043.656107,twist -Z,fast,1786737028.6370847,-473.3474955754382,-183.20683867231685,723.0177363113189,13.740512900424061,-35.50106216815828,6.965014786177556e-20
1786737043.684718,twist -Z,fast,1786737028.6370847,-469.04973457631013,-178.7177843568943,716.0107628978367,13.403833826767343,-35.178730093223436,6.94016162570198e-20
1786737043.7129874,resting,fast,1786737043.6875062,-470.7205589692703,-177.13034620969415,726.072021396033,13.284775965727281,-35.30404192269534,6.980930365044617e-20
1786737043.7413363,resting,fast,1786737043.6875062,-469.83807502200625,-177.04182674407537,721.0288913062877,13.278137005806041,-35.23785562665067,6.881007968536137e-20
1786737043.7699428,resting,fast,1786737043.6875062,-470.8143524091397,-181.5082223591677,725.4451941616935,13.613116676937825,-35.31107643068566,6.880971373940647e-20
1786737043.79813,resting,fast,1786737043.6875062,-468.9300946992089,-182.40797921721764,720.0374479336224,13.680598441291512,-35.16975710244095,6.843410867637704e-20
1786737043.8264754,resting,fast,1786737043.6875062,-469.7685831326394,-182.8967314895042,723.1783602157157,13.717254861713197,-35.23264373494806,6.937634890235047e-20
1786737043.856403,resting,fast,1786737043.6875062,-469.93719257107296,-185.60137698833228,718.2496861136433,13.920103274124994,-35.245289442830675,6.936435839871321e-20
1786737043.8832757,resting,fast,1786737043.6875062,-470.2332277970472,-184.93337213976304,723.6639073985589,13.870002910482253,-35.267492084778645,7.022590831942996e-20
1786737043.911616,resting,fast,1786737043.6875062,-468.78153885424945,-182.02683683506223,718.7418769377928,13.65201276262982,-35.15861541406889,6.97379363653734e-20
1786737043.939992,resting,fast,1786737043.6875062,-468.9301821619424,-177.9641146060369,730.0602564661449,13.347308595452969,-35.16976366214576,7.023160511173689e-20
1786737043.968462,resting,fast,1786737043.6875062,-466.07325836903874,-177.66101137046178,714.563420978905,13.324575852784786,-34.95549437767801,6.848992670290987e-20
1786737043.996758,resting,fast,1786737043.6875062,-469.31220465023125,-182.42151554715701,720.8501407267158,13.68161366603712,-35.19841534876754,6.92116705546625e-20
1786737044.0255756,resting,fast,1786737043.6875062,-468.49537456679354,-183.92451255099047,713.2241634311649,13.794338441324467,-35.137153092509784,6.91104306381221e-20
1786737044.0534482,resting,fast,1786737043.6875062,-472.0419310526454,-187.0330332670402,726.8088041615028,14.027477495028261,-35.40314482894859,7.032869087285779e-20
1786737044.0818431,resting,fast,1786737043.6875062,-469.9628735950023,-183.83985286257143,726.5392876960686,13.787988964693188,-35.247215519625286,6.998861502404706e-20
1786737044.1103666,resting,fast,1786737043.6875062,-469.2698229505577,-184.0908169168439,720.6375692786978,13.8068112687636,-35.19523672129207,6.946796056360451e-20
1786737044.1388118,resting,fast,1786737043.6875062,-469.03064827767184,-184.2232689182988,714.352910765012,13.816745168872647,-35.177298620825646,6.900815889627695e-20
1786737044.167111,resting,fast,1786737043.6875062,-470.96890906008457,-188.6071177729708,705.7236546342274,14.14553383297304,-35.3226681795067,6.87306624353918e-20
1786737044.1957426,resting,fast,1786737043.6875062,-471.77312366423484,-185.33991015229083,705.3889267267696,13.90049326142201,-35.382984274817765,6.893917834137257e-20
1786737044.22398,resting,fast,1786737043.6875062,-471.49816687527937,-183.0094294637313,712.0378629647475,13.725707209780087,-35.362362515646105,6.957341585409035e-20
1786737044.2523694,resting,fast,1786737043.6875062,-471.7787456892456,-176.4878074674674,721.7312046583756,13.236585560060231,-35.38340592669372,6.958992347647361e-20
1786737044.2809532,resting,fast,1786737043.6875062,-472.5584267113154,-178.00784194938626,728.6351211835427,13.350588146204142,-35.44188200334877,6.926628194943096e-20
1786737044.3091538,resting,fast,1786737043.6875062,-474.4145496715032,-178.54155560598485,726.8120808004887,13.390616670449074,-35.581091225363096,6.908600969982057e-20
1786737044.337765,resting,fast,1786737043.6875062,-474.25251798521185,-182.762681479589,729.7814205895347,13.707201110969368,-35.568938848891,6.9108456893172e-20
1786737044.3662379,resting,fast,1786737043.6875062,-472.47235785683324,-184.8542307419184,732.4232451682456,13.864067305643974,-35.43542683926272,6.975383320944382e-20
1786737044.3943214,resting,fast,1786737043.6875062,-469.8267582371632,-184.09044761944233,728.5354517647702,13.806783571458258,-35.23700686778747,6.959548013659448e-20
1786737044.4227805,resting,fast,1786737043.6875062,-466.83307620188134,-180.26988242527625,719.9811938028242,13.52024118189593,-35.01248071514122,6.984528927595453e-20
1786737044.4513152,resting,fast,1786737043.6875062,-469.03344232292466,-179.27097954162355,716.7568085464964,13.445323465622042,-35.17750817421946,6.961147854230301e-20
1786737044.4795873,resting,fast,1786737043.6875062,-470.27660083721685,-174.21371537628113,714.9040943413902,13.066028653221291,-35.27074506279155,6.987968345173629e-20
1786737044.5079846,resting,fast,1786737043.6875062,-477.39501749715964,-181.35547014192412,728.3452444433942,13.601660260644469,-35.804626312287375,7.085601844993581e-20
1786737044.5368953,resting,fast,1786737043.6875062,-477.616005783982,-177.32726605536197,732.9144439322599,13.299544954152157,-35.82120043379894,6.951413897793947e-20
1786737044.5647457,resting,fast,1786737043.6875062,-477.53226739155843,-182.96867834767363,739.8745884933196,13.72265087607575,-35.81492005436713,6.920877051224394e-20
1786737044.5933342,resting,fast,1786737043.6875062,-477.8111795697155,-176.0431234030243,738.8391881715625,13.203234255226992,-35.83583846772893,6.951520412204711e-20
1786737044.6214385,resting,fast,1786737043.6875062,-479.73498649630665,-177.4202753859762,742.0531979364141,13.306520653948514,-35.980123987223116,7.114944853280148e-20
1786737044.649779,resting,fast,1786737043.6875062,-479.5615170525052,-178.45116149929788,744.7581956554377,13.383837112447484,-35.96711377893795,7.066503880154629e-20
1786737044.6787457,resting,fast,1786737043.6875062,-472.3745178129652,-179.6162063566128,729.8434048674353,13.471215476746128,-35.42808883597258,6.88003187366077e-20
1786737044.706884,resting,fast,1786737043.6875062,-467.26166225246334,-183.6771350502005,718.9619954540567,13.77578512876521,-35.04462466893487,6.832427622344302e-20
1786737044.7351854,resting,fast,1786737043.6875062,-462.38910927928464,-184.70547328668272,698.5395457249533,13.852910496501377,-34.679183195946734,6.810083150548772e-20
1786737044.7633147,resting,fast,1786737043.6875062,-460.0959673952966,-186.81804751360642,686.7188245337502,14.011353563520704,-34.507197554647384,6.73919355456547e-20
1786737044.7919354,resting,fast,1786737043.6875062,-460.9113788649165,-184.49857346201873,687.7391408550802,13.837393009651581,-34.568353414868845,6.702029099892986e-20
1786737044.8205605,resting,fast,1786737043.6875062,-464.01215384076886,-183.3379080340885,697.6088455334348,13.750343102556887,-34.80091153805768,6.764868923299688e-20
1786737044.8495693,resting,fast,1786737043.6875062,-467.5897732534049,-180.64466879483325,715.802315048888,13.548350159612749,-35.069232994005475,6.896123682433184e-20
1786737044.8773031,resting,fast,1786737043.6875062,-466.89116223995734,-181.6048189804019,711.8313566586339,13.620361423530365,-35.01683716799705,6.838720154931772e-20
1786737044.9057393,resting,fast,1786737043.6875062,-468.75406930215786,-178.6171740816044,714.7406688554247,13.396288056120508,-35.156555197662065,6.885062058270972e-20
1786737044.9341536,resting,fast,1786737043.6875062,-467.46776207069934,-176.41818795440633,703.5760502678013,13.23136409658063,-35.06008215530266,6.82327592920901e-20
1786737044.9621596,resting,fast,1786737043.6875062,-468.19779767104546,-174.51776124690923,710.2824221614101,13.088832093518466,-35.11483482532868,6.887465062433386e-20
1786737044.990841,resting,fast,1786737043.6875062,-465.01752570923964,-180.3547146905562,694.7972243550394,13.526603601791852,-34.876314428193076,6.766412986675229e-20
1786737045.019244,resting,fast,1786737043.6875062,-471.4956809077539,-187.15706934708112,715.708724823543,14.036780201031231,-35.36217606808188,6.936983846246472e-20
1786737045.0497572,resting,fast,1786737043.6875062,-470.0018846737835,-187.89643850265895,708.7287529997657,14.092232887699605,-35.250141350534065,6.931093072007904e-20
1786737045.0758204,resting,fast,1786737043.6875062,-472.6913780502164,-183.2116080751615,729.6127343816306,13.740870605637202,-35.45185335376633,7.093590930857251e-20
1786737045.104185,resting,fast,1786737043.6875062,-470.63108997911695,-184.02709191283884,720.9200882930563,13.802031893463049,-35.297331748434026,6.973445305856761e-20
1786737045.1326065,resting,fast,1786737043.6875062,-475.21600457361956,-183.205347072407,721.4789375674472,13.74040103043075,-35.641200343021616,6.954317888483763e-20
1786737045.1609814,resting,fast,1786737043.6875062,-475.0338305961109,-186.98339517935153,713.2956412756384,14.023754638451681,-35.62753729470852,6.862616319969929e-20
1786737045.1891623,resting,fast,1786737043.6875062,-471.86603642022146,-183.56497623189182,714.313667377638,13.767373217391974,-35.38995273151682,6.949827435891444e-20
1786737045.2174385,resting,fast,1786737043.6875062,-469.8307502741495,-183.8934173471897,721.2410293047251,13.792006301039553,-35.23730627056142,7.005239175725554e-20
1786737045.2471702,resting,fast,1786737043.6875062,-469.8748270903834,-179.99403470180414,728.3137794780514,13.499552602635678,-35.24061203177883,7.008651544493891e-20
1786737045.274318,resting,fast,1786737043.6875062,-468.11790966106855,-182.43663972688773,717.7110508414671,13.682747979516773,-35.10884322458031,6.873201776820004e-20
1786737045.303007,resting,fast,1786737043.6875062,-467.8404595216848,-184.4155278968284,716.3080162660472,13.8311645922624,-35.08803446412666,6.870814008746483e-20
1786737045.3311229,resting,fast,1786737043.6875062,-472.84897424174915,-187.74933998426934,710.873245137398,14.081200498820355,-35.46367306813136,6.855512386691544e-20
1786737045.359407,resting,fast,1786737043.6875062,-476.4876345005032,-184.93502351405607,718.4588380284067,13.870126763554378,-35.73657258753802,6.928892188998593e-20
1786737045.3879797,resting,fast,1786737043.6875062,-476.79485001674766,-185.3700860311592,722.0196294708921,13.90275645233731,-35.75961375125608,6.976641555915744e-20
1786737045.4165142,resting,fast,1786737043.6875062,-471.4300256261463,-183.39651382121144,721.6348672339782,13.754738536590995,-35.35725192196122,6.986435155554228e-20
1786737045.4447823,resting,fast,1786737043.6875062,-472.479445034568,-185.32100777387097,727.503870024474,13.899075583040588,-35.43595837759294,6.97567964322413e-20
1786737045.4732819,resting,fast,1786737043.6875062,-472.664673208817,-184.86090387308775,722.9366722320019,13.864567790481882,-35.44985049066157,6.964599575489399e-20
1786737045.5014431,resting,fast,1786737043.6875062,-474.9235488020786,-184.8170670003674,736.7165964177302,13.861280025027828,-35.61926616015602,7.092598570226324e-20
1786737045.5299392,resting,fast,1786737043.6875062,-472.49869743557383,-184.83486731884432,727.2750960740132,13.862615048913622,-35.437402307668115,7.013256060246482e-20
1786737045.5581234,resting,fast,1786737043.6875062,-473.0701041443958,-179.9665420273535,730.9542052940988,13.497490652051557,-35.48025781082994,6.955484960545598e-20
1786737045.5865498,resting,fast,1786737043.6875062,-472.07538439248583,-180.27167973300072,725.121814009959,13.520375979975288,-35.40565382943663,6.89637179376107e-20
1786737045.6154947,resting,fast,1786737043.6875062,-472.3826881248392,-176.9013339111002,731.6219342889226,13.267600043332767,-35.4287016093631,6.92779126546376e-20
1786737045.6437545,resting,fast,1786737043.6875062,-470.3606027386918,-179.8896170407694,729.4662474271845,13.491721278057891,-35.277045205402125,6.941793174715e-20
1786737045.6721191,resting,fast,1786737043.6875062,-470.9416862460953,-181.31460240946217,729.8992479429162,13.598595180710038,-35.3206264684574,6.950330134321053e-20
1786737045.7002704,resting,fast,1786737043.6875062,-470.3773791739336,-181.44243024865602,743.0577302979773,13.60818226864939,-35.27830343804528,7.113997091957938e-20
1786737045.7285233,resting,fast,1786737043.6875062,-474.2497955883382,-186.15482823407513,749.8674255053365,13.961612117555749,-35.568734669125654,7.129945567512197e-20
1786737045.7572281,resting,fast,1786737043.6875062,-473.9358788456516,-185.26018763729041,744.1346149750607,13.894514072797026,-35.54519091342409,7.050823943909319e-20
1786737045.7853832,resting,fast,1786737043.6875062,-472.9880475936743,-186.2913123123535,725.5386438641654,13.971848423426646,-35.47410356952585,6.951117510611274e-20
1786737045.8137162,resting,fast,1786737043.6875062,-468.2151636583608,-181.77143168190491,714.1192668476006,13.632857376143004,-35.1161372743773,6.975117290134033e-20
1786737045.8422246,resting,fast,1786737043.6875062,-467.19002983470546,-178.98999799251362,714.9716525477097,13.424249849438791,-35.03925223760329,6.958527724890954e-20
1786737045.8703814,resting,fast,1786737043.6875062,-468.2754978797766,-180.53750872790522,718.037179918264,13.540313154593054,-35.12066234098359,6.963343078250864e-20
1786737045.899189,resting,fast,1786737043.6875062,-471.25293887125326,-181.9725065735339,731.855503421687,13.647937993015237,-35.34397041534436,7.010812887554497e-20
1786737045.9271884,resting,fast,1786737043.6875062,-471.10025119111197,-184.11213152305038,722.6955013275683,13.808409864228981,-35.332518839333545,6.972467139414572e-20
1786737045.9557748,resting,fast,1786737043.6875062,-470.82891363298177,-183.46116361496797,727.1912194891911,13.759587271122921,-35.312168522473726,6.975604471506106e-20
1786737045.9842088,resting,fast,1786737043.6875062,-471.17135647955365,-184.40755462576863,719.1920037051877,13.830566596932986,-35.337851735966694,6.912294954596587e-20
1786737046.012505,resting,fast,1786737043.6875062,-469.2250500344976,-183.20623393307767,716.830281511714,13.740467544981097,-35.19187875258761,6.886431787530444e-20
1786737046.0408866,resting,fast,1786737043.6875062,-470.3190219169742,-183.3203151404847,718.1174510613218,13.749023635536506,-35.27392664377317,6.874472076217487e-20
1786737046.0691617,resting,fast,1786737043.6875062,-469.36997478166086,-182.07478275392248,724.2409410991959,13.655608706544466,-35.202748108624895,6.818051233636846e-20
1786737046.0978534,resting,fast,1786737043.6875062,-476.7947253164243,-187.27064869200376,744.4650174826229,14.04529865190057,-35.759604398732165,6.946225350774256e-20
1786737046.1261036,resting,fast,1786737043.6875062,-475.0632782254188,-186.45395569153095,741.1685252393045,13.98404667686506,-35.62974586690668,6.982068032310403e-20
