ts,label,session_type,experiment_start_ts,fx,fy,fz,mx,my,mz
1787109113.9769793,resting,fast,1787109113.923551,-5.28000020980835,-8.199999809265137,17.84000015258789,-0.13850000500679016,0.44200000166893005,0.019999999552965164
1787109114.0126977,resting,fast,1787109113.923551,-5.28000020980835,-8.199999809265137,17.84000015258789,-0.13850000500679016,0.44200000166893005,0.019999999552965164
1787109114.1357186,resting,fast,1787109113.923551,-5.28000020980835,-8.199999809265137,17.84000015258789,-0.13850000500679016,0.44200000166893005,0.019999999552965164
1787109114.1465786,resting,fast,1787109113.923551,-5.28000020980835,-8.199999809265137,17.84000015258789,-0.13850000500679016,0.44200000166893005,0.019999999552965164
1787109114.1575904,resting,fast,1787109113.923551,-5.28000020980835,-8.199999809265137,17.84000015258789,-0.13850000500679016,0.44200000166893005,0.019999999552965164
1787109114.1685653,resting,fast,1787109113.923551,-6.099999904632568,-8.0600004196167,17.719999313354492,-0.13500000536441803,0.4490000009536743,-0.0044999998062849045
1787109114.1796284,resting,fast,1787109113.923551,-6.099999904632568,-8.0600004196167,17.719999313354492,-0.13500000536441803,0.4490000009536743,-0.0044999998062849045
1787109114.1909816,resting,fast,1787109113.923551,-6.099999904632568,-8.0600004196167,17.719999313354492,-0.13500000536441803,0.4490000009536743,-0.0044999998062849045
1787109114.2020044,resting,fast,1787109113.923551,-6.099999904632568,-8.0600004196167,17.719999313354492,-0.13500000536441803,0.4490000009536743,-0.0044999998062849045
1787109114.2131128,resting,fast,1787109113.923551,-6.099999904632568,-8.0600004196167,17.719999313354492,-0.13500000536441803,0.4490000009536743,-0.0044999998062849045
1787109114.2247107,resting,fast,1787109113.923551,-6.099999904632568,-8.0600004196167,17.719999313354492,-0.13500000536441803,0.4490000009536743,-0.0044999998062849045
1787109114.2358067,resting,fast,1787109113.923551,-6.099999904632568,-8.0600004196167,17.719999313354492,-0.13500000536441803,0.4490000009536743,-0.0044999998062849045
1787109114.2467604,resting,fast,1787109113.923551,-6.099999904632568,-8.0600004196167,17.719999313354492,-0.13500000536441803,0.4490000009536743,-0.0044999998062849045
1787109114.2579398,resting,fast,1787109113.923551,-6.099999904632568,-8.0600004196167,17.719999313354492,-0.13500000536441803,0.4490000009536743,-0.0044999998062849045
1787109114.2693431,resting,fast,1787109113.923551,-6.099999904632568,-8.0600004196167,17.719999313354492,-0.13500000536441803,0.4490000009536743,-0.0044999998062849045
1787109114.2806034,resting,fast,1787109113.923551,-6.099999904632568,-8.0600004196167,17.719999313354492,-0.13500000536441803,0.4490000009536743,-0.0044999998062849045
1787109114.2916548,resting,fast,1787109113.923551,-6.099999904632568,-8.0600004196167,17.719999313354492,-0.13500000536441803,0.4490000009536743,-0.0044999998062849045
1787109114.3026977,resting,fast,1787109113.923551,-6.099999904632568,-8.0600004196167,17.719999313354492,-0.13500000536441803,0.4490000009536743,-0.0044999998062849045
1787109114.3137944,resting,fast,1787109113.923551,-6.099999904632568,-8.0600004196167,17.719999313354492,-0.13500000536441803,0.4490000009536743,-0.0044999998062849045
1787109114.324774,resting,fast,1787109113.923551,-6.099999904632568,-8.0600004196167,17.719999313354492,-0.13500000536441803,0.4490000009536743,-0.0044999998062849045
1787109114.3361833,resting,fast,1787109113.923551,-6.099999904632568,-8.0600004196167,17.719999313354492,-0.13500000536441803,0.4490000009536743,-0.0044999998062849045
1787109114.3475296,resting,fast,1787109113.923551,-6.099999904632568,-8.0600004196167,17.719999313354492,-0.13500000536441803,0.4490000009536743,-0.0044999998062849045
1787109114.3587584,resting,fast,1787109113.923551,-6.099999904632568,-8.0600004196167,17.719999313354492,-0.13500000536441803,0.4490000009536743,-0.0044999998062849045
1787109114.3697019,resting,fast,1787109113.923551,-5.519999980926514,-7.960000038146973,18.239999771118164,-0.13500000536441803,0.4519999921321869,0.0005000000237487257
1787109114.3813188,resting,fast,1787109113.923551,-5.519999980926514,-7.960000038146973,18.239999771118164,-0.13500000536441803,0.4519999921321869,0.0005000000237487257
1787109114.3924012,resting,fast,1787109113.923551,-5.519999980926514,-7.960000038146973,18.239999771118164,-0.13500000536441803,0.4519999921321869,0.0005000000237487257
1787109114.403251,resting,fast,1787109113.923551,-5.519999980926514,-7.960000038146973,18.239999771118164,-0.13500000536441803,0.4519999921321869,0.0005000000237487257
1787109114.41469,resting,fast,1787109113.923551,-5.519999980926514,-7.960000038146973,18.239999771118164,-0.13500000536441803,0.4519999921321869,0.0005000000237487257
1787109114.4258938,resting,fast,1787109113.923551,-5.519999980926514,-7.960000038146973,18.239999771118164,-0.13500000536441803,0.4519999921321869,0.0005000000237487257
1787109114.4374652,resting,fast,1787109113.923551,-5.519999980926514,-7.960000038146973,18.239999771118164,-0.13500000536441803,0.4519999921321869,0.0005000000237487257
1787109114.4482808,resting,fast,1787109113.923551,-5.519999980926514,-7.960000038146973,18.239999771118164,-0.13500000536441803,0.4519999921321869,0.0005000000237487257
1787109114.4611373,resting,fast,1787109113.923551,-5.519999980926514,-7.960000038146973,18.239999771118164,-0.13500000536441803,0.4519999921321869,0.0005000000237487257
1787109114.472343,resting,fast,1787109113.923551,-5.519999980926514,-7.960000038146973,18.239999771118164,-0.13500000536441803,0.4519999921321869,0.0005000000237487257
1787109114.4838881,resting,fast,1787109113.923551,-5.519999980926514,-7.960000038146973,18.239999771118164,-0.13500000536441803,0.4519999921321869,0.0005000000237487257
1787109114.4947803,resting,fast,1787109113.923551,-5.519999980926514,-7.960000038146973,18.239999771118164,-0.13500000536441803,0.4519999921321869,0.0005000000237487257
1787109114.5060732,resting,fast,1787109113.923551,-5.519999980926514,-7.960000038146973,18.239999771118164,-0.13500000536441803,0.4519999921321869,0.0005000000237487257
1787109114.51725,resting,fast,1787109113.923551,-5.519999980926514,-7.960000038146973,18.239999771118164,-0.13500000536441803,0.4519999921321869,0.0005000000237487257
1787109114.52847,resting,fast,1787109113.923551,-5.519999980926514,-7.960000038146973,18.239999771118164,-0.13500000536441803,0.4519999921321869,0.0005000000237487257
1787109114.539605,resting,fast,1787109113.923551,-5.519999980926514,-7.960000038146973,18.239999771118164,-0.13500000536441803,0.4519999921321869,0.0005000000237487257
1787109114.550639,resting,fast,1787109113.923551,-5.519999980926514,-7.960000038146973,18.239999771118164,-0.13500000536441803,0.4519999921321869,0.0005000000237487257
1787109114.5617301,resting,fast,1787109113.923551,-5.840000152587891,-7.920000076293945,18.6200008392334,-0.13300000131130219,0.4569999873638153,0.01600000075995922
1787109114.573081,resting,fast,1787109113.923551,-5.840000152587891,-7.920000076293945,18.6200008392334,-0.13300000131130219,0.4569999873638153,0.01600000075995922
1787109114.5843418,resting,fast,1787109113.923551,-5.840000152587891,-7.920000076293945,18.6200008392334,-0.13300000131130219,0.4569999873638153,0.01600000075995922
1787109114.5955236,resting,fast,1787109113.923551,-5.840000152587891,-7.920000076293945,18.6200008392334,-0.13300000131130219,0.4569999873638153,0.01600000075995922
1787109114.606894,resting,fast,1787109113.923551,-5.840000152587891,-7.920000076293945,18.6200008392334,-0.13300000131130219,0.4569999873638153,0.01600000075995922
1787109114.6180844,resting,fast,1787109113.923551,-5.840000152587891,-7.920000076293945,18.6200008392334,-0.13300000131130219,0.4569999873638153,0.01600000075995922
1787109114.6288846,resting,fast,1787109113.923551,-5.840000152587891,-7.920000076293945,18.6200008392334,-0.13300000131130219,0.4569999873638153,0.01600000075995922
1787109114.639664,resting,fast,1787109113.923551,-5.840000152587891,-7.920000076293945,18.6200008392334,-0.13300000131130219,0.4569999873638153,0.01600000075995922
1787109114.6508622,resting,fast,1787109113.923551,-5.840000152587891,-7.920000076293945,18.6200008392334,-0.13300000131130219,0.4569999873638153,0.01600000075995922
1787109114.6618342,resting,fast,1787109113.923551,-5.840000152587891,-7.920000076293945,18.6200008392334,-0.13300000131130219,0.4569999873638153,0.01600000075995922
1787109114.6727176,resting,fast,1787109113.923551,-5.840000152587891,-7.920000076293945,18.6200008392334,-0.13300000131130219,0.4569999873638153,0.01600000075995922
1787109114.6843562,resting,fast,1787109113.923551,-5.840000152587891,-7.920000076293945,18.6200008392334,-0.13300000131130219,0.4569999873638153,0.01600000075995922
1787109114.695488,resting,fast,1787109113.923551,-5.840000152587891,-7.920000076293945,18.6200008392334,-0.13300000131130219,0.4569999873638153,0.01600000075995922
1787109114.706866,resting,fast,1787109113.923551,-5.840000152587891,-7.920000076293945,18.6200008392334,-0.13300000131130219,0.4569999873638153,0.01600000075995922
1787109114.7182689,resting,fast,1787109113.923551,-5.840000152587891,-7.920000076293945,18.6200008392334,-0.13300000131130219,0.4569999873638153,0.01600000075995922
1787109114.7295926,resting,fast,1787109113.923551,-5.840000152587891,-7.920000076293945,18.6200008392334,-0.13300000131130219,0.4569999873638153,0.01600000075995922
1787109114.7408273,resting,fast,1787109113.923551,-5.840000152587891,-7.920000076293945,18.6200008392334,-0.13300000131130219,0.4569999873638153,0.01600000075995922
1787109114.7519875,resting,fast,1787109113.923551,-5.840000152587891,-7.920000076293945,18.6200008392334,-0.13300000131130219,0.4569999873638153,0.01600000075995922
1787109114.7633975,resting,fast,1787109113.923551,-5.880000114440918,-8.460000038146973,18.1200008392334,-0.1459999978542328,0.4519999921321869,0.009999999776482582
1787109114.7745984,resting,fast,1787109113.923551,-5.880000114440918,-8.460000038146973,18.1200008392334,-0.1459999978542328,0.4519999921321869,0.009999999776482582
1787109114.7859776,resting,fast,1787109113.923551,-5.880000114440918,-8.460000038146973,18.1200008392334,-0.1459999978542328,0.4519999921321869,0.009999999776482582
1787109114.7972472,resting,fast,1787109113.923551,-5.880000114440918,-8.460000038146973,18.1200008392334,-0.1459999978542328,0.4519999921321869,0.009999999776482582
1787109114.8083296,resting,fast,1787109113.923551,-5.880000114440918,-8.460000038146973,18.1200008392334,-0.1459999978542328,0.4519999921321869,0.009999999776482582
1787109114.819798,resting,fast,1787109113.923551,-5.880000114440918,-8.460000038146973,18.1200008392334,-0.1459999978542328,0.4519999921321869,0.009999999776482582
1787109114.831664,resting,fast,1787109113.923551,-5.880000114440918,-8.460000038146973,18.1200008392334,-0.1459999978542328,0.4519999921321869,0.009999999776482582
1787109114.84327,resting,fast,1787109113.923551,-5.880000114440918,-8.460000038146973,18.1200008392334,-0.1459999978542328,0.4519999921321869,0.009999999776482582
1787109114.8549395,resting,fast,1787109113.923551,-5.880000114440918,-8.460000038146973,18.1200008392334,-0.1459999978542328,0.4519999921321869,0.009999999776482582
1787109114.866128,resting,fast,1787109113.923551,-5.880000114440918,-8.460000038146973,18.1200008392334,-0.1459999978542328,0.4519999921321869,0.009999999776482582
1787109114.8774402,resting,fast,1787109113.923551,-5.880000114440918,-8.460000038146973,18.1200008392334,-0.1459999978542328,0.4519999921321869,0.009999999776482582
1787109114.8890917,resting,fast,1787109113.923551,-5.880000114440918,-8.460000038146973,18.1200008392334,-0.1459999978542328,0.4519999921321869,0.009999999776482582
1787109114.9015338,resting,fast,1787109113.923551,-5.880000114440918,-8.460000038146973,18.1200008392334,-0.1459999978542328,0.4519999921321869,0.009999999776482582
1787109114.912638,resting,fast,1787109113.923551,-5.880000114440918,-8.460000038146973,18.1200008392334,-0.1459999978542328,0.4519999921321869,0.009999999776482582
1787109114.9241934,resting,fast,1787109113.923551,-5.880000114440918,-8.460000038146973,18.1200008392334,-0.1459999978542328,0.4519999921321869,0.009999999776482582
1787109114.9357302,resting,fast,1787109113.923551,-5.880000114440918,-8.460000038146973,18.1200008392334,-0.1459999978542328,0.4519999921321869,0.009999999776482582
1787109114.9469671,resting,fast,1787109113.923551,-5.880000114440918,-8.460000038146973,18.1200008392334,-0.1459999978542328,0.4519999921321869,0.009999999776482582
1787109114.9581783,resting,fast,1787109113.923551,-5.880000114440918,-8.460000038146973,18.1200008392334,-0.1459999978542328,0.4519999921321869,0.009999999776482582
1787109114.9697895,resting,fast,1787109113.923551,-5.940000057220459,-7.900000095367432,18.100000381469727,-0.12849999964237213,0.453000009059906,0.00800000037997961
1787109114.9808931,resting,fast,1787109113.923551,-5.940000057220459,-7.900000095367432,18.100000381469727,-0.12849999964237213,0.453000009059906,0.00800000037997961
1787109114.992356,resting,fast,1787109113.923551,-5.940000057220459,-7.900000095367432,18.100000381469727,-0.12849999964237213,0.453000009059906,0.00800000037997961
1787109115.0034575,resting,fast,1787109113.923551,-5.940000057220459,-7.900000095367432,18.100000381469727,-0.12849999964237213,0.453000009059906,0.00800000037997961
1787109115.0145087,resting,fast,1787109113.923551,-5.940000057220459,-7.900000095367432,18.100000381469727,-0.12849999964237213,0.453000009059906,0.00800000037997961
1787109115.0262668,resting,fast,1787109113.923551,-5.940000057220459,-7.900000095367432,18.100000381469727,-0.12849999964237213,0.453000009059906,0.00800000037997961
1787109115.0378366,resting,fast,1787109113.923551,-5.940000057220459,-7.900000095367432,18.100000381469727,-0.12849999964237213,0.453000009059906,0.00800000037997961
1787109115.0494442,resting,fast,1787109113.923551,-5.940000057220459,-7.900000095367432,18.100000381469727,-0.12849999964237213,0.453000009059906,0.00800000037997961
1787109115.0609376,resting,fast,1787109113.923551,-5.940000057220459,-7.900000095367432,18.100000381469727,-0.12849999964237213,0.453000009059906,0.00800000037997961
1787109115.0721507,resting,fast,1787109113.923551,-5.940000057220459,-7.900000095367432,18.100000381469727,-0.12849999964237213,0.453000009059906,0.00800000037997961
1787109115.0835445,resting,fast,1787109113.923551,-5.940000057220459,-7.900000095367432,18.100000381469727,-0.12849999964237213,0.453000009059906,0.00800000037997961
1787109115.094488,resting,fast,1787109113.923551,-5.940000057220459,-7.900000095367432,18.100000381469727,-0.12849999964237213,0.453000009059906,0.00800000037997961
1787109115.1056733,resting,fast,1787109113.923551,-5.940000057220459,-7.900000095367432,18.100000381469727,-0.12849999964237213,0.453000009059906,0.00800000037997961
1787109115.1163573,resting,fast,1787109113.923551,-5.940000057220459,-7.900000095367432,18.100000381469727,-0.12849999964237213,0.453000009059906,0.00800000037997961
1787109115.1276238,resting,fast,1787109113.923551,-5.940000057220459,-7.900000095367432,18.100000381469727,-0.12849999964237213,0.453000009059906,0.00800000037997961
1787109115.138571,resting,fast,1787109113.923551,-5.940000057220459,-7.900000095367432,18.100000381469727,-0.12849999964237213,0.453000009059906,0.00800000037997961
1787109115.1500473,resting,fast,1787109113.923551,-5.940000057220459,-7.900000095367432,18.100000381469727,-0.12849999964237213,0.453000009059906,0.00800000037997961
1787109115.1612048,resting,fast,1787109113.923551,-5.440000057220459,-8.199999809265137,17.8799991607666,-0.14149999618530273,0.45100000500679016,0.008999999612569809
1787109115.1725333,resting,fast,1787109113.923551,-5.440000057220459,-8.199999809265137,17.8799991607666,-0.14149999618530273,0.45100000500679016,0.008999999612569809
1787109115.1835008,resting,fast,1787109113.923551,-5.440000057220459,-8.199999809265137,17.8799991607666,-0.14149999618530273,0.45100000500679016,0.008999999612569809
1787109115.1945755,resting,fast,1787109113.923551,-5.440000057220459,-8.199999809265137,17.8799991607666,-0.14149999618530273,0.45100000500679016,0.008999999612569809
1787109115.206054,resting,fast,1787109113.923551,-5.440000057220459,-8.199999809265137,17.8799991607666,-0.14149999618530273,0.45100000500679016,0.008999999612569809
1787109115.2174351,resting,fast,1787109113.923551,-5.440000057220459,-8.199999809265137,17.8799991607666,-0.14149999618530273,0.45100000500679016,0.008999999612569809
1787109115.2284648,resting,fast,1787109113.923551,-5.440000057220459,-8.199999809265137,17.8799991607666,-0.14149999618530273,0.45100000500679016,0.008999999612569809
1787109115.2396317,resting,fast,1787109113.923551,-5.440000057220459,-8.199999809265137,17.8799991607666,-0.14149999618530273,0.45100000500679016,0.008999999612569809
1787109115.250817,resting,fast,1787109113.923551,-5.440000057220459,-8.199999809265137,17.8799991607666,-0.14149999618530273,0.45100000500679016,0.008999999612569809
1787109115.2623963,resting,fast,1787109113.923551,-5.440000057220459,-8.199999809265137,17.8799991607666,-0.14149999618530273,0.45100000500679016,0.008999999612569809
1787109115.2735124,resting,fast,1787109113.923551,-5.440000057220459,-8.199999809265137,17.8799991607666,-0.14149999618530273,0.45100000500679016,0.008999999612569809
1787109115.2848377,resting,fast,1787109113.923551,-5.440000057220459,-8.199999809265137,17.8799991607666,-0.14149999618530273,0.45100000500679016,0.008999999612569809
1787109115.2960413,resting,fast,1787109113.923551,-5.440000057220459,-8.199999809265137,17.8799991607666,-0.14149999618530273,0.45100000500679016,0.008999999612569809
1787109115.3075533,resting,fast,1787109113.923551,-5.440000057220459,-8.199999809265137,17.8799991607666,-0.14149999618530273,0.45100000500679016,0.008999999612569809
1787109115.3189044,resting,fast,1787109113.923551,-5.440000057220459,-8.199999809265137,17.8799991607666,-0.14149999618530273,0.45100000500679016,0.008999999612569809
1787109115.3300998,resting,fast,1787109113.923551,-5.440000057220459,-8.199999809265137,17.8799991607666,-0.14149999618530273,0.45100000500679016,0.008999999612569809
1787109115.34112,resting,fast,1787109113.923551,-5.440000057220459,-8.199999809265137,17.8799991607666,-0.14149999618530273,0.45100000500679016,0.008999999612569809
1787109115.3525898,resting,fast,1787109113.923551,-5.440000057220459,-8.199999809265137,17.8799991607666,-0.14149999618530273,0.45100000500679016,0.008999999612569809
1787109115.3638651,resting,fast,1787109113.923551,-6.039999961853027,-7.880000114440918,18.040000915527344,-0.148499995470047,0.44999998807907104,0.008999999612569809
1787109115.375351,resting,fast,1787109113.923551,-6.039999961853027,-7.880000114440918,18.040000915527344,-0.148499995470047,0.44999998807907104,0.008999999612569809
1787109115.3866053,resting,fast,1787109113.923551,-6.039999961853027,-7.880000114440918,18.040000915527344,-0.148499995470047,0.44999998807907104,0.008999999612569809
1787109115.398232,resting,fast,1787109113.923551,-6.039999961853027,-7.880000114440918,18.040000915527344,-0.148499995470047,0.44999998807907104,0.008999999612569809
1787109115.4094918,resting,fast,1787109113.923551,-6.039999961853027,-7.880000114440918,18.040000915527344,-0.148499995470047,0.44999998807907104,0.008999999612569809
1787109115.4208975,resting,fast,1787109113.923551,-6.039999961853027,-7.880000114440918,18.040000915527344,-0.148499995470047,0.44999998807907104,0.008999999612569809
1787109115.4321477,resting,fast,1787109113.923551,-6.039999961853027,-7.880000114440918,18.040000915527344,-0.148499995470047,0.44999998807907104,0.008999999612569809
1787109115.4432828,resting,fast,1787109113.923551,-6.039999961853027,-7.880000114440918,18.040000915527344,-0.148499995470047,0.44999998807907104,0.008999999612569809
1787109115.4547403,resting,fast,1787109113.923551,-6.039999961853027,-7.880000114440918,18.040000915527344,-0.148499995470047,0.44999998807907104,0.008999999612569809
1787109115.4657867,resting,fast,1787109113.923551,-6.039999961853027,-7.880000114440918,18.040000915527344,-0.148499995470047,0.44999998807907104,0.008999999612569809
1787109115.4767413,resting,fast,1787109113.923551,-6.039999961853027,-7.880000114440918,18.040000915527344,-0.148499995470047,0.44999998807907104,0.008999999612569809
1787109115.4879956,resting,fast,1787109113.923551,-6.039999961853027,-7.880000114440918,18.040000915527344,-0.148499995470047,0.44999998807907104,0.008999999612569809
1787109115.5006015,resting,fast,1787109113.923551,-6.039999961853027,-7.880000114440918,18.040000915527344,-0.148499995470047,0.44999998807907104,0.008999999612569809
1787109115.5120945,resting,fast,1787109113.923551,-6.039999961853027,-7.880000114440918,18.040000915527344,-0.148499995470047,0.44999998807907104,0.008999999612569809
1787109115.523892,resting,fast,1787109113.923551,-6.039999961853027,-7.880000114440918,18.040000915527344,-0.148499995470047,0.44999998807907104,0.008999999612569809
1787109115.5353796,resting,fast,1787109113.923551,-6.039999961853027,-7.880000114440918,18.040000915527344,-0.148499995470047,0.44999998807907104,0.008999999612569809
1787109115.5466535,resting,fast,1787109113.923551,-6.039999961853027,-7.880000114440918,18.040000915527344,-0.148499995470047,0.44999998807907104,0.008999999612569809
1787109115.5582175,resting,fast,1787109113.923551,-6.039999961853027,-7.880000114440918,18.040000915527344,-0.148499995470047,0.44999998807907104,0.008999999612569809
1787109115.5693796,resting,fast,1787109113.923551,-5.760000228881836,-8.399999618530273,17.81999969482422,-0.1445000022649765,0.4410000145435333,0.0
1787109115.5810368,resting,fast,1787109113.923551,-5.760000228881836,-8.399999618530273,17.81999969482422,-0.1445000022649765,0.4410000145435333,0.0
1787109115.592421,resting,fast,1787109113.923551,-5.760000228881836,-8.399999618530273,17.81999969482422,-0.1445000022649765,0.4410000145435333,0.0
1787109115.603839,resting,fast,1787109113.923551,-5.760000228881836,-8.399999618530273,17.81999969482422,-0.1445000022649765,0.4410000145435333,0.0
1787109115.6154914,resting,fast,1787109113.923551,-5.760000228881836,-8.399999618530273,17.81999969482422,-0.1445000022649765,0.4410000145435333,0.0
1787109115.6270874,resting,fast,1787109113.923551,-5.760000228881836,-8.399999618530273,17.81999969482422,-0.1445000022649765,0.4410000145435333,0.0
1787109115.6384244,resting,fast,1787109113.923551,-5.760000228881836,-8.399999618530273,17.81999969482422,-0.1445000022649765,0.4410000145435333,0.0
1787109115.6497157,resting,fast,1787109113.923551,-5.760000228881836,-8.399999618530273,17.81999969482422,-0.1445000022649765,0.4410000145435333,0.0
1787109115.6610527,resting,fast,1787109113.923551,-5.760000228881836,-8.399999618530273,17.81999969482422,-0.1445000022649765,0.4410000145435333,0.0
1787109115.672144,resting,fast,1787109113.923551,-5.760000228881836,-8.399999618530273,17.81999969482422,-0.1445000022649765,0.4410000145435333,0.0
1787109115.683676,resting,fast,1787109113.923551,-5.760000228881836,-8.399999618530273,17.81999969482422,-0.1445000022649765,0.4410000145435333,0.0
1787109115.6951168,resting,fast,1787109113.923551,-5.760000228881836,-8.399999618530273,17.81999969482422,-0.1445000022649765,0.4410000145435333,0.0
1787109115.7058232,resting,fast,1787109113.923551,-5.760000228881836,-8.399999618530273,17.81999969482422,-0.1445000022649765,0.4410000145435333,0.0
1787109115.7174776,resting,fast,1787109113.923551,-5.760000228881836,-8.399999618530273,17.81999969482422,-0.1445000022649765,0.4410000145435333,0.0
1787109115.7287605,resting,fast,1787109113.923551,-5.760000228881836,-8.399999618530273,17.81999969482422,-0.1445000022649765,0.4410000145435333,0.0
1787109115.7402577,resting,fast,1787109113.923551,-5.760000228881836,-8.399999618530273,17.81999969482422,-0.1445000022649765,0.4410000145435333,0.0
1787109115.751371,resting,fast,1787109113.923551,-5.760000228881836,-8.399999618530273,17.81999969482422,-0.1445000022649765,0.4410000145435333,0.0
1787109115.764268,resting,fast,1787109113.923551,-5.480000019073486,-7.480000019073486,18.280000686645508,-0.14499999582767487,0.44850000739097595,-0.007000000216066837
1787109115.7752652,resting,fast,1787109113.923551,-5.480000019073486,-7.480000019073486,18.280000686645508,-0.14499999582767487,0.44850000739097595,-0.007000000216066837
1787109115.786355,resting,fast,1787109113.923551,-5.480000019073486,-7.480000019073486,18.280000686645508,-0.14499999582767487,0.44850000739097595,-0.007000000216066837
1787109115.7986593,resting,fast,1787109113.923551,-5.480000019073486,-7.480000019073486,18.280000686645508,-0.14499999582767487,0.44850000739097595,-0.007000000216066837
1787109115.8104491,resting,fast,1787109113.923551,-5.480000019073486,-7.480000019073486,18.280000686645508,-0.14499999582767487,0.44850000739097595,-0.007000000216066837
1787109115.822388,resting,fast,1787109113.923551,-5.480000019073486,-7.480000019073486,18.280000686645508,-0.14499999582767487,0.44850000739097595,-0.007000000216066837
1787109115.8336563,resting,fast,1787109113.923551,-5.480000019073486,-7.480000019073486,18.280000686645508,-0.14499999582767487,0.44850000739097595,-0.007000000216066837
1787109115.8447206,resting,fast,1787109113.923551,-5.480000019073486,-7.480000019073486,18.280000686645508,-0.14499999582767487,0.44850000739097595,-0.007000000216066837
1787109115.8558326,resting,fast,1787109113.923551,-5.480000019073486,-7.480000019073486,18.280000686645508,-0.14499999582767487,0.44850000739097595,-0.007000000216066837
1787109115.8673904,resting,fast,1787109113.923551,-5.480000019073486,-7.480000019073486,18.280000686645508,-0.14499999582767487,0.44850000739097595,-0.007000000216066837
1787109115.87887,resting,fast,1787109113.923551,-5.480000019073486,-7.480000019073486,18.280000686645508,-0.14499999582767487,0.44850000739097595,-0.007000000216066837
1787109115.8902743,resting,fast,1787109113.923551,-5.480000019073486,-7.480000019073486,18.280000686645508,-0.14499999582767487,0.44850000739097595,-0.007000000216066837
1787109115.9016955,resting,fast,1787109113.923551,-5.480000019073486,-7.480000019073486,18.280000686645508,-0.14499999582767487,0.44850000739097595,-0.007000000216066837
1787109115.9134023,resting,fast,1787109113.923551,-5.480000019073486,-7.480000019073486,18.280000686645508,-0.14499999582767487,0.44850000739097595,-0.007000000216066837
1787109115.92485,resting,fast,1787109113.923551,-5.480000019073486,-7.480000019073486,18.280000686645508,-0.14499999582767487,0.44850000739097595,-0.007000000216066837
1787109115.936356,resting,fast,1787109113.923551,-5.480000019073486,-7.480000019073486,18.280000686645508,-0.14499999582767487,0.44850000739097595,-0.007000000216066837
1787109115.948187,resting,fast,1787109113.923551,-5.480000019073486,-7.480000019073486,18.280000686645508,-0.14499999582767487,0.44850000739097595,-0.007000000216066837
1787109115.959588,resting,fast,1787109113.923551,-5.940000057220459,-8.399999618530273,17.979999542236328,-0.14000000059604645,0.45899999141693115,0.004999999888241291
1787109115.9704685,resting,fast,1787109113.923551,-5.940000057220459,-8.399999618530273,17.979999542236328,-0.14000000059604645,0.45899999141693115,0.004999999888241291
1787109115.9820116,resting,fast,1787109113.923551,-5.940000057220459,-8.399999618530273,17.979999542236328,-0.14000000059604645,0.45899999141693115,0.004999999888241291
1787109115.993439,resting,fast,1787109113.923551,-5.940000057220459,-8.399999618530273,17.979999542236328,-0.14000000059604645,0.45899999141693115,0.004999999888241291
1787109116.0048716,resting,fast,1787109113.923551,-5.940000057220459,-8.399999618530273,17.979999542236328,-0.14000000059604645,0.45899999141693115,0.004999999888241291
1787109116.0163994,resting,fast,1787109113.923551,-5.940000057220459,-8.399999618530273,17.979999542236328,-0.14000000059604645,0.45899999141693115,0.004999999888241291
1787109116.0277166,resting,fast,1787109113.923551,-5.940000057220459,-8.399999618530273,17.979999542236328,-0.14000000059604645,0.45899999141693115,0.004999999888241291
1787109116.039114,resting,fast,1787109113.923551,-5.940000057220459,-8.399999618530273,17.979999542236328,-0.14000000059604645,0.45899999141693115,0.004999999888241291
1787109116.0502656,resting,fast,1787109113.923551,-5.940000057220459,-8.399999618530273,17.979999542236328,-0.14000000059604645,0.45899999141693115,0.004999999888241291
1787109116.0616248,resting,fast,1787109113.923551,-5.940000057220459,-8.399999618530273,17.979999542236328,-0.14000000059604645,0.45899999141693115,0.004999999888241291
1787109116.0730648,resting,fast,1787109113.923551,-5.940000057220459,-8.399999618530273,17.979999542236328,-0.14000000059604645,0.45899999141693115,0.004999999888241291
1787109116.0844839,resting,fast,1787109113.923551,-5.940000057220459,-8.399999618530273,17.979999542236328,-0.14000000059604645,0.45899999141693115,0.004999999888241291
1787109116.0955963,resting,fast,1787109113.923551,-5.940000057220459,-8.399999618530273,17.979999542236328,-0.14000000059604645,0.45899999141693115,0.004999999888241291
1787109116.1066854,resting,fast,1787109113.923551,-5.940000057220459,-8.399999618530273,17.979999542236328,-0.14000000059604645,0.45899999141693115,0.004999999888241291
1787109116.1179338,resting,fast,1787109113.923551,-5.940000057220459,-8.399999618530273,17.979999542236328,-0.14000000059604645,0.45899999141693115,0.004999999888241291
1787109116.1288123,resting,fast,1787109113.923551,-5.940000057220459,-8.399999618530273,17.979999542236328,-0.14000000059604645,0.45899999141693115,0.004999999888241291
1787109116.1400325,resting,fast,1787109113.923551,-5.940000057220459,-8.399999618530273,17.979999542236328,-0.14000000059604645,0.45899999141693115,0.004999999888241291
1787109116.151343,resting,fast,1787109113.923551,-5.940000057220459,-8.399999618530273,17.979999542236328,-0.14000000059604645,0.45899999141693115,0.004999999888241291
1787109116.1629455,resting,fast,1787109113.923551,-6.0,-8.579999923706055,18.100000381469727,-0.1315000057220459,0.45649999380111694,0.016499999910593033
1787109116.1745408,resting,fast,1787109113.923551,-6.0,-8.579999923706055,18.100000381469727,-0.1315000057220459,0.45649999380111694,0.016499999910593033
1787109116.1860368,resting,fast,1787109113.923551,-6.0,-8.579999923706055,18.100000381469727,-0.1315000057220459,0.45649999380111694,0.016499999910593033
1787109116.1985908,resting,fast,1787109113.923551,-6.0,-8.579999923706055,18.100000381469727,-0.1315000057220459,0.45649999380111694,0.016499999910593033
1787109116.2098625,resting,fast,1787109113.923551,-6.0,-8.579999923706055,18.100000381469727,-0.1315000057220459,0.45649999380111694,0.016499999910593033
1787109116.2214465,resting,fast,1787109113.923551,-6.0,-8.579999923706055,18.100000381469727,-0.1315000057220459,0.45649999380111694,0.016499999910593033
1787109116.2327745,resting,fast,1787109113.923551,-6.0,-8.579999923706055,18.100000381469727,-0.1315000057220459,0.45649999380111694,0.016499999910593033
1787109116.2441912,resting,fast,1787109113.923551,-6.0,-8.579999923706055,18.100000381469727,-0.1315000057220459,0.45649999380111694,0.016499999910593033
1787109116.255373,resting,fast,1787109113.923551,-6.0,-8.579999923706055,18.100000381469727,-0.1315000057220459,0.45649999380111694,0.016499999910593033
1787109116.2666144,resting,fast,1787109113.923551,-6.0,-8.579999923706055,18.100000381469727,-0.1315000057220459,0.45649999380111694,0.016499999910593033
1787109116.278262,resting,fast,1787109113.923551,-6.0,-8.579999923706055,18.100000381469727,-0.1315000057220459,0.45649999380111694,0.016499999910593033
1787109116.2900002,resting,fast,1787109113.923551,-6.0,-8.579999923706055,18.100000381469727,-0.1315000057220459,0.45649999380111694,0.016499999910593033
1787109116.301479,resting,fast,1787109113.923551,-6.0,-8.579999923706055,18.100000381469727,-0.1315000057220459,0.45649999380111694,0.016499999910593033
1787109116.3127513,resting,fast,1787109113.923551,-6.0,-8.579999923706055,18.100000381469727,-0.1315000057220459,0.45649999380111694,0.016499999910593033
1787109116.324031,resting,fast,1787109113.923551,-6.0,-8.579999923706055,18.100000381469727,-0.1315000057220459,0.45649999380111694,0.016499999910593033
1787109116.3353112,resting,fast,1787109113.923551,-6.0,-8.579999923706055,18.100000381469727,-0.1315000057220459,0.45649999380111694,0.016499999910593033
1787109116.346755,resting,fast,1787109113.923551,-6.0,-8.579999923706055,18.100000381469727,-0.1315000057220459,0.45649999380111694,0.016499999910593033
1787109116.3581955,resting,fast,1787109113.923551,-6.0,-8.140000343322754,18.1200008392334,-0.1509999930858612,0.45350000262260437,0.008500000461935997
1787109116.3693814,resting,fast,1787109113.923551,-6.0,-8.140000343322754,18.1200008392334,-0.1509999930858612,0.45350000262260437,0.008500000461935997
1787109116.3807385,resting,fast,1787109113.923551,-6.0,-8.140000343322754,18.1200008392334,-0.1509999930858612,0.45350000262260437,0.008500000461935997
1787109116.3921008,resting,fast,1787109113.923551,-6.0,-8.140000343322754,18.1200008392334,-0.1509999930858612,0.45350000262260437,0.008500000461935997
1787109116.40372,resting,fast,1787109113.923551,-6.0,-8.140000343322754,18.1200008392334,-0.1509999930858612,0.45350000262260437,0.008500000461935997
1787109116.415234,resting,fast,1787109113.923551,-6.0,-8.140000343322754,18.1200008392334,-0.1509999930858612,0.45350000262260437,0.008500000461935997
1787109116.4266205,resting,fast,1787109113.923551,-6.0,-8.140000343322754,18.1200008392334,-0.1509999930858612,0.45350000262260437,0.008500000461935997
1787109116.4383771,resting,fast,1787109113.923551,-6.0,-8.140000343322754,18.1200008392334,-0.1509999930858612,0.45350000262260437,0.008500000461935997
1787109116.4499028,resting,fast,1787109113.923551,-6.0,-8.140000343322754,18.1200008392334,-0.1509999930858612,0.45350000262260437,0.008500000461935997
1787109116.4610934,resting,fast,1787109113.923551,-6.0,-8.140000343322754,18.1200008392334,-0.1509999930858612,0.45350000262260437,0.008500000461935997
1787109116.4720771,resting,fast,1787109113.923551,-6.0,-8.140000343322754,18.1200008392334,-0.1509999930858612,0.45350000262260437,0.008500000461935997
1787109116.4832463,resting,fast,1787109113.923551,-6.0,-8.140000343322754,18.1200008392334,-0.1509999930858612,0.45350000262260437,0.008500000461935997
1787109116.494254,resting,fast,1787109113.923551,-6.0,-8.140000343322754,18.1200008392334,-0.1509999930858612,0.45350000262260437,0.008500000461935997
1787109116.5050044,resting,fast,1787109113.923551,-6.0,-8.140000343322754,18.1200008392334,-0.1509999930858612,0.45350000262260437,0.008500000461935997
1787109116.516227,resting,fast,1787109113.923551,-6.0,-8.140000343322754,18.1200008392334,-0.1509999930858612,0.45350000262260437,0.008500000461935997
1787109116.5271661,resting,fast,1787109113.923551,-6.0,-8.140000343322754,18.1200008392334,-0.1509999930858612,0.45350000262260437,0.008500000461935997
1787109116.538127,resting,fast,1787109113.923551,-6.0,-8.140000343322754,18.1200008392334,-0.1509999930858612,0.45350000262260437,0.008500000461935997
1787109116.5492728,resting,fast,1787109113.923551,-6.0,-8.140000343322754,18.1200008392334,-0.1509999930858612,0.45350000262260437,0.008500000461935997
1787109116.5602703,resting,fast,1787109113.923551,-5.599999904632568,-8.4399995803833,18.520000457763672,-0.13600000739097595,0.44850000739097595,0.0020000000949949026
1787109116.571377,resting,fast,1787109113.923551,-5.599999904632568,-8.4399995803833,18.520000457763672,-0.13600000739097595,0.44850000739097595,0.0020000000949949026
1787109116.5823522,resting,fast,1787109113.923551,-5.599999904632568,-8.4399995803833,18.520000457763672,-0.13600000739097595,0.44850000739097595,0.0020000000949949026
1787109116.5934503,resting,fast,1787109113.923551,-5.599999904632568,-8.4399995803833,18.520000457763672,-0.13600000739097595,0.44850000739097595,0.0020000000949949026
1787109116.6045475,resting,fast,1787109113.923551,-5.599999904632568,-8.4399995803833,18.520000457763672,-0.13600000739097595,0.44850000739097595,0.0020000000949949026
1787109116.6154485,resting,fast,1787109113.923551,-5.599999904632568,-8.4399995803833,18.520000457763672,-0.13600000739097595,0.44850000739097595,0.0020000000949949026
1787109116.6263146,resting,fast,1787109113.923551,-5.599999904632568,-8.4399995803833,18.520000457763672,-0.13600000739097595,0.44850000739097595,0.0020000000949949026
1787109116.6370761,resting,fast,1787109113.923551,-5.599999904632568,-8.4399995803833,18.520000457763672,-0.13600000739097595,0.44850000739097595,0.0020000000949949026
1787109116.6479583,resting,fast,1787109113.923551,-5.599999904632568,-8.4399995803833,18.520000457763672,-0.13600000739097595,0.44850000739097595,0.0020000000949949026
1787109116.6592095,resting,fast,1787109113.923551,-5.599999904632568,-8.4399995803833,18.520000457763672,-0.13600000739097595,0.44850000739097595,0.0020000000949949026
1787109116.670359,resting,fast,1787109113.923551,-5.599999904632568,-8.4399995803833,18.520000457763672,-0.13600000739097595,0.44850000739097595,0.0020000000949949026
1787109116.6814942,resting,fast,1787109113.923551,-5.599999904632568,-8.4399995803833,18.520000457763672,-0.13600000739097595,0.44850000739097595,0.0020000000949949026
1787109116.6926255,resting,fast,1787109113.923551,-5.599999904632568,-8.4399995803833,18.520000457763672,-0.13600000739097595,0.44850000739097595,0.0020000000949949026
1787109116.7037838,resting,fast,1787109113.923551,-5.599999904632568,-8.4399995803833,18.520000457763672,-0.13600000739097595,0.44850000739097595,0.0020000000949949026
1787109116.7148485,resting,fast,1787109113.923551,-5.599999904632568,-8.4399995803833,18.520000457763672,-0.13600000739097595,0.44850000739097595,0.0020000000949949026
1787109116.7261724,resting,fast,1787109113.923551,-5.599999904632568,-8.4399995803833,18.520000457763672,-0.13600000739097595,0.44850000739097595,0.0020000000949949026
1787109116.7375515,resting,fast,1787109113.923551,-5.599999904632568,-8.4399995803833,18.520000457763672,-0.13600000739097595,0.44850000739097595,0.0020000000949949026
1787109116.7489262,resting,fast,1787109113.923551,-5.599999904632568,-8.4399995803833,18.520000457763672,-0.13600000739097595,0.44850000739097595,0.0020000000949949026
1787109116.7601652,resting,fast,1787109113.923551,-5.0,-8.960000038146973,18.299999237060547,-0.16099999845027924,0.44350001215934753,0.03350000083446503
1787109116.7712836,resting,fast,1787109113.923551,-5.0,-8.960000038146973,18.299999237060547,-0.16099999845027924,0.44350001215934753,0.03350000083446503
1787109116.7824717,resting,fast,1787109113.923551,-5.0,-8.960000038146973,18.299999237060547,-0.16099999845027924,0.44350001215934753,0.03350000083446503
1787109116.7937894,resting,fast,1787109113.923551,-5.0,-8.960000038146973,18.299999237060547,-0.16099999845027924,0.44350001215934753,0.03350000083446503
1787109116.8049595,resting,fast,1787109113.923551,-5.0,-8.960000038146973,18.299999237060547,-0.16099999845027924,0.44350001215934753,0.03350000083446503
1787109116.8163013,resting,fast,1787109113.923551,-5.0,-8.960000038146973,18.299999237060547,-0.16099999845027924,0.44350001215934753,0.03350000083446503
1787109116.8275483,resting,fast,1787109113.923551,-5.0,-8.960000038146973,18.299999237060547,-0.16099999845027924,0.44350001215934753,0.03350000083446503
1787109116.8389397,resting,fast,1787109113.923551,-5.0,-8.960000038146973,18.299999237060547,-0.16099999845027924,0.44350001215934753,0.03350000083446503
1787109116.8502083,resting,fast,1787109113.923551,-5.0,-8.960000038146973,18.299999237060547,-0.16099999845027924,0.44350001215934753,0.03350000083446503
1787109116.8615167,resting,fast,1787109113.923551,-5.0,-8.960000038146973,18.299999237060547,-0.16099999845027924,0.44350001215934753,0.03350000083446503
1787109116.8727977,resting,fast,1787109113.923551,-5.0,-8.960000038146973,18.299999237060547,-0.16099999845027924,0.44350001215934753,0.03350000083446503
1787109116.883803,resting,fast,1787109113.923551,-5.0,-8.960000038146973,18.299999237060547,-0.16099999845027924,0.44350001215934753,0.03350000083446503
1787109116.8952258,resting,fast,1787109113.923551,-5.0,-8.960000038146973,18.299999237060547,-0.16099999845027924,0.44350001215934753,0.03350000083446503
1787109116.9069443,resting,fast,1787109113.923551,-5.0,-8.960000038146973,18.299999237060547,-0.16099999845027924,0.44350001215934753,0.03350000083446503
1787109116.9183338,resting,fast,1787109113.923551,-5.0,-8.960000038146973,18.299999237060547,-0.16099999845027924,0.44350001215934753,0.03350000083446503
1787109116.931708,resting,fast,1787109113.923551,-5.0,-8.960000038146973,18.299999237060547,-0.16099999845027924,0.44350001215934753,0.03350000083446503
1787109116.9434772,resting,fast,1787109113.923551,-5.0,-8.960000038146973,18.299999237060547,-0.16099999845027924,0.44350001215934753,0.03350000083446503
1787109116.9551084,resting,fast,1787109113.923551,-5.0,-8.960000038146973,18.299999237060547,-0.16099999845027924,0.44350001215934753,0.03350000083446503
1787109116.9664729,resting,fast,1787109113.923551,-5.940000057220459,-7.900000095367432,18.440000534057617,-0.11550000309944153,0.4544999897480011,0.0035000001080334187
1787109116.9777598,resting,fast,1787109113.923551,-5.940000057220459,-7.900000095367432,18.440000534057617,-0.11550000309944153,0.4544999897480011,0.0035000001080334187
1787109116.988847,resting,fast,1787109113.923551,-5.940000057220459,-7.900000095367432,18.440000534057617,-0.11550000309944153,0.4544999897480011,0.0035000001080334187
1787109117.0002298,resting,fast,1787109113.923551,-5.940000057220459,-7.900000095367432,18.440000534057617,-0.11550000309944153,0.4544999897480011,0.0035000001080334187
1787109117.0117898,resting,fast,1787109113.923551,-5.940000057220459,-7.900000095367432,18.440000534057617,-0.11550000309944153,0.4544999897480011,0.0035000001080334187
1787109117.0233634,resting,fast,1787109113.923551,-5.940000057220459,-7.900000095367432,18.440000534057617,-0.11550000309944153,0.4544999897480011,0.0035000001080334187
1787109117.0350266,resting,fast,1787109113.923551,-5.940000057220459,-7.900000095367432,18.440000534057617,-0.11550000309944153,0.4544999897480011,0.0035000001080334187
1787109117.0464647,resting,fast,1787109113.923551,-5.940000057220459,-7.900000095367432,18.440000534057617,-0.11550000309944153,0.4544999897480011,0.0035000001080334187
1787109117.0580466,resting,fast,1787109113.923551,-5.940000057220459,-7.900000095367432,18.440000534057617,-0.11550000309944153,0.4544999897480011,0.0035000001080334187
1787109117.068942,resting,fast,1787109113.923551,-5.940000057220459,-7.900000095367432,18.440000534057617,-0.11550000309944153,0.4544999897480011,0.0035000001080334187
1787109117.0803797,resting,fast,1787109113.923551,-5.940000057220459,-7.900000095367432,18.440000534057617,-0.11550000309944153,0.4544999897480011,0.0035000001080334187
1787109117.0915692,resting,fast,1787109113.923551,-5.940000057220459,-7.900000095367432,18.440000534057617,-0.11550000309944153,0.4544999897480011,0.0035000001080334187
1787109117.10279,resting,fast,1787109113.923551,-5.940000057220459,-7.900000095367432,18.440000534057617,-0.11550000309944153,0.4544999897480011,0.0035000001080334187
1787109117.1139917,resting,fast,1787109113.923551,-5.940000057220459,-7.900000095367432,18.440000534057617,-0.11550000309944153,0.4544999897480011,0.0035000001080334187
1787109117.1251512,resting,fast,1787109113.923551,-5.940000057220459,-7.900000095367432,18.440000534057617,-0.11550000309944153,0.4544999897480011,0.0035000001080334187
1787109117.1359642,resting,fast,1787109113.923551,-5.940000057220459,-7.900000095367432,18.440000534057617,-0.11550000309944153,0.4544999897480011,0.0035000001080334187
1787109117.1471133,resting,fast,1787109113.923551,-5.940000057220459,-7.900000095367432,18.440000534057617,-0.11550000309944153,0.4544999897480011,0.0035000001080334187
1787109117.1578603,resting,fast,1787109113.923551,-5.28000020980835,-7.71999979019165,18.15999984741211,-0.13750000298023224,0.4494999945163727,0.012000000104308128
1787109117.169079,resting,fast,1787109113.923551,-5.28000020980835,-7.71999979019165,18.15999984741211,-0.13750000298023224,0.4494999945163727,0.012000000104308128
1787109117.1804597,resting,fast,1787109113.923551,-5.28000020980835,-7.71999979019165,18.15999984741211,-0.13750000298023224,0.4494999945163727,0.012000000104308128
1787109117.1912296,resting,fast,1787109113.923551,-5.28000020980835,-7.71999979019165,18.15999984741211,-0.13750000298023224,0.4494999945163727,0.012000000104308128
1787109117.2023299,resting,fast,1787109113.923551,-5.28000020980835,-7.71999979019165,18.15999984741211,-0.13750000298023224,0.4494999945163727,0.012000000104308128
1787109117.2134666,resting,fast,1787109113.923551,-5.28000020980835,-7.71999979019165,18.15999984741211,-0.13750000298023224,0.4494999945163727,0.012000000104308128
1787109117.2245839,resting,fast,1787109113.923551,-5.28000020980835,-7.71999979019165,18.15999984741211,-0.13750000298023224,0.4494999945163727,0.012000000104308128
1787109117.2356296,resting,fast,1787109113.923551,-5.28000020980835,-7.71999979019165,18.15999984741211,-0.13750000298023224,0.4494999945163727,0.012000000104308128
1787109117.2466974,resting,fast,1787109113.923551,-5.28000020980835,-7.71999979019165,18.15999984741211,-0.13750000298023224,0.4494999945163727,0.012000000104308128
1787109117.2577374,resting,fast,1787109113.923551,-5.28000020980835,-7.71999979019165,18.15999984741211,-0.13750000298023224,0.4494999945163727,0.012000000104308128
1787109117.2687242,resting,fast,1787109113.923551,-5.28000020980835,-7.71999979019165,18.15999984741211,-0.13750000298023224,0.4494999945163727,0.012000000104308128
1787109117.2797997,resting,fast,1787109113.923551,-5.28000020980835,-7.71999979019165,18.15999984741211,-0.13750000298023224,0.4494999945163727,0.012000000104308128
1787109117.2908027,resting,fast,1787109113.923551,-5.28000020980835,-7.71999979019165,18.15999984741211,-0.13750000298023224,0.4494999945163727,0.012000000104308128
1787109117.3019736,resting,fast,1787109113.923551,-5.28000020980835,-7.71999979019165,18.15999984741211,-0.13750000298023224,0.4494999945163727,0.012000000104308128
1787109117.313056,resting,fast,1787109113.923551,-5.28000020980835,-7.71999979019165,18.15999984741211,-0.13750000298023224,0.4494999945163727,0.012000000104308128
1787109117.324229,resting,fast,1787109113.923551,-5.28000020980835,-7.71999979019165,18.15999984741211,-0.13750000298023224,0.4494999945163727,0.012000000104308128
1787109117.3352888,resting,fast,1787109113.923551,-5.28000020980835,-7.71999979019165,18.15999984741211,-0.13750000298023224,0.4494999945163727,0.012000000104308128
1787109117.3463602,resting,fast,1787109113.923551,-5.28000020980835,-7.71999979019165,18.15999984741211,-0.13750000298023224,0.4494999945163727,0.012000000104308128
1787109117.3574169,resting,fast,1787109113.923551,-5.179999828338623,-8.460000038146973,17.700000762939453,-0.12800000607967377,0.4350000023841858,0.023499999195337296
1787109117.3684506,resting,fast,1787109113.923551,-5.179999828338623,-8.460000038146973,17.700000762939453,-0.12800000607967377,0.4350000023841858,0.023499999195337296
1787109117.3795204,resting,fast,1787109113.923551,-5.179999828338623,-8.460000038146973,17.700000762939453,-0.12800000607967377,0.4350000023841858,0.023499999195337296
1787109117.390838,resting,fast,1787109113.923551,-5.179999828338623,-8.460000038146973,17.700000762939453,-0.12800000607967377,0.4350000023841858,0.023499999195337296
1787109117.4019926,resting,fast,1787109113.923551,-5.179999828338623,-8.460000038146973,17.700000762939453,-0.12800000607967377,0.4350000023841858,0.023499999195337296
1787109117.4133217,resting,fast,1787109113.923551,-5.179999828338623,-8.460000038146973,17.700000762939453,-0.12800000607967377,0.4350000023841858,0.023499999195337296
1787109117.4245942,resting,fast,1787109113.923551,-5.179999828338623,-8.460000038146973,17.700000762939453,-0.12800000607967377,0.4350000023841858,0.023499999195337296
1787109117.4356349,resting,fast,1787109113.923551,-5.179999828338623,-8.460000038146973,17.700000762939453,-0.12800000607967377,0.4350000023841858,0.023499999195337296
1787109117.446825,resting,fast,1787109113.923551,-5.179999828338623,-8.460000038146973,17.700000762939453,-0.12800000607967377,0.4350000023841858,0.023499999195337296
1787109117.4579277,resting,fast,1787109113.923551,-5.179999828338623,-8.460000038146973,17.700000762939453,-0.12800000607967377,0.4350000023841858,0.023499999195337296
1787109117.4690008,resting,fast,1787109113.923551,-5.179999828338623,-8.460000038146973,17.700000762939453,-0.12800000607967377,0.4350000023841858,0.023499999195337296
1787109117.4801736,resting,fast,1787109113.923551,-5.179999828338623,-8.460000038146973,17.700000762939453,-0.12800000607967377,0.4350000023841858,0.023499999195337296
1787109117.4917967,resting,fast,1787109113.923551,-5.179999828338623,-8.460000038146973,17.700000762939453,-0.12800000607967377,0.4350000023841858,0.023499999195337296
1787109117.5030396,resting,fast,1787109113.923551,-5.179999828338623,-8.460000038146973,17.700000762939453,-0.12800000607967377,0.4350000023841858,0.023499999195337296
1787109117.5143912,resting,fast,1787109113.923551,-5.179999828338623,-8.460000038146973,17.700000762939453,-0.12800000607967377,0.4350000023841858,0.023499999195337296
1787109117.5259724,resting,fast,1787109113.923551,-5.179999828338623,-8.460000038146973,17.700000762939453,-0.12800000607967377,0.4350000023841858,0.023499999195337296
1787109117.5372972,resting,fast,1787109113.923551,-5.179999828338623,-8.460000038146973,17.700000762939453,-0.12800000607967377,0.4350000023841858,0.023499999195337296
1787109117.548561,resting,fast,1787109113.923551,-5.179999828338623,-8.460000038146973,17.700000762939453,-0.12800000607967377,0.4350000023841858,0.023499999195337296
1787109117.5598357,resting,fast,1787109113.923551,-5.300000190734863,-7.739999771118164,18.18000030517578,-0.13750000298023224,0.4399999976158142,0.017500000074505806
1787109117.5709774,resting,fast,1787109113.923551,-5.300000190734863,-7.739999771118164,18.18000030517578,-0.13750000298023224,0.4399999976158142,0.017500000074505806
1787109117.5819936,resting,fast,1787109113.923551,-5.300000190734863,-7.739999771118164,18.18000030517578,-0.13750000298023224,0.4399999976158142,0.017500000074505806
1787109117.5929883,resting,fast,1787109113.923551,-5.300000190734863,-7.739999771118164,18.18000030517578,-0.13750000298023224,0.4399999976158142,0.017500000074505806
1787109117.6041105,resting,fast,1787109113.923551,-5.300000190734863,-7.739999771118164,18.18000030517578,-0.13750000298023224,0.4399999976158142,0.017500000074505806
1787109117.6150873,resting,fast,1787109113.923551,-5.300000190734863,-7.739999771118164,18.18000030517578,-0.13750000298023224,0.4399999976158142,0.017500000074505806
1787109117.6260226,resting,fast,1787109113.923551,-5.300000190734863,-7.739999771118164,18.18000030517578,-0.13750000298023224,0.4399999976158142,0.017500000074505806
1787109117.6372025,resting,fast,1787109113.923551,-5.300000190734863,-7.739999771118164,18.18000030517578,-0.13750000298023224,0.4399999976158142,0.017500000074505806
1787109117.648775,resting,fast,1787109113.923551,-5.300000190734863,-7.739999771118164,18.18000030517578,-0.13750000298023224,0.4399999976158142,0.017500000074505806
1787109117.6600041,resting,fast,1787109113.923551,-5.300000190734863,-7.739999771118164,18.18000030517578,-0.13750000298023224,0.4399999976158142,0.017500000074505806
1787109117.6711206,resting,fast,1787109113.923551,-5.300000190734863,-7.739999771118164,18.18000030517578,-0.13750000298023224,0.4399999976158142,0.017500000074505806
1787109117.6817217,resting,fast,1787109113.923551,-5.300000190734863,-7.739999771118164,18.18000030517578,-0.13750000298023224,0.4399999976158142,0.017500000074505806
1787109117.6927378,resting,fast,1787109113.923551,-5.300000190734863,-7.739999771118164,18.18000030517578,-0.13750000298023224,0.4399999976158142,0.017500000074505806
1787109117.7039158,resting,fast,1787109113.923551,-5.300000190734863,-7.739999771118164,18.18000030517578,-0.13750000298023224,0.4399999976158142,0.017500000074505806
1787109117.714975,resting,fast,1787109113.923551,-5.300000190734863,-7.739999771118164,18.18000030517578,-0.13750000298023224,0.4399999976158142,0.017500000074505806
1787109117.7257705,resting,fast,1787109113.923551,-5.300000190734863,-7.739999771118164,18.18000030517578,-0.13750000298023224,0.4399999976158142,0.017500000074505806
1787109117.736456,resting,fast,1787109113.923551,-5.300000190734863,-7.739999771118164,18.18000030517578,-0.13750000298023224,0.4399999976158142,0.017500000074505806
1787109117.7472553,resting,fast,1787109113.923551,-5.300000190734863,-7.739999771118164,18.18000030517578,-0.13750000298023224,0.4399999976158142,0.017500000074505806
1787109117.7582576,resting,fast,1787109113.923551,-6.360000133514404,-8.800000190734863,18.18000030517578,-0.148499995470047,0.46299999952316284,0.006000000052154064
1787109117.7691467,resting,fast,1787109113.923551,-6.360000133514404,-8.800000190734863,18.18000030517578,-0.148499995470047,0.46299999952316284,0.006000000052154064
1787109117.7801776,resting,fast,1787109113.923551,-6.360000133514404,-8.800000190734863,18.18000030517578,-0.148499995470047,0.46299999952316284,0.006000000052154064
1787109117.791539,resting,fast,1787109113.923551,-6.360000133514404,-8.800000190734863,18.18000030517578,-0.148499995470047,0.46299999952316284,0.006000000052154064
1787109117.8022778,resting,fast,1787109113.923551,-6.360000133514404,-8.800000190734863,18.18000030517578,-0.148499995470047,0.46299999952316284,0.006000000052154064
1787109117.813227,resting,fast,1787109113.923551,-6.360000133514404,-8.800000190734863,18.18000030517578,-0.148499995470047,0.46299999952316284,0.006000000052154064
1787109117.824454,resting,fast,1787109113.923551,-6.360000133514404,-8.800000190734863,18.18000030517578,-0.148499995470047,0.46299999952316284,0.006000000052154064
1787109117.8356361,resting,fast,1787109113.923551,-6.360000133514404,-8.800000190734863,18.18000030517578,-0.148499995470047,0.46299999952316284,0.006000000052154064
1787109117.8467894,resting,fast,1787109113.923551,-6.360000133514404,-8.800000190734863,18.18000030517578,-0.148499995470047,0.46299999952316284,0.006000000052154064
1787109117.8576007,resting,fast,1787109113.923551,-6.360000133514404,-8.800000190734863,18.18000030517578,-0.148499995470047,0.46299999952316284,0.006000000052154064
1787109117.8688521,resting,fast,1787109113.923551,-6.360000133514404,-8.800000190734863,18.18000030517578,-0.148499995470047,0.46299999952316284,0.006000000052154064
1787109117.8795373,resting,fast,1787109113.923551,-6.360000133514404,-8.800000190734863,18.18000030517578,-0.148499995470047,0.46299999952316284,0.006000000052154064
1787109117.8903255,resting,fast,1787109113.923551,-6.360000133514404,-8.800000190734863,18.18000030517578,-0.148499995470047,0.46299999952316284,0.006000000052154064
1787109117.9013777,resting,fast,1787109113.923551,-6.360000133514404,-8.800000190734863,18.18000030517578,-0.148499995470047,0.46299999952316284,0.006000000052154064
1787109117.9122205,resting,fast,1787109113.923551,-6.360000133514404,-8.800000190734863,18.18000030517578,-0.148499995470047,0.46299999952316284,0.006000000052154064
1787109117.923248,resting,fast,1787109113.923551,-6.360000133514404,-8.800000190734863,18.18000030517578,-0.148499995470047,0.46299999952316284,0.006000000052154064
1787109117.9345703,resting,fast,1787109113.923551,-6.360000133514404,-8.800000190734863,18.18000030517578,-0.148499995470047,0.46299999952316284,0.006000000052154064
1787109117.9457684,resting,fast,1787109113.923551,-6.360000133514404,-8.800000190734863,18.18000030517578,-0.148499995470047,0.46299999952316284,0.006000000052154064
1787109117.9571595,resting,fast,1787109113.923551,-5.739999771118164,-9.039999961853027,18.200000762939453,-0.14350000023841858,0.45399999618530273,0.010999999940395355
1787109117.9682605,resting,fast,1787109113.923551,-5.739999771118164,-9.039999961853027,18.200000762939453,-0.14350000023841858,0.45399999618530273,0.010999999940395355
1787109117.9795496,resting,fast,1787109113.923551,-5.739999771118164,-9.039999961853027,18.200000762939453,-0.14350000023841858,0.45399999618530273,0.010999999940395355
1787109117.9904935,resting,fast,1787109113.923551,-5.739999771118164,-9.039999961853027,18.200000762939453,-0.14350000023841858,0.45399999618530273,0.010999999940395355
1787109118.0021052,resting,fast,1787109113.923551,-5.739999771118164,-9.039999961853027,18.200000762939453,-0.14350000023841858,0.45399999618530273,0.010999999940395355
1787109118.0131302,resting,fast,1787109113.923551,-5.739999771118164,-9.039999961853027,18.200000762939453,-0.14350000023841858,0.45399999618530273,0.010999999940395355
1787109118.024272,resting,fast,1787109113.923551,-5.739999771118164,-9.039999961853027,18.200000762939453,-0.14350000023841858,0.45399999618530273,0.010999999940395355
1787109118.0352004,resting,fast,1787109113.923551,-5.739999771118164,-9.039999961853027,18.200000762939453,-0.14350000023841858,0.45399999618530273,0.010999999940395355
1787109118.0464067,resting,fast,1787109113.923551,-5.739999771118164,-9.039999961853027,18.200000762939453,-0.14350000023841858,0.45399999618530273,0.010999999940395355
1787109118.0572505,resting,fast,1787109113.923551,-5.739999771118164,-9.039999961853027,18.200000762939453,-0.14350000023841858,0.45399999618530273,0.010999999940395355
1787109118.0683997,resting,fast,1787109113.923551,-5.739999771118164,-9.039999961853027,18.200000762939453,-0.14350000023841858,0.45399999618530273,0.010999999940395355
1787109118.0793357,resting,fast,1787109113.923551,-5.739999771118164,-9.039999961853027,18.200000762939453,-0.14350000023841858,0.45399999618530273,0.010999999940395355
1787109118.0906885,resting,fast,1787109113.923551,-5.739999771118164,-9.039999961853027,18.200000762939453,-0.14350000023841858,0.45399999618530273,0.010999999940395355
1787109118.1024039,resting,fast,1787109113.923551,-5.739999771118164,-9.039999961853027,18.200000762939453,-0.14350000023841858,0.45399999618530273,0.010999999940395355
1787109118.1136386,resting,fast,1787109113.923551,-5.739999771118164,-9.039999961853027,18.200000762939453,-0.14350000023841858,0.45399999618530273,0.010999999940395355
1787109118.1264923,resting,fast,1787109113.923551,-5.739999771118164,-9.039999961853027,18.200000762939453,-0.14350000023841858,0.45399999618530273,0.010999999940395355
1787109118.1378918,resting,fast,1787109113.923551,-5.739999771118164,-9.039999961853027,18.200000762939453,-0.14350000023841858,0.45399999618530273,0.010999999940395355
1787109118.1495645,resting,fast,1787109113.923551,-5.739999771118164,-9.039999961853027,18.200000762939453,-0.14350000023841858,0.45399999618530273,0.010999999940395355
1787109118.1609633,resting,fast,1787109113.923551,-5.860000133514404,-8.5,18.260000228881836,-0.12999999523162842,0.46050000190734863,0.02800000086426735
1787109118.1723256,resting,fast,1787109113.923551,-5.860000133514404,-8.5,18.260000228881836,-0.12999999523162842,0.46050000190734863,0.02800000086426735
1787109118.183771,resting,fast,1787109113.923551,-5.860000133514404,-8.5,18.260000228881836,-0.12999999523162842,0.46050000190734863,0.02800000086426735
1787109118.1952038,resting,fast,1787109113.923551,-5.860000133514404,-8.5,18.260000228881836,-0.12999999523162842,0.46050000190734863,0.02800000086426735
1787109118.2065916,resting,fast,1787109113.923551,-5.860000133514404,-8.5,18.260000228881836,-0.12999999523162842,0.46050000190734863,0.02800000086426735
1787109118.2177505,resting,fast,1787109113.923551,-5.860000133514404,-8.5,18.260000228881836,-0.12999999523162842,0.46050000190734863,0.02800000086426735
1787109118.2291853,resting,fast,1787109113.923551,-5.860000133514404,-8.5,18.260000228881836,-0.12999999523162842,0.46050000190734863,0.02800000086426735
1787109118.2405984,resting,fast,1787109113.923551,-5.860000133514404,-8.5,18.260000228881836,-0.12999999523162842,0.46050000190734863,0.02800000086426735
1787109118.2522802,resting,fast,1787109113.923551,-5.860000133514404,-8.5,18.260000228881836,-0.12999999523162842,0.46050000190734863,0.02800000086426735
1787109118.2632515,resting,fast,1787109113.923551,-5.860000133514404,-8.5,18.260000228881836,-0.12999999523162842,0.46050000190734863,0.02800000086426735
1787109118.2744362,resting,fast,1787109113.923551,-5.860000133514404,-8.5,18.260000228881836,-0.12999999523162842,0.46050000190734863,0.02800000086426735
1787109118.2858608,resting,fast,1787109113.923551,-5.860000133514404,-8.5,18.260000228881836,-0.12999999523162842,0.46050000190734863,0.02800000086426735
1787109118.2976174,resting,fast,1787109113.923551,-5.860000133514404,-8.5,18.260000228881836,-0.12999999523162842,0.46050000190734863,0.02800000086426735
1787109118.3088026,resting,fast,1787109113.923551,-5.860000133514404,-8.5,18.260000228881836,-0.12999999523162842,0.46050000190734863,0.02800000086426735
1787109118.3204427,resting,fast,1787109113.923551,-5.860000133514404,-8.5,18.260000228881836,-0.12999999523162842,0.46050000190734863,0.02800000086426735
1787109118.3316243,resting,fast,1787109113.923551,-5.860000133514404,-8.5,18.260000228881836,-0.12999999523162842,0.46050000190734863,0.02800000086426735
1787109118.3427234,resting,fast,1787109113.923551,-5.860000133514404,-8.5,18.260000228881836,-0.12999999523162842,0.46050000190734863,0.02800000086426735
1787109118.3542538,resting,fast,1787109113.923551,-5.559999942779541,-7.960000038146973,17.940000534057617,-0.14499999582767487,0.44699999690055847,0.010499999858438969
1787109118.3656332,resting,fast,1787109113.923551,-5.559999942779541,-7.960000038146973,17.940000534057617,-0.14499999582767487,0.44699999690055847,0.010499999858438969
1787109118.3772497,resting,fast,1787109113.923551,-5.559999942779541,-7.960000038146973,17.940000534057617,-0.14499999582767487,0.44699999690055847,0.010499999858438969
1787109118.3883822,resting,fast,1787109113.923551,-5.559999942779541,-7.960000038146973,17.940000534057617,-0.14499999582767487,0.44699999690055847,0.010499999858438969
1787109118.3996243,resting,fast,1787109113.923551,-5.559999942779541,-7.960000038146973,17.940000534057617,-0.14499999582767487,0.44699999690055847,0.010499999858438969
1787109118.4109645,resting,fast,1787109113.923551,-5.559999942779541,-7.960000038146973,17.940000534057617,-0.14499999582767487,0.44699999690055847,0.010499999858438969
1787109118.4228864,resting,fast,1787109113.923551,-5.559999942779541,-7.960000038146973,17.940000534057617,-0.14499999582767487,0.44699999690055847,0.010499999858438969
1787109118.4341447,resting,fast,1787109113.923551,-5.559999942779541,-7.960000038146973,17.940000534057617,-0.14499999582767487,0.44699999690055847,0.010499999858438969
1787109118.4459956,resting,fast,1787109113.923551,-5.559999942779541,-7.960000038146973,17.940000534057617,-0.14499999582767487,0.44699999690055847,0.010499999858438969
1787109118.457009,resting,fast,1787109113.923551,-5.559999942779541,-7.960000038146973,17.940000534057617,-0.14499999582767487,0.44699999690055847,0.010499999858438969
1787109118.468249,resting,fast,1787109113.923551,-5.559999942779541,-7.960000038146973,17.940000534057617,-0.14499999582767487,0.44699999690055847,0.010499999858438969
1787109118.4798288,resting,fast,1787109113.923551,-5.559999942779541,-7.960000038146973,17.940000534057617,-0.14499999582767487,0.44699999690055847,0.010499999858438969
1787109118.4907913,resting,fast,1787109113.923551,-5.559999942779541,-7.960000038146973,17.940000534057617,-0.14499999582767487,0.44699999690055847,0.010499999858438969
1787109118.5019417,resting,fast,1787109113.923551,-5.559999942779541,-7.960000038146973,17.940000534057617,-0.14499999582767487,0.44699999690055847,0.010499999858438969
1787109118.5132227,resting,fast,1787109113.923551,-5.559999942779541,-7.960000038146973,17.940000534057617,-0.14499999582767487,0.44699999690055847,0.010499999858438969
1787109118.524081,resting,fast,1787109113.923551,-5.559999942779541,-7.960000038146973,17.940000534057617,-0.14499999582767487,0.44699999690055847,0.010499999858438969
1787109118.535432,resting,fast,1787109113.923551,-5.559999942779541,-7.960000038146973,17.940000534057617,-0.14499999582767487,0.44699999690055847,0.010499999858438969
1787109118.5469093,resting,fast,1787109113.923551,-5.559999942779541,-7.960000038146973,17.940000534057617,-0.14499999582767487,0.44699999690055847,0.010499999858438969
1787109118.5578291,resting,fast,1787109113.923551,-5.739999771118164,-8.039999961853027,17.719999313354492,-0.1289999932050705,0.4375,0.0
1787109118.56851,resting,fast,1787109113.923551,-5.739999771118164,-8.039999961853027,17.719999313354492,-0.1289999932050705,0.4375,0.0
1787109118.5803223,resting,fast,1787109113.923551,-5.739999771118164,-8.039999961853027,17.719999313354492,-0.1289999932050705,0.4375,0.0
1787109118.5917463,resting,fast,1787109113.923551,-5.739999771118164,-8.039999961853027,17.719999313354492,-0.1289999932050705,0.4375,0.0
1787109118.6031358,resting,fast,1787109113.923551,-5.739999771118164,-8.039999961853027,17.719999313354492,-0.1289999932050705,0.4375,0.0
1787109118.61475,resting,fast,1787109113.923551,-5.739999771118164,-8.039999961853027,17.719999313354492,-0.1289999932050705,0.4375,0.0
1787109118.6260467,resting,fast,1787109113.923551,-5.739999771118164,-8.039999961853027,17.719999313354492,-0.1289999932050705,0.4375,0.0
1787109118.6368039,resting,fast,1787109113.923551,-5.739999771118164,-8.039999961853027,17.719999313354492,-0.1289999932050705,0.4375,0.0
1787109118.64758,resting,fast,1787109113.923551,-5.739999771118164,-8.039999961853027,17.719999313354492,-0.1289999932050705,0.4375,0.0
1787109118.6590793,resting,fast,1787109113.923551,-5.739999771118164,-8.039999961853027,17.719999313354492,-0.1289999932050705,0.4375,0.0
1787109118.6703568,resting,fast,1787109113.923551,-5.739999771118164,-8.039999961853027,17.719999313354492,-0.1289999932050705,0.4375,0.0
1787109118.6814814,resting,fast,1787109113.923551,-5.739999771118164,-8.039999961853027,17.719999313354492,-0.1289999932050705,0.4375,0.0
1787109118.6925,resting,fast,1787109113.923551,-5.739999771118164,-8.039999961853027,17.719999313354492,-0.1289999932050705,0.4375,0.0
1787109118.7032535,resting,fast,1787109113.923551,-5.739999771118164,-8.039999961853027,17.719999313354492,-0.1289999932050705,0.4375,0.0
1787109118.7146614,resting,fast,1787109113.923551,-5.739999771118164,-8.039999961853027,17.719999313354492,-0.1289999932050705,0.4375,0.0
1787109118.7262113,resting,fast,1787109113.923551,-5.739999771118164,-8.039999961853027,17.719999313354492,-0.1289999932050705,0.4375,0.0
1787109118.7373557,resting,fast,1787109113.923551,-5.739999771118164,-8.039999961853027,17.719999313354492,-0.1289999932050705,0.4375,0.0
1787109118.7490225,resting,fast,1787109113.923551,-5.739999771118164,-8.039999961853027,17.719999313354492,-0.1289999932050705,0.4375,0.0
1787109118.7603555,resting,fast,1787109113.923551,-5.639999866485596,-7.920000076293945,18.040000915527344,-0.13249999284744263,0.45249998569488525,0.00800000037997961
1787109118.7715285,resting,fast,1787109113.923551,-5.639999866485596,-7.920000076293945,18.040000915527344,-0.13249999284744263,0.45249998569488525,0.00800000037997961
1787109118.782265,resting,fast,1787109113.923551,-5.639999866485596,-7.920000076293945,18.040000915527344,-0.13249999284744263,0.45249998569488525,0.00800000037997961
1787109118.7937386,resting,fast,1787109113.923551,-5.639999866485596,-7.920000076293945,18.040000915527344,-0.13249999284744263,0.45249998569488525,0.00800000037997961
1787109118.804749,resting,fast,1787109113.923551,-5.639999866485596,-7.920000076293945,18.040000915527344,-0.13249999284744263,0.45249998569488525,0.00800000037997961
1787109118.816161,resting,fast,1787109113.923551,-5.639999866485596,-7.920000076293945,18.040000915527344,-0.13249999284744263,0.45249998569488525,0.00800000037997961
1787109118.8275633,resting,fast,1787109113.923551,-5.639999866485596,-7.920000076293945,18.040000915527344,-0.13249999284744263,0.45249998569488525,0.00800000037997961
1787109118.8390899,resting,fast,1787109113.923551,-5.639999866485596,-7.920000076293945,18.040000915527344,-0.13249999284744263,0.45249998569488525,0.00800000037997961
1787109118.8504543,resting,fast,1787109113.923551,-5.639999866485596,-7.920000076293945,18.040000915527344,-0.13249999284744263,0.45249998569488525,0.00800000037997961
1787109118.8619688,resting,fast,1787109113.923551,-5.639999866485596,-7.920000076293945,18.040000915527344,-0.13249999284744263,0.45249998569488525,0.00800000037997961
1787109118.8733687,resting,fast,1787109113.923551,-5.639999866485596,-7.920000076293945,18.040000915527344,-0.13249999284744263,0.45249998569488525,0.00800000037997961
1787109118.8847744,resting,fast,1787109113.923551,-5.639999866485596,-7.920000076293945,18.040000915527344,-0.13249999284744263,0.45249998569488525,0.00800000037997961
1787109118.8962543,resting,fast,1787109113.923551,-5.639999866485596,-7.920000076293945,18.040000915527344,-0.13249999284744263,0.45249998569488525,0.00800000037997961
1787109118.9074812,resting,fast,1787109113.923551,-5.639999866485596,-7.920000076293945,18.040000915527344,-0.13249999284744263,0.45249998569488525,0.00800000037997961
1787109118.9185295,resting,fast,1787109113.923551,-5.639999866485596,-7.920000076293945,18.040000915527344,-0.13249999284744263,0.45249998569488525,0.00800000037997961
1787109118.9301515,resting,fast,1787109113.923551,-5.639999866485596,-7.920000076293945,18.040000915527344,-0.13249999284744263,0.45249998569488525,0.00800000037997961
1787109118.9413939,resting,fast,1787109113.923551,-5.639999866485596,-7.920000076293945,18.040000915527344,-0.13249999284744263,0.45249998569488525,0.00800000037997961
1787109118.9534621,resting,fast,1787109113.923551,-5.599999904632568,-8.180000305175781,18.059999465942383,-0.1420000046491623,0.43650001287460327,0.007000000216066837
1787109118.964811,resting,fast,1787109113.923551,-5.599999904632568,-8.180000305175781,18.059999465942383,-0.1420000046491623,0.43650001287460327,0.007000000216066837
1787109118.9763234,resting,fast,1787109113.923551,-5.599999904632568,-8.180000305175781,18.059999465942383,-0.1420000046491623,0.43650001287460327,0.007000000216066837
1787109118.9879618,resting,fast,1787109113.923551,-5.599999904632568,-8.180000305175781,18.059999465942383,-0.1420000046491623,0.43650001287460327,0.007000000216066837
1787109118.9996383,resting,fast,1787109113.923551,-5.599999904632568,-8.180000305175781,18.059999465942383,-0.1420000046491623,0.43650001287460327,0.007000000216066837
1787109119.010685,resting,fast,1787109113.923551,-5.599999904632568,-8.180000305175781,18.059999465942383,-0.1420000046491623,0.43650001287460327,0.007000000216066837
1787109119.0223749,resting,fast,1787109113.923551,-5.599999904632568,-8.180000305175781,18.059999465942383,-0.1420000046491623,0.43650001287460327,0.007000000216066837
1787109119.0337412,resting,fast,1787109113.923551,-5.599999904632568,-8.180000305175781,18.059999465942383,-0.1420000046491623,0.43650001287460327,0.007000000216066837
1787109119.0452087,resting,fast,1787109113.923551,-5.599999904632568,-8.180000305175781,18.059999465942383,-0.1420000046491623,0.43650001287460327,0.007000000216066837
1787109119.0566587,resting,fast,1787109113.923551,-5.599999904632568,-8.180000305175781,18.059999465942383,-0.1420000046491623,0.43650001287460327,0.007000000216066837
1787109119.0682716,resting,fast,1787109113.923551,-5.599999904632568,-8.180000305175781,18.059999465942383,-0.1420000046491623,0.43650001287460327,0.007000000216066837
1787109119.07959,resting,fast,1787109113.923551,-5.599999904632568,-8.180000305175781,18.059999465942383,-0.1420000046491623,0.43650001287460327,0.007000000216066837
1787109119.0912185,resting,fast,1787109113.923551,-5.599999904632568,-8.180000305175781,18.059999465942383,-0.1420000046491623,0.43650001287460327,0.007000000216066837
1787109119.102594,resting,fast,1787109113.923551,-5.599999904632568,-8.180000305175781,18.059999465942383,-0.1420000046491623,0.43650001287460327,0.007000000216066837
1787109119.113266,resting,fast,1787109113.923551,-5.599999904632568,-8.180000305175781,18.059999465942383,-0.1420000046491623,0.43650001287460327,0.007000000216066837
1787109119.1243482,resting,fast,1787109113.923551,-5.599999904632568,-8.180000305175781,18.059999465942383,-0.1420000046491623,0.43650001287460327,0.007000000216066837
1787109119.1357293,resting,fast,1787109113.923551,-5.599999904632568,-8.180000305175781,18.059999465942383,-0.1420000046491623,0.43650001287460327,0.007000000216066837
1787109119.146881,resting,fast,1787109113.923551,-5.599999904632568,-8.180000305175781,18.059999465942383,-0.1420000046491623,0.43650001287460327,0.007000000216066837
1787109119.15753,resting,fast,1787109113.923551,-5.78000020980835,-8.579999923706055,17.68000030517578,-0.14149999618530273,0.4375,0.013000000268220901
1787109119.1681187,resting,fast,1787109113.923551,-5.78000020980835,-8.579999923706055,17.68000030517578,-0.14149999618530273,0.4375,0.013000000268220901
1787109119.1786551,resting,fast,1787109113.923551,-5.78000020980835,-8.579999923706055,17.68000030517578,-0.14149999618530273,0.4375,0.013000000268220901
1787109119.1893625,resting,fast,1787109113.923551,-5.78000020980835,-8.579999923706055,17.68000030517578,-0.14149999618530273,0.4375,0.013000000268220901
1787109119.2004194,resting,fast,1787109113.923551,-5.78000020980835,-8.579999923706055,17.68000030517578,-0.14149999618530273,0.4375,0.013000000268220901
1787109119.211423,resting,fast,1787109113.923551,-5.78000020980835,-8.579999923706055,17.68000030517578,-0.14149999618530273,0.4375,0.013000000268220901
1787109119.222583,resting,fast,1787109113.923551,-5.78000020980835,-8.579999923706055,17.68000030517578,-0.14149999618530273,0.4375,0.013000000268220901
1787109119.233734,resting,fast,1787109113.923551,-5.78000020980835,-8.579999923706055,17.68000030517578,-0.14149999618530273,0.4375,0.013000000268220901
1787109119.244808,resting,fast,1787109113.923551,-5.78000020980835,-8.579999923706055,17.68000030517578,-0.14149999618530273,0.4375,0.013000000268220901
1787109119.2561202,resting,fast,1787109113.923551,-5.78000020980835,-8.579999923706055,17.68000030517578,-0.14149999618530273,0.4375,0.013000000268220901
1787109119.2672777,resting,fast,1787109113.923551,-5.78000020980835,-8.579999923706055,17.68000030517578,-0.14149999618530273,0.4375,0.013000000268220901
1787109119.2783794,resting,fast,1787109113.923551,-5.78000020980835,-8.579999923706055,17.68000030517578,-0.14149999618530273,0.4375,0.013000000268220901
1787109119.289576,resting,fast,1787109113.923551,-5.78000020980835,-8.579999923706055,17.68000030517578,-0.14149999618530273,0.4375,0.013000000268220901
1787109119.3005004,resting,fast,1787109113.923551,-5.78000020980835,-8.579999923706055,17.68000030517578,-0.14149999618530273,0.4375,0.013000000268220901
1787109119.3112786,resting,fast,1787109113.923551,-5.78000020980835,-8.579999923706055,17.68000030517578,-0.14149999618530273,0.4375,0.013000000268220901
1787109119.322451,resting,fast,1787109113.923551,-5.78000020980835,-8.579999923706055,17.68000030517578,-0.14149999618530273,0.4375,0.013000000268220901
1787109119.333704,resting,fast,1787109113.923551,-5.78000020980835,-8.579999923706055,17.68000030517578,-0.14149999618530273,0.4375,0.013000000268220901
1787109119.344757,resting,fast,1787109113.923551,-5.78000020980835,-8.579999923706055,17.68000030517578,-0.14149999618530273,0.4375,0.013000000268220901
1787109119.3555877,resting,fast,1787109113.923551,-5.760000228881836,-8.460000038146973,18.860000610351562,-0.1535000056028366,0.46149998903274536,0.007499999832361937
1787109119.3667824,resting,fast,1787109113.923551,-5.760000228881836,-8.460000038146973,18.860000610351562,-0.1535000056028366,0.46149998903274536,0.007499999832361937
1787109119.3781965,resting,fast,1787109113.923551,-5.760000228881836,-8.460000038146973,18.860000610351562,-0.1535000056028366,0.46149998903274536,0.007499999832361937
1787109119.389354,resting,fast,1787109113.923551,-5.760000228881836,-8.460000038146973,18.860000610351562,-0.1535000056028366,0.46149998903274536,0.007499999832361937
1787109119.4005222,resting,fast,1787109113.923551,-5.760000228881836,-8.460000038146973,18.860000610351562,-0.1535000056028366,0.46149998903274536,0.007499999832361937
1787109119.4116662,resting,fast,1787109113.923551,-5.760000228881836,-8.460000038146973,18.860000610351562,-0.1535000056028366,0.46149998903274536,0.007499999832361937
1787109119.4225593,resting,fast,1787109113.923551,-5.760000228881836,-8.460000038146973,18.860000610351562,-0.1535000056028366,0.46149998903274536,0.007499999832361937
1787109119.4337058,resting,fast,1787109113.923551,-5.760000228881836,-8.460000038146973,18.860000610351562,-0.1535000056028366,0.46149998903274536,0.007499999832361937
1787109119.4446464,resting,fast,1787109113.923551,-5.760000228881836,-8.460000038146973,18.860000610351562,-0.1535000056028366,0.46149998903274536,0.007499999832361937
1787109119.4555972,resting,fast,1787109113.923551,-5.760000228881836,-8.460000038146973,18.860000610351562,-0.1535000056028366,0.46149998903274536,0.007499999832361937
1787109119.4666908,resting,fast,1787109113.923551,-5.760000228881836,-8.460000038146973,18.860000610351562,-0.1535000056028366,0.46149998903274536,0.007499999832361937
1787109119.4777863,resting,fast,1787109113.923551,-5.760000228881836,-8.460000038146973,18.860000610351562,-0.1535000056028366,0.46149998903274536,0.007499999832361937
1787109119.4888086,resting,fast,1787109113.923551,-5.760000228881836,-8.460000038146973,18.860000610351562,-0.1535000056028366,0.46149998903274536,0.007499999832361937
1787109119.4999251,resting,fast,1787109113.923551,-5.760000228881836,-8.460000038146973,18.860000610351562,-0.1535000056028366,0.46149998903274536,0.007499999832361937
1787109119.511382,resting,fast,1787109113.923551,-5.760000228881836,-8.460000038146973,18.860000610351562,-0.1535000056028366,0.46149998903274536,0.007499999832361937
1787109119.5222332,resting,fast,1787109113.923551,-5.760000228881836,-8.460000038146973,18.860000610351562,-0.1535000056028366,0.46149998903274536,0.007499999832361937
1787109119.5332296,resting,fast,1787109113.923551,-5.760000228881836,-8.460000038146973,18.860000610351562,-0.1535000056028366,0.46149998903274536,0.007499999832361937
1787109119.5443783,resting,fast,1787109113.923551,-5.760000228881836,-8.460000038146973,18.860000610351562,-0.1535000056028366,0.46149998903274536,0.007499999832361937
1787109119.555787,resting,fast,1787109113.923551,-6.079999923706055,-8.5,17.68000030517578,-0.13600000739097595,0.45399999618530273,-0.0024999999441206455
1787109119.569523,resting,fast,1787109113.923551,-6.079999923706055,-8.5,17.68000030517578,-0.13600000739097595,0.45399999618530273,-0.0024999999441206455
1787109119.5812714,resting,fast,1787109113.923551,-6.079999923706055,-8.5,17.68000030517578,-0.13600000739097595,0.45399999618530273,-0.0024999999441206455
1787109119.592557,resting,fast,1787109113.923551,-6.079999923706055,-8.5,17.68000030517578,-0.13600000739097595,0.45399999618530273,-0.0024999999441206455
1787109119.6037807,resting,fast,1787109113.923551,-6.079999923706055,-8.5,17.68000030517578,-0.13600000739097595,0.45399999618530273,-0.0024999999441206455
1787109119.6161788,resting,fast,1787109113.923551,-6.079999923706055,-8.5,17.68000030517578,-0.13600000739097595,0.45399999618530273,-0.0024999999441206455
1787109119.627063,resting,fast,1787109113.923551,-6.079999923706055,-8.5,17.68000030517578,-0.13600000739097595,0.45399999618530273,-0.0024999999441206455
1787109119.6386142,resting,fast,1787109113.923551,-6.079999923706055,-8.5,17.68000030517578,-0.13600000739097595,0.45399999618530273,-0.0024999999441206455
1787109119.6494176,resting,fast,1787109113.923551,-6.079999923706055,-8.5,17.68000030517578,-0.13600000739097595,0.45399999618530273,-0.0024999999441206455
1787109119.6605442,resting,fast,1787109113.923551,-6.079999923706055,-8.5,17.68000030517578,-0.13600000739097595,0.45399999618530273,-0.0024999999441206455
1787109119.671368,resting,fast,1787109113.923551,-6.079999923706055,-8.5,17.68000030517578,-0.13600000739097595,0.45399999618530273,-0.0024999999441206455
1787109119.6822913,resting,fast,1787109113.923551,-6.079999923706055,-8.5,17.68000030517578,-0.13600000739097595,0.45399999618530273,-0.0024999999441206455
1787109119.6933262,resting,fast,1787109113.923551,-6.079999923706055,-8.5,17.68000030517578,-0.13600000739097595,0.45399999618530273,-0.0024999999441206455
1787109119.7051704,resting,fast,1787109113.923551,-6.079999923706055,-8.5,17.68000030517578,-0.13600000739097595,0.45399999618530273,-0.0024999999441206455
1787109119.7160945,resting,fast,1787109113.923551,-6.079999923706055,-8.5,17.68000030517578,-0.13600000739097595,0.45399999618530273,-0.0024999999441206455
1787109119.7269256,resting,fast,1787109113.923551,-6.079999923706055,-8.5,17.68000030517578,-0.13600000739097595,0.45399999618530273,-0.0024999999441206455
1787109119.7388976,resting,fast,1787109113.923551,-6.079999923706055,-8.5,17.68000030517578,-0.13600000739097595,0.45399999618530273,-0.0024999999441206455
1787109119.7497325,resting,fast,1787109113.923551,-5.659999847412109,-8.420000076293945,17.780000686645508,-0.14350000023841858,0.4490000009536743,0.017500000074505806
1787109119.7607007,resting,fast,1787109113.923551,-5.659999847412109,-8.420000076293945,17.780000686645508,-0.14350000023841858,0.4490000009536743,0.017500000074505806
1787109119.771797,resting,fast,1787109113.923551,-5.659999847412109,-8.420000076293945,17.780000686645508,-0.14350000023841858,0.4490000009536743,0.017500000074505806
1787109119.7830029,resting,fast,1787109113.923551,-5.659999847412109,-8.420000076293945,17.780000686645508,-0.14350000023841858,0.4490000009536743,0.017500000074505806
1787109119.794263,resting,fast,1787109113.923551,-5.659999847412109,-8.420000076293945,17.780000686645508,-0.14350000023841858,0.4490000009536743,0.017500000074505806
1787109119.8055131,resting,fast,1787109113.923551,-5.659999847412109,-8.420000076293945,17.780000686645508,-0.14350000023841858,0.4490000009536743,0.017500000074505806
1787109119.8167517,resting,fast,1787109113.923551,-5.659999847412109,-8.420000076293945,17.780000686645508,-0.14350000023841858,0.4490000009536743,0.017500000074505806
1787109119.827728,resting,fast,1787109113.923551,-5.659999847412109,-8.420000076293945,17.780000686645508,-0.14350000023841858,0.4490000009536743,0.017500000074505806
1787109119.8387375,resting,fast,1787109113.923551,-5.659999847412109,-8.420000076293945,17.780000686645508,-0.14350000023841858,0.4490000009536743,0.017500000074505806
1787109119.849547,resting,fast,1787109113.923551,-5.659999847412109,-8.420000076293945,17.780000686645508,-0.14350000023841858,0.4490000009536743,0.017500000074505806
1787109119.8603964,resting,fast,1787109113.923551,-5.659999847412109,-8.420000076293945,17.780000686645508,-0.14350000023841858,0.4490000009536743,0.017500000074505806
1787109119.871391,resting,fast,1787109113.923551,-5.659999847412109,-8.420000076293945,17.780000686645508,-0.14350000023841858,0.4490000009536743,0.017500000074505806
1787109119.882262,resting,fast,1787109113.923551,-5.659999847412109,-8.420000076293945,17.780000686645508,-0.14350000023841858,0.4490000009536743,0.017500000074505806
1787109119.8935697,resting,fast,1787109113.923551,-5.659999847412109,-8.420000076293945,17.780000686645508,-0.14350000023841858,0.4490000009536743,0.017500000074505806
1787109119.904774,resting,fast,1787109113.923551,-5.659999847412109,-8.420000076293945,17.780000686645508,-0.14350000023841858,0.4490000009536743,0.017500000074505806
1787109119.9155743,resting,fast,1787109113.923551,-5.659999847412109,-8.420000076293945,17.780000686645508,-0.14350000023841858,0.4490000009536743,0.017500000074505806
1787109119.9265532,resting,fast,1787109113.923551,-5.659999847412109,-8.420000076293945,17.780000686645508,-0.14350000023841858,0.4490000009536743,0.017500000074505806
1787109119.938216,resting,fast,1787109113.923551,-5.659999847412109,-8.420000076293945,17.780000686645508,-0.14350000023841858,0.4490000009536743,0.017500000074505806
1787109119.9489923,resting,fast,1787109113.923551,-5.659999847412109,-8.420000076293945,17.780000686645508,-0.14350000023841858,0.4490000009536743,0.017500000074505806
1787109119.9600623,resting,fast,1787109113.923551,-5.71999979019165,-7.599999904632568,17.940000534057617,-0.12049999833106995,0.4584999978542328,-0.003000000026077032
1787109119.9706082,resting,fast,1787109113.923551,-5.71999979019165,-7.599999904632568,17.940000534057617,-0.12049999833106995,0.4584999978542328,-0.003000000026077032
1787109119.9811761,resting,fast,1787109113.923551,-5.71999979019165,-7.599999904632568,17.940000534057617,-0.12049999833106995,0.4584999978542328,-0.003000000026077032
1787109119.9916763,resting,fast,1787109113.923551,-5.71999979019165,-7.599999904632568,17.940000534057617,-0.12049999833106995,0.4584999978542328,-0.003000000026077032
1787109120.002329,resting,fast,1787109113.923551,-5.71999979019165,-7.599999904632568,17.940000534057617,-0.12049999833106995,0.4584999978542328,-0.003000000026077032
1787109120.0128,resting,fast,1787109113.923551,-5.71999979019165,-7.599999904632568,17.940000534057617,-0.12049999833106995,0.4584999978542328,-0.003000000026077032
1787109120.0233095,resting,fast,1787109113.923551,-5.71999979019165,-7.599999904632568,17.940000534057617,-0.12049999833106995,0.4584999978542328,-0.003000000026077032
1787109120.0338264,resting,fast,1787109113.923551,-5.71999979019165,-7.599999904632568,17.940000534057617,-0.12049999833106995,0.4584999978542328,-0.003000000026077032
1787109120.0443313,resting,fast,1787109113.923551,-5.71999979019165,-7.599999904632568,17.940000534057617,-0.12049999833106995,0.4584999978542328,-0.003000000026077032
1787109120.0548275,resting,fast,1787109113.923551,-5.71999979019165,-7.599999904632568,17.940000534057617,-0.12049999833106995,0.4584999978542328,-0.003000000026077032
1787109120.0653834,resting,fast,1787109113.923551,-5.71999979019165,-7.599999904632568,17.940000534057617,-0.12049999833106995,0.4584999978542328,-0.003000000026077032
1787109120.076018,resting,fast,1787109113.923551,-5.71999979019165,-7.599999904632568,17.940000534057617,-0.12049999833106995,0.4584999978542328,-0.003000000026077032
1787109120.086612,resting,fast,1787109113.923551,-5.71999979019165,-7.599999904632568,17.940000534057617,-0.12049999833106995,0.4584999978542328,-0.003000000026077032
1787109120.097089,resting,fast,1787109113.923551,-5.71999979019165,-7.599999904632568,17.940000534057617,-0.12049999833106995,0.4584999978542328,-0.003000000026077032
1787109120.1076097,resting,fast,1787109113.923551,-5.71999979019165,-7.599999904632568,17.940000534057617,-0.12049999833106995,0.4584999978542328,-0.003000000026077032
1787109120.1181245,resting,fast,1787109113.923551,-5.71999979019165,-7.599999904632568,17.940000534057617,-0.12049999833106995,0.4584999978542328,-0.003000000026077032
1787109120.128645,resting,fast,1787109113.923551,-5.71999979019165,-7.599999904632568,17.940000534057617,-0.12049999833106995,0.4584999978542328,-0.003000000026077032
1787109120.1391342,resting,fast,1787109113.923551,-5.71999979019165,-7.599999904632568,17.940000534057617,-0.12049999833106995,0.4584999978542328,-0.003000000026077032
1787109120.14969,resting,fast,1787109113.923551,-6.099999904632568,-8.100000381469727,18.639999389648438,-0.13650000095367432,0.46000000834465027,-0.0005000000237487257
1787109120.160149,resting,fast,1787109113.923551,-6.099999904632568,-8.100000381469727,18.639999389648438,-0.13650000095367432,0.46000000834465027,-0.0005000000237487257
1787109120.1706054,resting,fast,1787109113.923551,-6.099999904632568,-8.100000381469727,18.639999389648438,-0.13650000095367432,0.46000000834465027,-0.0005000000237487257
1787109120.1810699,resting,fast,1787109113.923551,-6.099999904632568,-8.100000381469727,18.639999389648438,-0.13650000095367432,0.46000000834465027,-0.0005000000237487257
1787109120.1915636,resting,fast,1787109113.923551,-6.099999904632568,-8.100000381469727,18.639999389648438,-0.13650000095367432,0.46000000834465027,-0.0005000000237487257
1787109120.202128,resting,fast,1787109113.923551,-6.099999904632568,-8.100000381469727,18.639999389648438,-0.13650000095367432,0.46000000834465027,-0.0005000000237487257
1787109120.2130048,resting,fast,1787109113.923551,-6.099999904632568,-8.100000381469727,18.639999389648438,-0.13650000095367432,0.46000000834465027,-0.0005000000237487257
1787109120.223635,resting,fast,1787109113.923551,-6.099999904632568,-8.100000381469727,18.639999389648438,-0.13650000095367432,0.46000000834465027,-0.0005000000237487257
1787109120.2344038,resting,fast,1787109113.923551,-6.099999904632568,-8.100000381469727,18.639999389648438,-0.13650000095367432,0.46000000834465027,-0.0005000000237487257
1787109120.245211,resting,fast,1787109113.923551,-6.099999904632568,-8.100000381469727,18.639999389648438,-0.13650000095367432,0.46000000834465027,-0.0005000000237487257
1787109120.25597,resting,fast,1787109113.923551,-6.099999904632568,-8.100000381469727,18.639999389648438,-0.13650000095367432,0.46000000834465027,-0.0005000000237487257
1787109120.2664592,resting,fast,1787109113.923551,-6.099999904632568,-8.100000381469727,18.639999389648438,-0.13650000095367432,0.46000000834465027,-0.0005000000237487257
1787109120.2773101,resting,fast,1787109113.923551,-6.099999904632568,-8.100000381469727,18.639999389648438,-0.13650000095367432,0.46000000834465027,-0.0005000000237487257
1787109120.2881515,resting,fast,1787109113.923551,-6.099999904632568,-8.100000381469727,18.639999389648438,-0.13650000095367432,0.46000000834465027,-0.0005000000237487257
1787109120.299267,resting,fast,1787109113.923551,-6.099999904632568,-8.100000381469727,18.639999389648438,-0.13650000095367432,0.46000000834465027,-0.0005000000237487257
1787109120.3101425,resting,fast,1787109113.923551,-6.099999904632568,-8.100000381469727,18.639999389648438,-0.13650000095367432,0.46000000834465027,-0.0005000000237487257
1787109120.320743,resting,fast,1787109113.923551,-6.099999904632568,-8.100000381469727,18.639999389648438,-0.13650000095367432,0.46000000834465027,-0.0005000000237487257
1787109120.3328502,resting,fast,1787109113.923551,-6.099999904632568,-8.100000381469727,18.639999389648438,-0.13650000095367432,0.46000000834465027,-0.0005000000237487257
1787109120.3436995,resting,fast,1787109113.923551,-6.099999904632568,-8.100000381469727,18.639999389648438,-0.13650000095367432,0.46000000834465027,-0.0005000000237487257
1787109120.3542464,resting,fast,1787109113.923551,-5.360000133514404,-8.399999618530273,17.979999542236328,-0.14399999380111694,0.44200000166893005,0.017999999225139618
1787109120.365164,resting,fast,1787109113.923551,-5.360000133514404,-8.399999618530273,17.979999542236328,-0.14399999380111694,0.44200000166893005,0.017999999225139618
1787109120.3757765,resting,fast,1787109113.923551,-5.360000133514404,-8.399999618530273,17.979999542236328,-0.14399999380111694,0.44200000166893005,0.017999999225139618
1787109120.386706,resting,fast,1787109113.923551,-5.360000133514404,-8.399999618530273,17.979999542236328,-0.14399999380111694,0.44200000166893005,0.017999999225139618
1787109120.397467,resting,fast,1787109113.923551,-5.360000133514404,-8.399999618530273,17.979999542236328,-0.14399999380111694,0.44200000166893005,0.017999999225139618
1787109120.40962,resting,fast,1787109113.923551,-5.360000133514404,-8.399999618530273,17.979999542236328,-0.14399999380111694,0.44200000166893005,0.017999999225139618
1787109120.4205973,resting,fast,1787109113.923551,-5.360000133514404,-8.399999618530273,17.979999542236328,-0.14399999380111694,0.44200000166893005,0.017999999225139618
1787109120.4328825,resting,fast,1787109113.923551,-5.360000133514404,-8.399999618530273,17.979999542236328,-0.14399999380111694,0.44200000166893005,0.017999999225139618
1787109120.4437315,resting,fast,1787109113.923551,-5.360000133514404,-8.399999618530273,17.979999542236328,-0.14399999380111694,0.44200000166893005,0.017999999225139618
1787109120.4546185,resting,fast,1787109113.923551,-5.360000133514404,-8.399999618530273,17.979999542236328,-0.14399999380111694,0.44200000166893005,0.017999999225139618
1787109120.4659882,resting,fast,1787109113.923551,-5.360000133514404,-8.399999618530273,17.979999542236328,-0.14399999380111694,0.44200000166893005,0.017999999225139618
1787109120.4767156,resting,fast,1787109113.923551,-5.360000133514404,-8.399999618530273,17.979999542236328,-0.14399999380111694,0.44200000166893005,0.017999999225139618
1787109120.487463,resting,fast,1787109113.923551,-5.360000133514404,-8.399999618530273,17.979999542236328,-0.14399999380111694,0.44200000166893005,0.017999999225139618
1787109120.4993546,resting,fast,1787109113.923551,-5.360000133514404,-8.399999618530273,17.979999542236328,-0.14399999380111694,0.44200000166893005,0.017999999225139618
1787109120.5102658,resting,fast,1787109113.923551,-5.360000133514404,-8.399999618530273,17.979999542236328,-0.14399999380111694,0.44200000166893005,0.017999999225139618
1787109120.521252,resting,fast,1787109113.923551,-5.360000133514404,-8.399999618530273,17.979999542236328,-0.14399999380111694,0.44200000166893005,0.017999999225139618
1787109120.5328827,resting,fast,1787109113.923551,-5.360000133514404,-8.399999618530273,17.979999542236328,-0.14399999380111694,0.44200000166893005,0.017999999225139618
1787109120.5439076,resting,fast,1787109113.923551,-5.360000133514404,-8.399999618530273,17.979999542236328,-0.14399999380111694,0.44200000166893005,0.017999999225139618
1787109120.5550113,resting,fast,1787109113.923551,-5.559999942779541,-8.34000015258789,18.079999923706055,-0.13349999487400055,0.43849998712539673,0.00800000037997961
1787109120.5660257,resting,fast,1787109113.923551,-5.559999942779541,-8.34000015258789,18.079999923706055,-0.13349999487400055,0.43849998712539673,0.00800000037997961
1787109120.5769372,resting,fast,1787109113.923551,-5.559999942779541,-8.34000015258789,18.079999923706055,-0.13349999487400055,0.43849998712539673,0.00800000037997961
1787109120.5878708,resting,fast,1787109113.923551,-5.559999942779541,-8.34000015258789,18.079999923706055,-0.13349999487400055,0.43849998712539673,0.00800000037997961
1787109120.5987213,resting,fast,1787109113.923551,-5.559999942779541,-8.34000015258789,18.079999923706055,-0.13349999487400055,0.43849998712539673,0.00800000037997961
1787109120.6098719,resting,fast,1787109113.923551,-5.559999942779541,-8.34000015258789,18.079999923706055,-0.13349999487400055,0.43849998712539673,0.00800000037997961
1787109120.6209526,resting,fast,1787109113.923551,-5.559999942779541,-8.34000015258789,18.079999923706055,-0.13349999487400055,0.43849998712539673,0.00800000037997961
1787109120.6319869,resting,fast,1787109113.923551,-5.559999942779541,-8.34000015258789,18.079999923706055,-0.13349999487400055,0.43849998712539673,0.00800000037997961
1787109120.6434245,resting,fast,1787109113.923551,-5.559999942779541,-8.34000015258789,18.079999923706055,-0.13349999487400055,0.43849998712539673,0.00800000037997961
1787109120.6544023,resting,fast,1787109113.923551,-5.559999942779541,-8.34000015258789,18.079999923706055,-0.13349999487400055,0.43849998712539673,0.00800000037997961
1787109120.6655865,resting,fast,1787109113.923551,-5.559999942779541,-8.34000015258789,18.079999923706055,-0.13349999487400055,0.43849998712539673,0.00800000037997961
1787109120.6767793,resting,fast,1787109113.923551,-5.559999942779541,-8.34000015258789,18.079999923706055,-0.13349999487400055,0.43849998712539673,0.00800000037997961
1787109120.6878922,resting,fast,1787109113.923551,-5.559999942779541,-8.34000015258789,18.079999923706055,-0.13349999487400055,0.43849998712539673,0.00800000037997961
1787109120.6990395,resting,fast,1787109113.923551,-5.559999942779541,-8.34000015258789,18.079999923706055,-0.13349999487400055,0.43849998712539673,0.00800000037997961
1787109120.710145,resting,fast,1787109113.923551,-5.559999942779541,-8.34000015258789,18.079999923706055,-0.13349999487400055,0.43849998712539673,0.00800000037997961
1787109120.7213268,resting,fast,1787109113.923551,-5.559999942779541,-8.34000015258789,18.079999923706055,-0.13349999487400055,0.43849998712539673,0.00800000037997961
1787109120.732406,resting,fast,1787109113.923551,-5.559999942779541,-8.34000015258789,18.079999923706055,-0.13349999487400055,0.43849998712539673,0.00800000037997961
1787109120.7432783,resting,fast,1787109113.923551,-5.559999942779541,-8.34000015258789,18.079999923706055,-0.13349999487400055,0.43849998712539673,0.00800000037997961
1787109120.7542982,resting,fast,1787109113.923551,-5.579999923706055,-8.520000457763672,17.84000015258789,-0.1315000057220459,0.44749999046325684,0.020500000566244125
1787109120.7653623,resting,fast,1787109113.923551,-5.579999923706055,-8.520000457763672,17.84000015258789,-0.1315000057220459,0.44749999046325684,0.020500000566244125
1787109120.7765205,resting,fast,1787109113.923551,-5.579999923706055,-8.520000457763672,17.84000015258789,-0.1315000057220459,0.44749999046325684,0.020500000566244125
1787109120.7878025,resting,fast,1787109113.923551,-5.579999923706055,-8.520000457763672,17.84000015258789,-0.1315000057220459,0.44749999046325684,0.020500000566244125
1787109120.7988524,resting,fast,1787109113.923551,-5.579999923706055,-8.520000457763672,17.84000015258789,-0.1315000057220459,0.44749999046325684,0.020500000566244125
1787109120.809893,resting,fast,1787109113.923551,-5.579999923706055,-8.520000457763672,17.84000015258789,-0.1315000057220459,0.44749999046325684,0.020500000566244125
1787109120.8211536,resting,fast,1787109113.923551,-5.579999923706055,-8.520000457763672,17.84000015258789,-0.1315000057220459,0.44749999046325684,0.020500000566244125
1787109120.832007,resting,fast,1787109113.923551,-5.579999923706055,-8.520000457763672,17.84000015258789,-0.1315000057220459,0.44749999046325684,0.020500000566244125
1787109120.8432684,resting,fast,1787109113.923551,-5.579999923706055,-8.520000457763672,17.84000015258789,-0.1315000057220459,0.44749999046325684,0.020500000566244125
1787109120.8544362,resting,fast,1787109113.923551,-5.579999923706055,-8.520000457763672,17.84000015258789,-0.1315000057220459,0.44749999046325684,0.020500000566244125
1787109120.8655186,resting,fast,1787109113.923551,-5.579999923706055,-8.520000457763672,17.84000015258789,-0.1315000057220459,0.44749999046325684,0.020500000566244125
1787109120.8764682,resting,fast,1787109113.923551,-5.579999923706055,-8.520000457763672,17.84000015258789,-0.1315000057220459,0.44749999046325684,0.020500000566244125
1787109120.8876104,resting,fast,1787109113.923551,-5.579999923706055,-8.520000457763672,17.84000015258789,-0.1315000057220459,0.44749999046325684,0.020500000566244125
1787109120.898737,resting,fast,1787109113.923551,-5.579999923706055,-8.520000457763672,17.84000015258789,-0.1315000057220459,0.44749999046325684,0.020500000566244125
1787109120.910042,resting,fast,1787109113.923551,-5.579999923706055,-8.520000457763672,17.84000015258789,-0.1315000057220459,0.44749999046325684,0.020500000566244125
1787109120.921281,resting,fast,1787109113.923551,-5.579999923706055,-8.520000457763672,17.84000015258789,-0.1315000057220459,0.44749999046325684,0.020500000566244125
1787109120.932401,resting,fast,1787109113.923551,-5.579999923706055,-8.520000457763672,17.84000015258789,-0.1315000057220459,0.44749999046325684,0.020500000566244125
1787109120.9434738,resting,fast,1787109113.923551,-5.579999923706055,-8.520000457763672,17.84000015258789,-0.1315000057220459,0.44749999046325684,0.020500000566244125
1787109120.954403,resting,fast,1787109113.923551,-6.099999904632568,-8.100000381469727,18.81999969482422,-0.13850000500679016,0.4519999921321869,0.005499999970197678
1787109120.9654167,resting,fast,1787109113.923551,-6.099999904632568,-8.100000381469727,18.81999969482422,-0.13850000500679016,0.4519999921321869,0.005499999970197678
1787109120.9765263,resting,fast,1787109113.923551,-6.099999904632568,-8.100000381469727,18.81999969482422,-0.13850000500679016,0.4519999921321869,0.005499999970197678
1787109120.987478,resting,fast,1787109113.923551,-6.099999904632568,-8.100000381469727,18.81999969482422,-0.13850000500679016,0.4519999921321869,0.005499999970197678
1787109120.9985995,resting,fast,1787109113.923551,-6.099999904632568,-8.100000381469727,18.81999969482422,-0.13850000500679016,0.4519999921321869,0.005499999970197678
1787109121.009712,resting,fast,1787109113.923551,-6.099999904632568,-8.100000381469727,18.81999969482422,-0.13850000500679016,0.4519999921321869,0.005499999970197678
1787109121.020751,resting,fast,1787109113.923551,-6.099999904632568,-8.100000381469727,18.81999969482422,-0.13850000500679016,0.4519999921321869,0.005499999970197678
1787109121.032014,resting,fast,1787109113.923551,-6.099999904632568,-8.100000381469727,18.81999969482422,-0.13850000500679016,0.4519999921321869,0.005499999970197678
1787109121.043093,resting,fast,1787109113.923551,-6.099999904632568,-8.100000381469727,18.81999969482422,-0.13850000500679016,0.4519999921321869,0.005499999970197678
1787109121.0542839,resting,fast,1787109113.923551,-6.099999904632568,-8.100000381469727,18.81999969482422,-0.13850000500679016,0.4519999921321869,0.005499999970197678
1787109121.0655284,resting,fast,1787109113.923551,-6.099999904632568,-8.100000381469727,18.81999969482422,-0.13850000500679016,0.4519999921321869,0.005499999970197678
1787109121.076562,resting,fast,1787109113.923551,-6.099999904632568,-8.100000381469727,18.81999969482422,-0.13850000500679016,0.4519999921321869,0.005499999970197678
1787109121.0873759,resting,fast,1787109113.923551,-6.099999904632568,-8.100000381469727,18.81999969482422,-0.13850000500679016,0.4519999921321869,0.005499999970197678
1787109121.0981042,resting,fast,1787109113.923551,-6.099999904632568,-8.100000381469727,18.81999969482422,-0.13850000500679016,0.4519999921321869,0.005499999970197678
1787109121.1090298,resting,fast,1787109113.923551,-6.099999904632568,-8.100000381469727,18.81999969482422,-0.13850000500679016,0.4519999921321869,0.005499999970197678
1787109121.1203809,resting,fast,1787109113.923551,-6.099999904632568,-8.100000381469727,18.81999969482422,-0.13850000500679016,0.4519999921321869,0.005499999970197678
1787109121.1313076,resting,fast,1787109113.923551,-6.099999904632568,-8.100000381469727,18.81999969482422,-0.13850000500679016,0.4519999921321869,0.005499999970197678
1787109121.1424482,resting,fast,1787109113.923551,-6.099999904632568,-8.100000381469727,18.81999969482422,-0.13850000500679016,0.4519999921321869,0.005499999970197678
1787109121.153496,resting,fast,1787109113.923551,-5.860000133514404,-8.359999656677246,18.059999465942383,-0.14650000631809235,0.46000000834465027,0.003000000026077032
1787109121.1648142,resting,fast,1787109113.923551,-5.860000133514404,-8.359999656677246,18.059999465942383,-0.14650000631809235,0.46000000834465027,0.003000000026077032
1787109121.175839,resting,fast,1787109113.923551,-5.860000133514404,-8.359999656677246,18.059999465942383,-0.14650000631809235,0.46000000834465027,0.003000000026077032
1787109121.1867766,resting,fast,1787109113.923551,-5.860000133514404,-8.359999656677246,18.059999465942383,-0.14650000631809235,0.46000000834465027,0.003000000026077032
1787109121.1978016,resting,fast,1787109113.923551,-5.860000133514404,-8.359999656677246,18.059999465942383,-0.14650000631809235,0.46000000834465027,0.003000000026077032
1787109121.2087436,resting,fast,1787109113.923551,-5.860000133514404,-8.359999656677246,18.059999465942383,-0.14650000631809235,0.46000000834465027,0.003000000026077032
1787109121.2197552,resting,fast,1787109113.923551,-5.860000133514404,-8.359999656677246,18.059999465942383,-0.14650000631809235,0.46000000834465027,0.003000000026077032
1787109121.2307444,resting,fast,1787109113.923551,-5.860000133514404,-8.359999656677246,18.059999465942383,-0.14650000631809235,0.46000000834465027,0.003000000026077032
1787109121.2417672,resting,fast,1787109113.923551,-5.860000133514404,-8.359999656677246,18.059999465942383,-0.14650000631809235,0.46000000834465027,0.003000000026077032
1787109121.2530017,resting,fast,1787109113.923551,-5.860000133514404,-8.359999656677246,18.059999465942383,-0.14650000631809235,0.46000000834465027,0.003000000026077032
1787109121.264252,resting,fast,1787109113.923551,-5.860000133514404,-8.359999656677246,18.059999465942383,-0.14650000631809235,0.46000000834465027,0.003000000026077032
1787109121.2753792,resting,fast,1787109113.923551,-5.860000133514404,-8.359999656677246,18.059999465942383,-0.14650000631809235,0.46000000834465027,0.003000000026077032
1787109121.2864363,resting,fast,1787109113.923551,-5.860000133514404,-8.359999656677246,18.059999465942383,-0.14650000631809235,0.46000000834465027,0.003000000026077032
1787109121.2974515,resting,fast,1787109113.923551,-5.860000133514404,-8.359999656677246,18.059999465942383,-0.14650000631809235,0.46000000834465027,0.003000000026077032
1787109121.3083832,resting,fast,1787109113.923551,-5.860000133514404,-8.359999656677246,18.059999465942383,-0.14650000631809235,0.46000000834465027,0.003000000026077032
1787109121.3194504,resting,fast,1787109113.923551,-5.860000133514404,-8.359999656677246,18.059999465942383,-0.14650000631809235,0.46000000834465027,0.003000000026077032
1787109121.3302283,resting,fast,1787109113.923551,-5.860000133514404,-8.359999656677246,18.059999465942383,-0.14650000631809235,0.46000000834465027,0.003000000026077032
1787109121.3410401,resting,fast,1787109113.923551,-5.860000133514404,-8.359999656677246,18.059999465942383,-0.14650000631809235,0.46000000834465027,0.003000000026077032
1787109121.3522682,resting,fast,1787109113.923551,-5.900000095367432,-8.220000267028809,17.600000381469727,-0.13600000739097595,0.4375,0.010499999858438969
1787109121.363435,resting,fast,1787109113.923551,-5.900000095367432,-8.220000267028809,17.600000381469727,-0.13600000739097595,0.4375,0.010499999858438969
1787109121.3746264,resting,fast,1787109113.923551,-5.900000095367432,-8.220000267028809,17.600000381469727,-0.13600000739097595,0.4375,0.010499999858438969
1787109121.3857868,resting,fast,1787109113.923551,-5.900000095367432,-8.220000267028809,17.600000381469727,-0.13600000739097595,0.4375,0.010499999858438969
1787109121.3969784,resting,fast,1787109113.923551,-5.900000095367432,-8.220000267028809,17.600000381469727,-0.13600000739097595,0.4375,0.010499999858438969
1787109121.4083729,resting,fast,1787109113.923551,-5.900000095367432,-8.220000267028809,17.600000381469727,-0.13600000739097595,0.4375,0.010499999858438969
1787109121.4194095,resting,fast,1787109113.923551,-5.900000095367432,-8.220000267028809,17.600000381469727,-0.13600000739097595,0.4375,0.010499999858438969
1787109121.430563,resting,fast,1787109113.923551,-5.900000095367432,-8.220000267028809,17.600000381469727,-0.13600000739097595,0.4375,0.010499999858438969
1787109121.4414783,resting,fast,1787109113.923551,-5.900000095367432,-8.220000267028809,17.600000381469727,-0.13600000739097595,0.4375,0.010499999858438969
1787109121.452579,resting,fast,1787109113.923551,-5.900000095367432,-8.220000267028809,17.600000381469727,-0.13600000739097595,0.4375,0.010499999858438969
1787109121.4633877,resting,fast,1787109113.923551,-5.900000095367432,-8.220000267028809,17.600000381469727,-0.13600000739097595,0.4375,0.010499999858438969
1787109121.4744287,resting,fast,1787109113.923551,-5.900000095367432,-8.220000267028809,17.600000381469727,-0.13600000739097595,0.4375,0.010499999858438969
1787109121.4854884,resting,fast,1787109113.923551,-5.900000095367432,-8.220000267028809,17.600000381469727,-0.13600000739097595,0.4375,0.010499999858438969
1787109121.4966524,resting,fast,1787109113.923551,-5.900000095367432,-8.220000267028809,17.600000381469727,-0.13600000739097595,0.4375,0.010499999858438969
1787109121.5078146,resting,fast,1787109113.923551,-5.900000095367432,-8.220000267028809,17.600000381469727,-0.13600000739097595,0.4375,0.010499999858438969
1787109121.519007,resting,fast,1787109113.923551,-5.900000095367432,-8.220000267028809,17.600000381469727,-0.13600000739097595,0.4375,0.010499999858438969
1787109121.530373,resting,fast,1787109113.923551,-5.900000095367432,-8.220000267028809,17.600000381469727,-0.13600000739097595,0.4375,0.010499999858438969
1787109121.5415905,resting,fast,1787109113.923551,-5.900000095367432,-8.220000267028809,17.600000381469727,-0.13600000739097595,0.4375,0.010499999858438969
1787109121.5527015,resting,fast,1787109113.923551,-5.659999847412109,-8.739999771118164,17.940000534057617,-0.13699999451637268,0.4519999921321869,0.011500000022351742
1787109121.563736,resting,fast,1787109113.923551,-5.659999847412109,-8.739999771118164,17.940000534057617,-0.13699999451637268,0.4519999921321869,0.011500000022351742
1787109121.575039,resting,fast,1787109113.923551,-5.659999847412109,-8.739999771118164,17.940000534057617,-0.13699999451637268,0.4519999921321869,0.011500000022351742
1787109121.5862617,resting,fast,1787109113.923551,-5.659999847412109,-8.739999771118164,17.940000534057617,-0.13699999451637268,0.4519999921321869,0.011500000022351742
1787109121.597358,resting,fast,1787109113.923551,-5.659999847412109,-8.739999771118164,17.940000534057617,-0.13699999451637268,0.4519999921321869,0.011500000022351742
1787109121.6087077,resting,fast,1787109113.923551,-5.659999847412109,-8.739999771118164,17.940000534057617,-0.13699999451637268,0.4519999921321869,0.011500000022351742
1787109121.6197453,resting,fast,1787109113.923551,-5.659999847412109,-8.739999771118164,17.940000534057617,-0.13699999451637268,0.4519999921321869,0.011500000022351742
1787109121.6308157,resting,fast,1787109113.923551,-5.659999847412109,-8.739999771118164,17.940000534057617,-0.13699999451637268,0.4519999921321869,0.011500000022351742
1787109121.6418447,resting,fast,1787109113.923551,-5.659999847412109,-8.739999771118164,17.940000534057617,-0.13699999451637268,0.4519999921321869,0.011500000022351742
1787109121.653009,resting,fast,1787109113.923551,-5.659999847412109,-8.739999771118164,17.940000534057617,-0.13699999451637268,0.4519999921321869,0.011500000022351742
1787109121.6639867,resting,fast,1787109113.923551,-5.659999847412109,-8.739999771118164,17.940000534057617,-0.13699999451637268,0.4519999921321869,0.011500000022351742
1787109121.6749964,resting,fast,1787109113.923551,-5.659999847412109,-8.739999771118164,17.940000534057617,-0.13699999451637268,0.4519999921321869,0.011500000022351742
1787109121.686068,resting,fast,1787109113.923551,-5.659999847412109,-8.739999771118164,17.940000534057617,-0.13699999451637268,0.4519999921321869,0.011500000022351742
1787109121.6970963,resting,fast,1787109113.923551,-5.659999847412109,-8.739999771118164,17.940000534057617,-0.13699999451637268,0.4519999921321869,0.011500000022351742
1787109121.7081347,resting,fast,1787109113.923551,-5.659999847412109,-8.739999771118164,17.940000534057617,-0.13699999451637268,0.4519999921321869,0.011500000022351742
1787109121.719208,resting,fast,1787109113.923551,-5.659999847412109,-8.739999771118164,17.940000534057617,-0.13699999451637268,0.4519999921321869,0.011500000022351742
1787109121.7303712,resting,fast,1787109113.923551,-5.659999847412109,-8.739999771118164,17.940000534057617,-0.13699999451637268,0.4519999921321869,0.011500000022351742
1787109121.7413924,resting,fast,1787109113.923551,-5.659999847412109,-8.739999771118164,17.940000534057617,-0.13699999451637268,0.4519999921321869,0.011500000022351742
1787109121.7524643,resting,fast,1787109113.923551,-5.619999885559082,-8.4399995803833,18.760000228881836,-0.1615000069141388,0.4584999978542328,0.011500000022351742
1787109121.7631748,resting,fast,1787109113.923551,-5.619999885559082,-8.4399995803833,18.760000228881836,-0.1615000069141388,0.4584999978542328,0.011500000022351742
1787109121.7742603,resting,fast,1787109113.923551,-5.619999885559082,-8.4399995803833,18.760000228881836,-0.1615000069141388,0.4584999978542328,0.011500000022351742
1787109121.785573,resting,fast,1787109113.923551,-5.619999885559082,-8.4399995803833,18.760000228881836,-0.1615000069141388,0.4584999978542328,0.011500000022351742
1787109121.7965636,resting,fast,1787109113.923551,-5.619999885559082,-8.4399995803833,18.760000228881836,-0.1615000069141388,0.4584999978542328,0.011500000022351742
1787109121.8075879,resting,fast,1787109113.923551,-5.619999885559082,-8.4399995803833,18.760000228881836,-0.1615000069141388,0.4584999978542328,0.011500000022351742
1787109121.8185103,resting,fast,1787109113.923551,-5.619999885559082,-8.4399995803833,18.760000228881836,-0.1615000069141388,0.4584999978542328,0.011500000022351742
1787109121.8293502,resting,fast,1787109113.923551,-5.619999885559082,-8.4399995803833,18.760000228881836,-0.1615000069141388,0.4584999978542328,0.011500000022351742
1787109121.8400059,resting,fast,1787109113.923551,-5.619999885559082,-8.4399995803833,18.760000228881836,-0.1615000069141388,0.4584999978542328,0.011500000022351742
1787109121.8505971,resting,fast,1787109113.923551,-5.619999885559082,-8.4399995803833,18.760000228881836,-0.1615000069141388,0.4584999978542328,0.011500000022351742
1787109121.8610997,resting,fast,1787109113.923551,-5.619999885559082,-8.4399995803833,18.760000228881836,-0.1615000069141388,0.4584999978542328,0.011500000022351742
1787109121.8716693,resting,fast,1787109113.923551,-5.619999885559082,-8.4399995803833,18.760000228881836,-0.1615000069141388,0.4584999978542328,0.011500000022351742
1787109121.8821948,resting,fast,1787109113.923551,-5.619999885559082,-8.4399995803833,18.760000228881836,-0.1615000069141388,0.4584999978542328,0.011500000022351742
1787109121.8926768,resting,fast,1787109113.923551,-5.619999885559082,-8.4399995803833,18.760000228881836,-0.1615000069141388,0.4584999978542328,0.011500000022351742
1787109121.903159,resting,fast,1787109113.923551,-5.619999885559082,-8.4399995803833,18.760000228881836,-0.1615000069141388,0.4584999978542328,0.011500000022351742
1787109121.9136493,resting,fast,1787109113.923551,-5.619999885559082,-8.4399995803833,18.760000228881836,-0.1615000069141388,0.4584999978542328,0.011500000022351742
1787109121.9241486,resting,fast,1787109113.923551,-5.619999885559082,-8.4399995803833,18.760000228881836,-0.1615000069141388,0.4584999978542328,0.011500000022351742
1787109121.934662,resting,fast,1787109113.923551,-5.619999885559082,-8.4399995803833,18.760000228881836,-0.1615000069141388,0.4584999978542328,0.011500000022351742
1787109121.9451432,resting,fast,1787109113.923551,-5.619999885559082,-8.4399995803833,18.760000228881836,-0.1615000069141388,0.4584999978542328,0.011500000022351742
1787109121.955641,resting,fast,1787109113.923551,-5.78000020980835,-7.71999979019165,18.079999923706055,-0.11299999803304672,0.460999995470047,0.020500000566244125
1787109121.9661224,resting,fast,1787109113.923551,-5.78000020980835,-7.71999979019165,18.079999923706055,-0.11299999803304672,0.460999995470047,0.020500000566244125
1787109121.9766123,resting,fast,1787109113.923551,-5.78000020980835,-7.71999979019165,18.079999923706055,-0.11299999803304672,0.460999995470047,0.020500000566244125
1787109121.9874597,resting,fast,1787109113.923551,-5.78000020980835,-7.71999979019165,18.079999923706055,-0.11299999803304672,0.460999995470047,0.020500000566244125
1787109121.9986641,resting,fast,1787109113.923551,-5.78000020980835,-7.71999979019165,18.079999923706055,-0.11299999803304672,0.460999995470047,0.020500000566244125
1787109122.0095263,resting,fast,1787109113.923551,-5.78000020980835,-7.71999979019165,18.079999923706055,-0.11299999803304672,0.460999995470047,0.020500000566244125
1787109122.0206513,resting,fast,1787109113.923551,-5.78000020980835,-7.71999979019165,18.079999923706055,-0.11299999803304672,0.460999995470047,0.020500000566244125
1787109122.0317557,resting,fast,1787109113.923551,-5.78000020980835,-7.71999979019165,18.079999923706055,-0.11299999803304672,0.460999995470047,0.020500000566244125
1787109122.042565,resting,fast,1787109113.923551,-5.78000020980835,-7.71999979019165,18.079999923706055,-0.11299999803304672,0.460999995470047,0.020500000566244125
1787109122.0540767,resting,fast,1787109113.923551,-5.78000020980835,-7.71999979019165,18.079999923706055,-0.11299999803304672,0.460999995470047,0.020500000566244125
1787109122.0651026,resting,fast,1787109113.923551,-5.78000020980835,-7.71999979019165,18.079999923706055,-0.11299999803304672,0.460999995470047,0.020500000566244125
1787109122.0761876,resting,fast,1787109113.923551,-5.78000020980835,-7.71999979019165,18.079999923706055,-0.11299999803304672,0.460999995470047,0.020500000566244125
1787109122.0873752,resting,fast,1787109113.923551,-5.78000020980835,-7.71999979019165,18.079999923706055,-0.11299999803304672,0.460999995470047,0.020500000566244125
1787109122.0982726,resting,fast,1787109113.923551,-5.78000020980835,-7.71999979019165,18.079999923706055,-0.11299999803304672,0.460999995470047,0.020500000566244125
1787109122.1091542,resting,fast,1787109113.923551,-5.78000020980835,-7.71999979019165,18.079999923706055,-0.11299999803304672,0.460999995470047,0.020500000566244125
1787109122.1204455,resting,fast,1787109113.923551,-5.78000020980835,-7.71999979019165,18.079999923706055,-0.11299999803304672,0.460999995470047,0.020500000566244125
1787109122.131116,resting,fast,1787109113.923551,-5.78000020980835,-7.71999979019165,18.079999923706055,-0.11299999803304672,0.460999995470047,0.020500000566244125
1787109122.1419034,resting,fast,1787109113.923551,-5.78000020980835,-7.71999979019165,18.079999923706055,-0.11299999803304672,0.460999995470047,0.020500000566244125
1787109122.1540556,resting,fast,1787109113.923551,-5.900000095367432,-8.34000015258789,17.65999984741211,-0.12999999523162842,0.4480000138282776,0.003000000026077032
1787109122.164765,resting,fast,1787109113.923551,-5.900000095367432,-8.34000015258789,17.65999984741211,-0.12999999523162842,0.4480000138282776,0.003000000026077032
1787109122.175245,resting,fast,1787109113.923551,-5.900000095367432,-8.34000015258789,17.65999984741211,-0.12999999523162842,0.4480000138282776,0.003000000026077032
1787109122.187121,resting,fast,1787109113.923551,-5.900000095367432,-8.34000015258789,17.65999984741211,-0.12999999523162842,0.4480000138282776,0.003000000026077032
1787109122.1979406,resting,fast,1787109113.923551,-5.900000095367432,-8.34000015258789,17.65999984741211,-0.12999999523162842,0.4480000138282776,0.003000000026077032
1787109122.20876,resting,fast,1787109113.923551,-5.900000095367432,-8.34000015258789,17.65999984741211,-0.12999999523162842,0.4480000138282776,0.003000000026077032
1787109122.22052,resting,fast,1787109113.923551,-5.900000095367432,-8.34000015258789,17.65999984741211,-0.12999999523162842,0.4480000138282776,0.003000000026077032
1787109122.2315412,resting,fast,1787109113.923551,-5.900000095367432,-8.34000015258789,17.65999984741211,-0.12999999523162842,0.4480000138282776,0.003000000026077032
1787109122.242771,resting,fast,1787109113.923551,-5.900000095367432,-8.34000015258789,17.65999984741211,-0.12999999523162842,0.4480000138282776,0.003000000026077032
1787109122.2538662,resting,fast,1787109113.923551,-5.900000095367432,-8.34000015258789,17.65999984741211,-0.12999999523162842,0.4480000138282776,0.003000000026077032
1787109122.2646537,resting,fast,1787109113.923551,-5.900000095367432,-8.34000015258789,17.65999984741211,-0.12999999523162842,0.4480000138282776,0.003000000026077032
1787109122.2755866,resting,fast,1787109113.923551,-5.900000095367432,-8.34000015258789,17.65999984741211,-0.12999999523162842,0.4480000138282776,0.003000000026077032
1787109122.2873878,resting,fast,1787109113.923551,-5.900000095367432,-8.34000015258789,17.65999984741211,-0.12999999523162842,0.4480000138282776,0.003000000026077032
1787109122.2987425,resting,fast,1787109113.923551,-5.900000095367432,-8.34000015258789,17.65999984741211,-0.12999999523162842,0.4480000138282776,0.003000000026077032
1787109122.309924,resting,fast,1787109113.923551,-5.900000095367432,-8.34000015258789,17.65999984741211,-0.12999999523162842,0.4480000138282776,0.003000000026077032
1787109122.3211484,resting,fast,1787109113.923551,-5.900000095367432,-8.34000015258789,17.65999984741211,-0.12999999523162842,0.4480000138282776,0.003000000026077032
1787109122.3322482,resting,fast,1787109113.923551,-5.900000095367432,-8.34000015258789,17.65999984741211,-0.12999999523162842,0.4480000138282776,0.003000000026077032
1787109122.3433356,resting,fast,1787109113.923551,-5.900000095367432,-8.34000015258789,17.65999984741211,-0.12999999523162842,0.4480000138282776,0.003000000026077032
1787109122.3543773,resting,fast,1787109113.923551,-5.400000095367432,-8.199999809265137,18.260000228881836,-0.15199999511241913,0.4424999952316284,0.012000000104308128
1787109122.3652472,resting,fast,1787109113.923551,-5.400000095367432,-8.199999809265137,18.260000228881836,-0.15199999511241913,0.4424999952316284,0.012000000104308128
1787109122.3761852,resting,fast,1787109113.923551,-5.400000095367432,-8.199999809265137,18.260000228881836,-0.15199999511241913,0.4424999952316284,0.012000000104308128
1787109122.3872285,resting,fast,1787109113.923551,-5.400000095367432,-8.199999809265137,18.260000228881836,-0.15199999511241913,0.4424999952316284,0.012000000104308128
1787109122.3980374,resting,fast,1787109113.923551,-5.400000095367432,-8.199999809265137,18.260000228881836,-0.15199999511241913,0.4424999952316284,0.012000000104308128
1787109122.4091053,resting,fast,1787109113.923551,-5.400000095367432,-8.199999809265137,18.260000228881836,-0.15199999511241913,0.4424999952316284,0.012000000104308128
1787109122.4200816,resting,fast,1787109113.923551,-5.400000095367432,-8.199999809265137,18.260000228881836,-0.15199999511241913,0.4424999952316284,0.012000000104308128
1787109122.4313335,resting,fast,1787109113.923551,-5.400000095367432,-8.199999809265137,18.260000228881836,-0.15199999511241913,0.4424999952316284,0.012000000104308128
1787109122.4422398,resting,fast,1787109113.923551,-5.400000095367432,-8.199999809265137,18.260000228881836,-0.15199999511241913,0.4424999952316284,0.012000000104308128
1787109122.4532862,resting,fast,1787109113.923551,-5.400000095367432,-8.199999809265137,18.260000228881836,-0.15199999511241913,0.4424999952316284,0.012000000104308128
1787109122.4640033,resting,fast,1787109113.923551,-5.400000095367432,-8.199999809265137,18.260000228881836,-0.15199999511241913,0.4424999952316284,0.012000000104308128
1787109122.4746838,resting,fast,1787109113.923551,-5.400000095367432,-8.199999809265137,18.260000228881836,-0.15199999511241913,0.4424999952316284,0.012000000104308128
1787109122.4860475,resting,fast,1787109113.923551,-5.400000095367432,-8.199999809265137,18.260000228881836,-0.15199999511241913,0.4424999952316284,0.012000000104308128
1787109122.4971185,resting,fast,1787109113.923551,-5.400000095367432,-8.199999809265137,18.260000228881836,-0.15199999511241913,0.4424999952316284,0.012000000104308128
1787109122.5083132,resting,fast,1787109113.923551,-5.400000095367432,-8.199999809265137,18.260000228881836,-0.15199999511241913,0.4424999952316284,0.012000000104308128
1787109122.5191636,resting,fast,1787109113.923551,-5.400000095367432,-8.199999809265137,18.260000228881836,-0.15199999511241913,0.4424999952316284,0.012000000104308128
1787109122.5300431,resting,fast,1787109113.923551,-5.400000095367432,-8.199999809265137,18.260000228881836,-0.15199999511241913,0.4424999952316284,0.012000000104308128
1787109122.540615,resting,fast,1787109113.923551,-5.400000095367432,-8.199999809265137,18.260000228881836,-0.15199999511241913,0.4424999952316284,0.012000000104308128
1787109122.551487,resting,fast,1787109113.923551,-5.579999923706055,-7.239999771118164,17.959999084472656,-0.13650000095367432,0.43799999356269836,-0.001500000013038516
1787109122.5623782,resting,fast,1787109113.923551,-5.579999923706055,-7.239999771118164,17.959999084472656,-0.13650000095367432,0.43799999356269836,-0.001500000013038516
1787109122.5732996,resting,fast,1787109113.923551,-5.579999923706055,-7.239999771118164,17.959999084472656,-0.13650000095367432,0.43799999356269836,-0.001500000013038516
1787109122.5855353,resting,fast,1787109113.923551,-5.579999923706055,-7.239999771118164,17.959999084472656,-0.13650000095367432,0.43799999356269836,-0.001500000013038516
1787109122.596834,resting,fast,1787109113.923551,-5.579999923706055,-7.239999771118164,17.959999084472656,-0.13650000095367432,0.43799999356269836,-0.001500000013038516
1787109122.608071,resting,fast,1787109113.923551,-5.579999923706055,-7.239999771118164,17.959999084472656,-0.13650000095367432,0.43799999356269836,-0.001500000013038516
1787109122.6189804,resting,fast,1787109113.923551,-5.579999923706055,-7.239999771118164,17.959999084472656,-0.13650000095367432,0.43799999356269836,-0.001500000013038516
1787109122.630179,resting,fast,1787109113.923551,-5.579999923706055,-7.239999771118164,17.959999084472656,-0.13650000095367432,0.43799999356269836,-0.001500000013038516
1787109122.641648,resting,fast,1787109113.923551,-5.579999923706055,-7.239999771118164,17.959999084472656,-0.13650000095367432,0.43799999356269836,-0.001500000013038516
1787109122.6527195,resting,fast,1787109113.923551,-5.579999923706055,-7.239999771118164,17.959999084472656,-0.13650000095367432,0.43799999356269836,-0.001500000013038516
1787109122.66388,resting,fast,1787109113.923551,-5.579999923706055,-7.239999771118164,17.959999084472656,-0.13650000095367432,0.43799999356269836,-0.001500000013038516
1787109122.6750047,resting,fast,1787109113.923551,-5.579999923706055,-7.239999771118164,17.959999084472656,-0.13650000095367432,0.43799999356269836,-0.001500000013038516
1787109122.6858747,resting,fast,1787109113.923551,-5.579999923706055,-7.239999771118164,17.959999084472656,-0.13650000095367432,0.43799999356269836,-0.001500000013038516
1787109122.6971831,resting,fast,1787109113.923551,-5.579999923706055,-7.239999771118164,17.959999084472656,-0.13650000095367432,0.43799999356269836,-0.001500000013038516
1787109122.7086244,resting,fast,1787109113.923551,-5.579999923706055,-7.239999771118164,17.959999084472656,-0.13650000095367432,0.43799999356269836,-0.001500000013038516
1787109122.7196627,resting,fast,1787109113.923551,-5.579999923706055,-7.239999771118164,17.959999084472656,-0.13650000095367432,0.43799999356269836,-0.001500000013038516
1787109122.7302036,resting,fast,1787109113.923551,-5.579999923706055,-7.239999771118164,17.959999084472656,-0.13650000095367432,0.43799999356269836,-0.001500000013038516
1787109122.7414656,resting,fast,1787109113.923551,-5.579999923706055,-7.239999771118164,17.959999084472656,-0.13650000095367432,0.43799999356269836,-0.001500000013038516
1787109122.7526631,resting,fast,1787109113.923551,-5.679999828338623,-8.65999984741211,17.780000686645508,-0.14900000393390656,0.4465000033378601,0.0044999998062849045
1787109122.7636826,resting,fast,1787109113.923551,-5.679999828338623,-8.65999984741211,17.780000686645508,-0.14900000393390656,0.4465000033378601,0.0044999998062849045
1787109122.7745152,resting,fast,1787109113.923551,-5.679999828338623,-8.65999984741211,17.780000686645508,-0.14900000393390656,0.4465000033378601,0.0044999998062849045
1787109122.7857177,resting,fast,1787109113.923551,-5.679999828338623,-8.65999984741211,17.780000686645508,-0.14900000393390656,0.4465000033378601,0.0044999998062849045
1787109122.796902,resting,fast,1787109113.923551,-5.679999828338623,-8.65999984741211,17.780000686645508,-0.14900000393390656,0.4465000033378601,0.0044999998062849045
1787109122.8079283,resting,fast,1787109113.923551,-5.679999828338623,-8.65999984741211,17.780000686645508,-0.14900000393390656,0.4465000033378601,0.0044999998062849045
1787109122.8191445,resting,fast,1787109113.923551,-5.679999828338623,-8.65999984741211,17.780000686645508,-0.14900000393390656,0.4465000033378601,0.0044999998062849045
1787109122.8301883,resting,fast,1787109113.923551,-5.679999828338623,-8.65999984741211,17.780000686645508,-0.14900000393390656,0.4465000033378601,0.0044999998062849045
1787109122.8415272,resting,fast,1787109113.923551,-5.679999828338623,-8.65999984741211,17.780000686645508,-0.14900000393390656,0.4465000033378601,0.0044999998062849045
1787109122.8527565,resting,fast,1787109113.923551,-5.679999828338623,-8.65999984741211,17.780000686645508,-0.14900000393390656,0.4465000033378601,0.0044999998062849045
1787109122.8636324,resting,fast,1787109113.923551,-5.679999828338623,-8.65999984741211,17.780000686645508,-0.14900000393390656,0.4465000033378601,0.0044999998062849045
1787109122.8746648,resting,fast,1787109113.923551,-5.679999828338623,-8.65999984741211,17.780000686645508,-0.14900000393390656,0.4465000033378601,0.0044999998062849045
1787109122.8855445,resting,fast,1787109113.923551,-5.679999828338623,-8.65999984741211,17.780000686645508,-0.14900000393390656,0.4465000033378601,0.0044999998062849045
1787109122.8964353,resting,fast,1787109113.923551,-5.679999828338623,-8.65999984741211,17.780000686645508,-0.14900000393390656,0.4465000033378601,0.0044999998062849045
1787109122.9074976,resting,fast,1787109113.923551,-5.679999828338623,-8.65999984741211,17.780000686645508,-0.14900000393390656,0.4465000033378601,0.0044999998062849045
1787109122.9185894,resting,fast,1787109113.923551,-5.679999828338623,-8.65999984741211,17.780000686645508,-0.14900000393390656,0.4465000033378601,0.0044999998062849045
1787109122.9297092,resting,fast,1787109113.923551,-5.679999828338623,-8.65999984741211,17.780000686645508,-0.14900000393390656,0.4465000033378601,0.0044999998062849045
1787109122.9407156,resting,fast,1787109113.923551,-5.679999828338623,-8.65999984741211,17.780000686645508,-0.14900000393390656,0.4465000033378601,0.0044999998062849045
1787109122.951688,resting,fast,1787109113.923551,-6.559999942779541,-8.140000343322754,18.020000457763672,-0.14350000023841858,0.4569999873638153,-0.0020000000949949026
1787109122.9629397,resting,fast,1787109113.923551,-6.559999942779541,-8.140000343322754,18.020000457763672,-0.14350000023841858,0.4569999873638153,-0.0020000000949949026
1787109122.9742832,resting,fast,1787109113.923551,-6.559999942779541,-8.140000343322754,18.020000457763672,-0.14350000023841858,0.4569999873638153,-0.0020000000949949026
1787109122.9854465,resting,fast,1787109113.923551,-6.559999942779541,-8.140000343322754,18.020000457763672,-0.14350000023841858,0.4569999873638153,-0.0020000000949949026
1787109122.9965963,resting,fast,1787109113.923551,-6.559999942779541,-8.140000343322754,18.020000457763672,-0.14350000023841858,0.4569999873638153,-0.0020000000949949026
1787109123.0078757,resting,fast,1787109113.923551,-6.559999942779541,-8.140000343322754,18.020000457763672,-0.14350000023841858,0.4569999873638153,-0.0020000000949949026
1787109123.0192854,resting,fast,1787109113.923551,-6.559999942779541,-8.140000343322754,18.020000457763672,-0.14350000023841858,0.4569999873638153,-0.0020000000949949026
1787109123.0304992,resting,fast,1787109113.923551,-6.559999942779541,-8.140000343322754,18.020000457763672,-0.14350000023841858,0.4569999873638153,-0.0020000000949949026
1787109123.041849,resting,fast,1787109113.923551,-6.559999942779541,-8.140000343322754,18.020000457763672,-0.14350000023841858,0.4569999873638153,-0.0020000000949949026
1787109123.053215,resting,fast,1787109113.923551,-6.559999942779541,-8.140000343322754,18.020000457763672,-0.14350000023841858,0.4569999873638153,-0.0020000000949949026
1787109123.0642834,resting,fast,1787109113.923551,-6.559999942779541,-8.140000343322754,18.020000457763672,-0.14350000023841858,0.4569999873638153,-0.0020000000949949026
1787109123.0754108,resting,fast,1787109113.923551,-6.559999942779541,-8.140000343322754,18.020000457763672,-0.14350000023841858,0.4569999873638153,-0.0020000000949949026
1787109123.0867887,resting,fast,1787109113.923551,-6.559999942779541,-8.140000343322754,18.020000457763672,-0.14350000023841858,0.4569999873638153,-0.0020000000949949026
1787109123.0982041,resting,fast,1787109113.923551,-6.559999942779541,-8.140000343322754,18.020000457763672,-0.14350000023841858,0.4569999873638153,-0.0020000000949949026
1787109123.1094282,resting,fast,1787109113.923551,-6.559999942779541,-8.140000343322754,18.020000457763672,-0.14350000023841858,0.4569999873638153,-0.0020000000949949026
1787109123.1205559,resting,fast,1787109113.923551,-6.559999942779541,-8.140000343322754,18.020000457763672,-0.14350000023841858,0.4569999873638153,-0.0020000000949949026
1787109123.1314118,resting,fast,1787109113.923551,-6.559999942779541,-8.140000343322754,18.020000457763672,-0.14350000023841858,0.4569999873638153,-0.0020000000949949026
1787109123.1427784,resting,fast,1787109113.923551,-6.559999942779541,-8.140000343322754,18.020000457763672,-0.14350000023841858,0.4569999873638153,-0.0020000000949949026
1787109123.1540637,resting,fast,1787109113.923551,-5.71999979019165,-7.760000228881836,17.65999984741211,-0.1274999976158142,0.4555000066757202,-0.0005000000237487257
1787109123.165223,resting,fast,1787109113.923551,-5.71999979019165,-7.760000228881836,17.65999984741211,-0.1274999976158142,0.4555000066757202,-0.0005000000237487257
1787109123.1767333,resting,fast,1787109113.923551,-5.71999979019165,-7.760000228881836,17.65999984741211,-0.1274999976158142,0.4555000066757202,-0.0005000000237487257
1787109123.188118,resting,fast,1787109113.923551,-5.71999979019165,-7.760000228881836,17.65999984741211,-0.1274999976158142,0.4555000066757202,-0.0005000000237487257
1787109123.1994164,resting,fast,1787109113.923551,-5.71999979019165,-7.760000228881836,17.65999984741211,-0.1274999976158142,0.4555000066757202,-0.0005000000237487257
1787109123.2105033,resting,fast,1787109113.923551,-5.71999979019165,-7.760000228881836,17.65999984741211,-0.1274999976158142,0.4555000066757202,-0.0005000000237487257
1787109123.221707,resting,fast,1787109113.923551,-5.71999979019165,-7.760000228881836,17.65999984741211,-0.1274999976158142,0.4555000066757202,-0.0005000000237487257
1787109123.2331107,resting,fast,1787109113.923551,-5.71999979019165,-7.760000228881836,17.65999984741211,-0.1274999976158142,0.4555000066757202,-0.0005000000237487257
1787109123.2443185,resting,fast,1787109113.923551,-5.71999979019165,-7.760000228881836,17.65999984741211,-0.1274999976158142,0.4555000066757202,-0.0005000000237487257
1787109123.2554493,resting,fast,1787109113.923551,-5.71999979019165,-7.760000228881836,17.65999984741211,-0.1274999976158142,0.4555000066757202,-0.0005000000237487257
1787109123.266836,resting,fast,1787109113.923551,-5.71999979019165,-7.760000228881836,17.65999984741211,-0.1274999976158142,0.4555000066757202,-0.0005000000237487257
1787109123.278011,resting,fast,1787109113.923551,-5.71999979019165,-7.760000228881836,17.65999984741211,-0.1274999976158142,0.4555000066757202,-0.0005000000237487257
1787109123.289312,resting,fast,1787109113.923551,-5.71999979019165,-7.760000228881836,17.65999984741211,-0.1274999976158142,0.4555000066757202,-0.0005000000237487257
1787109123.3005416,resting,fast,1787109113.923551,-5.71999979019165,-7.760000228881836,17.65999984741211,-0.1274999976158142,0.4555000066757202,-0.0005000000237487257
1787109123.313298,resting,fast,1787109113.923551,-5.71999979019165,-7.760000228881836,17.65999984741211,-0.1274999976158142,0.4555000066757202,-0.0005000000237487257
1787109123.3247335,resting,fast,1787109113.923551,-5.71999979019165,-7.760000228881836,17.65999984741211,-0.1274999976158142,0.4555000066757202,-0.0005000000237487257
1787109123.3355966,resting,fast,1787109113.923551,-5.71999979019165,-7.760000228881836,17.65999984741211,-0.1274999976158142,0.4555000066757202,-0.0005000000237487257
1787109123.3466775,resting,fast,1787109113.923551,-5.619999885559082,-7.579999923706055,18.020000457763672,-0.14000000059604645,0.44699999690055847,0.008999999612569809
1787109123.3579273,resting,fast,1787109113.923551,-5.619999885559082,-7.579999923706055,18.020000457763672,-0.14000000059604645,0.44699999690055847,0.008999999612569809
1787109123.369431,resting,fast,1787109113.923551,-5.619999885559082,-7.579999923706055,18.020000457763672,-0.14000000059604645,0.44699999690055847,0.008999999612569809
1787109123.3806398,resting,fast,1787109113.923551,-5.619999885559082,-7.579999923706055,18.020000457763672,-0.14000000059604645,0.44699999690055847,0.008999999612569809
1787109123.391826,resting,fast,1787109113.923551,-5.619999885559082,-7.579999923706055,18.020000457763672,-0.14000000059604645,0.44699999690055847,0.008999999612569809
1787109123.4026382,resting,fast,1787109113.923551,-5.619999885559082,-7.579999923706055,18.020000457763672,-0.14000000059604645,0.44699999690055847,0.008999999612569809
1787109123.4138572,resting,fast,1787109113.923551,-5.619999885559082,-7.579999923706055,18.020000457763672,-0.14000000059604645,0.44699999690055847,0.008999999612569809
1787109123.4248307,resting,fast,1787109113.923551,-5.619999885559082,-7.579999923706055,18.020000457763672,-0.14000000059604645,0.44699999690055847,0.008999999612569809
1787109123.4358597,resting,fast,1787109113.923551,-5.619999885559082,-7.579999923706055,18.020000457763672,-0.14000000059604645,0.44699999690055847,0.008999999612569809
1787109123.447052,resting,fast,1787109113.923551,-5.619999885559082,-7.579999923706055,18.020000457763672,-0.14000000059604645,0.44699999690055847,0.008999999612569809
1787109123.457994,resting,fast,1787109113.923551,-5.619999885559082,-7.579999923706055,18.020000457763672,-0.14000000059604645,0.44699999690055847,0.008999999612569809
1787109123.46905,resting,fast,1787109113.923551,-5.619999885559082,-7.579999923706055,18.020000457763672,-0.14000000059604645,0.44699999690055847,0.008999999612569809
1787109123.4802537,resting,fast,1787109113.923551,-5.619999885559082,-7.579999923706055,18.020000457763672,-0.14000000059604645,0.44699999690055847,0.008999999612569809
1787109123.4912229,resting,fast,1787109113.923551,-5.619999885559082,-7.579999923706055,18.020000457763672,-0.14000000059604645,0.44699999690055847,0.008999999612569809
1787109123.5022554,resting,fast,1787109113.923551,-5.619999885559082,-7.579999923706055,18.020000457763672,-0.14000000059604645,0.44699999690055847,0.008999999612569809
1787109123.513348,resting,fast,1787109113.923551,-5.619999885559082,-7.579999923706055,18.020000457763672,-0.14000000059604645,0.44699999690055847,0.008999999612569809
1787109123.5245063,resting,fast,1787109113.923551,-5.619999885559082,-7.579999923706055,18.020000457763672,-0.14000000059604645,0.44699999690055847,0.008999999612569809
1787109123.5356116,resting,fast,1787109113.923551,-5.619999885559082,-7.579999923706055,18.020000457763672,-0.14000000059604645,0.44699999690055847,0.008999999612569809
1787109123.5469928,resting,fast,1787109113.923551,-5.71999979019165,-7.820000171661377,18.139999389648438,-0.14900000393390656,0.44850000739097595,0.010999999940395355
1787109123.5582004,resting,fast,1787109113.923551,-5.71999979019165,-7.820000171661377,18.139999389648438,-0.14900000393390656,0.44850000739097595,0.010999999940395355
1787109123.5698423,resting,fast,1787109113.923551,-5.71999979019165,-7.820000171661377,18.139999389648438,-0.14900000393390656,0.44850000739097595,0.010999999940395355
1787109123.5808458,resting,fast,1787109113.923551,-5.71999979019165,-7.820000171661377,18.139999389648438,-0.14900000393390656,0.44850000739097595,0.010999999940395355
1787109123.592287,resting,fast,1787109113.923551,-5.71999979019165,-7.820000171661377,18.139999389648438,-0.14900000393390656,0.44850000739097595,0.010999999940395355
1787109123.6035528,resting,fast,1787109113.923551,-5.71999979019165,-7.820000171661377,18.139999389648438,-0.14900000393390656,0.44850000739097595,0.010999999940395355
1787109123.6147227,resting,fast,1787109113.923551,-5.71999979019165,-7.820000171661377,18.139999389648438,-0.14900000393390656,0.44850000739097595,0.010999999940395355
1787109123.6258144,resting,fast,1787109113.923551,-5.71999979019165,-7.820000171661377,18.139999389648438,-0.14900000393390656,0.44850000739097595,0.010999999940395355
1787109123.636841,resting,fast,1787109113.923551,-5.71999979019165,-7.820000171661377,18.139999389648438,-0.14900000393390656,0.44850000739097595,0.010999999940395355
1787109123.648169,resting,fast,1787109113.923551,-5.71999979019165,-7.820000171661377,18.139999389648438,-0.14900000393390656,0.44850000739097595,0.010999999940395355
1787109123.6593604,resting,fast,1787109113.923551,-5.71999979019165,-7.820000171661377,18.139999389648438,-0.14900000393390656,0.44850000739097595,0.010999999940395355
1787109123.6705995,resting,fast,1787109113.923551,-5.71999979019165,-7.820000171661377,18.139999389648438,-0.14900000393390656,0.44850000739097595,0.010999999940395355
1787109123.6818535,resting,fast,1787109113.923551,-5.71999979019165,-7.820000171661377,18.139999389648438,-0.14900000393390656,0.44850000739097595,0.010999999940395355
1787109123.6925085,resting,fast,1787109113.923551,-5.71999979019165,-7.820000171661377,18.139999389648438,-0.14900000393390656,0.44850000739097595,0.010999999940395355
1787109123.7034106,resting,fast,1787109113.923551,-5.71999979019165,-7.820000171661377,18.139999389648438,-0.14900000393390656,0.44850000739097595,0.010999999940395355
1787109123.7151978,resting,fast,1787109113.923551,-5.71999979019165,-7.820000171661377,18.139999389648438,-0.14900000393390656,0.44850000739097595,0.010999999940395355
1787109123.726403,resting,fast,1787109113.923551,-5.71999979019165,-7.820000171661377,18.139999389648438,-0.14900000393390656,0.44850000739097595,0.010999999940395355
1787109123.737808,resting,fast,1787109113.923551,-5.71999979019165,-7.820000171661377,18.139999389648438,-0.14900000393390656,0.44850000739097595,0.010999999940395355
1787109123.7492604,resting,fast,1787109113.923551,-5.659999847412109,-8.300000190734863,18.5,-0.12700000405311584,0.4555000066757202,0.009999999776482582
1787109123.760256,resting,fast,1787109113.923551,-5.659999847412109,-8.300000190734863,18.5,-0.12700000405311584,0.4555000066757202,0.009999999776482582
1787109123.7715728,resting,fast,1787109113.923551,-5.659999847412109,-8.300000190734863,18.5,-0.12700000405311584,0.4555000066757202,0.009999999776482582
1787109123.7823784,resting,fast,1787109113.923551,-5.659999847412109,-8.300000190734863,18.5,-0.12700000405311584,0.4555000066757202,0.009999999776482582
1787109123.7934406,resting,fast,1787109113.923551,-5.659999847412109,-8.300000190734863,18.5,-0.12700000405311584,0.4555000066757202,0.009999999776482582
1787109123.80465,resting,fast,1787109113.923551,-5.659999847412109,-8.300000190734863,18.5,-0.12700000405311584,0.4555000066757202,0.009999999776482582
1787109123.8156412,resting,fast,1787109113.923551,-5.659999847412109,-8.300000190734863,18.5,-0.12700000405311584,0.4555000066757202,0.009999999776482582
1787109123.8265803,resting,fast,1787109113.923551,-5.659999847412109,-8.300000190734863,18.5,-0.12700000405311584,0.4555000066757202,0.009999999776482582
1787109123.837346,resting,fast,1787109113.923551,-5.659999847412109,-8.300000190734863,18.5,-0.12700000405311584,0.4555000066757202,0.009999999776482582
1787109123.8483868,resting,fast,1787109113.923551,-5.659999847412109,-8.300000190734863,18.5,-0.12700000405311584,0.4555000066757202,0.009999999776482582
1787109123.859489,resting,fast,1787109113.923551,-5.659999847412109,-8.300000190734863,18.5,-0.12700000405311584,0.4555000066757202,0.009999999776482582
1787109123.871243,resting,fast,1787109113.923551,-5.659999847412109,-8.300000190734863,18.5,-0.12700000405311584,0.4555000066757202,0.009999999776482582
1787109123.882463,resting,fast,1787109113.923551,-5.659999847412109,-8.300000190734863,18.5,-0.12700000405311584,0.4555000066757202,0.009999999776482582
1787109123.893753,resting,fast,1787109113.923551,-5.659999847412109,-8.300000190734863,18.5,-0.12700000405311584,0.4555000066757202,0.009999999776482582
1787109123.904872,resting,fast,1787109113.923551,-5.659999847412109,-8.300000190734863,18.5,-0.12700000405311584,0.4555000066757202,0.009999999776482582
1787109123.9159687,resting,fast,1787109113.923551,-5.659999847412109,-8.300000190734863,18.5,-0.12700000405311584,0.4555000066757202,0.009999999776482582
1787109123.927272,resting,fast,1787109113.923551,-5.659999847412109,-8.300000190734863,18.5,-0.12700000405311584,0.4555000066757202,0.009999999776482582
1787109123.9383643,resting,fast,1787109113.923551,-5.659999847412109,-8.300000190734863,18.5,-0.12700000405311584,0.4555000066757202,0.009999999776482582
1787109123.9494777,resting,fast,1787109113.923551,-5.199999809265137,-7.699999809265137,18.440000534057617,-0.11349999904632568,0.44449999928474426,0.01600000075995922
1787109123.9605868,resting,fast,1787109113.923551,-5.199999809265137,-7.699999809265137,18.440000534057617,-0.11349999904632568,0.44449999928474426,0.01600000075995922
1787109123.9716134,resting,fast,1787109113.923551,-5.199999809265137,-7.699999809265137,18.440000534057617,-0.11349999904632568,0.44449999928474426,0.01600000075995922
1787109123.982335,resting,fast,1787109113.923551,-5.199999809265137,-7.699999809265137,18.440000534057617,-0.11349999904632568,0.44449999928474426,0.01600000075995922
1787109123.9931095,resting,fast,1787109113.923551,-5.199999809265137,-7.699999809265137,18.440000534057617,-0.11349999904632568,0.44449999928474426,0.01600000075995922
1787109124.0045314,resting,fast,1787109113.923551,-5.199999809265137,-7.699999809265137,18.440000534057617,-0.11349999904632568,0.44449999928474426,0.01600000075995922
1787109124.0152676,resting,fast,1787109113.923551,-5.199999809265137,-7.699999809265137,18.440000534057617,-0.11349999904632568,0.44449999928474426,0.01600000075995922
1787109124.0262384,resting,fast,1787109113.923551,-5.199999809265137,-7.699999809265137,18.440000534057617,-0.11349999904632568,0.44449999928474426,0.01600000075995922
1787109124.0373678,resting,fast,1787109113.923551,-5.199999809265137,-7.699999809265137,18.440000534057617,-0.11349999904632568,0.44449999928474426,0.01600000075995922
1787109124.0483472,resting,fast,1787109113.923551,-5.199999809265137,-7.699999809265137,18.440000534057617,-0.11349999904632568,0.44449999928474426,0.01600000075995922
1787109124.059725,resting,fast,1787109113.923551,-5.199999809265137,-7.699999809265137,18.440000534057617,-0.11349999904632568,0.44449999928474426,0.01600000075995922
1787109124.0706844,resting,fast,1787109113.923551,-5.199999809265137,-7.699999809265137,18.440000534057617,-0.11349999904632568,0.44449999928474426,0.01600000075995922
1787109124.0814912,resting,fast,1787109113.923551,-5.199999809265137,-7.699999809265137,18.440000534057617,-0.11349999904632568,0.44449999928474426,0.01600000075995922
1787109124.0924742,resting,fast,1787109113.923551,-5.199999809265137,-7.699999809265137,18.440000534057617,-0.11349999904632568,0.44449999928474426,0.01600000075995922
1787109124.1043608,resting,fast,1787109113.923551,-5.199999809265137,-7.699999809265137,18.440000534057617,-0.11349999904632568,0.44449999928474426,0.01600000075995922
1787109124.1169407,resting,fast,1787109113.923551,-5.199999809265137,-7.699999809265137,18.440000534057617,-0.11349999904632568,0.44449999928474426,0.01600000075995922
1787109124.1279275,resting,fast,1787109113.923551,-5.199999809265137,-7.699999809265137,18.440000534057617,-0.11349999904632568,0.44449999928474426,0.01600000075995922
1787109124.1395764,resting,fast,1787109113.923551,-5.199999809265137,-7.699999809265137,18.440000534057617,-0.11349999904632568,0.44449999928474426,0.01600000075995922
1787109124.1511266,resting,fast,1787109113.923551,-5.71999979019165,-8.220000267028809,18.0,-0.13500000536441803,0.4480000138282776,0.017500000074505806
1787109124.1625335,resting,fast,1787109113.923551,-5.71999979019165,-8.220000267028809,18.0,-0.13500000536441803,0.4480000138282776,0.017500000074505806
1787109124.173696,resting,fast,1787109113.923551,-5.71999979019165,-8.220000267028809,18.0,-0.13500000536441803,0.4480000138282776,0.017500000074505806
1787109124.1847942,resting,fast,1787109113.923551,-5.71999979019165,-8.220000267028809,18.0,-0.13500000536441803,0.4480000138282776,0.017500000074505806
1787109124.1960928,resting,fast,1787109113.923551,-5.71999979019165,-8.220000267028809,18.0,-0.13500000536441803,0.4480000138282776,0.017500000074505806
1787109124.2070198,resting,fast,1787109113.923551,-5.71999979019165,-8.220000267028809,18.0,-0.13500000536441803,0.4480000138282776,0.017500000074505806
1787109124.2184188,resting,fast,1787109113.923551,-5.71999979019165,-8.220000267028809,18.0,-0.13500000536441803,0.4480000138282776,0.017500000074505806
1787109124.2294686,resting,fast,1787109113.923551,-5.71999979019165,-8.220000267028809,18.0,-0.13500000536441803,0.4480000138282776,0.017500000074505806
1787109124.2406507,resting,fast,1787109113.923551,-5.71999979019165,-8.220000267028809,18.0,-0.13500000536441803,0.4480000138282776,0.017500000074505806
1787109124.2518957,resting,fast,1787109113.923551,-5.71999979019165,-8.220000267028809,18.0,-0.13500000536441803,0.4480000138282776,0.017500000074505806
1787109124.2631876,resting,fast,1787109113.923551,-5.71999979019165,-8.220000267028809,18.0,-0.13500000536441803,0.4480000138282776,0.017500000074505806
1787109124.2747471,resting,fast,1787109113.923551,-5.71999979019165,-8.220000267028809,18.0,-0.13500000536441803,0.4480000138282776,0.017500000074505806
1787109124.286088,resting,fast,1787109113.923551,-5.71999979019165,-8.220000267028809,18.0,-0.13500000536441803,0.4480000138282776,0.017500000074505806
1787109124.297272,resting,fast,1787109113.923551,-5.71999979019165,-8.220000267028809,18.0,-0.13500000536441803,0.4480000138282776,0.017500000074505806
1787109124.308626,resting,fast,1787109113.923551,-5.71999979019165,-8.220000267028809,18.0,-0.13500000536441803,0.4480000138282776,0.017500000074505806
1787109124.3195696,resting,fast,1787109113.923551,-5.71999979019165,-8.220000267028809,18.0,-0.13500000536441803,0.4480000138282776,0.017500000074505806
1787109124.3304205,resting,fast,1787109113.923551,-5.71999979019165,-8.220000267028809,18.0,-0.13500000536441803,0.4480000138282776,0.017500000074505806
1787109124.3417518,resting,fast,1787109113.923551,-5.71999979019165,-8.220000267028809,18.0,-0.13500000536441803,0.4480000138282776,0.017500000074505806
1787109124.3530314,resting,fast,1787109113.923551,-5.059999942779541,-8.119999885559082,18.18000030517578,-0.12600000202655792,0.4390000104904175,0.02449999935925007
1787109124.363962,resting,fast,1787109113.923551,-5.059999942779541,-8.119999885559082,18.18000030517578,-0.12600000202655792,0.4390000104904175,0.02449999935925007
1787109124.37539,resting,fast,1787109113.923551,-5.059999942779541,-8.119999885559082,18.18000030517578,-0.12600000202655792,0.4390000104904175,0.02449999935925007
1787109124.3865974,resting,fast,1787109113.923551,-5.059999942779541,-8.119999885559082,18.18000030517578,-0.12600000202655792,0.4390000104904175,0.02449999935925007
1787109124.3980608,resting,fast,1787109113.923551,-5.059999942779541,-8.119999885559082,18.18000030517578,-0.12600000202655792,0.4390000104904175,0.02449999935925007
1787109124.4094028,resting,fast,1787109113.923551,-5.059999942779541,-8.119999885559082,18.18000030517578,-0.12600000202655792,0.4390000104904175,0.02449999935925007
1787109124.4205852,resting,fast,1787109113.923551,-5.059999942779541,-8.119999885559082,18.18000030517578,-0.12600000202655792,0.4390000104904175,0.02449999935925007
1787109124.4314978,resting,fast,1787109113.923551,-5.059999942779541,-8.119999885559082,18.18000030517578,-0.12600000202655792,0.4390000104904175,0.02449999935925007
1787109124.442529,resting,fast,1787109113.923551,-5.059999942779541,-8.119999885559082,18.18000030517578,-0.12600000202655792,0.4390000104904175,0.02449999935925007
1787109124.4532523,resting,fast,1787109113.923551,-5.059999942779541,-8.119999885559082,18.18000030517578,-0.12600000202655792,0.4390000104904175,0.02449999935925007
1787109124.4641697,resting,fast,1787109113.923551,-5.059999942779541,-8.119999885559082,18.18000030517578,-0.12600000202655792,0.4390000104904175,0.02449999935925007
1787109124.475099,resting,fast,1787109113.923551,-5.059999942779541,-8.119999885559082,18.18000030517578,-0.12600000202655792,0.4390000104904175,0.02449999935925007
1787109124.48604,resting,fast,1787109113.923551,-5.059999942779541,-8.119999885559082,18.18000030517578,-0.12600000202655792,0.4390000104904175,0.02449999935925007
1787109124.4970512,resting,fast,1787109113.923551,-5.059999942779541,-8.119999885559082,18.18000030517578,-0.12600000202655792,0.4390000104904175,0.02449999935925007
1787109124.5081377,resting,fast,1787109113.923551,-5.059999942779541,-8.119999885559082,18.18000030517578,-0.12600000202655792,0.4390000104904175,0.02449999935925007
1787109124.5190942,resting,fast,1787109113.923551,-5.059999942779541,-8.119999885559082,18.18000030517578,-0.12600000202655792,0.4390000104904175,0.02449999935925007
1787109124.5299532,resting,fast,1787109113.923551,-5.059999942779541,-8.119999885559082,18.18000030517578,-0.12600000202655792,0.4390000104904175,0.02449999935925007
1787109124.540506,resting,fast,1787109113.923551,-5.059999942779541,-8.119999885559082,18.18000030517578,-0.12600000202655792,0.4390000104904175,0.02449999935925007
1787109124.5513177,resting,fast,1787109113.923551,-5.639999866485596,-8.0,17.520000457763672,-0.13699999451637268,0.4404999911785126,0.004000000189989805
1787109124.5618365,resting,fast,1787109113.923551,-5.639999866485596,-8.0,17.520000457763672,-0.13699999451637268,0.4404999911785126,0.004000000189989805
1787109124.57247,resting,fast,1787109113.923551,-5.639999866485596,-8.0,17.520000457763672,-0.13699999451637268,0.4404999911785126,0.004000000189989805
1787109124.5830212,resting,fast,1787109113.923551,-5.639999866485596,-8.0,17.520000457763672,-0.13699999451637268,0.4404999911785126,0.004000000189989805
1787109124.593552,resting,fast,1787109113.923551,-5.639999866485596,-8.0,17.520000457763672,-0.13699999451637268,0.4404999911785126,0.004000000189989805
1787109124.6047719,resting,fast,1787109113.923551,-5.639999866485596,-8.0,17.520000457763672,-0.13699999451637268,0.4404999911785126,0.004000000189989805
1787109124.6152618,resting,fast,1787109113.923551,-5.639999866485596,-8.0,17.520000457763672,-0.13699999451637268,0.4404999911785126,0.004000000189989805
1787109124.6257963,resting,fast,1787109113.923551,-5.639999866485596,-8.0,17.520000457763672,-0.13699999451637268,0.4404999911785126,0.004000000189989805
1787109124.6362946,resting,fast,1787109113.923551,-5.639999866485596,-8.0,17.520000457763672,-0.13699999451637268,0.4404999911785126,0.004000000189989805
1787109124.6470273,resting,fast,1787109113.923551,-5.639999866485596,-8.0,17.520000457763672,-0.13699999451637268,0.4404999911785126,0.004000000189989805
1787109124.6578703,resting,fast,1787109113.923551,-5.639999866485596,-8.0,17.520000457763672,-0.13699999451637268,0.4404999911785126,0.004000000189989805
1787109124.6685338,resting,fast,1787109113.923551,-5.639999866485596,-8.0,17.520000457763672,-0.13699999451637268,0.4404999911785126,0.004000000189989805
1787109124.6792557,resting,fast,1787109113.923551,-5.639999866485596,-8.0,17.520000457763672,-0.13699999451637268,0.4404999911785126,0.004000000189989805
1787109124.690179,resting,fast,1787109113.923551,-5.639999866485596,-8.0,17.520000457763672,-0.13699999451637268,0.4404999911785126,0.004000000189989805
1787109124.7011743,resting,fast,1787109113.923551,-5.639999866485596,-8.0,17.520000457763672,-0.13699999451637268,0.4404999911785126,0.004000000189989805
1787109124.711999,resting,fast,1787109113.923551,-5.639999866485596,-8.0,17.520000457763672,-0.13699999451637268,0.4404999911785126,0.004000000189989805
1787109124.7225053,resting,fast,1787109113.923551,-5.639999866485596,-8.0,17.520000457763672,-0.13699999451637268,0.4404999911785126,0.004000000189989805
1787109124.7330022,resting,fast,1787109113.923551,-5.639999866485596,-8.0,17.520000457763672,-0.13699999451637268,0.4404999911785126,0.004000000189989805
1787109124.7434833,resting,fast,1787109113.923551,-5.920000076293945,-7.380000114440918,17.799999237060547,-0.13300000131130219,0.44699999690055847,0.006500000134110451
1787109124.754005,resting,fast,1787109113.923551,-5.920000076293945,-7.380000114440918,17.799999237060547,-0.13300000131130219,0.44699999690055847,0.006500000134110451
1787109124.7645402,resting,fast,1787109113.923551,-5.920000076293945,-7.380000114440918,17.799999237060547,-0.13300000131130219,0.44699999690055847,0.006500000134110451
1787109124.775008,resting,fast,1787109113.923551,-5.920000076293945,-7.380000114440918,17.799999237060547,-0.13300000131130219,0.44699999690055847,0.006500000134110451
1787109124.7855473,resting,fast,1787109113.923551,-5.920000076293945,-7.380000114440918,17.799999237060547,-0.13300000131130219,0.44699999690055847,0.006500000134110451
1787109124.796021,resting,fast,1787109113.923551,-5.920000076293945,-7.380000114440918,17.799999237060547,-0.13300000131130219,0.44699999690055847,0.006500000134110451
1787109124.806508,resting,fast,1787109113.923551,-5.920000076293945,-7.380000114440918,17.799999237060547,-0.13300000131130219,0.44699999690055847,0.006500000134110451
1787109124.8169706,resting,fast,1787109113.923551,-5.920000076293945,-7.380000114440918,17.799999237060547,-0.13300000131130219,0.44699999690055847,0.006500000134110451
1787109124.8274298,resting,fast,1787109113.923551,-5.920000076293945,-7.380000114440918,17.799999237060547,-0.13300000131130219,0.44699999690055847,0.006500000134110451
1787109124.838173,resting,fast,1787109113.923551,-5.920000076293945,-7.380000114440918,17.799999237060547,-0.13300000131130219,0.44699999690055847,0.006500000134110451
1787109124.8490798,resting,fast,1787109113.923551,-5.920000076293945,-7.380000114440918,17.799999237060547,-0.13300000131130219,0.44699999690055847,0.006500000134110451
1787109124.8595939,resting,fast,1787109113.923551,-5.920000076293945,-7.380000114440918,17.799999237060547,-0.13300000131130219,0.44699999690055847,0.006500000134110451
1787109124.8709,resting,fast,1787109113.923551,-5.920000076293945,-7.380000114440918,17.799999237060547,-0.13300000131130219,0.44699999690055847,0.006500000134110451
1787109124.8815894,resting,fast,1787109113.923551,-5.920000076293945,-7.380000114440918,17.799999237060547,-0.13300000131130219,0.44699999690055847,0.006500000134110451
1787109124.892496,resting,fast,1787109113.923551,-5.920000076293945,-7.380000114440918,17.799999237060547,-0.13300000131130219,0.44699999690055847,0.006500000134110451
1787109124.9032962,resting,fast,1787109113.923551,-5.920000076293945,-7.380000114440918,17.799999237060547,-0.13300000131130219,0.44699999690055847,0.006500000134110451
1787109124.914979,resting,fast,1787109113.923551,-5.920000076293945,-7.380000114440918,17.799999237060547,-0.13300000131130219,0.44699999690055847,0.006500000134110451
1787109124.9263346,resting,fast,1787109113.923551,-5.920000076293945,-7.380000114440918,17.799999237060547,-0.13300000131130219,0.44699999690055847,0.006500000134110451
1787109124.9370553,resting,fast,1787109113.923551,-5.920000076293945,-7.380000114440918,17.799999237060547,-0.13300000131130219,0.44699999690055847,0.006500000134110451
1787109124.9478047,resting,fast,1787109113.923551,-5.360000133514404,-8.0,18.299999237060547,-0.1550000011920929,0.4514999985694885,0.004000000189989805
1787109124.9586396,resting,fast,1787109113.923551,-5.360000133514404,-8.0,18.299999237060547,-0.1550000011920929,0.4514999985694885,0.004000000189989805
1787109124.9696362,resting,fast,1787109113.923551,-5.360000133514404,-8.0,18.299999237060547,-0.1550000011920929,0.4514999985694885,0.004000000189989805
1787109124.9804697,resting,fast,1787109113.923551,-5.360000133514404,-8.0,18.299999237060547,-0.1550000011920929,0.4514999985694885,0.004000000189989805
1787109124.991369,resting,fast,1787109113.923551,-5.360000133514404,-8.0,18.299999237060547,-0.1550000011920929,0.4514999985694885,0.004000000189989805
1787109125.0028942,resting,fast,1787109113.923551,-5.360000133514404,-8.0,18.299999237060547,-0.1550000011920929,0.4514999985694885,0.004000000189989805
1787109125.0136428,resting,fast,1787109113.923551,-5.360000133514404,-8.0,18.299999237060547,-0.1550000011920929,0.4514999985694885,0.004000000189989805
1787109125.024403,resting,fast,1787109113.923551,-5.360000133514404,-8.0,18.299999237060547,-0.1550000011920929,0.4514999985694885,0.004000000189989805
1787109125.0359654,resting,fast,1787109113.923551,-5.360000133514404,-8.0,18.299999237060547,-0.1550000011920929,0.4514999985694885,0.004000000189989805
1787109125.046688,resting,fast,1787109113.923551,-5.360000133514404,-8.0,18.299999237060547,-0.1550000011920929,0.4514999985694885,0.004000000189989805
1787109125.0575197,resting,fast,1787109113.923551,-5.360000133514404,-8.0,18.299999237060547,-0.1550000011920929,0.4514999985694885,0.004000000189989805
1787109125.070674,resting,fast,1787109113.923551,-5.360000133514404,-8.0,18.299999237060547,-0.1550000011920929,0.4514999985694885,0.004000000189989805
1787109125.081616,resting,fast,1787109113.923551,-5.360000133514404,-8.0,18.299999237060547,-0.1550000011920929,0.4514999985694885,0.004000000189989805
1787109125.0924544,resting,fast,1787109113.923551,-5.360000133514404,-8.0,18.299999237060547,-0.1550000011920929,0.4514999985694885,0.004000000189989805
1787109125.1032674,resting,fast,1787109113.923551,-5.360000133514404,-8.0,18.299999237060547,-0.1550000011920929,0.4514999985694885,0.004000000189989805
1787109125.1140447,resting,fast,1787109113.923551,-5.360000133514404,-8.0,18.299999237060547,-0.1550000011920929,0.4514999985694885,0.004000000189989805
1787109125.1247194,resting,fast,1787109113.923551,-5.360000133514404,-8.0,18.299999237060547,-0.1550000011920929,0.4514999985694885,0.004000000189989805
1787109125.135279,resting,fast,1787109113.923551,-5.360000133514404,-8.0,18.299999237060547,-0.1550000011920929,0.4514999985694885,0.004000000189989805
1787109125.1458685,resting,fast,1787109113.923551,-6.019999980926514,-8.140000343322754,17.420000076293945,-0.12800000607967377,0.45500001311302185,0.0005000000237487257
1787109125.1563632,resting,fast,1787109113.923551,-6.019999980926514,-8.140000343322754,17.420000076293945,-0.12800000607967377,0.45500001311302185,0.0005000000237487257
1787109125.1682138,resting,fast,1787109113.923551,-6.019999980926514,-8.140000343322754,17.420000076293945,-0.12800000607967377,0.45500001311302185,0.0005000000237487257
1787109125.1788733,resting,fast,1787109113.923551,-6.019999980926514,-8.140000343322754,17.420000076293945,-0.12800000607967377,0.45500001311302185,0.0005000000237487257
1787109125.1894,resting,fast,1787109113.923551,-6.019999980926514,-8.140000343322754,17.420000076293945,-0.12800000607967377,0.45500001311302185,0.0005000000237487257
1787109125.200115,resting,fast,1787109113.923551,-6.019999980926514,-8.140000343322754,17.420000076293945,-0.12800000607967377,0.45500001311302185,0.0005000000237487257
1787109125.21056,resting,fast,1787109113.923551,-6.019999980926514,-8.140000343322754,17.420000076293945,-0.12800000607967377,0.45500001311302185,0.0005000000237487257
1787109125.2210243,resting,fast,1787109113.923551,-6.019999980926514,-8.140000343322754,17.420000076293945,-0.12800000607967377,0.45500001311302185,0.0005000000237487257
1787109125.2317092,resting,fast,1787109113.923551,-6.019999980926514,-8.140000343322754,17.420000076293945,-0.12800000607967377,0.45500001311302185,0.0005000000237487257
1787109125.2446947,resting,fast,1787109113.923551,-6.019999980926514,-8.140000343322754,17.420000076293945,-0.12800000607967377,0.45500001311302185,0.0005000000237487257
1787109125.2554624,resting,fast,1787109113.923551,-6.019999980926514,-8.140000343322754,17.420000076293945,-0.12800000607967377,0.45500001311302185,0.0005000000237487257
1787109125.2672265,resting,fast,1787109113.923551,-6.019999980926514,-8.140000343322754,17.420000076293945,-0.12800000607967377,0.45500001311302185,0.0005000000237487257
1787109125.2778513,resting,fast,1787109113.923551,-6.019999980926514,-8.140000343322754,17.420000076293945,-0.12800000607967377,0.45500001311302185,0.0005000000237487257
1787109125.2883804,resting,fast,1787109113.923551,-6.019999980926514,-8.140000343322754,17.420000076293945,-0.12800000607967377,0.45500001311302185,0.0005000000237487257
1787109125.3015342,resting,fast,1787109113.923551,-6.019999980926514,-8.140000343322754,17.420000076293945,-0.12800000607967377,0.45500001311302185,0.0005000000237487257
1787109125.3126998,resting,fast,1787109113.923551,-6.019999980926514,-8.140000343322754,17.420000076293945,-0.12800000607967377,0.45500001311302185,0.0005000000237487257
1787109125.3239346,resting,fast,1787109113.923551,-6.019999980926514,-8.140000343322754,17.420000076293945,-0.12800000607967377,0.45500001311302185,0.0005000000237487257
1787109125.3350067,resting,fast,1787109113.923551,-6.019999980926514,-8.140000343322754,17.420000076293945,-0.12800000607967377,0.45500001311302185,0.0005000000237487257
1787109125.3460085,resting,fast,1787109113.923551,-5.519999980926514,-7.880000114440918,18.139999389648438,-0.13699999451637268,0.4595000147819519,0.008999999612569809
1787109125.356684,resting,fast,1787109113.923551,-5.519999980926514,-7.880000114440918,18.139999389648438,-0.13699999451637268,0.4595000147819519,0.008999999612569809
1787109125.3674374,resting,fast,1787109113.923551,-5.519999980926514,-7.880000114440918,18.139999389648438,-0.13699999451637268,0.4595000147819519,0.008999999612569809
1787109125.3782518,resting,fast,1787109113.923551,-5.519999980926514,-7.880000114440918,18.139999389648438,-0.13699999451637268,0.4595000147819519,0.008999999612569809
1787109125.3892696,resting,fast,1787109113.923551,-5.519999980926514,-7.880000114440918,18.139999389648438,-0.13699999451637268,0.4595000147819519,0.008999999612569809
1787109125.4004445,resting,fast,1787109113.923551,-5.519999980926514,-7.880000114440918,18.139999389648438,-0.13699999451637268,0.4595000147819519,0.008999999612569809
1787109125.4114323,resting,fast,1787109113.923551,-5.519999980926514,-7.880000114440918,18.139999389648438,-0.13699999451637268,0.4595000147819519,0.008999999612569809
1787109125.422704,resting,fast,1787109113.923551,-5.519999980926514,-7.880000114440918,18.139999389648438,-0.13699999451637268,0.4595000147819519,0.008999999612569809
1787109125.4340715,resting,fast,1787109113.923551,-5.519999980926514,-7.880000114440918,18.139999389648438,-0.13699999451637268,0.4595000147819519,0.008999999612569809
1787109125.445313,resting,fast,1787109113.923551,-5.519999980926514,-7.880000114440918,18.139999389648438,-0.13699999451637268,0.4595000147819519,0.008999999612569809
1787109125.4566438,resting,fast,1787109113.923551,-5.519999980926514,-7.880000114440918,18.139999389648438,-0.13699999451637268,0.4595000147819519,0.008999999612569809
1787109125.4678323,resting,fast,1787109113.923551,-5.519999980926514,-7.880000114440918,18.139999389648438,-0.13699999451637268,0.4595000147819519,0.008999999612569809
1787109125.4792573,resting,fast,1787109113.923551,-5.519999980926514,-7.880000114440918,18.139999389648438,-0.13699999451637268,0.4595000147819519,0.008999999612569809
1787109125.4905818,resting,fast,1787109113.923551,-5.519999980926514,-7.880000114440918,18.139999389648438,-0.13699999451637268,0.4595000147819519,0.008999999612569809
1787109125.5020156,resting,fast,1787109113.923551,-5.519999980926514,-7.880000114440918,18.139999389648438,-0.13699999451637268,0.4595000147819519,0.008999999612569809
1787109125.513188,resting,fast,1787109113.923551,-5.519999980926514,-7.880000114440918,18.139999389648438,-0.13699999451637268,0.4595000147819519,0.008999999612569809
1787109125.5244074,resting,fast,1787109113.923551,-5.519999980926514,-7.880000114440918,18.139999389648438,-0.13699999451637268,0.4595000147819519,0.008999999612569809
1787109125.541337,resting,fast,1787109113.923551,-5.519999980926514,-7.880000114440918,18.139999389648438,-0.13699999451637268,0.4595000147819519,0.008999999612569809
1787109125.5525668,resting,fast,1787109113.923551,-6.400000095367432,-7.900000095367432,18.700000762939453,-0.1525000035762787,0.4569999873638153,-0.003000000026077032
1787109125.5642264,resting,fast,1787109113.923551,-6.400000095367432,-7.900000095367432,18.700000762939453,-0.1525000035762787,0.4569999873638153,-0.003000000026077032
1787109125.5755353,resting,fast,1787109113.923551,-6.400000095367432,-7.900000095367432,18.700000762939453,-0.1525000035762787,0.4569999873638153,-0.003000000026077032
1787109125.586738,resting,fast,1787109113.923551,-6.400000095367432,-7.900000095367432,18.700000762939453,-0.1525000035762787,0.4569999873638153,-0.003000000026077032
1787109125.5979536,resting,fast,1787109113.923551,-6.400000095367432,-7.900000095367432,18.700000762939453,-0.1525000035762787,0.4569999873638153,-0.003000000026077032
1787109125.6094131,resting,fast,1787109113.923551,-6.400000095367432,-7.900000095367432,18.700000762939453,-0.1525000035762787,0.4569999873638153,-0.003000000026077032
1787109125.6207058,resting,fast,1787109113.923551,-6.400000095367432,-7.900000095367432,18.700000762939453,-0.1525000035762787,0.4569999873638153,-0.003000000026077032
1787109125.632099,resting,fast,1787109113.923551,-6.400000095367432,-7.900000095367432,18.700000762939453,-0.1525000035762787,0.4569999873638153,-0.003000000026077032
1787109125.6432626,resting,fast,1787109113.923551,-6.400000095367432,-7.900000095367432,18.700000762939453,-0.1525000035762787,0.4569999873638153,-0.003000000026077032
1787109125.6544983,resting,fast,1787109113.923551,-6.400000095367432,-7.900000095367432,18.700000762939453,-0.1525000035762787,0.4569999873638153,-0.003000000026077032
1787109125.6656878,resting,fast,1787109113.923551,-6.400000095367432,-7.900000095367432,18.700000762939453,-0.1525000035762787,0.4569999873638153,-0.003000000026077032
1787109125.676886,resting,fast,1787109113.923551,-6.400000095367432,-7.900000095367432,18.700000762939453,-0.1525000035762787,0.4569999873638153,-0.003000000026077032
1787109125.6880543,resting,fast,1787109113.923551,-6.400000095367432,-7.900000095367432,18.700000762939453,-0.1525000035762787,0.4569999873638153,-0.003000000026077032
1787109125.6993139,resting,fast,1787109113.923551,-6.400000095367432,-7.900000095367432,18.700000762939453,-0.1525000035762787,0.4569999873638153,-0.003000000026077032
1787109125.710465,resting,fast,1787109113.923551,-6.400000095367432,-7.900000095367432,18.700000762939453,-0.1525000035762787,0.4569999873638153,-0.003000000026077032
1787109125.7215981,resting,fast,1787109113.923551,-6.400000095367432,-7.900000095367432,18.700000762939453,-0.1525000035762787,0.4569999873638153,-0.003000000026077032
1787109125.732852,resting,fast,1787109113.923551,-6.400000095367432,-7.900000095367432,18.700000762939453,-0.1525000035762787,0.4569999873638153,-0.003000000026077032
1787109125.7440422,resting,fast,1787109113.923551,-5.739999771118164,-7.880000114440918,18.600000381469727,-0.13300000131130219,0.44350001215934753,-0.010999999940395355
1787109125.7552135,resting,fast,1787109113.923551,-5.739999771118164,-7.880000114440918,18.600000381469727,-0.13300000131130219,0.44350001215934753,-0.010999999940395355
1787109125.7663324,resting,fast,1787109113.923551,-5.739999771118164,-7.880000114440918,18.600000381469727,-0.13300000131130219,0.44350001215934753,-0.010999999940395355
1787109125.7775457,resting,fast,1787109113.923551,-5.739999771118164,-7.880000114440918,18.600000381469727,-0.13300000131130219,0.44350001215934753,-0.010999999940395355
1787109125.7888136,resting,fast,1787109113.923551,-5.739999771118164,-7.880000114440918,18.600000381469727,-0.13300000131130219,0.44350001215934753,-0.010999999940395355
1787109125.8001966,resting,fast,1787109113.923551,-5.739999771118164,-7.880000114440918,18.600000381469727,-0.13300000131130219,0.44350001215934753,-0.010999999940395355
1787109125.8112857,resting,fast,1787109113.923551,-5.739999771118164,-7.880000114440918,18.600000381469727,-0.13300000131130219,0.44350001215934753,-0.010999999940395355
1787109125.8224502,resting,fast,1787109113.923551,-5.739999771118164,-7.880000114440918,18.600000381469727,-0.13300000131130219,0.44350001215934753,-0.010999999940395355
1787109125.8336864,resting,fast,1787109113.923551,-5.739999771118164,-7.880000114440918,18.600000381469727,-0.13300000131130219,0.44350001215934753,-0.010999999940395355
1787109125.844817,resting,fast,1787109113.923551,-5.739999771118164,-7.880000114440918,18.600000381469727,-0.13300000131130219,0.44350001215934753,-0.010999999940395355
1787109125.8559566,resting,fast,1787109113.923551,-5.739999771118164,-7.880000114440918,18.600000381469727,-0.13300000131130219,0.44350001215934753,-0.010999999940395355
1787109125.8673432,resting,fast,1787109113.923551,-5.739999771118164,-7.880000114440918,18.600000381469727,-0.13300000131130219,0.44350001215934753,-0.010999999940395355
1787109125.8785262,resting,fast,1787109113.923551,-5.739999771118164,-7.880000114440918,18.600000381469727,-0.13300000131130219,0.44350001215934753,-0.010999999940395355
1787109125.8899143,resting,fast,1787109113.923551,-5.739999771118164,-7.880000114440918,18.600000381469727,-0.13300000131130219,0.44350001215934753,-0.010999999940395355
1787109125.901137,resting,fast,1787109113.923551,-5.739999771118164,-7.880000114440918,18.600000381469727,-0.13300000131130219,0.44350001215934753,-0.010999999940395355
1787109125.9123073,resting,fast,1787109113.923551,-5.739999771118164,-7.880000114440918,18.600000381469727,-0.13300000131130219,0.44350001215934753,-0.010999999940395355
1787109125.923567,resting,fast,1787109113.923551,-5.739999771118164,-7.880000114440918,18.600000381469727,-0.13300000131130219,0.44350001215934753,-0.010999999940395355
1787109125.9348772,resting,fast,1787109113.923551,-5.739999771118164,-7.880000114440918,18.600000381469727,-0.13300000131130219,0.44350001215934753,-0.010999999940395355
1787109125.9460707,resting,fast,1787109113.923551,-5.760000228881836,-7.739999771118164,17.940000534057617,-0.11949999630451202,0.4449999928474426,-0.0010000000474974513
1787109125.9571915,resting,fast,1787109113.923551,-5.760000228881836,-7.739999771118164,17.940000534057617,-0.11949999630451202,0.4449999928474426,-0.0010000000474974513
1787109125.9705365,resting,fast,1787109113.923551,-5.760000228881836,-7.739999771118164,17.940000534057617,-0.11949999630451202,0.4449999928474426,-0.0010000000474974513
1787109125.9816902,resting,fast,1787109113.923551,-5.760000228881836,-7.739999771118164,17.940000534057617,-0.11949999630451202,0.4449999928474426,-0.0010000000474974513
1787109125.9949846,resting,fast,1787109113.923551,-5.760000228881836,-7.739999771118164,17.940000534057617,-0.11949999630451202,0.4449999928474426,-0.0010000000474974513
1787109126.0062845,resting,fast,1787109113.923551,-5.760000228881836,-7.739999771118164,17.940000534057617,-0.11949999630451202,0.4449999928474426,-0.0010000000474974513
1787109126.017801,resting,fast,1787109113.923551,-5.760000228881836,-7.739999771118164,17.940000534057617,-0.11949999630451202,0.4449999928474426,-0.0010000000474974513
1787109126.0290887,resting,fast,1787109113.923551,-5.760000228881836,-7.739999771118164,17.940000534057617,-0.11949999630451202,0.4449999928474426,-0.0010000000474974513
1787109126.0404503,resting,fast,1787109113.923551,-5.760000228881836,-7.739999771118164,17.940000534057617,-0.11949999630451202,0.4449999928474426,-0.0010000000474974513
1787109126.0518234,resting,fast,1787109113.923551,-5.760000228881836,-7.739999771118164,17.940000534057617,-0.11949999630451202,0.4449999928474426,-0.0010000000474974513
1787109126.06322,resting,fast,1787109113.923551,-5.760000228881836,-7.739999771118164,17.940000534057617,-0.11949999630451202,0.4449999928474426,-0.0010000000474974513
1787109126.0744925,resting,fast,1787109113.923551,-5.760000228881836,-7.739999771118164,17.940000534057617,-0.11949999630451202,0.4449999928474426,-0.0010000000474974513
1787109126.085756,resting,fast,1787109113.923551,-5.760000228881836,-7.739999771118164,17.940000534057617,-0.11949999630451202,0.4449999928474426,-0.0010000000474974513
1787109126.0971763,resting,fast,1787109113.923551,-5.760000228881836,-7.739999771118164,17.940000534057617,-0.11949999630451202,0.4449999928474426,-0.0010000000474974513
1787109126.1083229,resting,fast,1787109113.923551,-5.760000228881836,-7.739999771118164,17.940000534057617,-0.11949999630451202,0.4449999928474426,-0.0010000000474974513
1787109126.119409,resting,fast,1787109113.923551,-5.760000228881836,-7.739999771118164,17.940000534057617,-0.11949999630451202,0.4449999928474426,-0.0010000000474974513
1787109126.1305811,resting,fast,1787109113.923551,-5.760000228881836,-7.739999771118164,17.940000534057617,-0.11949999630451202,0.4449999928474426,-0.0010000000474974513
1787109126.141757,resting,fast,1787109113.923551,-5.039999961853027,-7.639999866485596,17.84000015258789,-0.13449999690055847,0.4345000088214874,0.012000000104308128
1787109126.1528409,resting,fast,1787109113.923551,-5.039999961853027,-7.639999866485596,17.84000015258789,-0.13449999690055847,0.4345000088214874,0.012000000104308128
1787109126.1640155,resting,fast,1787109113.923551,-5.039999961853027,-7.639999866485596,17.84000015258789,-0.13449999690055847,0.4345000088214874,0.012000000104308128
1787109126.1753025,resting,fast,1787109113.923551,-5.039999961853027,-7.639999866485596,17.84000015258789,-0.13449999690055847,0.4345000088214874,0.012000000104308128
1787109126.186365,resting,fast,1787109113.923551,-5.039999961853027,-7.639999866485596,17.84000015258789,-0.13449999690055847,0.4345000088214874,0.012000000104308128
1787109126.1975915,resting,fast,1787109113.923551,-5.039999961853027,-7.639999866485596,17.84000015258789,-0.13449999690055847,0.4345000088214874,0.012000000104308128
1787109126.2085512,resting,fast,1787109113.923551,-5.039999961853027,-7.639999866485596,17.84000015258789,-0.13449999690055847,0.4345000088214874,0.012000000104308128
1787109126.2196667,resting,fast,1787109113.923551,-5.039999961853027,-7.639999866485596,17.84000015258789,-0.13449999690055847,0.4345000088214874,0.012000000104308128
1787109126.2309778,resting,fast,1787109113.923551,-5.039999961853027,-7.639999866485596,17.84000015258789,-0.13449999690055847,0.4345000088214874,0.012000000104308128
1787109126.242105,resting,fast,1787109113.923551,-5.039999961853027,-7.639999866485596,17.84000015258789,-0.13449999690055847,0.4345000088214874,0.012000000104308128
1787109126.2533977,resting,fast,1787109113.923551,-5.039999961853027,-7.639999866485596,17.84000015258789,-0.13449999690055847,0.4345000088214874,0.012000000104308128
1787109126.26442,resting,fast,1787109113.923551,-5.039999961853027,-7.639999866485596,17.84000015258789,-0.13449999690055847,0.4345000088214874,0.012000000104308128
1787109126.2757015,resting,fast,1787109113.923551,-5.039999961853027,-7.639999866485596,17.84000015258789,-0.13449999690055847,0.4345000088214874,0.012000000104308128
1787109126.286857,resting,fast,1787109113.923551,-5.039999961853027,-7.639999866485596,17.84000015258789,-0.13449999690055847,0.4345000088214874,0.012000000104308128
1787109126.29807,resting,fast,1787109113.923551,-5.039999961853027,-7.639999866485596,17.84000015258789,-0.13449999690055847,0.4345000088214874,0.012000000104308128
1787109126.309375,resting,fast,1787109113.923551,-5.039999961853027,-7.639999866485596,17.84000015258789,-0.13449999690055847,0.4345000088214874,0.012000000104308128
1787109126.3206737,resting,fast,1787109113.923551,-5.039999961853027,-7.639999866485596,17.84000015258789,-0.13449999690055847,0.4345000088214874,0.012000000104308128
1787109126.331827,resting,fast,1787109113.923551,-5.039999961853027,-7.639999866485596,17.84000015258789,-0.13449999690055847,0.4345000088214874,0.012000000104308128
1787109126.342536,resting,fast,1787109113.923551,-5.559999942779541,-7.760000228881836,17.559999465942383,-0.13300000131130219,0.4334999918937683,0.008500000461935997
1787109126.353267,resting,fast,1787109113.923551,-5.559999942779541,-7.760000228881836,17.559999465942383,-0.13300000131130219,0.4334999918937683,0.008500000461935997
1787109126.3638594,resting,fast,1787109113.923551,-5.559999942779541,-7.760000228881836,17.559999465942383,-0.13300000131130219,0.4334999918937683,0.008500000461935997
1787109126.374584,resting,fast,1787109113.923551,-5.559999942779541,-7.760000228881836,17.559999465942383,-0.13300000131130219,0.4334999918937683,0.008500000461935997
1787109126.385141,resting,fast,1787109113.923551,-5.559999942779541,-7.760000228881836,17.559999465942383,-0.13300000131130219,0.4334999918937683,0.008500000461935997
1787109126.3956838,resting,fast,1787109113.923551,-5.559999942779541,-7.760000228881836,17.559999465942383,-0.13300000131130219,0.4334999918937683,0.008500000461935997
1787109126.4062314,resting,fast,1787109113.923551,-5.559999942779541,-7.760000228881836,17.559999465942383,-0.13300000131130219,0.4334999918937683,0.008500000461935997
1787109126.4168308,resting,fast,1787109113.923551,-5.559999942779541,-7.760000228881836,17.559999465942383,-0.13300000131130219,0.4334999918937683,0.008500000461935997
1787109126.427431,resting,fast,1787109113.923551,-5.559999942779541,-7.760000228881836,17.559999465942383,-0.13300000131130219,0.4334999918937683,0.008500000461935997
1787109126.4380178,resting,fast,1787109113.923551,-5.559999942779541,-7.760000228881836,17.559999465942383,-0.13300000131130219,0.4334999918937683,0.008500000461935997
1787109126.448619,resting,fast,1787109113.923551,-5.559999942779541,-7.760000228881836,17.559999465942383,-0.13300000131130219,0.4334999918937683,0.008500000461935997
1787109126.45915,resting,fast,1787109113.923551,-5.559999942779541,-7.760000228881836,17.559999465942383,-0.13300000131130219,0.4334999918937683,0.008500000461935997
1787109126.469714,resting,fast,1787109113.923551,-5.559999942779541,-7.760000228881836,17.559999465942383,-0.13300000131130219,0.4334999918937683,0.008500000461935997
1787109126.4802597,resting,fast,1787109113.923551,-5.559999942779541,-7.760000228881836,17.559999465942383,-0.13300000131130219,0.4334999918937683,0.008500000461935997
1787109126.4907658,resting,fast,1787109113.923551,-5.559999942779541,-7.760000228881836,17.559999465942383,-0.13300000131130219,0.4334999918937683,0.008500000461935997
1787109126.5013435,resting,fast,1787109113.923551,-5.559999942779541,-7.760000228881836,17.559999465942383,-0.13300000131130219,0.4334999918937683,0.008500000461935997
1787109126.512167,resting,fast,1787109113.923551,-5.559999942779541,-7.760000228881836,17.559999465942383,-0.13300000131130219,0.4334999918937683,0.008500000461935997
1787109126.5245078,resting,fast,1787109113.923551,-5.559999942779541,-7.760000228881836,17.559999465942383,-0.13300000131130219,0.4334999918937683,0.008500000461935997
1787109126.5354319,resting,fast,1787109113.923551,-5.559999942779541,-7.760000228881836,17.559999465942383,-0.13300000131130219,0.4334999918937683,0.008500000461935997
1787109126.5462155,resting,fast,1787109113.923551,-5.579999923706055,-7.920000076293945,17.520000457763672,-0.13750000298023224,0.4465000033378601,0.006500000134110451
1787109126.5571105,resting,fast,1787109113.923551,-5.579999923706055,-7.920000076293945,17.520000457763672,-0.13750000298023224,0.4465000033378601,0.006500000134110451
1787109126.5679493,resting,fast,1787109113.923551,-5.579999923706055,-7.920000076293945,17.520000457763672,-0.13750000298023224,0.4465000033378601,0.006500000134110451
1787109126.5787086,resting,fast,1787109113.923551,-5.579999923706055,-7.920000076293945,17.520000457763672,-0.13750000298023224,0.4465000033378601,0.006500000134110451
1787109126.5894406,resting,fast,1787109113.923551,-5.579999923706055,-7.920000076293945,17.520000457763672,-0.13750000298023224,0.4465000033378601,0.006500000134110451
1787109126.6002817,resting,fast,1787109113.923551,-5.579999923706055,-7.920000076293945,17.520000457763672,-0.13750000298023224,0.4465000033378601,0.006500000134110451
1787109126.6111274,resting,fast,1787109113.923551,-5.579999923706055,-7.920000076293945,17.520000457763672,-0.13750000298023224,0.4465000033378601,0.006500000134110451
1787109126.6229124,resting,fast,1787109113.923551,-5.579999923706055,-7.920000076293945,17.520000457763672,-0.13750000298023224,0.4465000033378601,0.006500000134110451
1787109126.633611,resting,fast,1787109113.923551,-5.579999923706055,-7.920000076293945,17.520000457763672,-0.13750000298023224,0.4465000033378601,0.006500000134110451
1787109126.6444497,resting,fast,1787109113.923551,-5.579999923706055,-7.920000076293945,17.520000457763672,-0.13750000298023224,0.4465000033378601,0.006500000134110451
1787109126.6567042,resting,fast,1787109113.923551,-5.579999923706055,-7.920000076293945,17.520000457763672,-0.13750000298023224,0.4465000033378601,0.006500000134110451
1787109126.6673856,resting,fast,1787109113.923551,-5.579999923706055,-7.920000076293945,17.520000457763672,-0.13750000298023224,0.4465000033378601,0.006500000134110451
1787109126.6781683,resting,fast,1787109113.923551,-5.579999923706055,-7.920000076293945,17.520000457763672,-0.13750000298023224,0.4465000033378601,0.006500000134110451
1787109126.690599,resting,fast,1787109113.923551,-5.579999923706055,-7.920000076293945,17.520000457763672,-0.13750000298023224,0.4465000033378601,0.006500000134110451
1787109126.7014346,resting,fast,1787109113.923551,-5.579999923706055,-7.920000076293945,17.520000457763672,-0.13750000298023224,0.4465000033378601,0.006500000134110451
1787109126.7122266,resting,fast,1787109113.923551,-5.579999923706055,-7.920000076293945,17.520000457763672,-0.13750000298023224,0.4465000033378601,0.006500000134110451
1787109126.7230077,resting,fast,1787109113.923551,-5.579999923706055,-7.920000076293945,17.520000457763672,-0.13750000298023224,0.4465000033378601,0.006500000134110451
1787109126.733655,resting,fast,1787109113.923551,-5.579999923706055,-7.920000076293945,17.520000457763672,-0.13750000298023224,0.4465000033378601,0.006500000134110451
1787109126.7446148,resting,fast,1787109113.923551,-6.019999980926514,-8.0,17.920000076293945,-0.13500000536441803,0.45399999618530273,0.0010000000474974513
1787109126.7557657,resting,fast,1787109113.923551,-6.019999980926514,-8.0,17.920000076293945,-0.13500000536441803,0.45399999618530273,0.0010000000474974513
1787109126.7665598,resting,fast,1787109113.923551,-6.019999980926514,-8.0,17.920000076293945,-0.13500000536441803,0.45399999618530273,0.0010000000474974513
1787109126.7772436,resting,fast,1787109113.923551,-6.019999980926514,-8.0,17.920000076293945,-0.13500000536441803,0.45399999618530273,0.0010000000474974513
1787109126.7888145,resting,fast,1787109113.923551,-6.019999980926514,-8.0,17.920000076293945,-0.13500000536441803,0.45399999618530273,0.0010000000474974513
1787109126.799362,resting,fast,1787109113.923551,-6.019999980926514,-8.0,17.920000076293945,-0.13500000536441803,0.45399999618530273,0.0010000000474974513
1787109126.81008,resting,fast,1787109113.923551,-6.019999980926514,-8.0,17.920000076293945,-0.13500000536441803,0.45399999618530273,0.0010000000474974513
1787109126.8225086,resting,fast,1787109113.923551,-6.019999980926514,-8.0,17.920000076293945,-0.13500000536441803,0.45399999618530273,0.0010000000474974513
1787109126.8331716,resting,fast,1787109113.923551,-6.019999980926514,-8.0,17.920000076293945,-0.13500000536441803,0.45399999618530273,0.0010000000474974513
1787109126.8438299,resting,fast,1787109113.923551,-6.019999980926514,-8.0,17.920000076293945,-0.13500000536441803,0.45399999618530273,0.0010000000474974513
1787109126.8564856,resting,fast,1787109113.923551,-6.019999980926514,-8.0,17.920000076293945,-0.13500000536441803,0.45399999618530273,0.0010000000474974513
1787109126.867289,resting,fast,1787109113.923551,-6.019999980926514,-8.0,17.920000076293945,-0.13500000536441803,0.45399999618530273,0.0010000000474974513
1787109126.8779032,resting,fast,1787109113.923551,-6.019999980926514,-8.0,17.920000076293945,-0.13500000536441803,0.45399999618530273,0.0010000000474974513
1787109126.890098,resting,fast,1787109113.923551,-6.019999980926514,-8.0,17.920000076293945,-0.13500000536441803,0.45399999618530273,0.0010000000474974513
1787109126.900819,resting,fast,1787109113.923551,-6.019999980926514,-8.0,17.920000076293945,-0.13500000536441803,0.45399999618530273,0.0010000000474974513
1787109126.9115567,resting,fast,1787109113.923551,-6.019999980926514,-8.0,17.920000076293945,-0.13500000536441803,0.45399999618530273,0.0010000000474974513
1787109126.9221532,resting,fast,1787109113.923551,-6.019999980926514,-8.0,17.920000076293945,-0.13500000536441803,0.45399999618530273,0.0010000000474974513
1787109126.9328432,resting,fast,1787109113.923551,-6.019999980926514,-8.0,17.920000076293945,-0.13500000536441803,0.45399999618530273,0.0010000000474974513
1787109126.9434745,resting,fast,1787109113.923551,-5.619999885559082,-8.220000267028809,18.139999389648438,-0.15049999952316284,0.445499986410141,0.005499999970197678
1787109126.9556518,resting,fast,1787109113.923551,-5.619999885559082,-8.220000267028809,18.139999389648438,-0.15049999952316284,0.445499986410141,0.005499999970197678
1787109126.9663467,resting,fast,1787109113.923551,-5.619999885559082,-8.220000267028809,18.139999389648438,-0.15049999952316284,0.445499986410141,0.005499999970197678
1787109126.9771888,resting,fast,1787109113.923551,-5.619999885559082,-8.220000267028809,18.139999389648438,-0.15049999952316284,0.445499986410141,0.005499999970197678
1787109126.988841,resting,fast,1787109113.923551,-5.619999885559082,-8.220000267028809,18.139999389648438,-0.15049999952316284,0.445499986410141,0.005499999970197678
1787109126.9999382,resting,fast,1787109113.923551,-5.619999885559082,-8.220000267028809,18.139999389648438,-0.15049999952316284,0.445499986410141,0.005499999970197678
1787109127.0108593,resting,fast,1787109113.923551,-5.619999885559082,-8.220000267028809,18.139999389648438,-0.15049999952316284,0.445499986410141,0.005499999970197678
1787109127.0216086,resting,fast,1787109113.923551,-5.619999885559082,-8.220000267028809,18.139999389648438,-0.15049999952316284,0.445499986410141,0.005499999970197678
1787109127.0326698,resting,fast,1787109113.923551,-5.619999885559082,-8.220000267028809,18.139999389648438,-0.15049999952316284,0.445499986410141,0.005499999970197678
1787109127.0436347,resting,fast,1787109113.923551,-5.619999885559082,-8.220000267028809,18.139999389648438,-0.15049999952316284,0.445499986410141,0.005499999970197678
1787109127.0550377,resting,fast,1787109113.923551,-5.619999885559082,-8.220000267028809,18.139999389648438,-0.15049999952316284,0.445499986410141,0.005499999970197678
1787109127.0659642,resting,fast,1787109113.923551,-5.619999885559082,-8.220000267028809,18.139999389648438,-0.15049999952316284,0.445499986410141,0.005499999970197678
1787109127.0769792,resting,fast,1787109113.923551,-5.619999885559082,-8.220000267028809,18.139999389648438,-0.15049999952316284,0.445499986410141,0.005499999970197678
1787109127.0893512,resting,fast,1787109113.923551,-5.619999885559082,-8.220000267028809,18.139999389648438,-0.15049999952316284,0.445499986410141,0.005499999970197678
1787109127.1003835,resting,fast,1787109113.923551,-5.619999885559082,-8.220000267028809,18.139999389648438,-0.15049999952316284,0.445499986410141,0.005499999970197678
1787109127.1114452,resting,fast,1787109113.923551,-5.619999885559082,-8.220000267028809,18.139999389648438,-0.15049999952316284,0.445499986410141,0.005499999970197678
1787109127.12227,resting,fast,1787109113.923551,-5.619999885559082,-8.220000267028809,18.139999389648438,-0.15049999952316284,0.445499986410141,0.005499999970197678
1787109127.1333454,resting,fast,1787109113.923551,-5.619999885559082,-8.220000267028809,18.139999389648438,-0.15049999952316284,0.445499986410141,0.005499999970197678
1787109127.1443245,resting,fast,1787109113.923551,-5.539999961853027,-8.100000381469727,18.440000534057617,-0.13650000095367432,0.4505000114440918,0.020999999716877937
1787109127.155301,resting,fast,1787109113.923551,-5.539999961853027,-8.100000381469727,18.440000534057617,-0.13650000095367432,0.4505000114440918,0.020999999716877937
1787109127.1661975,resting,fast,1787109113.923551,-5.539999961853027,-8.100000381469727,18.440000534057617,-0.13650000095367432,0.4505000114440918,0.020999999716877937
1787109127.1771479,resting,fast,1787109113.923551,-5.539999961853027,-8.100000381469727,18.440000534057617,-0.13650000095367432,0.4505000114440918,0.020999999716877937
1787109127.1881964,resting,fast,1787109113.923551,-5.539999961853027,-8.100000381469727,18.440000534057617,-0.13650000095367432,0.4505000114440918,0.020999999716877937
1787109127.199125,resting,fast,1787109113.923551,-5.539999961853027,-8.100000381469727,18.440000534057617,-0.13650000095367432,0.4505000114440918,0.020999999716877937
1787109127.2098522,resting,fast,1787109113.923551,-5.539999961853027,-8.100000381469727,18.440000534057617,-0.13650000095367432,0.4505000114440918,0.020999999716877937
1787109127.2217464,resting,fast,1787109113.923551,-5.539999961853027,-8.100000381469727,18.440000534057617,-0.13650000095367432,0.4505000114440918,0.020999999716877937
1787109127.232369,resting,fast,1787109113.923551,-5.539999961853027,-8.100000381469727,18.440000534057617,-0.13650000095367432,0.4505000114440918,0.020999999716877937
1787109127.2432163,resting,fast,1787109113.923551,-5.539999961853027,-8.100000381469727,18.440000534057617,-0.13650000095367432,0.4505000114440918,0.020999999716877937
1787109127.2550526,resting,fast,1787109113.923551,-5.539999961853027,-8.100000381469727,18.440000534057617,-0.13650000095367432,0.4505000114440918,0.020999999716877937
1787109127.2655926,resting,fast,1787109113.923551,-5.539999961853027,-8.100000381469727,18.440000534057617,-0.13650000095367432,0.4505000114440918,0.020999999716877937
1787109127.2761278,resting,fast,1787109113.923551,-5.539999961853027,-8.100000381469727,18.440000534057617,-0.13650000095367432,0.4505000114440918,0.020999999716877937
1787109127.2877173,resting,fast,1787109113.923551,-5.539999961853027,-8.100000381469727,18.440000534057617,-0.13650000095367432,0.4505000114440918,0.020999999716877937
1787109127.2982242,resting,fast,1787109113.923551,-5.539999961853027,-8.100000381469727,18.440000534057617,-0.13650000095367432,0.4505000114440918,0.020999999716877937
1787109127.3088036,resting,fast,1787109113.923551,-5.539999961853027,-8.100000381469727,18.440000534057617,-0.13650000095367432,0.4505000114440918,0.020999999716877937
1787109127.319374,resting,fast,1787109113.923551,-5.539999961853027,-8.100000381469727,18.440000534057617,-0.13650000095367432,0.4505000114440918,0.020999999716877937
1787109127.3320494,resting,fast,1787109113.923551,-5.539999961853027,-8.100000381469727,18.440000534057617,-0.13650000095367432,0.4505000114440918,0.020999999716877937
1787109127.3429327,resting,fast,1787109113.923551,-6.119999885559082,-7.880000114440918,17.959999084472656,-0.1459999978542328,0.4404999911785126,-0.004000000189989805
1787109127.355011,resting,fast,1787109113.923551,-6.119999885559082,-7.880000114440918,17.959999084472656,-0.1459999978542328,0.4404999911785126,-0.004000000189989805
1787109127.3661869,resting,fast,1787109113.923551,-6.119999885559082,-7.880000114440918,17.959999084472656,-0.1459999978542328,0.4404999911785126,-0.004000000189989805
1787109127.3772197,resting,fast,1787109113.923551,-6.119999885559082,-7.880000114440918,17.959999084472656,-0.1459999978542328,0.4404999911785126,-0.004000000189989805
1787109127.3884025,resting,fast,1787109113.923551,-6.119999885559082,-7.880000114440918,17.959999084472656,-0.1459999978542328,0.4404999911785126,-0.004000000189989805
1787109127.3995965,resting,fast,1787109113.923551,-6.119999885559082,-7.880000114440918,17.959999084472656,-0.1459999978542328,0.4404999911785126,-0.004000000189989805
1787109127.4103873,resting,fast,1787109113.923551,-6.119999885559082,-7.880000114440918,17.959999084472656,-0.1459999978542328,0.4404999911785126,-0.004000000189989805
1787109127.4213269,resting,fast,1787109113.923551,-6.119999885559082,-7.880000114440918,17.959999084472656,-0.1459999978542328,0.4404999911785126,-0.004000000189989805
1787109127.4322286,resting,fast,1787109113.923551,-6.119999885559082,-7.880000114440918,17.959999084472656,-0.1459999978542328,0.4404999911785126,-0.004000000189989805
1787109127.4432147,resting,fast,1787109113.923551,-6.119999885559082,-7.880000114440918,17.959999084472656,-0.1459999978542328,0.4404999911785126,-0.004000000189989805
1787109127.4542768,resting,fast,1787109113.923551,-6.119999885559082,-7.880000114440918,17.959999084472656,-0.1459999978542328,0.4404999911785126,-0.004000000189989805
1787109127.4653,resting,fast,1787109113.923551,-6.119999885559082,-7.880000114440918,17.959999084472656,-0.1459999978542328,0.4404999911785126,-0.004000000189989805
1787109127.4765813,resting,fast,1787109113.923551,-6.119999885559082,-7.880000114440918,17.959999084472656,-0.1459999978542328,0.4404999911785126,-0.004000000189989805
1787109127.4874365,resting,fast,1787109113.923551,-6.119999885559082,-7.880000114440918,17.959999084472656,-0.1459999978542328,0.4404999911785126,-0.004000000189989805
1787109127.498553,resting,fast,1787109113.923551,-6.119999885559082,-7.880000114440918,17.959999084472656,-0.1459999978542328,0.4404999911785126,-0.004000000189989805
1787109127.5094573,resting,fast,1787109113.923551,-6.119999885559082,-7.880000114440918,17.959999084472656,-0.1459999978542328,0.4404999911785126,-0.004000000189989805
1787109127.520531,resting,fast,1787109113.923551,-6.119999885559082,-7.880000114440918,17.959999084472656,-0.1459999978542328,0.4404999911785126,-0.004000000189989805
1787109127.5313993,resting,fast,1787109113.923551,-6.119999885559082,-7.880000114440918,17.959999084472656,-0.1459999978542328,0.4404999911785126,-0.004000000189989805
1787109127.5422852,resting,fast,1787109113.923551,-5.960000038146973,-8.539999961853027,17.84000015258789,-0.15549999475479126,0.44850000739097595,0.005499999970197678
1787109127.5532746,resting,fast,1787109113.923551,-5.960000038146973,-8.539999961853027,17.84000015258789,-0.15549999475479126,0.44850000739097595,0.005499999970197678
1787109127.5643077,resting,fast,1787109113.923551,-5.960000038146973,-8.539999961853027,17.84000015258789,-0.15549999475479126,0.44850000739097595,0.005499999970197678
1787109127.5753584,resting,fast,1787109113.923551,-5.960000038146973,-8.539999961853027,17.84000015258789,-0.15549999475479126,0.44850000739097595,0.005499999970197678
1787109127.5863578,resting,fast,1787109113.923551,-5.960000038146973,-8.539999961853027,17.84000015258789,-0.15549999475479126,0.44850000739097595,0.005499999970197678
1787109127.5973501,resting,fast,1787109113.923551,-5.960000038146973,-8.539999961853027,17.84000015258789,-0.15549999475479126,0.44850000739097595,0.005499999970197678
1787109127.6083198,resting,fast,1787109113.923551,-5.960000038146973,-8.539999961853027,17.84000015258789,-0.15549999475479126,0.44850000739097595,0.005499999970197678
1787109127.6192865,resting,fast,1787109113.923551,-5.960000038146973,-8.539999961853027,17.84000015258789,-0.15549999475479126,0.44850000739097595,0.005499999970197678
1787109127.6303616,resting,fast,1787109113.923551,-5.960000038146973,-8.539999961853027,17.84000015258789,-0.15549999475479126,0.44850000739097595,0.005499999970197678
1787109127.6414626,resting,fast,1787109113.923551,-5.960000038146973,-8.539999961853027,17.84000015258789,-0.15549999475479126,0.44850000739097595,0.005499999970197678
1787109127.6526837,resting,fast,1787109113.923551,-5.960000038146973,-8.539999961853027,17.84000015258789,-0.15549999475479126,0.44850000739097595,0.005499999970197678
1787109127.6639178,resting,fast,1787109113.923551,-5.960000038146973,-8.539999961853027,17.84000015258789,-0.15549999475479126,0.44850000739097595,0.005499999970197678
1787109127.6749558,resting,fast,1787109113.923551,-5.960000038146973,-8.539999961853027,17.84000015258789,-0.15549999475479126,0.44850000739097595,0.005499999970197678
1787109127.6867373,resting,fast,1787109113.923551,-5.960000038146973,-8.539999961853027,17.84000015258789,-0.15549999475479126,0.44850000739097595,0.005499999970197678
1787109127.697576,resting,fast,1787109113.923551,-5.960000038146973,-8.539999961853027,17.84000015258789,-0.15549999475479126,0.44850000739097595,0.005499999970197678
1787109127.7080936,resting,fast,1787109113.923551,-5.960000038146973,-8.539999961853027,17.84000015258789,-0.15549999475479126,0.44850000739097595,0.005499999970197678
1787109127.7205968,resting,fast,1787109113.923551,-5.960000038146973,-8.539999961853027,17.84000015258789,-0.15549999475479126,0.44850000739097595,0.005499999970197678
1787109127.7311924,resting,fast,1787109113.923551,-5.960000038146973,-8.539999961853027,17.84000015258789,-0.15549999475479126,0.44850000739097595,0.005499999970197678
1787109127.7421553,resting,fast,1787109113.923551,-5.980000019073486,-7.880000114440918,18.219999313354492,-0.14749999344348907,0.4505000114440918,0.003000000026077032
1787109127.752994,resting,fast,1787109113.923551,-5.980000019073486,-7.880000114440918,18.219999313354492,-0.14749999344348907,0.4505000114440918,0.003000000026077032
1787109127.7637815,resting,fast,1787109113.923551,-5.980000019073486,-7.880000114440918,18.219999313354492,-0.14749999344348907,0.4505000114440918,0.003000000026077032
1787109127.7745597,resting,fast,1787109113.923551,-5.980000019073486,-7.880000114440918,18.219999313354492,-0.14749999344348907,0.4505000114440918,0.003000000026077032
1787109127.7864313,resting,fast,1787109113.923551,-5.980000019073486,-7.880000114440918,18.219999313354492,-0.14749999344348907,0.4505000114440918,0.003000000026077032
1787109127.7975686,resting,fast,1787109113.923551,-5.980000019073486,-7.880000114440918,18.219999313354492,-0.14749999344348907,0.4505000114440918,0.003000000026077032
1787109127.8085945,resting,fast,1787109113.923551,-5.980000019073486,-7.880000114440918,18.219999313354492,-0.14749999344348907,0.4505000114440918,0.003000000026077032
1787109127.8195577,resting,fast,1787109113.923551,-5.980000019073486,-7.880000114440918,18.219999313354492,-0.14749999344348907,0.4505000114440918,0.003000000026077032
1787109127.830555,resting,fast,1787109113.923551,-5.980000019073486,-7.880000114440918,18.219999313354492,-0.14749999344348907,0.4505000114440918,0.003000000026077032
1787109127.8417404,resting,fast,1787109113.923551,-5.980000019073486,-7.880000114440918,18.219999313354492,-0.14749999344348907,0.4505000114440918,0.003000000026077032
1787109127.853002,resting,fast,1787109113.923551,-5.980000019073486,-7.880000114440918,18.219999313354492,-0.14749999344348907,0.4505000114440918,0.003000000026077032
1787109127.864189,resting,fast,1787109113.923551,-5.980000019073486,-7.880000114440918,18.219999313354492,-0.14749999344348907,0.4505000114440918,0.003000000026077032
1787109127.8753471,resting,fast,1787109113.923551,-5.980000019073486,-7.880000114440918,18.219999313354492,-0.14749999344348907,0.4505000114440918,0.003000000026077032
1787109127.8865366,resting,fast,1787109113.923551,-5.980000019073486,-7.880000114440918,18.219999313354492,-0.14749999344348907,0.4505000114440918,0.003000000026077032
1787109127.897854,resting,fast,1787109113.923551,-5.980000019073486,-7.880000114440918,18.219999313354492,-0.14749999344348907,0.4505000114440918,0.003000000026077032
1787109127.9090965,resting,fast,1787109113.923551,-5.980000019073486,-7.880000114440918,18.219999313354492,-0.14749999344348907,0.4505000114440918,0.003000000026077032
1787109127.920328,resting,fast,1787109113.923551,-5.980000019073486,-7.880000114440918,18.219999313354492,-0.14749999344348907,0.4505000114440918,0.003000000026077032
1787109127.931447,resting,fast,1787109113.923551,-5.980000019073486,-7.880000114440918,18.219999313354492,-0.14749999344348907,0.4505000114440918,0.003000000026077032
1787109127.9425094,resting,fast,1787109113.923551,-5.460000038146973,-7.71999979019165,17.84000015258789,-0.12549999356269836,0.4410000145435333,0.01600000075995922
1787109127.9536893,resting,fast,1787109113.923551,-5.460000038146973,-7.71999979019165,17.84000015258789,-0.12549999356269836,0.4410000145435333,0.01600000075995922
1787109127.964981,resting,fast,1787109113.923551,-5.460000038146973,-7.71999979019165,17.84000015258789,-0.12549999356269836,0.4410000145435333,0.01600000075995922
1787109127.9761634,resting,fast,1787109113.923551,-5.460000038146973,-7.71999979019165,17.84000015258789,-0.12549999356269836,0.4410000145435333,0.01600000075995922
1787109127.9873078,resting,fast,1787109113.923551,-5.460000038146973,-7.71999979019165,17.84000015258789,-0.12549999356269836,0.4410000145435333,0.01600000075995922
1787109127.9986138,resting,fast,1787109113.923551,-5.460000038146973,-7.71999979019165,17.84000015258789,-0.12549999356269836,0.4410000145435333,0.01600000075995922
1787109128.0094519,resting,fast,1787109113.923551,-5.460000038146973,-7.71999979019165,17.84000015258789,-0.12549999356269836,0.4410000145435333,0.01600000075995922
1787109128.0204546,resting,fast,1787109113.923551,-5.460000038146973,-7.71999979019165,17.84000015258789,-0.12549999356269836,0.4410000145435333,0.01600000075995922
1787109128.0314374,resting,fast,1787109113.923551,-5.460000038146973,-7.71999979019165,17.84000015258789,-0.12549999356269836,0.4410000145435333,0.01600000075995922
1787109128.0426679,resting,fast,1787109113.923551,-5.460000038146973,-7.71999979019165,17.84000015258789,-0.12549999356269836,0.4410000145435333,0.01600000075995922
1787109128.0537066,resting,fast,1787109113.923551,-5.460000038146973,-7.71999979019165,17.84000015258789,-0.12549999356269836,0.4410000145435333,0.01600000075995922
1787109128.0646472,resting,fast,1787109113.923551,-5.460000038146973,-7.71999979019165,17.84000015258789,-0.12549999356269836,0.4410000145435333,0.01600000075995922
1787109128.075876,resting,fast,1787109113.923551,-5.460000038146973,-7.71999979019165,17.84000015258789,-0.12549999356269836,0.4410000145435333,0.01600000075995922
1787109128.0871155,resting,fast,1787109113.923551,-5.460000038146973,-7.71999979019165,17.84000015258789,-0.12549999356269836,0.4410000145435333,0.01600000075995922
1787109128.0981877,resting,fast,1787109113.923551,-5.460000038146973,-7.71999979019165,17.84000015258789,-0.12549999356269836,0.4410000145435333,0.01600000075995922
1787109128.1092317,resting,fast,1787109113.923551,-5.460000038146973,-7.71999979019165,17.84000015258789,-0.12549999356269836,0.4410000145435333,0.01600000075995922
1787109128.1201842,resting,fast,1787109113.923551,-5.460000038146973,-7.71999979019165,17.84000015258789,-0.12549999356269836,0.4410000145435333,0.01600000075995922
1787109128.131147,resting,fast,1787109113.923551,-5.460000038146973,-7.71999979019165,17.84000015258789,-0.12549999356269836,0.4410000145435333,0.01600000075995922
1787109128.1422856,resting,fast,1787109113.923551,-5.840000152587891,-8.5,18.100000381469727,-0.12999999523162842,0.45750001072883606,0.013500000350177288
1787109128.1535249,resting,fast,1787109113.923551,-5.840000152587891,-8.5,18.100000381469727,-0.12999999523162842,0.45750001072883606,0.013500000350177288
1787109128.1646943,resting,fast,1787109113.923551,-5.840000152587891,-8.5,18.100000381469727,-0.12999999523162842,0.45750001072883606,0.013500000350177288
1787109128.175842,resting,fast,1787109113.923551,-5.840000152587891,-8.5,18.100000381469727,-0.12999999523162842,0.45750001072883606,0.013500000350177288
1787109128.1870701,resting,fast,1787109113.923551,-5.840000152587891,-8.5,18.100000381469727,-0.12999999523162842,0.45750001072883606,0.013500000350177288
1787109128.198273,resting,fast,1787109113.923551,-5.840000152587891,-8.5,18.100000381469727,-0.12999999523162842,0.45750001072883606,0.013500000350177288
1787109128.2093503,resting,fast,1787109113.923551,-5.840000152587891,-8.5,18.100000381469727,-0.12999999523162842,0.45750001072883606,0.013500000350177288
1787109128.2204735,resting,fast,1787109113.923551,-5.840000152587891,-8.5,18.100000381469727,-0.12999999523162842,0.45750001072883606,0.013500000350177288
1787109128.231665,resting,fast,1787109113.923551,-5.840000152587891,-8.5,18.100000381469727,-0.12999999523162842,0.45750001072883606,0.013500000350177288
1787109128.242752,resting,fast,1787109113.923551,-5.840000152587891,-8.5,18.100000381469727,-0.12999999523162842,0.45750001072883606,0.013500000350177288
1787109128.2539287,resting,fast,1787109113.923551,-5.840000152587891,-8.5,18.100000381469727,-0.12999999523162842,0.45750001072883606,0.013500000350177288
1787109128.264992,resting,fast,1787109113.923551,-5.840000152587891,-8.5,18.100000381469727,-0.12999999523162842,0.45750001072883606,0.013500000350177288
1787109128.2760181,resting,fast,1787109113.923551,-5.840000152587891,-8.5,18.100000381469727,-0.12999999523162842,0.45750001072883606,0.013500000350177288
1787109128.287211,resting,fast,1787109113.923551,-5.840000152587891,-8.5,18.100000381469727,-0.12999999523162842,0.45750001072883606,0.013500000350177288
1787109128.2982588,resting,fast,1787109113.923551,-5.840000152587891,-8.5,18.100000381469727,-0.12999999523162842,0.45750001072883606,0.013500000350177288
1787109128.3092797,resting,fast,1787109113.923551,-5.840000152587891,-8.5,18.100000381469727,-0.12999999523162842,0.45750001072883606,0.013500000350177288
1787109128.3203745,resting,fast,1787109113.923551,-5.840000152587891,-8.5,18.100000381469727,-0.12999999523162842,0.45750001072883606,0.013500000350177288
1787109128.3311744,resting,fast,1787109113.923551,-5.840000152587891,-8.5,18.100000381469727,-0.12999999523162842,0.45750001072883606,0.013500000350177288
1787109128.341925,resting,fast,1787109113.923551,-5.139999866485596,-8.119999885559082,17.899999618530273,-0.14000000059604645,0.4410000145435333,0.023499999195337296
1787109128.352748,resting,fast,1787109113.923551,-5.139999866485596,-8.119999885559082,17.899999618530273,-0.14000000059604645,0.4410000145435333,0.023499999195337296
1787109128.3637598,resting,fast,1787109113.923551,-5.139999866485596,-8.119999885559082,17.899999618530273,-0.14000000059604645,0.4410000145435333,0.023499999195337296
1787109128.374886,resting,fast,1787109113.923551,-5.139999866485596,-8.119999885559082,17.899999618530273,-0.14000000059604645,0.4410000145435333,0.023499999195337296
1787109128.3858454,resting,fast,1787109113.923551,-5.139999866485596,-8.119999885559082,17.899999618530273,-0.14000000059604645,0.4410000145435333,0.023499999195337296
1787109128.3969798,resting,fast,1787109113.923551,-5.139999866485596,-8.119999885559082,17.899999618530273,-0.14000000059604645,0.4410000145435333,0.023499999195337296
1787109128.408158,resting,fast,1787109113.923551,-5.139999866485596,-8.119999885559082,17.899999618530273,-0.14000000059604645,0.4410000145435333,0.023499999195337296
1787109128.4193456,resting,fast,1787109113.923551,-5.139999866485596,-8.119999885559082,17.899999618530273,-0.14000000059604645,0.4410000145435333,0.023499999195337296
1787109128.4304917,resting,fast,1787109113.923551,-5.139999866485596,-8.119999885559082,17.899999618530273,-0.14000000059604645,0.4410000145435333,0.023499999195337296
1787109128.441747,resting,fast,1787109113.923551,-5.139999866485596,-8.119999885559082,17.899999618530273,-0.14000000059604645,0.4410000145435333,0.023499999195337296
1787109128.4528594,resting,fast,1787109113.923551,-5.139999866485596,-8.119999885559082,17.899999618530273,-0.14000000059604645,0.4410000145435333,0.023499999195337296
1787109128.4639595,resting,fast,1787109113.923551,-5.139999866485596,-8.119999885559082,17.899999618530273,-0.14000000059604645,0.4410000145435333,0.023499999195337296
1787109128.4749677,resting,fast,1787109113.923551,-5.139999866485596,-8.119999885559082,17.899999618530273,-0.14000000059604645,0.4410000145435333,0.023499999195337296
1787109128.4858387,resting,fast,1787109113.923551,-5.139999866485596,-8.119999885559082,17.899999618530273,-0.14000000059604645,0.4410000145435333,0.023499999195337296
1787109128.4968967,resting,fast,1787109113.923551,-5.139999866485596,-8.119999885559082,17.899999618530273,-0.14000000059604645,0.4410000145435333,0.023499999195337296
1787109128.5080483,resting,fast,1787109113.923551,-5.139999866485596,-8.119999885559082,17.899999618530273,-0.14000000059604645,0.4410000145435333,0.023499999195337296
1787109128.519108,resting,fast,1787109113.923551,-5.139999866485596,-8.119999885559082,17.899999618530273,-0.14000000059604645,0.4410000145435333,0.023499999195337296
1787109128.5303862,resting,fast,1787109113.923551,-5.139999866485596,-8.119999885559082,17.899999618530273,-0.14000000059604645,0.4410000145435333,0.023499999195337296
1787109128.5416687,resting,fast,1787109113.923551,-5.900000095367432,-8.020000457763672,17.139999389648438,-0.14100000262260437,0.4429999887943268,0.016499999910593033
1787109128.5527158,resting,fast,1787109113.923551,-5.900000095367432,-8.020000457763672,17.139999389648438,-0.14100000262260437,0.4429999887943268,0.016499999910593033
1787109128.563885,resting,fast,1787109113.923551,-5.900000095367432,-8.020000457763672,17.139999389648438,-0.14100000262260437,0.4429999887943268,0.016499999910593033
1787109128.574978,resting,fast,1787109113.923551,-5.900000095367432,-8.020000457763672,17.139999389648438,-0.14100000262260437,0.4429999887943268,0.016499999910593033
1787109128.585933,resting,fast,1787109113.923551,-5.900000095367432,-8.020000457763672,17.139999389648438,-0.14100000262260437,0.4429999887943268,0.016499999910593033
1787109128.5970798,resting,fast,1787109113.923551,-5.900000095367432,-8.020000457763672,17.139999389648438,-0.14100000262260437,0.4429999887943268,0.016499999910593033
1787109128.6082988,resting,fast,1787109113.923551,-5.900000095367432,-8.020000457763672,17.139999389648438,-0.14100000262260437,0.4429999887943268,0.016499999910593033
1787109128.6191456,resting,fast,1787109113.923551,-5.900000095367432,-8.020000457763672,17.139999389648438,-0.14100000262260437,0.4429999887943268,0.016499999910593033
1787109128.6302686,resting,fast,1787109113.923551,-5.900000095367432,-8.020000457763672,17.139999389648438,-0.14100000262260437,0.4429999887943268,0.016499999910593033
1787109128.6415236,resting,fast,1787109113.923551,-5.900000095367432,-8.020000457763672,17.139999389648438,-0.14100000262260437,0.4429999887943268,0.016499999910593033
1787109128.6526644,resting,fast,1787109113.923551,-5.900000095367432,-8.020000457763672,17.139999389648438,-0.14100000262260437,0.4429999887943268,0.016499999910593033
1787109128.6635888,resting,fast,1787109113.923551,-5.900000095367432,-8.020000457763672,17.139999389648438,-0.14100000262260437,0.4429999887943268,0.016499999910593033
1787109128.6745138,resting,fast,1787109113.923551,-5.900000095367432,-8.020000457763672,17.139999389648438,-0.14100000262260437,0.4429999887943268,0.016499999910593033
1787109128.6858852,resting,fast,1787109113.923551,-5.900000095367432,-8.020000457763672,17.139999389648438,-0.14100000262260437,0.4429999887943268,0.016499999910593033
1787109128.696876,resting,fast,1787109113.923551,-5.900000095367432,-8.020000457763672,17.139999389648438,-0.14100000262260437,0.4429999887943268,0.016499999910593033
1787109128.7078888,resting,fast,1787109113.923551,-5.900000095367432,-8.020000457763672,17.139999389648438,-0.14100000262260437,0.4429999887943268,0.016499999910593033
1787109128.7190375,resting,fast,1787109113.923551,-5.900000095367432,-8.020000457763672,17.139999389648438,-0.14100000262260437,0.4429999887943268,0.016499999910593033
1787109128.729892,resting,fast,1787109113.923551,-5.900000095367432,-8.020000457763672,17.139999389648438,-0.14100000262260437,0.4429999887943268,0.016499999910593033
1787109128.7410853,resting,fast,1787109113.923551,-5.5,-8.979999542236328,17.940000534057617,-0.14550000429153442,0.4415000081062317,0.03150000050663948
1787109128.7523522,resting,fast,1787109113.923551,-5.5,-8.979999542236328,17.940000534057617,-0.14550000429153442,0.4415000081062317,0.03150000050663948
1787109128.7632105,resting,fast,1787109113.923551,-5.5,-8.979999542236328,17.940000534057617,-0.14550000429153442,0.4415000081062317,0.03150000050663948
1787109128.7742743,resting,fast,1787109113.923551,-5.5,-8.979999542236328,17.940000534057617,-0.14550000429153442,0.4415000081062317,0.03150000050663948
1787109128.7851985,resting,fast,1787109113.923551,-5.5,-8.979999542236328,17.940000534057617,-0.14550000429153442,0.4415000081062317,0.03150000050663948
1787109128.7960832,resting,fast,1787109113.923551,-5.5,-8.979999542236328,17.940000534057617,-0.14550000429153442,0.4415000081062317,0.03150000050663948
1787109128.8071606,resting,fast,1787109113.923551,-5.5,-8.979999542236328,17.940000534057617,-0.14550000429153442,0.4415000081062317,0.03150000050663948
1787109128.8181293,resting,fast,1787109113.923551,-5.5,-8.979999542236328,17.940000534057617,-0.14550000429153442,0.4415000081062317,0.03150000050663948
1787109128.8290358,resting,fast,1787109113.923551,-5.5,-8.979999542236328,17.940000534057617,-0.14550000429153442,0.4415000081062317,0.03150000050663948
1787109128.8400633,resting,fast,1787109113.923551,-5.5,-8.979999542236328,17.940000534057617,-0.14550000429153442,0.4415000081062317,0.03150000050663948
1787109128.850956,resting,fast,1787109113.923551,-5.5,-8.979999542236328,17.940000534057617,-0.14550000429153442,0.4415000081062317,0.03150000050663948
1787109128.861991,resting,fast,1787109113.923551,-5.5,-8.979999542236328,17.940000534057617,-0.14550000429153442,0.4415000081062317,0.03150000050663948
1787109128.872858,resting,fast,1787109113.923551,-5.5,-8.979999542236328,17.940000534057617,-0.14550000429153442,0.4415000081062317,0.03150000050663948
1787109128.883797,resting,fast,1787109113.923551,-5.5,-8.979999542236328,17.940000534057617,-0.14550000429153442,0.4415000081062317,0.03150000050663948
1787109128.8946078,resting,fast,1787109113.923551,-5.5,-8.979999542236328,17.940000534057617,-0.14550000429153442,0.4415000081062317,0.03150000050663948
1787109128.905426,resting,fast,1787109113.923551,-5.5,-8.979999542236328,17.940000534057617,-0.14550000429153442,0.4415000081062317,0.03150000050663948
1787109128.916381,resting,fast,1787109113.923551,-5.5,-8.979999542236328,17.940000534057617,-0.14550000429153442,0.4415000081062317,0.03150000050663948
1787109128.927148,resting,fast,1787109113.923551,-5.5,-8.979999542236328,17.940000534057617,-0.14550000429153442,0.4415000081062317,0.03150000050663948
1787109128.9380999,resting,fast,1787109113.923551,-5.860000133514404,-7.78000020980835,18.139999389648438,-0.12300000339746475,0.45350000262260437,0.0010000000474974513
1787109128.9489527,resting,fast,1787109113.923551,-5.860000133514404,-7.78000020980835,18.139999389648438,-0.12300000339746475,0.45350000262260437,0.0010000000474974513
1787109128.9599037,resting,fast,1787109113.923551,-5.860000133514404,-7.78000020980835,18.139999389648438,-0.12300000339746475,0.45350000262260437,0.0010000000474974513
1787109128.9707422,resting,fast,1787109113.923551,-5.860000133514404,-7.78000020980835,18.139999389648438,-0.12300000339746475,0.45350000262260437,0.0010000000474974513
1787109128.9817338,resting,fast,1787109113.923551,-5.860000133514404,-7.78000020980835,18.139999389648438,-0.12300000339746475,0.45350000262260437,0.0010000000474974513
1787109128.992667,resting,fast,1787109113.923551,-5.860000133514404,-7.78000020980835,18.139999389648438,-0.12300000339746475,0.45350000262260437,0.0010000000474974513
1787109129.0036213,resting,fast,1787109113.923551,-5.860000133514404,-7.78000020980835,18.139999389648438,-0.12300000339746475,0.45350000262260437,0.0010000000474974513
1787109129.0144908,resting,fast,1787109113.923551,-5.860000133514404,-7.78000020980835,18.139999389648438,-0.12300000339746475,0.45350000262260437,0.0010000000474974513
1787109129.0255163,resting,fast,1787109113.923551,-5.860000133514404,-7.78000020980835,18.139999389648438,-0.12300000339746475,0.45350000262260437,0.0010000000474974513
1787109129.03628,resting,fast,1787109113.923551,-5.860000133514404,-7.78000020980835,18.139999389648438,-0.12300000339746475,0.45350000262260437,0.0010000000474974513
1787109129.0471869,resting,fast,1787109113.923551,-5.860000133514404,-7.78000020980835,18.139999389648438,-0.12300000339746475,0.45350000262260437,0.0010000000474974513
1787109129.0581448,resting,fast,1787109113.923551,-5.860000133514404,-7.78000020980835,18.139999389648438,-0.12300000339746475,0.45350000262260437,0.0010000000474974513
1787109129.069088,resting,fast,1787109113.923551,-5.860000133514404,-7.78000020980835,18.139999389648438,-0.12300000339746475,0.45350000262260437,0.0010000000474974513
1787109129.0802433,resting,fast,1787109113.923551,-5.860000133514404,-7.78000020980835,18.139999389648438,-0.12300000339746475,0.45350000262260437,0.0010000000474974513
1787109129.0910761,resting,fast,1787109113.923551,-5.860000133514404,-7.78000020980835,18.139999389648438,-0.12300000339746475,0.45350000262260437,0.0010000000474974513
1787109129.1021569,resting,fast,1787109113.923551,-5.860000133514404,-7.78000020980835,18.139999389648438,-0.12300000339746475,0.45350000262260437,0.0010000000474974513
1787109129.1131365,resting,fast,1787109113.923551,-5.860000133514404,-7.78000020980835,18.139999389648438,-0.12300000339746475,0.45350000262260437,0.0010000000474974513
1787109129.1241527,resting,fast,1787109113.923551,-5.860000133514404,-7.78000020980835,18.139999389648438,-0.12300000339746475,0.45350000262260437,0.0010000000474974513
1787109129.1351104,resting,fast,1787109113.923551,-5.860000133514404,-7.78000020980835,18.139999389648438,-0.12300000339746475,0.45350000262260437,0.0010000000474974513
1787109129.1463373,resting,fast,1787109113.923551,-5.880000114440918,-8.979999542236328,17.459999084472656,-0.13650000095367432,0.4415000081062317,0.026499999687075615
1787109129.1575274,resting,fast,1787109113.923551,-5.880000114440918,-8.979999542236328,17.459999084472656,-0.13650000095367432,0.4415000081062317,0.026499999687075615
1787109129.1687021,resting,fast,1787109113.923551,-5.880000114440918,-8.979999542236328,17.459999084472656,-0.13650000095367432,0.4415000081062317,0.026499999687075615
1787109129.1794665,resting,fast,1787109113.923551,-5.880000114440918,-8.979999542236328,17.459999084472656,-0.13650000095367432,0.4415000081062317,0.026499999687075615
1787109129.1905184,resting,fast,1787109113.923551,-5.880000114440918,-8.979999542236328,17.459999084472656,-0.13650000095367432,0.4415000081062317,0.026499999687075615
1787109129.201357,resting,fast,1787109113.923551,-5.880000114440918,-8.979999542236328,17.459999084472656,-0.13650000095367432,0.4415000081062317,0.026499999687075615
1787109129.2122598,resting,fast,1787109113.923551,-5.880000114440918,-8.979999542236328,17.459999084472656,-0.13650000095367432,0.4415000081062317,0.026499999687075615
1787109129.2234948,resting,fast,1787109113.923551,-5.880000114440918,-8.979999542236328,17.459999084472656,-0.13650000095367432,0.4415000081062317,0.026499999687075615
1787109129.2342756,resting,fast,1787109113.923551,-5.880000114440918,-8.979999542236328,17.459999084472656,-0.13650000095367432,0.4415000081062317,0.026499999687075615
1787109129.245198,resting,fast,1787109113.923551,-5.880000114440918,-8.979999542236328,17.459999084472656,-0.13650000095367432,0.4415000081062317,0.026499999687075615
1787109129.2562816,resting,fast,1787109113.923551,-5.880000114440918,-8.979999542236328,17.459999084472656,-0.13650000095367432,0.4415000081062317,0.026499999687075615
1787109129.267276,resting,fast,1787109113.923551,-5.880000114440918,-8.979999542236328,17.459999084472656,-0.13650000095367432,0.4415000081062317,0.026499999687075615
1787109129.278128,resting,fast,1787109113.923551,-5.880000114440918,-8.979999542236328,17.459999084472656,-0.13650000095367432,0.4415000081062317,0.026499999687075615
1787109129.2891383,resting,fast,1787109113.923551,-5.880000114440918,-8.979999542236328,17.459999084472656,-0.13650000095367432,0.4415000081062317,0.026499999687075615
1787109129.2999582,resting,fast,1787109113.923551,-5.880000114440918,-8.979999542236328,17.459999084472656,-0.13650000095367432,0.4415000081062317,0.026499999687075615
1787109129.3108995,resting,fast,1787109113.923551,-5.880000114440918,-8.979999542236328,17.459999084472656,-0.13650000095367432,0.4415000081062317,0.026499999687075615
1787109129.3218892,resting,fast,1787109113.923551,-5.880000114440918,-8.979999542236328,17.459999084472656,-0.13650000095367432,0.4415000081062317,0.026499999687075615
1787109129.3329763,resting,fast,1787109113.923551,-5.880000114440918,-8.979999542236328,17.459999084472656,-0.13650000095367432,0.4415000081062317,0.026499999687075615
1787109129.34407,resting,fast,1787109113.923551,-5.320000171661377,-8.399999618530273,17.799999237060547,-0.14350000023841858,0.44600000977516174,0.02800000086426735
1787109129.355166,resting,fast,1787109113.923551,-5.320000171661377,-8.399999618530273,17.799999237060547,-0.14350000023841858,0.44600000977516174,0.02800000086426735
1787109129.3660033,resting,fast,1787109113.923551,-5.320000171661377,-8.399999618530273,17.799999237060547,-0.14350000023841858,0.44600000977516174,0.02800000086426735
1787109129.3768904,resting,fast,1787109113.923551,-5.320000171661377,-8.399999618530273,17.799999237060547,-0.14350000023841858,0.44600000977516174,0.02800000086426735
1787109129.387809,resting,fast,1787109113.923551,-5.320000171661377,-8.399999618530273,17.799999237060547,-0.14350000023841858,0.44600000977516174,0.02800000086426735
1787109129.3986466,resting,fast,1787109113.923551,-5.320000171661377,-8.399999618530273,17.799999237060547,-0.14350000023841858,0.44600000977516174,0.02800000086426735
1787109129.4095411,resting,fast,1787109113.923551,-5.320000171661377,-8.399999618530273,17.799999237060547,-0.14350000023841858,0.44600000977516174,0.02800000086426735
1787109129.4206305,resting,fast,1787109113.923551,-5.320000171661377,-8.399999618530273,17.799999237060547,-0.14350000023841858,0.44600000977516174,0.02800000086426735
1787109129.4314787,resting,fast,1787109113.923551,-5.320000171661377,-8.399999618530273,17.799999237060547,-0.14350000023841858,0.44600000977516174,0.02800000086426735
1787109129.4433582,resting,fast,1787109113.923551,-5.320000171661377,-8.399999618530273,17.799999237060547,-0.14350000023841858,0.44600000977516174,0.02800000086426735
1787109129.4543457,resting,fast,1787109113.923551,-5.320000171661377,-8.399999618530273,17.799999237060547,-0.14350000023841858,0.44600000977516174,0.02800000086426735
1787109129.4652092,resting,fast,1787109113.923551,-5.320000171661377,-8.399999618530273,17.799999237060547,-0.14350000023841858,0.44600000977516174,0.02800000086426735
1787109129.4766982,resting,fast,1787109113.923551,-5.320000171661377,-8.399999618530273,17.799999237060547,-0.14350000023841858,0.44600000977516174,0.02800000086426735
1787109129.4878676,resting,fast,1787109113.923551,-5.320000171661377,-8.399999618530273,17.799999237060547,-0.14350000023841858,0.44600000977516174,0.02800000086426735
1787109129.4988534,resting,fast,1787109113.923551,-5.320000171661377,-8.399999618530273,17.799999237060547,-0.14350000023841858,0.44600000977516174,0.02800000086426735
1787109129.509844,resting,fast,1787109113.923551,-5.320000171661377,-8.399999618530273,17.799999237060547,-0.14350000023841858,0.44600000977516174,0.02800000086426735
1787109129.5208044,resting,fast,1787109113.923551,-5.320000171661377,-8.399999618530273,17.799999237060547,-0.14350000023841858,0.44600000977516174,0.02800000086426735
1787109129.5318751,resting,fast,1787109113.923551,-5.320000171661377,-8.399999618530273,17.799999237060547,-0.14350000023841858,0.44600000977516174,0.02800000086426735
1787109129.5429296,resting,fast,1787109113.923551,-5.519999980926514,-8.5,17.860000610351562,-0.13300000131130219,0.44200000166893005,0.02199999988079071
1787109129.5538607,resting,fast,1787109113.923551,-5.519999980926514,-8.5,17.860000610351562,-0.13300000131130219,0.44200000166893005,0.02199999988079071
1787109129.5649724,resting,fast,1787109113.923551,-5.519999980926514,-8.5,17.860000610351562,-0.13300000131130219,0.44200000166893005,0.02199999988079071
1787109129.5759232,resting,fast,1787109113.923551,-5.519999980926514,-8.5,17.860000610351562,-0.13300000131130219,0.44200000166893005,0.02199999988079071
1787109129.5869133,resting,fast,1787109113.923551,-5.519999980926514,-8.5,17.860000610351562,-0.13300000131130219,0.44200000166893005,0.02199999988079071
1787109129.597826,resting,fast,1787109113.923551,-5.519999980926514,-8.5,17.860000610351562,-0.13300000131130219,0.44200000166893005,0.02199999988079071
1787109129.6087627,resting,fast,1787109113.923551,-5.519999980926514,-8.5,17.860000610351562,-0.13300000131130219,0.44200000166893005,0.02199999988079071
1787109129.6198816,resting,fast,1787109113.923551,-5.519999980926514,-8.5,17.860000610351562,-0.13300000131130219,0.44200000166893005,0.02199999988079071
1787109129.6308305,resting,fast,1787109113.923551,-5.519999980926514,-8.5,17.860000610351562,-0.13300000131130219,0.44200000166893005,0.02199999988079071
1787109129.6418686,resting,fast,1787109113.923551,-5.519999980926514,-8.5,17.860000610351562,-0.13300000131130219,0.44200000166893005,0.02199999988079071
1787109129.652679,resting,fast,1787109113.923551,-5.519999980926514,-8.5,17.860000610351562,-0.13300000131130219,0.44200000166893005,0.02199999988079071
1787109129.6634645,resting,fast,1787109113.923551,-5.519999980926514,-8.5,17.860000610351562,-0.13300000131130219,0.44200000166893005,0.02199999988079071
1787109129.675652,resting,fast,1787109113.923551,-5.519999980926514,-8.5,17.860000610351562,-0.13300000131130219,0.44200000166893005,0.02199999988079071
1787109129.6865888,resting,fast,1787109113.923551,-5.519999980926514,-8.5,17.860000610351562,-0.13300000131130219,0.44200000166893005,0.02199999988079071
1787109129.6974902,resting,fast,1787109113.923551,-5.519999980926514,-8.5,17.860000610351562,-0.13300000131130219,0.44200000166893005,0.02199999988079071
1787109129.708616,resting,fast,1787109113.923551,-5.519999980926514,-8.5,17.860000610351562,-0.13300000131130219,0.44200000166893005,0.02199999988079071
1787109129.7197187,resting,fast,1787109113.923551,-5.519999980926514,-8.5,17.860000610351562,-0.13300000131130219,0.44200000166893005,0.02199999988079071
1787109129.7304833,resting,fast,1787109113.923551,-5.519999980926514,-8.5,17.860000610351562,-0.13300000131130219,0.44200000166893005,0.02199999988079071
1787109129.741486,resting,fast,1787109113.923551,-5.980000019073486,-8.4399995803833,18.399999618530273,-0.15049999952316284,0.44699999690055847,-0.003000000026077032
1787109129.7526624,resting,fast,1787109113.923551,-5.980000019073486,-8.4399995803833,18.399999618530273,-0.15049999952316284,0.44699999690055847,-0.003000000026077032
1787109129.76344,resting,fast,1787109113.923551,-5.980000019073486,-8.4399995803833,18.399999618530273,-0.15049999952316284,0.44699999690055847,-0.003000000026077032
1787109129.7743812,resting,fast,1787109113.923551,-5.980000019073486,-8.4399995803833,18.399999618530273,-0.15049999952316284,0.44699999690055847,-0.003000000026077032
1787109129.7856684,resting,fast,1787109113.923551,-5.980000019073486,-8.4399995803833,18.399999618530273,-0.15049999952316284,0.44699999690055847,-0.003000000026077032
1787109129.7964976,resting,fast,1787109113.923551,-5.980000019073486,-8.4399995803833,18.399999618530273,-0.15049999952316284,0.44699999690055847,-0.003000000026077032
1787109129.8077304,resting,fast,1787109113.923551,-5.980000019073486,-8.4399995803833,18.399999618530273,-0.15049999952316284,0.44699999690055847,-0.003000000026077032
1787109129.8187888,resting,fast,1787109113.923551,-5.980000019073486,-8.4399995803833,18.399999618530273,-0.15049999952316284,0.44699999690055847,-0.003000000026077032
1787109129.8298714,resting,fast,1787109113.923551,-5.980000019073486,-8.4399995803833,18.399999618530273,-0.15049999952316284,0.44699999690055847,-0.003000000026077032
1787109129.8411555,resting,fast,1787109113.923551,-5.980000019073486,-8.4399995803833,18.399999618530273,-0.15049999952316284,0.44699999690055847,-0.003000000026077032
1787109129.8520803,resting,fast,1787109113.923551,-5.980000019073486,-8.4399995803833,18.399999618530273,-0.15049999952316284,0.44699999690055847,-0.003000000026077032
1787109129.863289,resting,fast,1787109113.923551,-5.980000019073486,-8.4399995803833,18.399999618530273,-0.15049999952316284,0.44699999690055847,-0.003000000026077032
1787109129.8743048,resting,fast,1787109113.923551,-5.980000019073486,-8.4399995803833,18.399999618530273,-0.15049999952316284,0.44699999690055847,-0.003000000026077032
1787109129.8853343,resting,fast,1787109113.923551,-5.980000019073486,-8.4399995803833,18.399999618530273,-0.15049999952316284,0.44699999690055847,-0.003000000026077032
1787109129.8962271,resting,fast,1787109113.923551,-5.980000019073486,-8.4399995803833,18.399999618530273,-0.15049999952316284,0.44699999690055847,-0.003000000026077032
1787109129.9072564,resting,fast,1787109113.923551,-5.980000019073486,-8.4399995803833,18.399999618530273,-0.15049999952316284,0.44699999690055847,-0.003000000026077032
1787109129.9180331,resting,fast,1787109113.923551,-5.980000019073486,-8.4399995803833,18.399999618530273,-0.15049999952316284,0.44699999690055847,-0.003000000026077032
1787109129.9286945,resting,fast,1787109113.923551,-5.980000019073486,-8.4399995803833,18.399999618530273,-0.15049999952316284,0.44699999690055847,-0.003000000026077032
1787109129.9409792,resting,fast,1787109113.923551,-6.019999980926514,-8.539999961853027,17.8799991607666,-0.13500000536441803,0.4569999873638153,0.019999999552965164
1787109129.9517002,resting,fast,1787109113.923551,-6.019999980926514,-8.539999961853027,17.8799991607666,-0.13500000536441803,0.4569999873638153,0.019999999552965164
1787109129.962509,resting,fast,1787109113.923551,-6.019999980926514,-8.539999961853027,17.8799991607666,-0.13500000536441803,0.4569999873638153,0.019999999552965164
1787109129.973317,resting,fast,1787109113.923551,-6.019999980926514,-8.539999961853027,17.8799991607666,-0.13500000536441803,0.4569999873638153,0.019999999552965164
1787109129.9840739,resting,fast,1787109113.923551,-6.019999980926514,-8.539999961853027,17.8799991607666,-0.13500000536441803,0.4569999873638153,0.019999999552965164
1787109129.9946942,resting,fast,1787109113.923551,-6.019999980926514,-8.539999961853027,17.8799991607666,-0.13500000536441803,0.4569999873638153,0.019999999552965164
1787109130.0072844,resting,fast,1787109113.923551,-6.019999980926514,-8.539999961853027,17.8799991607666,-0.13500000536441803,0.4569999873638153,0.019999999552965164
1787109130.018016,resting,fast,1787109113.923551,-6.019999980926514,-8.539999961853027,17.8799991607666,-0.13500000536441803,0.4569999873638153,0.019999999552965164
1787109130.0287135,resting,fast,1787109113.923551,-6.019999980926514,-8.539999961853027,17.8799991607666,-0.13500000536441803,0.4569999873638153,0.019999999552965164
1787109130.0400224,resting,fast,1787109113.923551,-6.019999980926514,-8.539999961853027,17.8799991607666,-0.13500000536441803,0.4569999873638153,0.019999999552965164
1787109130.0507085,resting,fast,1787109113.923551,-6.019999980926514,-8.539999961853027,17.8799991607666,-0.13500000536441803,0.4569999873638153,0.019999999552965164
1787109130.0614774,resting,fast,1787109113.923551,-6.019999980926514,-8.539999961853027,17.8799991607666,-0.13500000536441803,0.4569999873638153,0.019999999552965164
1787109130.0724733,resting,fast,1787109113.923551,-6.019999980926514,-8.539999961853027,17.8799991607666,-0.13500000536441803,0.4569999873638153,0.019999999552965164
1787109130.08308,resting,fast,1787109113.923551,-6.019999980926514,-8.539999961853027,17.8799991607666,-0.13500000536441803,0.4569999873638153,0.019999999552965164
1787109130.0938294,resting,fast,1787109113.923551,-6.019999980926514,-8.539999961853027,17.8799991607666,-0.13500000536441803,0.4569999873638153,0.019999999552965164
1787109130.1064167,resting,fast,1787109113.923551,-6.019999980926514,-8.539999961853027,17.8799991607666,-0.13500000536441803,0.4569999873638153,0.019999999552965164
1787109130.117158,resting,fast,1787109113.923551,-6.019999980926514,-8.539999961853027,17.8799991607666,-0.13500000536441803,0.4569999873638153,0.019999999552965164
1787109130.1279037,resting,fast,1787109113.923551,-6.019999980926514,-8.539999961853027,17.8799991607666,-0.13500000536441803,0.4569999873638153,0.019999999552965164
1787109130.1386366,resting,fast,1787109113.923551,-6.019999980926514,-8.539999961853027,17.8799991607666,-0.13500000536441803,0.4569999873638153,0.019999999552965164
1787109130.1492484,resting,fast,1787109113.923551,-5.420000076293945,-8.079999923706055,18.420000076293945,-0.13449999690055847,0.4449999928474426,-0.003000000026077032
1787109130.1599865,resting,fast,1787109113.923551,-5.420000076293945,-8.079999923706055,18.420000076293945,-0.13449999690055847,0.4449999928474426,-0.003000000026077032
1787109130.171379,resting,fast,1787109113.923551,-5.420000076293945,-8.079999923706055,18.420000076293945,-0.13449999690055847,0.4449999928474426,-0.003000000026077032
1787109130.1821172,resting,fast,1787109113.923551,-5.420000076293945,-8.079999923706055,18.420000076293945,-0.13449999690055847,0.4449999928474426,-0.003000000026077032
1787109130.1927905,resting,fast,1787109113.923551,-5.420000076293945,-8.079999923706055,18.420000076293945,-0.13449999690055847,0.4449999928474426,-0.003000000026077032
1787109130.205109,resting,fast,1787109113.923551,-5.420000076293945,-8.079999923706055,18.420000076293945,-0.13449999690055847,0.4449999928474426,-0.003000000026077032
1787109130.2159202,resting,fast,1787109113.923551,-5.420000076293945,-8.079999923706055,18.420000076293945,-0.13449999690055847,0.4449999928474426,-0.003000000026077032
1787109130.226602,resting,fast,1787109113.923551,-5.420000076293945,-8.079999923706055,18.420000076293945,-0.13449999690055847,0.4449999928474426,-0.003000000026077032
1787109130.2385247,resting,fast,1787109113.923551,-5.420000076293945,-8.079999923706055,18.420000076293945,-0.13449999690055847,0.4449999928474426,-0.003000000026077032
1787109130.2494144,resting,fast,1787109113.923551,-5.420000076293945,-8.079999923706055,18.420000076293945,-0.13449999690055847,0.4449999928474426,-0.003000000026077032
1787109130.260374,resting,fast,1787109113.923551,-5.420000076293945,-8.079999923706055,18.420000076293945,-0.13449999690055847,0.4449999928474426,-0.003000000026077032
1787109130.271736,resting,fast,1787109113.923551,-5.420000076293945,-8.079999923706055,18.420000076293945,-0.13449999690055847,0.4449999928474426,-0.003000000026077032
1787109130.2844694,resting,fast,1787109113.923551,-5.420000076293945,-8.079999923706055,18.420000076293945,-0.13449999690055847,0.4449999928474426,-0.003000000026077032
1787109130.2961013,resting,fast,1787109113.923551,-5.420000076293945,-8.079999923706055,18.420000076293945,-0.13449999690055847,0.4449999928474426,-0.003000000026077032
1787109130.3071814,resting,fast,1787109113.923551,-5.420000076293945,-8.079999923706055,18.420000076293945,-0.13449999690055847,0.4449999928474426,-0.003000000026077032
1787109130.318131,resting,fast,1787109113.923551,-5.420000076293945,-8.079999923706055,18.420000076293945,-0.13449999690055847,0.4449999928474426,-0.003000000026077032
1787109130.3289971,resting,fast,1787109113.923551,-5.420000076293945,-8.079999923706055,18.420000076293945,-0.13449999690055847,0.4449999928474426,-0.003000000026077032
1787109130.3398807,resting,fast,1787109113.923551,-6.079999923706055,-7.71999979019165,18.260000228881836,-0.13199999928474426,0.4555000066757202,0.0
1787109130.350878,resting,fast,1787109113.923551,-6.079999923706055,-7.71999979019165,18.260000228881836,-0.13199999928474426,0.4555000066757202,0.0
1787109130.3620925,resting,fast,1787109113.923551,-6.079999923706055,-7.71999979019165,18.260000228881836,-0.13199999928474426,0.4555000066757202,0.0
1787109130.3734374,resting,fast,1787109113.923551,-6.079999923706055,-7.71999979019165,18.260000228881836,-0.13199999928474426,0.4555000066757202,0.0
1787109130.3843699,resting,fast,1787109113.923551,-6.079999923706055,-7.71999979019165,18.260000228881836,-0.13199999928474426,0.4555000066757202,0.0
1787109130.3952112,resting,fast,1787109113.923551,-6.079999923706055,-7.71999979019165,18.260000228881836,-0.13199999928474426,0.4555000066757202,0.0
1787109130.4065285,resting,fast,1787109113.923551,-6.079999923706055,-7.71999979019165,18.260000228881836,-0.13199999928474426,0.4555000066757202,0.0
1787109130.4177506,resting,fast,1787109113.923551,-6.079999923706055,-7.71999979019165,18.260000228881836,-0.13199999928474426,0.4555000066757202,0.0
1787109130.4287398,resting,fast,1787109113.923551,-6.079999923706055,-7.71999979019165,18.260000228881836,-0.13199999928474426,0.4555000066757202,0.0
1787109130.4398203,resting,fast,1787109113.923551,-6.079999923706055,-7.71999979019165,18.260000228881836,-0.13199999928474426,0.4555000066757202,0.0
1787109130.4508822,resting,fast,1787109113.923551,-6.079999923706055,-7.71999979019165,18.260000228881836,-0.13199999928474426,0.4555000066757202,0.0
1787109130.4619718,resting,fast,1787109113.923551,-6.079999923706055,-7.71999979019165,18.260000228881836,-0.13199999928474426,0.4555000066757202,0.0
1787109130.47285,resting,fast,1787109113.923551,-6.079999923706055,-7.71999979019165,18.260000228881836,-0.13199999928474426,0.4555000066757202,0.0
1787109130.4838603,resting,fast,1787109113.923551,-6.079999923706055,-7.71999979019165,18.260000228881836,-0.13199999928474426,0.4555000066757202,0.0
1787109130.4950817,resting,fast,1787109113.923551,-6.079999923706055,-7.71999979019165,18.260000228881836,-0.13199999928474426,0.4555000066757202,0.0
1787109130.50668,resting,fast,1787109113.923551,-6.079999923706055,-7.71999979019165,18.260000228881836,-0.13199999928474426,0.4555000066757202,0.0
1787109130.517879,resting,fast,1787109113.923551,-6.079999923706055,-7.71999979019165,18.260000228881836,-0.13199999928474426,0.4555000066757202,0.0
1787109130.5289383,resting,fast,1787109113.923551,-6.079999923706055,-7.71999979019165,18.260000228881836,-0.13199999928474426,0.4555000066757202,0.0
1787109130.5399132,resting,fast,1787109113.923551,-5.880000114440918,-8.34000015258789,17.579999923706055,-0.1420000046491623,0.4429999887943268,0.007000000216066837
1787109130.5508895,resting,fast,1787109113.923551,-5.880000114440918,-8.34000015258789,17.579999923706055,-0.1420000046491623,0.4429999887943268,0.007000000216066837
1787109130.5620022,resting,fast,1787109113.923551,-5.880000114440918,-8.34000015258789,17.579999923706055,-0.1420000046491623,0.4429999887943268,0.007000000216066837
1787109130.572879,resting,fast,1787109113.923551,-5.880000114440918,-8.34000015258789,17.579999923706055,-0.1420000046491623,0.4429999887943268,0.007000000216066837
1787109130.5839193,resting,fast,1787109113.923551,-5.880000114440918,-8.34000015258789,17.579999923706055,-0.1420000046491623,0.4429999887943268,0.007000000216066837
1787109130.59492,resting,fast,1787109113.923551,-5.880000114440918,-8.34000015258789,17.579999923706055,-0.1420000046491623,0.4429999887943268,0.007000000216066837
1787109130.6056619,resting,fast,1787109113.923551,-5.880000114440918,-8.34000015258789,17.579999923706055,-0.1420000046491623,0.4429999887943268,0.007000000216066837
1787109130.6165674,resting,fast,1787109113.923551,-5.880000114440918,-8.34000015258789,17.579999923706055,-0.1420000046491623,0.4429999887943268,0.007000000216066837
1787109130.6273532,resting,fast,1787109113.923551,-5.880000114440918,-8.34000015258789,17.579999923706055,-0.1420000046491623,0.4429999887943268,0.007000000216066837
1787109130.6380234,resting,fast,1787109113.923551,-5.880000114440918,-8.34000015258789,17.579999923706055,-0.1420000046491623,0.4429999887943268,0.007000000216066837
1787109130.648714,resting,fast,1787109113.923551,-5.880000114440918,-8.34000015258789,17.579999923706055,-0.1420000046491623,0.4429999887943268,0.007000000216066837
1787109130.659349,resting,fast,1787109113.923551,-5.880000114440918,-8.34000015258789,17.579999923706055,-0.1420000046491623,0.4429999887943268,0.007000000216066837
1787109130.6715932,resting,fast,1787109113.923551,-5.880000114440918,-8.34000015258789,17.579999923706055,-0.1420000046491623,0.4429999887943268,0.007000000216066837
1787109130.6824512,resting,fast,1787109113.923551,-5.880000114440918,-8.34000015258789,17.579999923706055,-0.1420000046491623,0.4429999887943268,0.007000000216066837
1787109130.6931317,resting,fast,1787109113.923551,-5.880000114440918,-8.34000015258789,17.579999923706055,-0.1420000046491623,0.4429999887943268,0.007000000216066837
1787109130.704421,resting,fast,1787109113.923551,-5.880000114440918,-8.34000015258789,17.579999923706055,-0.1420000046491623,0.4429999887943268,0.007000000216066837
1787109130.7151778,resting,fast,1787109113.923551,-5.880000114440918,-8.34000015258789,17.579999923706055,-0.1420000046491623,0.4429999887943268,0.007000000216066837
1787109130.72583,resting,fast,1787109113.923551,-5.880000114440918,-8.34000015258789,17.579999923706055,-0.1420000046491623,0.4429999887943268,0.007000000216066837
1787109130.7376213,resting,fast,1787109113.923551,-5.880000114440918,-8.34000015258789,17.579999923706055,-0.1420000046491623,0.4429999887943268,0.007000000216066837
1787109130.7488303,resting,fast,1787109113.923551,-5.639999866485596,-7.679999828338623,17.959999084472656,-0.1340000033378601,0.4449999928474426,0.014000000432133675
1787109130.759522,resting,fast,1787109113.923551,-5.639999866485596,-7.679999828338623,17.959999084472656,-0.1340000033378601,0.4449999928474426,0.014000000432133675
1787109130.7705927,resting,fast,1787109113.923551,-5.639999866485596,-7.679999828338623,17.959999084472656,-0.1340000033378601,0.4449999928474426,0.014000000432133675
1787109130.7813861,resting,fast,1787109113.923551,-5.639999866485596,-7.679999828338623,17.959999084472656,-0.1340000033378601,0.4449999928474426,0.014000000432133675
1787109130.7921162,resting,fast,1787109113.923551,-5.639999866485596,-7.679999828338623,17.959999084472656,-0.1340000033378601,0.4449999928474426,0.014000000432133675
1787109130.8037832,resting,fast,1787109113.923551,-5.639999866485596,-7.679999828338623,17.959999084472656,-0.1340000033378601,0.4449999928474426,0.014000000432133675
1787109130.814503,resting,fast,1787109113.923551,-5.639999866485596,-7.679999828338623,17.959999084472656,-0.1340000033378601,0.4449999928474426,0.014000000432133675
1787109130.825316,resting,fast,1787109113.923551,-5.639999866485596,-7.679999828338623,17.959999084472656,-0.1340000033378601,0.4449999928474426,0.014000000432133675
1787109130.836552,resting,fast,1787109113.923551,-5.639999866485596,-7.679999828338623,17.959999084472656,-0.1340000033378601,0.4449999928474426,0.014000000432133675
1787109130.847162,resting,fast,1787109113.923551,-5.639999866485596,-7.679999828338623,17.959999084472656,-0.1340000033378601,0.4449999928474426,0.014000000432133675
1787109130.857843,resting,fast,1787109113.923551,-5.639999866485596,-7.679999828338623,17.959999084472656,-0.1340000033378601,0.4449999928474426,0.014000000432133675
1787109130.8705385,resting,fast,1787109113.923551,-5.639999866485596,-7.679999828338623,17.959999084472656,-0.1340000033378601,0.4449999928474426,0.014000000432133675
1787109130.881352,resting,fast,1787109113.923551,-5.639999866485596,-7.679999828338623,17.959999084472656,-0.1340000033378601,0.4449999928474426,0.014000000432133675
1787109130.8919945,resting,fast,1787109113.923551,-5.639999866485596,-7.679999828338623,17.959999084472656,-0.1340000033378601,0.4449999928474426,0.014000000432133675
1787109130.9028676,resting,fast,1787109113.923551,-5.639999866485596,-7.679999828338623,17.959999084472656,-0.1340000033378601,0.4449999928474426,0.014000000432133675
1787109130.9135602,resting,fast,1787109113.923551,-5.639999866485596,-7.679999828338623,17.959999084472656,-0.1340000033378601,0.4449999928474426,0.014000000432133675
1787109130.9244072,resting,fast,1787109113.923551,-5.639999866485596,-7.679999828338623,17.959999084472656,-0.1340000033378601,0.4449999928474426,0.014000000432133675
1787109130.9357572,resting,fast,1787109113.923551,-5.639999866485596,-7.679999828338623,17.959999084472656,-0.1340000033378601,0.4449999928474426,0.014000000432133675
1787109130.9464064,resting,fast,1787109113.923551,-5.539999961853027,-7.400000095367432,18.479999542236328,-0.13249999284744263,0.45750001072883606,0.006000000052154064
1787109130.9572864,resting,fast,1787109113.923551,-5.539999961853027,-7.400000095367432,18.479999542236328,-0.13249999284744263,0.45750001072883606,0.006000000052154064
1787109130.9692602,resting,fast,1787109113.923551,-5.539999961853027,-7.400000095367432,18.479999542236328,-0.13249999284744263,0.45750001072883606,0.006000000052154064
1787109130.9801316,resting,fast,1787109113.923551,-5.539999961853027,-7.400000095367432,18.479999542236328,-0.13249999284744263,0.45750001072883606,0.006000000052154064
1787109130.9908774,resting,fast,1787109113.923551,-5.539999961853027,-7.400000095367432,18.479999542236328,-0.13249999284744263,0.45750001072883606,0.006000000052154064
1787109131.0022557,resting,fast,1787109113.923551,-5.539999961853027,-7.400000095367432,18.479999542236328,-0.13249999284744263,0.45750001072883606,0.006000000052154064
1787109131.01336,resting,fast,1787109113.923551,-5.539999961853027,-7.400000095367432,18.479999542236328,-0.13249999284744263,0.45750001072883606,0.006000000052154064
1787109131.0240214,resting,fast,1787109113.923551,-5.539999961853027,-7.400000095367432,18.479999542236328,-0.13249999284744263,0.45750001072883606,0.006000000052154064
1787109131.0348046,resting,fast,1787109113.923551,-5.539999961853027,-7.400000095367432,18.479999542236328,-0.13249999284744263,0.45750001072883606,0.006000000052154064
1787109131.045558,resting,fast,1787109113.923551,-5.539999961853027,-7.400000095367432,18.479999542236328,-0.13249999284744263,0.45750001072883606,0.006000000052154064
1787109131.0564957,resting,fast,1787109113.923551,-5.539999961853027,-7.400000095367432,18.479999542236328,-0.13249999284744263,0.45750001072883606,0.006000000052154064
1787109131.0682075,resting,fast,1787109113.923551,-5.539999961853027,-7.400000095367432,18.479999542236328,-0.13249999284744263,0.45750001072883606,0.006000000052154064
1787109131.0791276,resting,fast,1787109113.923551,-5.539999961853027,-7.400000095367432,18.479999542236328,-0.13249999284744263,0.45750001072883606,0.006000000052154064
1787109131.0898685,resting,fast,1787109113.923551,-5.539999961853027,-7.400000095367432,18.479999542236328,-0.13249999284744263,0.45750001072883606,0.006000000052154064
1787109131.1007967,resting,fast,1787109113.923551,-5.539999961853027,-7.400000095367432,18.479999542236328,-0.13249999284744263,0.45750001072883606,0.006000000052154064
1787109131.1115708,resting,fast,1787109113.923551,-5.539999961853027,-7.400000095367432,18.479999542236328,-0.13249999284744263,0.45750001072883606,0.006000000052154064
1787109131.1224213,resting,fast,1787109113.923551,-5.539999961853027,-7.400000095367432,18.479999542236328,-0.13249999284744263,0.45750001072883606,0.006000000052154064
1787109131.134081,resting,fast,1787109113.923551,-5.539999961853027,-7.400000095367432,18.479999542236328,-0.13249999284744263,0.45750001072883606,0.006000000052154064
1787109131.1449075,resting,fast,1787109113.923551,-5.71999979019165,-7.739999771118164,17.959999084472656,-0.12999999523162842,0.44200000166893005,0.027000000700354576
1787109131.155583,resting,fast,1787109113.923551,-5.71999979019165,-7.739999771118164,17.959999084472656,-0.12999999523162842,0.44200000166893005,0.027000000700354576
1787109131.167268,resting,fast,1787109113.923551,-5.71999979019165,-7.739999771118164,17.959999084472656,-0.12999999523162842,0.44200000166893005,0.027000000700354576
1787109131.177959,resting,fast,1787109113.923551,-5.71999979019165,-7.739999771118164,17.959999084472656,-0.12999999523162842,0.44200000166893005,0.027000000700354576
1787109131.18862,resting,fast,1787109113.923551,-5.71999979019165,-7.739999771118164,17.959999084472656,-0.12999999523162842,0.44200000166893005,0.027000000700354576
1787109131.200233,resting,fast,1787109113.923551,-5.71999979019165,-7.739999771118164,17.959999084472656,-0.12999999523162842,0.44200000166893005,0.027000000700354576
1787109131.2111852,resting,fast,1787109113.923551,-5.71999979019165,-7.739999771118164,17.959999084472656,-0.12999999523162842,0.44200000166893005,0.027000000700354576
1787109131.2222927,resting,fast,1787109113.923551,-5.71999979019165,-7.739999771118164,17.959999084472656,-0.12999999523162842,0.44200000166893005,0.027000000700354576
1787109131.233301,resting,fast,1787109113.923551,-5.71999979019165,-7.739999771118164,17.959999084472656,-0.12999999523162842,0.44200000166893005,0.027000000700354576
1787109131.244257,resting,fast,1787109113.923551,-5.71999979019165,-7.739999771118164,17.959999084472656,-0.12999999523162842,0.44200000166893005,0.027000000700354576
1787109131.2552252,resting,fast,1787109113.923551,-5.71999979019165,-7.739999771118164,17.959999084472656,-0.12999999523162842,0.44200000166893005,0.027000000700354576
1787109131.2663438,resting,fast,1787109113.923551,-5.71999979019165,-7.739999771118164,17.959999084472656,-0.12999999523162842,0.44200000166893005,0.027000000700354576
1787109131.2772264,resting,fast,1787109113.923551,-5.71999979019165,-7.739999771118164,17.959999084472656,-0.12999999523162842,0.44200000166893005,0.027000000700354576
1787109131.2883554,resting,fast,1787109113.923551,-5.71999979019165,-7.739999771118164,17.959999084472656,-0.12999999523162842,0.44200000166893005,0.027000000700354576
1787109131.2997587,resting,fast,1787109113.923551,-5.71999979019165,-7.739999771118164,17.959999084472656,-0.12999999523162842,0.44200000166893005,0.027000000700354576
1787109131.3106513,resting,fast,1787109113.923551,-5.71999979019165,-7.739999771118164,17.959999084472656,-0.12999999523162842,0.44200000166893005,0.027000000700354576
1787109131.321612,resting,fast,1787109113.923551,-5.71999979019165,-7.739999771118164,17.959999084472656,-0.12999999523162842,0.44200000166893005,0.027000000700354576
1787109131.3325865,resting,fast,1787109113.923551,-5.71999979019165,-7.739999771118164,17.959999084472656,-0.12999999523162842,0.44200000166893005,0.027000000700354576
1787109131.3434033,resting,fast,1787109113.923551,-5.639999866485596,-8.420000076293945,17.8799991607666,-0.15199999511241913,0.4555000066757202,0.039000000804662704
1787109131.354261,resting,fast,1787109113.923551,-5.639999866485596,-8.420000076293945,17.8799991607666,-0.15199999511241913,0.4555000066757202,0.039000000804662704
1787109131.3664825,resting,fast,1787109113.923551,-5.639999866485596,-8.420000076293945,17.8799991607666,-0.15199999511241913,0.4555000066757202,0.039000000804662704
1787109131.3774073,resting,fast,1787109113.923551,-5.639999866485596,-8.420000076293945,17.8799991607666,-0.15199999511241913,0.4555000066757202,0.039000000804662704
1787109131.388622,resting,fast,1787109113.923551,-5.639999866485596,-8.420000076293945,17.8799991607666,-0.15199999511241913,0.4555000066757202,0.039000000804662704
1787109131.399835,resting,fast,1787109113.923551,-5.639999866485596,-8.420000076293945,17.8799991607666,-0.15199999511241913,0.4555000066757202,0.039000000804662704
1787109131.410582,resting,fast,1787109113.923551,-5.639999866485596,-8.420000076293945,17.8799991607666,-0.15199999511241913,0.4555000066757202,0.039000000804662704
1787109131.4215524,resting,fast,1787109113.923551,-5.639999866485596,-8.420000076293945,17.8799991607666,-0.15199999511241913,0.4555000066757202,0.039000000804662704
1787109131.4333231,resting,fast,1787109113.923551,-5.639999866485596,-8.420000076293945,17.8799991607666,-0.15199999511241913,0.4555000066757202,0.039000000804662704
1787109131.4440515,resting,fast,1787109113.923551,-5.639999866485596,-8.420000076293945,17.8799991607666,-0.15199999511241913,0.4555000066757202,0.039000000804662704
1787109131.4547293,resting,fast,1787109113.923551,-5.639999866485596,-8.420000076293945,17.8799991607666,-0.15199999511241913,0.4555000066757202,0.039000000804662704
1787109131.466789,resting,fast,1787109113.923551,-5.639999866485596,-8.420000076293945,17.8799991607666,-0.15199999511241913,0.4555000066757202,0.039000000804662704
1787109131.4775333,resting,fast,1787109113.923551,-5.639999866485596,-8.420000076293945,17.8799991607666,-0.15199999511241913,0.4555000066757202,0.039000000804662704
1787109131.488368,resting,fast,1787109113.923551,-5.639999866485596,-8.420000076293945,17.8799991607666,-0.15199999511241913,0.4555000066757202,0.039000000804662704
1787109131.5002964,resting,fast,1787109113.923551,-5.639999866485596,-8.420000076293945,17.8799991607666,-0.15199999511241913,0.4555000066757202,0.039000000804662704
1787109131.5110543,resting,fast,1787109113.923551,-5.639999866485596,-8.420000076293945,17.8799991607666,-0.15199999511241913,0.4555000066757202,0.039000000804662704
1787109131.521718,resting,fast,1787109113.923551,-5.639999866485596,-8.420000076293945,17.8799991607666,-0.15199999511241913,0.4555000066757202,0.039000000804662704
1787109131.5338864,resting,fast,1787109113.923551,-5.639999866485596,-8.420000076293945,17.8799991607666,-0.15199999511241913,0.4555000066757202,0.039000000804662704
1787109131.5447507,resting,fast,1787109113.923551,-5.619999885559082,-8.119999885559082,17.940000534057617,-0.1459999978542328,0.43799999356269836,0.006000000052154064
1787109131.5555599,resting,fast,1787109113.923551,-5.619999885559082,-8.119999885559082,17.940000534057617,-0.1459999978542328,0.43799999356269836,0.006000000052154064
1787109131.566388,resting,fast,1787109113.923551,-5.619999885559082,-8.119999885559082,17.940000534057617,-0.1459999978542328,0.43799999356269836,0.006000000052154064
1787109131.5772004,resting,fast,1787109113.923551,-5.619999885559082,-8.119999885559082,17.940000534057617,-0.1459999978542328,0.43799999356269836,0.006000000052154064
1787109131.5880399,resting,fast,1787109113.923551,-5.619999885559082,-8.119999885559082,17.940000534057617,-0.1459999978542328,0.43799999356269836,0.006000000052154064
1787109131.598823,resting,fast,1787109113.923551,-5.619999885559082,-8.119999885559082,17.940000534057617,-0.1459999978542328,0.43799999356269836,0.006000000052154064
1787109131.6095946,resting,fast,1787109113.923551,-5.619999885559082,-8.119999885559082,17.940000534057617,-0.1459999978542328,0.43799999356269836,0.006000000052154064
1787109131.6203477,resting,fast,1787109113.923551,-5.619999885559082,-8.119999885559082,17.940000534057617,-0.1459999978542328,0.43799999356269836,0.006000000052154064
1787109131.632618,resting,fast,1787109113.923551,-5.619999885559082,-8.119999885559082,17.940000534057617,-0.1459999978542328,0.43799999356269836,0.006000000052154064
1787109131.6433961,resting,fast,1787109113.923551,-5.619999885559082,-8.119999885559082,17.940000534057617,-0.1459999978542328,0.43799999356269836,0.006000000052154064
1787109131.6541438,resting,fast,1787109113.923551,-5.619999885559082,-8.119999885559082,17.940000534057617,-0.1459999978542328,0.43799999356269836,0.006000000052154064
1787109131.6653016,resting,fast,1787109113.923551,-5.619999885559082,-8.119999885559082,17.940000534057617,-0.1459999978542328,0.43799999356269836,0.006000000052154064
1787109131.6760933,resting,fast,1787109113.923551,-5.619999885559082,-8.119999885559082,17.940000534057617,-0.1459999978542328,0.43799999356269836,0.006000000052154064
1787109131.6869512,resting,fast,1787109113.923551,-5.619999885559082,-8.119999885559082,17.940000534057617,-0.1459999978542328,0.43799999356269836,0.006000000052154064
1787109131.6978464,resting,fast,1787109113.923551,-5.619999885559082,-8.119999885559082,17.940000534057617,-0.1459999978542328,0.43799999356269836,0.006000000052154064
1787109131.7087493,resting,fast,1787109113.923551,-5.619999885559082,-8.119999885559082,17.940000534057617,-0.1459999978542328,0.43799999356269836,0.006000000052154064
1787109131.7195818,resting,fast,1787109113.923551,-5.619999885559082,-8.119999885559082,17.940000534057617,-0.1459999978542328,0.43799999356269836,0.006000000052154064
1787109131.7312691,resting,fast,1787109113.923551,-5.619999885559082,-8.119999885559082,17.940000534057617,-0.1459999978542328,0.43799999356269836,0.006000000052154064
1787109131.742226,resting,fast,1787109113.923551,-5.28000020980835,-7.980000019073486,17.68000030517578,-0.13899999856948853,0.43149998784065247,-0.0044999998062849045
1787109131.7529042,resting,fast,1787109113.923551,-5.28000020980835,-7.980000019073486,17.68000030517578,-0.13899999856948853,0.43149998784065247,-0.0044999998062849045
1787109131.7635722,resting,fast,1787109113.923551,-5.28000020980835,-7.980000019073486,17.68000030517578,-0.13899999856948853,0.43149998784065247,-0.0044999998062849045
1787109131.7743354,resting,fast,1787109113.923551,-5.28000020980835,-7.980000019073486,17.68000030517578,-0.13899999856948853,0.43149998784065247,-0.0044999998062849045
1787109131.7851512,resting,fast,1787109113.923551,-5.28000020980835,-7.980000019073486,17.68000030517578,-0.13899999856948853,0.43149998784065247,-0.0044999998062849045
1787109131.7972913,resting,fast,1787109113.923551,-5.28000020980835,-7.980000019073486,17.68000030517578,-0.13899999856948853,0.43149998784065247,-0.0044999998062849045
1787109131.808145,resting,fast,1787109113.923551,-5.28000020980835,-7.980000019073486,17.68000030517578,-0.13899999856948853,0.43149998784065247,-0.0044999998062849045
1787109131.818862,resting,fast,1787109113.923551,-5.28000020980835,-7.980000019073486,17.68000030517578,-0.13899999856948853,0.43149998784065247,-0.0044999998062849045
1787109131.8301575,resting,fast,1787109113.923551,-5.28000020980835,-7.980000019073486,17.68000030517578,-0.13899999856948853,0.43149998784065247,-0.0044999998062849045
1787109131.8408637,resting,fast,1787109113.923551,-5.28000020980835,-7.980000019073486,17.68000030517578,-0.13899999856948853,0.43149998784065247,-0.0044999998062849045
1787109131.8515627,resting,fast,1787109113.923551,-5.28000020980835,-7.980000019073486,17.68000030517578,-0.13899999856948853,0.43149998784065247,-0.0044999998062849045
1787109131.8629463,resting,fast,1787109113.923551,-5.28000020980835,-7.980000019073486,17.68000030517578,-0.13899999856948853,0.43149998784065247,-0.0044999998062849045
1787109131.8737721,resting,fast,1787109113.923551,-5.28000020980835,-7.980000019073486,17.68000030517578,-0.13899999856948853,0.43149998784065247,-0.0044999998062849045
1787109131.8843489,resting,fast,1787109113.923551,-5.28000020980835,-7.980000019073486,17.68000030517578,-0.13899999856948853,0.43149998784065247,-0.0044999998062849045
1787109131.895583,resting,fast,1787109113.923551,-5.28000020980835,-7.980000019073486,17.68000030517578,-0.13899999856948853,0.43149998784065247,-0.0044999998062849045
1787109131.9061859,resting,fast,1787109113.923551,-5.28000020980835,-7.980000019073486,17.68000030517578,-0.13899999856948853,0.43149998784065247,-0.0044999998062849045
1787109131.9170399,resting,fast,1787109113.923551,-5.28000020980835,-7.980000019073486,17.68000030517578,-0.13899999856948853,0.43149998784065247,-0.0044999998062849045
1787109131.929681,resting,fast,1787109113.923551,-5.28000020980835,-7.980000019073486,17.68000030517578,-0.13899999856948853,0.43149998784065247,-0.0044999998062849045
1787109131.9405155,resting,fast,1787109113.923551,-5.659999847412109,-8.0,18.219999313354492,-0.12999999523162842,0.4514999985694885,0.004000000189989805
1787109131.9510725,resting,fast,1787109113.923551,-5.659999847412109,-8.0,18.219999313354492,-0.12999999523162842,0.4514999985694885,0.004000000189989805
1787109131.962913,resting,fast,1787109113.923551,-5.659999847412109,-8.0,18.219999313354492,-0.12999999523162842,0.4514999985694885,0.004000000189989805
1787109131.973582,resting,fast,1787109113.923551,-5.659999847412109,-8.0,18.219999313354492,-0.12999999523162842,0.4514999985694885,0.004000000189989805
1787109131.9843912,resting,fast,1787109113.923551,-5.659999847412109,-8.0,18.219999313354492,-0.12999999523162842,0.4514999985694885,0.004000000189989805
1787109131.9962828,resting,fast,1787109113.923551,-5.659999847412109,-8.0,18.219999313354492,-0.12999999523162842,0.4514999985694885,0.004000000189989805
1787109132.007154,resting,fast,1787109113.923551,-5.659999847412109,-8.0,18.219999313354492,-0.12999999523162842,0.4514999985694885,0.004000000189989805
1787109132.0177994,resting,fast,1787109113.923551,-5.659999847412109,-8.0,18.219999313354492,-0.12999999523162842,0.4514999985694885,0.004000000189989805
1787109132.0296798,resting,fast,1787109113.923551,-5.659999847412109,-8.0,18.219999313354492,-0.12999999523162842,0.4514999985694885,0.004000000189989805
1787109132.0406067,resting,fast,1787109113.923551,-5.659999847412109,-8.0,18.219999313354492,-0.12999999523162842,0.4514999985694885,0.004000000189989805
1787109132.051203,resting,fast,1787109113.923551,-5.659999847412109,-8.0,18.219999313354492,-0.12999999523162842,0.4514999985694885,0.004000000189989805
1787109132.063573,resting,fast,1787109113.923551,-5.659999847412109,-8.0,18.219999313354492,-0.12999999523162842,0.4514999985694885,0.004000000189989805
1787109132.0744011,resting,fast,1787109113.923551,-5.659999847412109,-8.0,18.219999313354492,-0.12999999523162842,0.4514999985694885,0.004000000189989805
1787109132.0851436,resting,fast,1787109113.923551,-5.659999847412109,-8.0,18.219999313354492,-0.12999999523162842,0.4514999985694885,0.004000000189989805
1787109132.0961766,resting,fast,1787109113.923551,-5.659999847412109,-8.0,18.219999313354492,-0.12999999523162842,0.4514999985694885,0.004000000189989805
1787109132.1070387,resting,fast,1787109113.923551,-5.659999847412109,-8.0,18.219999313354492,-0.12999999523162842,0.4514999985694885,0.004000000189989805
1787109132.1178758,resting,fast,1787109113.923551,-5.659999847412109,-8.0,18.219999313354492,-0.12999999523162842,0.4514999985694885,0.004000000189989805
1787109132.1297133,resting,fast,1787109113.923551,-5.659999847412109,-8.0,18.219999313354492,-0.12999999523162842,0.4514999985694885,0.004000000189989805
1787109132.1405911,resting,fast,1787109113.923551,-5.340000152587891,-8.34000015258789,18.200000762939453,-0.1354999989271164,0.4449999928474426,0.017000000923871994
1787109132.1512156,resting,fast,1787109113.923551,-5.340000152587891,-8.34000015258789,18.200000762939453,-0.1354999989271164,0.4449999928474426,0.017000000923871994
1787109132.1624618,resting,fast,1787109113.923551,-5.340000152587891,-8.34000015258789,18.200000762939453,-0.1354999989271164,0.4449999928474426,0.017000000923871994
1787109132.1731813,resting,fast,1787109113.923551,-5.340000152587891,-8.34000015258789,18.200000762939453,-0.1354999989271164,0.4449999928474426,0.017000000923871994
1787109132.1838312,resting,fast,1787109113.923551,-5.340000152587891,-8.34000015258789,18.200000762939453,-0.1354999989271164,0.4449999928474426,0.017000000923871994
1787109132.1958036,resting,fast,1787109113.923551,-5.340000152587891,-8.34000015258789,18.200000762939453,-0.1354999989271164,0.4449999928474426,0.017000000923871994
1787109132.2066169,resting,fast,1787109113.923551,-5.340000152587891,-8.34000015258789,18.200000762939453,-0.1354999989271164,0.4449999928474426,0.017000000923871994
1787109132.2173955,resting,fast,1787109113.923551,-5.340000152587891,-8.34000015258789,18.200000762939453,-0.1354999989271164,0.4449999928474426,0.017000000923871994
1787109132.2281997,resting,fast,1787109113.923551,-5.340000152587891,-8.34000015258789,18.200000762939453,-0.1354999989271164,0.4449999928474426,0.017000000923871994
1787109132.2388809,resting,fast,1787109113.923551,-5.340000152587891,-8.34000015258789,18.200000762939453,-0.1354999989271164,0.4449999928474426,0.017000000923871994
1787109132.24956,resting,fast,1787109113.923551,-5.340000152587891,-8.34000015258789,18.200000762939453,-0.1354999989271164,0.4449999928474426,0.017000000923871994
1787109132.2615962,resting,fast,1787109113.923551,-5.340000152587891,-8.34000015258789,18.200000762939453,-0.1354999989271164,0.4449999928474426,0.017000000923871994
1787109132.2723875,resting,fast,1787109113.923551,-5.340000152587891,-8.34000015258789,18.200000762939453,-0.1354999989271164,0.4449999928474426,0.017000000923871994
1787109132.2830927,resting,fast,1787109113.923551,-5.340000152587891,-8.34000015258789,18.200000762939453,-0.1354999989271164,0.4449999928474426,0.017000000923871994
1787109132.2944767,resting,fast,1787109113.923551,-5.340000152587891,-8.34000015258789,18.200000762939453,-0.1354999989271164,0.4449999928474426,0.017000000923871994
1787109132.3052433,resting,fast,1787109113.923551,-5.340000152587891,-8.34000015258789,18.200000762939453,-0.1354999989271164,0.4449999928474426,0.017000000923871994
1787109132.3160377,resting,fast,1787109113.923551,-5.340000152587891,-8.34000015258789,18.200000762939453,-0.1354999989271164,0.4449999928474426,0.017000000923871994
1787109132.3273313,resting,fast,1787109113.923551,-5.340000152587891,-8.34000015258789,18.200000762939453,-0.1354999989271164,0.4449999928474426,0.017000000923871994
1787109132.3381548,resting,fast,1787109113.923551,-5.760000228881836,-8.720000267028809,18.219999313354492,-0.1340000033378601,0.45350000262260437,0.010999999940395355
1787109132.3488445,resting,fast,1787109113.923551,-5.760000228881836,-8.720000267028809,18.219999313354492,-0.1340000033378601,0.45350000262260437,0.010999999940395355
1787109132.3608882,resting,fast,1787109113.923551,-5.760000228881836,-8.720000267028809,18.219999313354492,-0.1340000033378601,0.45350000262260437,0.010999999940395355
1787109132.372146,resting,fast,1787109113.923551,-5.760000228881836,-8.720000267028809,18.219999313354492,-0.1340000033378601,0.45350000262260437,0.010999999940395355
1787109132.3829563,resting,fast,1787109113.923551,-5.760000228881836,-8.720000267028809,18.219999313354492,-0.1340000033378601,0.45350000262260437,0.010999999940395355
1787109132.394004,resting,fast,1787109113.923551,-5.760000228881836,-8.720000267028809,18.219999313354492,-0.1340000033378601,0.45350000262260437,0.010999999940395355
1787109132.4050465,resting,fast,1787109113.923551,-5.760000228881836,-8.720000267028809,18.219999313354492,-0.1340000033378601,0.45350000262260437,0.010999999940395355
1787109132.416003,resting,fast,1787109113.923551,-5.760000228881836,-8.720000267028809,18.219999313354492,-0.1340000033378601,0.45350000262260437,0.010999999940395355
1787109132.4275317,resting,fast,1787109113.923551,-5.760000228881836,-8.720000267028809,18.219999313354492,-0.1340000033378601,0.45350000262260437,0.010999999940395355
1787109132.438592,resting,fast,1787109113.923551,-5.760000228881836,-8.720000267028809,18.219999313354492,-0.1340000033378601,0.45350000262260437,0.010999999940395355
1787109132.4498346,resting,fast,1787109113.923551,-5.760000228881836,-8.720000267028809,18.219999313354492,-0.1340000033378601,0.45350000262260437,0.010999999940395355
1787109132.4609928,resting,fast,1787109113.923551,-5.760000228881836,-8.720000267028809,18.219999313354492,-0.1340000033378601,0.45350000262260437,0.010999999940395355
1787109132.4718997,resting,fast,1787109113.923551,-5.760000228881836,-8.720000267028809,18.219999313354492,-0.1340000033378601,0.45350000262260437,0.010999999940395355
1787109132.4826813,resting,fast,1787109113.923551,-5.760000228881836,-8.720000267028809,18.219999313354492,-0.1340000033378601,0.45350000262260437,0.010999999940395355
1787109132.493893,resting,fast,1787109113.923551,-5.760000228881836,-8.720000267028809,18.219999313354492,-0.1340000033378601,0.45350000262260437,0.010999999940395355
1787109132.504594,resting,fast,1787109113.923551,-5.760000228881836,-8.720000267028809,18.219999313354492,-0.1340000033378601,0.45350000262260437,0.010999999940395355
1787109132.5154462,resting,fast,1787109113.923551,-5.760000228881836,-8.720000267028809,18.219999313354492,-0.1340000033378601,0.45350000262260437,0.010999999940395355
1787109132.5264304,resting,fast,1787109113.923551,-5.760000228881836,-8.720000267028809,18.219999313354492,-0.1340000033378601,0.45350000262260437,0.010999999940395355
1787109132.537517,resting,fast,1787109113.923551,-6.019999980926514,-8.680000305175781,18.079999923706055,-0.1354999989271164,0.4580000042915344,0.01850000023841858
1787109132.5484805,resting,fast,1787109113.923551,-6.019999980926514,-8.680000305175781,18.079999923706055,-0.1354999989271164,0.4580000042915344,0.01850000023841858
1787109132.5596204,resting,fast,1787109113.923551,-6.019999980926514,-8.680000305175781,18.079999923706055,-0.1354999989271164,0.4580000042915344,0.01850000023841858
1787109132.5706837,resting,fast,1787109113.923551,-6.019999980926514,-8.680000305175781,18.079999923706055,-0.1354999989271164,0.4580000042915344,0.01850000023841858
1787109132.5816832,resting,fast,1787109113.923551,-6.019999980926514,-8.680000305175781,18.079999923706055,-0.1354999989271164,0.4580000042915344,0.01850000023841858
1787109132.5931277,resting,fast,1787109113.923551,-6.019999980926514,-8.680000305175781,18.079999923706055,-0.1354999989271164,0.4580000042915344,0.01850000023841858
1787109132.6040397,resting,fast,1787109113.923551,-6.019999980926514,-8.680000305175781,18.079999923706055,-0.1354999989271164,0.4580000042915344,0.01850000023841858
1787109132.6148996,resting,fast,1787109113.923551,-6.019999980926514,-8.680000305175781,18.079999923706055,-0.1354999989271164,0.4580000042915344,0.01850000023841858
1787109132.6265519,resting,fast,1787109113.923551,-6.019999980926514,-8.680000305175781,18.079999923706055,-0.1354999989271164,0.4580000042915344,0.01850000023841858
1787109132.637453,resting,fast,1787109113.923551,-6.019999980926514,-8.680000305175781,18.079999923706055,-0.1354999989271164,0.4580000042915344,0.01850000023841858
1787109132.6484447,resting,fast,1787109113.923551,-6.019999980926514,-8.680000305175781,18.079999923706055,-0.1354999989271164,0.4580000042915344,0.01850000023841858
1787109132.6599572,resting,fast,1787109113.923551,-6.019999980926514,-8.680000305175781,18.079999923706055,-0.1354999989271164,0.4580000042915344,0.01850000023841858
1787109132.6708696,resting,fast,1787109113.923551,-6.019999980926514,-8.680000305175781,18.079999923706055,-0.1354999989271164,0.4580000042915344,0.01850000023841858
1787109132.6815906,resting,fast,1787109113.923551,-6.019999980926514,-8.680000305175781,18.079999923706055,-0.1354999989271164,0.4580000042915344,0.01850000023841858
1787109132.6934345,resting,fast,1787109113.923551,-6.019999980926514,-8.680000305175781,18.079999923706055,-0.1354999989271164,0.4580000042915344,0.01850000023841858
1787109132.7042634,resting,fast,1787109113.923551,-6.019999980926514,-8.680000305175781,18.079999923706055,-0.1354999989271164,0.4580000042915344,0.01850000023841858
1787109132.7150195,resting,fast,1787109113.923551,-6.019999980926514,-8.680000305175781,18.079999923706055,-0.1354999989271164,0.4580000042915344,0.01850000023841858
1787109132.7271504,resting,fast,1787109113.923551,-6.019999980926514,-8.680000305175781,18.079999923706055,-0.1354999989271164,0.4580000042915344,0.01850000023841858
1787109132.7380533,resting,fast,1787109113.923551,-5.579999923706055,-7.699999809265137,18.260000228881836,-0.1289999932050705,0.45100000500679016,0.004999999888241291
1787109132.7487712,resting,fast,1787109113.923551,-5.579999923706055,-7.699999809265137,18.260000228881836,-0.1289999932050705,0.45100000500679016,0.004999999888241291
1787109132.759872,resting,fast,1787109113.923551,-5.579999923706055,-7.699999809265137,18.260000228881836,-0.1289999932050705,0.45100000500679016,0.004999999888241291
1787109132.7705884,resting,fast,1787109113.923551,-5.579999923706055,-7.699999809265137,18.260000228881836,-0.1289999932050705,0.45100000500679016,0.004999999888241291
1787109132.7813966,resting,fast,1787109113.923551,-5.579999923706055,-7.699999809265137,18.260000228881836,-0.1289999932050705,0.45100000500679016,0.004999999888241291
1787109132.7925868,resting,fast,1787109113.923551,-5.579999923706055,-7.699999809265137,18.260000228881836,-0.1289999932050705,0.45100000500679016,0.004999999888241291
1787109132.8032126,resting,fast,1787109113.923551,-5.579999923706055,-7.699999809265137,18.260000228881836,-0.1289999932050705,0.45100000500679016,0.004999999888241291
1787109132.8140025,resting,fast,1787109113.923551,-5.579999923706055,-7.699999809265137,18.260000228881836,-0.1289999932050705,0.45100000500679016,0.004999999888241291
1787109132.8264806,resting,fast,1787109113.923551,-5.579999923706055,-7.699999809265137,18.260000228881836,-0.1289999932050705,0.45100000500679016,0.004999999888241291
1787109132.8373418,resting,fast,1787109113.923551,-5.579999923706055,-7.699999809265137,18.260000228881836,-0.1289999932050705,0.45100000500679016,0.004999999888241291
1787109132.848134,resting,fast,1787109113.923551,-5.579999923706055,-7.699999809265137,18.260000228881836,-0.1289999932050705,0.45100000500679016,0.004999999888241291
1787109132.8590822,resting,fast,1787109113.923551,-5.579999923706055,-7.699999809265137,18.260000228881836,-0.1289999932050705,0.45100000500679016,0.004999999888241291
1787109132.8699179,resting,fast,1787109113.923551,-5.579999923706055,-7.699999809265137,18.260000228881836,-0.1289999932050705,0.45100000500679016,0.004999999888241291
1787109132.880703,resting,fast,1787109113.923551,-5.579999923706055,-7.699999809265137,18.260000228881836,-0.1289999932050705,0.45100000500679016,0.004999999888241291
1787109132.8916724,resting,fast,1787109113.923551,-5.579999923706055,-7.699999809265137,18.260000228881836,-0.1289999932050705,0.45100000500679016,0.004999999888241291
1787109132.9024558,resting,fast,1787109113.923551,-5.579999923706055,-7.699999809265137,18.260000228881836,-0.1289999932050705,0.45100000500679016,0.004999999888241291
1787109132.9132304,resting,fast,1787109113.923551,-5.579999923706055,-7.699999809265137,18.260000228881836,-0.1289999932050705,0.45100000500679016,0.004999999888241291
1787109132.9248154,resting,fast,1787109113.923551,-5.579999923706055,-7.699999809265137,18.260000228881836,-0.1289999932050705,0.45100000500679016,0.004999999888241291
1787109132.935511,resting,fast,1787109113.923551,-6.119999885559082,-8.0600004196167,17.579999923706055,-0.13899999856948853,0.45350000262260437,-0.008500000461935997
1787109132.9463618,resting,fast,1787109113.923551,-6.119999885559082,-8.0600004196167,17.579999923706055,-0.13899999856948853,0.45350000262260437,-0.008500000461935997
1787109132.957071,resting,fast,1787109113.923551,-6.119999885559082,-8.0600004196167,17.579999923706055,-0.13899999856948853,0.45350000262260437,-0.008500000461935997
1787109132.967669,resting,fast,1787109113.923551,-6.119999885559082,-8.0600004196167,17.579999923706055,-0.13899999856948853,0.45350000262260437,-0.008500000461935997
1787109132.978415,resting,fast,1787109113.923551,-6.119999885559082,-8.0600004196167,17.579999923706055,-0.13899999856948853,0.45350000262260437,-0.008500000461935997
1787109132.991752,resting,fast,1787109113.923551,-6.119999885559082,-8.0600004196167,17.579999923706055,-0.13899999856948853,0.45350000262260437,-0.008500000461935997
1787109133.0025795,resting,fast,1787109113.923551,-6.119999885559082,-8.0600004196167,17.579999923706055,-0.13899999856948853,0.45350000262260437,-0.008500000461935997
1787109133.0133574,resting,fast,1787109113.923551,-6.119999885559082,-8.0600004196167,17.579999923706055,-0.13899999856948853,0.45350000262260437,-0.008500000461935997
1787109133.0245373,resting,fast,1787109113.923551,-6.119999885559082,-8.0600004196167,17.579999923706055,-0.13899999856948853,0.45350000262260437,-0.008500000461935997
1787109133.0353584,resting,fast,1787109113.923551,-6.119999885559082,-8.0600004196167,17.579999923706055,-0.13899999856948853,0.45350000262260437,-0.008500000461935997
1787109133.0461383,resting,fast,1787109113.923551,-6.119999885559082,-8.0600004196167,17.579999923706055,-0.13899999856948853,0.45350000262260437,-0.008500000461935997
1787109133.0585957,resting,fast,1787109113.923551,-6.119999885559082,-8.0600004196167,17.579999923706055,-0.13899999856948853,0.45350000262260437,-0.008500000461935997
1787109133.0694628,resting,fast,1787109113.923551,-6.119999885559082,-8.0600004196167,17.579999923706055,-0.13899999856948853,0.45350000262260437,-0.008500000461935997
1787109133.0801878,resting,fast,1787109113.923551,-6.119999885559082,-8.0600004196167,17.579999923706055,-0.13899999856948853,0.45350000262260437,-0.008500000461935997
1787109133.0911813,resting,fast,1787109113.923551,-6.119999885559082,-8.0600004196167,17.579999923706055,-0.13899999856948853,0.45350000262260437,-0.008500000461935997
1787109133.1019986,resting,fast,1787109113.923551,-6.119999885559082,-8.0600004196167,17.579999923706055,-0.13899999856948853,0.45350000262260437,-0.008500000461935997
1787109133.1127326,resting,fast,1787109113.923551,-6.119999885559082,-8.0600004196167,17.579999923706055,-0.13899999856948853,0.45350000262260437,-0.008500000461935997
1787109133.125017,resting,fast,1787109113.923551,-6.119999885559082,-8.0600004196167,17.579999923706055,-0.13899999856948853,0.45350000262260437,-0.008500000461935997
1787109133.1357834,resting,fast,1787109113.923551,-5.820000171661377,-7.900000095367432,18.440000534057617,-0.13099999725818634,0.4519999921321869,-0.007499999832361937
1787109133.1466238,resting,fast,1787109113.923551,-5.820000171661377,-7.900000095367432,18.440000534057617,-0.13099999725818634,0.4519999921321869,-0.007499999832361937
1787109133.1580398,resting,fast,1787109113.923551,-5.820000171661377,-7.900000095367432,18.440000534057617,-0.13099999725818634,0.4519999921321869,-0.007499999832361937
1787109133.1690307,resting,fast,1787109113.923551,-5.820000171661377,-7.900000095367432,18.440000534057617,-0.13099999725818634,0.4519999921321869,-0.007499999832361937
1787109133.179623,resting,fast,1787109113.923551,-5.820000171661377,-7.900000095367432,18.440000534057617,-0.13099999725818634,0.4519999921321869,-0.007499999832361937
1787109133.1913471,resting,fast,1787109113.923551,-5.820000171661377,-7.900000095367432,18.440000534057617,-0.13099999725818634,0.4519999921321869,-0.007499999832361937
1787109133.2021873,resting,fast,1787109113.923551,-5.820000171661377,-7.900000095367432,18.440000534057617,-0.13099999725818634,0.4519999921321869,-0.007499999832361937
1787109133.212951,resting,fast,1787109113.923551,-5.820000171661377,-7.900000095367432,18.440000534057617,-0.13099999725818634,0.4519999921321869,-0.007499999832361937
1787109133.223752,resting,fast,1787109113.923551,-5.820000171661377,-7.900000095367432,18.440000534057617,-0.13099999725818634,0.4519999921321869,-0.007499999832361937
1787109133.2345817,resting,fast,1787109113.923551,-5.820000171661377,-7.900000095367432,18.440000534057617,-0.13099999725818634,0.4519999921321869,-0.007499999832361937
1787109133.2453554,resting,fast,1787109113.923551,-5.820000171661377,-7.900000095367432,18.440000534057617,-0.13099999725818634,0.4519999921321869,-0.007499999832361937
1787109133.2563162,resting,fast,1787109113.923551,-5.820000171661377,-7.900000095367432,18.440000534057617,-0.13099999725818634,0.4519999921321869,-0.007499999832361937
1787109133.267182,resting,fast,1787109113.923551,-5.820000171661377,-7.900000095367432,18.440000534057617,-0.13099999725818634,0.4519999921321869,-0.007499999832361937
1787109133.2779949,resting,fast,1787109113.923551,-5.820000171661377,-7.900000095367432,18.440000534057617,-0.13099999725818634,0.4519999921321869,-0.007499999832361937
1787109133.2904372,resting,fast,1787109113.923551,-5.820000171661377,-7.900000095367432,18.440000534057617,-0.13099999725818634,0.4519999921321869,-0.007499999832361937
1787109133.301257,resting,fast,1787109113.923551,-5.820000171661377,-7.900000095367432,18.440000534057617,-0.13099999725818634,0.4519999921321869,-0.007499999832361937
1787109133.312025,resting,fast,1787109113.923551,-5.820000171661377,-7.900000095367432,18.440000534057617,-0.13099999725818634,0.4519999921321869,-0.007499999832361937
1787109133.3231235,resting,fast,1787109113.923551,-5.820000171661377,-7.900000095367432,18.440000534057617,-0.13099999725818634,0.4519999921321869,-0.007499999832361937
1787109133.333973,resting,fast,1787109113.923551,-5.820000171661377,-7.900000095367432,18.440000534057617,-0.13099999725818634,0.4519999921321869,-0.007499999832361937
1787109133.3446167,resting,fast,1787109113.923551,-6.079999923706055,-9.319999694824219,17.84000015258789,-0.15549999475479126,0.4465000033378601,0.01549999974668026
1787109133.3561487,resting,fast,1787109113.923551,-6.079999923706055,-9.319999694824219,17.84000015258789,-0.15549999475479126,0.4465000033378601,0.01549999974668026
1787109133.367086,resting,fast,1787109113.923551,-6.079999923706055,-9.319999694824219,17.84000015258789,-0.15549999475479126,0.4465000033378601,0.01549999974668026
1787109133.3777063,resting,fast,1787109113.923551,-6.079999923706055,-9.319999694824219,17.84000015258789,-0.15549999475479126,0.4465000033378601,0.01549999974668026
1787109133.3896823,resting,fast,1787109113.923551,-6.079999923706055,-9.319999694824219,17.84000015258789,-0.15549999475479126,0.4465000033378601,0.01549999974668026
1787109133.4004145,resting,fast,1787109113.923551,-6.079999923706055,-9.319999694824219,17.84000015258789,-0.15549999475479126,0.4465000033378601,0.01549999974668026
1787109133.411281,resting,fast,1787109113.923551,-6.079999923706055,-9.319999694824219,17.84000015258789,-0.15549999475479126,0.4465000033378601,0.01549999974668026
1787109133.4221773,resting,fast,1787109113.923551,-6.079999923706055,-9.319999694824219,17.84000015258789,-0.15549999475479126,0.4465000033378601,0.01549999974668026
1787109133.4328365,resting,fast,1787109113.923551,-6.079999923706055,-9.319999694824219,17.84000015258789,-0.15549999475479126,0.4465000033378601,0.01549999974668026
1787109133.4434965,resting,fast,1787109113.923551,-6.079999923706055,-9.319999694824219,17.84000015258789,-0.15549999475479126,0.4465000033378601,0.01549999974668026
1787109133.4560995,resting,fast,1787109113.923551,-6.079999923706055,-9.319999694824219,17.84000015258789,-0.15549999475479126,0.4465000033378601,0.01549999974668026
1787109133.4669356,resting,fast,1787109113.923551,-6.079999923706055,-9.319999694824219,17.84000015258789,-0.15549999475479126,0.4465000033378601,0.01549999974668026
1787109133.4775643,resting,fast,1787109113.923551,-6.079999923706055,-9.319999694824219,17.84000015258789,-0.15549999475479126,0.4465000033378601,0.01549999974668026
1787109133.4886777,resting,fast,1787109113.923551,-6.079999923706055,-9.319999694824219,17.84000015258789,-0.15549999475479126,0.4465000033378601,0.01549999974668026
1787109133.499499,resting,fast,1787109113.923551,-6.079999923706055,-9.319999694824219,17.84000015258789,-0.15549999475479126,0.4465000033378601,0.01549999974668026
1787109133.510366,resting,fast,1787109113.923551,-6.079999923706055,-9.319999694824219,17.84000015258789,-0.15549999475479126,0.4465000033378601,0.01549999974668026
1787109133.5213978,resting,fast,1787109113.923551,-6.079999923706055,-9.319999694824219,17.84000015258789,-0.15549999475479126,0.4465000033378601,0.01549999974668026
1787109133.53215,resting,fast,1787109113.923551,-6.079999923706055,-9.319999694824219,17.84000015258789,-0.15549999475479126,0.4465000033378601,0.01549999974668026
1787109133.5429611,resting,fast,1787109113.923551,-6.159999847412109,-8.239999771118164,17.559999465942383,-0.14499999582767487,0.45249998569488525,0.005499999970197678
1787109133.5542252,resting,fast,1787109113.923551,-6.159999847412109,-8.239999771118164,17.559999465942383,-0.14499999582767487,0.45249998569488525,0.005499999970197678
1787109133.5652003,resting,fast,1787109113.923551,-6.159999847412109,-8.239999771118164,17.559999465942383,-0.14499999582767487,0.45249998569488525,0.005499999970197678
1787109133.5762753,resting,fast,1787109113.923551,-6.159999847412109,-8.239999771118164,17.559999465942383,-0.14499999582767487,0.45249998569488525,0.005499999970197678
1787109133.5885277,resting,fast,1787109113.923551,-6.159999847412109,-8.239999771118164,17.559999465942383,-0.14499999582767487,0.45249998569488525,0.005499999970197678
1787109133.5993607,resting,fast,1787109113.923551,-6.159999847412109,-8.239999771118164,17.559999465942383,-0.14499999582767487,0.45249998569488525,0.005499999970197678
1787109133.6103983,resting,fast,1787109113.923551,-6.159999847412109,-8.239999771118164,17.559999465942383,-0.14499999582767487,0.45249998569488525,0.005499999970197678
1787109133.6212223,resting,fast,1787109113.923551,-6.159999847412109,-8.239999771118164,17.559999465942383,-0.14499999582767487,0.45249998569488525,0.005499999970197678
1787109133.6319225,resting,fast,1787109113.923551,-6.159999847412109,-8.239999771118164,17.559999465942383,-0.14499999582767487,0.45249998569488525,0.005499999970197678
1787109133.642561,resting,fast,1787109113.923551,-6.159999847412109,-8.239999771118164,17.559999465942383,-0.14499999582767487,0.45249998569488525,0.005499999970197678
1787109133.6548758,resting,fast,1787109113.923551,-6.159999847412109,-8.239999771118164,17.559999465942383,-0.14499999582767487,0.45249998569488525,0.005499999970197678
1787109133.6656024,resting,fast,1787109113.923551,-6.159999847412109,-8.239999771118164,17.559999465942383,-0.14499999582767487,0.45249998569488525,0.005499999970197678
1787109133.6763153,resting,fast,1787109113.923551,-6.159999847412109,-8.239999771118164,17.559999465942383,-0.14499999582767487,0.45249998569488525,0.005499999970197678
1787109133.687195,resting,fast,1787109113.923551,-6.159999847412109,-8.239999771118164,17.559999465942383,-0.14499999582767487,0.45249998569488525,0.005499999970197678
1787109133.6982024,resting,fast,1787109113.923551,-6.159999847412109,-8.239999771118164,17.559999465942383,-0.14499999582767487,0.45249998569488525,0.005499999970197678
1787109133.7090752,resting,fast,1787109113.923551,-6.159999847412109,-8.239999771118164,17.559999465942383,-0.14499999582767487,0.45249998569488525,0.005499999970197678
1787109133.720339,resting,fast,1787109113.923551,-6.159999847412109,-8.239999771118164,17.559999465942383,-0.14499999582767487,0.45249998569488525,0.005499999970197678
1787109133.731269,resting,fast,1787109113.923551,-6.159999847412109,-8.239999771118164,17.559999465942383,-0.14499999582767487,0.45249998569488525,0.005499999970197678
1787109133.7421627,resting,fast,1787109113.923551,-5.480000019073486,-7.760000228881836,17.81999969482422,-0.12049999833106995,0.46149998903274536,0.020500000566244125
1787109133.7530675,resting,fast,1787109113.923551,-5.480000019073486,-7.760000228881836,17.81999969482422,-0.12049999833106995,0.46149998903274536,0.020500000566244125
1787109133.7637963,resting,fast,1787109113.923551,-5.480000019073486,-7.760000228881836,17.81999969482422,-0.12049999833106995,0.46149998903274536,0.020500000566244125
1787109133.7746756,resting,fast,1787109113.923551,-5.480000019073486,-7.760000228881836,17.81999969482422,-0.12049999833106995,0.46149998903274536,0.020500000566244125
1787109133.7862077,resting,fast,1787109113.923551,-5.480000019073486,-7.760000228881836,17.81999969482422,-0.12049999833106995,0.46149998903274536,0.020500000566244125
1787109133.7970443,resting,fast,1787109113.923551,-5.480000019073486,-7.760000228881836,17.81999969482422,-0.12049999833106995,0.46149998903274536,0.020500000566244125
1787109133.807771,resting,fast,1787109113.923551,-5.480000019073486,-7.760000228881836,17.81999969482422,-0.12049999833106995,0.46149998903274536,0.020500000566244125
1787109133.8194666,resting,fast,1787109113.923551,-5.480000019073486,-7.760000228881836,17.81999969482422,-0.12049999833106995,0.46149998903274536,0.020500000566244125
1787109133.8302612,resting,fast,1787109113.923551,-5.480000019073486,-7.760000228881836,17.81999969482422,-0.12049999833106995,0.46149998903274536,0.020500000566244125
1787109133.8409848,resting,fast,1787109113.923551,-5.480000019073486,-7.760000228881836,17.81999969482422,-0.12049999833106995,0.46149998903274536,0.020500000566244125
1787109133.8528326,resting,fast,1787109113.923551,-5.480000019073486,-7.760000228881836,17.81999969482422,-0.12049999833106995,0.46149998903274536,0.020500000566244125
1787109133.8635778,resting,fast,1787109113.923551,-5.480000019073486,-7.760000228881836,17.81999969482422,-0.12049999833106995,0.46149998903274536,0.020500000566244125
1787109133.8744357,resting,fast,1787109113.923551,-5.480000019073486,-7.760000228881836,17.81999969482422,-0.12049999833106995,0.46149998903274536,0.020500000566244125
1787109133.8852677,resting,fast,1787109113.923551,-5.480000019073486,-7.760000228881836,17.81999969482422,-0.12049999833106995,0.46149998903274536,0.020500000566244125
1787109133.896048,resting,fast,1787109113.923551,-5.480000019073486,-7.760000228881836,17.81999969482422,-0.12049999833106995,0.46149998903274536,0.020500000566244125
1787109133.906857,resting,fast,1787109113.923551,-5.480000019073486,-7.760000228881836,17.81999969482422,-0.12049999833106995,0.46149998903274536,0.020500000566244125
1787109133.9179122,resting,fast,1787109113.923551,-5.480000019073486,-7.760000228881836,17.81999969482422,-0.12049999833106995,0.46149998903274536,0.020500000566244125
1787109133.9287417,resting,fast,1787109113.923551,-5.480000019073486,-7.760000228881836,17.81999969482422,-0.12049999833106995,0.46149998903274536,0.020500000566244125
1787109133.939635,resting,fast,1787109113.923551,-5.840000152587891,-7.460000038146973,18.0,-0.11649999767541885,0.4440000057220459,0.014000000432133675
1787109133.9514909,resting,fast,1787109113.923551,-5.840000152587891,-7.460000038146973,18.0,-0.11649999767541885,0.4440000057220459,0.014000000432133675
1787109133.9623132,resting,fast,1787109113.923551,-5.840000152587891,-7.460000038146973,18.0,-0.11649999767541885,0.4440000057220459,0.014000000432133675
1787109133.9731092,resting,fast,1787109113.923551,-5.840000152587891,-7.460000038146973,18.0,-0.11649999767541885,0.4440000057220459,0.014000000432133675
1787109133.986529,resting,fast,1787109113.923551,-5.840000152587891,-7.460000038146973,18.0,-0.11649999767541885,0.4440000057220459,0.014000000432133675
1787109133.9974864,resting,fast,1787109113.923551,-5.840000152587891,-7.460000038146973,18.0,-0.11649999767541885,0.4440000057220459,0.014000000432133675
1787109134.008289,resting,fast,1787109113.923551,-5.840000152587891,-7.460000038146973,18.0,-0.11649999767541885,0.4440000057220459,0.014000000432133675
1787109134.0193665,resting,fast,1787109113.923551,-5.840000152587891,-7.460000038146973,18.0,-0.11649999767541885,0.4440000057220459,0.014000000432133675
1787109134.030179,resting,fast,1787109113.923551,-5.840000152587891,-7.460000038146973,18.0,-0.11649999767541885,0.4440000057220459,0.014000000432133675
1787109134.040979,resting,fast,1787109113.923551,-5.840000152587891,-7.460000038146973,18.0,-0.11649999767541885,0.4440000057220459,0.014000000432133675
1787109134.0530205,resting,fast,1787109113.923551,-5.840000152587891,-7.460000038146973,18.0,-0.11649999767541885,0.4440000057220459,0.014000000432133675
1787109134.0638337,resting,fast,1787109113.923551,-5.840000152587891,-7.460000038146973,18.0,-0.11649999767541885,0.4440000057220459,0.014000000432133675
1787109134.0745049,resting,fast,1787109113.923551,-5.840000152587891,-7.460000038146973,18.0,-0.11649999767541885,0.4440000057220459,0.014000000432133675
1787109134.0859962,resting,fast,1787109113.923551,-5.840000152587891,-7.460000038146973,18.0,-0.11649999767541885,0.4440000057220459,0.014000000432133675
1787109134.0967999,resting,fast,1787109113.923551,-5.840000152587891,-7.460000038146973,18.0,-0.11649999767541885,0.4440000057220459,0.014000000432133675
1787109134.1073003,resting,fast,1787109113.923551,-5.840000152587891,-7.460000038146973,18.0,-0.11649999767541885,0.4440000057220459,0.014000000432133675
1787109134.118819,resting,fast,1787109113.923551,-5.840000152587891,-7.460000038146973,18.0,-0.11649999767541885,0.4440000057220459,0.014000000432133675
1787109134.1295125,resting,fast,1787109113.923551,-5.840000152587891,-7.460000038146973,18.0,-0.11649999767541885,0.4440000057220459,0.014000000432133675
1787109134.1403897,resting,fast,1787109113.923551,-6.019999980926514,-8.800000190734863,17.700000762939453,-0.14100000262260437,0.44600000977516174,0.007499999832361937
1787109134.1519625,resting,fast,1787109113.923551,-6.019999980926514,-8.800000190734863,17.700000762939453,-0.14100000262260437,0.44600000977516174,0.007499999832361937
1787109134.162932,resting,fast,1787109113.923551,-6.019999980926514,-8.800000190734863,17.700000762939453,-0.14100000262260437,0.44600000977516174,0.007499999832361937
1787109134.1736195,resting,fast,1787109113.923551,-6.019999980926514,-8.800000190734863,17.700000762939453,-0.14100000262260437,0.44600000977516174,0.007499999832361937
1787109134.1867156,resting,fast,1787109113.923551,-6.019999980926514,-8.800000190734863,17.700000762939453,-0.14100000262260437,0.44600000977516174,0.007499999832361937
1787109134.1975908,resting,fast,1787109113.923551,-6.019999980926514,-8.800000190734863,17.700000762939453,-0.14100000262260437,0.44600000977516174,0.007499999832361937
1787109134.2084067,resting,fast,1787109113.923551,-6.019999980926514,-8.800000190734863,17.700000762939453,-0.14100000262260437,0.44600000977516174,0.007499999832361937
1787109134.2200797,resting,fast,1787109113.923551,-6.019999980926514,-8.800000190734863,17.700000762939453,-0.14100000262260437,0.44600000977516174,0.007499999832361937
1787109134.2308974,resting,fast,1787109113.923551,-6.019999980926514,-8.800000190734863,17.700000762939453,-0.14100000262260437,0.44600000977516174,0.007499999832361937
1787109134.2416277,resting,fast,1787109113.923551,-6.019999980926514,-8.800000190734863,17.700000762939453,-0.14100000262260437,0.44600000977516174,0.007499999832361937
1787109134.2535598,resting,fast,1787109113.923551,-6.019999980926514,-8.800000190734863,17.700000762939453,-0.14100000262260437,0.44600000977516174,0.007499999832361937
1787109134.264327,resting,fast,1787109113.923551,-6.019999980926514,-8.800000190734863,17.700000762939453,-0.14100000262260437,0.44600000977516174,0.007499999832361937
1787109134.2751474,resting,fast,1787109113.923551,-6.019999980926514,-8.800000190734863,17.700000762939453,-0.14100000262260437,0.44600000977516174,0.007499999832361937
1787109134.2859054,resting,fast,1787109113.923551,-6.019999980926514,-8.800000190734863,17.700000762939453,-0.14100000262260437,0.44600000977516174,0.007499999832361937
1787109134.296668,resting,fast,1787109113.923551,-6.019999980926514,-8.800000190734863,17.700000762939453,-0.14100000262260437,0.44600000977516174,0.007499999832361937
1787109134.307509,resting,fast,1787109113.923551,-6.019999980926514,-8.800000190734863,17.700000762939453,-0.14100000262260437,0.44600000977516174,0.007499999832361937
1787109134.3183355,resting,fast,1787109113.923551,-6.019999980926514,-8.800000190734863,17.700000762939453,-0.14100000262260437,0.44600000977516174,0.007499999832361937
1787109134.3291066,resting,fast,1787109113.923551,-6.019999980926514,-8.800000190734863,17.700000762939453,-0.14100000262260437,0.44600000977516174,0.007499999832361937
1787109134.3397326,resting,fast,1787109113.923551,-5.820000171661377,-8.0,18.079999923706055,-0.13349999487400055,0.46000000834465027,0.0044999998062849045
1787109134.3515587,resting,fast,1787109113.923551,-5.820000171661377,-8.0,18.079999923706055,-0.13349999487400055,0.46000000834465027,0.0044999998062849045
1787109134.3622687,resting,fast,1787109113.923551,-5.820000171661377,-8.0,18.079999923706055,-0.13349999487400055,0.46000000834465027,0.0044999998062849045
1787109134.373048,resting,fast,1787109113.923551,-5.820000171661377,-8.0,18.079999923706055,-0.13349999487400055,0.46000000834465027,0.0044999998062849045
1787109134.383701,resting,fast,1787109113.923551,-5.820000171661377,-8.0,18.079999923706055,-0.13349999487400055,0.46000000834465027,0.0044999998062849045
1787109134.3944683,resting,fast,1787109113.923551,-5.820000171661377,-8.0,18.079999923706055,-0.13349999487400055,0.46000000834465027,0.0044999998062849045
1787109134.4050157,resting,fast,1787109113.923551,-5.820000171661377,-8.0,18.079999923706055,-0.13349999487400055,0.46000000834465027,0.0044999998062849045
1787109134.4185114,resting,fast,1787109113.923551,-5.820000171661377,-8.0,18.079999923706055,-0.13349999487400055,0.46000000834465027,0.0044999998062849045
1787109134.4294116,resting,fast,1787109113.923551,-5.820000171661377,-8.0,18.079999923706055,-0.13349999487400055,0.46000000834465027,0.0044999998062849045
1787109134.4401684,resting,fast,1787109113.923551,-5.820000171661377,-8.0,18.079999923706055,-0.13349999487400055,0.46000000834465027,0.0044999998062849045
1787109134.4518945,resting,fast,1787109113.923551,-5.820000171661377,-8.0,18.079999923706055,-0.13349999487400055,0.46000000834465027,0.0044999998062849045
1787109134.4626787,resting,fast,1787109113.923551,-5.820000171661377,-8.0,18.079999923706055,-0.13349999487400055,0.46000000834465027,0.0044999998062849045
1787109134.4735472,resting,fast,1787109113.923551,-5.820000171661377,-8.0,18.079999923706055,-0.13349999487400055,0.46000000834465027,0.0044999998062849045
1787109134.4852757,resting,fast,1787109113.923551,-5.820000171661377,-8.0,18.079999923706055,-0.13349999487400055,0.46000000834465027,0.0044999998062849045
1787109134.4959404,resting,fast,1787109113.923551,-5.820000171661377,-8.0,18.079999923706055,-0.13349999487400055,0.46000000834465027,0.0044999998062849045
1787109134.506594,resting,fast,1787109113.923551,-5.820000171661377,-8.0,18.079999923706055,-0.13349999487400055,0.46000000834465027,0.0044999998062849045
1787109134.5177476,resting,fast,1787109113.923551,-5.820000171661377,-8.0,18.079999923706055,-0.13349999487400055,0.46000000834465027,0.0044999998062849045
1787109134.5283976,resting,fast,1787109113.923551,-5.820000171661377,-8.0,18.079999923706055,-0.13349999487400055,0.46000000834465027,0.0044999998062849045
1787109134.539162,resting,fast,1787109113.923551,-5.800000190734863,-7.880000114440918,18.219999313354492,-0.1599999964237213,0.4480000138282776,0.0010000000474974513
1787109134.549831,resting,fast,1787109113.923551,-5.800000190734863,-7.880000114440918,18.219999313354492,-0.1599999964237213,0.4480000138282776,0.0010000000474974513
1787109134.5605924,resting,fast,1787109113.923551,-5.800000190734863,-7.880000114440918,18.219999313354492,-0.1599999964237213,0.4480000138282776,0.0010000000474974513
1787109134.5713518,resting,fast,1787109113.923551,-5.800000190734863,-7.880000114440918,18.219999313354492,-0.1599999964237213,0.4480000138282776,0.0010000000474974513
1787109134.5823789,resting,fast,1787109113.923551,-5.800000190734863,-7.880000114440918,18.219999313354492,-0.1599999964237213,0.4480000138282776,0.0010000000474974513
1787109134.5932217,resting,fast,1787109113.923551,-5.800000190734863,-7.880000114440918,18.219999313354492,-0.1599999964237213,0.4480000138282776,0.0010000000474974513
1787109134.6041622,resting,fast,1787109113.923551,-5.800000190734863,-7.880000114440918,18.219999313354492,-0.1599999964237213,0.4480000138282776,0.0010000000474974513
1787109134.6158748,resting,fast,1787109113.923551,-5.800000190734863,-7.880000114440918,18.219999313354492,-0.1599999964237213,0.4480000138282776,0.0010000000474974513
1787109134.6263723,resting,fast,1787109113.923551,-5.800000190734863,-7.880000114440918,18.219999313354492,-0.1599999964237213,0.4480000138282776,0.0010000000474974513
1787109134.6368642,resting,fast,1787109113.923551,-5.800000190734863,-7.880000114440918,18.219999313354492,-0.1599999964237213,0.4480000138282776,0.0010000000474974513
1787109134.6475646,resting,fast,1787109113.923551,-5.800000190734863,-7.880000114440918,18.219999313354492,-0.1599999964237213,0.4480000138282776,0.0010000000474974513
1787109134.6602254,resting,fast,1787109113.923551,-5.800000190734863,-7.880000114440918,18.219999313354492,-0.1599999964237213,0.4480000138282776,0.0010000000474974513
1787109134.6711316,resting,fast,1787109113.923551,-5.800000190734863,-7.880000114440918,18.219999313354492,-0.1599999964237213,0.4480000138282776,0.0010000000474974513
1787109134.6826527,resting,fast,1787109113.923551,-5.800000190734863,-7.880000114440918,18.219999313354492,-0.1599999964237213,0.4480000138282776,0.0010000000474974513
1787109134.6934323,resting,fast,1787109113.923551,-5.800000190734863,-7.880000114440918,18.219999313354492,-0.1599999964237213,0.4480000138282776,0.0010000000474974513
1787109134.704175,resting,fast,1787109113.923551,-5.800000190734863,-7.880000114440918,18.219999313354492,-0.1599999964237213,0.4480000138282776,0.0010000000474974513
1787109134.7170415,resting,fast,1787109113.923551,-5.800000190734863,-7.880000114440918,18.219999313354492,-0.1599999964237213,0.4480000138282776,0.0010000000474974513
1787109134.7278183,resting,fast,1787109113.923551,-5.800000190734863,-7.880000114440918,18.219999313354492,-0.1599999964237213,0.4480000138282776,0.0010000000474974513
1787109134.7385805,resting,fast,1787109113.923551,-5.699999809265137,-8.5,18.100000381469727,-0.14300000667572021,0.453000009059906,0.0020000000949949026
1787109134.7506554,resting,fast,1787109113.923551,-5.699999809265137,-8.5,18.100000381469727,-0.14300000667572021,0.453000009059906,0.0020000000949949026
1787109134.7615106,resting,fast,1787109113.923551,-5.699999809265137,-8.5,18.100000381469727,-0.14300000667572021,0.453000009059906,0.0020000000949949026
1787109134.7722223,resting,fast,1787109113.923551,-5.699999809265137,-8.5,18.100000381469727,-0.14300000667572021,0.453000009059906,0.0020000000949949026
1787109134.784809,resting,fast,1787109113.923551,-5.699999809265137,-8.5,18.100000381469727,-0.14300000667572021,0.453000009059906,0.0020000000949949026
1787109134.7957053,resting,fast,1787109113.923551,-5.699999809265137,-8.5,18.100000381469727,-0.14300000667572021,0.453000009059906,0.0020000000949949026
1787109134.8065443,resting,fast,1787109113.923551,-5.699999809265137,-8.5,18.100000381469727,-0.14300000667572021,0.453000009059906,0.0020000000949949026
1787109134.817297,resting,fast,1787109113.923551,-5.699999809265137,-8.5,18.100000381469727,-0.14300000667572021,0.453000009059906,0.0020000000949949026
1787109134.8281975,resting,fast,1787109113.923551,-5.699999809265137,-8.5,18.100000381469727,-0.14300000667572021,0.453000009059906,0.0020000000949949026
1787109134.8390486,resting,fast,1787109113.923551,-5.699999809265137,-8.5,18.100000381469727,-0.14300000667572021,0.453000009059906,0.0020000000949949026
1787109134.8504515,resting,fast,1787109113.923551,-5.699999809265137,-8.5,18.100000381469727,-0.14300000667572021,0.453000009059906,0.0020000000949949026
1787109134.8613553,resting,fast,1787109113.923551,-5.699999809265137,-8.5,18.100000381469727,-0.14300000667572021,0.453000009059906,0.0020000000949949026
1787109134.872304,resting,fast,1787109113.923551,-5.699999809265137,-8.5,18.100000381469727,-0.14300000667572021,0.453000009059906,0.0020000000949949026
1787109134.8832085,resting,fast,1787109113.923551,-5.699999809265137,-8.5,18.100000381469727,-0.14300000667572021,0.453000009059906,0.0020000000949949026
1787109134.8945115,resting,fast,1787109113.923551,-5.699999809265137,-8.5,18.100000381469727,-0.14300000667572021,0.453000009059906,0.0020000000949949026
1787109134.9054968,resting,fast,1787109113.923551,-5.699999809265137,-8.5,18.100000381469727,-0.14300000667572021,0.453000009059906,0.0020000000949949026
1787109134.916657,resting,fast,1787109113.923551,-5.699999809265137,-8.5,18.100000381469727,-0.14300000667572021,0.453000009059906,0.0020000000949949026
1787109134.927701,resting,fast,1787109113.923551,-5.699999809265137,-8.5,18.100000381469727,-0.14300000667572021,0.453000009059906,0.0020000000949949026
1787109134.93866,resting,fast,1787109113.923551,-5.840000152587891,-7.460000038146973,18.020000457763672,-0.1264999955892563,0.4494999945163727,0.010499999858438969
1787109134.9496307,resting,fast,1787109113.923551,-5.840000152587891,-7.460000038146973,18.020000457763672,-0.1264999955892563,0.4494999945163727,0.010499999858438969
1787109134.9607186,resting,fast,1787109113.923551,-5.840000152587891,-7.460000038146973,18.020000457763672,-0.1264999955892563,0.4494999945163727,0.010499999858438969
1787109134.9718246,resting,fast,1787109113.923551,-5.840000152587891,-7.460000038146973,18.020000457763672,-0.1264999955892563,0.4494999945163727,0.010499999858438969
1787109134.9833944,resting,fast,1787109113.923551,-5.840000152587891,-7.460000038146973,18.020000457763672,-0.1264999955892563,0.4494999945163727,0.010499999858438969
1787109134.9945695,resting,fast,1787109113.923551,-5.840000152587891,-7.460000038146973,18.020000457763672,-0.1264999955892563,0.4494999945163727,0.010499999858438969
1787109135.0056498,resting,fast,1787109113.923551,-5.840000152587891,-7.460000038146973,18.020000457763672,-0.1264999955892563,0.4494999945163727,0.010499999858438969
1787109135.0167704,resting,fast,1787109113.923551,-5.840000152587891,-7.460000038146973,18.020000457763672,-0.1264999955892563,0.4494999945163727,0.010499999858438969
1787109135.0277166,resting,fast,1787109113.923551,-5.840000152587891,-7.460000038146973,18.020000457763672,-0.1264999955892563,0.4494999945163727,0.010499999858438969
1787109135.0386677,resting,fast,1787109113.923551,-5.840000152587891,-7.460000038146973,18.020000457763672,-0.1264999955892563,0.4494999945163727,0.010499999858438969
1787109135.0496407,resting,fast,1787109113.923551,-5.840000152587891,-7.460000038146973,18.020000457763672,-0.1264999955892563,0.4494999945163727,0.010499999858438969
1787109135.0606751,resting,fast,1787109113.923551,-5.840000152587891,-7.460000038146973,18.020000457763672,-0.1264999955892563,0.4494999945163727,0.010499999858438969
1787109135.071864,resting,fast,1787109113.923551,-5.840000152587891,-7.460000038146973,18.020000457763672,-0.1264999955892563,0.4494999945163727,0.010499999858438969
1787109135.0829544,resting,fast,1787109113.923551,-5.840000152587891,-7.460000038146973,18.020000457763672,-0.1264999955892563,0.4494999945163727,0.010499999858438969
1787109135.0939531,resting,fast,1787109113.923551,-5.840000152587891,-7.460000038146973,18.020000457763672,-0.1264999955892563,0.4494999945163727,0.010499999858438969
1787109135.104926,resting,fast,1787109113.923551,-5.840000152587891,-7.460000038146973,18.020000457763672,-0.1264999955892563,0.4494999945163727,0.010499999858438969
1787109135.116003,resting,fast,1787109113.923551,-5.840000152587891,-7.460000038146973,18.020000457763672,-0.1264999955892563,0.4494999945163727,0.010499999858438969
1787109135.1271598,resting,fast,1787109113.923551,-5.840000152587891,-7.460000038146973,18.020000457763672,-0.1264999955892563,0.4494999945163727,0.010499999858438969
1787109135.1378794,resting,fast,1787109113.923551,-5.360000133514404,-7.840000152587891,18.34000015258789,-0.12200000137090683,0.45500001311302185,-0.0035000001080334187
1787109135.1489913,resting,fast,1787109113.923551,-5.360000133514404,-7.840000152587891,18.34000015258789,-0.12200000137090683,0.45500001311302185,-0.0035000001080334187
1787109135.160011,resting,fast,1787109113.923551,-5.360000133514404,-7.840000152587891,18.34000015258789,-0.12200000137090683,0.45500001311302185,-0.0035000001080334187
1787109135.171016,resting,fast,1787109113.923551,-5.360000133514404,-7.840000152587891,18.34000015258789,-0.12200000137090683,0.45500001311302185,-0.0035000001080334187
1787109135.181894,resting,fast,1787109113.923551,-5.360000133514404,-7.840000152587891,18.34000015258789,-0.12200000137090683,0.45500001311302185,-0.0035000001080334187
1787109135.1929455,resting,fast,1787109113.923551,-5.360000133514404,-7.840000152587891,18.34000015258789,-0.12200000137090683,0.45500001311302185,-0.0035000001080334187
1787109135.2040133,resting,fast,1787109113.923551,-5.360000133514404,-7.840000152587891,18.34000015258789,-0.12200000137090683,0.45500001311302185,-0.0035000001080334187
1787109135.2150419,resting,fast,1787109113.923551,-5.360000133514404,-7.840000152587891,18.34000015258789,-0.12200000137090683,0.45500001311302185,-0.0035000001080334187
1787109135.226061,resting,fast,1787109113.923551,-5.360000133514404,-7.840000152587891,18.34000015258789,-0.12200000137090683,0.45500001311302185,-0.0035000001080334187
1787109135.2373757,resting,fast,1787109113.923551,-5.360000133514404,-7.840000152587891,18.34000015258789,-0.12200000137090683,0.45500001311302185,-0.0035000001080334187
1787109135.2484891,resting,fast,1787109113.923551,-5.360000133514404,-7.840000152587891,18.34000015258789,-0.12200000137090683,0.45500001311302185,-0.0035000001080334187
1787109135.2596838,resting,fast,1787109113.923551,-5.360000133514404,-7.840000152587891,18.34000015258789,-0.12200000137090683,0.45500001311302185,-0.0035000001080334187
1787109135.2706406,resting,fast,1787109113.923551,-5.360000133514404,-7.840000152587891,18.34000015258789,-0.12200000137090683,0.45500001311302185,-0.0035000001080334187
1787109135.2815225,resting,fast,1787109113.923551,-5.360000133514404,-7.840000152587891,18.34000015258789,-0.12200000137090683,0.45500001311302185,-0.0035000001080334187
1787109135.2924802,resting,fast,1787109113.923551,-5.360000133514404,-7.840000152587891,18.34000015258789,-0.12200000137090683,0.45500001311302185,-0.0035000001080334187
1787109135.3034904,resting,fast,1787109113.923551,-5.360000133514404,-7.840000152587891,18.34000015258789,-0.12200000137090683,0.45500001311302185,-0.0035000001080334187
1787109135.314702,resting,fast,1787109113.923551,-5.360000133514404,-7.840000152587891,18.34000015258789,-0.12200000137090683,0.45500001311302185,-0.0035000001080334187
1787109135.325693,resting,fast,1787109113.923551,-5.360000133514404,-7.840000152587891,18.34000015258789,-0.12200000137090683,0.45500001311302185,-0.0035000001080334187
1787109135.3366773,resting,fast,1787109113.923551,-5.940000057220459,-8.65999984741211,18.059999465942383,-0.14900000393390656,0.4514999985694885,0.00800000037997961
1787109135.3477087,resting,fast,1787109113.923551,-5.940000057220459,-8.65999984741211,18.059999465942383,-0.14900000393390656,0.4514999985694885,0.00800000037997961
1787109135.358398,resting,fast,1787109113.923551,-5.940000057220459,-8.65999984741211,18.059999465942383,-0.14900000393390656,0.4514999985694885,0.00800000037997961
1787109135.3693078,resting,fast,1787109113.923551,-5.940000057220459,-8.65999984741211,18.059999465942383,-0.14900000393390656,0.4514999985694885,0.00800000037997961
1787109135.380348,resting,fast,1787109113.923551,-5.940000057220459,-8.65999984741211,18.059999465942383,-0.14900000393390656,0.4514999985694885,0.00800000037997961
1787109135.3914058,resting,fast,1787109113.923551,-5.940000057220459,-8.65999984741211,18.059999465942383,-0.14900000393390656,0.4514999985694885,0.00800000037997961
1787109135.4025676,resting,fast,1787109113.923551,-5.940000057220459,-8.65999984741211,18.059999465942383,-0.14900000393390656,0.4514999985694885,0.00800000037997961
1787109135.413655,resting,fast,1787109113.923551,-5.940000057220459,-8.65999984741211,18.059999465942383,-0.14900000393390656,0.4514999985694885,0.00800000037997961
1787109135.4247925,resting,fast,1787109113.923551,-5.940000057220459,-8.65999984741211,18.059999465942383,-0.14900000393390656,0.4514999985694885,0.00800000037997961
1787109135.4358573,resting,fast,1787109113.923551,-5.940000057220459,-8.65999984741211,18.059999465942383,-0.14900000393390656,0.4514999985694885,0.00800000037997961
1787109135.4468398,resting,fast,1787109113.923551,-5.940000057220459,-8.65999984741211,18.059999465942383,-0.14900000393390656,0.4514999985694885,0.00800000037997961
1787109135.4578338,resting,fast,1787109113.923551,-5.940000057220459,-8.65999984741211,18.059999465942383,-0.14900000393390656,0.4514999985694885,0.00800000037997961
1787109135.4685624,resting,fast,1787109113.923551,-5.940000057220459,-8.65999984741211,18.059999465942383,-0.14900000393390656,0.4514999985694885,0.00800000037997961
1787109135.4799266,resting,fast,1787109113.923551,-5.940000057220459,-8.65999984741211,18.059999465942383,-0.14900000393390656,0.4514999985694885,0.00800000037997961
1787109135.4909337,resting,fast,1787109113.923551,-5.940000057220459,-8.65999984741211,18.059999465942383,-0.14900000393390656,0.4514999985694885,0.00800000037997961
1787109135.501994,resting,fast,1787109113.923551,-5.940000057220459,-8.65999984741211,18.059999465942383,-0.14900000393390656,0.4514999985694885,0.00800000037997961
1787109135.5132873,resting,fast,1787109113.923551,-5.940000057220459,-8.65999984741211,18.059999465942383,-0.14900000393390656,0.4514999985694885,0.00800000037997961
1787109135.524215,resting,fast,1787109113.923551,-5.940000057220459,-8.65999984741211,18.059999465942383,-0.14900000393390656,0.4514999985694885,0.00800000037997961
1787109135.5352013,resting,fast,1787109113.923551,-5.760000228881836,-6.900000095367432,18.020000457763672,-0.13899999856948853,0.44699999690055847,0.006500000134110451
1787109135.5461116,resting,fast,1787109113.923551,-5.760000228881836,-6.900000095367432,18.020000457763672,-0.13899999856948853,0.44699999690055847,0.006500000134110451
1787109135.5571554,resting,fast,1787109113.923551,-5.760000228881836,-6.900000095367432,18.020000457763672,-0.13899999856948853,0.44699999690055847,0.006500000134110451
1787109135.5679827,resting,fast,1787109113.923551,-5.760000228881836,-6.900000095367432,18.020000457763672,-0.13899999856948853,0.44699999690055847,0.006500000134110451
1787109135.5791352,resting,fast,1787109113.923551,-5.760000228881836,-6.900000095367432,18.020000457763672,-0.13899999856948853,0.44699999690055847,0.006500000134110451
1787109135.5901399,resting,fast,1787109113.923551,-5.760000228881836,-6.900000095367432,18.020000457763672,-0.13899999856948853,0.44699999690055847,0.006500000134110451
1787109135.6011477,resting,fast,1787109113.923551,-5.760000228881836,-6.900000095367432,18.020000457763672,-0.13899999856948853,0.44699999690055847,0.006500000134110451
1787109135.6124983,resting,fast,1787109113.923551,-5.760000228881836,-6.900000095367432,18.020000457763672,-0.13899999856948853,0.44699999690055847,0.006500000134110451
1787109135.6257288,resting,fast,1787109113.923551,-5.760000228881836,-6.900000095367432,18.020000457763672,-0.13899999856948853,0.44699999690055847,0.006500000134110451
1787109135.6373959,resting,fast,1787109113.923551,-5.760000228881836,-6.900000095367432,18.020000457763672,-0.13899999856948853,0.44699999690055847,0.006500000134110451
1787109135.648166,resting,fast,1787109113.923551,-5.760000228881836,-6.900000095367432,18.020000457763672,-0.13899999856948853,0.44699999690055847,0.006500000134110451
1787109135.6593313,resting,fast,1787109113.923551,-5.760000228881836,-6.900000095367432,18.020000457763672,-0.13899999856948853,0.44699999690055847,0.006500000134110451
1787109135.6700935,resting,fast,1787109113.923551,-5.760000228881836,-6.900000095367432,18.020000457763672,-0.13899999856948853,0.44699999690055847,0.006500000134110451
1787109135.6808026,resting,fast,1787109113.923551,-5.760000228881836,-6.900000095367432,18.020000457763672,-0.13899999856948853,0.44699999690055847,0.006500000134110451
1787109135.6915672,resting,fast,1787109113.923551,-5.760000228881836,-6.900000095367432,18.020000457763672,-0.13899999856948853,0.44699999690055847,0.006500000134110451
1787109135.70244,resting,fast,1787109113.923551,-5.760000228881836,-6.900000095367432,18.020000457763672,-0.13899999856948853,0.44699999690055847,0.006500000134110451
1787109135.7131271,resting,fast,1787109113.923551,-5.760000228881836,-6.900000095367432,18.020000457763672,-0.13899999856948853,0.44699999690055847,0.006500000134110451
1787109135.723931,resting,fast,1787109113.923551,-5.760000228881836,-6.900000095367432,18.020000457763672,-0.13899999856948853,0.44699999690055847,0.006500000134110451
1787109135.7346094,resting,fast,1787109113.923551,-7.5,-9.899999618530273,17.540000915527344,-0.14100000262260437,0.4659999907016754,-0.026000000536441803
1787109135.7454157,resting,fast,1787109113.923551,-7.5,-9.899999618530273,17.540000915527344,-0.14100000262260437,0.4659999907016754,-0.026000000536441803
1787109135.7566357,resting,fast,1787109113.923551,-7.5,-9.899999618530273,17.540000915527344,-0.14100000262260437,0.4659999907016754,-0.026000000536441803
1787109135.7674234,resting,fast,1787109113.923551,-7.5,-9.899999618530273,17.540000915527344,-0.14100000262260437,0.4659999907016754,-0.026000000536441803
1787109135.7783358,resting,fast,1787109113.923551,-7.5,-9.899999618530273,17.540000915527344,-0.14100000262260437,0.4659999907016754,-0.026000000536441803
1787109135.7892792,resting,fast,1787109113.923551,-7.5,-9.899999618530273,17.540000915527344,-0.14100000262260437,0.4659999907016754,-0.026000000536441803
1787109135.8002825,resting,fast,1787109113.923551,-7.5,-9.899999618530273,17.540000915527344,-0.14100000262260437,0.4659999907016754,-0.026000000536441803
1787109135.8116024,resting,fast,1787109113.923551,-7.5,-9.899999618530273,17.540000915527344,-0.14100000262260437,0.4659999907016754,-0.026000000536441803
1787109135.8226242,resting,fast,1787109113.923551,-7.5,-9.899999618530273,17.540000915527344,-0.14100000262260437,0.4659999907016754,-0.026000000536441803
1787109135.8336651,resting,fast,1787109113.923551,-7.5,-9.899999618530273,17.540000915527344,-0.14100000262260437,0.4659999907016754,-0.026000000536441803
1787109135.8447454,resting,fast,1787109113.923551,-7.5,-9.899999618530273,17.540000915527344,-0.14100000262260437,0.4659999907016754,-0.026000000536441803
1787109135.856014,resting,fast,1787109113.923551,-7.5,-9.899999618530273,17.540000915527344,-0.14100000262260437,0.4659999907016754,-0.026000000536441803
1787109135.8674917,resting,fast,1787109113.923551,-7.5,-9.899999618530273,17.540000915527344,-0.14100000262260437,0.4659999907016754,-0.026000000536441803
1787109135.878747,resting,fast,1787109113.923551,-7.5,-9.899999618530273,17.540000915527344,-0.14100000262260437,0.4659999907016754,-0.026000000536441803
1787109135.89004,resting,fast,1787109113.923551,-7.5,-9.899999618530273,17.540000915527344,-0.14100000262260437,0.4659999907016754,-0.026000000536441803
1787109135.9013429,resting,fast,1787109113.923551,-7.5,-9.899999618530273,17.540000915527344,-0.14100000262260437,0.4659999907016754,-0.026000000536441803
1787109135.9128165,resting,fast,1787109113.923551,-7.5,-9.899999618530273,17.540000915527344,-0.14100000262260437,0.4659999907016754,-0.026000000536441803
1787109135.9240181,resting,fast,1787109113.923551,-7.5,-9.899999618530273,17.540000915527344,-0.14100000262260437,0.4659999907016754,-0.026000000536441803
1787109135.9351847,resting,fast,1787109113.923551,-10.100000381469727,-12.15999984741211,18.260000228881836,-0.14550000429153442,0.45249998569488525,-0.054999999701976776
1787109135.9462745,resting,fast,1787109113.923551,-10.100000381469727,-12.15999984741211,18.260000228881836,-0.14550000429153442,0.45249998569488525,-0.054999999701976776
1787109135.9574971,resting,fast,1787109113.923551,-10.100000381469727,-12.15999984741211,18.260000228881836,-0.14550000429153442,0.45249998569488525,-0.054999999701976776
1787109135.968876,resting,fast,1787109113.923551,-10.100000381469727,-12.15999984741211,18.260000228881836,-0.14550000429153442,0.45249998569488525,-0.054999999701976776
1787109135.9802334,resting,fast,1787109113.923551,-10.100000381469727,-12.15999984741211,18.260000228881836,-0.14550000429153442,0.45249998569488525,-0.054999999701976776
1787109135.9916594,resting,fast,1787109113.923551,-10.100000381469727,-12.15999984741211,18.260000228881836,-0.14550000429153442,0.45249998569488525,-0.054999999701976776
1787109136.0028987,resting,fast,1787109113.923551,-10.100000381469727,-12.15999984741211,18.260000228881836,-0.14550000429153442,0.45249998569488525,-0.054999999701976776
1787109136.0140011,resting,fast,1787109113.923551,-10.100000381469727,-12.15999984741211,18.260000228881836,-0.14550000429153442,0.45249998569488525,-0.054999999701976776
1787109136.0250342,resting,fast,1787109113.923551,-10.100000381469727,-12.15999984741211,18.260000228881836,-0.14550000429153442,0.45249998569488525,-0.054999999701976776
1787109136.0362966,resting,fast,1787109113.923551,-10.100000381469727,-12.15999984741211,18.260000228881836,-0.14550000429153442,0.45249998569488525,-0.054999999701976776
1787109136.0479457,resting,fast,1787109113.923551,-10.100000381469727,-12.15999984741211,18.260000228881836,-0.14550000429153442,0.45249998569488525,-0.054999999701976776
1787109136.0593405,resting,fast,1787109113.923551,-10.100000381469727,-12.15999984741211,18.260000228881836,-0.14550000429153442,0.45249998569488525,-0.054999999701976776
1787109136.0708203,resting,fast,1787109113.923551,-10.100000381469727,-12.15999984741211,18.260000228881836,-0.14550000429153442,0.45249998569488525,-0.054999999701976776
1787109136.082058,resting,fast,1787109113.923551,-10.100000381469727,-12.15999984741211,18.260000228881836,-0.14550000429153442,0.45249998569488525,-0.054999999701976776
1787109136.0933201,resting,fast,1787109113.923551,-10.100000381469727,-12.15999984741211,18.260000228881836,-0.14550000429153442,0.45249998569488525,-0.054999999701976776
1787109136.1046844,resting,fast,1787109113.923551,-10.100000381469727,-12.15999984741211,18.260000228881836,-0.14550000429153442,0.45249998569488525,-0.054999999701976776
1787109136.1159897,resting,fast,1787109113.923551,-10.100000381469727,-12.15999984741211,18.260000228881836,-0.14550000429153442,0.45249998569488525,-0.054999999701976776
1787109136.1272092,resting,fast,1787109113.923551,-10.100000381469727,-12.15999984741211,18.260000228881836,-0.14550000429153442,0.45249998569488525,-0.054999999701976776
1787109136.1387002,resting,fast,1787109113.923551,-14.0,-15.880000114440918,17.3799991607666,-0.12250000238418579,0.45649999380111694,-0.11400000005960464
1787109136.1519105,resting,fast,1787109113.923551,-14.0,-15.880000114440918,17.3799991607666,-0.12250000238418579,0.45649999380111694,-0.11400000005960464
1787109136.16303,resting,fast,1787109113.923551,-14.0,-15.880000114440918,17.3799991607666,-0.12250000238418579,0.45649999380111694,-0.11400000005960464
1787109136.1757221,resting,fast,1787109113.923551,-14.0,-15.880000114440918,17.3799991607666,-0.12250000238418579,0.45649999380111694,-0.11400000005960464
1787109136.1867766,resting,fast,1787109113.923551,-14.0,-15.880000114440918,17.3799991607666,-0.12250000238418579,0.45649999380111694,-0.11400000005960464
1787109136.1978037,resting,fast,1787109113.923551,-14.0,-15.880000114440918,17.3799991607666,-0.12250000238418579,0.45649999380111694,-0.11400000005960464
1787109136.209024,resting,fast,1787109113.923551,-14.0,-15.880000114440918,17.3799991607666,-0.12250000238418579,0.45649999380111694,-0.11400000005960464
1787109136.2202907,resting,fast,1787109113.923551,-14.0,-15.880000114440918,17.3799991607666,-0.12250000238418579,0.45649999380111694,-0.11400000005960464
1787109136.2316916,resting,fast,1787109113.923551,-14.0,-15.880000114440918,17.3799991607666,-0.12250000238418579,0.45649999380111694,-0.11400000005960464
1787109136.2426345,resting,fast,1787109113.923551,-14.0,-15.880000114440918,17.3799991607666,-0.12250000238418579,0.45649999380111694,-0.11400000005960464
1787109136.2536361,resting,fast,1787109113.923551,-14.0,-15.880000114440918,17.3799991607666,-0.12250000238418579,0.45649999380111694,-0.11400000005960464
1787109136.2647038,resting,fast,1787109113.923551,-14.0,-15.880000114440918,17.3799991607666,-0.12250000238418579,0.45649999380111694,-0.11400000005960464
1787109136.2758543,resting,fast,1787109113.923551,-14.0,-15.880000114440918,17.3799991607666,-0.12250000238418579,0.45649999380111694,-0.11400000005960464
1787109136.287067,resting,fast,1787109113.923551,-14.0,-15.880000114440918,17.3799991607666,-0.12250000238418579,0.45649999380111694,-0.11400000005960464
1787109136.2980998,resting,fast,1787109113.923551,-14.0,-15.880000114440918,17.3799991607666,-0.12250000238418579,0.45649999380111694,-0.11400000005960464
1787109136.3090708,resting,fast,1787109113.923551,-14.0,-15.880000114440918,17.3799991607666,-0.12250000238418579,0.45649999380111694,-0.11400000005960464
1787109136.3206372,resting,fast,1787109113.923551,-14.0,-15.880000114440918,17.3799991607666,-0.12250000238418579,0.45649999380111694,-0.11400000005960464
1787109136.3319602,resting,fast,1787109113.923551,-14.0,-15.880000114440918,17.3799991607666,-0.12250000238418579,0.45649999380111694,-0.11400000005960464
1787109136.3429182,resting,fast,1787109113.923551,-16.5,-19.540000915527344,19.020000457763672,-0.11649999767541885,0.4099999964237213,-0.12600000202655792
1787109136.3541155,resting,fast,1787109113.923551,-16.5,-19.540000915527344,19.020000457763672,-0.11649999767541885,0.4099999964237213,-0.12600000202655792
1787109136.3655326,resting,fast,1787109113.923551,-16.5,-19.540000915527344,19.020000457763672,-0.11649999767541885,0.4099999964237213,-0.12600000202655792
1787109136.3767543,resting,fast,1787109113.923551,-16.5,-19.540000915527344,19.020000457763672,-0.11649999767541885,0.4099999964237213,-0.12600000202655792
1787109136.388164,resting,fast,1787109113.923551,-16.5,-19.540000915527344,19.020000457763672,-0.11649999767541885,0.4099999964237213,-0.12600000202655792
1787109136.3997517,resting,fast,1787109113.923551,-16.5,-19.540000915527344,19.020000457763672,-0.11649999767541885,0.4099999964237213,-0.12600000202655792
1787109136.4111128,resting,fast,1787109113.923551,-16.5,-19.540000915527344,19.020000457763672,-0.11649999767541885,0.4099999964237213,-0.12600000202655792
1787109136.4223735,resting,fast,1787109113.923551,-16.5,-19.540000915527344,19.020000457763672,-0.11649999767541885,0.4099999964237213,-0.12600000202655792
1787109136.4339476,resting,fast,1787109113.923551,-16.5,-19.540000915527344,19.020000457763672,-0.11649999767541885,0.4099999964237213,-0.12600000202655792
1787109136.4450448,resting,fast,1787109113.923551,-16.5,-19.540000915527344,19.020000457763672,-0.11649999767541885,0.4099999964237213,-0.12600000202655792
1787109136.4562664,resting,fast,1787109113.923551,-16.5,-19.540000915527344,19.020000457763672,-0.11649999767541885,0.4099999964237213,-0.12600000202655792
1787109136.46749,resting,fast,1787109113.923551,-16.5,-19.540000915527344,19.020000457763672,-0.11649999767541885,0.4099999964237213,-0.12600000202655792
1787109136.478706,resting,fast,1787109113.923551,-16.5,-19.540000915527344,19.020000457763672,-0.11649999767541885,0.4099999964237213,-0.12600000202655792
1787109136.4897034,resting,fast,1787109113.923551,-16.5,-19.540000915527344,19.020000457763672,-0.11649999767541885,0.4099999964237213,-0.12600000202655792
1787109136.500984,resting,fast,1787109113.923551,-16.5,-19.540000915527344,19.020000457763672,-0.11649999767541885,0.4099999964237213,-0.12600000202655792
1787109136.5124516,resting,fast,1787109113.923551,-16.5,-19.540000915527344,19.020000457763672,-0.11649999767541885,0.4099999964237213,-0.12600000202655792
1787109136.5233808,resting,fast,1787109113.923551,-16.5,-19.540000915527344,19.020000457763672,-0.11649999767541885,0.4099999964237213,-0.12600000202655792
1787109136.5345967,resting,fast,1787109113.923551,-16.260000228881836,-20.899999618530273,18.31999969482422,-0.10249999910593033,0.45750001072883606,-0.13750000298023224
1787109136.5456123,resting,fast,1787109113.923551,-16.260000228881836,-20.899999618530273,18.31999969482422,-0.10249999910593033,0.45750001072883606,-0.13750000298023224
1787109136.5566547,resting,fast,1787109113.923551,-16.260000228881836,-20.899999618530273,18.31999969482422,-0.10249999910593033,0.45750001072883606,-0.13750000298023224
1787109136.5678513,resting,fast,1787109113.923551,-16.260000228881836,-20.899999618530273,18.31999969482422,-0.10249999910593033,0.45750001072883606,-0.13750000298023224
1787109136.5786917,resting,fast,1787109113.923551,-16.260000228881836,-20.899999618530273,18.31999969482422,-0.10249999910593033,0.45750001072883606,-0.13750000298023224
1787109136.5897968,resting,fast,1787109113.923551,-16.260000228881836,-20.899999618530273,18.31999969482422,-0.10249999910593033,0.45750001072883606,-0.13750000298023224
1787109136.6011891,resting,fast,1787109113.923551,-16.260000228881836,-20.899999618530273,18.31999969482422,-0.10249999910593033,0.45750001072883606,-0.13750000298023224
1787109136.612725,resting,fast,1787109113.923551,-16.260000228881836,-20.899999618530273,18.31999969482422,-0.10249999910593033,0.45750001072883606,-0.13750000298023224
1787109136.6240647,resting,fast,1787109113.923551,-16.260000228881836,-20.899999618530273,18.31999969482422,-0.10249999910593033,0.45750001072883606,-0.13750000298023224
1787109136.6356,resting,fast,1787109113.923551,-16.260000228881836,-20.899999618530273,18.31999969482422,-0.10249999910593033,0.45750001072883606,-0.13750000298023224
1787109136.6469908,resting,fast,1787109113.923551,-16.260000228881836,-20.899999618530273,18.31999969482422,-0.10249999910593033,0.45750001072883606,-0.13750000298023224
1787109136.6580179,resting,fast,1787109113.923551,-16.260000228881836,-20.899999618530273,18.31999969482422,-0.10249999910593033,0.45750001072883606,-0.13750000298023224
1787109136.6691544,resting,fast,1787109113.923551,-16.260000228881836,-20.899999618530273,18.31999969482422,-0.10249999910593033,0.45750001072883606,-0.13750000298023224
1787109136.6829765,resting,fast,1787109113.923551,-16.260000228881836,-20.899999618530273,18.31999969482422,-0.10249999910593033,0.45750001072883606,-0.13750000298023224
1787109136.6939578,resting,fast,1787109113.923551,-16.260000228881836,-20.899999618530273,18.31999969482422,-0.10249999910593033,0.45750001072883606,-0.13750000298023224
1787109136.7056153,resting,fast,1787109113.923551,-16.260000228881836,-20.899999618530273,18.31999969482422,-0.10249999910593033,0.45750001072883606,-0.13750000298023224
1787109136.7170837,resting,fast,1787109113.923551,-16.260000228881836,-20.899999618530273,18.31999969482422,-0.10249999910593033,0.45750001072883606,-0.13750000298023224
1787109136.7283328,resting,fast,1787109113.923551,-16.260000228881836,-20.899999618530273,18.31999969482422,-0.10249999910593033,0.45750001072883606,-0.13750000298023224
1787109136.7396529,resting,fast,1787109113.923551,-10.420000076293945,-15.119999885559082,17.239999771118164,-0.15649999678134918,0.46799999475479126,-0.09350000321865082
1787109136.7508862,resting,fast,1787109113.923551,-10.420000076293945,-15.119999885559082,17.239999771118164,-0.15649999678134918,0.46799999475479126,-0.09350000321865082
1787109136.7620664,resting,fast,1787109113.923551,-10.420000076293945,-15.119999885559082,17.239999771118164,-0.15649999678134918,0.46799999475479126,-0.09350000321865082
1787109136.7732296,resting,fast,1787109113.923551,-10.420000076293945,-15.119999885559082,17.239999771118164,-0.15649999678134918,0.46799999475479126,-0.09350000321865082
1787109136.7841148,resting,fast,1787109113.923551,-10.420000076293945,-15.119999885559082,17.239999771118164,-0.15649999678134918,0.46799999475479126,-0.09350000321865082
1787109136.7950573,resting,fast,1787109113.923551,-10.420000076293945,-15.119999885559082,17.239999771118164,-0.15649999678134918,0.46799999475479126,-0.09350000321865082
1787109136.806133,resting,fast,1787109113.923551,-10.420000076293945,-15.119999885559082,17.239999771118164,-0.15649999678134918,0.46799999475479126,-0.09350000321865082
1787109136.8173413,resting,fast,1787109113.923551,-10.420000076293945,-15.119999885559082,17.239999771118164,-0.15649999678134918,0.46799999475479126,-0.09350000321865082
1787109136.828347,resting,fast,1787109113.923551,-10.420000076293945,-15.119999885559082,17.239999771118164,-0.15649999678134918,0.46799999475479126,-0.09350000321865082
1787109136.8394306,resting,fast,1787109113.923551,-10.420000076293945,-15.119999885559082,17.239999771118164,-0.15649999678134918,0.46799999475479126,-0.09350000321865082
1787109136.850727,resting,fast,1787109113.923551,-10.420000076293945,-15.119999885559082,17.239999771118164,-0.15649999678134918,0.46799999475479126,-0.09350000321865082
1787109136.8616126,resting,fast,1787109113.923551,-10.420000076293945,-15.119999885559082,17.239999771118164,-0.15649999678134918,0.46799999475479126,-0.09350000321865082
1787109136.8726852,resting,fast,1787109113.923551,-10.420000076293945,-15.119999885559082,17.239999771118164,-0.15649999678134918,0.46799999475479126,-0.09350000321865082
1787109136.8838487,resting,fast,1787109113.923551,-10.420000076293945,-15.119999885559082,17.239999771118164,-0.15649999678134918,0.46799999475479126,-0.09350000321865082
1787109136.8947842,resting,fast,1787109113.923551,-10.420000076293945,-15.119999885559082,17.239999771118164,-0.15649999678134918,0.46799999475479126,-0.09350000321865082
1787109136.9057944,resting,fast,1787109113.923551,-10.420000076293945,-15.119999885559082,17.239999771118164,-0.15649999678134918,0.46799999475479126,-0.09350000321865082
1787109136.9167407,resting,fast,1787109113.923551,-10.420000076293945,-15.119999885559082,17.239999771118164,-0.15649999678134918,0.46799999475479126,-0.09350000321865082
1787109136.927642,resting,fast,1787109113.923551,-10.420000076293945,-15.119999885559082,17.239999771118164,-0.15649999678134918,0.46799999475479126,-0.09350000321865082
1787109136.9387753,resting,fast,1787109113.923551,-6.579999923706055,-9.039999961853027,17.739999771118164,-0.14650000631809235,0.4399999976158142,-0.04450000077486038
1787109136.9499438,resting,fast,1787109113.923551,-6.579999923706055,-9.039999961853027,17.739999771118164,-0.14650000631809235,0.4399999976158142,-0.04450000077486038
1787109136.9608266,resting,fast,1787109113.923551,-6.579999923706055,-9.039999961853027,17.739999771118164,-0.14650000631809235,0.4399999976158142,-0.04450000077486038
1787109136.9721427,resting,fast,1787109113.923551,-6.579999923706055,-9.039999961853027,17.739999771118164,-0.14650000631809235,0.4399999976158142,-0.04450000077486038
1787109136.9833577,resting,fast,1787109113.923551,-6.579999923706055,-9.039999961853027,17.739999771118164,-0.14650000631809235,0.4399999976158142,-0.04450000077486038
1787109136.9945798,resting,fast,1787109113.923551,-6.579999923706055,-9.039999961853027,17.739999771118164,-0.14650000631809235,0.4399999976158142,-0.04450000077486038
1787109137.0056775,resting,fast,1787109113.923551,-6.579999923706055,-9.039999961853027,17.739999771118164,-0.14650000631809235,0.4399999976158142,-0.04450000077486038
1787109137.0168033,resting,fast,1787109113.923551,-6.579999923706055,-9.039999961853027,17.739999771118164,-0.14650000631809235,0.4399999976158142,-0.04450000077486038
1787109137.0278432,resting,fast,1787109113.923551,-6.579999923706055,-9.039999961853027,17.739999771118164,-0.14650000631809235,0.4399999976158142,-0.04450000077486038
1787109137.038841,resting,fast,1787109113.923551,-6.579999923706055,-9.039999961853027,17.739999771118164,-0.14650000631809235,0.4399999976158142,-0.04450000077486038
1787109137.049983,resting,fast,1787109113.923551,-6.579999923706055,-9.039999961853027,17.739999771118164,-0.14650000631809235,0.4399999976158142,-0.04450000077486038
1787109137.0609202,resting,fast,1787109113.923551,-6.579999923706055,-9.039999961853027,17.739999771118164,-0.14650000631809235,0.4399999976158142,-0.04450000077486038
1787109137.0719445,resting,fast,1787109113.923551,-6.579999923706055,-9.039999961853027,17.739999771118164,-0.14650000631809235,0.4399999976158142,-0.04450000077486038
1787109137.083077,resting,fast,1787109113.923551,-6.579999923706055,-9.039999961853027,17.739999771118164,-0.14650000631809235,0.4399999976158142,-0.04450000077486038
1787109137.094144,resting,fast,1787109113.923551,-6.579999923706055,-9.039999961853027,17.739999771118164,-0.14650000631809235,0.4399999976158142,-0.04450000077486038
1787109137.10508,resting,fast,1787109113.923551,-6.579999923706055,-9.039999961853027,17.739999771118164,-0.14650000631809235,0.4399999976158142,-0.04450000077486038
1787109137.1162598,resting,fast,1787109113.923551,-6.579999923706055,-9.039999961853027,17.739999771118164,-0.14650000631809235,0.4399999976158142,-0.04450000077486038
1787109137.1273394,resting,fast,1787109113.923551,-6.579999923706055,-9.039999961853027,17.739999771118164,-0.14650000631809235,0.4399999976158142,-0.04450000077486038
1787109137.13845,resting,fast,1787109113.923551,-6.159999847412109,-7.619999885559082,18.760000228881836,-0.12549999356269836,0.45399999618530273,-0.008999999612569809
1787109137.1495948,resting,fast,1787109113.923551,-6.159999847412109,-7.619999885559082,18.760000228881836,-0.12549999356269836,0.45399999618530273,-0.008999999612569809
1787109137.1603525,resting,fast,1787109113.923551,-6.159999847412109,-7.619999885559082,18.760000228881836,-0.12549999356269836,0.45399999618530273,-0.008999999612569809
1787109137.1712754,resting,fast,1787109113.923551,-6.159999847412109,-7.619999885559082,18.760000228881836,-0.12549999356269836,0.45399999618530273,-0.008999999612569809
1787109137.1825771,resting,fast,1787109113.923551,-6.159999847412109,-7.619999885559082,18.760000228881836,-0.12549999356269836,0.45399999618530273,-0.008999999612569809
1787109137.1937013,resting,fast,1787109113.923551,-6.159999847412109,-7.619999885559082,18.760000228881836,-0.12549999356269836,0.45399999618530273,-0.008999999612569809
1787109137.2046497,resting,fast,1787109113.923551,-6.159999847412109,-7.619999885559082,18.760000228881836,-0.12549999356269836,0.45399999618530273,-0.008999999612569809
1787109137.2157264,resting,fast,1787109113.923551,-6.159999847412109,-7.619999885559082,18.760000228881836,-0.12549999356269836,0.45399999618530273,-0.008999999612569809
1787109137.2268865,resting,fast,1787109113.923551,-6.159999847412109,-7.619999885559082,18.760000228881836,-0.12549999356269836,0.45399999618530273,-0.008999999612569809
1787109137.2379034,resting,fast,1787109113.923551,-6.159999847412109,-7.619999885559082,18.760000228881836,-0.12549999356269836,0.45399999618530273,-0.008999999612569809
1787109137.2489696,resting,fast,1787109113.923551,-6.159999847412109,-7.619999885559082,18.760000228881836,-0.12549999356269836,0.45399999618530273,-0.008999999612569809
1787109137.2599938,resting,fast,1787109113.923551,-6.159999847412109,-7.619999885559082,18.760000228881836,-0.12549999356269836,0.45399999618530273,-0.008999999612569809
1787109137.2717836,resting,fast,1787109113.923551,-6.159999847412109,-7.619999885559082,18.760000228881836,-0.12549999356269836,0.45399999618530273,-0.008999999612569809
1787109137.2829604,resting,fast,1787109113.923551,-6.159999847412109,-7.619999885559082,18.760000228881836,-0.12549999356269836,0.45399999618530273,-0.008999999612569809
1787109137.2940516,resting,fast,1787109113.923551,-6.159999847412109,-7.619999885559082,18.760000228881836,-0.12549999356269836,0.45399999618530273,-0.008999999612569809
1787109137.305012,resting,fast,1787109113.923551,-6.159999847412109,-7.619999885559082,18.760000228881836,-0.12549999356269836,0.45399999618530273,-0.008999999612569809
1787109137.3160722,resting,fast,1787109113.923551,-6.159999847412109,-7.619999885559082,18.760000228881836,-0.12549999356269836,0.45399999618530273,-0.008999999612569809
1787109137.3271687,resting,fast,1787109113.923551,-6.159999847412109,-7.619999885559082,18.760000228881836,-0.12549999356269836,0.45399999618530273,-0.008999999612569809
1787109137.3381703,resting,fast,1787109113.923551,-5.840000152587891,-8.100000381469727,18.899999618530273,-0.1340000033378601,0.4399999976158142,-0.004000000189989805
1787109137.349249,resting,fast,1787109113.923551,-5.840000152587891,-8.100000381469727,18.899999618530273,-0.1340000033378601,0.4399999976158142,-0.004000000189989805
1787109137.3603482,resting,fast,1787109113.923551,-5.840000152587891,-8.100000381469727,18.899999618530273,-0.1340000033378601,0.4399999976158142,-0.004000000189989805
1787109137.371468,resting,fast,1787109113.923551,-5.840000152587891,-8.100000381469727,18.899999618530273,-0.1340000033378601,0.4399999976158142,-0.004000000189989805
1787109137.3825347,resting,fast,1787109113.923551,-5.840000152587891,-8.100000381469727,18.899999618530273,-0.1340000033378601,0.4399999976158142,-0.004000000189989805
1787109137.393711,resting,fast,1787109113.923551,-5.840000152587891,-8.100000381469727,18.899999618530273,-0.1340000033378601,0.4399999976158142,-0.004000000189989805
1787109137.404866,resting,fast,1787109113.923551,-5.840000152587891,-8.100000381469727,18.899999618530273,-0.1340000033378601,0.4399999976158142,-0.004000000189989805
1787109137.4160943,resting,fast,1787109113.923551,-5.840000152587891,-8.100000381469727,18.899999618530273,-0.1340000033378601,0.4399999976158142,-0.004000000189989805
1787109137.4272995,resting,fast,1787109113.923551,-5.840000152587891,-8.100000381469727,18.899999618530273,-0.1340000033378601,0.4399999976158142,-0.004000000189989805
1787109137.4381976,resting,fast,1787109113.923551,-5.840000152587891,-8.100000381469727,18.899999618530273,-0.1340000033378601,0.4399999976158142,-0.004000000189989805
1787109137.4492748,resting,fast,1787109113.923551,-5.840000152587891,-8.100000381469727,18.899999618530273,-0.1340000033378601,0.4399999976158142,-0.004000000189989805
1787109137.4603503,resting,fast,1787109113.923551,-5.840000152587891,-8.100000381469727,18.899999618530273,-0.1340000033378601,0.4399999976158142,-0.004000000189989805
1787109137.4714262,resting,fast,1787109113.923551,-5.840000152587891,-8.100000381469727,18.899999618530273,-0.1340000033378601,0.4399999976158142,-0.004000000189989805
1787109137.4827073,resting,fast,1787109113.923551,-5.840000152587891,-8.100000381469727,18.899999618530273,-0.1340000033378601,0.4399999976158142,-0.004000000189989805
1787109137.493347,resting,fast,1787109113.923551,-5.840000152587891,-8.100000381469727,18.899999618530273,-0.1340000033378601,0.4399999976158142,-0.004000000189989805
1787109137.5042944,resting,fast,1787109113.923551,-5.840000152587891,-8.100000381469727,18.899999618530273,-0.1340000033378601,0.4399999976158142,-0.004000000189989805
1787109137.5156717,resting,fast,1787109113.923551,-5.840000152587891,-8.100000381469727,18.899999618530273,-0.1340000033378601,0.4399999976158142,-0.004000000189989805
1787109137.526759,resting,fast,1787109113.923551,-5.840000152587891,-8.100000381469727,18.899999618530273,-0.1340000033378601,0.4399999976158142,-0.004000000189989805
1787109137.5378807,resting,fast,1787109113.923551,-6.099999904632568,-8.399999618530273,18.18000030517578,-0.17350000143051147,0.445499986410141,0.0364999994635582
1787109137.5490975,resting,fast,1787109113.923551,-6.099999904632568,-8.399999618530273,18.18000030517578,-0.17350000143051147,0.445499986410141,0.0364999994635582
1787109137.5600345,resting,fast,1787109113.923551,-6.099999904632568,-8.399999618530273,18.18000030517578,-0.17350000143051147,0.445499986410141,0.0364999994635582
1787109137.5711043,resting,fast,1787109113.923551,-6.099999904632568,-8.399999618530273,18.18000030517578,-0.17350000143051147,0.445499986410141,0.0364999994635582
1787109137.5820959,resting,fast,1787109113.923551,-6.099999904632568,-8.399999618530273,18.18000030517578,-0.17350000143051147,0.445499986410141,0.0364999994635582
1787109137.593017,resting,fast,1787109113.923551,-6.099999904632568,-8.399999618530273,18.18000030517578,-0.17350000143051147,0.445499986410141,0.0364999994635582
1787109137.6042144,resting,fast,1787109113.923551,-6.099999904632568,-8.399999618530273,18.18000030517578,-0.17350000143051147,0.445499986410141,0.0364999994635582
1787109137.6152568,resting,fast,1787109113.923551,-6.099999904632568,-8.399999618530273,18.18000030517578,-0.17350000143051147,0.445499986410141,0.0364999994635582
1787109137.6262221,resting,fast,1787109113.923551,-6.099999904632568,-8.399999618530273,18.18000030517578,-0.17350000143051147,0.445499986410141,0.0364999994635582
1787109137.6372154,resting,fast,1787109113.923551,-6.099999904632568,-8.399999618530273,18.18000030517578,-0.17350000143051147,0.445499986410141,0.0364999994635582
1787109137.648257,resting,fast,1787109113.923551,-6.099999904632568,-8.399999618530273,18.18000030517578,-0.17350000143051147,0.445499986410141,0.0364999994635582
1787109137.6593268,resting,fast,1787109113.923551,-6.099999904632568,-8.399999618530273,18.18000030517578,-0.17350000143051147,0.445499986410141,0.0364999994635582
1787109137.6702988,resting,fast,1787109113.923551,-6.099999904632568,-8.399999618530273,18.18000030517578,-0.17350000143051147,0.445499986410141,0.0364999994635582
1787109137.6812167,resting,fast,1787109113.923551,-6.099999904632568,-8.399999618530273,18.18000030517578,-0.17350000143051147,0.445499986410141,0.0364999994635582
1787109137.692179,resting,fast,1787109113.923551,-6.099999904632568,-8.399999618530273,18.18000030517578,-0.17350000143051147,0.445499986410141,0.0364999994635582
1787109137.7032602,resting,fast,1787109113.923551,-6.099999904632568,-8.399999618530273,18.18000030517578,-0.17350000143051147,0.445499986410141,0.0364999994635582
1787109137.71433,resting,fast,1787109113.923551,-6.099999904632568,-8.399999618530273,18.18000030517578,-0.17350000143051147,0.445499986410141,0.0364999994635582
1787109137.7254167,resting,fast,1787109113.923551,-6.099999904632568,-8.399999618530273,18.18000030517578,-0.17350000143051147,0.445499986410141,0.0364999994635582
1787109137.7364833,resting,fast,1787109113.923551,-6.800000190734863,-6.519999980926514,18.6200008392334,-0.17900000512599945,0.42500001192092896,-0.010499999858438969
1787109137.7475426,resting,fast,1787109113.923551,-6.800000190734863,-6.519999980926514,18.6200008392334,-0.17900000512599945,0.42500001192092896,-0.010499999858438969
1787109137.7585623,resting,fast,1787109113.923551,-6.800000190734863,-6.519999980926514,18.6200008392334,-0.17900000512599945,0.42500001192092896,-0.010499999858438969
1787109137.7696257,resting,fast,1787109113.923551,-6.800000190734863,-6.519999980926514,18.6200008392334,-0.17900000512599945,0.42500001192092896,-0.010499999858438969
1787109137.7806602,resting,fast,1787109113.923551,-6.800000190734863,-6.519999980926514,18.6200008392334,-0.17900000512599945,0.42500001192092896,-0.010499999858438969
1787109137.7915628,resting,fast,1787109113.923551,-6.800000190734863,-6.519999980926514,18.6200008392334,-0.17900000512599945,0.42500001192092896,-0.010499999858438969
1787109137.8026695,resting,fast,1787109113.923551,-6.800000190734863,-6.519999980926514,18.6200008392334,-0.17900000512599945,0.42500001192092896,-0.010499999858438969
1787109137.8137653,resting,fast,1787109113.923551,-6.800000190734863,-6.519999980926514,18.6200008392334,-0.17900000512599945,0.42500001192092896,-0.010499999858438969
1787109137.8248312,resting,fast,1787109113.923551,-6.800000190734863,-6.519999980926514,18.6200008392334,-0.17900000512599945,0.42500001192092896,-0.010499999858438969
1787109137.8360062,resting,fast,1787109113.923551,-6.800000190734863,-6.519999980926514,18.6200008392334,-0.17900000512599945,0.42500001192092896,-0.010499999858438969
1787109137.8471522,resting,fast,1787109113.923551,-6.800000190734863,-6.519999980926514,18.6200008392334,-0.17900000512599945,0.42500001192092896,-0.010499999858438969
1787109137.858207,resting,fast,1787109113.923551,-6.800000190734863,-6.519999980926514,18.6200008392334,-0.17900000512599945,0.42500001192092896,-0.010499999858438969
1787109137.869376,resting,fast,1787109113.923551,-6.800000190734863,-6.519999980926514,18.6200008392334,-0.17900000512599945,0.42500001192092896,-0.010499999858438969
1787109137.8806715,resting,fast,1787109113.923551,-6.800000190734863,-6.519999980926514,18.6200008392334,-0.17900000512599945,0.42500001192092896,-0.010499999858438969
1787109137.8915708,resting,fast,1787109113.923551,-6.800000190734863,-6.519999980926514,18.6200008392334,-0.17900000512599945,0.42500001192092896,-0.010499999858438969
1787109137.902515,resting,fast,1787109113.923551,-6.800000190734863,-6.519999980926514,18.6200008392334,-0.17900000512599945,0.42500001192092896,-0.010499999858438969
1787109137.9134948,resting,fast,1787109113.923551,-6.800000190734863,-6.519999980926514,18.6200008392334,-0.17900000512599945,0.42500001192092896,-0.010499999858438969
1787109137.9247074,resting,fast,1787109113.923551,-6.800000190734863,-6.519999980926514,18.6200008392334,-0.17900000512599945,0.42500001192092896,-0.010499999858438969
1787109137.9359136,resting,fast,1787109113.923551,-6.539999961853027,-7.380000114440918,17.940000534057617,-0.17299999296665192,0.46549999713897705,-0.025499999523162842
1787109137.9471314,resting,fast,1787109113.923551,-6.539999961853027,-7.380000114440918,17.940000534057617,-0.17299999296665192,0.46549999713897705,-0.025499999523162842
1787109137.9582715,resting,fast,1787109113.923551,-6.539999961853027,-7.380000114440918,17.940000534057617,-0.17299999296665192,0.46549999713897705,-0.025499999523162842
1787109137.969371,resting,fast,1787109113.923551,-6.539999961853027,-7.380000114440918,17.940000534057617,-0.17299999296665192,0.46549999713897705,-0.025499999523162842
1787109137.9804966,resting,fast,1787109113.923551,-6.539999961853027,-7.380000114440918,17.940000534057617,-0.17299999296665192,0.46549999713897705,-0.025499999523162842
1787109137.9913616,resting,fast,1787109113.923551,-6.539999961853027,-7.380000114440918,17.940000534057617,-0.17299999296665192,0.46549999713897705,-0.025499999523162842
1787109138.0024083,resting,fast,1787109113.923551,-6.539999961853027,-7.380000114440918,17.940000534057617,-0.17299999296665192,0.46549999713897705,-0.025499999523162842
1787109138.0134866,resting,fast,1787109113.923551,-6.539999961853027,-7.380000114440918,17.940000534057617,-0.17299999296665192,0.46549999713897705,-0.025499999523162842
1787109138.0244472,resting,fast,1787109113.923551,-6.539999961853027,-7.380000114440918,17.940000534057617,-0.17299999296665192,0.46549999713897705,-0.025499999523162842
1787109138.0354795,resting,fast,1787109113.923551,-6.539999961853027,-7.380000114440918,17.940000534057617,-0.17299999296665192,0.46549999713897705,-0.025499999523162842
1787109138.0465112,resting,fast,1787109113.923551,-6.539999961853027,-7.380000114440918,17.940000534057617,-0.17299999296665192,0.46549999713897705,-0.025499999523162842
1787109138.0572748,resting,fast,1787109113.923551,-6.539999961853027,-7.380000114440918,17.940000534057617,-0.17299999296665192,0.46549999713897705,-0.025499999523162842
1787109138.068368,resting,fast,1787109113.923551,-6.539999961853027,-7.380000114440918,17.940000534057617,-0.17299999296665192,0.46549999713897705,-0.025499999523162842
1787109138.0794325,resting,fast,1787109113.923551,-6.539999961853027,-7.380000114440918,17.940000534057617,-0.17299999296665192,0.46549999713897705,-0.025499999523162842
1787109138.0905147,resting,fast,1787109113.923551,-6.539999961853027,-7.380000114440918,17.940000534057617,-0.17299999296665192,0.46549999713897705,-0.025499999523162842
1787109138.1015866,resting,fast,1787109113.923551,-6.539999961853027,-7.380000114440918,17.940000534057617,-0.17299999296665192,0.46549999713897705,-0.025499999523162842
1787109138.1124477,resting,fast,1787109113.923551,-6.539999961853027,-7.380000114440918,17.940000534057617,-0.17299999296665192,0.46549999713897705,-0.025499999523162842
1787109138.1234796,resting,fast,1787109113.923551,-6.539999961853027,-7.380000114440918,17.940000534057617,-0.17299999296665192,0.46549999713897705,-0.025499999523162842
1787109138.1342788,resting,fast,1787109113.923551,-6.300000190734863,-8.960000038146973,16.81999969482422,-0.10000000149011612,0.49300000071525574,-0.0430000014603138
1787109138.1450722,resting,fast,1787109113.923551,-6.300000190734863,-8.960000038146973,16.81999969482422,-0.10000000149011612,0.49300000071525574,-0.0430000014603138
1787109138.1557431,resting,fast,1787109113.923551,-6.300000190734863,-8.960000038146973,16.81999969482422,-0.10000000149011612,0.49300000071525574,-0.0430000014603138
1787109138.1665564,resting,fast,1787109113.923551,-6.300000190734863,-8.960000038146973,16.81999969482422,-0.10000000149011612,0.49300000071525574,-0.0430000014603138
1787109138.1774068,resting,fast,1787109113.923551,-6.300000190734863,-8.960000038146973,16.81999969482422,-0.10000000149011612,0.49300000071525574,-0.0430000014603138
1787109138.188162,resting,fast,1787109113.923551,-6.300000190734863,-8.960000038146973,16.81999969482422,-0.10000000149011612,0.49300000071525574,-0.0430000014603138
1787109138.1989493,resting,fast,1787109113.923551,-6.300000190734863,-8.960000038146973,16.81999969482422,-0.10000000149011612,0.49300000071525574,-0.0430000014603138
1787109138.2095346,resting,fast,1787109113.923551,-6.300000190734863,-8.960000038146973,16.81999969482422,-0.10000000149011612,0.49300000071525574,-0.0430000014603138
1787109138.2203948,resting,fast,1787109113.923551,-6.300000190734863,-8.960000038146973,16.81999969482422,-0.10000000149011612,0.49300000071525574,-0.0430000014603138
1787109138.2312694,resting,fast,1787109113.923551,-6.300000190734863,-8.960000038146973,16.81999969482422,-0.10000000149011612,0.49300000071525574,-0.0430000014603138
1787109138.2422154,resting,fast,1787109113.923551,-6.300000190734863,-8.960000038146973,16.81999969482422,-0.10000000149011612,0.49300000071525574,-0.0430000014603138
1787109138.2532992,resting,fast,1787109113.923551,-6.300000190734863,-8.960000038146973,16.81999969482422,-0.10000000149011612,0.49300000071525574,-0.0430000014603138
1787109138.2642763,resting,fast,1787109113.923551,-6.300000190734863,-8.960000038146973,16.81999969482422,-0.10000000149011612,0.49300000071525574,-0.0430000014603138
1787109138.2754388,resting,fast,1787109113.923551,-6.300000190734863,-8.960000038146973,16.81999969482422,-0.10000000149011612,0.49300000071525574,-0.0430000014603138
1787109138.2863686,resting,fast,1787109113.923551,-6.300000190734863,-8.960000038146973,16.81999969482422,-0.10000000149011612,0.49300000071525574,-0.0430000014603138
1787109138.2973127,resting,fast,1787109113.923551,-6.300000190734863,-8.960000038146973,16.81999969482422,-0.10000000149011612,0.49300000071525574,-0.0430000014603138
1787109138.3083694,resting,fast,1787109113.923551,-6.300000190734863,-8.960000038146973,16.81999969482422,-0.10000000149011612,0.49300000071525574,-0.0430000014603138
1787109138.3190727,resting,fast,1787109113.923551,-6.300000190734863,-8.960000038146973,16.81999969482422,-0.10000000149011612,0.49300000071525574,-0.0430000014603138
1787109138.3308725,resting,fast,1787109113.923551,-6.300000190734863,-8.960000038146973,16.81999969482422,-0.10000000149011612,0.49300000071525574,-0.0430000014603138
1787109138.3416765,resting,fast,1787109113.923551,-5.460000038146973,-11.619999885559082,13.539999961853027,-0.08250000327825546,0.5220000147819519,-0.05299999937415123
1787109138.3523607,resting,fast,1787109113.923551,-5.460000038146973,-11.619999885559082,13.539999961853027,-0.08250000327825546,0.5220000147819519,-0.05299999937415123
1787109138.3634865,resting,fast,1787109113.923551,-5.460000038146973,-11.619999885559082,13.539999961853027,-0.08250000327825546,0.5220000147819519,-0.05299999937415123
1787109138.3746395,resting,fast,1787109113.923551,-5.460000038146973,-11.619999885559082,13.539999961853027,-0.08250000327825546,0.5220000147819519,-0.05299999937415123
1787109138.385896,resting,fast,1787109113.923551,-5.460000038146973,-11.619999885559082,13.539999961853027,-0.08250000327825546,0.5220000147819519,-0.05299999937415123
1787109138.3971367,resting,fast,1787109113.923551,-5.460000038146973,-11.619999885559082,13.539999961853027,-0.08250000327825546,0.5220000147819519,-0.05299999937415123
1787109138.408185,resting,fast,1787109113.923551,-5.460000038146973,-11.619999885559082,13.539999961853027,-0.08250000327825546,0.5220000147819519,-0.05299999937415123
1787109138.4194643,resting,fast,1787109113.923551,-5.460000038146973,-11.619999885559082,13.539999961853027,-0.08250000327825546,0.5220000147819519,-0.05299999937415123
1787109138.4304247,resting,fast,1787109113.923551,-5.460000038146973,-11.619999885559082,13.539999961853027,-0.08250000327825546,0.5220000147819519,-0.05299999937415123
1787109138.441562,resting,fast,1787109113.923551,-5.460000038146973,-11.619999885559082,13.539999961853027,-0.08250000327825546,0.5220000147819519,-0.05299999937415123
1787109138.4527268,resting,fast,1787109113.923551,-5.460000038146973,-11.619999885559082,13.539999961853027,-0.08250000327825546,0.5220000147819519,-0.05299999937415123
1787109138.4636216,resting,fast,1787109113.923551,-5.460000038146973,-11.619999885559082,13.539999961853027,-0.08250000327825546,0.5220000147819519,-0.05299999937415123
1787109138.47468,resting,fast,1787109113.923551,-5.460000038146973,-11.619999885559082,13.539999961853027,-0.08250000327825546,0.5220000147819519,-0.05299999937415123
1787109138.4855316,resting,fast,1787109113.923551,-5.460000038146973,-11.619999885559082,13.539999961853027,-0.08250000327825546,0.5220000147819519,-0.05299999937415123
1787109138.496629,resting,fast,1787109113.923551,-5.460000038146973,-11.619999885559082,13.539999961853027,-0.08250000327825546,0.5220000147819519,-0.05299999937415123
1787109138.5076938,resting,fast,1787109113.923551,-5.460000038146973,-11.619999885559082,13.539999961853027,-0.08250000327825546,0.5220000147819519,-0.05299999937415123
1787109138.5186481,resting,fast,1787109113.923551,-5.460000038146973,-11.619999885559082,13.539999961853027,-0.08250000327825546,0.5220000147819519,-0.05299999937415123
1787109138.5308747,resting,fast,1787109113.923551,-5.460000038146973,-11.619999885559082,13.539999961853027,-0.08250000327825546,0.5220000147819519,-0.05299999937415123
1787109138.5418656,resting,fast,1787109113.923551,-6.5,-12.380000114440918,11.539999961853027,-0.061000000685453415,0.49300000071525574,-0.04600000008940697
1787109138.5528522,resting,fast,1787109113.923551,-6.5,-12.380000114440918,11.539999961853027,-0.061000000685453415,0.49300000071525574,-0.04600000008940697
1787109138.563776,resting,fast,1787109113.923551,-6.5,-12.380000114440918,11.539999961853027,-0.061000000685453415,0.49300000071525574,-0.04600000008940697
1787109138.5747511,resting,fast,1787109113.923551,-6.5,-12.380000114440918,11.539999961853027,-0.061000000685453415,0.49300000071525574,-0.04600000008940697
1787109138.585577,resting,fast,1787109113.923551,-6.5,-12.380000114440918,11.539999961853027,-0.061000000685453415,0.49300000071525574,-0.04600000008940697
1787109138.5964062,resting,fast,1787109113.923551,-6.5,-12.380000114440918,11.539999961853027,-0.061000000685453415,0.49300000071525574,-0.04600000008940697
1787109138.6074345,resting,fast,1787109113.923551,-6.5,-12.380000114440918,11.539999961853027,-0.061000000685453415,0.49300000071525574,-0.04600000008940697
1787109138.6184227,resting,fast,1787109113.923551,-6.5,-12.380000114440918,11.539999961853027,-0.061000000685453415,0.49300000071525574,-0.04600000008940697
1787109138.6294477,resting,fast,1787109113.923551,-6.5,-12.380000114440918,11.539999961853027,-0.061000000685453415,0.49300000071525574,-0.04600000008940697
1787109138.6403716,resting,fast,1787109113.923551,-6.5,-12.380000114440918,11.539999961853027,-0.061000000685453415,0.49300000071525574,-0.04600000008940697
1787109138.6513145,resting,fast,1787109113.923551,-6.5,-12.380000114440918,11.539999961853027,-0.061000000685453415,0.49300000071525574,-0.04600000008940697
1787109138.663535,resting,fast,1787109113.923551,-6.5,-12.380000114440918,11.539999961853027,-0.061000000685453415,0.49300000071525574,-0.04600000008940697
1787109138.674343,resting,fast,1787109113.923551,-6.5,-12.380000114440918,11.539999961853027,-0.061000000685453415,0.49300000071525574,-0.04600000008940697
1787109138.6850994,resting,fast,1787109113.923551,-6.5,-12.380000114440918,11.539999961853027,-0.061000000685453415,0.49300000071525574,-0.04600000008940697
1787109138.6975405,resting,fast,1787109113.923551,-6.5,-12.380000114440918,11.539999961853027,-0.061000000685453415,0.49300000071525574,-0.04600000008940697
1787109138.708335,resting,fast,1787109113.923551,-6.5,-12.380000114440918,11.539999961853027,-0.061000000685453415,0.49300000071525574,-0.04600000008940697
1787109138.7190888,resting,fast,1787109113.923551,-6.5,-12.380000114440918,11.539999961853027,-0.061000000685453415,0.49300000071525574,-0.04600000008940697
1787109138.7304385,resting,fast,1787109113.923551,-6.5,-12.380000114440918,11.539999961853027,-0.061000000685453415,0.49300000071525574,-0.04600000008940697
1787109138.7412088,resting,fast,1787109113.923551,-4.960000038146973,-13.720000267028809,10.399999618530273,-0.06400000303983688,0.44600000977516174,0.017999999225139618
1787109138.752009,resting,fast,1787109113.923551,-4.960000038146973,-13.720000267028809,10.399999618530273,-0.06400000303983688,0.44600000977516174,0.017999999225139618
1787109138.7640033,resting,fast,1787109113.923551,-4.960000038146973,-13.720000267028809,10.399999618530273,-0.06400000303983688,0.44600000977516174,0.017999999225139618
1787109138.774827,resting,fast,1787109113.923551,-4.960000038146973,-13.720000267028809,10.399999618530273,-0.06400000303983688,0.44600000977516174,0.017999999225139618
1787109138.7854497,resting,fast,1787109113.923551,-4.960000038146973,-13.720000267028809,10.399999618530273,-0.06400000303983688,0.44600000977516174,0.017999999225139618
1787109138.7961211,resting,fast,1787109113.923551,-4.960000038146973,-13.720000267028809,10.399999618530273,-0.06400000303983688,0.44600000977516174,0.017999999225139618
1787109138.80683,resting,fast,1787109113.923551,-4.960000038146973,-13.720000267028809,10.399999618530273,-0.06400000303983688,0.44600000977516174,0.017999999225139618
1787109138.8174095,resting,fast,1787109113.923551,-4.960000038146973,-13.720000267028809,10.399999618530273,-0.06400000303983688,0.44600000977516174,0.017999999225139618
1787109138.8289773,resting,fast,1787109113.923551,-4.960000038146973,-13.720000267028809,10.399999618530273,-0.06400000303983688,0.44600000977516174,0.017999999225139618
1787109138.839668,resting,fast,1787109113.923551,-4.960000038146973,-13.720000267028809,10.399999618530273,-0.06400000303983688,0.44600000977516174,0.017999999225139618
1787109138.8503728,resting,fast,1787109113.923551,-4.960000038146973,-13.720000267028809,10.399999618530273,-0.06400000303983688,0.44600000977516174,0.017999999225139618
1787109138.8632588,resting,fast,1787109113.923551,-4.960000038146973,-13.720000267028809,10.399999618530273,-0.06400000303983688,0.44600000977516174,0.017999999225139618
1787109138.8740246,resting,fast,1787109113.923551,-4.960000038146973,-13.720000267028809,10.399999618530273,-0.06400000303983688,0.44600000977516174,0.017999999225139618
1787109138.8846273,resting,fast,1787109113.923551,-4.960000038146973,-13.720000267028809,10.399999618530273,-0.06400000303983688,0.44600000977516174,0.017999999225139618
1787109138.8959732,resting,fast,1787109113.923551,-4.960000038146973,-13.720000267028809,10.399999618530273,-0.06400000303983688,0.44600000977516174,0.017999999225139618
1787109138.9067724,resting,fast,1787109113.923551,-4.960000038146973,-13.720000267028809,10.399999618530273,-0.06400000303983688,0.44600000977516174,0.017999999225139618
1787109138.9173815,resting,fast,1787109113.923551,-4.960000038146973,-13.720000267028809,10.399999618530273,-0.06400000303983688,0.44600000977516174,0.017999999225139618
1787109138.9286394,resting,fast,1787109113.923551,-4.960000038146973,-13.720000267028809,10.399999618530273,-0.06400000303983688,0.44600000977516174,0.017999999225139618
1787109138.9393313,resting,fast,1787109113.923551,-4.760000228881836,-14.579999923706055,10.039999961853027,-0.07750000059604645,0.4339999854564667,0.035999998450279236
1787109138.950058,resting,fast,1787109113.923551,-4.760000228881836,-14.579999923706055,10.039999961853027,-0.07750000059604645,0.4339999854564667,0.035999998450279236
1787109138.96244,resting,fast,1787109113.923551,-4.760000228881836,-14.579999923706055,10.039999961853027,-0.07750000059604645,0.4339999854564667,0.035999998450279236
1787109138.973264,resting,fast,1787109113.923551,-4.760000228881836,-14.579999923706055,10.039999961853027,-0.07750000059604645,0.4339999854564667,0.035999998450279236
1787109138.9839537,resting,fast,1787109113.923551,-4.760000228881836,-14.579999923706055,10.039999961853027,-0.07750000059604645,0.4339999854564667,0.035999998450279236
1787109138.99643,resting,fast,1787109113.923551,-4.760000228881836,-14.579999923706055,10.039999961853027,-0.07750000059604645,0.4339999854564667,0.035999998450279236
1787109139.007253,resting,fast,1787109113.923551,-4.760000228881836,-14.579999923706055,10.039999961853027,-0.07750000059604645,0.4339999854564667,0.035999998450279236
1787109139.0179584,resting,fast,1787109113.923551,-4.760000228881836,-14.579999923706055,10.039999961853027,-0.07750000059604645,0.4339999854564667,0.035999998450279236
1787109139.0289805,resting,fast,1787109113.923551,-4.760000228881836,-14.579999923706055,10.039999961853027,-0.07750000059604645,0.4339999854564667,0.035999998450279236
1787109139.0396945,resting,fast,1787109113.923551,-4.760000228881836,-14.579999923706055,10.039999961853027,-0.07750000059604645,0.4339999854564667,0.035999998450279236
1787109139.050458,resting,fast,1787109113.923551,-4.760000228881836,-14.579999923706055,10.039999961853027,-0.07750000059604645,0.4339999854564667,0.035999998450279236
1787109139.0622716,resting,fast,1787109113.923551,-4.760000228881836,-14.579999923706055,10.039999961853027,-0.07750000059604645,0.4339999854564667,0.035999998450279236
1787109139.0730002,resting,fast,1787109113.923551,-4.760000228881836,-14.579999923706055,10.039999961853027,-0.07750000059604645,0.4339999854564667,0.035999998450279236
1787109139.0835993,resting,fast,1787109113.923551,-4.760000228881836,-14.579999923706055,10.039999961853027,-0.07750000059604645,0.4339999854564667,0.035999998450279236
1787109139.0950642,resting,fast,1787109113.923551,-4.760000228881836,-14.579999923706055,10.039999961853027,-0.07750000059604645,0.4339999854564667,0.035999998450279236
1787109139.1057794,resting,fast,1787109113.923551,-4.760000228881836,-14.579999923706055,10.039999961853027,-0.07750000059604645,0.4339999854564667,0.035999998450279236
1787109139.1165974,resting,fast,1787109113.923551,-4.760000228881836,-14.579999923706055,10.039999961853027,-0.07750000059604645,0.4339999854564667,0.035999998450279236
1787109139.1280994,resting,fast,1787109113.923551,-4.760000228881836,-14.579999923706055,10.039999961853027,-0.07750000059604645,0.4339999854564667,0.035999998450279236
1787109139.1387935,resting,fast,1787109113.923551,-4.400000095367432,-15.899999618530273,9.399999618530273,-0.08250000327825546,0.4115000069141388,0.052000001072883606
1787109139.1495385,resting,fast,1787109113.923551,-4.400000095367432,-15.899999618530273,9.399999618530273,-0.08250000327825546,0.4115000069141388,0.052000001072883606
1787109139.1613045,resting,fast,1787109113.923551,-4.400000095367432,-15.899999618530273,9.399999618530273,-0.08250000327825546,0.4115000069141388,0.052000001072883606
1787109139.172064,resting,fast,1787109113.923551,-4.400000095367432,-15.899999618530273,9.399999618530273,-0.08250000327825546,0.4115000069141388,0.052000001072883606
1787109139.1826842,resting,fast,1787109113.923551,-4.400000095367432,-15.899999618530273,9.399999618530273,-0.08250000327825546,0.4115000069141388,0.052000001072883606
1787109139.1943748,resting,fast,1787109113.923551,-4.400000095367432,-15.899999618530273,9.399999618530273,-0.08250000327825546,0.4115000069141388,0.052000001072883606
1787109139.205184,resting,fast,1787109113.923551,-4.400000095367432,-15.899999618530273,9.399999618530273,-0.08250000327825546,0.4115000069141388,0.052000001072883606
1787109139.2160304,resting,fast,1787109113.923551,-4.400000095367432,-15.899999618530273,9.399999618530273,-0.08250000327825546,0.4115000069141388,0.052000001072883606
1787109139.2272024,resting,fast,1787109113.923551,-4.400000095367432,-15.899999618530273,9.399999618530273,-0.08250000327825546,0.4115000069141388,0.052000001072883606
1787109139.237895,resting,fast,1787109113.923551,-4.400000095367432,-15.899999618530273,9.399999618530273,-0.08250000327825546,0.4115000069141388,0.052000001072883606
1787109139.248563,resting,fast,1787109113.923551,-4.400000095367432,-15.899999618530273,9.399999618530273,-0.08250000327825546,0.4115000069141388,0.052000001072883606
1787109139.2615142,resting,fast,1787109113.923551,-4.400000095367432,-15.899999618530273,9.399999618530273,-0.08250000327825546,0.4115000069141388,0.052000001072883606
1787109139.2722793,resting,fast,1787109113.923551,-4.400000095367432,-15.899999618530273,9.399999618530273,-0.08250000327825546,0.4115000069141388,0.052000001072883606
1787109139.2830398,resting,fast,1787109113.923551,-4.400000095367432,-15.899999618530273,9.399999618530273,-0.08250000327825546,0.4115000069141388,0.052000001072883606
1787109139.2937448,resting,fast,1787109113.923551,-4.400000095367432,-15.899999618530273,9.399999618530273,-0.08250000327825546,0.4115000069141388,0.052000001072883606
1787109139.3043513,resting,fast,1787109113.923551,-4.400000095367432,-15.899999618530273,9.399999618530273,-0.08250000327825546,0.4115000069141388,0.052000001072883606
1787109139.3150282,resting,fast,1787109113.923551,-4.400000095367432,-15.899999618530273,9.399999618530273,-0.08250000327825546,0.4115000069141388,0.052000001072883606
1787109139.3270383,resting,fast,1787109113.923551,-4.400000095367432,-15.899999618530273,9.399999618530273,-0.08250000327825546,0.4115000069141388,0.052000001072883606
1787109139.3378801,resting,fast,1787109113.923551,-4.420000076293945,-16.18000030517578,9.819999694824219,-0.10450000315904617,0.4169999957084656,0.05000000074505806
1787109139.3486264,resting,fast,1787109113.923551,-4.420000076293945,-16.18000030517578,9.819999694824219,-0.10450000315904617,0.4169999957084656,0.05000000074505806
1787109139.3601491,resting,fast,1787109113.923551,-4.420000076293945,-16.18000030517578,9.819999694824219,-0.10450000315904617,0.4169999957084656,0.05000000074505806
1787109139.371208,resting,fast,1787109113.923551,-4.420000076293945,-16.18000030517578,9.819999694824219,-0.10450000315904617,0.4169999957084656,0.05000000074505806
1787109139.382233,resting,fast,1787109113.923551,-4.420000076293945,-16.18000030517578,9.819999694824219,-0.10450000315904617,0.4169999957084656,0.05000000074505806
1787109139.3933048,resting,fast,1787109113.923551,-4.420000076293945,-16.18000030517578,9.819999694824219,-0.10450000315904617,0.4169999957084656,0.05000000074505806
1787109139.4042277,resting,fast,1787109113.923551,-4.420000076293945,-16.18000030517578,9.819999694824219,-0.10450000315904617,0.4169999957084656,0.05000000074505806
1787109139.415157,resting,fast,1787109113.923551,-4.420000076293945,-16.18000030517578,9.819999694824219,-0.10450000315904617,0.4169999957084656,0.05000000074505806
1787109139.4260824,resting,fast,1787109113.923551,-4.420000076293945,-16.18000030517578,9.819999694824219,-0.10450000315904617,0.4169999957084656,0.05000000074505806
1787109139.4373376,resting,fast,1787109113.923551,-4.420000076293945,-16.18000030517578,9.819999694824219,-0.10450000315904617,0.4169999957084656,0.05000000074505806
1787109139.448377,resting,fast,1787109113.923551,-4.420000076293945,-16.18000030517578,9.819999694824219,-0.10450000315904617,0.4169999957084656,0.05000000074505806
1787109139.4592972,resting,fast,1787109113.923551,-4.420000076293945,-16.18000030517578,9.819999694824219,-0.10450000315904617,0.4169999957084656,0.05000000074505806
1787109139.470339,resting,fast,1787109113.923551,-4.420000076293945,-16.18000030517578,9.819999694824219,-0.10450000315904617,0.4169999957084656,0.05000000074505806
1787109139.4813416,resting,fast,1787109113.923551,-4.420000076293945,-16.18000030517578,9.819999694824219,-0.10450000315904617,0.4169999957084656,0.05000000074505806
1787109139.4923205,resting,fast,1787109113.923551,-4.420000076293945,-16.18000030517578,9.819999694824219,-0.10450000315904617,0.4169999957084656,0.05000000074505806
1787109139.5032134,resting,fast,1787109113.923551,-4.420000076293945,-16.18000030517578,9.819999694824219,-0.10450000315904617,0.4169999957084656,0.05000000074505806
1787109139.5141494,resting,fast,1787109113.923551,-4.420000076293945,-16.18000030517578,9.819999694824219,-0.10450000315904617,0.4169999957084656,0.05000000074505806
1787109139.5250645,resting,fast,1787109113.923551,-4.420000076293945,-16.18000030517578,9.819999694824219,-0.10450000315904617,0.4169999957084656,0.05000000074505806
1787109139.5360582,resting,fast,1787109113.923551,-4.900000095367432,-15.239999771118164,9.460000038146973,-0.0754999965429306,0.4104999899864197,0.052000001072883606
1787109139.54687,resting,fast,1787109113.923551,-4.900000095367432,-15.239999771118164,9.460000038146973,-0.0754999965429306,0.4104999899864197,0.052000001072883606
1787109139.557615,resting,fast,1787109113.923551,-4.900000095367432,-15.239999771118164,9.460000038146973,-0.0754999965429306,0.4104999899864197,0.052000001072883606
1787109139.5690446,resting,fast,1787109113.923551,-4.900000095367432,-15.239999771118164,9.460000038146973,-0.0754999965429306,0.4104999899864197,0.052000001072883606
1787109139.5802271,resting,fast,1787109113.923551,-4.900000095367432,-15.239999771118164,9.460000038146973,-0.0754999965429306,0.4104999899864197,0.052000001072883606
1787109139.5911937,resting,fast,1787109113.923551,-4.900000095367432,-15.239999771118164,9.460000038146973,-0.0754999965429306,0.4104999899864197,0.052000001072883606
1787109139.6021745,resting,fast,1787109113.923551,-4.900000095367432,-15.239999771118164,9.460000038146973,-0.0754999965429306,0.4104999899864197,0.052000001072883606
1787109139.6131322,resting,fast,1787109113.923551,-4.900000095367432,-15.239999771118164,9.460000038146973,-0.0754999965429306,0.4104999899864197,0.052000001072883606
1787109139.6243615,resting,fast,1787109113.923551,-4.900000095367432,-15.239999771118164,9.460000038146973,-0.0754999965429306,0.4104999899864197,0.052000001072883606
1787109139.6353853,resting,fast,1787109113.923551,-4.900000095367432,-15.239999771118164,9.460000038146973,-0.0754999965429306,0.4104999899864197,0.052000001072883606
1787109139.6464937,resting,fast,1787109113.923551,-4.900000095367432,-15.239999771118164,9.460000038146973,-0.0754999965429306,0.4104999899864197,0.052000001072883606
1787109139.6573522,resting,fast,1787109113.923551,-4.900000095367432,-15.239999771118164,9.460000038146973,-0.0754999965429306,0.4104999899864197,0.052000001072883606
1787109139.6683784,resting,fast,1787109113.923551,-4.900000095367432,-15.239999771118164,9.460000038146973,-0.0754999965429306,0.4104999899864197,0.052000001072883606
1787109139.6793427,resting,fast,1787109113.923551,-4.900000095367432,-15.239999771118164,9.460000038146973,-0.0754999965429306,0.4104999899864197,0.052000001072883606
1787109139.6901343,resting,fast,1787109113.923551,-4.900000095367432,-15.239999771118164,9.460000038146973,-0.0754999965429306,0.4104999899864197,0.052000001072883606
1787109139.7009418,resting,fast,1787109113.923551,-4.900000095367432,-15.239999771118164,9.460000038146973,-0.0754999965429306,0.4104999899864197,0.052000001072883606
1787109139.7116964,resting,fast,1787109113.923551,-4.900000095367432,-15.239999771118164,9.460000038146973,-0.0754999965429306,0.4104999899864197,0.052000001072883606
1787109139.7239158,resting,fast,1787109113.923551,-4.900000095367432,-15.239999771118164,9.460000038146973,-0.0754999965429306,0.4104999899864197,0.052000001072883606
1787109139.73469,resting,fast,1787109113.923551,-5.480000019073486,-14.739999771118164,10.5,-0.0885000005364418,0.4325000047683716,0.017000000923871994
1787109139.7454548,resting,fast,1787109113.923551,-5.480000019073486,-14.739999771118164,10.5,-0.0885000005364418,0.4325000047683716,0.017000000923871994
1787109139.7572944,resting,fast,1787109113.923551,-5.480000019073486,-14.739999771118164,10.5,-0.0885000005364418,0.4325000047683716,0.017000000923871994
1787109139.7681863,resting,fast,1787109113.923551,-5.480000019073486,-14.739999771118164,10.5,-0.0885000005364418,0.4325000047683716,0.017000000923871994
1787109139.7790034,resting,fast,1787109113.923551,-5.480000019073486,-14.739999771118164,10.5,-0.0885000005364418,0.4325000047683716,0.017000000923871994
1787109139.7898753,resting,fast,1787109113.923551,-5.480000019073486,-14.739999771118164,10.5,-0.0885000005364418,0.4325000047683716,0.017000000923871994
1787109139.800607,resting,fast,1787109113.923551,-5.480000019073486,-14.739999771118164,10.5,-0.0885000005364418,0.4325000047683716,0.017000000923871994
1787109139.8115227,resting,fast,1787109113.923551,-5.480000019073486,-14.739999771118164,10.5,-0.0885000005364418,0.4325000047683716,0.017000000923871994
1787109139.8226075,resting,fast,1787109113.923551,-5.480000019073486,-14.739999771118164,10.5,-0.0885000005364418,0.4325000047683716,0.017000000923871994
1787109139.8334968,resting,fast,1787109113.923551,-5.480000019073486,-14.739999771118164,10.5,-0.0885000005364418,0.4325000047683716,0.017000000923871994
1787109139.8442087,resting,fast,1787109113.923551,-5.480000019073486,-14.739999771118164,10.5,-0.0885000005364418,0.4325000047683716,0.017000000923871994
1787109139.8561876,resting,fast,1787109113.923551,-5.480000019073486,-14.739999771118164,10.5,-0.0885000005364418,0.4325000047683716,0.017000000923871994
1787109139.8671603,resting,fast,1787109113.923551,-5.480000019073486,-14.739999771118164,10.5,-0.0885000005364418,0.4325000047683716,0.017000000923871994
1787109139.8780577,resting,fast,1787109113.923551,-5.480000019073486,-14.739999771118164,10.5,-0.0885000005364418,0.4325000047683716,0.017000000923871994
1787109139.889908,resting,fast,1787109113.923551,-5.480000019073486,-14.739999771118164,10.5,-0.0885000005364418,0.4325000047683716,0.017000000923871994
1787109139.9008067,resting,fast,1787109113.923551,-5.480000019073486,-14.739999771118164,10.5,-0.0885000005364418,0.4325000047683716,0.017000000923871994
1787109139.9116619,resting,fast,1787109113.923551,-5.480000019073486,-14.739999771118164,10.5,-0.0885000005364418,0.4325000047683716,0.017000000923871994
1787109139.9231145,resting,fast,1787109113.923551,-5.480000019073486,-14.739999771118164,10.5,-0.0885000005364418,0.4325000047683716,0.017000000923871994
1787109139.9340065,resting,fast,1787109113.923551,-6.579999923706055,-13.699999809265137,10.220000267028809,-0.09849999845027924,0.4375,0.03849999979138374
1787109139.944752,resting,fast,1787109113.923551,-6.579999923706055,-13.699999809265137,10.220000267028809,-0.09849999845027924,0.4375,0.03849999979138374
1787109139.9557292,resting,fast,1787109113.923551,-6.579999923706055,-13.699999809265137,10.220000267028809,-0.09849999845027924,0.4375,0.03849999979138374
1787109139.966371,resting,fast,1787109113.923551,-6.579999923706055,-13.699999809265137,10.220000267028809,-0.09849999845027924,0.4375,0.03849999979138374
1787109139.977251,resting,fast,1787109113.923551,-6.579999923706055,-13.699999809265137,10.220000267028809,-0.09849999845027924,0.4375,0.03849999979138374
1787109139.9881675,resting,fast,1787109113.923551,-6.579999923706055,-13.699999809265137,10.220000267028809,-0.09849999845027924,0.4375,0.03849999979138374
1787109139.9990628,resting,fast,1787109113.923551,-6.579999923706055,-13.699999809265137,10.220000267028809,-0.09849999845027924,0.4375,0.03849999979138374
1787109140.0097542,resting,fast,1787109113.923551,-6.579999923706055,-13.699999809265137,10.220000267028809,-0.09849999845027924,0.4375,0.03849999979138374
1787109140.0212636,resting,fast,1787109113.923551,-6.579999923706055,-13.699999809265137,10.220000267028809,-0.09849999845027924,0.4375,0.03849999979138374
1787109140.032053,resting,fast,1787109113.923551,-6.579999923706055,-13.699999809265137,10.220000267028809,-0.09849999845027924,0.4375,0.03849999979138374
1787109140.0427198,resting,fast,1787109113.923551,-6.579999923706055,-13.699999809265137,10.220000267028809,-0.09849999845027924,0.4375,0.03849999979138374
1787109140.053869,resting,fast,1787109113.923551,-6.579999923706055,-13.699999809265137,10.220000267028809,-0.09849999845027924,0.4375,0.03849999979138374
1787109140.0646584,resting,fast,1787109113.923551,-6.579999923706055,-13.699999809265137,10.220000267028809,-0.09849999845027924,0.4375,0.03849999979138374
1787109140.0754526,resting,fast,1787109113.923551,-6.579999923706055,-13.699999809265137,10.220000267028809,-0.09849999845027924,0.4375,0.03849999979138374
1787109140.0880978,resting,fast,1787109113.923551,-6.579999923706055,-13.699999809265137,10.220000267028809,-0.09849999845027924,0.4375,0.03849999979138374
1787109140.0989764,resting,fast,1787109113.923551,-6.579999923706055,-13.699999809265137,10.220000267028809,-0.09849999845027924,0.4375,0.03849999979138374
1787109140.1097236,resting,fast,1787109113.923551,-6.579999923706055,-13.699999809265137,10.220000267028809,-0.09849999845027924,0.4375,0.03849999979138374
1787109140.1205192,resting,fast,1787109113.923551,-6.579999923706055,-13.699999809265137,10.220000267028809,-0.09849999845027924,0.4375,0.03849999979138374
1787109140.131256,resting,fast,1787109113.923551,-5.820000171661377,-12.960000038146973,11.180000305175781,-0.04899999871850014,0.4375,0.01899999938905239
1787109140.142116,resting,fast,1787109113.923551,-5.820000171661377,-12.960000038146973,11.180000305175781,-0.04899999871850014,0.4375,0.01899999938905239
1787109140.1540604,resting,fast,1787109113.923551,-5.820000171661377,-12.960000038146973,11.180000305175781,-0.04899999871850014,0.4375,0.01899999938905239
1787109140.1649756,resting,fast,1787109113.923551,-5.820000171661377,-12.960000038146973,11.180000305175781,-0.04899999871850014,0.4375,0.01899999938905239
1787109140.1756108,resting,fast,1787109113.923551,-5.820000171661377,-12.960000038146973,11.180000305175781,-0.04899999871850014,0.4375,0.01899999938905239
1787109140.1867907,resting,fast,1787109113.923551,-5.820000171661377,-12.960000038146973,11.180000305175781,-0.04899999871850014,0.4375,0.01899999938905239
1787109140.1975865,resting,fast,1787109113.923551,-5.820000171661377,-12.960000038146973,11.180000305175781,-0.04899999871850014,0.4375,0.01899999938905239
1787109140.2084281,resting,fast,1787109113.923551,-5.820000171661377,-12.960000038146973,11.180000305175781,-0.04899999871850014,0.4375,0.01899999938905239
1787109140.2204063,resting,fast,1787109113.923551,-5.820000171661377,-12.960000038146973,11.180000305175781,-0.04899999871850014,0.4375,0.01899999938905239
1787109140.2312503,resting,fast,1787109113.923551,-5.820000171661377,-12.960000038146973,11.180000305175781,-0.04899999871850014,0.4375,0.01899999938905239
1787109140.2421093,resting,fast,1787109113.923551,-5.820000171661377,-12.960000038146973,11.180000305175781,-0.04899999871850014,0.4375,0.01899999938905239
1787109140.2540588,resting,fast,1787109113.923551,-5.820000171661377,-12.960000038146973,11.180000305175781,-0.04899999871850014,0.4375,0.01899999938905239
1787109140.2648869,resting,fast,1787109113.923551,-5.820000171661377,-12.960000038146973,11.180000305175781,-0.04899999871850014,0.4375,0.01899999938905239
1787109140.275594,resting,fast,1787109113.923551,-5.820000171661377,-12.960000038146973,11.180000305175781,-0.04899999871850014,0.4375,0.01899999938905239
1787109140.286983,resting,fast,1787109113.923551,-5.820000171661377,-12.960000038146973,11.180000305175781,-0.04899999871850014,0.4375,0.01899999938905239
1787109140.297646,resting,fast,1787109113.923551,-5.820000171661377,-12.960000038146973,11.180000305175781,-0.04899999871850014,0.4375,0.01899999938905239
1787109140.3085494,resting,fast,1787109113.923551,-5.820000171661377,-12.960000038146973,11.180000305175781,-0.04899999871850014,0.4375,0.01899999938905239
1787109140.320167,resting,fast,1787109113.923551,-5.820000171661377,-12.960000038146973,11.180000305175781,-0.04899999871850014,0.4375,0.01899999938905239
1787109140.3310337,resting,fast,1787109113.923551,-7.28000020980835,-12.579999923706055,10.380000114440918,-0.041999999433755875,0.45399999618530273,-0.010499999858438969
1787109140.341708,resting,fast,1787109113.923551,-7.28000020980835,-12.579999923706055,10.380000114440918,-0.041999999433755875,0.45399999618530273,-0.010499999858438969
1787109140.3531263,resting,fast,1787109113.923551,-7.28000020980835,-12.579999923706055,10.380000114440918,-0.041999999433755875,0.45399999618530273,-0.010499999858438969
1787109140.3638666,resting,fast,1787109113.923551,-7.28000020980835,-12.579999923706055,10.380000114440918,-0.041999999433755875,0.45399999618530273,-0.010499999858438969
1787109140.3746529,resting,fast,1787109113.923551,-7.28000020980835,-12.579999923706055,10.380000114440918,-0.041999999433755875,0.45399999618530273,-0.010499999858438969
1787109140.385628,resting,fast,1787109113.923551,-7.28000020980835,-12.579999923706055,10.380000114440918,-0.041999999433755875,0.45399999618530273,-0.010499999858438969
1787109140.396256,resting,fast,1787109113.923551,-7.28000020980835,-12.579999923706055,10.380000114440918,-0.041999999433755875,0.45399999618530273,-0.010499999858438969
1787109140.4070592,resting,fast,1787109113.923551,-7.28000020980835,-12.579999923706055,10.380000114440918,-0.041999999433755875,0.45399999618530273,-0.010499999858438969
1787109140.4192693,resting,fast,1787109113.923551,-7.28000020980835,-12.579999923706055,10.380000114440918,-0.041999999433755875,0.45399999618530273,-0.010499999858438969
1787109140.4301872,resting,fast,1787109113.923551,-7.28000020980835,-12.579999923706055,10.380000114440918,-0.041999999433755875,0.45399999618530273,-0.010499999858438969
1787109140.441086,resting,fast,1787109113.923551,-7.28000020980835,-12.579999923706055,10.380000114440918,-0.041999999433755875,0.45399999618530273,-0.010499999858438969
1787109140.452956,resting,fast,1787109113.923551,-7.28000020980835,-12.579999923706055,10.380000114440918,-0.041999999433755875,0.45399999618530273,-0.010499999858438969
1787109140.463801,resting,fast,1787109113.923551,-7.28000020980835,-12.579999923706055,10.380000114440918,-0.041999999433755875,0.45399999618530273,-0.010499999858438969
1787109140.474434,resting,fast,1787109113.923551,-7.28000020980835,-12.579999923706055,10.380000114440918,-0.041999999433755875,0.45399999618530273,-0.010499999858438969
1787109140.4855945,resting,fast,1787109113.923551,-7.28000020980835,-12.579999923706055,10.380000114440918,-0.041999999433755875,0.45399999618530273,-0.010499999858438969
1787109140.496483,resting,fast,1787109113.923551,-7.28000020980835,-12.579999923706055,10.380000114440918,-0.041999999433755875,0.45399999618530273,-0.010499999858438969
1787109140.5072827,resting,fast,1787109113.923551,-7.28000020980835,-12.579999923706055,10.380000114440918,-0.041999999433755875,0.45399999618530273,-0.010499999858438969
1787109140.5192468,resting,fast,1787109113.923551,-7.28000020980835,-12.579999923706055,10.380000114440918,-0.041999999433755875,0.45399999618530273,-0.010499999858438969
1787109140.5303519,resting,fast,1787109113.923551,-7.28000020980835,-12.579999923706055,10.380000114440918,-0.041999999433755875,0.45399999618530273,-0.010499999858438969
1787109140.5413365,resting,fast,1787109113.923551,-6.639999866485596,-12.34000015258789,11.680000305175781,-0.05299999937415123,0.4544999897480011,0.0010000000474974513
1787109140.5526764,resting,fast,1787109113.923551,-6.639999866485596,-12.34000015258789,11.680000305175781,-0.05299999937415123,0.4544999897480011,0.0010000000474974513
1787109140.5635822,resting,fast,1787109113.923551,-6.639999866485596,-12.34000015258789,11.680000305175781,-0.05299999937415123,0.4544999897480011,0.0010000000474974513
1787109140.5743895,resting,fast,1787109113.923551,-6.639999866485596,-12.34000015258789,11.680000305175781,-0.05299999937415123,0.4544999897480011,0.0010000000474974513
1787109140.585955,resting,fast,1787109113.923551,-6.639999866485596,-12.34000015258789,11.680000305175781,-0.05299999937415123,0.4544999897480011,0.0010000000474974513
1787109140.596991,resting,fast,1787109113.923551,-6.639999866485596,-12.34000015258789,11.680000305175781,-0.05299999937415123,0.4544999897480011,0.0010000000474974513
1787109140.6079462,resting,fast,1787109113.923551,-6.639999866485596,-12.34000015258789,11.680000305175781,-0.05299999937415123,0.4544999897480011,0.0010000000474974513
1787109140.6233172,resting,fast,1787109113.923551,-6.639999866485596,-12.34000015258789,11.680000305175781,-0.05299999937415123,0.4544999897480011,0.0010000000474974513
1787109140.6344192,resting,fast,1787109113.923551,-6.639999866485596,-12.34000015258789,11.680000305175781,-0.05299999937415123,0.4544999897480011,0.0010000000474974513
1787109140.6454453,resting,fast,1787109113.923551,-6.639999866485596,-12.34000015258789,11.680000305175781,-0.05299999937415123,0.4544999897480011,0.0010000000474974513
1787109140.65616,resting,fast,1787109113.923551,-6.639999866485596,-12.34000015258789,11.680000305175781,-0.05299999937415123,0.4544999897480011,0.0010000000474974513
1787109140.6670203,resting,fast,1787109113.923551,-6.639999866485596,-12.34000015258789,11.680000305175781,-0.05299999937415123,0.4544999897480011,0.0010000000474974513
1787109140.677791,resting,fast,1787109113.923551,-6.639999866485596,-12.34000015258789,11.680000305175781,-0.05299999937415123,0.4544999897480011,0.0010000000474974513
1787109140.6883664,resting,fast,1787109113.923551,-6.639999866485596,-12.34000015258789,11.680000305175781,-0.05299999937415123,0.4544999897480011,0.0010000000474974513
1787109140.699117,resting,fast,1787109113.923551,-6.639999866485596,-12.34000015258789,11.680000305175781,-0.05299999937415123,0.4544999897480011,0.0010000000474974513
1787109140.7100525,resting,fast,1787109113.923551,-6.639999866485596,-12.34000015258789,11.680000305175781,-0.05299999937415123,0.4544999897480011,0.0010000000474974513
1787109140.720828,resting,fast,1787109113.923551,-6.639999866485596,-12.34000015258789,11.680000305175781,-0.05299999937415123,0.4544999897480011,0.0010000000474974513
1787109140.7316694,resting,fast,1787109113.923551,-5.960000038146973,-11.800000190734863,12.800000190734863,-0.08399999886751175,0.4555000066757202,0.020500000566244125
1787109140.7426364,resting,fast,1787109113.923551,-5.960000038146973,-11.800000190734863,12.800000190734863,-0.08399999886751175,0.4555000066757202,0.020500000566244125
1787109140.7533526,resting,fast,1787109113.923551,-5.960000038146973,-11.800000190734863,12.800000190734863,-0.08399999886751175,0.4555000066757202,0.020500000566244125
1787109140.7641308,resting,fast,1787109113.923551,-5.960000038146973,-11.800000190734863,12.800000190734863,-0.08399999886751175,0.4555000066757202,0.020500000566244125
1787109140.7746809,resting,fast,1787109113.923551,-5.960000038146973,-11.800000190734863,12.800000190734863,-0.08399999886751175,0.4555000066757202,0.020500000566244125
1787109140.7852263,resting,fast,1787109113.923551,-5.960000038146973,-11.800000190734863,12.800000190734863,-0.08399999886751175,0.4555000066757202,0.020500000566244125
1787109140.7958174,resting,fast,1787109113.923551,-5.960000038146973,-11.800000190734863,12.800000190734863,-0.08399999886751175,0.4555000066757202,0.020500000566244125
1787109140.8064978,resting,fast,1787109113.923551,-5.960000038146973,-11.800000190734863,12.800000190734863,-0.08399999886751175,0.4555000066757202,0.020500000566244125
1787109140.8175273,resting,fast,1787109113.923551,-5.960000038146973,-11.800000190734863,12.800000190734863,-0.08399999886751175,0.4555000066757202,0.020500000566244125
1787109140.828247,resting,fast,1787109113.923551,-5.960000038146973,-11.800000190734863,12.800000190734863,-0.08399999886751175,0.4555000066757202,0.020500000566244125
1787109140.8390968,resting,fast,1787109113.923551,-5.960000038146973,-11.800000190734863,12.800000190734863,-0.08399999886751175,0.4555000066757202,0.020500000566244125
1787109140.8500578,resting,fast,1787109113.923551,-5.960000038146973,-11.800000190734863,12.800000190734863,-0.08399999886751175,0.4555000066757202,0.020500000566244125
1787109140.8610508,resting,fast,1787109113.923551,-5.960000038146973,-11.800000190734863,12.800000190734863,-0.08399999886751175,0.4555000066757202,0.020500000566244125
1787109140.8718424,resting,fast,1787109113.923551,-5.960000038146973,-11.800000190734863,12.800000190734863,-0.08399999886751175,0.4555000066757202,0.020500000566244125
1787109140.8837497,resting,fast,1787109113.923551,-5.960000038146973,-11.800000190734863,12.800000190734863,-0.08399999886751175,0.4555000066757202,0.020500000566244125
1787109140.8948135,resting,fast,1787109113.923551,-5.960000038146973,-11.800000190734863,12.800000190734863,-0.08399999886751175,0.4555000066757202,0.020500000566244125
1787109140.9058642,resting,fast,1787109113.923551,-5.960000038146973,-11.800000190734863,12.800000190734863,-0.08399999886751175,0.4555000066757202,0.020500000566244125
1787109140.9168615,resting,fast,1787109113.923551,-5.960000038146973,-11.800000190734863,12.800000190734863,-0.08399999886751175,0.4555000066757202,0.020500000566244125
1787109140.928008,resting,fast,1787109113.923551,-5.960000038146973,-11.800000190734863,12.800000190734863,-0.08399999886751175,0.4555000066757202,0.020500000566244125
1787109140.939147,resting,fast,1787109113.923551,-5.699999809265137,-10.020000457763672,14.960000038146973,-0.09749999642372131,0.4429999887943268,0.023000000044703484
1787109140.9502535,resting,fast,1787109113.923551,-5.699999809265137,-10.020000457763672,14.960000038146973,-0.09749999642372131,0.4429999887943268,0.023000000044703484
1787109140.9611526,resting,fast,1787109113.923551,-5.699999809265137,-10.020000457763672,14.960000038146973,-0.09749999642372131,0.4429999887943268,0.023000000044703484
1787109140.9722028,resting,fast,1787109113.923551,-5.699999809265137,-10.020000457763672,14.960000038146973,-0.09749999642372131,0.4429999887943268,0.023000000044703484
1787109140.9848895,resting,fast,1787109113.923551,-5.699999809265137,-10.020000457763672,14.960000038146973,-0.09749999642372131,0.4429999887943268,0.023000000044703484
1787109140.9966052,resting,fast,1787109113.923551,-5.699999809265137,-10.020000457763672,14.960000038146973,-0.09749999642372131,0.4429999887943268,0.023000000044703484
1787109141.0077147,resting,fast,1787109113.923551,-5.699999809265137,-10.020000457763672,14.960000038146973,-0.09749999642372131,0.4429999887943268,0.023000000044703484
1787109141.0187078,resting,fast,1787109113.923551,-5.699999809265137,-10.020000457763672,14.960000038146973,-0.09749999642372131,0.4429999887943268,0.023000000044703484
1787109141.0299633,resting,fast,1787109113.923551,-5.699999809265137,-10.020000457763672,14.960000038146973,-0.09749999642372131,0.4429999887943268,0.023000000044703484
1787109141.0409925,resting,fast,1787109113.923551,-5.699999809265137,-10.020000457763672,14.960000038146973,-0.09749999642372131,0.4429999887943268,0.023000000044703484
1787109141.0520825,resting,fast,1787109113.923551,-5.699999809265137,-10.020000457763672,14.960000038146973,-0.09749999642372131,0.4429999887943268,0.023000000044703484
1787109141.0631032,resting,fast,1787109113.923551,-5.699999809265137,-10.020000457763672,14.960000038146973,-0.09749999642372131,0.4429999887943268,0.023000000044703484
1787109141.0742915,resting,fast,1787109113.923551,-5.699999809265137,-10.020000457763672,14.960000038146973,-0.09749999642372131,0.4429999887943268,0.023000000044703484
1787109141.0853584,resting,fast,1787109113.923551,-5.699999809265137,-10.020000457763672,14.960000038146973,-0.09749999642372131,0.4429999887943268,0.023000000044703484
1787109141.0964117,resting,fast,1787109113.923551,-5.699999809265137,-10.020000457763672,14.960000038146973,-0.09749999642372131,0.4429999887943268,0.023000000044703484
1787109141.1074471,resting,fast,1787109113.923551,-5.699999809265137,-10.020000457763672,14.960000038146973,-0.09749999642372131,0.4429999887943268,0.023000000044703484
1787109141.1184676,resting,fast,1787109113.923551,-5.699999809265137,-10.020000457763672,14.960000038146973,-0.09749999642372131,0.4429999887943268,0.023000000044703484
1787109141.1294067,resting,fast,1787109113.923551,-5.699999809265137,-10.020000457763672,14.960000038146973,-0.09749999642372131,0.4429999887943268,0.023000000044703484
1787109141.1461656,resting,fast,1787109113.923551,-5.199999809265137,-7.78000020980835,18.040000915527344,-0.13699999451637268,0.45100000500679016,0.02449999935925007
1787109141.1602166,resting,fast,1787109113.923551,-5.199999809265137,-7.78000020980835,18.040000915527344,-0.13699999451637268,0.45100000500679016,0.02449999935925007
1787109141.1713102,resting,fast,1787109113.923551,-5.199999809265137,-7.78000020980835,18.040000915527344,-0.13699999451637268,0.45100000500679016,0.02449999935925007
1787109141.182741,resting,fast,1787109113.923551,-5.199999809265137,-7.78000020980835,18.040000915527344,-0.13699999451637268,0.45100000500679016,0.02449999935925007
1787109141.1937225,resting,fast,1787109113.923551,-5.199999809265137,-7.78000020980835,18.040000915527344,-0.13699999451637268,0.45100000500679016,0.02449999935925007
1787109141.204902,resting,fast,1787109113.923551,-5.199999809265137,-7.78000020980835,18.040000915527344,-0.13699999451637268,0.45100000500679016,0.02449999935925007
1787109141.2167792,resting,fast,1787109113.923551,-5.199999809265137,-7.78000020980835,18.040000915527344,-0.13699999451637268,0.45100000500679016,0.02449999935925007
1787109141.2278857,resting,fast,1787109113.923551,-5.199999809265137,-7.78000020980835,18.040000915527344,-0.13699999451637268,0.45100000500679016,0.02449999935925007
1787109141.238887,resting,fast,1787109113.923551,-5.199999809265137,-7.78000020980835,18.040000915527344,-0.13699999451637268,0.45100000500679016,0.02449999935925007
1787109141.2500155,resting,fast,1787109113.923551,-5.199999809265137,-7.78000020980835,18.040000915527344,-0.13699999451637268,0.45100000500679016,0.02449999935925007
1787109141.2609224,resting,fast,1787109113.923551,-5.199999809265137,-7.78000020980835,18.040000915527344,-0.13699999451637268,0.45100000500679016,0.02449999935925007
1787109141.2719345,resting,fast,1787109113.923551,-5.199999809265137,-7.78000020980835,18.040000915527344,-0.13699999451637268,0.45100000500679016,0.02449999935925007
1787109141.2828991,resting,fast,1787109113.923551,-5.199999809265137,-7.78000020980835,18.040000915527344,-0.13699999451637268,0.45100000500679016,0.02449999935925007
1787109141.2938814,resting,fast,1787109113.923551,-5.199999809265137,-7.78000020980835,18.040000915527344,-0.13699999451637268,0.45100000500679016,0.02449999935925007
1787109141.3049784,resting,fast,1787109113.923551,-5.199999809265137,-7.78000020980835,18.040000915527344,-0.13699999451637268,0.45100000500679016,0.02449999935925007
1787109141.3160324,resting,fast,1787109113.923551,-5.199999809265137,-7.78000020980835,18.040000915527344,-0.13699999451637268,0.45100000500679016,0.02449999935925007
1787109141.327101,resting,fast,1787109113.923551,-5.199999809265137,-7.78000020980835,18.040000915527344,-0.13699999451637268,0.45100000500679016,0.02449999935925007
1787109141.338195,resting,fast,1787109113.923551,-5.760000228881836,-8.380000114440918,17.860000610351562,-0.10949999839067459,0.44749999046325684,0.01549999974668026
1787109141.349341,resting,fast,1787109113.923551,-5.760000228881836,-8.380000114440918,17.860000610351562,-0.10949999839067459,0.44749999046325684,0.01549999974668026
1787109141.3604372,resting,fast,1787109113.923551,-5.760000228881836,-8.380000114440918,17.860000610351562,-0.10949999839067459,0.44749999046325684,0.01549999974668026
1787109141.3712816,resting,fast,1787109113.923551,-5.760000228881836,-8.380000114440918,17.860000610351562,-0.10949999839067459,0.44749999046325684,0.01549999974668026
1787109141.3822324,resting,fast,1787109113.923551,-5.760000228881836,-8.380000114440918,17.860000610351562,-0.10949999839067459,0.44749999046325684,0.01549999974668026
1787109141.3929918,resting,fast,1787109113.923551,-5.760000228881836,-8.380000114440918,17.860000610351562,-0.10949999839067459,0.44749999046325684,0.01549999974668026
1787109141.4040444,resting,fast,1787109113.923551,-5.760000228881836,-8.380000114440918,17.860000610351562,-0.10949999839067459,0.44749999046325684,0.01549999974668026
1787109141.4161818,resting,fast,1787109113.923551,-5.760000228881836,-8.380000114440918,17.860000610351562,-0.10949999839067459,0.44749999046325684,0.01549999974668026
1787109141.4277189,resting,fast,1787109113.923551,-5.760000228881836,-8.380000114440918,17.860000610351562,-0.10949999839067459,0.44749999046325684,0.01549999974668026
1787109141.4387395,resting,fast,1787109113.923551,-5.760000228881836,-8.380000114440918,17.860000610351562,-0.10949999839067459,0.44749999046325684,0.01549999974668026
1787109141.4497564,resting,fast,1787109113.923551,-5.760000228881836,-8.380000114440918,17.860000610351562,-0.10949999839067459,0.44749999046325684,0.01549999974668026
1787109141.4607038,resting,fast,1787109113.923551,-5.760000228881836,-8.380000114440918,17.860000610351562,-0.10949999839067459,0.44749999046325684,0.01549999974668026
1787109141.471839,resting,fast,1787109113.923551,-5.760000228881836,-8.380000114440918,17.860000610351562,-0.10949999839067459,0.44749999046325684,0.01549999974668026
1787109141.4830353,resting,fast,1787109113.923551,-5.760000228881836,-8.380000114440918,17.860000610351562,-0.10949999839067459,0.44749999046325684,0.01549999974668026
1787109141.494245,resting,fast,1787109113.923551,-5.760000228881836,-8.380000114440918,17.860000610351562,-0.10949999839067459,0.44749999046325684,0.01549999974668026
1787109141.5053844,resting,fast,1787109113.923551,-5.760000228881836,-8.380000114440918,17.860000610351562,-0.10949999839067459,0.44749999046325684,0.01549999974668026
1787109141.5168939,resting,fast,1787109113.923551,-5.760000228881836,-8.380000114440918,17.860000610351562,-0.10949999839067459,0.44749999046325684,0.01549999974668026
1787109141.5283432,resting,fast,1787109113.923551,-5.760000228881836,-8.380000114440918,17.860000610351562,-0.10949999839067459,0.44749999046325684,0.01549999974668026
1787109141.539528,resting,fast,1787109113.923551,-6.059999942779541,-7.800000190734863,17.780000686645508,-0.11900000274181366,0.4505000114440918,0.006500000134110451
1787109141.5507588,resting,fast,1787109113.923551,-6.059999942779541,-7.800000190734863,17.780000686645508,-0.11900000274181366,0.4505000114440918,0.006500000134110451
1787109141.5617275,resting,fast,1787109113.923551,-6.059999942779541,-7.800000190734863,17.780000686645508,-0.11900000274181366,0.4505000114440918,0.006500000134110451
1787109141.5732868,resting,fast,1787109113.923551,-6.059999942779541,-7.800000190734863,17.780000686645508,-0.11900000274181366,0.4505000114440918,0.006500000134110451
1787109141.584524,resting,fast,1787109113.923551,-6.059999942779541,-7.800000190734863,17.780000686645508,-0.11900000274181366,0.4505000114440918,0.006500000134110451
1787109141.5998993,resting,fast,1787109113.923551,-6.059999942779541,-7.800000190734863,17.780000686645508,-0.11900000274181366,0.4505000114440918,0.006500000134110451
1787109141.6111042,resting,fast,1787109113.923551,-6.059999942779541,-7.800000190734863,17.780000686645508,-0.11900000274181366,0.4505000114440918,0.006500000134110451
1787109141.6244519,resting,fast,1787109113.923551,-6.059999942779541,-7.800000190734863,17.780000686645508,-0.11900000274181366,0.4505000114440918,0.006500000134110451
1787109141.6357117,resting,fast,1787109113.923551,-6.059999942779541,-7.800000190734863,17.780000686645508,-0.11900000274181366,0.4505000114440918,0.006500000134110451
1787109141.6474092,resting,fast,1787109113.923551,-6.059999942779541,-7.800000190734863,17.780000686645508,-0.11900000274181366,0.4505000114440918,0.006500000134110451
1787109141.6585548,resting,fast,1787109113.923551,-6.059999942779541,-7.800000190734863,17.780000686645508,-0.11900000274181366,0.4505000114440918,0.006500000134110451
1787109141.6695907,resting,fast,1787109113.923551,-6.059999942779541,-7.800000190734863,17.780000686645508,-0.11900000274181366,0.4505000114440918,0.006500000134110451
1787109141.6805286,resting,fast,1787109113.923551,-6.059999942779541,-7.800000190734863,17.780000686645508,-0.11900000274181366,0.4505000114440918,0.006500000134110451
1787109141.6919763,resting,fast,1787109113.923551,-6.059999942779541,-7.800000190734863,17.780000686645508,-0.11900000274181366,0.4505000114440918,0.006500000134110451
1787109141.7031333,resting,fast,1787109113.923551,-6.059999942779541,-7.800000190734863,17.780000686645508,-0.11900000274181366,0.4505000114440918,0.006500000134110451
1787109141.714423,resting,fast,1787109113.923551,-6.059999942779541,-7.800000190734863,17.780000686645508,-0.11900000274181366,0.4505000114440918,0.006500000134110451
1787109141.7257886,resting,fast,1787109113.923551,-6.059999942779541,-7.800000190734863,17.780000686645508,-0.11900000274181366,0.4505000114440918,0.006500000134110451
1787109141.7368624,resting,fast,1787109113.923551,-5.920000076293945,-7.699999809265137,17.6200008392334,-0.12700000405311584,0.43950000405311584,-0.011500000022351742
1787109141.747891,resting,fast,1787109113.923551,-5.920000076293945,-7.699999809265137,17.6200008392334,-0.12700000405311584,0.43950000405311584,-0.011500000022351742
1787109141.759372,resting,fast,1787109113.923551,-5.920000076293945,-7.699999809265137,17.6200008392334,-0.12700000405311584,0.43950000405311584,-0.011500000022351742
1787109141.7705245,resting,fast,1787109113.923551,-5.920000076293945,-7.699999809265137,17.6200008392334,-0.12700000405311584,0.43950000405311584,-0.011500000022351742
1787109141.781653,resting,fast,1787109113.923551,-5.920000076293945,-7.699999809265137,17.6200008392334,-0.12700000405311584,0.43950000405311584,-0.011500000022351742
1787109141.79272,resting,fast,1787109113.923551,-5.920000076293945,-7.699999809265137,17.6200008392334,-0.12700000405311584,0.43950000405311584,-0.011500000022351742
1787109141.8036585,resting,fast,1787109113.923551,-5.920000076293945,-7.699999809265137,17.6200008392334,-0.12700000405311584,0.43950000405311584,-0.011500000022351742
1787109141.8147008,resting,fast,1787109113.923551,-5.920000076293945,-7.699999809265137,17.6200008392334,-0.12700000405311584,0.43950000405311584,-0.011500000022351742
1787109141.8257203,resting,fast,1787109113.923551,-5.920000076293945,-7.699999809265137,17.6200008392334,-0.12700000405311584,0.43950000405311584,-0.011500000022351742
1787109141.8367748,resting,fast,1787109113.923551,-5.920000076293945,-7.699999809265137,17.6200008392334,-0.12700000405311584,0.43950000405311584,-0.011500000022351742
1787109141.8479025,resting,fast,1787109113.923551,-5.920000076293945,-7.699999809265137,17.6200008392334,-0.12700000405311584,0.43950000405311584,-0.011500000022351742
1787109141.8590522,resting,fast,1787109113.923551,-5.920000076293945,-7.699999809265137,17.6200008392334,-0.12700000405311584,0.43950000405311584,-0.011500000022351742
1787109141.8701286,resting,fast,1787109113.923551,-5.920000076293945,-7.699999809265137,17.6200008392334,-0.12700000405311584,0.43950000405311584,-0.011500000022351742
1787109141.8812628,resting,fast,1787109113.923551,-5.920000076293945,-7.699999809265137,17.6200008392334,-0.12700000405311584,0.43950000405311584,-0.011500000022351742
1787109141.8925831,resting,fast,1787109113.923551,-5.920000076293945,-7.699999809265137,17.6200008392334,-0.12700000405311584,0.43950000405311584,-0.011500000022351742
1787109141.9037137,resting,fast,1787109113.923551,-5.920000076293945,-7.699999809265137,17.6200008392334,-0.12700000405311584,0.43950000405311584,-0.011500000022351742
1787109141.914767,resting,fast,1787109113.923551,-5.920000076293945,-7.699999809265137,17.6200008392334,-0.12700000405311584,0.43950000405311584,-0.011500000022351742
1787109141.9260273,resting,fast,1787109113.923551,-5.920000076293945,-7.699999809265137,17.6200008392334,-0.12700000405311584,0.43950000405311584,-0.011500000022351742
1787109141.9373972,resting,fast,1787109113.923551,-5.960000038146973,-7.480000019073486,18.440000534057617,-0.11400000005960464,0.45649999380111694,-0.0005000000237487257
1787109141.948584,resting,fast,1787109113.923551,-5.960000038146973,-7.480000019073486,18.440000534057617,-0.11400000005960464,0.45649999380111694,-0.0005000000237487257
1787109141.9594812,resting,fast,1787109113.923551,-5.960000038146973,-7.480000019073486,18.440000534057617,-0.11400000005960464,0.45649999380111694,-0.0005000000237487257
1787109141.9706562,resting,fast,1787109113.923551,-5.960000038146973,-7.480000019073486,18.440000534057617,-0.11400000005960464,0.45649999380111694,-0.0005000000237487257
1787109141.9818838,resting,fast,1787109113.923551,-5.960000038146973,-7.480000019073486,18.440000534057617,-0.11400000005960464,0.45649999380111694,-0.0005000000237487257
1787109141.9929283,resting,fast,1787109113.923551,-5.960000038146973,-7.480000019073486,18.440000534057617,-0.11400000005960464,0.45649999380111694,-0.0005000000237487257
1787109142.0040112,resting,fast,1787109113.923551,-5.960000038146973,-7.480000019073486,18.440000534057617,-0.11400000005960464,0.45649999380111694,-0.0005000000237487257
1787109142.0150716,resting,fast,1787109113.923551,-5.960000038146973,-7.480000019073486,18.440000534057617,-0.11400000005960464,0.45649999380111694,-0.0005000000237487257
1787109142.025987,resting,fast,1787109113.923551,-5.960000038146973,-7.480000019073486,18.440000534057617,-0.11400000005960464,0.45649999380111694,-0.0005000000237487257
1787109142.037297,resting,fast,1787109113.923551,-5.960000038146973,-7.480000019073486,18.440000534057617,-0.11400000005960464,0.45649999380111694,-0.0005000000237487257
1787109142.0485196,resting,fast,1787109113.923551,-5.960000038146973,-7.480000019073486,18.440000534057617,-0.11400000005960464,0.45649999380111694,-0.0005000000237487257
1787109142.0596542,resting,fast,1787109113.923551,-5.960000038146973,-7.480000019073486,18.440000534057617,-0.11400000005960464,0.45649999380111694,-0.0005000000237487257
1787109142.070698,resting,fast,1787109113.923551,-5.960000038146973,-7.480000019073486,18.440000534057617,-0.11400000005960464,0.45649999380111694,-0.0005000000237487257
1787109142.0818455,resting,fast,1787109113.923551,-5.960000038146973,-7.480000019073486,18.440000534057617,-0.11400000005960464,0.45649999380111694,-0.0005000000237487257
1787109142.0933354,resting,fast,1787109113.923551,-5.960000038146973,-7.480000019073486,18.440000534057617,-0.11400000005960464,0.45649999380111694,-0.0005000000237487257
1787109142.1047156,resting,fast,1787109113.923551,-5.960000038146973,-7.480000019073486,18.440000534057617,-0.11400000005960464,0.45649999380111694,-0.0005000000237487257
1787109142.1159189,resting,fast,1787109113.923551,-5.960000038146973,-7.480000019073486,18.440000534057617,-0.11400000005960464,0.45649999380111694,-0.0005000000237487257
1787109142.1266174,resting,fast,1787109113.923551,-5.960000038146973,-7.480000019073486,18.440000534057617,-0.11400000005960464,0.45649999380111694,-0.0005000000237487257
1787109142.1374617,resting,fast,1787109113.923551,-5.579999923706055,-7.880000114440918,17.959999084472656,-0.12600000202655792,0.44749999046325684,0.00800000037997961
1787109142.1482053,resting,fast,1787109113.923551,-5.579999923706055,-7.880000114440918,17.959999084472656,-0.12600000202655792,0.44749999046325684,0.00800000037997961
1787109142.159021,resting,fast,1787109113.923551,-5.579999923706055,-7.880000114440918,17.959999084472656,-0.12600000202655792,0.44749999046325684,0.00800000037997961
1787109142.1697853,resting,fast,1787109113.923551,-5.579999923706055,-7.880000114440918,17.959999084472656,-0.12600000202655792,0.44749999046325684,0.00800000037997961
1787109142.180549,resting,fast,1787109113.923551,-5.579999923706055,-7.880000114440918,17.959999084472656,-0.12600000202655792,0.44749999046325684,0.00800000037997961
1787109142.1913204,resting,fast,1787109113.923551,-5.579999923706055,-7.880000114440918,17.959999084472656,-0.12600000202655792,0.44749999046325684,0.00800000037997961
1787109142.2022188,resting,fast,1787109113.923551,-5.579999923706055,-7.880000114440918,17.959999084472656,-0.12600000202655792,0.44749999046325684,0.00800000037997961
1787109142.2129645,resting,fast,1787109113.923551,-5.579999923706055,-7.880000114440918,17.959999084472656,-0.12600000202655792,0.44749999046325684,0.00800000037997961
1787109142.2236853,resting,fast,1787109113.923551,-5.579999923706055,-7.880000114440918,17.959999084472656,-0.12600000202655792,0.44749999046325684,0.00800000037997961
1787109142.2343228,resting,fast,1787109113.923551,-5.579999923706055,-7.880000114440918,17.959999084472656,-0.12600000202655792,0.44749999046325684,0.00800000037997961
1787109142.2451544,resting,fast,1787109113.923551,-5.579999923706055,-7.880000114440918,17.959999084472656,-0.12600000202655792,0.44749999046325684,0.00800000037997961
1787109142.2559345,resting,fast,1787109113.923551,-5.579999923706055,-7.880000114440918,17.959999084472656,-0.12600000202655792,0.44749999046325684,0.00800000037997961
1787109142.2666788,resting,fast,1787109113.923551,-5.579999923706055,-7.880000114440918,17.959999084472656,-0.12600000202655792,0.44749999046325684,0.00800000037997961
1787109142.2776027,resting,fast,1787109113.923551,-5.579999923706055,-7.880000114440918,17.959999084472656,-0.12600000202655792,0.44749999046325684,0.00800000037997961
1787109142.2883632,resting,fast,1787109113.923551,-5.579999923706055,-7.880000114440918,17.959999084472656,-0.12600000202655792,0.44749999046325684,0.00800000037997961
1787109142.299266,resting,fast,1787109113.923551,-5.579999923706055,-7.880000114440918,17.959999084472656,-0.12600000202655792,0.44749999046325684,0.00800000037997961
1787109142.3098214,resting,fast,1787109113.923551,-5.579999923706055,-7.880000114440918,17.959999084472656,-0.12600000202655792,0.44749999046325684,0.00800000037997961
1787109142.3203385,resting,fast,1787109113.923551,-5.579999923706055,-7.880000114440918,17.959999084472656,-0.12600000202655792,0.44749999046325684,0.00800000037997961
1787109142.3308516,resting,fast,1787109113.923551,-6.239999771118164,-8.65999984741211,18.700000762939453,-0.1550000011920929,0.47600001096725464,0.009499999694526196
1787109142.3423486,resting,fast,1787109113.923551,-6.239999771118164,-8.65999984741211,18.700000762939453,-0.1550000011920929,0.47600001096725464,0.009499999694526196
1787109142.3531342,resting,fast,1787109113.923551,-6.239999771118164,-8.65999984741211,18.700000762939453,-0.1550000011920929,0.47600001096725464,0.009499999694526196
1787109142.3636723,resting,fast,1787109113.923551,-6.239999771118164,-8.65999984741211,18.700000762939453,-0.1550000011920929,0.47600001096725464,0.009499999694526196
1787109142.3758955,resting,fast,1787109113.923551,-6.239999771118164,-8.65999984741211,18.700000762939453,-0.1550000011920929,0.47600001096725464,0.009499999694526196
1787109142.386445,resting,fast,1787109113.923551,-6.239999771118164,-8.65999984741211,18.700000762939453,-0.1550000011920929,0.47600001096725464,0.009499999694526196
1787109142.3969545,resting,fast,1787109113.923551,-6.239999771118164,-8.65999984741211,18.700000762939453,-0.1550000011920929,0.47600001096725464,0.009499999694526196
1787109142.4099126,resting,fast,1787109113.923551,-6.239999771118164,-8.65999984741211,18.700000762939453,-0.1550000011920929,0.47600001096725464,0.009499999694526196
1787109142.4206078,resting,fast,1787109113.923551,-6.239999771118164,-8.65999984741211,18.700000762939453,-0.1550000011920929,0.47600001096725464,0.009499999694526196
1787109142.4312277,resting,fast,1787109113.923551,-6.239999771118164,-8.65999984741211,18.700000762939453,-0.1550000011920929,0.47600001096725464,0.009499999694526196
1787109142.442706,resting,fast,1787109113.923551,-6.239999771118164,-8.65999984741211,18.700000762939453,-0.1550000011920929,0.47600001096725464,0.009499999694526196
1787109142.453564,resting,fast,1787109113.923551,-6.239999771118164,-8.65999984741211,18.700000762939453,-0.1550000011920929,0.47600001096725464,0.009499999694526196
1787109142.4644387,resting,fast,1787109113.923551,-6.239999771118164,-8.65999984741211,18.700000762939453,-0.1550000011920929,0.47600001096725464,0.009499999694526196
1787109142.475304,resting,fast,1787109113.923551,-6.239999771118164,-8.65999984741211,18.700000762939453,-0.1550000011920929,0.47600001096725464,0.009499999694526196
1787109142.4863122,resting,fast,1787109113.923551,-6.239999771118164,-8.65999984741211,18.700000762939453,-0.1550000011920929,0.47600001096725464,0.009499999694526196
1787109142.4970307,resting,fast,1787109113.923551,-6.239999771118164,-8.65999984741211,18.700000762939453,-0.1550000011920929,0.47600001096725464,0.009499999694526196
1787109142.5086744,resting,fast,1787109113.923551,-6.239999771118164,-8.65999984741211,18.700000762939453,-0.1550000011920929,0.47600001096725464,0.009499999694526196
1787109142.5195205,resting,fast,1787109113.923551,-6.239999771118164,-8.65999984741211,18.700000762939453,-0.1550000011920929,0.47600001096725464,0.009499999694526196
1787109142.530293,resting,fast,1787109113.923551,-5.940000057220459,-7.900000095367432,18.040000915527344,-0.125,0.45750001072883606,0.001500000013038516
1787109142.5413847,resting,fast,1787109113.923551,-5.940000057220459,-7.900000095367432,18.040000915527344,-0.125,0.45750001072883606,0.001500000013038516
1787109142.5523765,resting,fast,1787109113.923551,-5.940000057220459,-7.900000095367432,18.040000915527344,-0.125,0.45750001072883606,0.001500000013038516
1787109142.5631433,resting,fast,1787109113.923551,-5.940000057220459,-7.900000095367432,18.040000915527344,-0.125,0.45750001072883606,0.001500000013038516
1787109142.575291,resting,fast,1787109113.923551,-5.940000057220459,-7.900000095367432,18.040000915527344,-0.125,0.45750001072883606,0.001500000013038516
1787109142.5863543,resting,fast,1787109113.923551,-5.940000057220459,-7.900000095367432,18.040000915527344,-0.125,0.45750001072883606,0.001500000013038516
1787109142.597374,resting,fast,1787109113.923551,-5.940000057220459,-7.900000095367432,18.040000915527344,-0.125,0.45750001072883606,0.001500000013038516
1787109142.6084325,resting,fast,1787109113.923551,-5.940000057220459,-7.900000095367432,18.040000915527344,-0.125,0.45750001072883606,0.001500000013038516
1787109142.6194463,resting,fast,1787109113.923551,-5.940000057220459,-7.900000095367432,18.040000915527344,-0.125,0.45750001072883606,0.001500000013038516
1787109142.6306875,resting,fast,1787109113.923551,-5.940000057220459,-7.900000095367432,18.040000915527344,-0.125,0.45750001072883606,0.001500000013038516
1787109142.6416209,resting,fast,1787109113.923551,-5.940000057220459,-7.900000095367432,18.040000915527344,-0.125,0.45750001072883606,0.001500000013038516
1787109142.6525874,resting,fast,1787109113.923551,-5.940000057220459,-7.900000095367432,18.040000915527344,-0.125,0.45750001072883606,0.001500000013038516
1787109142.6638985,resting,fast,1787109113.923551,-5.940000057220459,-7.900000095367432,18.040000915527344,-0.125,0.45750001072883606,0.001500000013038516
1787109142.6751666,resting,fast,1787109113.923551,-5.940000057220459,-7.900000095367432,18.040000915527344,-0.125,0.45750001072883606,0.001500000013038516
1787109142.6861172,resting,fast,1787109113.923551,-5.940000057220459,-7.900000095367432,18.040000915527344,-0.125,0.45750001072883606,0.001500000013038516
1787109142.6971538,resting,fast,1787109113.923551,-5.940000057220459,-7.900000095367432,18.040000915527344,-0.125,0.45750001072883606,0.001500000013038516
1787109142.7080858,resting,fast,1787109113.923551,-5.940000057220459,-7.900000095367432,18.040000915527344,-0.125,0.45750001072883606,0.001500000013038516
1787109142.7190287,resting,fast,1787109113.923551,-5.940000057220459,-7.900000095367432,18.040000915527344,-0.125,0.45750001072883606,0.001500000013038516
1787109142.730119,resting,fast,1787109113.923551,-5.619999885559082,-7.579999923706055,18.719999313354492,-0.1340000033378601,0.4650000035762787,0.007499999832361937
1787109142.7413473,resting,fast,1787109113.923551,-5.619999885559082,-7.579999923706055,18.719999313354492,-0.1340000033378601,0.4650000035762787,0.007499999832361937
1787109142.752413,resting,fast,1787109113.923551,-5.619999885559082,-7.579999923706055,18.719999313354492,-0.1340000033378601,0.4650000035762787,0.007499999832361937
1787109142.7635424,resting,fast,1787109113.923551,-5.619999885559082,-7.579999923706055,18.719999313354492,-0.1340000033378601,0.4650000035762787,0.007499999832361937
1787109142.7747495,resting,fast,1787109113.923551,-5.619999885559082,-7.579999923706055,18.719999313354492,-0.1340000033378601,0.4650000035762787,0.007499999832361937
1787109142.7859251,resting,fast,1787109113.923551,-5.619999885559082,-7.579999923706055,18.719999313354492,-0.1340000033378601,0.4650000035762787,0.007499999832361937
1787109142.7970219,resting,fast,1787109113.923551,-5.619999885559082,-7.579999923706055,18.719999313354492,-0.1340000033378601,0.4650000035762787,0.007499999832361937
1787109142.8083513,resting,fast,1787109113.923551,-5.619999885559082,-7.579999923706055,18.719999313354492,-0.1340000033378601,0.4650000035762787,0.007499999832361937
1787109142.8195283,resting,fast,1787109113.923551,-5.619999885559082,-7.579999923706055,18.719999313354492,-0.1340000033378601,0.4650000035762787,0.007499999832361937
1787109142.8311174,resting,fast,1787109113.923551,-5.619999885559082,-7.579999923706055,18.719999313354492,-0.1340000033378601,0.4650000035762787,0.007499999832361937
1787109142.8421865,resting,fast,1787109113.923551,-5.619999885559082,-7.579999923706055,18.719999313354492,-0.1340000033378601,0.4650000035762787,0.007499999832361937
1787109142.853268,resting,fast,1787109113.923551,-5.619999885559082,-7.579999923706055,18.719999313354492,-0.1340000033378601,0.4650000035762787,0.007499999832361937
1787109142.864419,resting,fast,1787109113.923551,-5.619999885559082,-7.579999923706055,18.719999313354492,-0.1340000033378601,0.4650000035762787,0.007499999832361937
1787109142.875508,resting,fast,1787109113.923551,-5.619999885559082,-7.579999923706055,18.719999313354492,-0.1340000033378601,0.4650000035762787,0.007499999832361937
1787109142.886688,resting,fast,1787109113.923551,-5.619999885559082,-7.579999923706055,18.719999313354492,-0.1340000033378601,0.4650000035762787,0.007499999832361937
1787109142.8978322,resting,fast,1787109113.923551,-5.619999885559082,-7.579999923706055,18.719999313354492,-0.1340000033378601,0.4650000035762787,0.007499999832361937
1787109142.9090347,resting,fast,1787109113.923551,-5.619999885559082,-7.579999923706055,18.719999313354492,-0.1340000033378601,0.4650000035762787,0.007499999832361937
1787109142.92017,resting,fast,1787109113.923551,-5.619999885559082,-7.579999923706055,18.719999313354492,-0.1340000033378601,0.4650000035762787,0.007499999832361937
1787109142.931348,resting,fast,1787109113.923551,-5.739999771118164,-9.0600004196167,17.100000381469727,-0.1469999998807907,0.4390000104904175,0.02199999988079071
1787109142.942285,resting,fast,1787109113.923551,-5.739999771118164,-9.0600004196167,17.100000381469727,-0.1469999998807907,0.4390000104904175,0.02199999988079071
1787109142.9533868,resting,fast,1787109113.923551,-5.739999771118164,-9.0600004196167,17.100000381469727,-0.1469999998807907,0.4390000104904175,0.02199999988079071
1787109142.9645927,resting,fast,1787109113.923551,-5.739999771118164,-9.0600004196167,17.100000381469727,-0.1469999998807907,0.4390000104904175,0.02199999988079071
1787109142.9757588,resting,fast,1787109113.923551,-5.739999771118164,-9.0600004196167,17.100000381469727,-0.1469999998807907,0.4390000104904175,0.02199999988079071
1787109142.9867465,resting,fast,1787109113.923551,-5.739999771118164,-9.0600004196167,17.100000381469727,-0.1469999998807907,0.4390000104904175,0.02199999988079071
1787109142.998132,resting,fast,1787109113.923551,-5.739999771118164,-9.0600004196167,17.100000381469727,-0.1469999998807907,0.4390000104904175,0.02199999988079071
1787109143.0092983,resting,fast,1787109113.923551,-5.739999771118164,-9.0600004196167,17.100000381469727,-0.1469999998807907,0.4390000104904175,0.02199999988079071
1787109143.020403,resting,fast,1787109113.923551,-5.739999771118164,-9.0600004196167,17.100000381469727,-0.1469999998807907,0.4390000104904175,0.02199999988079071
1787109143.0313458,resting,fast,1787109113.923551,-5.739999771118164,-9.0600004196167,17.100000381469727,-0.1469999998807907,0.4390000104904175,0.02199999988079071
1787109143.0425951,resting,fast,1787109113.923551,-5.739999771118164,-9.0600004196167,17.100000381469727,-0.1469999998807907,0.4390000104904175,0.02199999988079071
1787109143.0535686,resting,fast,1787109113.923551,-5.739999771118164,-9.0600004196167,17.100000381469727,-0.1469999998807907,0.4390000104904175,0.02199999988079071
1787109143.064487,resting,fast,1787109113.923551,-5.739999771118164,-9.0600004196167,17.100000381469727,-0.1469999998807907,0.4390000104904175,0.02199999988079071
1787109143.0756748,resting,fast,1787109113.923551,-5.739999771118164,-9.0600004196167,17.100000381469727,-0.1469999998807907,0.4390000104904175,0.02199999988079071
1787109143.0868382,resting,fast,1787109113.923551,-5.739999771118164,-9.0600004196167,17.100000381469727,-0.1469999998807907,0.4390000104904175,0.02199999988079071
1787109143.098115,resting,fast,1787109113.923551,-5.739999771118164,-9.0600004196167,17.100000381469727,-0.1469999998807907,0.4390000104904175,0.02199999988079071
1787109143.109142,resting,fast,1787109113.923551,-5.739999771118164,-9.0600004196167,17.100000381469727,-0.1469999998807907,0.4390000104904175,0.02199999988079071
1787109143.1203713,resting,fast,1787109113.923551,-5.739999771118164,-9.0600004196167,17.100000381469727,-0.1469999998807907,0.4390000104904175,0.02199999988079071
1787109143.131403,resting,fast,1787109113.923551,-6.679999828338623,-9.4399995803833,18.81999969482422,0.08449999988079071,0.28999999165534973,-0.013000000268220901
1787109143.142549,resting,fast,1787109113.923551,-6.679999828338623,-9.4399995803833,18.81999969482422,0.08449999988079071,0.28999999165534973,-0.013000000268220901
1787109143.1535208,resting,fast,1787109113.923551,-6.679999828338623,-9.4399995803833,18.81999969482422,0.08449999988079071,0.28999999165534973,-0.013000000268220901
1787109143.1648252,resting,fast,1787109113.923551,-6.679999828338623,-9.4399995803833,18.81999969482422,0.08449999988079071,0.28999999165534973,-0.013000000268220901
1787109143.1759086,resting,fast,1787109113.923551,-6.679999828338623,-9.4399995803833,18.81999969482422,0.08449999988079071,0.28999999165534973,-0.013000000268220901
1787109143.1870246,resting,fast,1787109113.923551,-6.679999828338623,-9.4399995803833,18.81999969482422,0.08449999988079071,0.28999999165534973,-0.013000000268220901
1787109143.1981323,resting,fast,1787109113.923551,-6.679999828338623,-9.4399995803833,18.81999969482422,0.08449999988079071,0.28999999165534973,-0.013000000268220901
1787109143.2090206,resting,fast,1787109113.923551,-6.679999828338623,-9.4399995803833,18.81999969482422,0.08449999988079071,0.28999999165534973,-0.013000000268220901
1787109143.2202036,resting,fast,1787109113.923551,-6.679999828338623,-9.4399995803833,18.81999969482422,0.08449999988079071,0.28999999165534973,-0.013000000268220901
1787109143.2314942,resting,fast,1787109113.923551,-6.679999828338623,-9.4399995803833,18.81999969482422,0.08449999988079071,0.28999999165534973,-0.013000000268220901
1787109143.2429993,resting,fast,1787109113.923551,-6.679999828338623,-9.4399995803833,18.81999969482422,0.08449999988079071,0.28999999165534973,-0.013000000268220901
1787109143.254085,resting,fast,1787109113.923551,-6.679999828338623,-9.4399995803833,18.81999969482422,0.08449999988079071,0.28999999165534973,-0.013000000268220901
1787109143.265001,resting,fast,1787109113.923551,-6.679999828338623,-9.4399995803833,18.81999969482422,0.08449999988079071,0.28999999165534973,-0.013000000268220901
1787109143.2763698,resting,fast,1787109113.923551,-6.679999828338623,-9.4399995803833,18.81999969482422,0.08449999988079071,0.28999999165534973,-0.013000000268220901
1787109143.2876742,resting,fast,1787109113.923551,-6.679999828338623,-9.4399995803833,18.81999969482422,0.08449999988079071,0.28999999165534973,-0.013000000268220901
1787109143.298634,resting,fast,1787109113.923551,-6.679999828338623,-9.4399995803833,18.81999969482422,0.08449999988079071,0.28999999165534973,-0.013000000268220901
1787109143.309768,resting,fast,1787109113.923551,-6.679999828338623,-9.4399995803833,18.81999969482422,0.08449999988079071,0.28999999165534973,-0.013000000268220901
1787109143.321158,resting,fast,1787109113.923551,-6.679999828338623,-9.4399995803833,18.81999969482422,0.08449999988079071,0.28999999165534973,-0.013000000268220901
1787109143.332556,resting,fast,1787109113.923551,-3.1600000858306885,-15.079999923706055,17.18000030517578,1.999500036239624,0.4090000092983246,-0.041999999433755875
1787109143.3440194,resting,fast,1787109113.923551,-3.1600000858306885,-15.079999923706055,17.18000030517578,1.999500036239624,0.4090000092983246,-0.041999999433755875
1787109143.35499,resting,fast,1787109113.923551,-3.1600000858306885,-15.079999923706055,17.18000030517578,1.999500036239624,0.4090000092983246,-0.041999999433755875
1787109143.366108,resting,fast,1787109113.923551,-3.1600000858306885,-15.079999923706055,17.18000030517578,1.999500036239624,0.4090000092983246,-0.041999999433755875
1787109143.3773634,resting,fast,1787109113.923551,-3.1600000858306885,-15.079999923706055,17.18000030517578,1.999500036239624,0.4090000092983246,-0.041999999433755875
1787109143.3887286,resting,fast,1787109113.923551,-3.1600000858306885,-15.079999923706055,17.18000030517578,1.999500036239624,0.4090000092983246,-0.041999999433755875
1787109143.3995643,resting,fast,1787109113.923551,-3.1600000858306885,-15.079999923706055,17.18000030517578,1.999500036239624,0.4090000092983246,-0.041999999433755875
1787109143.410377,resting,fast,1787109113.923551,-3.1600000858306885,-15.079999923706055,17.18000030517578,1.999500036239624,0.4090000092983246,-0.041999999433755875
1787109143.421162,resting,fast,1787109113.923551,-3.1600000858306885,-15.079999923706055,17.18000030517578,1.999500036239624,0.4090000092983246,-0.041999999433755875
1787109143.431908,resting,fast,1787109113.923551,-3.1600000858306885,-15.079999923706055,17.18000030517578,1.999500036239624,0.4090000092983246,-0.041999999433755875
1787109143.442596,resting,fast,1787109113.923551,-3.1600000858306885,-15.079999923706055,17.18000030517578,1.999500036239624,0.4090000092983246,-0.041999999433755875
1787109143.4534245,resting,fast,1787109113.923551,-3.1600000858306885,-15.079999923706055,17.18000030517578,1.999500036239624,0.4090000092983246,-0.041999999433755875
1787109143.4642563,resting,fast,1787109113.923551,-3.1600000858306885,-15.079999923706055,17.18000030517578,1.999500036239624,0.4090000092983246,-0.041999999433755875
1787109143.47513,resting,fast,1787109113.923551,-3.1600000858306885,-15.079999923706055,17.18000030517578,1.999500036239624,0.4090000092983246,-0.041999999433755875
1787109143.4858909,resting,fast,1787109113.923551,-3.1600000858306885,-15.079999923706055,17.18000030517578,1.999500036239624,0.4090000092983246,-0.041999999433755875
1787109143.4967155,resting,fast,1787109113.923551,-3.1600000858306885,-15.079999923706055,17.18000030517578,1.999500036239624,0.4090000092983246,-0.041999999433755875
1787109143.507426,resting,fast,1787109113.923551,-3.1600000858306885,-15.079999923706055,17.18000030517578,1.999500036239624,0.4090000092983246,-0.041999999433755875
1787109143.5183969,resting,fast,1787109113.923551,-3.1600000858306885,-15.079999923706055,17.18000030517578,1.999500036239624,0.4090000092983246,-0.041999999433755875
1787109143.5293446,resting,fast,1787109113.923551,-3.1600000858306885,-15.079999923706055,17.18000030517578,1.999500036239624,0.4090000092983246,-0.041999999433755875
1787109143.5402305,resting,fast,1787109113.923551,-0.23999999463558197,-24.559999465942383,14.119999885559082,4.559999942779541,0.5360000133514404,-0.05299999937415123
1787109143.551119,resting,fast,1787109113.923551,-0.23999999463558197,-24.559999465942383,14.119999885559082,4.559999942779541,0.5360000133514404,-0.05299999937415123
1787109143.5619812,resting,fast,1787109113.923551,-0.23999999463558197,-24.559999465942383,14.119999885559082,4.559999942779541,0.5360000133514404,-0.05299999937415123
1787109143.5726776,resting,fast,1787109113.923551,-0.23999999463558197,-24.559999465942383,14.119999885559082,4.559999942779541,0.5360000133514404,-0.05299999937415123
1787109143.5833964,resting,fast,1787109113.923551,-0.23999999463558197,-24.559999465942383,14.119999885559082,4.559999942779541,0.5360000133514404,-0.05299999937415123
1787109143.5941389,resting,fast,1787109113.923551,-0.23999999463558197,-24.559999465942383,14.119999885559082,4.559999942779541,0.5360000133514404,-0.05299999937415123
1787109143.6050124,resting,fast,1787109113.923551,-0.23999999463558197,-24.559999465942383,14.119999885559082,4.559999942779541,0.5360000133514404,-0.05299999937415123
1787109143.6157062,resting,fast,1787109113.923551,-0.23999999463558197,-24.559999465942383,14.119999885559082,4.559999942779541,0.5360000133514404,-0.05299999937415123
1787109143.6264832,resting,fast,1787109113.923551,-0.23999999463558197,-24.559999465942383,14.119999885559082,4.559999942779541,0.5360000133514404,-0.05299999937415123
1787109143.638023,resting,fast,1787109113.923551,-0.23999999463558197,-24.559999465942383,14.119999885559082,4.559999942779541,0.5360000133514404,-0.05299999937415123
1787109143.6490817,resting,fast,1787109113.923551,-0.23999999463558197,-24.559999465942383,14.119999885559082,4.559999942779541,0.5360000133514404,-0.05299999937415123
1787109143.660173,resting,fast,1787109113.923551,-0.23999999463558197,-24.559999465942383,14.119999885559082,4.559999942779541,0.5360000133514404,-0.05299999937415123
1787109143.671305,resting,fast,1787109113.923551,-0.23999999463558197,-24.559999465942383,14.119999885559082,4.559999942779541,0.5360000133514404,-0.05299999937415123
1787109143.6824486,resting,fast,1787109113.923551,-0.23999999463558197,-24.559999465942383,14.119999885559082,4.559999942779541,0.5360000133514404,-0.05299999937415123
1787109143.6935885,resting,fast,1787109113.923551,-0.23999999463558197,-24.559999465942383,14.119999885559082,4.559999942779541,0.5360000133514404,-0.05299999937415123
1787109143.7044973,resting,fast,1787109113.923551,-0.23999999463558197,-24.559999465942383,14.119999885559082,4.559999942779541,0.5360000133514404,-0.05299999937415123
1787109143.715295,resting,fast,1787109113.923551,-0.23999999463558197,-24.559999465942383,14.119999885559082,4.559999942779541,0.5360000133514404,-0.05299999937415123
1787109143.726328,resting,fast,1787109113.923551,-0.23999999463558197,-24.559999465942383,14.119999885559082,4.559999942779541,0.5360000133514404,-0.05299999937415123
1787109143.7375045,resting,fast,1787109113.923551,1.940000057220459,-29.979999542236328,11.520000457763672,6.102499961853027,0.34950000047683716,-0.05900000035762787
1787109143.7484286,resting,fast,1787109113.923551,1.940000057220459,-29.979999542236328,11.520000457763672,6.102499961853027,0.34950000047683716,-0.05900000035762787
1787109143.7594798,resting,fast,1787109113.923551,1.940000057220459,-29.979999542236328,11.520000457763672,6.102499961853027,0.34950000047683716,-0.05900000035762787
1787109143.7706525,resting,fast,1787109113.923551,1.940000057220459,-29.979999542236328,11.520000457763672,6.102499961853027,0.34950000047683716,-0.05900000035762787
1787109143.7820008,resting,fast,1787109113.923551,1.940000057220459,-29.979999542236328,11.520000457763672,6.102499961853027,0.34950000047683716,-0.05900000035762787
1787109143.7929802,resting,fast,1787109113.923551,1.940000057220459,-29.979999542236328,11.520000457763672,6.102499961853027,0.34950000047683716,-0.05900000035762787
1787109143.8039644,resting,fast,1787109113.923551,1.940000057220459,-29.979999542236328,11.520000457763672,6.102499961853027,0.34950000047683716,-0.05900000035762787
1787109143.8150153,resting,fast,1787109113.923551,1.940000057220459,-29.979999542236328,11.520000457763672,6.102499961853027,0.34950000047683716,-0.05900000035762787
1787109143.826152,resting,fast,1787109113.923551,1.940000057220459,-29.979999542236328,11.520000457763672,6.102499961853027,0.34950000047683716,-0.05900000035762787
1787109143.837258,resting,fast,1787109113.923551,1.940000057220459,-29.979999542236328,11.520000457763672,6.102499961853027,0.34950000047683716,-0.05900000035762787
1787109143.8485887,resting,fast,1787109113.923551,1.940000057220459,-29.979999542236328,11.520000457763672,6.102499961853027,0.34950000047683716,-0.05900000035762787
1787109143.8594778,resting,fast,1787109113.923551,1.940000057220459,-29.979999542236328,11.520000457763672,6.102499961853027,0.34950000047683716,-0.05900000035762787
1787109143.8706017,resting,fast,1787109113.923551,1.940000057220459,-29.979999542236328,11.520000457763672,6.102499961853027,0.34950000047683716,-0.05900000035762787
1787109143.8816874,resting,fast,1787109113.923551,1.940000057220459,-29.979999542236328,11.520000457763672,6.102499961853027,0.34950000047683716,-0.05900000035762787
1787109143.8927777,resting,fast,1787109113.923551,1.940000057220459,-29.979999542236328,11.520000457763672,6.102499961853027,0.34950000047683716,-0.05900000035762787
1787109143.9040077,resting,fast,1787109113.923551,1.940000057220459,-29.979999542236328,11.520000457763672,6.102499961853027,0.34950000047683716,-0.05900000035762787
1787109143.9151754,resting,fast,1787109113.923551,1.940000057220459,-29.979999542236328,11.520000457763672,6.102499961853027,0.34950000047683716,-0.05900000035762787
1787109143.9266365,resting,fast,1787109113.923551,1.940000057220459,-29.979999542236328,11.520000457763672,6.102499961853027,0.34950000047683716,-0.05900000035762787
1787109143.937772,resting,fast,1787109113.923551,5.920000076293945,-34.97999954223633,11.020000457763672,7.496500015258789,-0.12399999797344208,0.014000000432133675
1787109143.9490457,resting,fast,1787109113.923551,5.920000076293945,-34.97999954223633,11.020000457763672,7.496500015258789,-0.12399999797344208,0.014000000432133675
1787109143.9602041,resting,fast,1787109113.923551,5.920000076293945,-34.97999954223633,11.020000457763672,7.496500015258789,-0.12399999797344208,0.014000000432133675
1787109143.9713094,resting,fast,1787109113.923551,5.920000076293945,-34.97999954223633,11.020000457763672,7.496500015258789,-0.12399999797344208,0.014000000432133675
1787109143.9827416,resting,fast,1787109113.923551,5.920000076293945,-34.97999954223633,11.020000457763672,7.496500015258789,-0.12399999797344208,0.014000000432133675
1787109143.993911,resting,fast,1787109113.923551,5.920000076293945,-34.97999954223633,11.020000457763672,7.496500015258789,-0.12399999797344208,0.014000000432133675
1787109144.005005,resting,fast,1787109113.923551,5.920000076293945,-34.97999954223633,11.020000457763672,7.496500015258789,-0.12399999797344208,0.014000000432133675
1787109144.015998,resting,fast,1787109113.923551,5.920000076293945,-34.97999954223633,11.020000457763672,7.496500015258789,-0.12399999797344208,0.014000000432133675
1787109144.027022,resting,fast,1787109113.923551,5.920000076293945,-34.97999954223633,11.020000457763672,7.496500015258789,-0.12399999797344208,0.014000000432133675
1787109144.0382671,resting,fast,1787109113.923551,5.920000076293945,-34.97999954223633,11.020000457763672,7.496500015258789,-0.12399999797344208,0.014000000432133675
1787109144.0492744,resting,fast,1787109113.923551,5.920000076293945,-34.97999954223633,11.020000457763672,7.496500015258789,-0.12399999797344208,0.014000000432133675
1787109144.060324,resting,fast,1787109113.923551,5.920000076293945,-34.97999954223633,11.020000457763672,7.496500015258789,-0.12399999797344208,0.014000000432133675
1787109144.0713687,resting,fast,1787109113.923551,5.920000076293945,-34.97999954223633,11.020000457763672,7.496500015258789,-0.12399999797344208,0.014000000432133675
1787109144.082405,resting,fast,1787109113.923551,5.920000076293945,-34.97999954223633,11.020000457763672,7.496500015258789,-0.12399999797344208,0.014000000432133675
1787109144.0936263,resting,fast,1787109113.923551,5.920000076293945,-34.97999954223633,11.020000457763672,7.496500015258789,-0.12399999797344208,0.014000000432133675
1787109144.1046712,resting,fast,1787109113.923551,5.920000076293945,-34.97999954223633,11.020000457763672,7.496500015258789,-0.12399999797344208,0.014000000432133675
1787109144.1156127,resting,fast,1787109113.923551,5.920000076293945,-34.97999954223633,11.020000457763672,7.496500015258789,-0.12399999797344208,0.014000000432133675
1787109144.1268656,resting,fast,1787109113.923551,5.920000076293945,-34.97999954223633,11.020000457763672,7.496500015258789,-0.12399999797344208,0.014000000432133675
1787109144.1380193,resting,fast,1787109113.923551,7.119999885559082,-35.58000183105469,10.5600004196167,7.702499866485596,-0.20350000262260437,0.0005000000237487257
1787109144.149159,resting,fast,1787109113.923551,7.119999885559082,-35.58000183105469,10.5600004196167,7.702499866485596,-0.20350000262260437,0.0005000000237487257
1787109144.16067,resting,fast,1787109113.923551,7.119999885559082,-35.58000183105469,10.5600004196167,7.702499866485596,-0.20350000262260437,0.0005000000237487257
1787109144.171955,resting,fast,1787109113.923551,7.119999885559082,-35.58000183105469,10.5600004196167,7.702499866485596,-0.20350000262260437,0.0005000000237487257
1787109144.183353,resting,fast,1787109113.923551,7.119999885559082,-35.58000183105469,10.5600004196167,7.702499866485596,-0.20350000262260437,0.0005000000237487257
1787109144.194464,resting,fast,1787109113.923551,7.119999885559082,-35.58000183105469,10.5600004196167,7.702499866485596,-0.20350000262260437,0.0005000000237487257
1787109144.2056274,resting,fast,1787109113.923551,7.119999885559082,-35.58000183105469,10.5600004196167,7.702499866485596,-0.20350000262260437,0.0005000000237487257
1787109144.2167985,resting,fast,1787109113.923551,7.119999885559082,-35.58000183105469,10.5600004196167,7.702499866485596,-0.20350000262260437,0.0005000000237487257
1787109144.22801,resting,fast,1787109113.923551,7.119999885559082,-35.58000183105469,10.5600004196167,7.702499866485596,-0.20350000262260437,0.0005000000237487257
1787109144.2391396,resting,fast,1787109113.923551,7.119999885559082,-35.58000183105469,10.5600004196167,7.702499866485596,-0.20350000262260437,0.0005000000237487257
1787109144.2502224,resting,fast,1787109113.923551,7.119999885559082,-35.58000183105469,10.5600004196167,7.702499866485596,-0.20350000262260437,0.0005000000237487257
1787109144.2613618,resting,fast,1787109113.923551,7.119999885559082,-35.58000183105469,10.5600004196167,7.702499866485596,-0.20350000262260437,0.0005000000237487257
1787109144.2724817,resting,fast,1787109113.923551,7.119999885559082,-35.58000183105469,10.5600004196167,7.702499866485596,-0.20350000262260437,0.0005000000237487257
1787109144.2834973,resting,fast,1787109113.923551,7.119999885559082,-35.58000183105469,10.5600004196167,7.702499866485596,-0.20350000262260437,0.0005000000237487257
1787109144.2948613,resting,fast,1787109113.923551,7.119999885559082,-35.58000183105469,10.5600004196167,7.702499866485596,-0.20350000262260437,0.0005000000237487257
1787109144.305932,resting,fast,1787109113.923551,7.119999885559082,-35.58000183105469,10.5600004196167,7.702499866485596,-0.20350000262260437,0.0005000000237487257
1787109144.316899,resting,fast,1787109113.923551,7.119999885559082,-35.58000183105469,10.5600004196167,7.702499866485596,-0.20350000262260437,0.0005000000237487257
1787109144.328071,resting,fast,1787109113.923551,7.119999885559082,-35.58000183105469,10.5600004196167,7.702499866485596,-0.20350000262260437,0.0005000000237487257
1787109144.3393846,resting,fast,1787109113.923551,7.119999885559082,-35.58000183105469,10.5600004196167,7.702499866485596,-0.20350000262260437,0.0005000000237487257
1787109144.350684,resting,fast,1787109113.923551,7.119999885559082,-35.58000183105469,10.5600004196167,7.702499866485596,-0.20350000262260437,0.0005000000237487257
1787109144.3617656,resting,fast,1787109113.923551,7.119999885559082,-35.58000183105469,10.5600004196167,7.702499866485596,-0.20350000262260437,0.0005000000237487257
1787109144.372899,resting,fast,1787109113.923551,7.119999885559082,-35.58000183105469,10.5600004196167,7.702499866485596,-0.20350000262260437,0.0005000000237487257
1787109144.3840775,resting,fast,1787109113.923551,7.119999885559082,-35.58000183105469,10.5600004196167,7.702499866485596,-0.20350000262260437,0.0005000000237487257
1787109144.3953497,resting,fast,1787109113.923551,7.119999885559082,-35.58000183105469,10.5600004196167,7.702499866485596,-0.20350000262260437,0.0005000000237487257
1787109144.4064927,resting,fast,1787109113.923551,7.119999885559082,-35.58000183105469,10.5600004196167,7.702499866485596,-0.20350000262260437,0.0005000000237487257
1787109144.4175694,resting,fast,1787109113.923551,7.119999885559082,-35.58000183105469,10.5600004196167,7.702499866485596,-0.20350000262260437,0.0005000000237487257
1787109144.428797,resting,fast,1787109113.923551,7.119999885559082,-35.58000183105469,10.5600004196167,7.702499866485596,-0.20350000262260437,0.0005000000237487257
1787109144.4399533,resting,fast,1787109113.923551,7.119999885559082,-35.58000183105469,10.5600004196167,7.702499866485596,-0.20350000262260437,0.0005000000237487257
1787109144.4510775,resting,fast,1787109113.923551,7.119999885559082,-35.58000183105469,10.5600004196167,7.702499866485596,-0.20350000262260437,0.0005000000237487257
1787109144.4624407,resting,fast,1787109113.923551,7.119999885559082,-35.58000183105469,10.5600004196167,7.702499866485596,-0.20350000262260437,0.0005000000237487257
1787109144.4758968,resting,fast,1787109113.923551,7.119999885559082,-35.58000183105469,10.5600004196167,7.702499866485596,-0.20350000262260437,0.0005000000237487257
1787109144.486931,resting,fast,1787109113.923551,7.119999885559082,-35.58000183105469,10.5600004196167,7.702499866485596,-0.20350000262260437,0.0005000000237487257
1787109144.4981906,resting,fast,1787109113.923551,7.119999885559082,-35.58000183105469,10.5600004196167,7.702499866485596,-0.20350000262260437,0.0005000000237487257
1787109144.509586,resting,fast,1787109113.923551,7.119999885559082,-35.58000183105469,10.5600004196167,7.702499866485596,-0.20350000262260437,0.0005000000237487257
1787109144.520695,resting,fast,1787109113.923551,7.119999885559082,-35.58000183105469,10.5600004196167,7.702499866485596,-0.20350000262260437,0.0005000000237487257
1787109144.5318344,resting,fast,1787109113.923551,7.119999885559082,-35.58000183105469,10.5600004196167,7.702499866485596,-0.20350000262260437,0.0005000000237487257
1787109144.5425918,resting,fast,1787109113.923551,7.119999885559082,-35.58000183105469,10.5600004196167,7.702499866485596,-0.20350000262260437,0.0005000000237487257
1787109144.5534773,resting,fast,1787109113.923551,7.119999885559082,-35.58000183105469,10.5600004196167,7.702499866485596,-0.20350000262260437,0.0005000000237487257
1787109144.56449,resting,fast,1787109113.923551,7.119999885559082,-35.58000183105469,10.5600004196167,7.702499866485596,-0.20350000262260437,0.0005000000237487257
1787109144.575529,resting,fast,1787109113.923551,7.119999885559082,-35.58000183105469,10.5600004196167,7.702499866485596,-0.20350000262260437,0.0005000000237487257
1787109144.58648,resting,fast,1787109113.923551,7.119999885559082,-35.58000183105469,10.5600004196167,7.702499866485596,-0.20350000262260437,0.0005000000237487257
1787109144.5978081,resting,fast,1787109113.923551,7.119999885559082,-35.58000183105469,10.5600004196167,7.702499866485596,-0.20350000262260437,0.0005000000237487257
1787109144.6090834,resting,fast,1787109113.923551,7.119999885559082,-35.58000183105469,10.5600004196167,7.702499866485596,-0.20350000262260437,0.0005000000237487257
1787109144.6203883,resting,fast,1787109113.923551,7.119999885559082,-35.58000183105469,10.5600004196167,7.702499866485596,-0.20350000262260437,0.0005000000237487257
1787109144.6315017,resting,fast,1787109113.923551,7.119999885559082,-35.58000183105469,10.5600004196167,7.702499866485596,-0.20350000262260437,0.0005000000237487257
1787109144.6425061,resting,fast,1787109113.923551,7.119999885559082,-35.58000183105469,10.5600004196167,7.702499866485596,-0.20350000262260437,0.0005000000237487257
1787109144.6534514,resting,fast,1787109113.923551,7.119999885559082,-35.58000183105469,10.5600004196167,7.702499866485596,-0.20350000262260437,0.0005000000237487257
1787109144.6644948,resting,fast,1787109113.923551,7.119999885559082,-35.58000183105469,10.5600004196167,7.702499866485596,-0.20350000262260437,0.0005000000237487257
1787109144.6756608,resting,fast,1787109113.923551,7.119999885559082,-35.58000183105469,10.5600004196167,7.702499866485596,-0.20350000262260437,0.0005000000237487257
1787109144.6867478,resting,fast,1787109113.923551,7.119999885559082,-35.58000183105469,10.5600004196167,7.702499866485596,-0.20350000262260437,0.0005000000237487257
1787109144.6980193,resting,fast,1787109113.923551,7.119999885559082,-35.58000183105469,10.5600004196167,7.702499866485596,-0.20350000262260437,0.0005000000237487257
1787109144.7091527,resting,fast,1787109113.923551,7.119999885559082,-35.58000183105469,10.5600004196167,7.702499866485596,-0.20350000262260437,0.0005000000237487257
1787109144.7201898,resting,fast,1787109113.923551,7.119999885559082,-35.58000183105469,10.5600004196167,7.702499866485596,-0.20350000262260437,0.0005000000237487257
1787109144.7313159,resting,fast,1787109113.923551,7.119999885559082,-35.58000183105469,10.5600004196167,7.702499866485596,-0.20350000262260437,0.0005000000237487257
1787109144.742761,resting,fast,1787109113.923551,7.119999885559082,-35.58000183105469,10.5600004196167,7.702499866485596,-0.20350000262260437,0.0005000000237487257
1787109144.7536898,resting,fast,1787109113.923551,7.119999885559082,-35.58000183105469,10.5600004196167,7.702499866485596,-0.20350000262260437,0.0005000000237487257
1787109144.7648084,resting,fast,1787109113.923551,7.119999885559082,-35.58000183105469,10.5600004196167,7.702499866485596,-0.20350000262260437,0.0005000000237487257
1787109144.775802,resting,fast,1787109113.923551,7.119999885559082,-35.58000183105469,10.5600004196167,7.702499866485596,-0.20350000262260437,0.0005000000237487257
1787109144.7869413,resting,fast,1787109113.923551,7.119999885559082,-35.58000183105469,10.5600004196167,7.702499866485596,-0.20350000262260437,0.0005000000237487257
1787109144.7981474,resting,fast,1787109113.923551,7.119999885559082,-35.58000183105469,10.5600004196167,7.702499866485596,-0.20350000262260437,0.0005000000237487257
1787109144.80915,resting,fast,1787109113.923551,7.119999885559082,-35.58000183105469,10.5600004196167,7.702499866485596,-0.20350000262260437,0.0005000000237487257
1787109144.8202608,resting,fast,1787109113.923551,7.119999885559082,-35.58000183105469,10.5600004196167,7.702499866485596,-0.20350000262260437,0.0005000000237487257
1787109144.831378,resting,fast,1787109113.923551,7.119999885559082,-35.58000183105469,10.5600004196167,7.702499866485596,-0.20350000262260437,0.0005000000237487257
1787109144.8423636,resting,fast,1787109113.923551,7.119999885559082,-35.58000183105469,10.5600004196167,7.702499866485596,-0.20350000262260437,0.0005000000237487257
1787109144.85351,resting,fast,1787109113.923551,7.119999885559082,-35.58000183105469,10.5600004196167,7.702499866485596,-0.20350000262260437,0.0005000000237487257
1787109144.8646975,resting,fast,1787109113.923551,7.119999885559082,-35.58000183105469,10.5600004196167,7.702499866485596,-0.20350000262260437,0.0005000000237487257
1787109144.8757794,resting,fast,1787109113.923551,7.119999885559082,-35.58000183105469,10.5600004196167,7.702499866485596,-0.20350000262260437,0.0005000000237487257
1787109144.8867574,resting,fast,1787109113.923551,7.119999885559082,-35.58000183105469,10.5600004196167,7.702499866485596,-0.20350000262260437,0.0005000000237487257
1787109144.8980224,resting,fast,1787109113.923551,7.119999885559082,-35.58000183105469,10.5600004196167,7.702499866485596,-0.20350000262260437,0.0005000000237487257
1787109144.90907,resting,fast,1787109113.923551,7.119999885559082,-35.58000183105469,10.5600004196167,7.702499866485596,-0.20350000262260437,0.0005000000237487257
1787109144.9200165,resting,fast,1787109113.923551,7.119999885559082,-35.58000183105469,10.5600004196167,7.702499866485596,-0.20350000262260437,0.0005000000237487257
1787109144.9314666,resting,fast,1787109113.923551,7.119999885559082,-35.58000183105469,10.5600004196167,7.702499866485596,-0.20350000262260437,0.0005000000237487257
1787109144.9424524,resting,fast,1787109113.923551,7.119999885559082,-35.58000183105469,10.5600004196167,7.702499866485596,-0.20350000262260437,0.0005000000237487257
1787109144.9536836,resting,fast,1787109113.923551,7.119999885559082,-35.58000183105469,10.5600004196167,7.702499866485596,-0.20350000262260437,0.0005000000237487257
1787109144.964771,resting,fast,1787109113.923551,7.119999885559082,-35.58000183105469,10.5600004196167,7.702499866485596,-0.20350000262260437,0.0005000000237487257
1787109144.975799,resting,fast,1787109113.923551,7.119999885559082,-35.58000183105469,10.5600004196167,7.702499866485596,-0.20350000262260437,0.0005000000237487257
1787109144.9869137,resting,fast,1787109113.923551,7.119999885559082,-35.58000183105469,10.5600004196167,7.702499866485596,-0.20350000262260437,0.0005000000237487257
1787109144.9981847,resting,fast,1787109113.923551,7.119999885559082,-35.58000183105469,10.5600004196167,7.702499866485596,-0.20350000262260437,0.0005000000237487257
1787109145.0094228,resting,fast,1787109113.923551,7.119999885559082,-35.58000183105469,10.5600004196167,7.702499866485596,-0.20350000262260437,0.0005000000237487257
1787109145.0205903,resting,fast,1787109113.923551,7.119999885559082,-35.58000183105469,10.5600004196167,7.702499866485596,-0.20350000262260437,0.0005000000237487257
1787109145.0319357,resting,fast,1787109113.923551,7.119999885559082,-35.58000183105469,10.5600004196167,7.702499866485596,-0.20350000262260437,0.0005000000237487257
1787109145.0431404,resting,fast,1787109113.923551,7.119999885559082,-35.58000183105469,10.5600004196167,7.702499866485596,-0.20350000262260437,0.0005000000237487257
1787109145.0544684,resting,fast,1787109113.923551,7.119999885559082,-35.58000183105469,10.5600004196167,7.702499866485596,-0.20350000262260437,0.0005000000237487257
1787109145.0656645,resting,fast,1787109113.923551,7.119999885559082,-35.58000183105469,10.5600004196167,7.702499866485596,-0.20350000262260437,0.0005000000237487257
1787109145.0770164,resting,fast,1787109113.923551,7.119999885559082,-35.58000183105469,10.5600004196167,7.702499866485596,-0.20350000262260437,0.0005000000237487257
1787109145.0881562,resting,fast,1787109113.923551,7.119999885559082,-35.58000183105469,10.5600004196167,7.702499866485596,-0.20350000262260437,0.0005000000237487257
1787109145.0993693,resting,fast,1787109113.923551,7.119999885559082,-35.58000183105469,10.5600004196167,7.702499866485596,-0.20350000262260437,0.0005000000237487257
1787109145.110684,resting,fast,1787109113.923551,7.119999885559082,-35.58000183105469,10.5600004196167,7.702499866485596,-0.20350000262260437,0.0005000000237487257
1787109145.1221402,resting,fast,1787109113.923551,7.119999885559082,-35.58000183105469,10.5600004196167,7.702499866485596,-0.20350000262260437,0.0005000000237487257
1787109145.1330652,resting,fast,1787109113.923551,7.119999885559082,-35.58000183105469,10.5600004196167,7.702499866485596,-0.20350000262260437,0.0005000000237487257
1787109145.1439703,resting,fast,1787109113.923551,7.119999885559082,-35.58000183105469,10.5600004196167,7.702499866485596,-0.20350000262260437,0.0005000000237487257
1787109145.154884,resting,fast,1787109113.923551,7.119999885559082,-35.58000183105469,10.5600004196167,7.702499866485596,-0.20350000262260437,0.0005000000237487257
1787109145.165723,resting,fast,1787109113.923551,7.119999885559082,-35.58000183105469,10.5600004196167,7.702499866485596,-0.20350000262260437,0.0005000000237487257
1787109145.176581,resting,fast,1787109113.923551,7.119999885559082,-35.58000183105469,10.5600004196167,7.702499866485596,-0.20350000262260437,0.0005000000237487257
1787109145.187215,resting,fast,1787109113.923551,7.119999885559082,-35.58000183105469,10.5600004196167,7.702499866485596,-0.20350000262260437,0.0005000000237487257
1787109145.1981823,resting,fast,1787109113.923551,7.119999885559082,-35.58000183105469,10.5600004196167,7.702499866485596,-0.20350000262260437,0.0005000000237487257
1787109145.2092283,resting,fast,1787109113.923551,7.119999885559082,-35.58000183105469,10.5600004196167,7.702499866485596,-0.20350000262260437,0.0005000000237487257
1787109145.220159,resting,fast,1787109113.923551,7.119999885559082,-35.58000183105469,10.5600004196167,7.702499866485596,-0.20350000262260437,0.0005000000237487257
1787109145.2311556,resting,fast,1787109113.923551,7.119999885559082,-35.58000183105469,10.5600004196167,7.702499866485596,-0.20350000262260437,0.0005000000237487257
1787109145.2422705,resting,fast,1787109113.923551,7.119999885559082,-35.58000183105469,10.5600004196167,7.702499866485596,-0.20350000262260437,0.0005000000237487257
1787109145.2532487,resting,fast,1787109113.923551,7.119999885559082,-35.58000183105469,10.5600004196167,7.702499866485596,-0.20350000262260437,0.0005000000237487257
1787109145.2641492,resting,fast,1787109113.923551,7.119999885559082,-35.58000183105469,10.5600004196167,7.702499866485596,-0.20350000262260437,0.0005000000237487257
1787109145.2751143,resting,fast,1787109113.923551,7.119999885559082,-35.58000183105469,10.5600004196167,7.702499866485596,-0.20350000262260437,0.0005000000237487257
1787109145.2860577,resting,fast,1787109113.923551,7.119999885559082,-35.58000183105469,10.5600004196167,7.702499866485596,-0.20350000262260437,0.0005000000237487257
1787109145.2969835,resting,fast,1787109113.923551,7.119999885559082,-35.58000183105469,10.5600004196167,7.702499866485596,-0.20350000262260437,0.0005000000237487257
1787109145.3077931,resting,fast,1787109113.923551,7.119999885559082,-35.58000183105469,10.5600004196167,7.702499866485596,-0.20350000262260437,0.0005000000237487257
1787109145.3189251,resting,fast,1787109113.923551,7.119999885559082,-35.58000183105469,10.5600004196167,7.702499866485596,-0.20350000262260437,0.0005000000237487257
1787109145.3300488,resting,fast,1787109113.923551,7.119999885559082,-35.58000183105469,10.5600004196167,7.702499866485596,-0.20350000262260437,0.0005000000237487257
1787109145.3413763,resting,fast,1787109113.923551,7.119999885559082,-35.58000183105469,10.5600004196167,7.702499866485596,-0.20350000262260437,0.0005000000237487257
1787109145.3525465,resting,fast,1787109113.923551,7.119999885559082,-35.58000183105469,10.5600004196167,7.702499866485596,-0.20350000262260437,0.0005000000237487257
1787109145.363855,resting,fast,1787109113.923551,7.119999885559082,-35.58000183105469,10.5600004196167,7.702499866485596,-0.20350000262260437,0.0005000000237487257
1787109145.3750308,resting,fast,1787109113.923551,7.119999885559082,-35.58000183105469,10.5600004196167,7.702499866485596,-0.20350000262260437,0.0005000000237487257
1787109145.386126,resting,fast,1787109113.923551,7.119999885559082,-35.58000183105469,10.5600004196167,7.702499866485596,-0.20350000262260437,0.0005000000237487257
1787109145.397256,resting,fast,1787109113.923551,7.119999885559082,-35.58000183105469,10.5600004196167,7.702499866485596,-0.20350000262260437,0.0005000000237487257
1787109145.4083912,resting,fast,1787109113.923551,7.119999885559082,-35.58000183105469,10.5600004196167,7.702499866485596,-0.20350000262260437,0.0005000000237487257
1787109145.419227,resting,fast,1787109113.923551,7.119999885559082,-35.58000183105469,10.5600004196167,7.702499866485596,-0.20350000262260437,0.0005000000237487257
1787109145.430054,resting,fast,1787109113.923551,7.119999885559082,-35.58000183105469,10.5600004196167,7.702499866485596,-0.20350000262260437,0.0005000000237487257
1787109145.4407804,resting,fast,1787109113.923551,7.119999885559082,-35.58000183105469,10.5600004196167,7.702499866485596,-0.20350000262260437,0.0005000000237487257
1787109145.451565,resting,fast,1787109113.923551,7.119999885559082,-35.58000183105469,10.5600004196167,7.702499866485596,-0.20350000262260437,0.0005000000237487257
1787109145.462442,resting,fast,1787109113.923551,7.119999885559082,-35.58000183105469,10.5600004196167,7.702499866485596,-0.20350000262260437,0.0005000000237487257
1787109145.4737697,resting,fast,1787109113.923551,7.119999885559082,-35.58000183105469,10.5600004196167,7.702499866485596,-0.20350000262260437,0.0005000000237487257
1787109145.4849694,resting,fast,1787109113.923551,7.119999885559082,-35.58000183105469,10.5600004196167,7.702499866485596,-0.20350000262260437,0.0005000000237487257
1787109145.4961743,resting,fast,1787109113.923551,7.119999885559082,-35.58000183105469,10.5600004196167,7.702499866485596,-0.20350000262260437,0.0005000000237487257
1787109145.5072913,resting,fast,1787109113.923551,7.119999885559082,-35.58000183105469,10.5600004196167,7.702499866485596,-0.20350000262260437,0.0005000000237487257
1787109145.518442,resting,fast,1787109113.923551,7.119999885559082,-35.58000183105469,10.5600004196167,7.702499866485596,-0.20350000262260437,0.0005000000237487257
1787109145.529763,resting,fast,1787109113.923551,7.119999885559082,-35.58000183105469,10.5600004196167,7.702499866485596,-0.20350000262260437,0.0005000000237487257
1787109145.5410676,resting,fast,1787109113.923551,7.119999885559082,-35.58000183105469,10.5600004196167,7.702499866485596,-0.20350000262260437,0.0005000000237487257
1787109145.5522602,resting,fast,1787109113.923551,7.119999885559082,-35.58000183105469,10.5600004196167,7.702499866485596,-0.20350000262260437,0.0005000000237487257
1787109145.5632129,resting,fast,1787109113.923551,7.119999885559082,-35.58000183105469,10.5600004196167,7.702499866485596,-0.20350000262260437,0.0005000000237487257
1787109145.5743322,resting,fast,1787109113.923551,7.119999885559082,-35.58000183105469,10.5600004196167,7.702499866485596,-0.20350000262260437,0.0005000000237487257
1787109145.585637,resting,fast,1787109113.923551,7.119999885559082,-35.58000183105469,10.5600004196167,7.702499866485596,-0.20350000262260437,0.0005000000237487257
1787109145.5968049,resting,fast,1787109113.923551,7.119999885559082,-35.58000183105469,10.5600004196167,7.702499866485596,-0.20350000262260437,0.0005000000237487257
1787109145.6080725,resting,fast,1787109113.923551,7.119999885559082,-35.58000183105469,10.5600004196167,7.702499866485596,-0.20350000262260437,0.0005000000237487257
1787109145.6195068,resting,fast,1787109113.923551,7.119999885559082,-35.58000183105469,10.5600004196167,7.702499866485596,-0.20350000262260437,0.0005000000237487257
1787109145.63032,resting,fast,1787109113.923551,7.119999885559082,-35.58000183105469,10.5600004196167,7.702499866485596,-0.20350000262260437,0.0005000000237487257
1787109145.6414363,resting,fast,1787109113.923551,7.119999885559082,-35.58000183105469,10.5600004196167,7.702499866485596,-0.20350000262260437,0.0005000000237487257
1787109145.6527896,resting,fast,1787109113.923551,7.119999885559082,-35.58000183105469,10.5600004196167,7.702499866485596,-0.20350000262260437,0.0005000000237487257
1787109145.664022,resting,fast,1787109113.923551,7.119999885559082,-35.58000183105469,10.5600004196167,7.702499866485596,-0.20350000262260437,0.0005000000237487257
1787109145.6749852,resting,fast,1787109113.923551,7.119999885559082,-35.58000183105469,10.5600004196167,7.702499866485596,-0.20350000262260437,0.0005000000237487257
1787109145.6857882,resting,fast,1787109113.923551,7.119999885559082,-35.58000183105469,10.5600004196167,7.702499866485596,-0.20350000262260437,0.0005000000237487257
1787109145.6965923,resting,fast,1787109113.923551,7.119999885559082,-35.58000183105469,10.5600004196167,7.702499866485596,-0.20350000262260437,0.0005000000237487257
1787109145.7074175,resting,fast,1787109113.923551,7.119999885559082,-35.58000183105469,10.5600004196167,7.702499866485596,-0.20350000262260437,0.0005000000237487257
1787109145.7186913,resting,fast,1787109113.923551,7.119999885559082,-35.58000183105469,10.5600004196167,7.702499866485596,-0.20350000262260437,0.0005000000237487257
1787109145.7298431,resting,fast,1787109113.923551,7.119999885559082,-35.58000183105469,10.5600004196167,7.702499866485596,-0.20350000262260437,0.0005000000237487257
1787109145.7408879,resting,fast,1787109113.923551,7.119999885559082,-35.58000183105469,10.5600004196167,7.702499866485596,-0.20350000262260437,0.0005000000237487257
1787109145.7518377,resting,fast,1787109113.923551,7.119999885559082,-35.58000183105469,10.5600004196167,7.702499866485596,-0.20350000262260437,0.0005000000237487257
1787109145.7628999,resting,fast,1787109113.923551,7.119999885559082,-35.58000183105469,10.5600004196167,7.702499866485596,-0.20350000262260437,0.0005000000237487257
1787109145.7736676,resting,fast,1787109113.923551,7.119999885559082,-35.58000183105469,10.5600004196167,7.702499866485596,-0.20350000262260437,0.0005000000237487257
1787109145.784564,resting,fast,1787109113.923551,7.119999885559082,-35.58000183105469,10.5600004196167,7.702499866485596,-0.20350000262260437,0.0005000000237487257
1787109145.7953262,resting,fast,1787109113.923551,7.119999885559082,-35.58000183105469,10.5600004196167,7.702499866485596,-0.20350000262260437,0.0005000000237487257
1787109145.8062804,resting,fast,1787109113.923551,7.119999885559082,-35.58000183105469,10.5600004196167,7.702499866485596,-0.20350000262260437,0.0005000000237487257
1787109145.8173676,resting,fast,1787109113.923551,7.119999885559082,-35.58000183105469,10.5600004196167,7.702499866485596,-0.20350000262260437,0.0005000000237487257
1787109145.82846,resting,fast,1787109113.923551,7.119999885559082,-35.58000183105469,10.5600004196167,7.702499866485596,-0.20350000262260437,0.0005000000237487257
1787109145.839441,resting,fast,1787109113.923551,7.119999885559082,-35.58000183105469,10.5600004196167,7.702499866485596,-0.20350000262260437,0.0005000000237487257
1787109145.8504992,resting,fast,1787109113.923551,7.119999885559082,-35.58000183105469,10.5600004196167,7.702499866485596,-0.20350000262260437,0.0005000000237487257
1787109145.8614967,resting,fast,1787109113.923551,7.119999885559082,-35.58000183105469,10.5600004196167,7.702499866485596,-0.20350000262260437,0.0005000000237487257
1787109145.872527,resting,fast,1787109113.923551,7.119999885559082,-35.58000183105469,10.5600004196167,7.702499866485596,-0.20350000262260437,0.0005000000237487257
1787109145.8832526,resting,fast,1787109113.923551,7.119999885559082,-35.58000183105469,10.5600004196167,7.702499866485596,-0.20350000262260437,0.0005000000237487257
1787109145.8943605,resting,fast,1787109113.923551,7.119999885559082,-35.58000183105469,10.5600004196167,7.702499866485596,-0.20350000262260437,0.0005000000237487257
1787109145.9054697,resting,fast,1787109113.923551,7.119999885559082,-35.58000183105469,10.5600004196167,7.702499866485596,-0.20350000262260437,0.0005000000237487257
1787109145.9162138,resting,fast,1787109113.923551,7.119999885559082,-35.58000183105469,10.5600004196167,7.702499866485596,-0.20350000262260437,0.0005000000237487257
1787109145.92715,resting,fast,1787109113.923551,7.119999885559082,-35.58000183105469,10.5600004196167,7.702499866485596,-0.20350000262260437,0.0005000000237487257
1787109145.9381588,resting,fast,1787109113.923551,7.119999885559082,-35.58000183105469,10.5600004196167,7.702499866485596,-0.20350000262260437,0.0005000000237487257
1787109145.949204,resting,fast,1787109113.923551,7.119999885559082,-35.58000183105469,10.5600004196167,7.702499866485596,-0.20350000262260437,0.0005000000237487257
1787109145.960395,resting,fast,1787109113.923551,7.119999885559082,-35.58000183105469,10.5600004196167,7.702499866485596,-0.20350000262260437,0.0005000000237487257
1787109145.9713523,resting,fast,1787109113.923551,7.119999885559082,-35.58000183105469,10.5600004196167,7.702499866485596,-0.20350000262260437,0.0005000000237487257
1787109145.9823785,resting,fast,1787109113.923551,7.119999885559082,-35.58000183105469,10.5600004196167,7.702499866485596,-0.20350000262260437,0.0005000000237487257
1787109145.9935138,resting,fast,1787109113.923551,7.119999885559082,-35.58000183105469,10.5600004196167,7.702499866485596,-0.20350000262260437,0.0005000000237487257
1787109146.0046346,resting,fast,1787109113.923551,7.119999885559082,-35.58000183105469,10.5600004196167,7.702499866485596,-0.20350000262260437,0.0005000000237487257
1787109146.0154464,resting,fast,1787109113.923551,7.119999885559082,-35.58000183105469,10.5600004196167,7.702499866485596,-0.20350000262260437,0.0005000000237487257
1787109146.0264637,resting,fast,1787109113.923551,7.119999885559082,-35.58000183105469,10.5600004196167,7.702499866485596,-0.20350000262260437,0.0005000000237487257
1787109146.0374043,resting,fast,1787109113.923551,7.119999885559082,-35.58000183105469,10.5600004196167,7.702499866485596,-0.20350000262260437,0.0005000000237487257
1787109146.0484664,resting,fast,1787109113.923551,7.119999885559082,-35.58000183105469,10.5600004196167,7.702499866485596,-0.20350000262260437,0.0005000000237487257
1787109146.0596793,resting,fast,1787109113.923551,7.119999885559082,-35.58000183105469,10.5600004196167,7.702499866485596,-0.20350000262260437,0.0005000000237487257
1787109146.0705755,resting,fast,1787109113.923551,7.119999885559082,-35.58000183105469,10.5600004196167,7.702499866485596,-0.20350000262260437,0.0005000000237487257
1787109146.0816302,resting,fast,1787109113.923551,7.119999885559082,-35.58000183105469,10.5600004196167,7.702499866485596,-0.20350000262260437,0.0005000000237487257
1787109146.092583,resting,fast,1787109113.923551,7.119999885559082,-35.58000183105469,10.5600004196167,7.702499866485596,-0.20350000262260437,0.0005000000237487257
1787109146.1034553,resting,fast,1787109113.923551,7.119999885559082,-35.58000183105469,10.5600004196167,7.702499866485596,-0.20350000262260437,0.0005000000237487257
1787109146.1144145,resting,fast,1787109113.923551,7.119999885559082,-35.58000183105469,10.5600004196167,7.702499866485596,-0.20350000262260437,0.0005000000237487257
1787109146.1253827,resting,fast,1787109113.923551,7.119999885559082,-35.58000183105469,10.5600004196167,7.702499866485596,-0.20350000262260437,0.0005000000237487257
1787109146.136344,resting,fast,1787109113.923551,7.119999885559082,-35.58000183105469,10.5600004196167,7.702499866485596,-0.20350000262260437,0.0005000000237487257
1787109146.1476738,resting,fast,1787109113.923551,7.119999885559082,-35.58000183105469,10.5600004196167,7.702499866485596,-0.20350000262260437,0.0005000000237487257
1787109146.1584666,resting,fast,1787109113.923551,7.119999885559082,-35.58000183105469,10.5600004196167,7.702499866485596,-0.20350000262260437,0.0005000000237487257
1787109146.1692638,resting,fast,1787109113.923551,7.119999885559082,-35.58000183105469,10.5600004196167,7.702499866485596,-0.20350000262260437,0.0005000000237487257
1787109146.18014,resting,fast,1787109113.923551,7.119999885559082,-35.58000183105469,10.5600004196167,7.702499866485596,-0.20350000262260437,0.0005000000237487257
1787109146.1909506,resting,fast,1787109113.923551,7.119999885559082,-35.58000183105469,10.5600004196167,7.702499866485596,-0.20350000262260437,0.0005000000237487257
1787109146.2015352,resting,fast,1787109113.923551,7.119999885559082,-35.58000183105469,10.5600004196167,7.702499866485596,-0.20350000262260437,0.0005000000237487257
1787109146.2120495,resting,fast,1787109113.923551,7.119999885559082,-35.58000183105469,10.5600004196167,7.702499866485596,-0.20350000262260437,0.0005000000237487257
1787109146.2227187,resting,fast,1787109113.923551,7.119999885559082,-35.58000183105469,10.5600004196167,7.702499866485596,-0.20350000262260437,0.0005000000237487257
1787109146.2333612,resting,fast,1787109113.923551,7.119999885559082,-35.58000183105469,10.5600004196167,7.702499866485596,-0.20350000262260437,0.0005000000237487257
1787109146.2442985,resting,fast,1787109113.923551,7.119999885559082,-35.58000183105469,10.5600004196167,7.702499866485596,-0.20350000262260437,0.0005000000237487257
1787109146.2554116,resting,fast,1787109113.923551,7.119999885559082,-35.58000183105469,10.5600004196167,7.702499866485596,-0.20350000262260437,0.0005000000237487257
1787109146.266455,resting,fast,1787109113.923551,7.119999885559082,-35.58000183105469,10.5600004196167,7.702499866485596,-0.20350000262260437,0.0005000000237487257
1787109146.2774343,resting,fast,1787109113.923551,7.119999885559082,-35.58000183105469,10.5600004196167,7.702499866485596,-0.20350000262260437,0.0005000000237487257
1787109146.2885988,resting,fast,1787109113.923551,7.119999885559082,-35.58000183105469,10.5600004196167,7.702499866485596,-0.20350000262260437,0.0005000000237487257
1787109146.2994654,resting,fast,1787109113.923551,7.119999885559082,-35.58000183105469,10.5600004196167,7.702499866485596,-0.20350000262260437,0.0005000000237487257
1787109146.3104098,resting,fast,1787109113.923551,7.119999885559082,-35.58000183105469,10.5600004196167,7.702499866485596,-0.20350000262260437,0.0005000000237487257
1787109146.3213732,resting,fast,1787109113.923551,7.119999885559082,-35.58000183105469,10.5600004196167,7.702499866485596,-0.20350000262260437,0.0005000000237487257
1787109146.3324192,resting,fast,1787109113.923551,7.119999885559082,-35.58000183105469,10.5600004196167,7.702499866485596,-0.20350000262260437,0.0005000000237487257
1787109146.343436,resting,fast,1787109113.923551,7.119999885559082,-35.58000183105469,10.5600004196167,7.702499866485596,-0.20350000262260437,0.0005000000237487257
1787109146.3543243,resting,fast,1787109113.923551,7.119999885559082,-35.58000183105469,10.5600004196167,7.702499866485596,-0.20350000262260437,0.0005000000237487257
1787109146.3668692,resting,fast,1787109113.923551,7.119999885559082,-35.58000183105469,10.5600004196167,7.702499866485596,-0.20350000262260437,0.0005000000237487257
1787109146.3786678,resting,fast,1787109113.923551,7.119999885559082,-35.58000183105469,10.5600004196167,7.702499866485596,-0.20350000262260437,0.0005000000237487257
1787109146.3894365,resting,fast,1787109113.923551,7.119999885559082,-35.58000183105469,10.5600004196167,7.702499866485596,-0.20350000262260437,0.0005000000237487257
1787109146.4001381,resting,fast,1787109113.923551,7.119999885559082,-35.58000183105469,10.5600004196167,7.702499866485596,-0.20350000262260437,0.0005000000237487257
1787109146.4109163,resting,fast,1787109113.923551,7.119999885559082,-35.58000183105469,10.5600004196167,7.702499866485596,-0.20350000262260437,0.0005000000237487257
1787109146.4216313,resting,fast,1787109113.923551,7.119999885559082,-35.58000183105469,10.5600004196167,7.702499866485596,-0.20350000262260437,0.0005000000237487257
1787109146.4324522,resting,fast,1787109113.923551,7.119999885559082,-35.58000183105469,10.5600004196167,7.702499866485596,-0.20350000262260437,0.0005000000237487257
1787109146.4434085,resting,fast,1787109113.923551,7.119999885559082,-35.58000183105469,10.5600004196167,7.702499866485596,-0.20350000262260437,0.0005000000237487257
1787109146.4544208,resting,fast,1787109113.923551,7.119999885559082,-35.58000183105469,10.5600004196167,7.702499866485596,-0.20350000262260437,0.0005000000237487257
1787109146.4654217,resting,fast,1787109113.923551,7.119999885559082,-35.58000183105469,10.5600004196167,7.702499866485596,-0.20350000262260437,0.0005000000237487257
1787109146.4763095,resting,fast,1787109113.923551,7.119999885559082,-35.58000183105469,10.5600004196167,7.702499866485596,-0.20350000262260437,0.0005000000237487257
1787109146.4872608,resting,fast,1787109113.923551,7.119999885559082,-35.58000183105469,10.5600004196167,7.702499866485596,-0.20350000262260437,0.0005000000237487257
1787109146.4983575,resting,fast,1787109113.923551,7.119999885559082,-35.58000183105469,10.5600004196167,7.702499866485596,-0.20350000262260437,0.0005000000237487257
1787109146.509294,resting,fast,1787109113.923551,7.119999885559082,-35.58000183105469,10.5600004196167,7.702499866485596,-0.20350000262260437,0.0005000000237487257
1787109146.520247,resting,fast,1787109113.923551,7.119999885559082,-35.58000183105469,10.5600004196167,7.702499866485596,-0.20350000262260437,0.0005000000237487257
1787109146.531321,resting,fast,1787109113.923551,7.119999885559082,-35.58000183105469,10.5600004196167,7.702499866485596,-0.20350000262260437,0.0005000000237487257
1787109146.5423214,resting,fast,1787109113.923551,7.119999885559082,-35.58000183105469,10.5600004196167,7.702499866485596,-0.20350000262260437,0.0005000000237487257
1787109146.5533278,resting,fast,1787109113.923551,7.119999885559082,-35.58000183105469,10.5600004196167,7.702499866485596,-0.20350000262260437,0.0005000000237487257
1787109146.564194,resting,fast,1787109113.923551,7.119999885559082,-35.58000183105469,10.5600004196167,7.702499866485596,-0.20350000262260437,0.0005000000237487257
1787109146.5751584,resting,fast,1787109113.923551,7.119999885559082,-35.58000183105469,10.5600004196167,7.702499866485596,-0.20350000262260437,0.0005000000237487257
1787109146.5860574,resting,fast,1787109113.923551,7.119999885559082,-35.58000183105469,10.5600004196167,7.702499866485596,-0.20350000262260437,0.0005000000237487257
1787109146.5968456,resting,fast,1787109113.923551,7.119999885559082,-35.58000183105469,10.5600004196167,7.702499866485596,-0.20350000262260437,0.0005000000237487257
1787109146.6077046,resting,fast,1787109113.923551,7.119999885559082,-35.58000183105469,10.5600004196167,7.702499866485596,-0.20350000262260437,0.0005000000237487257
1787109146.6186087,resting,fast,1787109113.923551,7.119999885559082,-35.58000183105469,10.5600004196167,7.702499866485596,-0.20350000262260437,0.0005000000237487257
1787109146.6293895,resting,fast,1787109113.923551,7.119999885559082,-35.58000183105469,10.5600004196167,7.702499866485596,-0.20350000262260437,0.0005000000237487257
1787109146.6402936,resting,fast,1787109113.923551,7.119999885559082,-35.58000183105469,10.5600004196167,7.702499866485596,-0.20350000262260437,0.0005000000237487257
1787109146.6512673,resting,fast,1787109113.923551,7.119999885559082,-35.58000183105469,10.5600004196167,7.702499866485596,-0.20350000262260437,0.0005000000237487257
1787109146.662538,resting,fast,1787109113.923551,7.119999885559082,-35.58000183105469,10.5600004196167,7.702499866485596,-0.20350000262260437,0.0005000000237487257
1787109146.6734157,resting,fast,1787109113.923551,7.119999885559082,-35.58000183105469,10.5600004196167,7.702499866485596,-0.20350000262260437,0.0005000000237487257
1787109146.6843657,resting,fast,1787109113.923551,7.119999885559082,-35.58000183105469,10.5600004196167,7.702499866485596,-0.20350000262260437,0.0005000000237487257
1787109146.6951902,resting,fast,1787109113.923551,7.119999885559082,-35.58000183105469,10.5600004196167,7.702499866485596,-0.20350000262260437,0.0005000000237487257
1787109146.7061718,resting,fast,1787109113.923551,7.119999885559082,-35.58000183105469,10.5600004196167,7.702499866485596,-0.20350000262260437,0.0005000000237487257
1787109146.7171466,resting,fast,1787109113.923551,7.119999885559082,-35.58000183105469,10.5600004196167,7.702499866485596,-0.20350000262260437,0.0005000000237487257
1787109146.7281861,resting,fast,1787109113.923551,7.119999885559082,-35.58000183105469,10.5600004196167,7.702499866485596,-0.20350000262260437,0.0005000000237487257
1787109146.739044,resting,fast,1787109113.923551,7.119999885559082,-35.58000183105469,10.5600004196167,7.702499866485596,-0.20350000262260437,0.0005000000237487257
1787109146.7501621,resting,fast,1787109113.923551,7.119999885559082,-35.58000183105469,10.5600004196167,7.702499866485596,-0.20350000262260437,0.0005000000237487257
1787109146.7611327,resting,fast,1787109113.923551,7.119999885559082,-35.58000183105469,10.5600004196167,7.702499866485596,-0.20350000262260437,0.0005000000237487257
1787109146.771942,resting,fast,1787109113.923551,7.119999885559082,-35.58000183105469,10.5600004196167,7.702499866485596,-0.20350000262260437,0.0005000000237487257
1787109146.7830358,resting,fast,1787109113.923551,7.119999885559082,-35.58000183105469,10.5600004196167,7.702499866485596,-0.20350000262260437,0.0005000000237487257
1787109146.793864,resting,fast,1787109113.923551,7.119999885559082,-35.58000183105469,10.5600004196167,7.702499866485596,-0.20350000262260437,0.0005000000237487257
1787109146.8046231,resting,fast,1787109113.923551,7.119999885559082,-35.58000183105469,10.5600004196167,7.702499866485596,-0.20350000262260437,0.0005000000237487257
1787109146.8154986,resting,fast,1787109113.923551,7.119999885559082,-35.58000183105469,10.5600004196167,7.702499866485596,-0.20350000262260437,0.0005000000237487257
1787109146.8264914,resting,fast,1787109113.923551,7.119999885559082,-35.58000183105469,10.5600004196167,7.702499866485596,-0.20350000262260437,0.0005000000237487257
1787109146.8376331,resting,fast,1787109113.923551,7.119999885559082,-35.58000183105469,10.5600004196167,7.702499866485596,-0.20350000262260437,0.0005000000237487257
1787109146.8484752,resting,fast,1787109113.923551,7.119999885559082,-35.58000183105469,10.5600004196167,7.702499866485596,-0.20350000262260437,0.0005000000237487257
1787109146.8592882,resting,fast,1787109113.923551,7.119999885559082,-35.58000183105469,10.5600004196167,7.702499866485596,-0.20350000262260437,0.0005000000237487257
1787109146.8702323,resting,fast,1787109113.923551,7.119999885559082,-35.58000183105469,10.5600004196167,7.702499866485596,-0.20350000262260437,0.0005000000237487257
1787109146.8815744,resting,fast,1787109113.923551,7.119999885559082,-35.58000183105469,10.5600004196167,7.702499866485596,-0.20350000262260437,0.0005000000237487257
1787109146.8924992,resting,fast,1787109113.923551,7.119999885559082,-35.58000183105469,10.5600004196167,7.702499866485596,-0.20350000262260437,0.0005000000237487257
1787109146.9035728,resting,fast,1787109113.923551,7.119999885559082,-35.58000183105469,10.5600004196167,7.702499866485596,-0.20350000262260437,0.0005000000237487257
1787109146.9144235,resting,fast,1787109113.923551,7.119999885559082,-35.58000183105469,10.5600004196167,7.702499866485596,-0.20350000262260437,0.0005000000237487257
1787109146.9252946,resting,fast,1787109113.923551,7.119999885559082,-35.58000183105469,10.5600004196167,7.702499866485596,-0.20350000262260437,0.0005000000237487257
1787109146.9362683,resting,fast,1787109113.923551,7.119999885559082,-35.58000183105469,10.5600004196167,7.702499866485596,-0.20350000262260437,0.0005000000237487257
1787109146.9475036,resting,fast,1787109113.923551,7.119999885559082,-35.58000183105469,10.5600004196167,7.702499866485596,-0.20350000262260437,0.0005000000237487257
1787109146.9583461,resting,fast,1787109113.923551,7.119999885559082,-35.58000183105469,10.5600004196167,7.702499866485596,-0.20350000262260437,0.0005000000237487257
1787109146.969371,resting,fast,1787109113.923551,7.119999885559082,-35.58000183105469,10.5600004196167,7.702499866485596,-0.20350000262260437,0.0005000000237487257
1787109146.9803028,resting,fast,1787109113.923551,7.119999885559082,-35.58000183105469,10.5600004196167,7.702499866485596,-0.20350000262260437,0.0005000000237487257
1787109146.9913132,resting,fast,1787109113.923551,7.119999885559082,-35.58000183105469,10.5600004196167,7.702499866485596,-0.20350000262260437,0.0005000000237487257
1787109147.002541,resting,fast,1787109113.923551,7.119999885559082,-35.58000183105469,10.5600004196167,7.702499866485596,-0.20350000262260437,0.0005000000237487257
1787109147.0137696,resting,fast,1787109113.923551,7.119999885559082,-35.58000183105469,10.5600004196167,7.702499866485596,-0.20350000262260437,0.0005000000237487257
1787109147.0246727,resting,fast,1787109113.923551,7.119999885559082,-35.58000183105469,10.5600004196167,7.702499866485596,-0.20350000262260437,0.0005000000237487257
1787109147.0356472,resting,fast,1787109113.923551,7.119999885559082,-35.58000183105469,10.5600004196167,7.702499866485596,-0.20350000262260437,0.0005000000237487257
1787109147.0468378,resting,fast,1787109113.923551,7.119999885559082,-35.58000183105469,10.5600004196167,7.702499866485596,-0.20350000262260437,0.0005000000237487257
1787109147.057799,resting,fast,1787109113.923551,7.119999885559082,-35.58000183105469,10.5600004196167,7.702499866485596,-0.20350000262260437,0.0005000000237487257
1787109147.0687168,resting,fast,1787109113.923551,7.119999885559082,-35.58000183105469,10.5600004196167,7.702499866485596,-0.20350000262260437,0.0005000000237487257
1787109147.0797954,resting,fast,1787109113.923551,7.119999885559082,-35.58000183105469,10.5600004196167,7.702499866485596,-0.20350000262260437,0.0005000000237487257
1787109147.0906808,resting,fast,1787109113.923551,7.119999885559082,-35.58000183105469,10.5600004196167,7.702499866485596,-0.20350000262260437,0.0005000000237487257
1787109147.1015801,resting,fast,1787109113.923551,7.119999885559082,-35.58000183105469,10.5600004196167,7.702499866485596,-0.20350000262260437,0.0005000000237487257
1787109147.1124096,resting,fast,1787109113.923551,7.119999885559082,-35.58000183105469,10.5600004196167,7.702499866485596,-0.20350000262260437,0.0005000000237487257
1787109147.1233172,resting,fast,1787109113.923551,7.119999885559082,-35.58000183105469,10.5600004196167,7.702499866485596,-0.20350000262260437,0.0005000000237487257
1787109147.1343539,resting,fast,1787109113.923551,7.119999885559082,-35.58000183105469,10.5600004196167,7.702499866485596,-0.20350000262260437,0.0005000000237487257
1787109147.1459746,resting,fast,1787109113.923551,7.119999885559082,-35.58000183105469,10.5600004196167,7.702499866485596,-0.20350000262260437,0.0005000000237487257
1787109147.1572,resting,fast,1787109113.923551,7.119999885559082,-35.58000183105469,10.5600004196167,7.702499866485596,-0.20350000262260437,0.0005000000237487257
1787109147.168282,resting,fast,1787109113.923551,7.119999885559082,-35.58000183105469,10.5600004196167,7.702499866485596,-0.20350000262260437,0.0005000000237487257
1787109147.1796236,resting,fast,1787109113.923551,7.119999885559082,-35.58000183105469,10.5600004196167,7.702499866485596,-0.20350000262260437,0.0005000000237487257
1787109147.190641,resting,fast,1787109113.923551,7.119999885559082,-35.58000183105469,10.5600004196167,7.702499866485596,-0.20350000262260437,0.0005000000237487257
1787109147.2014196,resting,fast,1787109113.923551,7.119999885559082,-35.58000183105469,10.5600004196167,7.702499866485596,-0.20350000262260437,0.0005000000237487257
1787109147.2121568,resting,fast,1787109113.923551,7.119999885559082,-35.58000183105469,10.5600004196167,7.702499866485596,-0.20350000262260437,0.0005000000237487257
1787109147.2231226,resting,fast,1787109113.923551,7.119999885559082,-35.58000183105469,10.5600004196167,7.702499866485596,-0.20350000262260437,0.0005000000237487257
1787109147.234067,resting,fast,1787109113.923551,7.119999885559082,-35.58000183105469,10.5600004196167,7.702499866485596,-0.20350000262260437,0.0005000000237487257
1787109147.2460659,resting,fast,1787109113.923551,7.119999885559082,-35.58000183105469,10.5600004196167,7.702499866485596,-0.20350000262260437,0.0005000000237487257
1787109147.2571223,resting,fast,1787109113.923551,7.119999885559082,-35.58000183105469,10.5600004196167,7.702499866485596,-0.20350000262260437,0.0005000000237487257
1787109147.2681098,resting,fast,1787109113.923551,7.119999885559082,-35.58000183105469,10.5600004196167,7.702499866485596,-0.20350000262260437,0.0005000000237487257
1787109147.2792015,resting,fast,1787109113.923551,7.119999885559082,-35.58000183105469,10.5600004196167,7.702499866485596,-0.20350000262260437,0.0005000000237487257
1787109147.290064,resting,fast,1787109113.923551,7.119999885559082,-35.58000183105469,10.5600004196167,7.702499866485596,-0.20350000262260437,0.0005000000237487257
1787109147.301042,resting,fast,1787109113.923551,7.119999885559082,-35.58000183105469,10.5600004196167,7.702499866485596,-0.20350000262260437,0.0005000000237487257
1787109147.3121583,resting,fast,1787109113.923551,7.119999885559082,-35.58000183105469,10.5600004196167,7.702499866485596,-0.20350000262260437,0.0005000000237487257
1787109147.32317,resting,fast,1787109113.923551,7.119999885559082,-35.58000183105469,10.5600004196167,7.702499866485596,-0.20350000262260437,0.0005000000237487257
1787109147.3340185,resting,fast,1787109113.923551,7.119999885559082,-35.58000183105469,10.5600004196167,7.702499866485596,-0.20350000262260437,0.0005000000237487257
1787109147.3451104,resting,fast,1787109113.923551,7.119999885559082,-35.58000183105469,10.5600004196167,7.702499866485596,-0.20350000262260437,0.0005000000237487257
1787109147.3560588,resting,fast,1787109113.923551,7.119999885559082,-35.58000183105469,10.5600004196167,7.702499866485596,-0.20350000262260437,0.0005000000237487257
1787109147.367005,resting,fast,1787109113.923551,7.119999885559082,-35.58000183105469,10.5600004196167,7.702499866485596,-0.20350000262260437,0.0005000000237487257
1787109147.3780632,resting,fast,1787109113.923551,7.119999885559082,-35.58000183105469,10.5600004196167,7.702499866485596,-0.20350000262260437,0.0005000000237487257
1787109147.388978,resting,fast,1787109113.923551,7.119999885559082,-35.58000183105469,10.5600004196167,7.702499866485596,-0.20350000262260437,0.0005000000237487257
1787109147.3999562,resting,fast,1787109113.923551,7.119999885559082,-35.58000183105469,10.5600004196167,7.702499866485596,-0.20350000262260437,0.0005000000237487257
1787109147.4111102,resting,fast,1787109113.923551,7.119999885559082,-35.58000183105469,10.5600004196167,7.702499866485596,-0.20350000262260437,0.0005000000237487257
1787109147.4221256,resting,fast,1787109113.923551,7.119999885559082,-35.58000183105469,10.5600004196167,7.702499866485596,-0.20350000262260437,0.0005000000237487257
1787109147.433026,resting,fast,1787109113.923551,7.119999885559082,-35.58000183105469,10.5600004196167,7.702499866485596,-0.20350000262260437,0.0005000000237487257
1787109147.4443805,resting,fast,1787109113.923551,7.119999885559082,-35.58000183105469,10.5600004196167,7.702499866485596,-0.20350000262260437,0.0005000000237487257
1787109147.455138,resting,fast,1787109113.923551,7.119999885559082,-35.58000183105469,10.5600004196167,7.702499866485596,-0.20350000262260437,0.0005000000237487257
1787109147.4659514,resting,fast,1787109113.923551,7.119999885559082,-35.58000183105469,10.5600004196167,7.702499866485596,-0.20350000262260437,0.0005000000237487257
1787109147.4769251,resting,fast,1787109113.923551,7.119999885559082,-35.58000183105469,10.5600004196167,7.702499866485596,-0.20350000262260437,0.0005000000237487257
1787109147.48794,resting,fast,1787109113.923551,7.119999885559082,-35.58000183105469,10.5600004196167,7.702499866485596,-0.20350000262260437,0.0005000000237487257
1787109147.49888,resting,fast,1787109113.923551,7.119999885559082,-35.58000183105469,10.5600004196167,7.702499866485596,-0.20350000262260437,0.0005000000237487257
1787109147.5099533,resting,fast,1787109113.923551,7.119999885559082,-35.58000183105469,10.5600004196167,7.702499866485596,-0.20350000262260437,0.0005000000237487257
1787109147.5209649,resting,fast,1787109113.923551,7.119999885559082,-35.58000183105469,10.5600004196167,7.702499866485596,-0.20350000262260437,0.0005000000237487257
1787109147.5318189,resting,fast,1787109113.923551,7.119999885559082,-35.58000183105469,10.5600004196167,7.702499866485596,-0.20350000262260437,0.0005000000237487257
1787109147.5434473,resting,fast,1787109113.923551,7.119999885559082,-35.58000183105469,10.5600004196167,7.702499866485596,-0.20350000262260437,0.0005000000237487257
1787109147.5543697,resting,fast,1787109113.923551,7.119999885559082,-35.58000183105469,10.5600004196167,7.702499866485596,-0.20350000262260437,0.0005000000237487257
1787109147.56527,resting,fast,1787109113.923551,7.119999885559082,-35.58000183105469,10.5600004196167,7.702499866485596,-0.20350000262260437,0.0005000000237487257
1787109147.5762691,resting,fast,1787109113.923551,7.119999885559082,-35.58000183105469,10.5600004196167,7.702499866485596,-0.20350000262260437,0.0005000000237487257
1787109147.5873756,resting,fast,1787109113.923551,7.119999885559082,-35.58000183105469,10.5600004196167,7.702499866485596,-0.20350000262260437,0.0005000000237487257
1787109147.5984318,resting,fast,1787109113.923551,7.119999885559082,-35.58000183105469,10.5600004196167,7.702499866485596,-0.20350000262260437,0.0005000000237487257
1787109147.6094885,resting,fast,1787109113.923551,7.119999885559082,-35.58000183105469,10.5600004196167,7.702499866485596,-0.20350000262260437,0.0005000000237487257
1787109147.6204834,resting,fast,1787109113.923551,7.119999885559082,-35.58000183105469,10.5600004196167,7.702499866485596,-0.20350000262260437,0.0005000000237487257
1787109147.6314335,resting,fast,1787109113.923551,7.119999885559082,-35.58000183105469,10.5600004196167,7.702499866485596,-0.20350000262260437,0.0005000000237487257
1787109147.6425471,resting,fast,1787109113.923551,7.119999885559082,-35.58000183105469,10.5600004196167,7.702499866485596,-0.20350000262260437,0.0005000000237487257
1787109147.6535623,resting,fast,1787109113.923551,7.119999885559082,-35.58000183105469,10.5600004196167,7.702499866485596,-0.20350000262260437,0.0005000000237487257
1787109147.6644366,resting,fast,1787109113.923551,7.119999885559082,-35.58000183105469,10.5600004196167,7.702499866485596,-0.20350000262260437,0.0005000000237487257
1787109147.6759021,resting,fast,1787109113.923551,7.119999885559082,-35.58000183105469,10.5600004196167,7.702499866485596,-0.20350000262260437,0.0005000000237487257
1787109147.6869066,resting,fast,1787109113.923551,7.119999885559082,-35.58000183105469,10.5600004196167,7.702499866485596,-0.20350000262260437,0.0005000000237487257
1787109147.6978288,resting,fast,1787109113.923551,7.119999885559082,-35.58000183105469,10.5600004196167,7.702499866485596,-0.20350000262260437,0.0005000000237487257
1787109147.7087107,resting,fast,1787109113.923551,7.119999885559082,-35.58000183105469,10.5600004196167,7.702499866485596,-0.20350000262260437,0.0005000000237487257
1787109147.7195969,resting,fast,1787109113.923551,7.119999885559082,-35.58000183105469,10.5600004196167,7.702499866485596,-0.20350000262260437,0.0005000000237487257
1787109147.7304463,resting,fast,1787109113.923551,7.119999885559082,-35.58000183105469,10.5600004196167,7.702499866485596,-0.20350000262260437,0.0005000000237487257
1787109147.742556,resting,fast,1787109113.923551,7.119999885559082,-35.58000183105469,10.5600004196167,7.702499866485596,-0.20350000262260437,0.0005000000237487257
1787109147.7535713,resting,fast,1787109113.923551,7.119999885559082,-35.58000183105469,10.5600004196167,7.702499866485596,-0.20350000262260437,0.0005000000237487257
1787109147.7643886,resting,fast,1787109113.923551,7.119999885559082,-35.58000183105469,10.5600004196167,7.702499866485596,-0.20350000262260437,0.0005000000237487257
1787109147.7753334,resting,fast,1787109113.923551,7.119999885559082,-35.58000183105469,10.5600004196167,7.702499866485596,-0.20350000262260437,0.0005000000237487257
1787109147.786343,resting,fast,1787109113.923551,7.119999885559082,-35.58000183105469,10.5600004196167,7.702499866485596,-0.20350000262260437,0.0005000000237487257
1787109147.7974753,resting,fast,1787109113.923551,7.119999885559082,-35.58000183105469,10.5600004196167,7.702499866485596,-0.20350000262260437,0.0005000000237487257
1787109147.808585,resting,fast,1787109113.923551,7.119999885559082,-35.58000183105469,10.5600004196167,7.702499866485596,-0.20350000262260437,0.0005000000237487257
1787109147.819508,resting,fast,1787109113.923551,7.119999885559082,-35.58000183105469,10.5600004196167,7.702499866485596,-0.20350000262260437,0.0005000000237487257
1787109147.8304262,resting,fast,1787109113.923551,7.119999885559082,-35.58000183105469,10.5600004196167,7.702499866485596,-0.20350000262260437,0.0005000000237487257
1787109147.8425126,resting,fast,1787109113.923551,7.119999885559082,-35.58000183105469,10.5600004196167,7.702499866485596,-0.20350000262260437,0.0005000000237487257
1787109147.8534431,resting,fast,1787109113.923551,7.119999885559082,-35.58000183105469,10.5600004196167,7.702499866485596,-0.20350000262260437,0.0005000000237487257
1787109147.8644214,resting,fast,1787109113.923551,7.119999885559082,-35.58000183105469,10.5600004196167,7.702499866485596,-0.20350000262260437,0.0005000000237487257
1787109147.8755949,resting,fast,1787109113.923551,7.119999885559082,-35.58000183105469,10.5600004196167,7.702499866485596,-0.20350000262260437,0.0005000000237487257
1787109147.8865495,resting,fast,1787109113.923551,7.119999885559082,-35.58000183105469,10.5600004196167,7.702499866485596,-0.20350000262260437,0.0005000000237487257
1787109147.8974292,resting,fast,1787109113.923551,7.119999885559082,-35.58000183105469,10.5600004196167,7.702499866485596,-0.20350000262260437,0.0005000000237487257
1787109147.9087753,resting,fast,1787109113.923551,7.119999885559082,-35.58000183105469,10.5600004196167,7.702499866485596,-0.20350000262260437,0.0005000000237487257
1787109147.919581,resting,fast,1787109113.923551,7.119999885559082,-35.58000183105469,10.5600004196167,7.702499866485596,-0.20350000262260437,0.0005000000237487257
1787109147.930409,resting,fast,1787109113.923551,7.119999885559082,-35.58000183105469,10.5600004196167,7.702499866485596,-0.20350000262260437,0.0005000000237487257
1787109147.9414587,resting,fast,1787109113.923551,7.119999885559082,-35.58000183105469,10.5600004196167,7.702499866485596,-0.20350000262260437,0.0005000000237487257
1787109147.952666,resting,fast,1787109113.923551,7.119999885559082,-35.58000183105469,10.5600004196167,7.702499866485596,-0.20350000262260437,0.0005000000237487257
1787109147.963449,resting,fast,1787109113.923551,7.119999885559082,-35.58000183105469,10.5600004196167,7.702499866485596,-0.20350000262260437,0.0005000000237487257
1787109147.9759414,resting,fast,1787109113.923551,7.119999885559082,-35.58000183105469,10.5600004196167,7.702499866485596,-0.20350000262260437,0.0005000000237487257
1787109147.9871786,resting,fast,1787109113.923551,7.119999885559082,-35.58000183105469,10.5600004196167,7.702499866485596,-0.20350000262260437,0.0005000000237487257
1787109147.9983602,resting,fast,1787109113.923551,7.119999885559082,-35.58000183105469,10.5600004196167,7.702499866485596,-0.20350000262260437,0.0005000000237487257
1787109148.0092895,resting,fast,1787109113.923551,7.119999885559082,-35.58000183105469,10.5600004196167,7.702499866485596,-0.20350000262260437,0.0005000000237487257
1787109148.0202465,resting,fast,1787109113.923551,7.119999885559082,-35.58000183105469,10.5600004196167,7.702499866485596,-0.20350000262260437,0.0005000000237487257
1787109148.031224,resting,fast,1787109113.923551,7.119999885559082,-35.58000183105469,10.5600004196167,7.702499866485596,-0.20350000262260437,0.0005000000237487257
1787109148.0426724,resting,fast,1787109113.923551,7.119999885559082,-35.58000183105469,10.5600004196167,7.702499866485596,-0.20350000262260437,0.0005000000237487257
1787109148.0536299,resting,fast,1787109113.923551,7.119999885559082,-35.58000183105469,10.5600004196167,7.702499866485596,-0.20350000262260437,0.0005000000237487257
1787109148.0645666,resting,fast,1787109113.923551,7.119999885559082,-35.58000183105469,10.5600004196167,7.702499866485596,-0.20350000262260437,0.0005000000237487257
1787109148.0757527,resting,fast,1787109113.923551,7.119999885559082,-35.58000183105469,10.5600004196167,7.702499866485596,-0.20350000262260437,0.0005000000237487257
1787109148.0867338,resting,fast,1787109113.923551,7.119999885559082,-35.58000183105469,10.5600004196167,7.702499866485596,-0.20350000262260437,0.0005000000237487257
1787109148.0977643,resting,fast,1787109113.923551,7.119999885559082,-35.58000183105469,10.5600004196167,7.702499866485596,-0.20350000262260437,0.0005000000237487257
1787109148.1092062,resting,fast,1787109113.923551,7.119999885559082,-35.58000183105469,10.5600004196167,7.702499866485596,-0.20350000262260437,0.0005000000237487257
1787109148.1202073,resting,fast,1787109113.923551,7.119999885559082,-35.58000183105469,10.5600004196167,7.702499866485596,-0.20350000262260437,0.0005000000237487257
1787109148.131126,resting,fast,1787109113.923551,7.119999885559082,-35.58000183105469,10.5600004196167,7.702499866485596,-0.20350000262260437,0.0005000000237487257
1787109148.1421783,resting,fast,1787109113.923551,7.119999885559082,-35.58000183105469,10.5600004196167,7.702499866485596,-0.20350000262260437,0.0005000000237487257
1787109148.1530516,resting,fast,1787109113.923551,7.119999885559082,-35.58000183105469,10.5600004196167,7.702499866485596,-0.20350000262260437,0.0005000000237487257
1787109148.164128,resting,fast,1787109113.923551,7.119999885559082,-35.58000183105469,10.5600004196167,7.702499866485596,-0.20350000262260437,0.0005000000237487257
1787109148.1751938,resting,fast,1787109113.923551,7.119999885559082,-35.58000183105469,10.5600004196167,7.702499866485596,-0.20350000262260437,0.0005000000237487257
1787109148.1861892,resting,fast,1787109113.923551,7.119999885559082,-35.58000183105469,10.5600004196167,7.702499866485596,-0.20350000262260437,0.0005000000237487257
1787109148.1971633,resting,fast,1787109113.923551,7.119999885559082,-35.58000183105469,10.5600004196167,7.702499866485596,-0.20350000262260437,0.0005000000237487257
1787109148.2082665,resting,fast,1787109113.923551,7.119999885559082,-35.58000183105469,10.5600004196167,7.702499866485596,-0.20350000262260437,0.0005000000237487257
1787109148.2194097,resting,fast,1787109113.923551,7.119999885559082,-35.58000183105469,10.5600004196167,7.702499866485596,-0.20350000262260437,0.0005000000237487257
1787109148.23037,resting,fast,1787109113.923551,7.119999885559082,-35.58000183105469,10.5600004196167,7.702499866485596,-0.20350000262260437,0.0005000000237487257
1787109148.2413652,resting,fast,1787109113.923551,7.119999885559082,-35.58000183105469,10.5600004196167,7.702499866485596,-0.20350000262260437,0.0005000000237487257
1787109148.2524476,resting,fast,1787109113.923551,7.119999885559082,-35.58000183105469,10.5600004196167,7.702499866485596,-0.20350000262260437,0.0005000000237487257
1787109148.2634807,resting,fast,1787109113.923551,7.119999885559082,-35.58000183105469,10.5600004196167,7.702499866485596,-0.20350000262260437,0.0005000000237487257
1787109148.2741437,resting,fast,1787109113.923551,7.119999885559082,-35.58000183105469,10.5600004196167,7.702499866485596,-0.20350000262260437,0.0005000000237487257
1787109148.285076,resting,fast,1787109113.923551,7.119999885559082,-35.58000183105469,10.5600004196167,7.702499866485596,-0.20350000262260437,0.0005000000237487257
1787109148.2959313,resting,fast,1787109113.923551,7.119999885559082,-35.58000183105469,10.5600004196167,7.702499866485596,-0.20350000262260437,0.0005000000237487257
1787109148.3067417,resting,fast,1787109113.923551,7.119999885559082,-35.58000183105469,10.5600004196167,7.702499866485596,-0.20350000262260437,0.0005000000237487257
1787109148.3174856,resting,fast,1787109113.923551,7.119999885559082,-35.58000183105469,10.5600004196167,7.702499866485596,-0.20350000262260437,0.0005000000237487257
1787109148.328117,resting,fast,1787109113.923551,7.119999885559082,-35.58000183105469,10.5600004196167,7.702499866485596,-0.20350000262260437,0.0005000000237487257
1787109148.340119,resting,fast,1787109113.923551,7.119999885559082,-35.58000183105469,10.5600004196167,7.702499866485596,-0.20350000262260437,0.0005000000237487257
1787109148.3511403,resting,fast,1787109113.923551,7.119999885559082,-35.58000183105469,10.5600004196167,7.702499866485596,-0.20350000262260437,0.0005000000237487257
1787109148.362022,resting,fast,1787109113.923551,7.119999885559082,-35.58000183105469,10.5600004196167,7.702499866485596,-0.20350000262260437,0.0005000000237487257
1787109148.3728478,resting,fast,1787109113.923551,7.119999885559082,-35.58000183105469,10.5600004196167,7.702499866485596,-0.20350000262260437,0.0005000000237487257
1787109148.3836114,resting,fast,1787109113.923551,7.119999885559082,-35.58000183105469,10.5600004196167,7.702499866485596,-0.20350000262260437,0.0005000000237487257
1787109148.394364,resting,fast,1787109113.923551,7.119999885559082,-35.58000183105469,10.5600004196167,7.702499866485596,-0.20350000262260437,0.0005000000237487257
1787109148.4057047,resting,fast,1787109113.923551,7.119999885559082,-35.58000183105469,10.5600004196167,7.702499866485596,-0.20350000262260437,0.0005000000237487257
1787109148.4168863,resting,fast,1787109113.923551,7.119999885559082,-35.58000183105469,10.5600004196167,7.702499866485596,-0.20350000262260437,0.0005000000237487257
1787109148.4279244,resting,fast,1787109113.923551,7.119999885559082,-35.58000183105469,10.5600004196167,7.702499866485596,-0.20350000262260437,0.0005000000237487257
1787109148.4401662,resting,fast,1787109113.923551,7.119999885559082,-35.58000183105469,10.5600004196167,7.702499866485596,-0.20350000262260437,0.0005000000237487257
1787109148.4512565,resting,fast,1787109113.923551,7.119999885559082,-35.58000183105469,10.5600004196167,7.702499866485596,-0.20350000262260437,0.0005000000237487257
1787109148.462409,resting,fast,1787109113.923551,7.119999885559082,-35.58000183105469,10.5600004196167,7.702499866485596,-0.20350000262260437,0.0005000000237487257
1787109148.473541,resting,fast,1787109113.923551,7.119999885559082,-35.58000183105469,10.5600004196167,7.702499866485596,-0.20350000262260437,0.0005000000237487257
1787109148.484577,resting,fast,1787109113.923551,7.119999885559082,-35.58000183105469,10.5600004196167,7.702499866485596,-0.20350000262260437,0.0005000000237487257
1787109148.4956079,resting,fast,1787109113.923551,7.119999885559082,-35.58000183105469,10.5600004196167,7.702499866485596,-0.20350000262260437,0.0005000000237487257
1787109148.506605,resting,fast,1787109113.923551,7.119999885559082,-35.58000183105469,10.5600004196167,7.702499866485596,-0.20350000262260437,0.0005000000237487257
1787109148.517557,resting,fast,1787109113.923551,7.119999885559082,-35.58000183105469,10.5600004196167,7.702499866485596,-0.20350000262260437,0.0005000000237487257
1787109148.5283952,resting,fast,1787109113.923551,7.119999885559082,-35.58000183105469,10.5600004196167,7.702499866485596,-0.20350000262260437,0.0005000000237487257
1787109148.5399976,resting,fast,1787109113.923551,7.119999885559082,-35.58000183105469,10.5600004196167,7.702499866485596,-0.20350000262260437,0.0005000000237487257
1787109148.550952,resting,fast,1787109113.923551,7.119999885559082,-35.58000183105469,10.5600004196167,7.702499866485596,-0.20350000262260437,0.0005000000237487257
1787109148.5619864,resting,fast,1787109113.923551,7.119999885559082,-35.58000183105469,10.5600004196167,7.702499866485596,-0.20350000262260437,0.0005000000237487257
1787109148.5728867,resting,fast,1787109113.923551,7.119999885559082,-35.58000183105469,10.5600004196167,7.702499866485596,-0.20350000262260437,0.0005000000237487257
1787109148.583839,resting,fast,1787109113.923551,7.119999885559082,-35.58000183105469,10.5600004196167,7.702499866485596,-0.20350000262260437,0.0005000000237487257
1787109148.5947092,resting,fast,1787109113.923551,7.119999885559082,-35.58000183105469,10.5600004196167,7.702499866485596,-0.20350000262260437,0.0005000000237487257
1787109148.6061158,resting,fast,1787109113.923551,7.119999885559082,-35.58000183105469,10.5600004196167,7.702499866485596,-0.20350000262260437,0.0005000000237487257
1787109148.6169195,resting,fast,1787109113.923551,7.119999885559082,-35.58000183105469,10.5600004196167,7.702499866485596,-0.20350000262260437,0.0005000000237487257
1787109148.627682,resting,fast,1787109113.923551,7.119999885559082,-35.58000183105469,10.5600004196167,7.702499866485596,-0.20350000262260437,0.0005000000237487257
1787109148.639258,resting,fast,1787109113.923551,7.119999885559082,-35.58000183105469,10.5600004196167,7.702499866485596,-0.20350000262260437,0.0005000000237487257
1787109148.6499982,resting,fast,1787109113.923551,7.119999885559082,-35.58000183105469,10.5600004196167,7.702499866485596,-0.20350000262260437,0.0005000000237487257
1787109148.6606512,resting,fast,1787109113.923551,7.119999885559082,-35.58000183105469,10.5600004196167,7.702499866485596,-0.20350000262260437,0.0005000000237487257
1787109148.6717618,resting,fast,1787109113.923551,7.119999885559082,-35.58000183105469,10.5600004196167,7.702499866485596,-0.20350000262260437,0.0005000000237487257
1787109148.6825342,resting,fast,1787109113.923551,7.119999885559082,-35.58000183105469,10.5600004196167,7.702499866485596,-0.20350000262260437,0.0005000000237487257
1787109148.69309,resting,fast,1787109113.923551,7.119999885559082,-35.58000183105469,10.5600004196167,7.702499866485596,-0.20350000262260437,0.0005000000237487257
1787109148.703986,resting,fast,1787109113.923551,7.119999885559082,-35.58000183105469,10.5600004196167,7.702499866485596,-0.20350000262260437,0.0005000000237487257
1787109148.7144706,resting,fast,1787109113.923551,7.119999885559082,-35.58000183105469,10.5600004196167,7.702499866485596,-0.20350000262260437,0.0005000000237487257
1787109148.7249808,resting,fast,1787109113.923551,7.119999885559082,-35.58000183105469,10.5600004196167,7.702499866485596,-0.20350000262260437,0.0005000000237487257
1787109148.737027,resting,fast,1787109113.923551,7.119999885559082,-35.58000183105469,10.5600004196167,7.702499866485596,-0.20350000262260437,0.0005000000237487257
1787109148.7475567,resting,fast,1787109113.923551,7.119999885559082,-35.58000183105469,10.5600004196167,7.702499866485596,-0.20350000262260437,0.0005000000237487257
1787109148.7580512,resting,fast,1787109113.923551,7.119999885559082,-35.58000183105469,10.5600004196167,7.702499866485596,-0.20350000262260437,0.0005000000237487257
1787109148.7705374,resting,fast,1787109113.923551,7.119999885559082,-35.58000183105469,10.5600004196167,7.702499866485596,-0.20350000262260437,0.0005000000237487257
1787109148.781135,resting,fast,1787109113.923551,7.119999885559082,-35.58000183105469,10.5600004196167,7.702499866485596,-0.20350000262260437,0.0005000000237487257
1787109148.7920504,resting,fast,1787109113.923551,7.119999885559082,-35.58000183105469,10.5600004196167,7.702499866485596,-0.20350000262260437,0.0005000000237487257
1787109148.8034737,resting,fast,1787109113.923551,7.119999885559082,-35.58000183105469,10.5600004196167,7.702499866485596,-0.20350000262260437,0.0005000000237487257
1787109148.813982,resting,fast,1787109113.923551,7.119999885559082,-35.58000183105469,10.5600004196167,7.702499866485596,-0.20350000262260437,0.0005000000237487257
1787109148.8245113,resting,fast,1787109113.923551,7.119999885559082,-35.58000183105469,10.5600004196167,7.702499866485596,-0.20350000262260437,0.0005000000237487257
1787109148.8351998,resting,fast,1787109113.923551,7.119999885559082,-35.58000183105469,10.5600004196167,7.702499866485596,-0.20350000262260437,0.0005000000237487257
1787109148.8483691,resting,fast,1787109113.923551,7.119999885559082,-35.58000183105469,10.5600004196167,7.702499866485596,-0.20350000262260437,0.0005000000237487257
1787109148.8591366,resting,fast,1787109113.923551,7.119999885559082,-35.58000183105469,10.5600004196167,7.702499866485596,-0.20350000262260437,0.0005000000237487257
1787109148.870463,resting,fast,1787109113.923551,7.119999885559082,-35.58000183105469,10.5600004196167,7.702499866485596,-0.20350000262260437,0.0005000000237487257
1787109148.8815374,resting,fast,1787109113.923551,7.119999885559082,-35.58000183105469,10.5600004196167,7.702499866485596,-0.20350000262260437,0.0005000000237487257
1787109148.8925514,resting,fast,1787109113.923551,7.119999885559082,-35.58000183105469,10.5600004196167,7.702499866485596,-0.20350000262260437,0.0005000000237487257
1787109148.904291,resting,fast,1787109113.923551,7.119999885559082,-35.58000183105469,10.5600004196167,7.702499866485596,-0.20350000262260437,0.0005000000237487257
1787109148.9154994,resting,fast,1787109113.923551,7.119999885559082,-35.58000183105469,10.5600004196167,7.702499866485596,-0.20350000262260437,0.0005000000237487257
1787109148.926492,resting,fast,1787109113.923551,7.119999885559082,-35.58000183105469,10.5600004196167,7.702499866485596,-0.20350000262260437,0.0005000000237487257
1787109148.937739,resting,fast,1787109113.923551,7.119999885559082,-35.58000183105469,10.5600004196167,7.702499866485596,-0.20350000262260437,0.0005000000237487257
1787109148.9490786,resting,fast,1787109113.923551,7.119999885559082,-35.58000183105469,10.5600004196167,7.702499866485596,-0.20350000262260437,0.0005000000237487257
1787109148.9602678,resting,fast,1787109113.923551,7.119999885559082,-35.58000183105469,10.5600004196167,7.702499866485596,-0.20350000262260437,0.0005000000237487257
1787109148.971379,resting,fast,1787109113.923551,7.119999885559082,-35.58000183105469,10.5600004196167,7.702499866485596,-0.20350000262260437,0.0005000000237487257
1787109148.9821503,resting,fast,1787109113.923551,7.119999885559082,-35.58000183105469,10.5600004196167,7.702499866485596,-0.20350000262260437,0.0005000000237487257
1787109148.9932616,resting,fast,1787109113.923551,7.119999885559082,-35.58000183105469,10.5600004196167,7.702499866485596,-0.20350000262260437,0.0005000000237487257
1787109149.004148,resting,fast,1787109113.923551,7.119999885559082,-35.58000183105469,10.5600004196167,7.702499866485596,-0.20350000262260437,0.0005000000237487257
1787109149.0152605,resting,fast,1787109113.923551,7.119999885559082,-35.58000183105469,10.5600004196167,7.702499866485596,-0.20350000262260437,0.0005000000237487257
1787109149.0263064,resting,fast,1787109113.923551,7.119999885559082,-35.58000183105469,10.5600004196167,7.702499866485596,-0.20350000262260437,0.0005000000237487257
1787109149.037289,resting,fast,1787109113.923551,7.119999885559082,-35.58000183105469,10.5600004196167,7.702499866485596,-0.20350000262260437,0.0005000000237487257
1787109149.0484483,resting,fast,1787109113.923551,7.119999885559082,-35.58000183105469,10.5600004196167,7.702499866485596,-0.20350000262260437,0.0005000000237487257
1787109149.0594606,resting,fast,1787109113.923551,7.119999885559082,-35.58000183105469,10.5600004196167,7.702499866485596,-0.20350000262260437,0.0005000000237487257
1787109149.0705667,resting,fast,1787109113.923551,7.119999885559082,-35.58000183105469,10.5600004196167,7.702499866485596,-0.20350000262260437,0.0005000000237487257
1787109149.0818944,resting,fast,1787109113.923551,7.119999885559082,-35.58000183105469,10.5600004196167,7.702499866485596,-0.20350000262260437,0.0005000000237487257
1787109149.0929976,resting,fast,1787109113.923551,7.119999885559082,-35.58000183105469,10.5600004196167,7.702499866485596,-0.20350000262260437,0.0005000000237487257
1787109149.1041982,resting,fast,1787109113.923551,7.119999885559082,-35.58000183105469,10.5600004196167,7.702499866485596,-0.20350000262260437,0.0005000000237487257
1787109149.1153305,resting,fast,1787109113.923551,7.119999885559082,-35.58000183105469,10.5600004196167,7.702499866485596,-0.20350000262260437,0.0005000000237487257
1787109149.1264765,resting,fast,1787109113.923551,7.119999885559082,-35.58000183105469,10.5600004196167,7.702499866485596,-0.20350000262260437,0.0005000000237487257
1787109149.137525,resting,fast,1787109113.923551,7.119999885559082,-35.58000183105469,10.5600004196167,7.702499866485596,-0.20350000262260437,0.0005000000237487257
1787109149.1483674,resting,fast,1787109113.923551,7.119999885559082,-35.58000183105469,10.5600004196167,7.702499866485596,-0.20350000262260437,0.0005000000237487257
1787109149.1594276,resting,fast,1787109113.923551,7.119999885559082,-35.58000183105469,10.5600004196167,7.702499866485596,-0.20350000262260437,0.0005000000237487257
1787109149.1704261,resting,fast,1787109113.923551,7.119999885559082,-35.58000183105469,10.5600004196167,7.702499866485596,-0.20350000262260437,0.0005000000237487257
1787109149.1814003,resting,fast,1787109113.923551,7.119999885559082,-35.58000183105469,10.5600004196167,7.702499866485596,-0.20350000262260437,0.0005000000237487257
1787109149.1924157,resting,fast,1787109113.923551,7.119999885559082,-35.58000183105469,10.5600004196167,7.702499866485596,-0.20350000262260437,0.0005000000237487257
1787109149.2033691,resting,fast,1787109113.923551,7.119999885559082,-35.58000183105469,10.5600004196167,7.702499866485596,-0.20350000262260437,0.0005000000237487257
1787109149.2141972,resting,fast,1787109113.923551,7.119999885559082,-35.58000183105469,10.5600004196167,7.702499866485596,-0.20350000262260437,0.0005000000237487257
1787109149.2252438,resting,fast,1787109113.923551,7.119999885559082,-35.58000183105469,10.5600004196167,7.702499866485596,-0.20350000262260437,0.0005000000237487257
1787109149.2363632,resting,fast,1787109113.923551,7.119999885559082,-35.58000183105469,10.5600004196167,7.702499866485596,-0.20350000262260437,0.0005000000237487257
1787109149.2474818,resting,fast,1787109113.923551,7.119999885559082,-35.58000183105469,10.5600004196167,7.702499866485596,-0.20350000262260437,0.0005000000237487257
1787109149.2585003,resting,fast,1787109113.923551,7.119999885559082,-35.58000183105469,10.5600004196167,7.702499866485596,-0.20350000262260437,0.0005000000237487257
1787109149.269844,resting,fast,1787109113.923551,7.119999885559082,-35.58000183105469,10.5600004196167,7.702499866485596,-0.20350000262260437,0.0005000000237487257
1787109149.2810051,resting,fast,1787109113.923551,7.119999885559082,-35.58000183105469,10.5600004196167,7.702499866485596,-0.20350000262260437,0.0005000000237487257
1787109149.2920737,resting,fast,1787109113.923551,7.119999885559082,-35.58000183105469,10.5600004196167,7.702499866485596,-0.20350000262260437,0.0005000000237487257
1787109149.3033378,resting,fast,1787109113.923551,7.119999885559082,-35.58000183105469,10.5600004196167,7.702499866485596,-0.20350000262260437,0.0005000000237487257
1787109149.3143399,resting,fast,1787109113.923551,7.119999885559082,-35.58000183105469,10.5600004196167,7.702499866485596,-0.20350000262260437,0.0005000000237487257
1787109149.3254492,resting,fast,1787109113.923551,7.119999885559082,-35.58000183105469,10.5600004196167,7.702499866485596,-0.20350000262260437,0.0005000000237487257
1787109149.336645,resting,fast,1787109113.923551,7.119999885559082,-35.58000183105469,10.5600004196167,7.702499866485596,-0.20350000262260437,0.0005000000237487257
1787109149.3476644,resting,fast,1787109113.923551,7.119999885559082,-35.58000183105469,10.5600004196167,7.702499866485596,-0.20350000262260437,0.0005000000237487257
1787109149.35861,resting,fast,1787109113.923551,7.119999885559082,-35.58000183105469,10.5600004196167,7.702499866485596,-0.20350000262260437,0.0005000000237487257
1787109149.3693883,resting,fast,1787109113.923551,7.119999885559082,-35.58000183105469,10.5600004196167,7.702499866485596,-0.20350000262260437,0.0005000000237487257
1787109149.3804905,resting,fast,1787109113.923551,7.119999885559082,-35.58000183105469,10.5600004196167,7.702499866485596,-0.20350000262260437,0.0005000000237487257
1787109149.3915997,resting,fast,1787109113.923551,7.119999885559082,-35.58000183105469,10.5600004196167,7.702499866485596,-0.20350000262260437,0.0005000000237487257
1787109149.4027297,resting,fast,1787109113.923551,7.119999885559082,-35.58000183105469,10.5600004196167,7.702499866485596,-0.20350000262260437,0.0005000000237487257
1787109149.4137914,resting,fast,1787109113.923551,7.119999885559082,-35.58000183105469,10.5600004196167,7.702499866485596,-0.20350000262260437,0.0005000000237487257
1787109149.4251046,resting,fast,1787109113.923551,7.119999885559082,-35.58000183105469,10.5600004196167,7.702499866485596,-0.20350000262260437,0.0005000000237487257
1787109149.4363093,resting,fast,1787109113.923551,7.119999885559082,-35.58000183105469,10.5600004196167,7.702499866485596,-0.20350000262260437,0.0005000000237487257
1787109149.4472778,resting,fast,1787109113.923551,7.119999885559082,-35.58000183105469,10.5600004196167,7.702499866485596,-0.20350000262260437,0.0005000000237487257
1787109149.4584105,resting,fast,1787109113.923551,7.119999885559082,-35.58000183105469,10.5600004196167,7.702499866485596,-0.20350000262260437,0.0005000000237487257
1787109149.4694223,resting,fast,1787109113.923551,7.119999885559082,-35.58000183105469,10.5600004196167,7.702499866485596,-0.20350000262260437,0.0005000000237487257
1787109149.480404,resting,fast,1787109113.923551,7.119999885559082,-35.58000183105469,10.5600004196167,7.702499866485596,-0.20350000262260437,0.0005000000237487257
1787109149.4915316,resting,fast,1787109113.923551,7.119999885559082,-35.58000183105469,10.5600004196167,7.702499866485596,-0.20350000262260437,0.0005000000237487257
1787109149.5026772,resting,fast,1787109113.923551,7.119999885559082,-35.58000183105469,10.5600004196167,7.702499866485596,-0.20350000262260437,0.0005000000237487257
1787109149.5139976,resting,fast,1787109113.923551,7.119999885559082,-35.58000183105469,10.5600004196167,7.702499866485596,-0.20350000262260437,0.0005000000237487257
1787109149.5250552,resting,fast,1787109113.923551,7.119999885559082,-35.58000183105469,10.5600004196167,7.702499866485596,-0.20350000262260437,0.0005000000237487257
1787109149.5364654,resting,fast,1787109113.923551,7.119999885559082,-35.58000183105469,10.5600004196167,7.702499866485596,-0.20350000262260437,0.0005000000237487257
1787109149.54751,resting,fast,1787109113.923551,7.119999885559082,-35.58000183105469,10.5600004196167,7.702499866485596,-0.20350000262260437,0.0005000000237487257
1787109149.5586243,resting,fast,1787109113.923551,7.119999885559082,-35.58000183105469,10.5600004196167,7.702499866485596,-0.20350000262260437,0.0005000000237487257
1787109149.5694845,resting,fast,1787109113.923551,7.119999885559082,-35.58000183105469,10.5600004196167,7.702499866485596,-0.20350000262260437,0.0005000000237487257
1787109149.5804958,resting,fast,1787109113.923551,7.119999885559082,-35.58000183105469,10.5600004196167,7.702499866485596,-0.20350000262260437,0.0005000000237487257
1787109149.5916371,resting,fast,1787109113.923551,7.119999885559082,-35.58000183105469,10.5600004196167,7.702499866485596,-0.20350000262260437,0.0005000000237487257
1787109149.6024952,resting,fast,1787109113.923551,7.119999885559082,-35.58000183105469,10.5600004196167,7.702499866485596,-0.20350000262260437,0.0005000000237487257
1787109149.6134303,resting,fast,1787109113.923551,7.119999885559082,-35.58000183105469,10.5600004196167,7.702499866485596,-0.20350000262260437,0.0005000000237487257
1787109149.6244364,resting,fast,1787109113.923551,7.119999885559082,-35.58000183105469,10.5600004196167,7.702499866485596,-0.20350000262260437,0.0005000000237487257
1787109149.6355054,resting,fast,1787109113.923551,7.119999885559082,-35.58000183105469,10.5600004196167,7.702499866485596,-0.20350000262260437,0.0005000000237487257
1787109149.6465914,resting,fast,1787109113.923551,7.119999885559082,-35.58000183105469,10.5600004196167,7.702499866485596,-0.20350000262260437,0.0005000000237487257
1787109149.6577182,resting,fast,1787109113.923551,7.119999885559082,-35.58000183105469,10.5600004196167,7.702499866485596,-0.20350000262260437,0.0005000000237487257
1787109149.6687603,resting,fast,1787109113.923551,7.119999885559082,-35.58000183105469,10.5600004196167,7.702499866485596,-0.20350000262260437,0.0005000000237487257
1787109149.6798162,resting,fast,1787109113.923551,7.119999885559082,-35.58000183105469,10.5600004196167,7.702499866485596,-0.20350000262260437,0.0005000000237487257
1787109149.6910772,resting,fast,1787109113.923551,7.119999885559082,-35.58000183105469,10.5600004196167,7.702499866485596,-0.20350000262260437,0.0005000000237487257
1787109149.7021656,resting,fast,1787109113.923551,7.119999885559082,-35.58000183105469,10.5600004196167,7.702499866485596,-0.20350000262260437,0.0005000000237487257
1787109149.7130837,resting,fast,1787109113.923551,7.119999885559082,-35.58000183105469,10.5600004196167,7.702499866485596,-0.20350000262260437,0.0005000000237487257
1787109149.7243044,resting,fast,1787109113.923551,7.119999885559082,-35.58000183105469,10.5600004196167,7.702499866485596,-0.20350000262260437,0.0005000000237487257
1787109149.7354817,resting,fast,1787109113.923551,7.119999885559082,-35.58000183105469,10.5600004196167,7.702499866485596,-0.20350000262260437,0.0005000000237487257
1787109149.7465394,resting,fast,1787109113.923551,7.119999885559082,-35.58000183105469,10.5600004196167,7.702499866485596,-0.20350000262260437,0.0005000000237487257
1787109149.7576241,resting,fast,1787109113.923551,7.119999885559082,-35.58000183105469,10.5600004196167,7.702499866485596,-0.20350000262260437,0.0005000000237487257
1787109149.7686465,resting,fast,1787109113.923551,7.119999885559082,-35.58000183105469,10.5600004196167,7.702499866485596,-0.20350000262260437,0.0005000000237487257
1787109149.779433,resting,fast,1787109113.923551,7.119999885559082,-35.58000183105469,10.5600004196167,7.702499866485596,-0.20350000262260437,0.0005000000237487257
1787109149.7903886,resting,fast,1787109113.923551,7.119999885559082,-35.58000183105469,10.5600004196167,7.702499866485596,-0.20350000262260437,0.0005000000237487257
1787109149.801396,resting,fast,1787109113.923551,7.119999885559082,-35.58000183105469,10.5600004196167,7.702499866485596,-0.20350000262260437,0.0005000000237487257
1787109149.8123991,resting,fast,1787109113.923551,7.119999885559082,-35.58000183105469,10.5600004196167,7.702499866485596,-0.20350000262260437,0.0005000000237487257
1787109149.8235135,resting,fast,1787109113.923551,7.119999885559082,-35.58000183105469,10.5600004196167,7.702499866485596,-0.20350000262260437,0.0005000000237487257
1787109149.8346531,resting,fast,1787109113.923551,7.119999885559082,-35.58000183105469,10.5600004196167,7.702499866485596,-0.20350000262260437,0.0005000000237487257
1787109149.8458,resting,fast,1787109113.923551,7.119999885559082,-35.58000183105469,10.5600004196167,7.702499866485596,-0.20350000262260437,0.0005000000237487257
1787109149.8570232,resting,fast,1787109113.923551,7.119999885559082,-35.58000183105469,10.5600004196167,7.702499866485596,-0.20350000262260437,0.0005000000237487257
1787109149.868285,resting,fast,1787109113.923551,7.119999885559082,-35.58000183105469,10.5600004196167,7.702499866485596,-0.20350000262260437,0.0005000000237487257
1787109149.879289,resting,fast,1787109113.923551,7.119999885559082,-35.58000183105469,10.5600004196167,7.702499866485596,-0.20350000262260437,0.0005000000237487257
1787109149.8903825,resting,fast,1787109113.923551,7.119999885559082,-35.58000183105469,10.5600004196167,7.702499866485596,-0.20350000262260437,0.0005000000237487257
1787109149.9014008,resting,fast,1787109113.923551,7.119999885559082,-35.58000183105469,10.5600004196167,7.702499866485596,-0.20350000262260437,0.0005000000237487257
1787109149.9124103,resting,fast,1787109113.923551,7.119999885559082,-35.58000183105469,10.5600004196167,7.702499866485596,-0.20350000262260437,0.0005000000237487257
1787109149.9236188,resting,fast,1787109113.923551,7.119999885559082,-35.58000183105469,10.5600004196167,7.702499866485596,-0.20350000262260437,0.0005000000237487257
1787109149.9346187,resting,fast,1787109113.923551,7.119999885559082,-35.58000183105469,10.5600004196167,7.702499866485596,-0.20350000262260437,0.0005000000237487257
1787109149.9456592,resting,fast,1787109113.923551,7.119999885559082,-35.58000183105469,10.5600004196167,7.702499866485596,-0.20350000262260437,0.0005000000237487257
1787109149.9566498,resting,fast,1787109113.923551,7.119999885559082,-35.58000183105469,10.5600004196167,7.702499866485596,-0.20350000262260437,0.0005000000237487257
1787109149.9677725,resting,fast,1787109113.923551,7.119999885559082,-35.58000183105469,10.5600004196167,7.702499866485596,-0.20350000262260437,0.0005000000237487257
1787109149.9788554,resting,fast,1787109113.923551,7.119999885559082,-35.58000183105469,10.5600004196167,7.702499866485596,-0.20350000262260437,0.0005000000237487257
1787109149.9901505,resting,fast,1787109113.923551,7.119999885559082,-35.58000183105469,10.5600004196167,7.702499866485596,-0.20350000262260437,0.0005000000237487257
1787109150.0011249,resting,fast,1787109113.923551,7.119999885559082,-35.58000183105469,10.5600004196167,7.702499866485596,-0.20350000262260437,0.0005000000237487257
1787109150.0119605,resting,fast,1787109113.923551,7.119999885559082,-35.58000183105469,10.5600004196167,7.702499866485596,-0.20350000262260437,0.0005000000237487257
1787109150.023041,resting,fast,1787109113.923551,7.119999885559082,-35.58000183105469,10.5600004196167,7.702499866485596,-0.20350000262260437,0.0005000000237487257
1787109150.0341113,resting,fast,1787109113.923551,7.119999885559082,-35.58000183105469,10.5600004196167,7.702499866485596,-0.20350000262260437,0.0005000000237487257
1787109150.045232,resting,fast,1787109113.923551,7.119999885559082,-35.58000183105469,10.5600004196167,7.702499866485596,-0.20350000262260437,0.0005000000237487257
1787109150.0564198,resting,fast,1787109113.923551,7.119999885559082,-35.58000183105469,10.5600004196167,7.702499866485596,-0.20350000262260437,0.0005000000237487257
1787109150.0675113,resting,fast,1787109113.923551,7.119999885559082,-35.58000183105469,10.5600004196167,7.702499866485596,-0.20350000262260437,0.0005000000237487257
1787109150.0785208,resting,fast,1787109113.923551,7.119999885559082,-35.58000183105469,10.5600004196167,7.702499866485596,-0.20350000262260437,0.0005000000237487257
1787109150.089411,resting,fast,1787109113.923551,7.119999885559082,-35.58000183105469,10.5600004196167,7.702499866485596,-0.20350000262260437,0.0005000000237487257
1787109150.1005187,resting,fast,1787109113.923551,7.119999885559082,-35.58000183105469,10.5600004196167,7.702499866485596,-0.20350000262260437,0.0005000000237487257
1787109150.1116116,resting,fast,1787109113.923551,7.119999885559082,-35.58000183105469,10.5600004196167,7.702499866485596,-0.20350000262260437,0.0005000000237487257
1787109150.1227849,resting,fast,1787109113.923551,7.119999885559082,-35.58000183105469,10.5600004196167,7.702499866485596,-0.20350000262260437,0.0005000000237487257
1787109150.1337836,resting,fast,1787109113.923551,7.119999885559082,-35.58000183105469,10.5600004196167,7.702499866485596,-0.20350000262260437,0.0005000000237487257
1787109150.1447816,resting,fast,1787109113.923551,7.119999885559082,-35.58000183105469,10.5600004196167,7.702499866485596,-0.20350000262260437,0.0005000000237487257
1787109150.1557202,resting,fast,1787109113.923551,7.119999885559082,-35.58000183105469,10.5600004196167,7.702499866485596,-0.20350000262260437,0.0005000000237487257
1787109150.1666448,resting,fast,1787109113.923551,7.119999885559082,-35.58000183105469,10.5600004196167,7.702499866485596,-0.20350000262260437,0.0005000000237487257
1787109150.1775148,resting,fast,1787109113.923551,7.119999885559082,-35.58000183105469,10.5600004196167,7.702499866485596,-0.20350000262260437,0.0005000000237487257
1787109150.1884742,resting,fast,1787109113.923551,7.119999885559082,-35.58000183105469,10.5600004196167,7.702499866485596,-0.20350000262260437,0.0005000000237487257
1787109150.1995726,resting,fast,1787109113.923551,7.119999885559082,-35.58000183105469,10.5600004196167,7.702499866485596,-0.20350000262260437,0.0005000000237487257
1787109150.210522,resting,fast,1787109113.923551,7.119999885559082,-35.58000183105469,10.5600004196167,7.702499866485596,-0.20350000262260437,0.0005000000237487257
1787109150.2215323,resting,fast,1787109113.923551,7.119999885559082,-35.58000183105469,10.5600004196167,7.702499866485596,-0.20350000262260437,0.0005000000237487257
1787109150.2324655,resting,fast,1787109113.923551,7.119999885559082,-35.58000183105469,10.5600004196167,7.702499866485596,-0.20350000262260437,0.0005000000237487257
1787109150.243459,resting,fast,1787109113.923551,7.119999885559082,-35.58000183105469,10.5600004196167,7.702499866485596,-0.20350000262260437,0.0005000000237487257
1787109150.2545733,resting,fast,1787109113.923551,7.119999885559082,-35.58000183105469,10.5600004196167,7.702499866485596,-0.20350000262260437,0.0005000000237487257
1787109150.265993,resting,fast,1787109113.923551,7.119999885559082,-35.58000183105469,10.5600004196167,7.702499866485596,-0.20350000262260437,0.0005000000237487257
1787109150.2769346,resting,fast,1787109113.923551,7.119999885559082,-35.58000183105469,10.5600004196167,7.702499866485596,-0.20350000262260437,0.0005000000237487257
1787109150.287958,resting,fast,1787109113.923551,7.119999885559082,-35.58000183105469,10.5600004196167,7.702499866485596,-0.20350000262260437,0.0005000000237487257
1787109150.2990305,resting,fast,1787109113.923551,7.119999885559082,-35.58000183105469,10.5600004196167,7.702499866485596,-0.20350000262260437,0.0005000000237487257
1787109150.3100038,resting,fast,1787109113.923551,7.119999885559082,-35.58000183105469,10.5600004196167,7.702499866485596,-0.20350000262260437,0.0005000000237487257
1787109150.3209736,resting,fast,1787109113.923551,7.119999885559082,-35.58000183105469,10.5600004196167,7.702499866485596,-0.20350000262260437,0.0005000000237487257
1787109150.331893,resting,fast,1787109113.923551,7.119999885559082,-35.58000183105469,10.5600004196167,7.702499866485596,-0.20350000262260437,0.0005000000237487257
1787109150.3428657,resting,fast,1787109113.923551,7.119999885559082,-35.58000183105469,10.5600004196167,7.702499866485596,-0.20350000262260437,0.0005000000237487257
1787109150.353696,resting,fast,1787109113.923551,7.119999885559082,-35.58000183105469,10.5600004196167,7.702499866485596,-0.20350000262260437,0.0005000000237487257
1787109150.364642,resting,fast,1787109113.923551,7.119999885559082,-35.58000183105469,10.5600004196167,7.702499866485596,-0.20350000262260437,0.0005000000237487257
1787109150.3754978,resting,fast,1787109113.923551,7.119999885559082,-35.58000183105469,10.5600004196167,7.702499866485596,-0.20350000262260437,0.0005000000237487257
1787109150.3863661,resting,fast,1787109113.923551,7.119999885559082,-35.58000183105469,10.5600004196167,7.702499866485596,-0.20350000262260437,0.0005000000237487257
1787109150.398525,resting,fast,1787109113.923551,7.119999885559082,-35.58000183105469,10.5600004196167,7.702499866485596,-0.20350000262260437,0.0005000000237487257
1787109150.409626,resting,fast,1787109113.923551,7.119999885559082,-35.58000183105469,10.5600004196167,7.702499866485596,-0.20350000262260437,0.0005000000237487257
1787109150.4208274,resting,fast,1787109113.923551,7.119999885559082,-35.58000183105469,10.5600004196167,7.702499866485596,-0.20350000262260437,0.0005000000237487257
1787109150.4319568,resting,fast,1787109113.923551,7.119999885559082,-35.58000183105469,10.5600004196167,7.702499866485596,-0.20350000262260437,0.0005000000237487257
1787109150.4433055,resting,fast,1787109113.923551,7.119999885559082,-35.58000183105469,10.5600004196167,7.702499866485596,-0.20350000262260437,0.0005000000237487257
1787109150.4542954,resting,fast,1787109113.923551,7.119999885559082,-35.58000183105469,10.5600004196167,7.702499866485596,-0.20350000262260437,0.0005000000237487257
1787109150.4653676,resting,fast,1787109113.923551,7.119999885559082,-35.58000183105469,10.5600004196167,7.702499866485596,-0.20350000262260437,0.0005000000237487257
1787109150.476494,resting,fast,1787109113.923551,7.119999885559082,-35.58000183105469,10.5600004196167,7.702499866485596,-0.20350000262260437,0.0005000000237487257
1787109150.487552,resting,fast,1787109113.923551,7.119999885559082,-35.58000183105469,10.5600004196167,7.702499866485596,-0.20350000262260437,0.0005000000237487257
1787109150.4986482,resting,fast,1787109113.923551,7.119999885559082,-35.58000183105469,10.5600004196167,7.702499866485596,-0.20350000262260437,0.0005000000237487257
1787109150.509774,resting,fast,1787109113.923551,7.119999885559082,-35.58000183105469,10.5600004196167,7.702499866485596,-0.20350000262260437,0.0005000000237487257
1787109150.5210283,resting,fast,1787109113.923551,7.119999885559082,-35.58000183105469,10.5600004196167,7.702499866485596,-0.20350000262260437,0.0005000000237487257
1787109150.5321226,resting,fast,1787109113.923551,7.119999885559082,-35.58000183105469,10.5600004196167,7.702499866485596,-0.20350000262260437,0.0005000000237487257
1787109150.543328,resting,fast,1787109113.923551,7.119999885559082,-35.58000183105469,10.5600004196167,7.702499866485596,-0.20350000262260437,0.0005000000237487257
1787109150.5544145,resting,fast,1787109113.923551,7.119999885559082,-35.58000183105469,10.5600004196167,7.702499866485596,-0.20350000262260437,0.0005000000237487257
1787109150.5655038,resting,fast,1787109113.923551,7.119999885559082,-35.58000183105469,10.5600004196167,7.702499866485596,-0.20350000262260437,0.0005000000237487257
1787109150.5765836,resting,fast,1787109113.923551,7.119999885559082,-35.58000183105469,10.5600004196167,7.702499866485596,-0.20350000262260437,0.0005000000237487257
1787109150.5876472,resting,fast,1787109113.923551,7.119999885559082,-35.58000183105469,10.5600004196167,7.702499866485596,-0.20350000262260437,0.0005000000237487257
1787109150.5985954,resting,fast,1787109113.923551,7.119999885559082,-35.58000183105469,10.5600004196167,7.702499866485596,-0.20350000262260437,0.0005000000237487257
1787109150.6094277,resting,fast,1787109113.923551,7.119999885559082,-35.58000183105469,10.5600004196167,7.702499866485596,-0.20350000262260437,0.0005000000237487257
1787109150.6204739,resting,fast,1787109113.923551,7.119999885559082,-35.58000183105469,10.5600004196167,7.702499866485596,-0.20350000262260437,0.0005000000237487257
1787109150.631554,resting,fast,1787109113.923551,7.119999885559082,-35.58000183105469,10.5600004196167,7.702499866485596,-0.20350000262260437,0.0005000000237487257
1787109150.6427727,resting,fast,1787109113.923551,7.119999885559082,-35.58000183105469,10.5600004196167,7.702499866485596,-0.20350000262260437,0.0005000000237487257
1787109150.6538503,resting,fast,1787109113.923551,7.119999885559082,-35.58000183105469,10.5600004196167,7.702499866485596,-0.20350000262260437,0.0005000000237487257
1787109150.6650648,resting,fast,1787109113.923551,7.119999885559082,-35.58000183105469,10.5600004196167,7.702499866485596,-0.20350000262260437,0.0005000000237487257
1787109150.6762211,resting,fast,1787109113.923551,7.119999885559082,-35.58000183105469,10.5600004196167,7.702499866485596,-0.20350000262260437,0.0005000000237487257
1787109150.6871154,resting,fast,1787109113.923551,7.119999885559082,-35.58000183105469,10.5600004196167,7.702499866485596,-0.20350000262260437,0.0005000000237487257
1787109150.69819,resting,fast,1787109113.923551,7.119999885559082,-35.58000183105469,10.5600004196167,7.702499866485596,-0.20350000262260437,0.0005000000237487257
1787109150.7093956,resting,fast,1787109113.923551,7.119999885559082,-35.58000183105469,10.5600004196167,7.702499866485596,-0.20350000262260437,0.0005000000237487257
1787109150.7204866,resting,fast,1787109113.923551,7.119999885559082,-35.58000183105469,10.5600004196167,7.702499866485596,-0.20350000262260437,0.0005000000237487257
1787109150.7316322,resting,fast,1787109113.923551,7.119999885559082,-35.58000183105469,10.5600004196167,7.702499866485596,-0.20350000262260437,0.0005000000237487257
1787109150.7426672,resting,fast,1787109113.923551,7.119999885559082,-35.58000183105469,10.5600004196167,7.702499866485596,-0.20350000262260437,0.0005000000237487257
1787109150.753734,resting,fast,1787109113.923551,7.119999885559082,-35.58000183105469,10.5600004196167,7.702499866485596,-0.20350000262260437,0.0005000000237487257
1787109150.764921,resting,fast,1787109113.923551,7.119999885559082,-35.58000183105469,10.5600004196167,7.702499866485596,-0.20350000262260437,0.0005000000237487257
1787109150.7759876,resting,fast,1787109113.923551,7.119999885559082,-35.58000183105469,10.5600004196167,7.702499866485596,-0.20350000262260437,0.0005000000237487257
1787109150.7870305,resting,fast,1787109113.923551,7.119999885559082,-35.58000183105469,10.5600004196167,7.702499866485596,-0.20350000262260437,0.0005000000237487257
1787109150.7983196,resting,fast,1787109113.923551,7.119999885559082,-35.58000183105469,10.5600004196167,7.702499866485596,-0.20350000262260437,0.0005000000237487257
1787109150.8094552,resting,fast,1787109113.923551,7.119999885559082,-35.58000183105469,10.5600004196167,7.702499866485596,-0.20350000262260437,0.0005000000237487257
1787109150.8205357,resting,fast,1787109113.923551,7.119999885559082,-35.58000183105469,10.5600004196167,7.702499866485596,-0.20350000262260437,0.0005000000237487257
1787109150.831806,resting,fast,1787109113.923551,7.119999885559082,-35.58000183105469,10.5600004196167,7.702499866485596,-0.20350000262260437,0.0005000000237487257
1787109150.8430297,resting,fast,1787109113.923551,7.119999885559082,-35.58000183105469,10.5600004196167,7.702499866485596,-0.20350000262260437,0.0005000000237487257
1787109150.854231,resting,fast,1787109113.923551,7.119999885559082,-35.58000183105469,10.5600004196167,7.702499866485596,-0.20350000262260437,0.0005000000237487257
1787109150.8653674,resting,fast,1787109113.923551,7.119999885559082,-35.58000183105469,10.5600004196167,7.702499866485596,-0.20350000262260437,0.0005000000237487257
1787109150.8763363,resting,fast,1787109113.923551,7.119999885559082,-35.58000183105469,10.5600004196167,7.702499866485596,-0.20350000262260437,0.0005000000237487257
1787109150.887404,resting,fast,1787109113.923551,7.119999885559082,-35.58000183105469,10.5600004196167,7.702499866485596,-0.20350000262260437,0.0005000000237487257
1787109150.8984776,resting,fast,1787109113.923551,7.119999885559082,-35.58000183105469,10.5600004196167,7.702499866485596,-0.20350000262260437,0.0005000000237487257
1787109150.909491,resting,fast,1787109113.923551,7.119999885559082,-35.58000183105469,10.5600004196167,7.702499866485596,-0.20350000262260437,0.0005000000237487257
1787109150.9205453,resting,fast,1787109113.923551,7.119999885559082,-35.58000183105469,10.5600004196167,7.702499866485596,-0.20350000262260437,0.0005000000237487257
1787109150.9317088,resting,fast,1787109113.923551,7.119999885559082,-35.58000183105469,10.5600004196167,7.702499866485596,-0.20350000262260437,0.0005000000237487257
1787109150.9427967,resting,fast,1787109113.923551,7.119999885559082,-35.58000183105469,10.5600004196167,7.702499866485596,-0.20350000262260437,0.0005000000237487257
1787109150.953699,resting,fast,1787109113.923551,7.119999885559082,-35.58000183105469,10.5600004196167,7.702499866485596,-0.20350000262260437,0.0005000000237487257
1787109150.9646447,resting,fast,1787109113.923551,7.119999885559082,-35.58000183105469,10.5600004196167,7.702499866485596,-0.20350000262260437,0.0005000000237487257
1787109150.9754977,resting,fast,1787109113.923551,7.119999885559082,-35.58000183105469,10.5600004196167,7.702499866485596,-0.20350000262260437,0.0005000000237487257
1787109150.986524,resting,fast,1787109113.923551,7.119999885559082,-35.58000183105469,10.5600004196167,7.702499866485596,-0.20350000262260437,0.0005000000237487257
1787109150.99759,resting,fast,1787109113.923551,7.119999885559082,-35.58000183105469,10.5600004196167,7.702499866485596,-0.20350000262260437,0.0005000000237487257
1787109151.0086,resting,fast,1787109113.923551,7.119999885559082,-35.58000183105469,10.5600004196167,7.702499866485596,-0.20350000262260437,0.0005000000237487257
1787109151.019672,resting,fast,1787109113.923551,7.119999885559082,-35.58000183105469,10.5600004196167,7.702499866485596,-0.20350000262260437,0.0005000000237487257
1787109151.0309103,resting,fast,1787109113.923551,7.119999885559082,-35.58000183105469,10.5600004196167,7.702499866485596,-0.20350000262260437,0.0005000000237487257
1787109151.0420299,resting,fast,1787109113.923551,7.119999885559082,-35.58000183105469,10.5600004196167,7.702499866485596,-0.20350000262260437,0.0005000000237487257
1787109151.0531666,resting,fast,1787109113.923551,7.119999885559082,-35.58000183105469,10.5600004196167,7.702499866485596,-0.20350000262260437,0.0005000000237487257
1787109151.0642726,resting,fast,1787109113.923551,7.119999885559082,-35.58000183105469,10.5600004196167,7.702499866485596,-0.20350000262260437,0.0005000000237487257
1787109151.075296,resting,fast,1787109113.923551,7.119999885559082,-35.58000183105469,10.5600004196167,7.702499866485596,-0.20350000262260437,0.0005000000237487257
1787109151.0863256,resting,fast,1787109113.923551,7.119999885559082,-35.58000183105469,10.5600004196167,7.702499866485596,-0.20350000262260437,0.0005000000237487257
1787109151.0973983,resting,fast,1787109113.923551,7.119999885559082,-35.58000183105469,10.5600004196167,7.702499866485596,-0.20350000262260437,0.0005000000237487257
1787109151.108377,resting,fast,1787109113.923551,7.119999885559082,-35.58000183105469,10.5600004196167,7.702499866485596,-0.20350000262260437,0.0005000000237487257
1787109151.1197143,resting,fast,1787109113.923551,7.119999885559082,-35.58000183105469,10.5600004196167,7.702499866485596,-0.20350000262260437,0.0005000000237487257
1787109151.1306736,resting,fast,1787109113.923551,7.119999885559082,-35.58000183105469,10.5600004196167,7.702499866485596,-0.20350000262260437,0.0005000000237487257
1787109151.1414652,resting,fast,1787109113.923551,7.119999885559082,-35.58000183105469,10.5600004196167,7.702499866485596,-0.20350000262260437,0.0005000000237487257
1787109151.1525295,resting,fast,1787109113.923551,7.119999885559082,-35.58000183105469,10.5600004196167,7.702499866485596,-0.20350000262260437,0.0005000000237487257
1787109151.163657,resting,fast,1787109113.923551,7.119999885559082,-35.58000183105469,10.5600004196167,7.702499866485596,-0.20350000262260437,0.0005000000237487257
1787109151.1746082,resting,fast,1787109113.923551,7.119999885559082,-35.58000183105469,10.5600004196167,7.702499866485596,-0.20350000262260437,0.0005000000237487257
1787109151.1857617,resting,fast,1787109113.923551,7.119999885559082,-35.58000183105469,10.5600004196167,7.702499866485596,-0.20350000262260437,0.0005000000237487257
1787109151.1967306,resting,fast,1787109113.923551,7.119999885559082,-35.58000183105469,10.5600004196167,7.702499866485596,-0.20350000262260437,0.0005000000237487257
1787109151.2076848,resting,fast,1787109113.923551,7.119999885559082,-35.58000183105469,10.5600004196167,7.702499866485596,-0.20350000262260437,0.0005000000237487257
1787109151.2188888,resting,fast,1787109113.923551,7.119999885559082,-35.58000183105469,10.5600004196167,7.702499866485596,-0.20350000262260437,0.0005000000237487257
1787109151.2299166,resting,fast,1787109113.923551,7.119999885559082,-35.58000183105469,10.5600004196167,7.702499866485596,-0.20350000262260437,0.0005000000237487257
1787109151.2410145,resting,fast,1787109113.923551,7.119999885559082,-35.58000183105469,10.5600004196167,7.702499866485596,-0.20350000262260437,0.0005000000237487257
1787109151.2524593,resting,fast,1787109113.923551,7.119999885559082,-35.58000183105469,10.5600004196167,7.702499866485596,-0.20350000262260437,0.0005000000237487257
1787109151.2635117,resting,fast,1787109113.923551,7.119999885559082,-35.58000183105469,10.5600004196167,7.702499866485596,-0.20350000262260437,0.0005000000237487257
1787109151.274466,resting,fast,1787109113.923551,7.119999885559082,-35.58000183105469,10.5600004196167,7.702499866485596,-0.20350000262260437,0.0005000000237487257
1787109151.2855701,resting,fast,1787109113.923551,7.119999885559082,-35.58000183105469,10.5600004196167,7.702499866485596,-0.20350000262260437,0.0005000000237487257
1787109151.2966993,resting,fast,1787109113.923551,7.119999885559082,-35.58000183105469,10.5600004196167,7.702499866485596,-0.20350000262260437,0.0005000000237487257
1787109151.3076508,resting,fast,1787109113.923551,7.119999885559082,-35.58000183105469,10.5600004196167,7.702499866485596,-0.20350000262260437,0.0005000000237487257
1787109151.3188052,resting,fast,1787109113.923551,7.119999885559082,-35.58000183105469,10.5600004196167,7.702499866485596,-0.20350000262260437,0.0005000000237487257
1787109151.329708,resting,fast,1787109113.923551,7.119999885559082,-35.58000183105469,10.5600004196167,7.702499866485596,-0.20350000262260437,0.0005000000237487257
1787109151.3404613,resting,fast,1787109113.923551,7.119999885559082,-35.58000183105469,10.5600004196167,7.702499866485596,-0.20350000262260437,0.0005000000237487257
1787109151.3513646,resting,fast,1787109113.923551,7.119999885559082,-35.58000183105469,10.5600004196167,7.702499866485596,-0.20350000262260437,0.0005000000237487257
1787109151.3624988,resting,fast,1787109113.923551,7.119999885559082,-35.58000183105469,10.5600004196167,7.702499866485596,-0.20350000262260437,0.0005000000237487257
1787109151.3734674,resting,fast,1787109113.923551,7.119999885559082,-35.58000183105469,10.5600004196167,7.702499866485596,-0.20350000262260437,0.0005000000237487257
1787109151.3843904,resting,fast,1787109113.923551,7.119999885559082,-35.58000183105469,10.5600004196167,7.702499866485596,-0.20350000262260437,0.0005000000237487257
1787109151.3954635,resting,fast,1787109113.923551,7.119999885559082,-35.58000183105469,10.5600004196167,7.702499866485596,-0.20350000262260437,0.0005000000237487257
1787109151.4065135,resting,fast,1787109113.923551,7.119999885559082,-35.58000183105469,10.5600004196167,7.702499866485596,-0.20350000262260437,0.0005000000237487257
1787109151.4175336,resting,fast,1787109113.923551,7.119999885559082,-35.58000183105469,10.5600004196167,7.702499866485596,-0.20350000262260437,0.0005000000237487257
1787109151.428601,resting,fast,1787109113.923551,7.119999885559082,-35.58000183105469,10.5600004196167,7.702499866485596,-0.20350000262260437,0.0005000000237487257
1787109151.4396946,resting,fast,1787109113.923551,7.119999885559082,-35.58000183105469,10.5600004196167,7.702499866485596,-0.20350000262260437,0.0005000000237487257
1787109151.4508595,resting,fast,1787109113.923551,7.119999885559082,-35.58000183105469,10.5600004196167,7.702499866485596,-0.20350000262260437,0.0005000000237487257
1787109151.4620523,resting,fast,1787109113.923551,7.119999885559082,-35.58000183105469,10.5600004196167,7.702499866485596,-0.20350000262260437,0.0005000000237487257
1787109151.4730759,resting,fast,1787109113.923551,7.119999885559082,-35.58000183105469,10.5600004196167,7.702499866485596,-0.20350000262260437,0.0005000000237487257
1787109151.4842114,resting,fast,1787109113.923551,7.119999885559082,-35.58000183105469,10.5600004196167,7.702499866485596,-0.20350000262260437,0.0005000000237487257
1787109151.4954453,resting,fast,1787109113.923551,7.119999885559082,-35.58000183105469,10.5600004196167,7.702499866485596,-0.20350000262260437,0.0005000000237487257
1787109151.506657,resting,fast,1787109113.923551,7.119999885559082,-35.58000183105469,10.5600004196167,7.702499866485596,-0.20350000262260437,0.0005000000237487257
1787109151.5174716,resting,fast,1787109113.923551,7.119999885559082,-35.58000183105469,10.5600004196167,7.702499866485596,-0.20350000262260437,0.0005000000237487257
1787109151.5286083,resting,fast,1787109113.923551,7.119999885559082,-35.58000183105469,10.5600004196167,7.702499866485596,-0.20350000262260437,0.0005000000237487257
1787109151.539713,resting,fast,1787109113.923551,7.119999885559082,-35.58000183105469,10.5600004196167,7.702499866485596,-0.20350000262260437,0.0005000000237487257
1787109151.550714,resting,fast,1787109113.923551,7.119999885559082,-35.58000183105469,10.5600004196167,7.702499866485596,-0.20350000262260437,0.0005000000237487257
1787109151.561925,resting,fast,1787109113.923551,7.119999885559082,-35.58000183105469,10.5600004196167,7.702499866485596,-0.20350000262260437,0.0005000000237487257
1787109151.5729566,resting,fast,1787109113.923551,7.119999885559082,-35.58000183105469,10.5600004196167,7.702499866485596,-0.20350000262260437,0.0005000000237487257
1787109151.5840516,resting,fast,1787109113.923551,7.119999885559082,-35.58000183105469,10.5600004196167,7.702499866485596,-0.20350000262260437,0.0005000000237487257
1787109151.595274,resting,fast,1787109113.923551,7.119999885559082,-35.58000183105469,10.5600004196167,7.702499866485596,-0.20350000262260437,0.0005000000237487257
1787109151.6062834,resting,fast,1787109113.923551,7.119999885559082,-35.58000183105469,10.5600004196167,7.702499866485596,-0.20350000262260437,0.0005000000237487257
1787109151.61733,resting,fast,1787109113.923551,7.119999885559082,-35.58000183105469,10.5600004196167,7.702499866485596,-0.20350000262260437,0.0005000000237487257
1787109151.6284063,resting,fast,1787109113.923551,7.119999885559082,-35.58000183105469,10.5600004196167,7.702499866485596,-0.20350000262260437,0.0005000000237487257
1787109151.639454,resting,fast,1787109113.923551,7.119999885559082,-35.58000183105469,10.5600004196167,7.702499866485596,-0.20350000262260437,0.0005000000237487257
1787109151.6503935,resting,fast,1787109113.923551,7.119999885559082,-35.58000183105469,10.5600004196167,7.702499866485596,-0.20350000262260437,0.0005000000237487257
1787109151.6613305,resting,fast,1787109113.923551,7.119999885559082,-35.58000183105469,10.5600004196167,7.702499866485596,-0.20350000262260437,0.0005000000237487257
1787109151.6723785,resting,fast,1787109113.923551,7.119999885559082,-35.58000183105469,10.5600004196167,7.702499866485596,-0.20350000262260437,0.0005000000237487257
1787109151.6838493,resting,fast,1787109113.923551,7.119999885559082,-35.58000183105469,10.5600004196167,7.702499866485596,-0.20350000262260437,0.0005000000237487257
1787109151.6949492,resting,fast,1787109113.923551,7.119999885559082,-35.58000183105469,10.5600004196167,7.702499866485596,-0.20350000262260437,0.0005000000237487257
1787109151.7072902,resting,fast,1787109113.923551,7.119999885559082,-35.58000183105469,10.5600004196167,7.702499866485596,-0.20350000262260437,0.0005000000237487257
1787109151.7191727,resting,fast,1787109113.923551,7.119999885559082,-35.58000183105469,10.5600004196167,7.702499866485596,-0.20350000262260437,0.0005000000237487257
1787109151.7321126,resting,fast,1787109113.923551,7.119999885559082,-35.58000183105469,10.5600004196167,7.702499866485596,-0.20350000262260437,0.0005000000237487257
1787109151.743201,resting,fast,1787109113.923551,7.119999885559082,-35.58000183105469,10.5600004196167,7.702499866485596,-0.20350000262260437,0.0005000000237487257
1787109151.7555873,resting,fast,1787109113.923551,7.119999885559082,-35.58000183105469,10.5600004196167,7.702499866485596,-0.20350000262260437,0.0005000000237487257
1787109151.7664237,resting,fast,1787109113.923551,7.119999885559082,-35.58000183105469,10.5600004196167,7.702499866485596,-0.20350000262260437,0.0005000000237487257
1787109151.7774918,resting,fast,1787109113.923551,7.119999885559082,-35.58000183105469,10.5600004196167,7.702499866485596,-0.20350000262260437,0.0005000000237487257
1787109151.788734,resting,fast,1787109113.923551,7.119999885559082,-35.58000183105469,10.5600004196167,7.702499866485596,-0.20350000262260437,0.0005000000237487257
1787109151.7998433,resting,fast,1787109113.923551,7.119999885559082,-35.58000183105469,10.5600004196167,7.702499866485596,-0.20350000262260437,0.0005000000237487257
1787109151.8110595,resting,fast,1787109113.923551,7.119999885559082,-35.58000183105469,10.5600004196167,7.702499866485596,-0.20350000262260437,0.0005000000237487257
1787109151.822178,resting,fast,1787109113.923551,7.119999885559082,-35.58000183105469,10.5600004196167,7.702499866485596,-0.20350000262260437,0.0005000000237487257
1787109151.8331635,resting,fast,1787109113.923551,7.119999885559082,-35.58000183105469,10.5600004196167,7.702499866485596,-0.20350000262260437,0.0005000000237487257
1787109151.844234,resting,fast,1787109113.923551,7.119999885559082,-35.58000183105469,10.5600004196167,7.702499866485596,-0.20350000262260437,0.0005000000237487257
1787109151.8554416,resting,fast,1787109113.923551,7.119999885559082,-35.58000183105469,10.5600004196167,7.702499866485596,-0.20350000262260437,0.0005000000237487257
1787109151.8667104,resting,fast,1787109113.923551,7.119999885559082,-35.58000183105469,10.5600004196167,7.702499866485596,-0.20350000262260437,0.0005000000237487257
1787109151.8779902,resting,fast,1787109113.923551,7.119999885559082,-35.58000183105469,10.5600004196167,7.702499866485596,-0.20350000262260437,0.0005000000237487257
1787109151.8890378,resting,fast,1787109113.923551,7.119999885559082,-35.58000183105469,10.5600004196167,7.702499866485596,-0.20350000262260437,0.0005000000237487257
1787109151.9003592,resting,fast,1787109113.923551,7.119999885559082,-35.58000183105469,10.5600004196167,7.702499866485596,-0.20350000262260437,0.0005000000237487257
1787109151.911221,resting,fast,1787109113.923551,7.119999885559082,-35.58000183105469,10.5600004196167,7.702499866485596,-0.20350000262260437,0.0005000000237487257
1787109151.9221961,resting,fast,1787109113.923551,7.119999885559082,-35.58000183105469,10.5600004196167,7.702499866485596,-0.20350000262260437,0.0005000000237487257
1787109151.9332592,resting,fast,1787109113.923551,7.119999885559082,-35.58000183105469,10.5600004196167,7.702499866485596,-0.20350000262260437,0.0005000000237487257
1787109151.9442883,resting,fast,1787109113.923551,7.119999885559082,-35.58000183105469,10.5600004196167,7.702499866485596,-0.20350000262260437,0.0005000000237487257
1787109151.9555964,resting,fast,1787109113.923551,7.119999885559082,-35.58000183105469,10.5600004196167,7.702499866485596,-0.20350000262260437,0.0005000000237487257
1787109151.9666603,resting,fast,1787109113.923551,7.119999885559082,-35.58000183105469,10.5600004196167,7.702499866485596,-0.20350000262260437,0.0005000000237487257
1787109151.9775052,resting,fast,1787109113.923551,7.119999885559082,-35.58000183105469,10.5600004196167,7.702499866485596,-0.20350000262260437,0.0005000000237487257
1787109151.9884005,resting,fast,1787109113.923551,7.119999885559082,-35.58000183105469,10.5600004196167,7.702499866485596,-0.20350000262260437,0.0005000000237487257
1787109151.9995418,resting,fast,1787109113.923551,7.119999885559082,-35.58000183105469,10.5600004196167,7.702499866485596,-0.20350000262260437,0.0005000000237487257
1787109152.0105855,resting,fast,1787109113.923551,7.119999885559082,-35.58000183105469,10.5600004196167,7.702499866485596,-0.20350000262260437,0.0005000000237487257
1787109152.021773,resting,fast,1787109113.923551,7.119999885559082,-35.58000183105469,10.5600004196167,7.702499866485596,-0.20350000262260437,0.0005000000237487257
1787109152.0327475,resting,fast,1787109113.923551,7.119999885559082,-35.58000183105469,10.5600004196167,7.702499866485596,-0.20350000262260437,0.0005000000237487257
1787109152.0438843,resting,fast,1787109113.923551,7.119999885559082,-35.58000183105469,10.5600004196167,7.702499866485596,-0.20350000262260437,0.0005000000237487257
1787109152.0551357,resting,fast,1787109113.923551,7.119999885559082,-35.58000183105469,10.5600004196167,7.702499866485596,-0.20350000262260437,0.0005000000237487257
1787109152.0663176,resting,fast,1787109113.923551,7.119999885559082,-35.58000183105469,10.5600004196167,7.702499866485596,-0.20350000262260437,0.0005000000237487257
1787109152.0773263,resting,fast,1787109113.923551,7.119999885559082,-35.58000183105469,10.5600004196167,7.702499866485596,-0.20350000262260437,0.0005000000237487257
1787109152.08866,resting,fast,1787109113.923551,7.119999885559082,-35.58000183105469,10.5600004196167,7.702499866485596,-0.20350000262260437,0.0005000000237487257
1787109152.0996618,resting,fast,1787109113.923551,7.119999885559082,-35.58000183105469,10.5600004196167,7.702499866485596,-0.20350000262260437,0.0005000000237487257
1787109152.110696,resting,fast,1787109113.923551,7.119999885559082,-35.58000183105469,10.5600004196167,7.702499866485596,-0.20350000262260437,0.0005000000237487257
1787109152.1218245,resting,fast,1787109113.923551,7.119999885559082,-35.58000183105469,10.5600004196167,7.702499866485596,-0.20350000262260437,0.0005000000237487257
1787109152.1327658,resting,fast,1787109113.923551,7.119999885559082,-35.58000183105469,10.5600004196167,7.702499866485596,-0.20350000262260437,0.0005000000237487257
1787109152.1439483,resting,fast,1787109113.923551,7.119999885559082,-35.58000183105469,10.5600004196167,7.702499866485596,-0.20350000262260437,0.0005000000237487257
1787109152.1551685,resting,fast,1787109113.923551,7.119999885559082,-35.58000183105469,10.5600004196167,7.702499866485596,-0.20350000262260437,0.0005000000237487257
1787109152.166162,resting,fast,1787109113.923551,7.119999885559082,-35.58000183105469,10.5600004196167,7.702499866485596,-0.20350000262260437,0.0005000000237487257
1787109152.1772237,resting,fast,1787109113.923551,7.119999885559082,-35.58000183105469,10.5600004196167,7.702499866485596,-0.20350000262260437,0.0005000000237487257
1787109152.1881819,resting,fast,1787109113.923551,7.119999885559082,-35.58000183105469,10.5600004196167,7.702499866485596,-0.20350000262260437,0.0005000000237487257
1787109152.1990142,resting,fast,1787109113.923551,7.119999885559082,-35.58000183105469,10.5600004196167,7.702499866485596,-0.20350000262260437,0.0005000000237487257
1787109152.2100067,resting,fast,1787109113.923551,7.119999885559082,-35.58000183105469,10.5600004196167,7.702499866485596,-0.20350000262260437,0.0005000000237487257
1787109152.2210968,resting,fast,1787109113.923551,7.119999885559082,-35.58000183105469,10.5600004196167,7.702499866485596,-0.20350000262260437,0.0005000000237487257
1787109152.2322338,resting,fast,1787109113.923551,7.119999885559082,-35.58000183105469,10.5600004196167,7.702499866485596,-0.20350000262260437,0.0005000000237487257
1787109152.24336,resting,fast,1787109113.923551,7.119999885559082,-35.58000183105469,10.5600004196167,7.702499866485596,-0.20350000262260437,0.0005000000237487257
1787109152.2543836,resting,fast,1787109113.923551,7.119999885559082,-35.58000183105469,10.5600004196167,7.702499866485596,-0.20350000262260437,0.0005000000237487257
1787109152.2653575,resting,fast,1787109113.923551,7.119999885559082,-35.58000183105469,10.5600004196167,7.702499866485596,-0.20350000262260437,0.0005000000237487257
1787109152.2765057,resting,fast,1787109113.923551,7.119999885559082,-35.58000183105469,10.5600004196167,7.702499866485596,-0.20350000262260437,0.0005000000237487257
1787109152.2875454,resting,fast,1787109113.923551,7.119999885559082,-35.58000183105469,10.5600004196167,7.702499866485596,-0.20350000262260437,0.0005000000237487257
1787109152.298593,resting,fast,1787109113.923551,7.119999885559082,-35.58000183105469,10.5600004196167,7.702499866485596,-0.20350000262260437,0.0005000000237487257
1787109152.3096986,resting,fast,1787109113.923551,7.119999885559082,-35.58000183105469,10.5600004196167,7.702499866485596,-0.20350000262260437,0.0005000000237487257
1787109152.3207855,resting,fast,1787109113.923551,7.119999885559082,-35.58000183105469,10.5600004196167,7.702499866485596,-0.20350000262260437,0.0005000000237487257
1787109152.331683,resting,fast,1787109113.923551,7.119999885559082,-35.58000183105469,10.5600004196167,7.702499866485596,-0.20350000262260437,0.0005000000237487257
1787109152.34283,resting,fast,1787109113.923551,7.119999885559082,-35.58000183105469,10.5600004196167,7.702499866485596,-0.20350000262260437,0.0005000000237487257
1787109152.3539004,resting,fast,1787109113.923551,7.119999885559082,-35.58000183105469,10.5600004196167,7.702499866485596,-0.20350000262260437,0.0005000000237487257
1787109152.3649805,resting,fast,1787109113.923551,7.119999885559082,-35.58000183105469,10.5600004196167,7.702499866485596,-0.20350000262260437,0.0005000000237487257
1787109152.3761477,resting,fast,1787109113.923551,7.119999885559082,-35.58000183105469,10.5600004196167,7.702499866485596,-0.20350000262260437,0.0005000000237487257
1787109152.3872614,resting,fast,1787109113.923551,7.119999885559082,-35.58000183105469,10.5600004196167,7.702499866485596,-0.20350000262260437,0.0005000000237487257
1787109152.3983572,resting,fast,1787109113.923551,7.119999885559082,-35.58000183105469,10.5600004196167,7.702499866485596,-0.20350000262260437,0.0005000000237487257
1787109152.4092736,resting,fast,1787109113.923551,7.119999885559082,-35.58000183105469,10.5600004196167,7.702499866485596,-0.20350000262260437,0.0005000000237487257
1787109152.4203184,resting,fast,1787109113.923551,7.119999885559082,-35.58000183105469,10.5600004196167,7.702499866485596,-0.20350000262260437,0.0005000000237487257
1787109152.431453,resting,fast,1787109113.923551,7.119999885559082,-35.58000183105469,10.5600004196167,7.702499866485596,-0.20350000262260437,0.0005000000237487257
1787109152.442838,resting,fast,1787109113.923551,7.119999885559082,-35.58000183105469,10.5600004196167,7.702499866485596,-0.20350000262260437,0.0005000000237487257
1787109152.4537988,resting,fast,1787109113.923551,7.119999885559082,-35.58000183105469,10.5600004196167,7.702499866485596,-0.20350000262260437,0.0005000000237487257
1787109152.4647048,resting,fast,1787109113.923551,7.119999885559082,-35.58000183105469,10.5600004196167,7.702499866485596,-0.20350000262260437,0.0005000000237487257
1787109152.47579,resting,fast,1787109113.923551,7.119999885559082,-35.58000183105469,10.5600004196167,7.702499866485596,-0.20350000262260437,0.0005000000237487257
1787109152.4871109,resting,fast,1787109113.923551,7.119999885559082,-35.58000183105469,10.5600004196167,7.702499866485596,-0.20350000262260437,0.0005000000237487257
1787109152.4982145,resting,fast,1787109113.923551,7.119999885559082,-35.58000183105469,10.5600004196167,7.702499866485596,-0.20350000262260437,0.0005000000237487257
1787109152.509324,resting,fast,1787109113.923551,7.119999885559082,-35.58000183105469,10.5600004196167,7.702499866485596,-0.20350000262260437,0.0005000000237487257
1787109152.5204835,resting,fast,1787109113.923551,7.119999885559082,-35.58000183105469,10.5600004196167,7.702499866485596,-0.20350000262260437,0.0005000000237487257
1787109152.5315192,resting,fast,1787109113.923551,7.119999885559082,-35.58000183105469,10.5600004196167,7.702499866485596,-0.20350000262260437,0.0005000000237487257
1787109152.542594,resting,fast,1787109113.923551,7.119999885559082,-35.58000183105469,10.5600004196167,7.702499866485596,-0.20350000262260437,0.0005000000237487257
1787109152.5537496,resting,fast,1787109113.923551,7.119999885559082,-35.58000183105469,10.5600004196167,7.702499866485596,-0.20350000262260437,0.0005000000237487257
1787109152.5646594,resting,fast,1787109113.923551,7.119999885559082,-35.58000183105469,10.5600004196167,7.702499866485596,-0.20350000262260437,0.0005000000237487257
1787109152.5757384,resting,fast,1787109113.923551,7.119999885559082,-35.58000183105469,10.5600004196167,7.702499866485596,-0.20350000262260437,0.0005000000237487257
1787109152.5869248,resting,fast,1787109113.923551,7.119999885559082,-35.58000183105469,10.5600004196167,7.702499866485596,-0.20350000262260437,0.0005000000237487257
1787109152.597864,resting,fast,1787109113.923551,7.119999885559082,-35.58000183105469,10.5600004196167,7.702499866485596,-0.20350000262260437,0.0005000000237487257
1787109152.608827,resting,fast,1787109113.923551,7.119999885559082,-35.58000183105469,10.5600004196167,7.702499866485596,-0.20350000262260437,0.0005000000237487257
1787109152.6199179,resting,fast,1787109113.923551,7.119999885559082,-35.58000183105469,10.5600004196167,7.702499866485596,-0.20350000262260437,0.0005000000237487257
1787109152.630906,resting,fast,1787109113.923551,7.119999885559082,-35.58000183105469,10.5600004196167,7.702499866485596,-0.20350000262260437,0.0005000000237487257
1787109152.6420486,resting,fast,1787109113.923551,7.119999885559082,-35.58000183105469,10.5600004196167,7.702499866485596,-0.20350000262260437,0.0005000000237487257
1787109152.6532922,resting,fast,1787109113.923551,7.119999885559082,-35.58000183105469,10.5600004196167,7.702499866485596,-0.20350000262260437,0.0005000000237487257
1787109152.6643202,resting,fast,1787109113.923551,7.119999885559082,-35.58000183105469,10.5600004196167,7.702499866485596,-0.20350000262260437,0.0005000000237487257
1787109152.6755066,resting,fast,1787109113.923551,7.119999885559082,-35.58000183105469,10.5600004196167,7.702499866485596,-0.20350000262260437,0.0005000000237487257
1787109152.686591,resting,fast,1787109113.923551,7.119999885559082,-35.58000183105469,10.5600004196167,7.702499866485596,-0.20350000262260437,0.0005000000237487257
1787109152.697557,resting,fast,1787109113.923551,7.119999885559082,-35.58000183105469,10.5600004196167,7.702499866485596,-0.20350000262260437,0.0005000000237487257
1787109152.7086625,resting,fast,1787109113.923551,7.119999885559082,-35.58000183105469,10.5600004196167,7.702499866485596,-0.20350000262260437,0.0005000000237487257
1787109152.719804,resting,fast,1787109113.923551,7.119999885559082,-35.58000183105469,10.5600004196167,7.702499866485596,-0.20350000262260437,0.0005000000237487257
1787109152.730702,resting,fast,1787109113.923551,7.119999885559082,-35.58000183105469,10.5600004196167,7.702499866485596,-0.20350000262260437,0.0005000000237487257
1787109152.7419612,resting,fast,1787109113.923551,7.119999885559082,-35.58000183105469,10.5600004196167,7.702499866485596,-0.20350000262260437,0.0005000000237487257
1787109152.7529955,resting,fast,1787109113.923551,7.119999885559082,-35.58000183105469,10.5600004196167,7.702499866485596,-0.20350000262260437,0.0005000000237487257
1787109152.7639585,resting,fast,1787109113.923551,7.119999885559082,-35.58000183105469,10.5600004196167,7.702499866485596,-0.20350000262260437,0.0005000000237487257
1787109152.7750273,resting,fast,1787109113.923551,7.119999885559082,-35.58000183105469,10.5600004196167,7.702499866485596,-0.20350000262260437,0.0005000000237487257
1787109152.7863808,resting,fast,1787109113.923551,7.119999885559082,-35.58000183105469,10.5600004196167,7.702499866485596,-0.20350000262260437,0.0005000000237487257
1787109152.7973406,resting,fast,1787109113.923551,7.119999885559082,-35.58000183105469,10.5600004196167,7.702499866485596,-0.20350000262260437,0.0005000000237487257
1787109152.8085022,resting,fast,1787109113.923551,7.119999885559082,-35.58000183105469,10.5600004196167,7.702499866485596,-0.20350000262260437,0.0005000000237487257
1787109152.8195198,resting,fast,1787109113.923551,7.119999885559082,-35.58000183105469,10.5600004196167,7.702499866485596,-0.20350000262260437,0.0005000000237487257
1787109152.8305283,resting,fast,1787109113.923551,7.119999885559082,-35.58000183105469,10.5600004196167,7.702499866485596,-0.20350000262260437,0.0005000000237487257
1787109152.8417087,resting,fast,1787109113.923551,7.119999885559082,-35.58000183105469,10.5600004196167,7.702499866485596,-0.20350000262260437,0.0005000000237487257
1787109152.8528795,resting,fast,1787109113.923551,7.119999885559082,-35.58000183105469,10.5600004196167,7.702499866485596,-0.20350000262260437,0.0005000000237487257
1787109152.8637402,resting,fast,1787109113.923551,7.119999885559082,-35.58000183105469,10.5600004196167,7.702499866485596,-0.20350000262260437,0.0005000000237487257
1787109152.8747704,resting,fast,1787109113.923551,7.119999885559082,-35.58000183105469,10.5600004196167,7.702499866485596,-0.20350000262260437,0.0005000000237487257
1787109152.8857236,resting,fast,1787109113.923551,7.119999885559082,-35.58000183105469,10.5600004196167,7.702499866485596,-0.20350000262260437,0.0005000000237487257
1787109152.8964808,resting,fast,1787109113.923551,7.119999885559082,-35.58000183105469,10.5600004196167,7.702499866485596,-0.20350000262260437,0.0005000000237487257
1787109152.907621,resting,fast,1787109113.923551,7.119999885559082,-35.58000183105469,10.5600004196167,7.702499866485596,-0.20350000262260437,0.0005000000237487257
1787109152.9187608,resting,fast,1787109113.923551,7.119999885559082,-35.58000183105469,10.5600004196167,7.702499866485596,-0.20350000262260437,0.0005000000237487257
1787109152.9299557,resting,fast,1787109113.923551,7.119999885559082,-35.58000183105469,10.5600004196167,7.702499866485596,-0.20350000262260437,0.0005000000237487257
1787109152.9409971,resting,fast,1787109113.923551,7.119999885559082,-35.58000183105469,10.5600004196167,7.702499866485596,-0.20350000262260437,0.0005000000237487257
1787109152.9520886,resting,fast,1787109113.923551,7.119999885559082,-35.58000183105469,10.5600004196167,7.702499866485596,-0.20350000262260437,0.0005000000237487257
1787109152.9631836,resting,fast,1787109113.923551,7.119999885559082,-35.58000183105469,10.5600004196167,7.702499866485596,-0.20350000262260437,0.0005000000237487257
1787109152.9743028,resting,fast,1787109113.923551,7.119999885559082,-35.58000183105469,10.5600004196167,7.702499866485596,-0.20350000262260437,0.0005000000237487257
1787109152.985376,resting,fast,1787109113.923551,7.119999885559082,-35.58000183105469,10.5600004196167,7.702499866485596,-0.20350000262260437,0.0005000000237487257
1787109152.9963927,resting,fast,1787109113.923551,7.119999885559082,-35.58000183105469,10.5600004196167,7.702499866485596,-0.20350000262260437,0.0005000000237487257
1787109153.0074775,resting,fast,1787109113.923551,7.119999885559082,-35.58000183105469,10.5600004196167,7.702499866485596,-0.20350000262260437,0.0005000000237487257
1787109153.0185783,resting,fast,1787109113.923551,7.119999885559082,-35.58000183105469,10.5600004196167,7.702499866485596,-0.20350000262260437,0.0005000000237487257
1787109153.0294724,resting,fast,1787109113.923551,7.119999885559082,-35.58000183105469,10.5600004196167,7.702499866485596,-0.20350000262260437,0.0005000000237487257
1787109153.0405772,resting,fast,1787109113.923551,7.119999885559082,-35.58000183105469,10.5600004196167,7.702499866485596,-0.20350000262260437,0.0005000000237487257
1787109153.0516512,resting,fast,1787109113.923551,7.119999885559082,-35.58000183105469,10.5600004196167,7.702499866485596,-0.20350000262260437,0.0005000000237487257
1787109153.0626726,resting,fast,1787109113.923551,7.119999885559082,-35.58000183105469,10.5600004196167,7.702499866485596,-0.20350000262260437,0.0005000000237487257
1787109153.0737734,resting,fast,1787109113.923551,7.119999885559082,-35.58000183105469,10.5600004196167,7.702499866485596,-0.20350000262260437,0.0005000000237487257
1787109153.0851507,resting,fast,1787109113.923551,7.119999885559082,-35.58000183105469,10.5600004196167,7.702499866485596,-0.20350000262260437,0.0005000000237487257
1787109153.0964217,resting,fast,1787109113.923551,7.119999885559082,-35.58000183105469,10.5600004196167,7.702499866485596,-0.20350000262260437,0.0005000000237487257
1787109153.1076741,resting,fast,1787109113.923551,7.119999885559082,-35.58000183105469,10.5600004196167,7.702499866485596,-0.20350000262260437,0.0005000000237487257
1787109153.118716,resting,fast,1787109113.923551,7.119999885559082,-35.58000183105469,10.5600004196167,7.702499866485596,-0.20350000262260437,0.0005000000237487257
1787109153.1294827,resting,fast,1787109113.923551,7.119999885559082,-35.58000183105469,10.5600004196167,7.702499866485596,-0.20350000262260437,0.0005000000237487257
1787109153.1406167,resting,fast,1787109113.923551,7.119999885559082,-35.58000183105469,10.5600004196167,7.702499866485596,-0.20350000262260437,0.0005000000237487257
1787109153.1518257,resting,fast,1787109113.923551,7.119999885559082,-35.58000183105469,10.5600004196167,7.702499866485596,-0.20350000262260437,0.0005000000237487257
1787109153.1626909,resting,fast,1787109113.923551,7.119999885559082,-35.58000183105469,10.5600004196167,7.702499866485596,-0.20350000262260437,0.0005000000237487257
1787109153.173781,resting,fast,1787109113.923551,7.119999885559082,-35.58000183105469,10.5600004196167,7.702499866485596,-0.20350000262260437,0.0005000000237487257
1787109153.1850307,resting,fast,1787109113.923551,7.119999885559082,-35.58000183105469,10.5600004196167,7.702499866485596,-0.20350000262260437,0.0005000000237487257
1787109153.1959794,resting,fast,1787109113.923551,7.119999885559082,-35.58000183105469,10.5600004196167,7.702499866485596,-0.20350000262260437,0.0005000000237487257
1787109153.2072566,resting,fast,1787109113.923551,7.119999885559082,-35.58000183105469,10.5600004196167,7.702499866485596,-0.20350000262260437,0.0005000000237487257
1787109153.2182298,resting,fast,1787109113.923551,7.119999885559082,-35.58000183105469,10.5600004196167,7.702499866485596,-0.20350000262260437,0.0005000000237487257
1787109153.2293942,resting,fast,1787109113.923551,7.119999885559082,-35.58000183105469,10.5600004196167,7.702499866485596,-0.20350000262260437,0.0005000000237487257
1787109153.240442,resting,fast,1787109113.923551,7.119999885559082,-35.58000183105469,10.5600004196167,7.702499866485596,-0.20350000262260437,0.0005000000237487257
1787109153.2515154,resting,fast,1787109113.923551,7.119999885559082,-35.58000183105469,10.5600004196167,7.702499866485596,-0.20350000262260437,0.0005000000237487257
1787109153.2625887,resting,fast,1787109113.923551,7.119999885559082,-35.58000183105469,10.5600004196167,7.702499866485596,-0.20350000262260437,0.0005000000237487257
1787109153.2736974,resting,fast,1787109113.923551,7.119999885559082,-35.58000183105469,10.5600004196167,7.702499866485596,-0.20350000262260437,0.0005000000237487257
1787109153.2850306,resting,fast,1787109113.923551,7.119999885559082,-35.58000183105469,10.5600004196167,7.702499866485596,-0.20350000262260437,0.0005000000237487257
1787109153.2960842,resting,fast,1787109113.923551,7.119999885559082,-35.58000183105469,10.5600004196167,7.702499866485596,-0.20350000262260437,0.0005000000237487257
1787109153.3072221,resting,fast,1787109113.923551,7.119999885559082,-35.58000183105469,10.5600004196167,7.702499866485596,-0.20350000262260437,0.0005000000237487257
1787109153.3183775,resting,fast,1787109113.923551,7.119999885559082,-35.58000183105469,10.5600004196167,7.702499866485596,-0.20350000262260437,0.0005000000237487257
1787109153.329411,resting,fast,1787109113.923551,7.119999885559082,-35.58000183105469,10.5600004196167,7.702499866485596,-0.20350000262260437,0.0005000000237487257
1787109153.3404493,resting,fast,1787109113.923551,7.119999885559082,-35.58000183105469,10.5600004196167,7.702499866485596,-0.20350000262260437,0.0005000000237487257
1787109153.3514073,resting,fast,1787109113.923551,7.119999885559082,-35.58000183105469,10.5600004196167,7.702499866485596,-0.20350000262260437,0.0005000000237487257
1787109153.3623705,resting,fast,1787109113.923551,7.119999885559082,-35.58000183105469,10.5600004196167,7.702499866485596,-0.20350000262260437,0.0005000000237487257
1787109153.3734622,resting,fast,1787109113.923551,7.119999885559082,-35.58000183105469,10.5600004196167,7.702499866485596,-0.20350000262260437,0.0005000000237487257
1787109153.384674,resting,fast,1787109113.923551,7.119999885559082,-35.58000183105469,10.5600004196167,7.702499866485596,-0.20350000262260437,0.0005000000237487257
1787109153.3955646,resting,fast,1787109113.923551,7.119999885559082,-35.58000183105469,10.5600004196167,7.702499866485596,-0.20350000262260437,0.0005000000237487257
1787109153.4064026,resting,fast,1787109113.923551,7.119999885559082,-35.58000183105469,10.5600004196167,7.702499866485596,-0.20350000262260437,0.0005000000237487257
1787109153.4173317,resting,fast,1787109113.923551,7.119999885559082,-35.58000183105469,10.5600004196167,7.702499866485596,-0.20350000262260437,0.0005000000237487257
1787109153.4284496,resting,fast,1787109113.923551,7.119999885559082,-35.58000183105469,10.5600004196167,7.702499866485596,-0.20350000262260437,0.0005000000237487257
1787109153.4394977,resting,fast,1787109113.923551,7.119999885559082,-35.58000183105469,10.5600004196167,7.702499866485596,-0.20350000262260437,0.0005000000237487257
1787109153.4503562,resting,fast,1787109113.923551,7.119999885559082,-35.58000183105469,10.5600004196167,7.702499866485596,-0.20350000262260437,0.0005000000237487257
1787109153.4614453,resting,fast,1787109113.923551,7.119999885559082,-35.58000183105469,10.5600004196167,7.702499866485596,-0.20350000262260437,0.0005000000237487257
1787109153.4725316,resting,fast,1787109113.923551,7.119999885559082,-35.58000183105469,10.5600004196167,7.702499866485596,-0.20350000262260437,0.0005000000237487257
1787109153.4836314,resting,fast,1787109113.923551,7.119999885559082,-35.58000183105469,10.5600004196167,7.702499866485596,-0.20350000262260437,0.0005000000237487257
1787109153.4946878,resting,fast,1787109113.923551,7.119999885559082,-35.58000183105469,10.5600004196167,7.702499866485596,-0.20350000262260437,0.0005000000237487257
1787109153.505751,resting,fast,1787109113.923551,7.119999885559082,-35.58000183105469,10.5600004196167,7.702499866485596,-0.20350000262260437,0.0005000000237487257
1787109153.5168648,resting,fast,1787109113.923551,7.119999885559082,-35.58000183105469,10.5600004196167,7.702499866485596,-0.20350000262260437,0.0005000000237487257
1787109153.527921,resting,fast,1787109113.923551,7.119999885559082,-35.58000183105469,10.5600004196167,7.702499866485596,-0.20350000262260437,0.0005000000237487257
1787109153.5390751,resting,fast,1787109113.923551,7.119999885559082,-35.58000183105469,10.5600004196167,7.702499866485596,-0.20350000262260437,0.0005000000237487257
1787109153.5501118,resting,fast,1787109113.923551,7.119999885559082,-35.58000183105469,10.5600004196167,7.702499866485596,-0.20350000262260437,0.0005000000237487257
1787109153.561182,resting,fast,1787109113.923551,7.119999885559082,-35.58000183105469,10.5600004196167,7.702499866485596,-0.20350000262260437,0.0005000000237487257
1787109153.572295,resting,fast,1787109113.923551,7.119999885559082,-35.58000183105469,10.5600004196167,7.702499866485596,-0.20350000262260437,0.0005000000237487257
1787109153.5834515,resting,fast,1787109113.923551,7.119999885559082,-35.58000183105469,10.5600004196167,7.702499866485596,-0.20350000262260437,0.0005000000237487257
1787109153.594429,resting,fast,1787109113.923551,7.119999885559082,-35.58000183105469,10.5600004196167,7.702499866485596,-0.20350000262260437,0.0005000000237487257
1787109153.6054738,resting,fast,1787109113.923551,7.119999885559082,-35.58000183105469,10.5600004196167,7.702499866485596,-0.20350000262260437,0.0005000000237487257
1787109153.61655,resting,fast,1787109113.923551,7.119999885559082,-35.58000183105469,10.5600004196167,7.702499866485596,-0.20350000262260437,0.0005000000237487257
1787109153.6273465,resting,fast,1787109113.923551,7.119999885559082,-35.58000183105469,10.5600004196167,7.702499866485596,-0.20350000262260437,0.0005000000237487257
1787109153.638407,resting,fast,1787109113.923551,7.119999885559082,-35.58000183105469,10.5600004196167,7.702499866485596,-0.20350000262260437,0.0005000000237487257
1787109153.6496859,resting,fast,1787109113.923551,7.119999885559082,-35.58000183105469,10.5600004196167,7.702499866485596,-0.20350000262260437,0.0005000000237487257
1787109153.6605995,resting,fast,1787109113.923551,7.119999885559082,-35.58000183105469,10.5600004196167,7.702499866485596,-0.20350000262260437,0.0005000000237487257
1787109153.671494,resting,fast,1787109113.923551,7.119999885559082,-35.58000183105469,10.5600004196167,7.702499866485596,-0.20350000262260437,0.0005000000237487257
1787109153.682364,resting,fast,1787109113.923551,7.119999885559082,-35.58000183105469,10.5600004196167,7.702499866485596,-0.20350000262260437,0.0005000000237487257
1787109153.6934698,resting,fast,1787109113.923551,7.119999885559082,-35.58000183105469,10.5600004196167,7.702499866485596,-0.20350000262260437,0.0005000000237487257
1787109153.704641,resting,fast,1787109113.923551,7.119999885559082,-35.58000183105469,10.5600004196167,7.702499866485596,-0.20350000262260437,0.0005000000237487257
1787109153.7157037,resting,fast,1787109113.923551,7.119999885559082,-35.58000183105469,10.5600004196167,7.702499866485596,-0.20350000262260437,0.0005000000237487257
1787109153.7266839,resting,fast,1787109113.923551,7.119999885559082,-35.58000183105469,10.5600004196167,7.702499866485596,-0.20350000262260437,0.0005000000237487257
1787109153.737477,resting,fast,1787109113.923551,7.119999885559082,-35.58000183105469,10.5600004196167,7.702499866485596,-0.20350000262260437,0.0005000000237487257
1787109153.7484791,resting,fast,1787109113.923551,7.119999885559082,-35.58000183105469,10.5600004196167,7.702499866485596,-0.20350000262260437,0.0005000000237487257
1787109153.7596114,resting,fast,1787109113.923551,7.119999885559082,-35.58000183105469,10.5600004196167,7.702499866485596,-0.20350000262260437,0.0005000000237487257
1787109153.7707,resting,fast,1787109113.923551,7.119999885559082,-35.58000183105469,10.5600004196167,7.702499866485596,-0.20350000262260437,0.0005000000237487257
1787109153.7817287,resting,fast,1787109113.923551,7.119999885559082,-35.58000183105469,10.5600004196167,7.702499866485596,-0.20350000262260437,0.0005000000237487257
1787109153.7928522,resting,fast,1787109113.923551,7.119999885559082,-35.58000183105469,10.5600004196167,7.702499866485596,-0.20350000262260437,0.0005000000237487257
1787109153.8037684,resting,fast,1787109113.923551,7.119999885559082,-35.58000183105469,10.5600004196167,7.702499866485596,-0.20350000262260437,0.0005000000237487257
1787109153.8147228,resting,fast,1787109113.923551,7.119999885559082,-35.58000183105469,10.5600004196167,7.702499866485596,-0.20350000262260437,0.0005000000237487257
1787109153.8256762,resting,fast,1787109113.923551,7.119999885559082,-35.58000183105469,10.5600004196167,7.702499866485596,-0.20350000262260437,0.0005000000237487257
1787109153.8367262,resting,fast,1787109113.923551,7.119999885559082,-35.58000183105469,10.5600004196167,7.702499866485596,-0.20350000262260437,0.0005000000237487257
1787109153.8476295,resting,fast,1787109113.923551,7.119999885559082,-35.58000183105469,10.5600004196167,7.702499866485596,-0.20350000262260437,0.0005000000237487257
1787109153.858456,resting,fast,1787109113.923551,7.119999885559082,-35.58000183105469,10.5600004196167,7.702499866485596,-0.20350000262260437,0.0005000000237487257
1787109153.8694944,resting,fast,1787109113.923551,7.119999885559082,-35.58000183105469,10.5600004196167,7.702499866485596,-0.20350000262260437,0.0005000000237487257
1787109153.8805697,resting,fast,1787109113.923551,7.119999885559082,-35.58000183105469,10.5600004196167,7.702499866485596,-0.20350000262260437,0.0005000000237487257
1787109153.891594,resting,fast,1787109113.923551,7.119999885559082,-35.58000183105469,10.5600004196167,7.702499866485596,-0.20350000262260437,0.0005000000237487257
1787109153.9026976,resting,fast,1787109113.923551,7.119999885559082,-35.58000183105469,10.5600004196167,7.702499866485596,-0.20350000262260437,0.0005000000237487257
1787109153.914132,resting,fast,1787109113.923551,7.119999885559082,-35.58000183105469,10.5600004196167,7.702499866485596,-0.20350000262260437,0.0005000000237487257
1787109153.9250655,resting,fast,1787109113.923551,7.119999885559082,-35.58000183105469,10.5600004196167,7.702499866485596,-0.20350000262260437,0.0005000000237487257
1787109153.935893,resting,fast,1787109113.923551,7.119999885559082,-35.58000183105469,10.5600004196167,7.702499866485596,-0.20350000262260437,0.0005000000237487257
1787109153.946692,resting,fast,1787109113.923551,7.119999885559082,-35.58000183105469,10.5600004196167,7.702499866485596,-0.20350000262260437,0.0005000000237487257
1787109153.9575644,resting,fast,1787109113.923551,7.119999885559082,-35.58000183105469,10.5600004196167,7.702499866485596,-0.20350000262260437,0.0005000000237487257
1787109153.9683878,resting,fast,1787109113.923551,7.119999885559082,-35.58000183105469,10.5600004196167,7.702499866485596,-0.20350000262260437,0.0005000000237487257
1787109153.9792747,resting,fast,1787109113.923551,7.119999885559082,-35.58000183105469,10.5600004196167,7.702499866485596,-0.20350000262260437,0.0005000000237487257
1787109153.990084,resting,fast,1787109113.923551,7.119999885559082,-35.58000183105469,10.5600004196167,7.702499866485596,-0.20350000262260437,0.0005000000237487257
1787109154.0009675,resting,fast,1787109113.923551,7.119999885559082,-35.58000183105469,10.5600004196167,7.702499866485596,-0.20350000262260437,0.0005000000237487257
1787109154.0118372,resting,fast,1787109113.923551,7.119999885559082,-35.58000183105469,10.5600004196167,7.702499866485596,-0.20350000262260437,0.0005000000237487257
1787109154.022775,resting,fast,1787109113.923551,7.119999885559082,-35.58000183105469,10.5600004196167,7.702499866485596,-0.20350000262260437,0.0005000000237487257
1787109154.0338004,resting,fast,1787109113.923551,7.119999885559082,-35.58000183105469,10.5600004196167,7.702499866485596,-0.20350000262260437,0.0005000000237487257
1787109154.0450337,resting,fast,1787109113.923551,7.119999885559082,-35.58000183105469,10.5600004196167,7.702499866485596,-0.20350000262260437,0.0005000000237487257
1787109154.056121,resting,fast,1787109113.923551,7.119999885559082,-35.58000183105469,10.5600004196167,7.702499866485596,-0.20350000262260437,0.0005000000237487257
1787109154.0671892,resting,fast,1787109113.923551,7.119999885559082,-35.58000183105469,10.5600004196167,7.702499866485596,-0.20350000262260437,0.0005000000237487257
1787109154.0781868,resting,fast,1787109113.923551,7.119999885559082,-35.58000183105469,10.5600004196167,7.702499866485596,-0.20350000262260437,0.0005000000237487257
1787109154.089215,resting,fast,1787109113.923551,7.119999885559082,-35.58000183105469,10.5600004196167,7.702499866485596,-0.20350000262260437,0.0005000000237487257
1787109154.1005049,resting,fast,1787109113.923551,7.119999885559082,-35.58000183105469,10.5600004196167,7.702499866485596,-0.20350000262260437,0.0005000000237487257
1787109154.1115613,resting,fast,1787109113.923551,7.119999885559082,-35.58000183105469,10.5600004196167,7.702499866485596,-0.20350000262260437,0.0005000000237487257
1787109154.1229537,resting,fast,1787109113.923551,7.119999885559082,-35.58000183105469,10.5600004196167,7.702499866485596,-0.20350000262260437,0.0005000000237487257
1787109154.134257,resting,fast,1787109113.923551,7.119999885559082,-35.58000183105469,10.5600004196167,7.702499866485596,-0.20350000262260437,0.0005000000237487257
1787109154.1453884,resting,fast,1787109113.923551,7.119999885559082,-35.58000183105469,10.5600004196167,7.702499866485596,-0.20350000262260437,0.0005000000237487257
1787109154.1565647,resting,fast,1787109113.923551,7.119999885559082,-35.58000183105469,10.5600004196167,7.702499866485596,-0.20350000262260437,0.0005000000237487257
1787109154.1677246,resting,fast,1787109113.923551,7.119999885559082,-35.58000183105469,10.5600004196167,7.702499866485596,-0.20350000262260437,0.0005000000237487257
1787109154.1788485,resting,fast,1787109113.923551,7.119999885559082,-35.58000183105469,10.5600004196167,7.702499866485596,-0.20350000262260437,0.0005000000237487257
1787109154.1898668,resting,fast,1787109113.923551,7.119999885559082,-35.58000183105469,10.5600004196167,7.702499866485596,-0.20350000262260437,0.0005000000237487257
1787109154.201267,resting,fast,1787109113.923551,7.119999885559082,-35.58000183105469,10.5600004196167,7.702499866485596,-0.20350000262260437,0.0005000000237487257
1787109154.212254,resting,fast,1787109113.923551,7.119999885559082,-35.58000183105469,10.5600004196167,7.702499866485596,-0.20350000262260437,0.0005000000237487257
1787109154.2232165,resting,fast,1787109113.923551,7.119999885559082,-35.58000183105469,10.5600004196167,7.702499866485596,-0.20350000262260437,0.0005000000237487257
1787109154.2344093,resting,fast,1787109113.923551,7.119999885559082,-35.58000183105469,10.5600004196167,7.702499866485596,-0.20350000262260437,0.0005000000237487257
1787109154.2455401,resting,fast,1787109113.923551,7.119999885559082,-35.58000183105469,10.5600004196167,7.702499866485596,-0.20350000262260437,0.0005000000237487257
1787109154.2564197,resting,fast,1787109113.923551,7.119999885559082,-35.58000183105469,10.5600004196167,7.702499866485596,-0.20350000262260437,0.0005000000237487257
1787109154.267717,resting,fast,1787109113.923551,7.119999885559082,-35.58000183105469,10.5600004196167,7.702499866485596,-0.20350000262260437,0.0005000000237487257
1787109154.278835,resting,fast,1787109113.923551,7.119999885559082,-35.58000183105469,10.5600004196167,7.702499866485596,-0.20350000262260437,0.0005000000237487257
1787109154.289879,resting,fast,1787109113.923551,7.119999885559082,-35.58000183105469,10.5600004196167,7.702499866485596,-0.20350000262260437,0.0005000000237487257
1787109154.3010006,resting,fast,1787109113.923551,7.119999885559082,-35.58000183105469,10.5600004196167,7.702499866485596,-0.20350000262260437,0.0005000000237487257
1787109154.3121395,resting,fast,1787109113.923551,7.119999885559082,-35.58000183105469,10.5600004196167,7.702499866485596,-0.20350000262260437,0.0005000000237487257
1787109154.323222,resting,fast,1787109113.923551,7.119999885559082,-35.58000183105469,10.5600004196167,7.702499866485596,-0.20350000262260437,0.0005000000237487257
1787109154.3344953,resting,fast,1787109113.923551,7.119999885559082,-35.58000183105469,10.5600004196167,7.702499866485596,-0.20350000262260437,0.0005000000237487257
1787109154.3457391,resting,fast,1787109113.923551,7.119999885559082,-35.58000183105469,10.5600004196167,7.702499866485596,-0.20350000262260437,0.0005000000237487257
1787109154.3567348,resting,fast,1787109113.923551,7.119999885559082,-35.58000183105469,10.5600004196167,7.702499866485596,-0.20350000262260437,0.0005000000237487257
1787109154.3680584,resting,fast,1787109113.923551,7.119999885559082,-35.58000183105469,10.5600004196167,7.702499866485596,-0.20350000262260437,0.0005000000237487257
1787109154.3793252,resting,fast,1787109113.923551,7.119999885559082,-35.58000183105469,10.5600004196167,7.702499866485596,-0.20350000262260437,0.0005000000237487257
1787109154.390361,resting,fast,1787109113.923551,7.119999885559082,-35.58000183105469,10.5600004196167,7.702499866485596,-0.20350000262260437,0.0005000000237487257
1787109154.4017377,resting,fast,1787109113.923551,7.119999885559082,-35.58000183105469,10.5600004196167,7.702499866485596,-0.20350000262260437,0.0005000000237487257
1787109154.4129286,resting,fast,1787109113.923551,7.119999885559082,-35.58000183105469,10.5600004196167,7.702499866485596,-0.20350000262260437,0.0005000000237487257
1787109154.423969,resting,fast,1787109113.923551,7.119999885559082,-35.58000183105469,10.5600004196167,7.702499866485596,-0.20350000262260437,0.0005000000237487257
1787109154.435076,resting,fast,1787109113.923551,7.119999885559082,-35.58000183105469,10.5600004196167,7.702499866485596,-0.20350000262260437,0.0005000000237487257
1787109154.4462767,resting,fast,1787109113.923551,7.119999885559082,-35.58000183105469,10.5600004196167,7.702499866485596,-0.20350000262260437,0.0005000000237487257
1787109154.4573493,resting,fast,1787109113.923551,7.119999885559082,-35.58000183105469,10.5600004196167,7.702499866485596,-0.20350000262260437,0.0005000000237487257
1787109154.4687295,resting,fast,1787109113.923551,7.119999885559082,-35.58000183105469,10.5600004196167,7.702499866485596,-0.20350000262260437,0.0005000000237487257
1787109154.4797437,resting,fast,1787109113.923551,7.119999885559082,-35.58000183105469,10.5600004196167,7.702499866485596,-0.20350000262260437,0.0005000000237487257
1787109154.4905176,resting,fast,1787109113.923551,7.119999885559082,-35.58000183105469,10.5600004196167,7.702499866485596,-0.20350000262260437,0.0005000000237487257
1787109154.5017138,resting,fast,1787109113.923551,7.119999885559082,-35.58000183105469,10.5600004196167,7.702499866485596,-0.20350000262260437,0.0005000000237487257
1787109154.5128841,resting,fast,1787109113.923551,7.119999885559082,-35.58000183105469,10.5600004196167,7.702499866485596,-0.20350000262260437,0.0005000000237487257
1787109154.52387,resting,fast,1787109113.923551,7.119999885559082,-35.58000183105469,10.5600004196167,7.702499866485596,-0.20350000262260437,0.0005000000237487257
1787109154.5352077,resting,fast,1787109113.923551,7.119999885559082,-35.58000183105469,10.5600004196167,7.702499866485596,-0.20350000262260437,0.0005000000237487257
1787109154.54652,resting,fast,1787109113.923551,7.119999885559082,-35.58000183105469,10.5600004196167,7.702499866485596,-0.20350000262260437,0.0005000000237487257
1787109154.557642,resting,fast,1787109113.923551,7.119999885559082,-35.58000183105469,10.5600004196167,7.702499866485596,-0.20350000262260437,0.0005000000237487257
1787109154.5689242,resting,fast,1787109113.923551,7.119999885559082,-35.58000183105469,10.5600004196167,7.702499866485596,-0.20350000262260437,0.0005000000237487257
1787109154.5800693,resting,fast,1787109113.923551,7.119999885559082,-35.58000183105469,10.5600004196167,7.702499866485596,-0.20350000262260437,0.0005000000237487257
1787109154.5911198,resting,fast,1787109113.923551,7.119999885559082,-35.58000183105469,10.5600004196167,7.702499866485596,-0.20350000262260437,0.0005000000237487257
1787109154.6024764,resting,fast,1787109113.923551,7.119999885559082,-35.58000183105469,10.5600004196167,7.702499866485596,-0.20350000262260437,0.0005000000237487257
1787109154.6137505,resting,fast,1787109113.923551,7.119999885559082,-35.58000183105469,10.5600004196167,7.702499866485596,-0.20350000262260437,0.0005000000237487257
1787109154.6249685,resting,fast,1787109113.923551,7.119999885559082,-35.58000183105469,10.5600004196167,7.702499866485596,-0.20350000262260437,0.0005000000237487257
1787109154.6362534,resting,fast,1787109113.923551,7.119999885559082,-35.58000183105469,10.5600004196167,7.702499866485596,-0.20350000262260437,0.0005000000237487257
1787109154.647383,resting,fast,1787109113.923551,7.119999885559082,-35.58000183105469,10.5600004196167,7.702499866485596,-0.20350000262260437,0.0005000000237487257
1787109154.6584258,resting,fast,1787109113.923551,7.119999885559082,-35.58000183105469,10.5600004196167,7.702499866485596,-0.20350000262260437,0.0005000000237487257
1787109154.6695862,resting,fast,1787109113.923551,7.119999885559082,-35.58000183105469,10.5600004196167,7.702499866485596,-0.20350000262260437,0.0005000000237487257
1787109154.6832602,resting,fast,1787109113.923551,7.119999885559082,-35.58000183105469,10.5600004196167,7.702499866485596,-0.20350000262260437,0.0005000000237487257
1787109154.6943395,resting,fast,1787109113.923551,7.119999885559082,-35.58000183105469,10.5600004196167,7.702499866485596,-0.20350000262260437,0.0005000000237487257
1787109154.7059422,resting,fast,1787109113.923551,7.119999885559082,-35.58000183105469,10.5600004196167,7.702499866485596,-0.20350000262260437,0.0005000000237487257
1787109154.717085,resting,fast,1787109113.923551,7.119999885559082,-35.58000183105469,10.5600004196167,7.702499866485596,-0.20350000262260437,0.0005000000237487257
1787109154.7283103,resting,fast,1787109113.923551,7.119999885559082,-35.58000183105469,10.5600004196167,7.702499866485596,-0.20350000262260437,0.0005000000237487257
1787109154.7394893,resting,fast,1787109113.923551,7.119999885559082,-35.58000183105469,10.5600004196167,7.702499866485596,-0.20350000262260437,0.0005000000237487257
1787109154.7504613,resting,fast,1787109113.923551,7.119999885559082,-35.58000183105469,10.5600004196167,7.702499866485596,-0.20350000262260437,0.0005000000237487257
1787109154.7614477,resting,fast,1787109113.923551,7.119999885559082,-35.58000183105469,10.5600004196167,7.702499866485596,-0.20350000262260437,0.0005000000237487257
1787109154.7725537,resting,fast,1787109113.923551,7.119999885559082,-35.58000183105469,10.5600004196167,7.702499866485596,-0.20350000262260437,0.0005000000237487257
1787109154.7837658,resting,fast,1787109113.923551,7.119999885559082,-35.58000183105469,10.5600004196167,7.702499866485596,-0.20350000262260437,0.0005000000237487257
1787109154.7949548,resting,fast,1787109113.923551,7.119999885559082,-35.58000183105469,10.5600004196167,7.702499866485596,-0.20350000262260437,0.0005000000237487257
1787109154.806205,resting,fast,1787109113.923551,7.119999885559082,-35.58000183105469,10.5600004196167,7.702499866485596,-0.20350000262260437,0.0005000000237487257
1787109154.817264,resting,fast,1787109113.923551,7.119999885559082,-35.58000183105469,10.5600004196167,7.702499866485596,-0.20350000262260437,0.0005000000237487257
1787109154.828425,resting,fast,1787109113.923551,7.119999885559082,-35.58000183105469,10.5600004196167,7.702499866485596,-0.20350000262260437,0.0005000000237487257
1787109154.8395853,resting,fast,1787109113.923551,7.119999885559082,-35.58000183105469,10.5600004196167,7.702499866485596,-0.20350000262260437,0.0005000000237487257
1787109154.850717,resting,fast,1787109113.923551,7.119999885559082,-35.58000183105469,10.5600004196167,7.702499866485596,-0.20350000262260437,0.0005000000237487257
1787109154.861691,resting,fast,1787109113.923551,7.119999885559082,-35.58000183105469,10.5600004196167,7.702499866485596,-0.20350000262260437,0.0005000000237487257
1787109154.8727622,resting,fast,1787109113.923551,7.119999885559082,-35.58000183105469,10.5600004196167,7.702499866485596,-0.20350000262260437,0.0005000000237487257
1787109154.8839982,resting,fast,1787109113.923551,7.119999885559082,-35.58000183105469,10.5600004196167,7.702499866485596,-0.20350000262260437,0.0005000000237487257
1787109154.8952203,resting,fast,1787109113.923551,7.119999885559082,-35.58000183105469,10.5600004196167,7.702499866485596,-0.20350000262260437,0.0005000000237487257
1787109154.906375,resting,fast,1787109113.923551,7.119999885559082,-35.58000183105469,10.5600004196167,7.702499866485596,-0.20350000262260437,0.0005000000237487257
1787109154.917508,resting,fast,1787109113.923551,7.119999885559082,-35.58000183105469,10.5600004196167,7.702499866485596,-0.20350000262260437,0.0005000000237487257
1787109154.9287646,resting,fast,1787109113.923551,7.119999885559082,-35.58000183105469,10.5600004196167,7.702499866485596,-0.20350000262260437,0.0005000000237487257
1787109154.939703,resting,fast,1787109113.923551,7.119999885559082,-35.58000183105469,10.5600004196167,7.702499866485596,-0.20350000262260437,0.0005000000237487257
1787109154.9506593,resting,fast,1787109113.923551,7.119999885559082,-35.58000183105469,10.5600004196167,7.702499866485596,-0.20350000262260437,0.0005000000237487257
1787109154.9620273,resting,fast,1787109113.923551,7.119999885559082,-35.58000183105469,10.5600004196167,7.702499866485596,-0.20350000262260437,0.0005000000237487257
1787109154.9730587,resting,fast,1787109113.923551,7.119999885559082,-35.58000183105469,10.5600004196167,7.702499866485596,-0.20350000262260437,0.0005000000237487257
1787109154.9844186,resting,fast,1787109113.923551,7.119999885559082,-35.58000183105469,10.5600004196167,7.702499866485596,-0.20350000262260437,0.0005000000237487257
1787109154.995458,resting,fast,1787109113.923551,7.119999885559082,-35.58000183105469,10.5600004196167,7.702499866485596,-0.20350000262260437,0.0005000000237487257
1787109155.0064323,resting,fast,1787109113.923551,7.119999885559082,-35.58000183105469,10.5600004196167,7.702499866485596,-0.20350000262260437,0.0005000000237487257
1787109155.0175812,resting,fast,1787109113.923551,7.119999885559082,-35.58000183105469,10.5600004196167,7.702499866485596,-0.20350000262260437,0.0005000000237487257
1787109155.0288222,resting,fast,1787109113.923551,7.119999885559082,-35.58000183105469,10.5600004196167,7.702499866485596,-0.20350000262260437,0.0005000000237487257
1787109155.0399814,resting,fast,1787109113.923551,7.119999885559082,-35.58000183105469,10.5600004196167,7.702499866485596,-0.20350000262260437,0.0005000000237487257
1787109155.0509036,resting,fast,1787109113.923551,7.119999885559082,-35.58000183105469,10.5600004196167,7.702499866485596,-0.20350000262260437,0.0005000000237487257
1787109155.061909,resting,fast,1787109113.923551,7.119999885559082,-35.58000183105469,10.5600004196167,7.702499866485596,-0.20350000262260437,0.0005000000237487257
1787109155.0730731,resting,fast,1787109113.923551,7.119999885559082,-35.58000183105469,10.5600004196167,7.702499866485596,-0.20350000262260437,0.0005000000237487257
1787109155.0840907,resting,fast,1787109113.923551,7.119999885559082,-35.58000183105469,10.5600004196167,7.702499866485596,-0.20350000262260437,0.0005000000237487257
1787109155.095351,resting,fast,1787109113.923551,7.119999885559082,-35.58000183105469,10.5600004196167,7.702499866485596,-0.20350000262260437,0.0005000000237487257
1787109155.1063848,resting,fast,1787109113.923551,7.119999885559082,-35.58000183105469,10.5600004196167,7.702499866485596,-0.20350000262260437,0.0005000000237487257
1787109155.1175258,resting,fast,1787109113.923551,7.119999885559082,-35.58000183105469,10.5600004196167,7.702499866485596,-0.20350000262260437,0.0005000000237487257
1787109155.1287105,resting,fast,1787109113.923551,7.119999885559082,-35.58000183105469,10.5600004196167,7.702499866485596,-0.20350000262260437,0.0005000000237487257
1787109155.140036,resting,fast,1787109113.923551,7.119999885559082,-35.58000183105469,10.5600004196167,7.702499866485596,-0.20350000262260437,0.0005000000237487257
1787109155.1512601,resting,fast,1787109113.923551,7.119999885559082,-35.58000183105469,10.5600004196167,7.702499866485596,-0.20350000262260437,0.0005000000237487257
1787109155.1624753,resting,fast,1787109113.923551,7.119999885559082,-35.58000183105469,10.5600004196167,7.702499866485596,-0.20350000262260437,0.0005000000237487257
1787109155.1737933,resting,fast,1787109113.923551,7.119999885559082,-35.58000183105469,10.5600004196167,7.702499866485596,-0.20350000262260437,0.0005000000237487257
1787109155.1848736,resting,fast,1787109113.923551,7.119999885559082,-35.58000183105469,10.5600004196167,7.702499866485596,-0.20350000262260437,0.0005000000237487257
1787109155.1958876,resting,fast,1787109113.923551,7.119999885559082,-35.58000183105469,10.5600004196167,7.702499866485596,-0.20350000262260437,0.0005000000237487257
1787109155.2070754,resting,fast,1787109113.923551,7.119999885559082,-35.58000183105469,10.5600004196167,7.702499866485596,-0.20350000262260437,0.0005000000237487257
1787109155.2181833,resting,fast,1787109113.923551,7.119999885559082,-35.58000183105469,10.5600004196167,7.702499866485596,-0.20350000262260437,0.0005000000237487257
1787109155.2292268,resting,fast,1787109113.923551,7.119999885559082,-35.58000183105469,10.5600004196167,7.702499866485596,-0.20350000262260437,0.0005000000237487257
1787109155.240388,resting,fast,1787109113.923551,7.119999885559082,-35.58000183105469,10.5600004196167,7.702499866485596,-0.20350000262260437,0.0005000000237487257
1787109155.2515888,resting,fast,1787109113.923551,7.119999885559082,-35.58000183105469,10.5600004196167,7.702499866485596,-0.20350000262260437,0.0005000000237487257
1787109155.2626429,resting,fast,1787109113.923551,7.119999885559082,-35.58000183105469,10.5600004196167,7.702499866485596,-0.20350000262260437,0.0005000000237487257
1787109155.2738838,resting,fast,1787109113.923551,7.119999885559082,-35.58000183105469,10.5600004196167,7.702499866485596,-0.20350000262260437,0.0005000000237487257
1787109155.2848566,resting,fast,1787109113.923551,7.119999885559082,-35.58000183105469,10.5600004196167,7.702499866485596,-0.20350000262260437,0.0005000000237487257
1787109155.2954528,resting,fast,1787109113.923551,7.119999885559082,-35.58000183105469,10.5600004196167,7.702499866485596,-0.20350000262260437,0.0005000000237487257
1787109155.3059916,resting,fast,1787109113.923551,7.119999885559082,-35.58000183105469,10.5600004196167,7.702499866485596,-0.20350000262260437,0.0005000000237487257
1787109155.3164942,resting,fast,1787109113.923551,7.119999885559082,-35.58000183105469,10.5600004196167,7.702499866485596,-0.20350000262260437,0.0005000000237487257
1787109155.3270078,resting,fast,1787109113.923551,7.119999885559082,-35.58000183105469,10.5600004196167,7.702499866485596,-0.20350000262260437,0.0005000000237487257
1787109155.3375306,resting,fast,1787109113.923551,7.119999885559082,-35.58000183105469,10.5600004196167,7.702499866485596,-0.20350000262260437,0.0005000000237487257
1787109155.3480706,resting,fast,1787109113.923551,7.119999885559082,-35.58000183105469,10.5600004196167,7.702499866485596,-0.20350000262260437,0.0005000000237487257
1787109155.3585684,resting,fast,1787109113.923551,7.119999885559082,-35.58000183105469,10.5600004196167,7.702499866485596,-0.20350000262260437,0.0005000000237487257
1787109155.3691328,resting,fast,1787109113.923551,7.119999885559082,-35.58000183105469,10.5600004196167,7.702499866485596,-0.20350000262260437,0.0005000000237487257
1787109155.3797,resting,fast,1787109113.923551,7.119999885559082,-35.58000183105469,10.5600004196167,7.702499866485596,-0.20350000262260437,0.0005000000237487257
1787109155.3901908,resting,fast,1787109113.923551,7.119999885559082,-35.58000183105469,10.5600004196167,7.702499866485596,-0.20350000262260437,0.0005000000237487257
1787109155.4006402,resting,fast,1787109113.923551,7.119999885559082,-35.58000183105469,10.5600004196167,7.702499866485596,-0.20350000262260437,0.0005000000237487257
1787109155.4110951,resting,fast,1787109113.923551,7.119999885559082,-35.58000183105469,10.5600004196167,7.702499866485596,-0.20350000262260437,0.0005000000237487257
1787109155.421578,resting,fast,1787109113.923551,7.119999885559082,-35.58000183105469,10.5600004196167,7.702499866485596,-0.20350000262260437,0.0005000000237487257
1787109155.4322698,resting,fast,1787109113.923551,7.119999885559082,-35.58000183105469,10.5600004196167,7.702499866485596,-0.20350000262260437,0.0005000000237487257
1787109155.4456832,resting,fast,1787109113.923551,7.119999885559082,-35.58000183105469,10.5600004196167,7.702499866485596,-0.20350000262260437,0.0005000000237487257
1787109155.4563348,resting,fast,1787109113.923551,7.119999885559082,-35.58000183105469,10.5600004196167,7.702499866485596,-0.20350000262260437,0.0005000000237487257
1787109155.46795,resting,fast,1787109113.923551,7.119999885559082,-35.58000183105469,10.5600004196167,7.702499866485596,-0.20350000262260437,0.0005000000237487257
1787109155.478671,resting,fast,1787109113.923551,7.119999885559082,-35.58000183105469,10.5600004196167,7.702499866485596,-0.20350000262260437,0.0005000000237487257
1787109155.489428,resting,fast,1787109113.923551,7.119999885559082,-35.58000183105469,10.5600004196167,7.702499866485596,-0.20350000262260437,0.0005000000237487257
1787109155.5016239,resting,fast,1787109113.923551,7.119999885559082,-35.58000183105469,10.5600004196167,7.702499866485596,-0.20350000262260437,0.0005000000237487257
1787109155.5127096,resting,fast,1787109113.923551,7.119999885559082,-35.58000183105469,10.5600004196167,7.702499866485596,-0.20350000262260437,0.0005000000237487257
1787109155.5240316,resting,fast,1787109113.923551,7.119999885559082,-35.58000183105469,10.5600004196167,7.702499866485596,-0.20350000262260437,0.0005000000237487257
1787109155.5352185,resting,fast,1787109113.923551,7.119999885559082,-35.58000183105469,10.5600004196167,7.702499866485596,-0.20350000262260437,0.0005000000237487257
1787109155.5464675,resting,fast,1787109113.923551,7.119999885559082,-35.58000183105469,10.5600004196167,7.702499866485596,-0.20350000262260437,0.0005000000237487257
1787109155.5579288,resting,fast,1787109113.923551,7.119999885559082,-35.58000183105469,10.5600004196167,7.702499866485596,-0.20350000262260437,0.0005000000237487257
1787109155.569212,resting,fast,1787109113.923551,7.119999885559082,-35.58000183105469,10.5600004196167,7.702499866485596,-0.20350000262260437,0.0005000000237487257
1787109155.5805776,resting,fast,1787109113.923551,7.119999885559082,-35.58000183105469,10.5600004196167,7.702499866485596,-0.20350000262260437,0.0005000000237487257
1787109155.5915225,resting,fast,1787109113.923551,7.119999885559082,-35.58000183105469,10.5600004196167,7.702499866485596,-0.20350000262260437,0.0005000000237487257
1787109155.6024535,resting,fast,1787109113.923551,7.119999885559082,-35.58000183105469,10.5600004196167,7.702499866485596,-0.20350000262260437,0.0005000000237487257
1787109155.6136324,resting,fast,1787109113.923551,7.119999885559082,-35.58000183105469,10.5600004196167,7.702499866485596,-0.20350000262260437,0.0005000000237487257
1787109155.6249902,resting,fast,1787109113.923551,7.119999885559082,-35.58000183105469,10.5600004196167,7.702499866485596,-0.20350000262260437,0.0005000000237487257
1787109155.6361167,resting,fast,1787109113.923551,7.119999885559082,-35.58000183105469,10.5600004196167,7.702499866485596,-0.20350000262260437,0.0005000000237487257
1787109155.6471214,resting,fast,1787109113.923551,7.119999885559082,-35.58000183105469,10.5600004196167,7.702499866485596,-0.20350000262260437,0.0005000000237487257
1787109155.6579854,resting,fast,1787109113.923551,7.119999885559082,-35.58000183105469,10.5600004196167,7.702499866485596,-0.20350000262260437,0.0005000000237487257
1787109155.6687384,resting,fast,1787109113.923551,7.119999885559082,-35.58000183105469,10.5600004196167,7.702499866485596,-0.20350000262260437,0.0005000000237487257
1787109155.6795816,resting,fast,1787109113.923551,7.119999885559082,-35.58000183105469,10.5600004196167,7.702499866485596,-0.20350000262260437,0.0005000000237487257
1787109155.6904137,resting,fast,1787109113.923551,7.119999885559082,-35.58000183105469,10.5600004196167,7.702499866485596,-0.20350000262260437,0.0005000000237487257
1787109155.7018213,resting,fast,1787109113.923551,7.119999885559082,-35.58000183105469,10.5600004196167,7.702499866485596,-0.20350000262260437,0.0005000000237487257
1787109155.7132814,resting,fast,1787109113.923551,7.119999885559082,-35.58000183105469,10.5600004196167,7.702499866485596,-0.20350000262260437,0.0005000000237487257
1787109155.7244706,resting,fast,1787109113.923551,7.119999885559082,-35.58000183105469,10.5600004196167,7.702499866485596,-0.20350000262260437,0.0005000000237487257
1787109155.7357905,resting,fast,1787109113.923551,7.119999885559082,-35.58000183105469,10.5600004196167,7.702499866485596,-0.20350000262260437,0.0005000000237487257
1787109155.7471645,resting,fast,1787109113.923551,7.119999885559082,-35.58000183105469,10.5600004196167,7.702499866485596,-0.20350000262260437,0.0005000000237487257
1787109155.758288,resting,fast,1787109113.923551,7.119999885559082,-35.58000183105469,10.5600004196167,7.702499866485596,-0.20350000262260437,0.0005000000237487257
1787109155.7693682,resting,fast,1787109113.923551,7.119999885559082,-35.58000183105469,10.5600004196167,7.702499866485596,-0.20350000262260437,0.0005000000237487257
1787109155.7805045,resting,fast,1787109113.923551,7.119999885559082,-35.58000183105469,10.5600004196167,7.702499866485596,-0.20350000262260437,0.0005000000237487257
1787109155.7914357,resting,fast,1787109113.923551,7.119999885559082,-35.58000183105469,10.5600004196167,7.702499866485596,-0.20350000262260437,0.0005000000237487257
1787109155.8025556,resting,fast,1787109113.923551,7.119999885559082,-35.58000183105469,10.5600004196167,7.702499866485596,-0.20350000262260437,0.0005000000237487257
1787109155.8138366,resting,fast,1787109113.923551,7.119999885559082,-35.58000183105469,10.5600004196167,7.702499866485596,-0.20350000262260437,0.0005000000237487257
1787109155.825143,resting,fast,1787109113.923551,7.119999885559082,-35.58000183105469,10.5600004196167,7.702499866485596,-0.20350000262260437,0.0005000000237487257
1787109155.8364065,resting,fast,1787109113.923551,7.119999885559082,-35.58000183105469,10.5600004196167,7.702499866485596,-0.20350000262260437,0.0005000000237487257
1787109155.8474813,resting,fast,1787109113.923551,7.119999885559082,-35.58000183105469,10.5600004196167,7.702499866485596,-0.20350000262260437,0.0005000000237487257
1787109155.8587356,resting,fast,1787109113.923551,7.119999885559082,-35.58000183105469,10.5600004196167,7.702499866485596,-0.20350000262260437,0.0005000000237487257
1787109155.8700528,resting,fast,1787109113.923551,7.119999885559082,-35.58000183105469,10.5600004196167,7.702499866485596,-0.20350000262260437,0.0005000000237487257
1787109155.8812146,resting,fast,1787109113.923551,7.119999885559082,-35.58000183105469,10.5600004196167,7.702499866485596,-0.20350000262260437,0.0005000000237487257
1787109155.8923416,resting,fast,1787109113.923551,7.119999885559082,-35.58000183105469,10.5600004196167,7.702499866485596,-0.20350000262260437,0.0005000000237487257
1787109155.9034667,resting,fast,1787109113.923551,7.119999885559082,-35.58000183105469,10.5600004196167,7.702499866485596,-0.20350000262260437,0.0005000000237487257
1787109155.914741,resting,fast,1787109113.923551,7.119999885559082,-35.58000183105469,10.5600004196167,7.702499866485596,-0.20350000262260437,0.0005000000237487257
1787109155.9259455,resting,fast,1787109113.923551,7.119999885559082,-35.58000183105469,10.5600004196167,7.702499866485596,-0.20350000262260437,0.0005000000237487257
1787109155.937151,resting,fast,1787109113.923551,7.119999885559082,-35.58000183105469,10.5600004196167,7.702499866485596,-0.20350000262260437,0.0005000000237487257
1787109155.9483032,resting,fast,1787109113.923551,7.119999885559082,-35.58000183105469,10.5600004196167,7.702499866485596,-0.20350000262260437,0.0005000000237487257
1787109155.9596074,resting,fast,1787109113.923551,7.119999885559082,-35.58000183105469,10.5600004196167,7.702499866485596,-0.20350000262260437,0.0005000000237487257
1787109155.970563,resting,fast,1787109113.923551,7.119999885559082,-35.58000183105469,10.5600004196167,7.702499866485596,-0.20350000262260437,0.0005000000237487257
1787109155.9816272,resting,fast,1787109113.923551,7.119999885559082,-35.58000183105469,10.5600004196167,7.702499866485596,-0.20350000262260437,0.0005000000237487257
1787109155.9926581,resting,fast,1787109113.923551,7.119999885559082,-35.58000183105469,10.5600004196167,7.702499866485596,-0.20350000262260437,0.0005000000237487257
1787109156.0038218,resting,fast,1787109113.923551,7.119999885559082,-35.58000183105469,10.5600004196167,7.702499866485596,-0.20350000262260437,0.0005000000237487257
1787109156.0150628,resting,fast,1787109113.923551,7.119999885559082,-35.58000183105469,10.5600004196167,7.702499866485596,-0.20350000262260437,0.0005000000237487257
1787109156.0262911,resting,fast,1787109113.923551,7.119999885559082,-35.58000183105469,10.5600004196167,7.702499866485596,-0.20350000262260437,0.0005000000237487257
1787109156.037538,resting,fast,1787109113.923551,7.119999885559082,-35.58000183105469,10.5600004196167,7.702499866485596,-0.20350000262260437,0.0005000000237487257
1787109156.0484018,resting,fast,1787109113.923551,7.119999885559082,-35.58000183105469,10.5600004196167,7.702499866485596,-0.20350000262260437,0.0005000000237487257
1787109156.0596652,resting,fast,1787109113.923551,7.119999885559082,-35.58000183105469,10.5600004196167,7.702499866485596,-0.20350000262260437,0.0005000000237487257
1787109156.0706456,resting,fast,1787109113.923551,7.119999885559082,-35.58000183105469,10.5600004196167,7.702499866485596,-0.20350000262260437,0.0005000000237487257
1787109156.0816271,resting,fast,1787109113.923551,7.119999885559082,-35.58000183105469,10.5600004196167,7.702499866485596,-0.20350000262260437,0.0005000000237487257
1787109156.092679,resting,fast,1787109113.923551,7.119999885559082,-35.58000183105469,10.5600004196167,7.702499866485596,-0.20350000262260437,0.0005000000237487257
1787109156.1036232,resting,fast,1787109113.923551,7.119999885559082,-35.58000183105469,10.5600004196167,7.702499866485596,-0.20350000262260437,0.0005000000237487257
1787109156.1147377,resting,fast,1787109113.923551,7.119999885559082,-35.58000183105469,10.5600004196167,7.702499866485596,-0.20350000262260437,0.0005000000237487257
1787109156.1259785,resting,fast,1787109113.923551,7.119999885559082,-35.58000183105469,10.5600004196167,7.702499866485596,-0.20350000262260437,0.0005000000237487257
1787109156.1370056,resting,fast,1787109113.923551,7.119999885559082,-35.58000183105469,10.5600004196167,7.702499866485596,-0.20350000262260437,0.0005000000237487257
1787109156.1481106,resting,fast,1787109113.923551,7.119999885559082,-35.58000183105469,10.5600004196167,7.702499866485596,-0.20350000262260437,0.0005000000237487257
1787109156.159392,resting,fast,1787109113.923551,7.119999885559082,-35.58000183105469,10.5600004196167,7.702499866485596,-0.20350000262260437,0.0005000000237487257
1787109156.170614,resting,fast,1787109113.923551,7.119999885559082,-35.58000183105469,10.5600004196167,7.702499866485596,-0.20350000262260437,0.0005000000237487257
1787109156.1819093,resting,fast,1787109113.923551,7.119999885559082,-35.58000183105469,10.5600004196167,7.702499866485596,-0.20350000262260437,0.0005000000237487257
1787109156.193108,resting,fast,1787109113.923551,7.119999885559082,-35.58000183105469,10.5600004196167,7.702499866485596,-0.20350000262260437,0.0005000000237487257
1787109156.2043436,resting,fast,1787109113.923551,7.119999885559082,-35.58000183105469,10.5600004196167,7.702499866485596,-0.20350000262260437,0.0005000000237487257
1787109156.2154906,resting,fast,1787109113.923551,7.119999885559082,-35.58000183105469,10.5600004196167,7.702499866485596,-0.20350000262260437,0.0005000000237487257
1787109156.226784,resting,fast,1787109113.923551,7.119999885559082,-35.58000183105469,10.5600004196167,7.702499866485596,-0.20350000262260437,0.0005000000237487257
1787109156.237749,resting,fast,1787109113.923551,7.119999885559082,-35.58000183105469,10.5600004196167,7.702499866485596,-0.20350000262260437,0.0005000000237487257
1787109156.249072,resting,fast,1787109113.923551,7.119999885559082,-35.58000183105469,10.5600004196167,7.702499866485596,-0.20350000262260437,0.0005000000237487257
1787109156.2602725,resting,fast,1787109113.923551,7.119999885559082,-35.58000183105469,10.5600004196167,7.702499866485596,-0.20350000262260437,0.0005000000237487257
1787109156.2714725,resting,fast,1787109113.923551,7.119999885559082,-35.58000183105469,10.5600004196167,7.702499866485596,-0.20350000262260437,0.0005000000237487257
1787109156.2826922,resting,fast,1787109113.923551,7.119999885559082,-35.58000183105469,10.5600004196167,7.702499866485596,-0.20350000262260437,0.0005000000237487257
1787109156.29401,resting,fast,1787109113.923551,7.119999885559082,-35.58000183105469,10.5600004196167,7.702499866485596,-0.20350000262260437,0.0005000000237487257
1787109156.3051054,resting,fast,1787109113.923551,7.119999885559082,-35.58000183105469,10.5600004196167,7.702499866485596,-0.20350000262260437,0.0005000000237487257
1787109156.3161173,resting,fast,1787109113.923551,7.119999885559082,-35.58000183105469,10.5600004196167,7.702499866485596,-0.20350000262260437,0.0005000000237487257
1787109156.3274007,resting,fast,1787109113.923551,7.119999885559082,-35.58000183105469,10.5600004196167,7.702499866485596,-0.20350000262260437,0.0005000000237487257
1787109156.3384461,resting,fast,1787109113.923551,7.119999885559082,-35.58000183105469,10.5600004196167,7.702499866485596,-0.20350000262260437,0.0005000000237487257
1787109156.3495166,resting,fast,1787109113.923551,7.119999885559082,-35.58000183105469,10.5600004196167,7.702499866485596,-0.20350000262260437,0.0005000000237487257
1787109156.360638,resting,fast,1787109113.923551,7.119999885559082,-35.58000183105469,10.5600004196167,7.702499866485596,-0.20350000262260437,0.0005000000237487257
1787109156.3717513,resting,fast,1787109113.923551,7.119999885559082,-35.58000183105469,10.5600004196167,7.702499866485596,-0.20350000262260437,0.0005000000237487257
1787109156.3828027,resting,fast,1787109113.923551,7.119999885559082,-35.58000183105469,10.5600004196167,7.702499866485596,-0.20350000262260437,0.0005000000237487257
1787109156.3939292,resting,fast,1787109113.923551,7.119999885559082,-35.58000183105469,10.5600004196167,7.702499866485596,-0.20350000262260437,0.0005000000237487257
1787109156.407209,resting,fast,1787109113.923551,7.119999885559082,-35.58000183105469,10.5600004196167,7.702499866485596,-0.20350000262260437,0.0005000000237487257
1787109156.4183605,resting,fast,1787109113.923551,7.119999885559082,-35.58000183105469,10.5600004196167,7.702499866485596,-0.20350000262260437,0.0005000000237487257
1787109156.4307275,resting,fast,1787109113.923551,7.119999885559082,-35.58000183105469,10.5600004196167,7.702499866485596,-0.20350000262260437,0.0005000000237487257
1787109156.4421458,resting,fast,1787109113.923551,7.119999885559082,-35.58000183105469,10.5600004196167,7.702499866485596,-0.20350000262260437,0.0005000000237487257
1787109156.4536026,resting,fast,1787109113.923551,7.119999885559082,-35.58000183105469,10.5600004196167,7.702499866485596,-0.20350000262260437,0.0005000000237487257
1787109156.4650095,resting,fast,1787109113.923551,7.119999885559082,-35.58000183105469,10.5600004196167,7.702499866485596,-0.20350000262260437,0.0005000000237487257
1787109156.476419,resting,fast,1787109113.923551,7.119999885559082,-35.58000183105469,10.5600004196167,7.702499866485596,-0.20350000262260437,0.0005000000237487257
1787109156.4875653,resting,fast,1787109113.923551,7.119999885559082,-35.58000183105469,10.5600004196167,7.702499866485596,-0.20350000262260437,0.0005000000237487257
1787109156.4987328,resting,fast,1787109113.923551,7.119999885559082,-35.58000183105469,10.5600004196167,7.702499866485596,-0.20350000262260437,0.0005000000237487257
1787109156.510065,resting,fast,1787109113.923551,7.119999885559082,-35.58000183105469,10.5600004196167,7.702499866485596,-0.20350000262260437,0.0005000000237487257
1787109156.5211554,resting,fast,1787109113.923551,7.119999885559082,-35.58000183105469,10.5600004196167,7.702499866485596,-0.20350000262260437,0.0005000000237487257
1787109156.532402,resting,fast,1787109113.923551,7.119999885559082,-35.58000183105469,10.5600004196167,7.702499866485596,-0.20350000262260437,0.0005000000237487257
1787109156.54354,resting,fast,1787109113.923551,7.119999885559082,-35.58000183105469,10.5600004196167,7.702499866485596,-0.20350000262260437,0.0005000000237487257
1787109156.555175,resting,fast,1787109113.923551,7.119999885559082,-35.58000183105469,10.5600004196167,7.702499866485596,-0.20350000262260437,0.0005000000237487257
1787109156.5665133,resting,fast,1787109113.923551,7.119999885559082,-35.58000183105469,10.5600004196167,7.702499866485596,-0.20350000262260437,0.0005000000237487257
1787109156.577674,resting,fast,1787109113.923551,7.119999885559082,-35.58000183105469,10.5600004196167,7.702499866485596,-0.20350000262260437,0.0005000000237487257
1787109156.5887537,resting,fast,1787109113.923551,7.119999885559082,-35.58000183105469,10.5600004196167,7.702499866485596,-0.20350000262260437,0.0005000000237487257
1787109156.5999248,resting,fast,1787109113.923551,7.119999885559082,-35.58000183105469,10.5600004196167,7.702499866485596,-0.20350000262260437,0.0005000000237487257
1787109156.611264,resting,fast,1787109113.923551,7.119999885559082,-35.58000183105469,10.5600004196167,7.702499866485596,-0.20350000262260437,0.0005000000237487257
1787109156.6223855,resting,fast,1787109113.923551,7.119999885559082,-35.58000183105469,10.5600004196167,7.702499866485596,-0.20350000262260437,0.0005000000237487257
1787109156.6336696,resting,fast,1787109113.923551,7.119999885559082,-35.58000183105469,10.5600004196167,7.702499866485596,-0.20350000262260437,0.0005000000237487257
1787109156.644907,resting,fast,1787109113.923551,7.119999885559082,-35.58000183105469,10.5600004196167,7.702499866485596,-0.20350000262260437,0.0005000000237487257
1787109156.6559627,resting,fast,1787109113.923551,7.119999885559082,-35.58000183105469,10.5600004196167,7.702499866485596,-0.20350000262260437,0.0005000000237487257
1787109156.667089,resting,fast,1787109113.923551,7.119999885559082,-35.58000183105469,10.5600004196167,7.702499866485596,-0.20350000262260437,0.0005000000237487257
1787109156.6780589,resting,fast,1787109113.923551,7.119999885559082,-35.58000183105469,10.5600004196167,7.702499866485596,-0.20350000262260437,0.0005000000237487257
1787109156.689151,resting,fast,1787109113.923551,7.119999885559082,-35.58000183105469,10.5600004196167,7.702499866485596,-0.20350000262260437,0.0005000000237487257
1787109156.700244,resting,fast,1787109113.923551,7.119999885559082,-35.58000183105469,10.5600004196167,7.702499866485596,-0.20350000262260437,0.0005000000237487257
1787109156.711283,resting,fast,1787109113.923551,7.119999885559082,-35.58000183105469,10.5600004196167,7.702499866485596,-0.20350000262260437,0.0005000000237487257
1787109156.7224348,resting,fast,1787109113.923551,7.119999885559082,-35.58000183105469,10.5600004196167,7.702499866485596,-0.20350000262260437,0.0005000000237487257
1787109156.733631,resting,fast,1787109113.923551,7.119999885559082,-35.58000183105469,10.5600004196167,7.702499866485596,-0.20350000262260437,0.0005000000237487257
1787109156.7450118,resting,fast,1787109113.923551,7.119999885559082,-35.58000183105469,10.5600004196167,7.702499866485596,-0.20350000262260437,0.0005000000237487257
1787109156.7561057,resting,fast,1787109113.923551,7.119999885559082,-35.58000183105469,10.5600004196167,7.702499866485596,-0.20350000262260437,0.0005000000237487257
1787109156.767255,resting,fast,1787109113.923551,7.119999885559082,-35.58000183105469,10.5600004196167,7.702499866485596,-0.20350000262260437,0.0005000000237487257
1787109156.7782521,resting,fast,1787109113.923551,7.119999885559082,-35.58000183105469,10.5600004196167,7.702499866485596,-0.20350000262260437,0.0005000000237487257
1787109156.789725,resting,fast,1787109113.923551,7.119999885559082,-35.58000183105469,10.5600004196167,7.702499866485596,-0.20350000262260437,0.0005000000237487257
1787109156.8008604,resting,fast,1787109113.923551,7.119999885559082,-35.58000183105469,10.5600004196167,7.702499866485596,-0.20350000262260437,0.0005000000237487257
1787109156.8118684,resting,fast,1787109113.923551,7.119999885559082,-35.58000183105469,10.5600004196167,7.702499866485596,-0.20350000262260437,0.0005000000237487257
1787109156.8229213,resting,fast,1787109113.923551,7.119999885559082,-35.58000183105469,10.5600004196167,7.702499866485596,-0.20350000262260437,0.0005000000237487257
1787109156.8340316,resting,fast,1787109113.923551,7.119999885559082,-35.58000183105469,10.5600004196167,7.702499866485596,-0.20350000262260437,0.0005000000237487257
1787109156.8452833,resting,fast,1787109113.923551,7.119999885559082,-35.58000183105469,10.5600004196167,7.702499866485596,-0.20350000262260437,0.0005000000237487257
1787109156.8565168,resting,fast,1787109113.923551,7.119999885559082,-35.58000183105469,10.5600004196167,7.702499866485596,-0.20350000262260437,0.0005000000237487257
1787109156.867641,resting,fast,1787109113.923551,7.119999885559082,-35.58000183105469,10.5600004196167,7.702499866485596,-0.20350000262260437,0.0005000000237487257
1787109156.8786988,resting,fast,1787109113.923551,7.119999885559082,-35.58000183105469,10.5600004196167,7.702499866485596,-0.20350000262260437,0.0005000000237487257
1787109156.889925,resting,fast,1787109113.923551,7.119999885559082,-35.58000183105469,10.5600004196167,7.702499866485596,-0.20350000262260437,0.0005000000237487257
1787109156.901217,resting,fast,1787109113.923551,7.119999885559082,-35.58000183105469,10.5600004196167,7.702499866485596,-0.20350000262260437,0.0005000000237487257
1787109156.9122496,resting,fast,1787109113.923551,7.119999885559082,-35.58000183105469,10.5600004196167,7.702499866485596,-0.20350000262260437,0.0005000000237487257
1787109156.9232755,resting,fast,1787109113.923551,7.119999885559082,-35.58000183105469,10.5600004196167,7.702499866485596,-0.20350000262260437,0.0005000000237487257
1787109156.9369307,resting,fast,1787109113.923551,7.119999885559082,-35.58000183105469,10.5600004196167,7.702499866485596,-0.20350000262260437,0.0005000000237487257
1787109156.9482808,resting,fast,1787109113.923551,7.119999885559082,-35.58000183105469,10.5600004196167,7.702499866485596,-0.20350000262260437,0.0005000000237487257
1787109156.9596295,resting,fast,1787109113.923551,7.119999885559082,-35.58000183105469,10.5600004196167,7.702499866485596,-0.20350000262260437,0.0005000000237487257
1787109156.9708917,resting,fast,1787109113.923551,7.119999885559082,-35.58000183105469,10.5600004196167,7.702499866485596,-0.20350000262260437,0.0005000000237487257
1787109156.9819274,resting,fast,1787109113.923551,7.119999885559082,-35.58000183105469,10.5600004196167,7.702499866485596,-0.20350000262260437,0.0005000000237487257
1787109156.992935,resting,fast,1787109113.923551,7.119999885559082,-35.58000183105469,10.5600004196167,7.702499866485596,-0.20350000262260437,0.0005000000237487257
1787109157.0041118,resting,fast,1787109113.923551,7.119999885559082,-35.58000183105469,10.5600004196167,7.702499866485596,-0.20350000262260437,0.0005000000237487257
1787109157.015208,resting,fast,1787109113.923551,7.119999885559082,-35.58000183105469,10.5600004196167,7.702499866485596,-0.20350000262260437,0.0005000000237487257
1787109157.0263176,resting,fast,1787109113.923551,7.119999885559082,-35.58000183105469,10.5600004196167,7.702499866485596,-0.20350000262260437,0.0005000000237487257
1787109157.0375903,resting,fast,1787109113.923551,7.119999885559082,-35.58000183105469,10.5600004196167,7.702499866485596,-0.20350000262260437,0.0005000000237487257
1787109157.0488493,resting,fast,1787109113.923551,7.119999885559082,-35.58000183105469,10.5600004196167,7.702499866485596,-0.20350000262260437,0.0005000000237487257
1787109157.0601063,resting,fast,1787109113.923551,7.119999885559082,-35.58000183105469,10.5600004196167,7.702499866485596,-0.20350000262260437,0.0005000000237487257
1787109157.0713432,resting,fast,1787109113.923551,7.119999885559082,-35.58000183105469,10.5600004196167,7.702499866485596,-0.20350000262260437,0.0005000000237487257
1787109157.084034,resting,fast,1787109113.923551,7.119999885559082,-35.58000183105469,10.5600004196167,7.702499866485596,-0.20350000262260437,0.0005000000237487257
1787109157.0958302,resting,fast,1787109113.923551,7.119999885559082,-35.58000183105469,10.5600004196167,7.702499866485596,-0.20350000262260437,0.0005000000237487257
1787109157.1068838,resting,fast,1787109113.923551,7.119999885559082,-35.58000183105469,10.5600004196167,7.702499866485596,-0.20350000262260437,0.0005000000237487257
1787109157.1180706,resting,fast,1787109113.923551,7.119999885559082,-35.58000183105469,10.5600004196167,7.702499866485596,-0.20350000262260437,0.0005000000237487257
1787109157.1294286,resting,fast,1787109113.923551,7.119999885559082,-35.58000183105469,10.5600004196167,7.702499866485596,-0.20350000262260437,0.0005000000237487257
1787109157.1407456,resting,fast,1787109113.923551,7.119999885559082,-35.58000183105469,10.5600004196167,7.702499866485596,-0.20350000262260437,0.0005000000237487257
1787109157.1522274,resting,fast,1787109113.923551,7.119999885559082,-35.58000183105469,10.5600004196167,7.702499866485596,-0.20350000262260437,0.0005000000237487257
1787109157.1637084,resting,fast,1787109113.923551,7.119999885559082,-35.58000183105469,10.5600004196167,7.702499866485596,-0.20350000262260437,0.0005000000237487257
1787109157.1748416,resting,fast,1787109113.923551,7.119999885559082,-35.58000183105469,10.5600004196167,7.702499866485596,-0.20350000262260437,0.0005000000237487257
1787109157.1863475,resting,fast,1787109113.923551,7.119999885559082,-35.58000183105469,10.5600004196167,7.702499866485596,-0.20350000262260437,0.0005000000237487257
1787109157.1974201,resting,fast,1787109113.923551,7.119999885559082,-35.58000183105469,10.5600004196167,7.702499866485596,-0.20350000262260437,0.0005000000237487257
1787109157.2087946,resting,fast,1787109113.923551,7.119999885559082,-35.58000183105469,10.5600004196167,7.702499866485596,-0.20350000262260437,0.0005000000237487257
1787109157.2202582,resting,fast,1787109113.923551,7.119999885559082,-35.58000183105469,10.5600004196167,7.702499866485596,-0.20350000262260437,0.0005000000237487257
1787109157.2311645,resting,fast,1787109113.923551,7.119999885559082,-35.58000183105469,10.5600004196167,7.702499866485596,-0.20350000262260437,0.0005000000237487257
1787109157.241782,resting,fast,1787109113.923551,7.119999885559082,-35.58000183105469,10.5600004196167,7.702499866485596,-0.20350000262260437,0.0005000000237487257
1787109157.252519,resting,fast,1787109113.923551,7.119999885559082,-35.58000183105469,10.5600004196167,7.702499866485596,-0.20350000262260437,0.0005000000237487257
1787109157.263261,resting,fast,1787109113.923551,7.119999885559082,-35.58000183105469,10.5600004196167,7.702499866485596,-0.20350000262260437,0.0005000000237487257
1787109157.2740805,resting,fast,1787109113.923551,7.119999885559082,-35.58000183105469,10.5600004196167,7.702499866485596,-0.20350000262260437,0.0005000000237487257
1787109157.2846599,resting,fast,1787109113.923551,7.119999885559082,-35.58000183105469,10.5600004196167,7.702499866485596,-0.20350000262260437,0.0005000000237487257
1787109157.2954755,resting,fast,1787109113.923551,7.119999885559082,-35.58000183105469,10.5600004196167,7.702499866485596,-0.20350000262260437,0.0005000000237487257
1787109157.3062625,resting,fast,1787109113.923551,7.119999885559082,-35.58000183105469,10.5600004196167,7.702499866485596,-0.20350000262260437,0.0005000000237487257
1787109157.3170297,resting,fast,1787109113.923551,7.119999885559082,-35.58000183105469,10.5600004196167,7.702499866485596,-0.20350000262260437,0.0005000000237487257
1787109157.3278506,resting,fast,1787109113.923551,7.119999885559082,-35.58000183105469,10.5600004196167,7.702499866485596,-0.20350000262260437,0.0005000000237487257
1787109157.3390253,resting,fast,1787109113.923551,7.119999885559082,-35.58000183105469,10.5600004196167,7.702499866485596,-0.20350000262260437,0.0005000000237487257
1787109157.3502336,resting,fast,1787109113.923551,7.119999885559082,-35.58000183105469,10.5600004196167,7.702499866485596,-0.20350000262260437,0.0005000000237487257
1787109157.3614323,resting,fast,1787109113.923551,7.119999885559082,-35.58000183105469,10.5600004196167,7.702499866485596,-0.20350000262260437,0.0005000000237487257
1787109157.3724267,resting,fast,1787109113.923551,7.119999885559082,-35.58000183105469,10.5600004196167,7.702499866485596,-0.20350000262260437,0.0005000000237487257
1787109157.3834553,resting,fast,1787109113.923551,7.119999885559082,-35.58000183105469,10.5600004196167,7.702499866485596,-0.20350000262260437,0.0005000000237487257
1787109157.3944483,resting,fast,1787109157.3889189,7.119999885559082,-35.58000183105469,10.5600004196167,7.702499866485596,-0.20350000262260437,0.0005000000237487257
1787109157.4053853,resting,fast,1787109157.3889189,7.119999885559082,-35.58000183105469,10.5600004196167,7.702499866485596,-0.20350000262260437,0.0005000000237487257
1787109157.4164388,resting,fast,1787109157.3889189,7.119999885559082,-35.58000183105469,10.5600004196167,7.702499866485596,-0.20350000262260437,0.0005000000237487257
1787109157.4275162,resting,fast,1787109157.3889189,7.119999885559082,-35.58000183105469,10.5600004196167,7.702499866485596,-0.20350000262260437,0.0005000000237487257
1787109157.438787,resting,fast,1787109157.3889189,7.119999885559082,-35.58000183105469,10.5600004196167,7.702499866485596,-0.20350000262260437,0.0005000000237487257
1787109157.4499016,resting,fast,1787109157.3889189,7.119999885559082,-35.58000183105469,10.5600004196167,7.702499866485596,-0.20350000262260437,0.0005000000237487257
1787109157.4610703,resting,fast,1787109157.3889189,7.119999885559082,-35.58000183105469,10.5600004196167,7.702499866485596,-0.20350000262260437,0.0005000000237487257
1787109157.472194,resting,fast,1787109157.3889189,7.119999885559082,-35.58000183105469,10.5600004196167,7.702499866485596,-0.20350000262260437,0.0005000000237487257
1787109157.483334,resting,fast,1787109157.3889189,7.119999885559082,-35.58000183105469,10.5600004196167,7.702499866485596,-0.20350000262260437,0.0005000000237487257
1787109157.4942763,resting,fast,1787109157.3889189,7.119999885559082,-35.58000183105469,10.5600004196167,7.702499866485596,-0.20350000262260437,0.0005000000237487257
1787109157.5053089,resting,fast,1787109157.3889189,7.119999885559082,-35.58000183105469,10.5600004196167,7.702499866485596,-0.20350000262260437,0.0005000000237487257
1787109157.51639,resting,fast,1787109157.3889189,7.119999885559082,-35.58000183105469,10.5600004196167,7.702499866485596,-0.20350000262260437,0.0005000000237487257
1787109157.5275335,resting,fast,1787109157.3889189,7.119999885559082,-35.58000183105469,10.5600004196167,7.702499866485596,-0.20350000262260437,0.0005000000237487257
1787109157.5386078,resting,fast,1787109157.3889189,7.119999885559082,-35.58000183105469,10.5600004196167,7.702499866485596,-0.20350000262260437,0.0005000000237487257
1787109157.5497305,resting,fast,1787109157.3889189,7.119999885559082,-35.58000183105469,10.5600004196167,7.702499866485596,-0.20350000262260437,0.0005000000237487257
1787109157.560825,resting,fast,1787109157.3889189,7.119999885559082,-35.58000183105469,10.5600004196167,7.702499866485596,-0.20350000262260437,0.0005000000237487257
1787109157.5719914,resting,fast,1787109157.3889189,7.119999885559082,-35.58000183105469,10.5600004196167,7.702499866485596,-0.20350000262260437,0.0005000000237487257
1787109157.5832584,resting,fast,1787109157.3889189,7.119999885559082,-35.58000183105469,10.5600004196167,7.702499866485596,-0.20350000262260437,0.0005000000237487257
1787109157.5942776,resting,fast,1787109157.3889189,7.119999885559082,-35.58000183105469,10.5600004196167,7.702499866485596,-0.20350000262260437,0.0005000000237487257
1787109157.605199,resting,fast,1787109157.3889189,7.119999885559082,-35.58000183105469,10.5600004196167,7.702499866485596,-0.20350000262260437,0.0005000000237487257
1787109157.616389,resting,fast,1787109157.3889189,7.119999885559082,-35.58000183105469,10.5600004196167,7.702499866485596,-0.20350000262260437,0.0005000000237487257
1787109157.6274006,resting,fast,1787109157.3889189,7.119999885559082,-35.58000183105469,10.5600004196167,7.702499866485596,-0.20350000262260437,0.0005000000237487257
1787109157.6383028,resting,fast,1787109157.3889189,7.119999885559082,-35.58000183105469,10.5600004196167,7.702499866485596,-0.20350000262260437,0.0005000000237487257
1787109157.6494744,resting,fast,1787109157.3889189,7.119999885559082,-35.58000183105469,10.5600004196167,7.702499866485596,-0.20350000262260437,0.0005000000237487257
1787109157.660615,resting,fast,1787109157.6550384,7.119999885559082,-35.58000183105469,10.5600004196167,7.702499866485596,-0.20350000262260437,0.0005000000237487257
1787109157.67139,resting,fast,1787109157.6550384,7.119999885559082,-35.58000183105469,10.5600004196167,7.702499866485596,-0.20350000262260437,0.0005000000237487257
1787109157.6824813,resting,fast,1787109157.6550384,7.119999885559082,-35.58000183105469,10.5600004196167,7.702499866485596,-0.20350000262260437,0.0005000000237487257
1787109157.6935718,resting,fast,1787109157.6550384,7.119999885559082,-35.58000183105469,10.5600004196167,7.702499866485596,-0.20350000262260437,0.0005000000237487257
1787109157.7046533,resting,fast,1787109157.6550384,7.119999885559082,-35.58000183105469,10.5600004196167,7.702499866485596,-0.20350000262260437,0.0005000000237487257
1787109157.7156737,resting,fast,1787109157.6550384,7.119999885559082,-35.58000183105469,10.5600004196167,7.702499866485596,-0.20350000262260437,0.0005000000237487257
1787109157.7269886,resting,fast,1787109157.6550384,7.119999885559082,-35.58000183105469,10.5600004196167,7.702499866485596,-0.20350000262260437,0.0005000000237487257
1787109157.738307,resting,fast,1787109157.6550384,7.119999885559082,-35.58000183105469,10.5600004196167,7.702499866485596,-0.20350000262260437,0.0005000000237487257
1787109157.7492523,resting,fast,1787109157.6550384,7.119999885559082,-35.58000183105469,10.5600004196167,7.702499866485596,-0.20350000262260437,0.0005000000237487257
1787109157.7600708,resting,fast,1787109157.6550384,7.119999885559082,-35.58000183105469,10.5600004196167,7.702499866485596,-0.20350000262260437,0.0005000000237487257
1787109157.7707903,resting,fast,1787109157.6550384,7.119999885559082,-35.58000183105469,10.5600004196167,7.702499866485596,-0.20350000262260437,0.0005000000237487257
1787109157.7816403,resting,fast,1787109157.6550384,7.119999885559082,-35.58000183105469,10.5600004196167,7.702499866485596,-0.20350000262260437,0.0005000000237487257
1787109157.7924333,resting,fast,1787109157.6550384,7.119999885559082,-35.58000183105469,10.5600004196167,7.702499866485596,-0.20350000262260437,0.0005000000237487257
1787109157.803184,resting,fast,1787109157.6550384,7.119999885559082,-35.58000183105469,10.5600004196167,7.702499866485596,-0.20350000262260437,0.0005000000237487257
1787109157.8141348,resting,fast,1787109157.6550384,7.119999885559082,-35.58000183105469,10.5600004196167,7.702499866485596,-0.20350000262260437,0.0005000000237487257
1787109157.8249388,resting,fast,1787109157.6550384,7.119999885559082,-35.58000183105469,10.5600004196167,7.702499866485596,-0.20350000262260437,0.0005000000237487257
1787109157.8358266,resting,fast,1787109157.6550384,7.119999885559082,-35.58000183105469,10.5600004196167,7.702499866485596,-0.20350000262260437,0.0005000000237487257
1787109157.846694,resting,fast,1787109157.6550384,7.119999885559082,-35.58000183105469,10.5600004196167,7.702499866485596,-0.20350000262260437,0.0005000000237487257
1787109157.8582463,resting,fast,1787109157.8546007,7.119999885559082,-35.58000183105469,10.5600004196167,7.702499866485596,-0.20350000262260437,0.0005000000237487257
1787109157.8692827,resting,fast,1787109157.8546007,7.119999885559082,-35.58000183105469,10.5600004196167,7.702499866485596,-0.20350000262260437,0.0005000000237487257
1787109157.8801517,resting,fast,1787109157.8546007,7.119999885559082,-35.58000183105469,10.5600004196167,7.702499866485596,-0.20350000262260437,0.0005000000237487257
1787109157.8911107,resting,fast,1787109157.8546007,7.119999885559082,-35.58000183105469,10.5600004196167,7.702499866485596,-0.20350000262260437,0.0005000000237487257
1787109157.9020772,resting,fast,1787109157.8546007,7.119999885559082,-35.58000183105469,10.5600004196167,7.702499866485596,-0.20350000262260437,0.0005000000237487257
1787109157.912982,resting,fast,1787109157.8546007,7.119999885559082,-35.58000183105469,10.5600004196167,7.702499866485596,-0.20350000262260437,0.0005000000237487257
1787109157.9239254,resting,fast,1787109157.8546007,7.119999885559082,-35.58000183105469,10.5600004196167,7.702499866485596,-0.20350000262260437,0.0005000000237487257
1787109157.9347146,resting,fast,1787109157.8546007,7.119999885559082,-35.58000183105469,10.5600004196167,7.702499866485596,-0.20350000262260437,0.0005000000237487257
1787109157.9455144,resting,fast,1787109157.8546007,7.119999885559082,-35.58000183105469,10.5600004196167,7.702499866485596,-0.20350000262260437,0.0005000000237487257
1787109157.957329,resting,fast,1787109157.8546007,7.119999885559082,-35.58000183105469,10.5600004196167,7.702499866485596,-0.20350000262260437,0.0005000000237487257
1787109157.9680395,resting,fast,1787109157.8546007,7.119999885559082,-35.58000183105469,10.5600004196167,7.702499866485596,-0.20350000262260437,0.0005000000237487257
1787109157.978668,resting,fast,1787109157.8546007,7.119999885559082,-35.58000183105469,10.5600004196167,7.702499866485596,-0.20350000262260437,0.0005000000237487257
1787109157.989625,resting,fast,1787109157.8546007,7.119999885559082,-35.58000183105469,10.5600004196167,7.702499866485596,-0.20350000262260437,0.0005000000237487257
1787109158.0004122,resting,fast,1787109157.8546007,7.119999885559082,-35.58000183105469,10.5600004196167,7.702499866485596,-0.20350000262260437,0.0005000000237487257
1787109158.011139,resting,fast,1787109157.8546007,7.119999885559082,-35.58000183105469,10.5600004196167,7.702499866485596,-0.20350000262260437,0.0005000000237487257
1787109158.0229778,resting,fast,1787109157.8546007,7.119999885559082,-35.58000183105469,10.5600004196167,7.702499866485596,-0.20350000262260437,0.0005000000237487257
1787109158.0336962,resting,fast,1787109157.8546007,7.119999885559082,-35.58000183105469,10.5600004196167,7.702499866485596,-0.20350000262260437,0.0005000000237487257
1787109158.0444093,resting,fast,1787109157.8546007,7.119999885559082,-35.58000183105469,10.5600004196167,7.702499866485596,-0.20350000262260437,0.0005000000237487257
1787109158.0580425,resting,fast,1787109158.0541608,7.119999885559082,-35.58000183105469,10.5600004196167,7.702499866485596,-0.20350000262260437,0.0005000000237487257
1787109158.068794,resting,fast,1787109158.0541608,7.119999885559082,-35.58000183105469,10.5600004196167,7.702499866485596,-0.20350000262260437,0.0005000000237487257
1787109158.0795295,resting,fast,1787109158.0541608,7.119999885559082,-35.58000183105469,10.5600004196167,7.702499866485596,-0.20350000262260437,0.0005000000237487257
1787109158.0902157,resting,fast,1787109158.0541608,7.119999885559082,-35.58000183105469,10.5600004196167,7.702499866485596,-0.20350000262260437,0.0005000000237487257
1787109158.1009922,resting,fast,1787109158.0541608,7.119999885559082,-35.58000183105469,10.5600004196167,7.702499866485596,-0.20350000262260437,0.0005000000237487257
1787109158.1116776,resting,fast,1787109158.0541608,7.119999885559082,-35.58000183105469,10.5600004196167,7.702499866485596,-0.20350000262260437,0.0005000000237487257
1787109158.1228414,resting,fast,1787109158.0541608,7.119999885559082,-35.58000183105469,10.5600004196167,7.702499866485596,-0.20350000262260437,0.0005000000237487257
1787109158.1336262,resting,fast,1787109158.0541608,7.119999885559082,-35.58000183105469,10.5600004196167,7.702499866485596,-0.20350000262260437,0.0005000000237487257
1787109158.1444438,resting,fast,1787109158.0541608,7.119999885559082,-35.58000183105469,10.5600004196167,7.702499866485596,-0.20350000262260437,0.0005000000237487257
1787109158.1566713,resting,fast,1787109158.0541608,7.119999885559082,-35.58000183105469,10.5600004196167,7.702499866485596,-0.20350000262260437,0.0005000000237487257
1787109158.1674266,resting,fast,1787109158.0541608,7.119999885559082,-35.58000183105469,10.5600004196167,7.702499866485596,-0.20350000262260437,0.0005000000237487257
1787109158.178187,resting,fast,1787109158.0541608,7.119999885559082,-35.58000183105469,10.5600004196167,7.702499866485596,-0.20350000262260437,0.0005000000237487257
1787109158.1896138,resting,fast,1787109158.0541608,7.119999885559082,-35.58000183105469,10.5600004196167,7.702499866485596,-0.20350000262260437,0.0005000000237487257
1787109158.2004006,resting,fast,1787109158.0541608,7.119999885559082,-35.58000183105469,10.5600004196167,7.702499866485596,-0.20350000262260437,0.0005000000237487257
1787109158.211232,resting,fast,1787109158.0541608,7.119999885559082,-35.58000183105469,10.5600004196167,7.702499866485596,-0.20350000262260437,0.0005000000237487257
1787109158.2220874,resting,fast,1787109158.0541608,7.119999885559082,-35.58000183105469,10.5600004196167,7.702499866485596,-0.20350000262260437,0.0005000000237487257
1787109158.2328553,resting,fast,1787109158.0541608,7.119999885559082,-35.58000183105469,10.5600004196167,7.702499866485596,-0.20350000262260437,0.0005000000237487257
1787109158.2434657,resting,fast,1787109158.0541608,7.119999885559082,-35.58000183105469,10.5600004196167,7.702499866485596,-0.20350000262260437,0.0005000000237487257
1787109158.2560675,resting,fast,1787109158.0541608,7.119999885559082,-35.58000183105469,10.5600004196167,7.702499866485596,-0.20350000262260437,0.0005000000237487257
1787109158.266885,resting,fast,1787109158.0541608,7.119999885559082,-35.58000183105469,10.5600004196167,7.702499866485596,-0.20350000262260437,0.0005000000237487257
1787109158.2776158,resting,fast,1787109158.0541608,7.119999885559082,-35.58000183105469,10.5600004196167,7.702499866485596,-0.20350000262260437,0.0005000000237487257
1787109158.2889657,resting,fast,1787109158.0541608,7.119999885559082,-35.58000183105469,10.5600004196167,7.702499866485596,-0.20350000262260437,0.0005000000237487257
1787109158.299795,resting,fast,1787109158.0541608,7.119999885559082,-35.58000183105469,10.5600004196167,7.702499866485596,-0.20350000262260437,0.0005000000237487257
1787109158.3106072,resting,fast,1787109158.0541608,7.119999885559082,-35.58000183105469,10.5600004196167,7.702499866485596,-0.20350000262260437,0.0005000000237487257
1787109158.3230295,resting,fast,1787109158.0541608,7.119999885559082,-35.58000183105469,10.5600004196167,7.702499866485596,-0.20350000262260437,0.0005000000237487257
1787109158.3338456,resting,fast,1787109158.0541608,7.119999885559082,-35.58000183105469,10.5600004196167,7.702499866485596,-0.20350000262260437,0.0005000000237487257
1787109158.3445888,resting,fast,1787109158.0541608,7.119999885559082,-35.58000183105469,10.5600004196167,7.702499866485596,-0.20350000262260437,0.0005000000237487257
1787109158.3553548,resting,fast,1787109158.0541608,7.119999885559082,-35.58000183105469,10.5600004196167,7.702499866485596,-0.20350000262260437,0.0005000000237487257
1787109158.3661382,resting,fast,1787109158.0541608,7.119999885559082,-35.58000183105469,10.5600004196167,7.702499866485596,-0.20350000262260437,0.0005000000237487257
1787109158.3767743,resting,fast,1787109158.0541608,7.119999885559082,-35.58000183105469,10.5600004196167,7.702499866485596,-0.20350000262260437,0.0005000000237487257
1787109158.3885193,resting,fast,1787109158.0541608,7.119999885559082,-35.58000183105469,10.5600004196167,7.702499866485596,-0.20350000262260437,0.0005000000237487257
1787109158.399346,resting,fast,1787109158.0541608,7.119999885559082,-35.58000183105469,10.5600004196167,7.702499866485596,-0.20350000262260437,0.0005000000237487257
1787109158.4101126,resting,fast,1787109158.0541608,7.119999885559082,-35.58000183105469,10.5600004196167,7.702499866485596,-0.20350000262260437,0.0005000000237487257
1787109158.4223027,resting,fast,1787109158.0541608,7.119999885559082,-35.58000183105469,10.5600004196167,7.702499866485596,-0.20350000262260437,0.0005000000237487257
1787109158.4331036,resting,fast,1787109158.0541608,7.119999885559082,-35.58000183105469,10.5600004196167,7.702499866485596,-0.20350000262260437,0.0005000000237487257
1787109158.4438348,resting,fast,1787109158.0541608,7.119999885559082,-35.58000183105469,10.5600004196167,7.702499866485596,-0.20350000262260437,0.0005000000237487257
1787109158.4556317,resting,fast,1787109158.0541608,7.119999885559082,-35.58000183105469,10.5600004196167,7.702499866485596,-0.20350000262260437,0.0005000000237487257
1787109158.466495,resting,fast,1787109158.0541608,7.119999885559082,-35.58000183105469,10.5600004196167,7.702499866485596,-0.20350000262260437,0.0005000000237487257
1787109158.4771857,resting,fast,1787109158.0541608,7.119999885559082,-35.58000183105469,10.5600004196167,7.702499866485596,-0.20350000262260437,0.0005000000237487257
1787109158.4880602,resting,fast,1787109158.0541608,7.119999885559082,-35.58000183105469,10.5600004196167,7.702499866485596,-0.20350000262260437,0.0005000000237487257
1787109158.4987833,resting,fast,1787109158.0541608,7.119999885559082,-35.58000183105469,10.5600004196167,7.702499866485596,-0.20350000262260437,0.0005000000237487257
1787109158.5095503,resting,fast,1787109158.0541608,7.119999885559082,-35.58000183105469,10.5600004196167,7.702499866485596,-0.20350000262260437,0.0005000000237487257
1787109158.5211492,resting,fast,1787109158.0541608,7.119999885559082,-35.58000183105469,10.5600004196167,7.702499866485596,-0.20350000262260437,0.0005000000237487257
1787109158.5318973,resting,fast,1787109158.0541608,7.119999885559082,-35.58000183105469,10.5600004196167,7.702499866485596,-0.20350000262260437,0.0005000000237487257
1787109158.5424857,resting,fast,1787109158.0541608,7.119999885559082,-35.58000183105469,10.5600004196167,7.702499866485596,-0.20350000262260437,0.0005000000237487257
1787109158.553255,resting,fast,1787109158.0541608,7.119999885559082,-35.58000183105469,10.5600004196167,7.702499866485596,-0.20350000262260437,0.0005000000237487257
1787109158.563869,resting,fast,1787109158.0541608,7.119999885559082,-35.58000183105469,10.5600004196167,7.702499866485596,-0.20350000262260437,0.0005000000237487257
1787109158.5745893,resting,fast,1787109158.0541608,7.119999885559082,-35.58000183105469,10.5600004196167,7.702499866485596,-0.20350000262260437,0.0005000000237487257
1787109158.5867658,resting,fast,1787109158.0541608,7.119999885559082,-35.58000183105469,10.5600004196167,7.702499866485596,-0.20350000262260437,0.0005000000237487257
1787109158.5975819,resting,fast,1787109158.0541608,7.119999885559082,-35.58000183105469,10.5600004196167,7.702499866485596,-0.20350000262260437,0.0005000000237487257
1787109158.6083424,resting,fast,1787109158.0541608,7.119999885559082,-35.58000183105469,10.5600004196167,7.702499866485596,-0.20350000262260437,0.0005000000237487257
1787109158.620755,resting,fast,1787109158.0541608,7.119999885559082,-35.58000183105469,10.5600004196167,7.702499866485596,-0.20350000262260437,0.0005000000237487257
1787109158.631572,resting,fast,1787109158.0541608,7.119999885559082,-35.58000183105469,10.5600004196167,7.702499866485596,-0.20350000262260437,0.0005000000237487257
1787109158.6422496,resting,fast,1787109158.0541608,7.119999885559082,-35.58000183105469,10.5600004196167,7.702499866485596,-0.20350000262260437,0.0005000000237487257
1787109158.6532583,resting,fast,1787109158.0541608,7.119999885559082,-35.58000183105469,10.5600004196167,7.702499866485596,-0.20350000262260437,0.0005000000237487257
1787109158.6640055,resting,fast,1787109158.0541608,7.119999885559082,-35.58000183105469,10.5600004196167,7.702499866485596,-0.20350000262260437,0.0005000000237487257
1787109158.6745923,resting,fast,1787109158.0541608,7.119999885559082,-35.58000183105469,10.5600004196167,7.702499866485596,-0.20350000262260437,0.0005000000237487257
1787109158.686122,resting,fast,1787109158.0541608,7.119999885559082,-35.58000183105469,10.5600004196167,7.702499866485596,-0.20350000262260437,0.0005000000237487257
1787109158.6968787,resting,fast,1787109158.0541608,7.119999885559082,-35.58000183105469,10.5600004196167,7.702499866485596,-0.20350000262260437,0.0005000000237487257
1787109158.7075317,resting,fast,1787109158.0541608,7.119999885559082,-35.58000183105469,10.5600004196167,7.702499866485596,-0.20350000262260437,0.0005000000237487257
1787109158.7203732,resting,fast,1787109158.0541608,7.119999885559082,-35.58000183105469,10.5600004196167,7.702499866485596,-0.20350000262260437,0.0005000000237487257
1787109158.7311125,resting,fast,1787109158.0541608,7.119999885559082,-35.58000183105469,10.5600004196167,7.702499866485596,-0.20350000262260437,0.0005000000237487257
1787109158.7417808,resting,fast,1787109158.0541608,7.119999885559082,-35.58000183105469,10.5600004196167,7.702499866485596,-0.20350000262260437,0.0005000000237487257
1787109158.7525954,resting,fast,1787109158.0541608,7.119999885559082,-35.58000183105469,10.5600004196167,7.702499866485596,-0.20350000262260437,0.0005000000237487257
1787109158.7633762,resting,fast,1787109158.0541608,7.119999885559082,-35.58000183105469,10.5600004196167,7.702499866485596,-0.20350000262260437,0.0005000000237487257
1787109158.7741165,resting,fast,1787109158.0541608,7.119999885559082,-35.58000183105469,10.5600004196167,7.702499866485596,-0.20350000262260437,0.0005000000237487257
1787109158.7862654,resting,fast,1787109158.0541608,7.119999885559082,-35.58000183105469,10.5600004196167,7.702499866485596,-0.20350000262260437,0.0005000000237487257
1787109158.7970698,resting,fast,1787109158.0541608,7.119999885559082,-35.58000183105469,10.5600004196167,7.702499866485596,-0.20350000262260437,0.0005000000237487257
1787109158.8077693,resting,fast,1787109158.0541608,7.119999885559082,-35.58000183105469,10.5600004196167,7.702499866485596,-0.20350000262260437,0.0005000000237487257
1787109158.8199153,resting,fast,1787109158.8163838,7.119999885559082,-35.58000183105469,10.5600004196167,7.702499866485596,-0.20350000262260437,0.0005000000237487257
1787109158.8307188,resting,fast,1787109158.8163838,7.119999885559082,-35.58000183105469,10.5600004196167,7.702499866485596,-0.20350000262260437,0.0005000000237487257
1787109158.841328,resting,fast,1787109158.8163838,7.119999885559082,-35.58000183105469,10.5600004196167,7.702499866485596,-0.20350000262260437,0.0005000000237487257
1787109158.8529155,resting,fast,1787109158.8163838,7.119999885559082,-35.58000183105469,10.5600004196167,7.702499866485596,-0.20350000262260437,0.0005000000237487257
1787109158.8636253,resting,fast,1787109158.8163838,7.119999885559082,-35.58000183105469,10.5600004196167,7.702499866485596,-0.20350000262260437,0.0005000000237487257
1787109158.8744218,resting,fast,1787109158.8163838,7.119999885559082,-35.58000183105469,10.5600004196167,7.702499866485596,-0.20350000262260437,0.0005000000237487257
1787109158.886472,resting,fast,1787109158.8163838,7.119999885559082,-35.58000183105469,10.5600004196167,7.702499866485596,-0.20350000262260437,0.0005000000237487257
1787109158.8972769,resting,fast,1787109158.8163838,7.119999885559082,-35.58000183105469,10.5600004196167,7.702499866485596,-0.20350000262260437,0.0005000000237487257
1787109158.9080372,resting,fast,1787109158.8163838,7.119999885559082,-35.58000183105469,10.5600004196167,7.702499866485596,-0.20350000262260437,0.0005000000237487257
1787109158.9207437,resting,fast,1787109158.8163838,7.119999885559082,-35.58000183105469,10.5600004196167,7.702499866485596,-0.20350000262260437,0.0005000000237487257
1787109158.931579,resting,fast,1787109158.8163838,7.119999885559082,-35.58000183105469,10.5600004196167,7.702499866485596,-0.20350000262260437,0.0005000000237487257
1787109158.942307,resting,fast,1787109158.8163838,7.119999885559082,-35.58000183105469,10.5600004196167,7.702499866485596,-0.20350000262260437,0.0005000000237487257
1787109158.9539888,resting,fast,1787109158.8163838,7.119999885559082,-35.58000183105469,10.5600004196167,7.702499866485596,-0.20350000262260437,0.0005000000237487257
1787109158.9647765,resting,fast,1787109158.8163838,7.119999885559082,-35.58000183105469,10.5600004196167,7.702499866485596,-0.20350000262260437,0.0005000000237487257
1787109158.9754386,resting,fast,1787109158.8163838,7.119999885559082,-35.58000183105469,10.5600004196167,7.702499866485596,-0.20350000262260437,0.0005000000237487257
1787109158.9861174,resting,fast,1787109158.8163838,7.119999885559082,-35.58000183105469,10.5600004196167,7.702499866485596,-0.20350000262260437,0.0005000000237487257
1787109158.9967508,resting,fast,1787109158.8163838,7.119999885559082,-35.58000183105469,10.5600004196167,7.702499866485596,-0.20350000262260437,0.0005000000237487257
1787109159.007447,resting,fast,1787109158.8163838,7.119999885559082,-35.58000183105469,10.5600004196167,7.702499866485596,-0.20350000262260437,0.0005000000237487257
1787109159.0202727,resting,fast,1787109159.0166926,7.119999885559082,-35.58000183105469,10.5600004196167,7.702499866485596,-0.20350000262260437,0.0005000000237487257
1787109159.0311005,resting,fast,1787109159.0166926,7.119999885559082,-35.58000183105469,10.5600004196167,7.702499866485596,-0.20350000262260437,0.0005000000237487257
1787109159.041816,resting,fast,1787109159.0166926,7.119999885559082,-35.58000183105469,10.5600004196167,7.702499866485596,-0.20350000262260437,0.0005000000237487257
1787109159.052664,resting,fast,1787109159.0166926,7.119999885559082,-35.58000183105469,10.5600004196167,7.702499866485596,-0.20350000262260437,0.0005000000237487257
1787109159.0633533,resting,fast,1787109159.0166926,7.119999885559082,-35.58000183105469,10.5600004196167,7.702499866485596,-0.20350000262260437,0.0005000000237487257
1787109159.0741305,resting,fast,1787109159.0166926,7.119999885559082,-35.58000183105469,10.5600004196167,7.702499866485596,-0.20350000262260437,0.0005000000237487257
1787109159.0853736,resting,fast,1787109159.0166926,7.119999885559082,-35.58000183105469,10.5600004196167,7.702499866485596,-0.20350000262260437,0.0005000000237487257
1787109159.0961444,resting,fast,1787109159.0166926,7.119999885559082,-35.58000183105469,10.5600004196167,7.702499866485596,-0.20350000262260437,0.0005000000237487257
1787109159.1068716,resting,fast,1787109159.0166926,7.119999885559082,-35.58000183105469,10.5600004196167,7.702499866485596,-0.20350000262260437,0.0005000000237487257
1787109159.1190548,resting,fast,1787109159.0166926,7.119999885559082,-35.58000183105469,10.5600004196167,7.702499866485596,-0.20350000262260437,0.0005000000237487257
1787109159.1298556,resting,fast,1787109159.0166926,7.119999885559082,-35.58000183105469,10.5600004196167,7.702499866485596,-0.20350000262260437,0.0005000000237487257
1787109159.1405997,resting,fast,1787109159.0166926,7.119999885559082,-35.58000183105469,10.5600004196167,7.702499866485596,-0.20350000262260437,0.0005000000237487257
1787109159.1518207,resting,fast,1787109159.0166926,7.119999885559082,-35.58000183105469,10.5600004196167,7.702499866485596,-0.20350000262260437,0.0005000000237487257
1787109159.1623647,resting,fast,1787109159.0166926,7.119999885559082,-35.58000183105469,10.5600004196167,7.702499866485596,-0.20350000262260437,0.0005000000237487257
1787109159.173057,resting,fast,1787109159.0166926,7.119999885559082,-35.58000183105469,10.5600004196167,7.702499866485596,-0.20350000262260437,0.0005000000237487257
1787109159.1843288,resting,fast,1787109159.0166926,7.119999885559082,-35.58000183105469,10.5600004196167,7.702499866485596,-0.20350000262260437,0.0005000000237487257
1787109159.195135,resting,fast,1787109159.0166926,7.119999885559082,-35.58000183105469,10.5600004196167,7.702499866485596,-0.20350000262260437,0.0005000000237487257
1787109159.205901,resting,fast,1787109159.0166926,7.119999885559082,-35.58000183105469,10.5600004196167,7.702499866485596,-0.20350000262260437,0.0005000000237487257
1787109159.219546,resting,fast,1787109159.2156317,7.119999885559082,-35.58000183105469,10.5600004196167,7.702499866485596,-0.20350000262260437,0.0005000000237487257
1787109159.2302966,resting,fast,1787109159.2156317,7.119999885559082,-35.58000183105469,10.5600004196167,7.702499866485596,-0.20350000262260437,0.0005000000237487257
1787109159.241248,resting,fast,1787109159.2156317,7.119999885559082,-35.58000183105469,10.5600004196167,7.702499866485596,-0.20350000262260437,0.0005000000237487257
1787109159.2522933,resting,fast,1787109159.2156317,7.119999885559082,-35.58000183105469,10.5600004196167,7.702499866485596,-0.20350000262260437,0.0005000000237487257
1787109159.2632527,resting,fast,1787109159.2156317,7.119999885559082,-35.58000183105469,10.5600004196167,7.702499866485596,-0.20350000262260437,0.0005000000237487257
1787109159.2743504,resting,fast,1787109159.2156317,7.119999885559082,-35.58000183105469,10.5600004196167,7.702499866485596,-0.20350000262260437,0.0005000000237487257
1787109159.2853582,resting,fast,1787109159.2156317,7.119999885559082,-35.58000183105469,10.5600004196167,7.702499866485596,-0.20350000262260437,0.0005000000237487257
1787109159.2961934,resting,fast,1787109159.2156317,7.119999885559082,-35.58000183105469,10.5600004196167,7.702499866485596,-0.20350000262260437,0.0005000000237487257
1787109159.306935,resting,fast,1787109159.2156317,7.119999885559082,-35.58000183105469,10.5600004196167,7.702499866485596,-0.20350000262260437,0.0005000000237487257
1787109159.3176541,resting,fast,1787109159.2156317,7.119999885559082,-35.58000183105469,10.5600004196167,7.702499866485596,-0.20350000262260437,0.0005000000237487257
1787109159.328468,resting,fast,1787109159.2156317,7.119999885559082,-35.58000183105469,10.5600004196167,7.702499866485596,-0.20350000262260437,0.0005000000237487257
1787109159.33922,resting,fast,1787109159.2156317,7.119999885559082,-35.58000183105469,10.5600004196167,7.702499866485596,-0.20350000262260437,0.0005000000237487257
1787109159.3513207,resting,fast,1787109159.347918,7.119999885559082,-35.58000183105469,10.5600004196167,7.702499866485596,-0.20350000262260437,0.0005000000237487257
1787109159.3621056,resting,fast,1787109159.347918,7.119999885559082,-35.58000183105469,10.5600004196167,7.702499866485596,-0.20350000262260437,0.0005000000237487257
1787109159.372832,resting,fast,1787109159.347918,7.119999885559082,-35.58000183105469,10.5600004196167,7.702499866485596,-0.20350000262260437,0.0005000000237487257
1787109159.384288,resting,fast,1787109159.347918,7.119999885559082,-35.58000183105469,10.5600004196167,7.702499866485596,-0.20350000262260437,0.0005000000237487257
1787109159.395072,resting,fast,1787109159.347918,7.119999885559082,-35.58000183105469,10.5600004196167,7.702499866485596,-0.20350000262260437,0.0005000000237487257
1787109159.4059062,resting,fast,1787109159.347918,7.119999885559082,-35.58000183105469,10.5600004196167,7.702499866485596,-0.20350000262260437,0.0005000000237487257
1787109159.4169295,resting,fast,1787109159.347918,7.119999885559082,-35.58000183105469,10.5600004196167,7.702499866485596,-0.20350000262260437,0.0005000000237487257
1787109159.4276996,resting,fast,1787109159.347918,7.119999885559082,-35.58000183105469,10.5600004196167,7.702499866485596,-0.20350000262260437,0.0005000000237487257
1787109159.43864,resting,fast,1787109159.347918,7.119999885559082,-35.58000183105469,10.5600004196167,7.702499866485596,-0.20350000262260437,0.0005000000237487257
1787109159.4494438,resting,fast,1787109159.347918,7.119999885559082,-35.58000183105469,10.5600004196167,7.702499866485596,-0.20350000262260437,0.0005000000237487257
1787109159.4604368,resting,fast,1787109159.347918,7.119999885559082,-35.58000183105469,10.5600004196167,7.702499866485596,-0.20350000262260437,0.0005000000237487257
1787109159.4713469,resting,fast,1787109159.347918,7.119999885559082,-35.58000183105469,10.5600004196167,7.702499866485596,-0.20350000262260437,0.0005000000237487257
1787109159.4836109,resting,fast,1787109159.347918,7.119999885559082,-35.58000183105469,10.5600004196167,7.702499866485596,-0.20350000262260437,0.0005000000237487257
1787109159.4945147,resting,fast,1787109159.347918,7.119999885559082,-35.58000183105469,10.5600004196167,7.702499866485596,-0.20350000262260437,0.0005000000237487257
1787109159.505269,resting,fast,1787109159.347918,7.119999885559082,-35.58000183105469,10.5600004196167,7.702499866485596,-0.20350000262260437,0.0005000000237487257
1787109159.51673,resting,fast,1787109159.347918,7.119999885559082,-35.58000183105469,10.5600004196167,7.702499866485596,-0.20350000262260437,0.0005000000237487257
1787109159.5275211,resting,fast,1787109159.347918,7.119999885559082,-35.58000183105469,10.5600004196167,7.702499866485596,-0.20350000262260437,0.0005000000237487257
1787109159.5383778,resting,fast,1787109159.347918,7.119999885559082,-35.58000183105469,10.5600004196167,7.702499866485596,-0.20350000262260437,0.0005000000237487257
1787109159.549678,resting,fast,1787109159.347918,7.119999885559082,-35.58000183105469,10.5600004196167,7.702499866485596,-0.20350000262260437,0.0005000000237487257
1787109159.5604007,resting,fast,1787109159.347918,7.119999885559082,-35.58000183105469,10.5600004196167,7.702499866485596,-0.20350000262260437,0.0005000000237487257
1787109159.5712595,resting,fast,1787109159.347918,7.119999885559082,-35.58000183105469,10.5600004196167,7.702499866485596,-0.20350000262260437,0.0005000000237487257
1787109159.5826643,resting,fast,1787109159.347918,7.119999885559082,-35.58000183105469,10.5600004196167,7.702499866485596,-0.20350000262260437,0.0005000000237487257
1787109159.5935342,resting,fast,1787109159.347918,7.119999885559082,-35.58000183105469,10.5600004196167,7.702499866485596,-0.20350000262260437,0.0005000000237487257
1787109159.6044517,resting,fast,1787109159.347918,7.119999885559082,-35.58000183105469,10.5600004196167,7.702499866485596,-0.20350000262260437,0.0005000000237487257
1787109159.6156578,resting,fast,1787109159.347918,7.119999885559082,-35.58000183105469,10.5600004196167,7.702499866485596,-0.20350000262260437,0.0005000000237487257
1787109159.6265106,resting,fast,1787109159.347918,7.119999885559082,-35.58000183105469,10.5600004196167,7.702499866485596,-0.20350000262260437,0.0005000000237487257
1787109159.6372702,resting,fast,1787109159.347918,7.119999885559082,-35.58000183105469,10.5600004196167,7.702499866485596,-0.20350000262260437,0.0005000000237487257
1787109159.6489866,resting,fast,1787109159.347918,7.119999885559082,-35.58000183105469,10.5600004196167,7.702499866485596,-0.20350000262260437,0.0005000000237487257
1787109159.6596823,resting,fast,1787109159.347918,7.119999885559082,-35.58000183105469,10.5600004196167,7.702499866485596,-0.20350000262260437,0.0005000000237487257
1787109159.6705055,resting,fast,1787109159.347918,7.119999885559082,-35.58000183105469,10.5600004196167,7.702499866485596,-0.20350000262260437,0.0005000000237487257
1787109159.6817267,resting,fast,1787109159.347918,7.119999885559082,-35.58000183105469,10.5600004196167,7.702499866485596,-0.20350000262260437,0.0005000000237487257
1787109159.6929457,resting,fast,1787109159.347918,7.119999885559082,-35.58000183105469,10.5600004196167,7.702499866485596,-0.20350000262260437,0.0005000000237487257
1787109159.7039466,resting,fast,1787109159.347918,7.119999885559082,-35.58000183105469,10.5600004196167,7.702499866485596,-0.20350000262260437,0.0005000000237487257
1787109159.7154393,resting,fast,1787109159.347918,7.119999885559082,-35.58000183105469,10.5600004196167,7.702499866485596,-0.20350000262260437,0.0005000000237487257
1787109159.7266657,resting,fast,1787109159.347918,7.119999885559082,-35.58000183105469,10.5600004196167,7.702499866485596,-0.20350000262260437,0.0005000000237487257
1787109159.737607,resting,fast,1787109159.347918,7.119999885559082,-35.58000183105469,10.5600004196167,7.702499866485596,-0.20350000262260437,0.0005000000237487257
1787109159.7486734,resting,fast,1787109159.347918,7.119999885559082,-35.58000183105469,10.5600004196167,7.702499866485596,-0.20350000262260437,0.0005000000237487257
1787109159.7597156,resting,fast,1787109159.347918,7.119999885559082,-35.58000183105469,10.5600004196167,7.702499866485596,-0.20350000262260437,0.0005000000237487257
1787109159.7706935,resting,fast,1787109159.347918,7.119999885559082,-35.58000183105469,10.5600004196167,7.702499866485596,-0.20350000262260437,0.0005000000237487257
1787109159.7823982,resting,fast,1787109159.347918,7.119999885559082,-35.58000183105469,10.5600004196167,7.702499866485596,-0.20350000262260437,0.0005000000237487257
1787109159.7934818,resting,fast,1787109159.347918,7.119999885559082,-35.58000183105469,10.5600004196167,7.702499866485596,-0.20350000262260437,0.0005000000237487257
1787109159.8044686,resting,fast,1787109159.347918,7.119999885559082,-35.58000183105469,10.5600004196167,7.702499866485596,-0.20350000262260437,0.0005000000237487257
1787109159.8153157,resting,fast,1787109159.347918,7.119999885559082,-35.58000183105469,10.5600004196167,7.702499866485596,-0.20350000262260437,0.0005000000237487257
1787109159.826255,resting,fast,1787109159.347918,7.119999885559082,-35.58000183105469,10.5600004196167,7.702499866485596,-0.20350000262260437,0.0005000000237487257
1787109159.8370385,resting,fast,1787109159.347918,7.119999885559082,-35.58000183105469,10.5600004196167,7.702499866485596,-0.20350000262260437,0.0005000000237487257
1787109159.847909,resting,fast,1787109159.347918,7.119999885559082,-35.58000183105469,10.5600004196167,7.702499866485596,-0.20350000262260437,0.0005000000237487257
1787109159.8585858,resting,fast,1787109159.347918,7.119999885559082,-35.58000183105469,10.5600004196167,7.702499866485596,-0.20350000262260437,0.0005000000237487257
1787109159.8694189,resting,fast,1787109159.347918,7.119999885559082,-35.58000183105469,10.5600004196167,7.702499866485596,-0.20350000262260437,0.0005000000237487257
1787109159.8807447,resting,fast,1787109159.347918,7.119999885559082,-35.58000183105469,10.5600004196167,7.702499866485596,-0.20350000262260437,0.0005000000237487257
1787109159.891546,resting,fast,1787109159.347918,7.119999885559082,-35.58000183105469,10.5600004196167,7.702499866485596,-0.20350000262260437,0.0005000000237487257
1787109159.9023616,resting,fast,1787109159.347918,7.119999885559082,-35.58000183105469,10.5600004196167,7.702499866485596,-0.20350000262260437,0.0005000000237487257
1787109159.913657,resting,fast,1787109159.347918,7.119999885559082,-35.58000183105469,10.5600004196167,7.702499866485596,-0.20350000262260437,0.0005000000237487257
1787109159.9246457,resting,fast,1787109159.347918,7.119999885559082,-35.58000183105469,10.5600004196167,7.702499866485596,-0.20350000262260437,0.0005000000237487257
1787109159.9354467,resting,fast,1787109159.347918,7.119999885559082,-35.58000183105469,10.5600004196167,7.702499866485596,-0.20350000262260437,0.0005000000237487257
1787109159.9466944,resting,fast,1787109159.347918,7.119999885559082,-35.58000183105469,10.5600004196167,7.702499866485596,-0.20350000262260437,0.0005000000237487257
1787109159.9575834,resting,fast,1787109159.347918,7.119999885559082,-35.58000183105469,10.5600004196167,7.702499866485596,-0.20350000262260437,0.0005000000237487257
1787109159.9683774,resting,fast,1787109159.347918,7.119999885559082,-35.58000183105469,10.5600004196167,7.702499866485596,-0.20350000262260437,0.0005000000237487257
1787109159.979429,resting,fast,1787109159.347918,7.119999885559082,-35.58000183105469,10.5600004196167,7.702499866485596,-0.20350000262260437,0.0005000000237487257
1787109159.9902503,resting,fast,1787109159.347918,7.119999885559082,-35.58000183105469,10.5600004196167,7.702499866485596,-0.20350000262260437,0.0005000000237487257
1787109160.0014415,resting,fast,1787109159.347918,7.119999885559082,-35.58000183105469,10.5600004196167,7.702499866485596,-0.20350000262260437,0.0005000000237487257
1787109160.0128446,resting,fast,1787109159.347918,7.119999885559082,-35.58000183105469,10.5600004196167,7.702499866485596,-0.20350000262260437,0.0005000000237487257
1787109160.0239732,resting,fast,1787109159.347918,7.119999885559082,-35.58000183105469,10.5600004196167,7.702499866485596,-0.20350000262260437,0.0005000000237487257
1787109160.0351396,resting,fast,1787109159.347918,7.119999885559082,-35.58000183105469,10.5600004196167,7.702499866485596,-0.20350000262260437,0.0005000000237487257
1787109160.0467668,resting,fast,1787109159.347918,7.119999885559082,-35.58000183105469,10.5600004196167,7.702499866485596,-0.20350000262260437,0.0005000000237487257
1787109160.0580525,resting,fast,1787109159.347918,7.119999885559082,-35.58000183105469,10.5600004196167,7.702499866485596,-0.20350000262260437,0.0005000000237487257
1787109160.0690947,resting,fast,1787109159.347918,7.119999885559082,-35.58000183105469,10.5600004196167,7.702499866485596,-0.20350000262260437,0.0005000000237487257
1787109160.0804114,resting,fast,1787109159.347918,7.119999885559082,-35.58000183105469,10.5600004196167,7.702499866485596,-0.20350000262260437,0.0005000000237487257
1787109160.091549,resting,fast,1787109159.347918,7.119999885559082,-35.58000183105469,10.5600004196167,7.702499866485596,-0.20350000262260437,0.0005000000237487257
1787109160.1026628,resting,fast,1787109159.347918,7.119999885559082,-35.58000183105469,10.5600004196167,7.702499866485596,-0.20350000262260437,0.0005000000237487257
1787109160.114288,resting,fast,1787109160.110584,7.119999885559082,-35.58000183105469,10.5600004196167,7.702499866485596,-0.20350000262260437,0.0005000000237487257
1787109160.1253803,resting,fast,1787109160.110584,7.119999885559082,-35.58000183105469,10.5600004196167,7.702499866485596,-0.20350000262260437,0.0005000000237487257
1787109160.1364264,resting,fast,1787109160.110584,7.119999885559082,-35.58000183105469,10.5600004196167,7.702499866485596,-0.20350000262260437,0.0005000000237487257
1787109160.1474826,resting,fast,1787109160.110584,7.119999885559082,-35.58000183105469,10.5600004196167,7.702499866485596,-0.20350000262260437,0.0005000000237487257
1787109160.158556,resting,fast,1787109160.110584,7.119999885559082,-35.58000183105469,10.5600004196167,7.702499866485596,-0.20350000262260437,0.0005000000237487257
1787109160.1696215,resting,fast,1787109160.110584,7.119999885559082,-35.58000183105469,10.5600004196167,7.702499866485596,-0.20350000262260437,0.0005000000237487257
1787109160.180694,resting,fast,1787109160.110584,7.119999885559082,-35.58000183105469,10.5600004196167,7.702499866485596,-0.20350000262260437,0.0005000000237487257
1787109160.1917171,resting,fast,1787109160.110584,7.119999885559082,-35.58000183105469,10.5600004196167,7.702499866485596,-0.20350000262260437,0.0005000000237487257
1787109160.202663,resting,fast,1787109160.110584,7.119999885559082,-35.58000183105469,10.5600004196167,7.702499866485596,-0.20350000262260437,0.0005000000237487257
1787109160.214028,resting,fast,1787109160.110584,7.119999885559082,-35.58000183105469,10.5600004196167,7.702499866485596,-0.20350000262260437,0.0005000000237487257
1787109160.2250755,resting,fast,1787109160.110584,7.119999885559082,-35.58000183105469,10.5600004196167,7.702499866485596,-0.20350000262260437,0.0005000000237487257
1787109160.236116,resting,fast,1787109160.110584,7.119999885559082,-35.58000183105469,10.5600004196167,7.702499866485596,-0.20350000262260437,0.0005000000237487257
1787109160.2481189,resting,fast,1787109160.110584,7.119999885559082,-35.58000183105469,10.5600004196167,7.702499866485596,-0.20350000262260437,0.0005000000237487257
1787109160.2592018,resting,fast,1787109160.110584,7.119999885559082,-35.58000183105469,10.5600004196167,7.702499866485596,-0.20350000262260437,0.0005000000237487257
1787109160.270377,resting,fast,1787109160.110584,7.119999885559082,-35.58000183105469,10.5600004196167,7.702499866485596,-0.20350000262260437,0.0005000000237487257
1787109160.2814047,resting,fast,1787109160.110584,7.119999885559082,-35.58000183105469,10.5600004196167,7.702499866485596,-0.20350000262260437,0.0005000000237487257
1787109160.2923975,resting,fast,1787109160.110584,7.119999885559082,-35.58000183105469,10.5600004196167,7.702499866485596,-0.20350000262260437,0.0005000000237487257
1787109160.3034568,resting,fast,1787109160.110584,7.119999885559082,-35.58000183105469,10.5600004196167,7.702499866485596,-0.20350000262260437,0.0005000000237487257
1787109160.3145616,resting,fast,1787109160.110584,7.119999885559082,-35.58000183105469,10.5600004196167,7.702499866485596,-0.20350000262260437,0.0005000000237487257
1787109160.325668,resting,fast,1787109160.110584,7.119999885559082,-35.58000183105469,10.5600004196167,7.702499866485596,-0.20350000262260437,0.0005000000237487257
1787109160.33671,resting,fast,1787109160.110584,7.119999885559082,-35.58000183105469,10.5600004196167,7.702499866485596,-0.20350000262260437,0.0005000000237487257
1787109160.3478293,resting,fast,1787109160.110584,7.119999885559082,-35.58000183105469,10.5600004196167,7.702499866485596,-0.20350000262260437,0.0005000000237487257
1787109160.358817,resting,fast,1787109160.110584,7.119999885559082,-35.58000183105469,10.5600004196167,7.702499866485596,-0.20350000262260437,0.0005000000237487257
1787109160.3696613,resting,fast,1787109160.110584,7.119999885559082,-35.58000183105469,10.5600004196167,7.702499866485596,-0.20350000262260437,0.0005000000237487257
1787109160.3809288,resting,fast,1787109160.110584,7.119999885559082,-35.58000183105469,10.5600004196167,7.702499866485596,-0.20350000262260437,0.0005000000237487257
1787109160.3919928,resting,fast,1787109160.110584,7.119999885559082,-35.58000183105469,10.5600004196167,7.702499866485596,-0.20350000262260437,0.0005000000237487257
1787109160.4030185,resting,fast,1787109160.110584,7.119999885559082,-35.58000183105469,10.5600004196167,7.702499866485596,-0.20350000262260437,0.0005000000237487257
1787109160.4144228,resting,fast,1787109160.110584,7.119999885559082,-35.58000183105469,10.5600004196167,7.702499866485596,-0.20350000262260437,0.0005000000237487257
1787109160.4255013,resting,fast,1787109160.110584,7.119999885559082,-35.58000183105469,10.5600004196167,7.702499866485596,-0.20350000262260437,0.0005000000237487257
1787109160.4366102,resting,fast,1787109160.110584,7.119999885559082,-35.58000183105469,10.5600004196167,7.702499866485596,-0.20350000262260437,0.0005000000237487257
1787109160.448105,resting,fast,1787109160.110584,7.119999885559082,-35.58000183105469,10.5600004196167,7.702499866485596,-0.20350000262260437,0.0005000000237487257
1787109160.4592223,resting,fast,1787109160.110584,7.119999885559082,-35.58000183105469,10.5600004196167,7.702499866485596,-0.20350000262260437,0.0005000000237487257
1787109160.4703274,resting,fast,1787109160.110584,7.119999885559082,-35.58000183105469,10.5600004196167,7.702499866485596,-0.20350000262260437,0.0005000000237487257
1787109160.4812455,resting,fast,1787109160.110584,7.119999885559082,-35.58000183105469,10.5600004196167,7.702499866485596,-0.20350000262260437,0.0005000000237487257
1787109160.4921927,resting,fast,1787109160.110584,7.119999885559082,-35.58000183105469,10.5600004196167,7.702499866485596,-0.20350000262260437,0.0005000000237487257
1787109160.5030694,resting,fast,1787109160.110584,7.119999885559082,-35.58000183105469,10.5600004196167,7.702499866485596,-0.20350000262260437,0.0005000000237487257
1787109160.5150313,resting,fast,1787109160.110584,7.119999885559082,-35.58000183105469,10.5600004196167,7.702499866485596,-0.20350000262260437,0.0005000000237487257
1787109160.5260353,resting,fast,1787109160.110584,7.119999885559082,-35.58000183105469,10.5600004196167,7.702499866485596,-0.20350000262260437,0.0005000000237487257
1787109160.5369406,resting,fast,1787109160.110584,7.119999885559082,-35.58000183105469,10.5600004196167,7.702499866485596,-0.20350000262260437,0.0005000000237487257
1787109160.5484998,resting,fast,1787109160.110584,7.119999885559082,-35.58000183105469,10.5600004196167,7.702499866485596,-0.20350000262260437,0.0005000000237487257
1787109160.5595832,resting,fast,1787109160.110584,7.119999885559082,-35.58000183105469,10.5600004196167,7.702499866485596,-0.20350000262260437,0.0005000000237487257
1787109160.570347,resting,fast,1787109160.110584,7.119999885559082,-35.58000183105469,10.5600004196167,7.702499866485596,-0.20350000262260437,0.0005000000237487257
1787109160.582687,resting,fast,1787109160.110584,7.119999885559082,-35.58000183105469,10.5600004196167,7.702499866485596,-0.20350000262260437,0.0005000000237487257
1787109160.5937274,resting,fast,1787109160.110584,7.119999885559082,-35.58000183105469,10.5600004196167,7.702499866485596,-0.20350000262260437,0.0005000000237487257
1787109160.6043825,resting,fast,1787109160.110584,7.119999885559082,-35.58000183105469,10.5600004196167,7.702499866485596,-0.20350000262260437,0.0005000000237487257
1787109160.6155794,resting,fast,1787109160.110584,7.119999885559082,-35.58000183105469,10.5600004196167,7.702499866485596,-0.20350000262260437,0.0005000000237487257
1787109160.6266565,resting,fast,1787109160.110584,7.119999885559082,-35.58000183105469,10.5600004196167,7.702499866485596,-0.20350000262260437,0.0005000000237487257
1787109160.6376271,resting,fast,1787109160.110584,7.119999885559082,-35.58000183105469,10.5600004196167,7.702499866485596,-0.20350000262260437,0.0005000000237487257
1787109160.6484442,resting,fast,1787109160.110584,7.119999885559082,-35.58000183105469,10.5600004196167,7.702499866485596,-0.20350000262260437,0.0005000000237487257
1787109160.6594977,resting,fast,1787109160.110584,7.119999885559082,-35.58000183105469,10.5600004196167,7.702499866485596,-0.20350000262260437,0.0005000000237487257
1787109160.6704679,resting,fast,1787109160.110584,7.119999885559082,-35.58000183105469,10.5600004196167,7.702499866485596,-0.20350000262260437,0.0005000000237487257
1787109160.6813686,resting,fast,1787109160.110584,7.119999885559082,-35.58000183105469,10.5600004196167,7.702499866485596,-0.20350000262260437,0.0005000000237487257
1787109160.6924038,resting,fast,1787109160.110584,7.119999885559082,-35.58000183105469,10.5600004196167,7.702499866485596,-0.20350000262260437,0.0005000000237487257
1787109160.703206,resting,fast,1787109160.110584,7.119999885559082,-35.58000183105469,10.5600004196167,7.702499866485596,-0.20350000262260437,0.0005000000237487257
1787109160.7145314,resting,fast,1787109160.110584,7.119999885559082,-35.58000183105469,10.5600004196167,7.702499866485596,-0.20350000262260437,0.0005000000237487257
1787109160.7255855,resting,fast,1787109160.110584,7.119999885559082,-35.58000183105469,10.5600004196167,7.702499866485596,-0.20350000262260437,0.0005000000237487257
1787109160.7365727,resting,fast,1787109160.110584,7.119999885559082,-35.58000183105469,10.5600004196167,7.702499866485596,-0.20350000262260437,0.0005000000237487257
1787109160.7475777,resting,fast,1787109160.110584,7.119999885559082,-35.58000183105469,10.5600004196167,7.702499866485596,-0.20350000262260437,0.0005000000237487257
1787109160.7586296,resting,fast,1787109160.110584,7.119999885559082,-35.58000183105469,10.5600004196167,7.702499866485596,-0.20350000262260437,0.0005000000237487257
1787109160.7698896,resting,fast,1787109160.110584,7.119999885559082,-35.58000183105469,10.5600004196167,7.702499866485596,-0.20350000262260437,0.0005000000237487257
1787109160.7809448,resting,fast,1787109160.110584,7.119999885559082,-35.58000183105469,10.5600004196167,7.702499866485596,-0.20350000262260437,0.0005000000237487257
1787109160.7918928,resting,fast,1787109160.110584,7.119999885559082,-35.58000183105469,10.5600004196167,7.702499866485596,-0.20350000262260437,0.0005000000237487257
1787109160.816485,resting,fast,1787109160.110584,7.119999885559082,-35.58000183105469,10.5600004196167,7.702499866485596,-0.20350000262260437,0.0005000000237487257
