ts,label,session_type,experiment_start_ts,fx,fy,fz,mx,my,mz
1786739729.1262069,resting,fast,1786739728.8838232,-470.45978235107214,-184.81804088360116,711.5860410845635,13.86135306627028,-35.284483676330694,6.797283252329469e-20
1786739729.1283414,resting,fast,1786739728.8838232,-466.75563507967763,-183.88806458827605,704.8266007463535,13.791604844120865,-35.00667263097603,6.766126472146277e-20
1786739729.1291487,resting,fast,1786739728.8838232,-465.6155084274287,-183.69915951790824,711.7357041249197,13.777436963843225,-34.92116313205726,6.786696910091121e-20
1786739729.1299527,resting,fast,1786739728.8838232,-463.00747567797225,-184.642237191022,706.8530606413306,13.848167789327004,-34.72556067584811,6.764395244778658e-20
1786739729.1359324,resting,fast,1786739728.8838232,-463.2841533558335,-183.98678221992884,712.5158870935702,13.799008666494803,-34.746311501687686,6.835189791743674e-20
1786739729.1433384,resting,fast,1786739728.8838232,-463.277341589514,-186.67833534321142,702.2516355041607,14.000875150740878,-34.745800619213604,6.868884307251762e-20
1786739729.1718419,resting,fast,1786739728.8838232,-461.9964250859862,-183.7878049696659,713.0411511790953,13.784085372725148,-34.649731881449185,6.848885655338984e-20
1786739729.200994,resting,fast,1786739728.8838232,-461.14957287846255,-183.4825492911799,708.1026678502903,13.761191196838741,-34.58621796588483,6.769122770803369e-20
1786739729.2289264,resting,fast,1786739728.8838232,-462.3729147964759,-181.39386698360454,711.8238985412481,13.604540023770628,-34.677968609735956,6.713900443550664e-20
1786739729.2573586,resting,fast,1786739728.8838232,-462.6231127906053,-180.63895180369047,702.6663730897862,13.547921385277196,-34.696733459295615,6.739551712758832e-20
1786739729.2857835,resting,fast,1786739728.8838232,-463.2165201935809,-180.30699098604794,703.8473817571321,13.523024323953795,-34.74123901451875,6.719145912996143e-20
1786739729.3143232,resting,fast,1786739728.8838232,-463.1326038207949,-179.95342134237865,708.2518709616888,13.496506600678547,-34.73494528655967,6.776479506923678e-20
1786739729.3430645,resting,fast,1786739728.8838232,-466.70239789254583,-182.27607936359345,714.5143922419411,13.67070595226981,-35.002679841941124,6.813431201698616e-20
1786739729.3717177,resting,fast,1786739728.8838232,-465.3446748715337,-183.64287719112872,717.471870332618,13.773215789334866,-34.90085061536508,6.839841548884379e-20
1786739729.400027,resting,fast,1786739728.8838232,-464.69022408531373,-183.48562719381027,715.8852761259368,13.761422039536075,-34.851766806398814,6.793571353379784e-20
1786739729.428636,resting,fast,1786739728.8838232,-462.8993310066444,-184.6727279408118,712.9944212468699,13.850454595560958,-34.71744982549852,6.797558298821053e-20
1786739729.457082,resting,fast,1786739728.8838232,-464.49514353328686,-184.89695281770048,712.1453921421544,13.867271461327793,-34.837135764996745,6.835205615776696e-20
1786739729.4854734,resting,fast,1786739728.8838232,-464.048676733652,-185.48739016436116,706.4827806847643,13.91155426232729,-34.80365075502395,6.862152640721815e-20
1786739729.5140252,resting,fast,1786739728.8838232,-464.70254033784295,-184.4660192597862,707.0535630867316,13.834951444484364,-34.85269052533858,6.835026746634965e-20
1786739729.542278,resting,fast,1786739728.8838232,-464.5734854306743,-186.8231045000041,704.951197194091,14.01173283750045,-34.84301140730071,6.834813685738565e-20
1786739729.5708823,resting,fast,1786739728.8838232,-465.29368040127247,-186.1082155353081,711.8275720223692,13.958116165148216,-34.89702603009556,6.840275693452518e-20
1786739729.5994394,resting,fast,1786739728.8838232,-465.4825381847695,-187.55519807357211,712.8912945549255,14.066639855518122,-34.91119036385795,6.872953582415877e-20
1786739729.6278846,resting,fast,1786739728.8838232,-467.41412101753485,-183.46957401385112,717.8494991774442,13.760218051038944,-35.056059076315336,6.88258799537952e-20
1786739729.65636,resting,fast,1786739728.8838232,-466.6536167254126,-184.56214947865726,712.688455825054,13.842161210899388,-34.999021254406024,6.889232425911038e-20
1786739729.6850388,resting,fast,1786739728.8838232,-463.90004310633185,-182.55829331641155,703.8901846192748,13.69187199873095,-34.79250323297511,6.819790620590782e-20
1786739729.7135165,resting,fast,1786739728.8838232,-463.4113077754914,-184.14165018156973,701.2654495600318,13.81062376361795,-34.75584808316202,6.802984012369382e-20
1786739729.7419553,resting,fast,1786739728.8838232,-463.92565197671183,-183.29192862051593,701.0824082561803,13.746894646538852,-34.794423898253584,6.79275979302554e-20
1786739729.7704835,resting,fast,1786739728.8838232,-464.6875577608207,-183.58396945209302,705.1857967847009,13.76879770890709,-34.85156683206171,6.817326260005078e-20
1786739729.799094,resting,fast,1786739728.8838232,-465.0153327758626,-185.44408054833286,708.1172109714189,13.908306041125254,-34.87614995818976,6.86222635340325e-20
1786739729.82772,resting,fast,1786739728.8838232,-463.61607498731564,-182.6552285877541,707.1685958960825,13.699142144081609,-34.77120562404889,6.794510570607606e-20
1786739729.8562183,resting,fast,1786739728.8838232,-463.6284632310776,-183.95496996768975,709.4777136067432,13.796622747576894,-34.77213474233085,6.820541836103342e-20
1786739729.884684,resting,fast,1786739728.8838232,-465.05594769971367,-183.49518827928512,707.9314779398892,13.762139120946731,-34.87919607747878,6.78427292901861e-20
1786739729.9132257,resting,fast,1786739728.8838232,-466.6072147533041,-184.88941782952065,716.9909453652963,13.866706337214385,-34.99554110649811,6.813817851921012e-20
1786739729.9415233,resting,fast,1786739728.8838232,-468.2985139496982,-184.57755288716135,716.6087820605999,13.843316466537328,-35.12238854622753,6.84776319777298e-20
1786739729.9700818,resting,fast,1786739728.8838232,-463.90653666538947,-182.73682499499967,711.0126034185896,13.705261874625219,-34.79299024990433,6.844931896865746e-20
1786739729.9987352,resting,fast,1786739728.8838232,-463.4593271690501,-185.18786881117103,705.8707213138814,13.889090160838126,-34.759449537679025,6.88739704661829e-20
1786739730.0272832,resting,fast,1786739728.8838232,-463.1196084326589,-183.64701330909384,705.890263957388,13.773525998182311,-34.733970632449584,6.836317951455088e-20
1786739730.055655,resting,fast,1786739728.8838232,-464.835849789868,-183.1579663379148,715.3457196012723,13.736847475343968,-34.86268873424026,6.831444645149564e-20
1786739730.0840898,resting,fast,1786739728.8838232,-465.29035036410687,-182.03576341072846,720.2561026244539,13.652682255804908,-34.89677627730824,6.87337046854989e-20
1786739730.1127737,resting,fast,1786739728.8838232,-465.9679198746512,-184.06330381208534,721.7874452051838,13.804747785906667,-34.94759399059898,6.900589412333505e-20
1786739730.1413226,resting,fast,1786739728.8838232,-464.9006672366363,-186.1784512385707,711.605334986657,13.963383842892977,-34.86755004274793,6.872702938095723e-20
1786739730.1697927,resting,fast,1786739728.8838232,-463.3617627013555,-186.48396653880673,704.6219535268019,13.986297490410681,-34.75213220260184,6.80689517228114e-20
1786739730.1982734,resting,fast,1786739728.8838232,-463.7280167526078,-186.62914269755572,711.4698380607815,13.997185702316902,-34.779601256445844,6.865961895781642e-20
1786739730.22666,resting,fast,1786739728.8838232,-465.13158057468536,-187.03876294183408,715.1983275063376,14.027907220637683,-34.88486854310157,6.915627371701728e-20
1786739730.2551882,resting,fast,1786739728.8838232,-465.783316518678,-186.51157265250538,718.4963281553164,13.98836794893813,-34.933748738900924,6.895181313325319e-20
1786739730.283785,resting,fast,1786739728.8838232,-463.3443451755538,-185.59719906463476,708.0275120138322,13.919789929847742,-34.75082588816667,6.794758714123232e-20
1786739730.312116,resting,fast,1786739728.8838232,-460.75656990805055,-182.63688128743263,705.3397442272335,13.697766096557661,-34.55674274310404,6.737485538221177e-20
1786739730.3406708,resting,fast,1786739728.8838232,-461.7596033767477,-187.10802752985444,705.397529093414,14.033102064739207,-34.63197025325638,6.800504977026345e-20
1786739730.3694112,resting,fast,1786739728.8838232,-461.7885906896681,-185.47757117911783,702.6926620202184,13.910817838433967,-34.63414430172539,6.810808165576613e-20
1786739730.3977811,resting,fast,1786739728.8838232,-465.1044969458362,-187.44049864727572,709.5232658513933,14.05803739854596,-34.88283727093787,6.911109580464447e-20
1786739730.4268684,resting,fast,1786739728.8838232,-465.35674402701716,-184.82270508483577,715.118613112184,13.861702881362834,-34.90175580202659,6.967255165552684e-20
1786739730.4547052,resting,fast,1786739728.8838232,-466.7079180004316,-184.93529716193837,726.8345439865379,13.870147287145652,-35.00309385003261,7.05032673316451e-20
1786739730.4831948,resting,fast,1786739728.8838232,-464.08392980549024,-184.90052081878537,718.1389045088008,13.867539061409094,-34.80629473541181,6.954873573276738e-20
1786739730.5118752,resting,fast,1786739728.8838232,-462.70382017325574,-183.55252518471082,709.1855055053948,13.76643938885356,-34.70278651299444,6.850130567557307e-20
1786739730.5402048,resting,fast,1786739728.8838232,-463.0226731951907,-185.7261501409415,704.3004281120193,13.929461260570829,-34.72670048963955,6.831178324042003e-20
1786739730.5686796,resting,fast,1786739728.8838232,-463.3066273766731,-182.83252193179533,708.2245170810866,13.71243914488483,-34.74799705325083,6.865371255100937e-20
1786739730.5974152,resting,fast,1786739728.8838232,-462.93653549734836,-183.28974347220776,708.7788381588625,13.746730760415968,-34.72024016230146,6.856774822337904e-20
1786739730.6258202,resting,fast,1786739728.8838232,-464.3511077150224,-186.49411128375607,713.85247555144,13.98705834628186,-34.82633307862685,6.848365026061209e-20
1786739730.6546369,resting,fast,1786739728.8838232,-463.52878133576587,-189.7915196885798,708.0827207405891,14.234363976643824,-34.76465860018265,6.792890229364997e-20
1786739730.6827242,resting,fast,1786739728.8838232,-463.26037081521145,-189.35466574965085,705.5964820001454,14.201599931223999,-34.744527811141005,6.779807732653038e-20
1786739730.7113445,resting,fast,1786739728.8838232,-460.8133569810311,-184.77723513762305,693.9848548392283,13.85829263532182,-34.561001773577544,6.725453134494423e-20
1786739730.739712,resting,fast,1786739728.8838232,-463.356257260029,-187.64752021876336,703.0090663952833,14.073564016407492,-34.75171929450229,6.814449792023909e-20
1786739730.7682607,resting,fast,1786739728.8838232,-464.716284463841,-187.22965812922178,706.7009410135997,14.04222435969174,-34.85372133478821,6.836094979283515e-20
1786739730.7970076,resting,fast,1786739728.8838232,-464.6496310394782,-184.74305865394183,715.8695610323311,13.855729399045803,-34.84872232796108,6.920630312859195e-20
1786739730.825542,resting,fast,1786739728.8838232,-462.8979790497742,-180.88876818611834,711.7269602102642,13.566657613959013,-34.71734842873325,6.841071917886692e-20
1786739730.8551953,resting,fast,1786739728.8838232,-462.4113265145347,-181.4764161258271,709.1517154652802,13.610731209437244,-34.680849488590304,6.810835069471894e-20
1786739730.8822796,resting,fast,1786739728.8838232,-462.03933859744166,-184.91411067390345,706.2904376221786,13.86855830054304,-34.6529503948084,6.721146722725093e-20
1786739730.9111683,resting,fast,1786739728.8838232,-464.0556118132363,-184.41187089129198,710.6013978251685,13.830890316847178,-34.80417088599291,6.71479036288541e-20
1786739730.9394321,resting,fast,1786739728.8838232,-463.39150122980664,-184.2765808804055,711.3309557330458,13.820743566030668,-34.75436259223569,6.72558226969145e-20
1786739730.9678173,resting,fast,1786739728.8838232,-462.80314169803796,-182.47233003323674,704.2746293753098,13.68542475249303,-34.710235627352965,6.694915864940926e-20
1786739730.9965043,resting,fast,1786739728.8838232,-461.07257467450063,-183.17102903550165,700.3238625970534,13.737827177662727,-34.58044310058766,6.755825303634931e-20
1786739731.0248334,resting,fast,1786739728.8838232,-462.2443651553949,-181.7765746732731,703.3627701077548,13.633243100495807,-34.66832738665486,6.813100634331464e-20
1786739731.055458,resting,fast,1786739728.8838232,-463.58518149680503,-182.5152065973209,708.0101648888931,13.688640494799262,-34.768888612260675,6.876284870066432e-20
1786739731.0818193,resting,fast,1786739728.8838232,-464.4019397902571,-180.6372796954173,710.1990400435307,13.547795977156579,-34.830145484269416,6.908104467226565e-20
1786739731.1104941,resting,fast,1786739728.8838232,-465.282404072811,-182.19587627588464,708.2134174603179,13.664690720691606,-34.896180305461144,6.853894172245871e-20
1786739731.1389592,resting,fast,1786739728.8838232,-464.9489535906805,-184.5212041797039,708.0950235299433,13.83909031347817,-34.87117151930121,6.88444563975069e-20
1786739731.1674695,resting,fast,1786739728.8838232,-463.923600699251,-185.47236858589747,702.857393275006,13.91042764394243,-34.7942700524441,6.812640546207472e-20
1786739731.1960926,resting,fast,1786739728.8838232,-461.933328392332,-185.30113720812176,702.539449299551,13.89758529060931,-34.64499962942502,6.793791413245221e-20
1786739731.2249112,resting,fast,1786739728.8838232,-461.6059988138727,-185.0316521236548,705.6968384390475,13.877373909274258,-34.62044991104063,6.72979056652877e-20
1786739731.2531307,resting,fast,1786739728.8838232,-462.3926182004675,-184.40667229534324,715.2416158182223,13.830500422151037,-34.679446365035176,6.752833553034575e-20
1786739731.2816901,resting,fast,1786739728.8838232,-463.5363188242691,-184.06626851206647,717.3775636600967,13.804970138405142,-34.76522391182039,6.806033808030549e-20
1786739731.3101368,resting,fast,1786739728.8838232,-462.46891465023054,-181.82151405608693,711.0764008930764,13.636613554206729,-34.685168598767405,6.792418653432185e-20
1786739731.3384898,resting,fast,1786739728.8838232,-463.68708250490135,-184.98432314281922,713.1846138438841,13.873824235711776,-34.77653118786789,6.849263633634615e-20
1786739731.367122,resting,fast,1786739728.8838232,-463.2200981676506,-186.97347513633883,713.202069428924,14.023010635225656,-34.74150736257395,6.911845682310371e-20
1786739731.3957882,resting,fast,1786739728.8838232,-464.8060461932637,-188.18495589678014,719.6888586034593,14.113871692258595,-34.860453464495016,6.994622734537549e-20
1786739731.424136,resting,fast,1786739728.8838232,-464.8287406104155,-187.48538072956762,718.5208898971041,14.06140355471771,-34.86215554578139,7.026369758812306e-20
1786739731.4526856,resting,fast,1786739728.8838232,-468.17879895514216,-187.7243739522197,722.9216770161265,14.079328046416645,-35.11340992163592,7.016474529746359e-20
1786739731.4809065,resting,fast,1786739728.8838232,-467.3490606218993,-188.34909939832846,720.6212532791169,14.126182454874883,-35.05117954664255,6.960845935521662e-20
1786739731.5094,resting,fast,1786739728.8838232,-468.1993534157514,-189.50555645060615,713.8120393171139,14.212916733795755,-35.11495150618159,6.89993787604279e-20
1786739731.5378504,resting,fast,1786739728.8838232,-465.155454571207,-187.2984019509538,709.8614294864674,14.047380146321817,-34.88665909284072,6.849740375594193e-20
1786739731.566577,resting,fast,1786739728.8838232,-465.40404614716,-184.95374488421498,705.0793645448011,13.871530866316295,-34.905303461037285,6.823319429071153e-20
1786739731.594806,resting,fast,1786739728.8838232,-462.72181107206325,-183.98831861660494,701.468820955075,13.799123896245643,-34.70413583040494,6.800857853264226e-20
1786739731.623441,resting,fast,1786739728.8838232,-463.7685579889089,-184.00435818752283,705.9310526402041,13.80032686406464,-34.782641849168456,6.829631287229143e-20
1786739731.6536427,resting,fast,1786739728.8838232,-465.9021334734016,-184.09190157431306,713.2343199135403,13.806892618073778,-34.94266001050527,6.8544008503024e-20
1786739731.6802409,resting,fast,1786739728.8838232,-465.92931391132606,-183.44681342607862,719.0327630847114,13.758511006956045,-34.944698543349574,6.837564692386995e-20
1786739731.7089133,resting,fast,1786739728.8838232,-464.1876335377083,-183.36141081145206,711.1935394824495,13.752105810859188,-34.814072515328256,6.773942622578853e-20
1786739731.7372863,resting,fast,1786739728.8838232,-463.2609737694038,-185.1110581540098,708.8186160942932,13.883329361551024,-34.74457303270554,6.804016300258198e-20
1786739731.7658308,resting,fast,1786739728.8838232,-463.22449705574763,-184.49854742528862,702.7613212063907,13.837391056896788,-34.741837279181176,6.806306372794017e-20
1786739731.794289,resting,fast,1786739728.8838232,-463.6587261078621,-184.27262037843093,706.3676184723472,13.820446528382572,-34.77440445808986,6.85390548868403e-20
1786739731.8228788,resting,fast,1786739728.8838232,-464.6042125061499,-182.05031539516142,712.0592762954293,13.653773654637323,-34.8453159379616,6.834386658475755e-20
1786739731.853881,resting,fast,1786739728.8838232,-464.9140536397722,-182.70163787857427,718.0386962998209,13.702622840893302,-34.86855402298317,6.847024251284261e-20
1786739731.8798518,resting,fast,1786739728.8838232,-466.54591748920984,-185.9804651769531,719.7220453134778,13.94853488827155,-34.99094381169089,6.837432651365482e-20
1786739731.908372,resting,fast,1786739728.8838232,-465.00310413540274,-186.04450832479154,711.346418162103,13.953338124359522,-34.875232810155495,6.81656563336417e-20
1786739731.937092,resting,fast,1786739728.8838232,-464.18027621440433,-184.52870898239007,707.5052224329947,13.839653173679398,-34.813520716080504,6.736119057122752e-20
1786739731.9653237,resting,fast,1786739728.8838232,-462.0650121571384,-181.30752444867403,703.2227552891545,13.598064333650722,-34.654875911785545,6.717497182582698e-20
1786739731.9939315,resting,fast,1786739728.8838232,-463.441651620632,-183.65519258544816,708.4327397765619,13.774139443908876,-34.758123871547575,6.791347187398939e-20
1786739732.0225246,resting,fast,1786739728.8838232,-464.15014693351804,-187.4111882670702,709.8510900841857,14.055839120030559,-34.81126102001419,6.858739255391743e-20
1786739732.0509143,resting,fast,1786739728.8838232,-464.9064934465746,-188.81510733225662,711.0594291250163,14.161133049919389,-34.86798700849332,6.867846432954091e-20
1786739732.0795152,resting,fast,1786739728.8838232,-464.56541368945136,-191.93380570225906,709.3208271535987,14.395035427669502,-34.84240602670908,6.804856304126241e-20
1786739732.107872,resting,fast,1786739728.8838232,-464.84291250586375,-191.66515505655843,711.823791628165,14.37488662924213,-34.86321843793992,6.849978542460696e-20
1786739732.136612,resting,fast,1786739728.8838232,-464.45674146399733,-190.44389515740977,712.5634935807875,14.28329213680588,-34.83425560979992,6.839141174113448e-20
1786739732.1650207,resting,fast,1786739728.8838232,-465.246287323841,-185.86455904499167,713.6919209000125,13.939841928374573,-34.89347154928829,6.850089270201581e-20
1786739732.1934285,resting,fast,1786739728.8838232,-465.17636269566947,-183.56094360361533,712.4297068490769,13.767070770271342,-34.88822720217548,6.813828664658627e-20
1786739732.222273,resting,fast,1786739728.8838232,-464.7558621159037,-183.37383557236694,713.3789967711837,13.753037667927774,-34.85668965869293,6.775310774224511e-20
1786739732.2526472,resting,fast,1786739728.8838232,-464.74380429178336,-186.54147573698015,714.2985180244123,13.990610680273672,-34.855785321883985,6.765694239358756e-20
1786739732.2793064,resting,fast,1786739728.8838232,-465.4338532691463,-186.0983285407401,719.6354024334696,13.95737464055566,-34.90753899518623,6.760321621962758e-20
1786739732.3076706,resting,fast,1786739728.8838232,-464.8511174717796,-185.3524596428714,712.7421769424382,13.901434473215627,-34.86383381038356,6.796397719131114e-20
1786739732.3361151,resting,fast,1786739728.8838232,-462.7720169340605,-184.05623197242483,712.3987071854663,13.804217397931996,-34.70790127005469,6.824484475880178e-20
1786739732.364733,resting,fast,1786739728.8838232,-461.4877944175232,-186.18395000504677,702.4127097187347,13.963796250378703,-34.6115845813144,6.852012390424424e-20
1786739732.3930821,resting,fast,1786739728.8838232,-466.8057655441103,-187.09108529987134,712.9495302088671,14.031831397490489,-35.010432415808246,6.887271905217163e-20
1786739732.4215195,resting,fast,1786739728.8838232,-468.661232971102,-187.64799907978352,717.2925338259984,14.073599930983907,-35.149592472832786,6.938612206015251e-20
1786739732.451656,resting,fast,1786739728.8838232,-473.28336115502725,-190.50346089362108,725.9523087397511,14.287759567021748,-35.49625208662721,6.915094584484776e-20
1786739732.4788203,resting,fast,1786739728.8838232,-470.2840023446829,-192.681892011586,727.9054682029864,14.451141900869171,-35.2713001758514,6.910624603670206e-20
1786739732.5071235,resting,fast,1786739728.8838232,-468.1608882612518,-192.09832141183324,720.3703241011053,14.407374105887744,-35.112066619594025,6.807450587952754e-20
1786739732.5355914,resting,fast,1786739728.8838232,-464.7811908235408,-186.87327827643196,715.9563821070133,14.01549587073254,-34.85858931176579,6.811630853232564e-20
1786739732.563971,resting,fast,1786739728.8838232,-461.98368822367684,-182.25344692606438,704.6237419367008,13.669008519455044,-34.64877661677597,6.796059725887581e-20
1786739732.5927722,resting,fast,1786739728.8838232,-463.4454072577473,-182.36642839541344,708.2335344540079,13.677482129656159,-34.758405544331325,6.82730774380681e-20
1786739732.6210527,resting,fast,1786739728.8838232,-463.86241263522516,-184.30770505238445,715.3928775432578,13.82307787892903,-34.78968094764208,6.904204978921198e-20
1786739732.650434,resting,fast,1786739728.8838232,-466.428765146502,-184.70708849210075,718.1054622467209,13.853031636907783,-34.982157385987946,6.873329625525131e-20
1786739732.6781712,resting,fast,1786739728.8838232,-468.1816406299449,-184.48011504825456,725.9311020579125,13.836008628619137,-35.11362304724598,6.909391271580618e-20
1786739732.7064297,resting,fast,1786739728.8838232,-464.101225963293,-183.10081000177377,708.0478174188547,13.732560750133121,-34.807591947247175,6.72753203895163e-20
1786739732.7350643,resting,fast,1786739728.8838232,-465.0141694108215,-185.2552139685115,715.965633569158,13.89414104763873,-34.876062705811826,6.824825173361052e-20
1786739732.7634413,resting,fast,1786739728.8838232,-462.19320535072075,-183.0223296696288,712.0393603307939,13.726674725222498,-34.66449040130428,6.78377895655059e-20
1786739732.7919154,resting,fast,1786739728.8838232,-465.7602630728843,-183.86214785543234,721.4033550642635,13.789661089157565,-34.93201973046661,6.878873020350176e-20
1786739732.8205853,resting,fast,1786739728.8838232,-464.2499365217236,-189.9798507015705,709.9264331160284,14.248488802617967,-34.81874523912944,6.785693381537706e-20
1786739732.849435,resting,fast,1786739728.8838232,-466.08955014088815,-193.08418609941953,704.6036319171908,14.481313957456603,-34.956716260566694,6.785269962497154e-20
1786739732.8778143,resting,fast,1786739728.8838232,-467.8066841476102,-192.10497948131467,715.5890617650057,14.407873461098635,-35.08550131107095,6.866393132811738e-20
1786739732.906036,resting,fast,1786739728.8838232,-469.0435263885297,-183.96403506239392,718.9127208709397,13.797302629679688,-35.17826447913999,6.836269984715803e-20
1786739732.9345388,resting,fast,1786739728.8838232,-468.44129192193304,-179.4355850172899,721.8417437844473,13.457668876296896,-35.13309689414513,6.844788480841732e-20
1786739732.963009,resting,fast,1786739728.8838232,-465.7435862582943,-181.77404028865794,711.6669183269296,13.63305302164957,-34.930768969372295,6.721769087631711e-20
1786739732.9915175,resting,fast,1786739728.8838232,-464.4097924086459,-182.92093407884033,712.4298129636181,13.719070055913388,-34.830734430648576,6.73518538890682e-20
1786739733.0201478,resting,fast,1786739728.8838232,-463.45316027654553,-185.82062519467377,711.2323934327278,13.936546889600738,-34.758987020741024,6.783694715167919e-20
1786739733.0487468,resting,fast,1786739728.8838232,-463.5439471471482,-182.5616774680152,712.6957112815635,13.69212581010132,-34.76579603603629,6.831287697766488e-20
1786739733.0771508,resting,fast,1786739728.8838232,-462.8336135356567,-183.0328368797101,715.6949143537631,13.72746276597849,-34.712521015174396,6.89179574601514e-20
1786739733.1054468,resting,fast,1786739728.8838232,-459.60410233446146,-181.6166768914569,703.8813808963914,13.621250766859507,-34.47030767508474,6.763982985103947e-20
1786739733.1341107,resting,fast,1786739728.8838232,-459.94276508511075,-182.61988460025293,698.6826535159134,13.696491345019222,-34.495707381383504,6.764835991322653e-20
1786739733.1623986,resting,fast,1786739728.8838232,-460.7064579289822,-180.28569720051792,697.7237237957197,13.52142729003889,-34.55298434467387,6.772090647289277e-20
1786739733.1908972,resting,fast,1786739728.8838232,-461.8314089268729,-180.74019712261395,697.9857932704426,13.55551478419628,-34.63735566951575,6.76977421759143e-20
1786739733.219408,resting,fast,1786739728.8838232,-461.5028414597841,-182.08241445140152,704.8835637814491,13.656181083855234,-34.61271310948402,6.872325900585515e-20
1786739733.24806,resting,fast,1786739728.8838232,-462.623475579202,-185.24295608907255,712.1922409957169,13.893221706680595,-34.69676066844043,6.903424563219457e-20
1786739733.276454,resting,fast,1786739728.8838232,-467.77905751534627,-188.3405237748501,726.547448273639,14.12553928311397,-35.083429313651216,7.062359229184649e-20
1786739733.304998,resting,fast,1786739728.8838232,-468.4004096356316,-188.4804902328666,721.677161598378,14.136036767465217,-35.13003072267256,6.974742692806542e-20
1786739733.3335514,resting,fast,1786739728.8838232,-466.45217433690414,-189.36308190801685,709.0816820042173,14.202231143101539,-34.983913075268056,6.863082744410736e-20
1786739733.362252,resting,fast,1786739728.8838232,-460.9048075910314,-188.65302871814947,694.2119016680517,14.148977153861477,-34.56786056932757,6.70045968980893e-20
1786739733.3906255,resting,fast,1786739728.8838232,-460.5410875493858,-186.78762397716218,694.7755716026395,14.009071798287284,-34.54058156620426,6.660568546694561e-20
1786739733.4194825,resting,fast,1786739728.8838232,-461.8852719970537,-184.0000045624721,703.2039751320017,13.800000342185587,-34.6413953997793,6.767271499003462e-20
1786739733.4479077,resting,fast,1786739728.8838232,-464.57625339668266,-181.34327184425388,715.065095372036,13.600745388319279,-34.84321900475131,6.880479260696486e-20
1786739733.476271,resting,fast,1786739728.8838232,-464.5266810318476,-180.96832699314314,715.1963175328192,13.572624524485907,-34.83950107738862,6.898907234368065e-20
1786739733.5044649,resting,fast,1786739728.8838232,-464.07589172907547,-185.01852233478166,707.1427253850961,13.876389175108972,-34.80569187968093,6.82700849573282e-20
1786739733.5332134,resting,fast,1786739728.8838232,-465.8539667861037,-186.63680092435948,707.6661591602278,13.997760069327168,-34.939047508957934,6.819530943566782e-20
1786739733.5613937,resting,fast,1786739728.8838232,-467.3844235379165,-188.00659670307675,709.4482262872743,14.100494752730935,-35.05383176534387,6.872085027655582e-20
1786739733.5899413,resting,fast,1786739728.8838232,-468.0137523729827,-183.85422250354497,720.6706584119584,13.789066687766049,-35.101031427973915,6.915505026274375e-20
1786739733.618708,resting,fast,1786739728.8838232,-466.0657668659769,-185.05886118396938,713.644169413672,13.879414588797982,-34.95493251494838,6.91652601736946e-20
1786739733.6471593,resting,fast,1786739728.8838232,-461.3444544856802,-185.05460728202047,705.9402944907652,13.879095546151635,-34.600834086426104,6.843847361583129e-20
1786739733.6754034,resting,fast,1786739728.8838232,-459.9094036020974,-186.455316902557,701.4126395952326,13.984148767692066,-34.49320527015755,6.832642054398234e-20
1786739733.7043424,resting,fast,1786739728.8838232,-458.7753117858342,-184.20270594377394,703.8938214922182,13.815202945783252,-34.408148383937686,6.781365581731708e-20
1786739733.7327871,resting,fast,1786739728.8838232,-461.54068976774124,-181.3635356125642,711.0283356067566,13.602265170942676,-34.61555173258071,6.7933718866848e-20
1786739733.7611694,resting,fast,1786739728.8838232,-461.6491926564345,-180.1806924817273,709.0325492421061,13.513551936129868,-34.62368944923278,6.8000200245784e-20
1786739733.7897265,resting,fast,1786739728.8838232,-463.27323608234565,-181.238658938124,711.6739890903364,13.592899420359533,-34.74549270617609,6.822805534913693e-20
1786739733.818128,resting,fast,1786739728.8838232,-465.04804334083065,-184.17258743918262,713.8165675332266,13.812944057938967,-34.87860325056243,6.845346827451968e-20
1786739733.8468664,resting,fast,1786739728.8838232,-465.77849444842377,-185.7581247630883,711.5409007732269,13.931859357231897,-34.93338708363208,6.807354417277145e-20
1786739733.875143,resting,fast,1786739728.8838232,-465.7229051660238,-186.43951225716057,711.7478004347231,13.982963419287376,-34.92921788745199,6.805475328277579e-20
1786739733.9037898,resting,fast,1786739728.8838232,-465.26385212932564,-187.3440240536463,713.4015577975806,14.050801804023575,-34.894788909699635,6.798935406822312e-20
1786739733.9321747,resting,fast,1786739728.8838232,-467.2229362200151,-189.12794757277788,715.2873451301093,14.184596067958626,-35.04172021650129,6.83481615053091e-20
1786739733.9606216,resting,fast,1786739728.8838232,-466.10143102369057,-185.14696205006396,714.7581309929174,13.886022153754968,-34.957607326776966,6.84469739902544e-20
1786739733.9890804,resting,fast,1786739728.8838232,-465.05538636473057,-185.852867022674,712.3222444775565,13.938965026700846,-34.87915397735495,6.86236001135322e-20
1786739734.0181456,resting,fast,1786739728.8838232,-463.1288621734848,-182.7601355828923,704.5912992041658,13.707010168717165,-34.73466466301163,6.79845726803267e-20
1786739734.0462234,resting,fast,1786739728.8838232,-463.2238245467729,-185.58532510653617,698.0258849391794,13.9188993829905,-34.74178684100807,6.767008440549937e-20
1786739734.0747323,resting,fast,1786739728.8838232,-466.7054343433665,-186.6728080124501,704.5441549735024,14.000460600933987,-35.0029075757526,6.798965571276881e-20
1786739734.1032226,resting,fast,1786739728.8838232,-465.4542112285053,-192.08246315105134,708.2683663771995,14.406184736329035,-34.90906584213813,6.825795378574746e-20
1786739734.1316826,resting,fast,1786739728.8838232,-467.8665249311948,-192.21392245241566,716.2487797553958,14.416044183931351,-35.08998936983981,6.870298800796007e-20
1786739734.1599522,resting,fast,1786739728.8838232,-464.8315241290197,-187.65656725116958,712.6267398019927,14.074242543837986,-34.86236430967663,6.84490408690847e-20
1786739734.1888173,resting,fast,1786739728.8838232,-465.23017770387287,-184.3566630710069,712.072536801259,13.826749730325755,-34.89226332779051,6.827560914993582e-20
1786739734.2172732,resting,fast,1786739728.8838232,-462.19356013876086,-184.629641375726,707.9346358072107,13.847223103179612,-34.66451701040722,6.827645704734692e-20
1786739734.2458181,resting,fast,1786739728.8838232,-461.02180795324057,-189.00331304732583,699.0829122560317,14.17524847854975,-34.5766355964931,6.819201038860335e-20
1786739734.27423,resting,fast,1786739728.8838232,-462.51206900382795,-188.64057821343306,703.5901704450062,14.148043366007645,-34.688405175287286,6.853570660607175e-20
1786739734.3028507,resting,fast,1786739728.8838232,-464.8031805820874,-186.19568042115748,711.5681636365434,13.964676031587071,-34.86023854365679,6.827939183389431e-20
1786739734.331093,resting,fast,1786739728.8838232,-468.1178856321658,-183.19565534967626,718.9347732740735,13.739674151225923,-35.1088414224126,6.800589403392025e-20
1786739734.359441,resting,fast,1786739728.8838232,-469.542501082502,-182.82910800444824,727.405558859713,13.712183100333906,-35.21568758118791,6.818632318321842e-20
1786739734.387944,resting,fast,1786739728.8838232,-466.9525259982861,-183.8028553620428,719.0705899335671,13.785214152153554,-35.02143944987173,6.817160164747199e-20
1786739734.4172366,resting,fast,1786739728.8838232,-463.9610504000211,-184.1692442268194,709.6672165625041,13.81269331701166,-34.79707878000162,6.8324100625086e-20
1786739734.4449613,resting,fast,1786739728.8838232,-461.8107661436152,-184.4101551568267,700.2793780737429,13.830761636762357,-34.63580746077141,6.84424344293141e-20
1786739734.474107,resting,fast,1786739728.8838232,-461.15251408525637,-185.77052781817156,696.6926400044749,13.932789586363132,-34.58643855639444,6.784609999597572e-20
1786739734.5019798,resting,fast,1786739728.8838232,-462.8337793893047,-185.2432763232962,710.9507789678228,13.893245724247489,-34.71253345419816,6.786924148031593e-20
1786739734.530738,resting,fast,1786739728.8838232,-463.4338073875924,-185.69377500464134,711.5585121714375,13.927033125348292,-34.757535554069655,6.819950838692995e-20
1786739734.5589056,resting,fast,1786739728.8838232,-463.9945565994576,-186.64823627402063,712.4593225053004,13.998617720551739,-34.79959174495955,6.881625772380707e-20
1786739734.5875695,resting,fast,1786739728.8838232,-463.6583957724638,-186.20548007808281,707.0443066485959,13.965411005856478,-34.77437968293514,6.868761524274051e-20
1786739734.6165674,resting,fast,1786739728.8838232,-461.3768795446895,-184.55874959562493,701.3322032803899,13.841906219671959,-34.603265965852046,6.752463506344622e-20
1786739734.6445348,resting,fast,1786739728.8838232,-464.02836148706865,-185.34077992352297,704.5536975693303,13.90055849426447,-34.802127111530346,6.795632973623281e-20
1786739734.6731591,resting,fast,1786739728.8838232,-465.22630358258857,-185.38014453418396,709.2910820141587,13.903510840064062,-34.89197276869431,6.890452861499054e-20
1786739734.701565,resting,fast,1786739728.8838232,-467.2579380202187,-187.2799924030694,720.5926988486553,14.045999430230356,-35.0443453515167,7.041457516461289e-20
1786739734.7302713,resting,fast,1786739728.8838232,-465.2259856951032,-186.73089675601045,720.3464441914884,14.004817256700992,-34.891948927133,6.98883048406973e-20
1786739734.7585912,resting,fast,1786739728.8838232,-463.29369505653494,-188.59096393618768,711.9732897751173,14.144322295214248,-34.74702712924039,6.897845735741385e-20
1786739734.7872195,resting,fast,1786739728.8838232,-462.5919664439589,-186.44102028957946,702.5179062769448,13.98307652171864,-34.69439748329709,6.795914272044739e-20
1786739734.8156095,resting,fast,1786739728.8838232,-464.40084678011135,-185.36444735027783,706.3508545873137,13.902333551271017,-34.83006350850856,6.80728722275132e-20
1786739734.843921,resting,fast,1786739728.8838232,-465.53627482929505,-186.02495266932647,710.1102866907086,13.951871450199771,-34.915220612197196,6.819882368237012e-20
1786739734.8724751,resting,fast,1786739728.8838232,-469.35631708622714,-189.22337198418256,721.6669871078266,14.1917528988138,-35.20172378146726,6.888111137676471e-20
1786739734.900966,resting,fast,1786739728.8838232,-469.27812182894513,-192.13113474373358,721.9518541850975,14.409835105780413,-35.19585913717099,6.936298948414791e-20
1786739734.9298315,resting,fast,1786739728.8838232,-470.87703738187156,-189.94871687274224,722.0660919768197,14.246153765455983,-35.31577780364054,6.93400454829949e-20
1786739734.9580903,resting,fast,1786739728.8838232,-466.7937249233023,-186.70099119209635,711.4686366191145,14.002574339407271,-35.009529369247964,6.849273924932514e-20
1786739734.9865143,resting,fast,1786739728.8838232,-464.39052723152145,-183.39789372347184,700.2497950622119,13.754842029260697,-34.82928954236424,6.810347027422298e-20
1786739735.0150478,resting,fast,1786739728.8838232,-461.75193297798205,-185.96302142097932,698.4665303354332,13.947226606573569,-34.63139497334877,6.861408827645545e-20
1786739735.0434263,resting,fast,1786739728.8838232,-462.4715613503636,-187.6381650036792,700.4761532578759,14.072862375275893,-34.68536710127741,6.841634384299933e-20
1786739735.0740137,resting,fast,1786739728.8838232,-465.38528333570684,-187.29427502075282,712.3809169391161,14.047070626556692,-34.903896250178185,6.843806696644567e-20
1786739735.100644,resting,fast,1786739728.8838232,-466.78868603832643,-184.2047784813784,716.7226096676695,13.81535838610358,-35.009151452874725,6.791828573387067e-20
1786739735.1291344,resting,fast,1786739728.8838232,-467.78593426137104,-183.87355083449745,723.5127939809854,13.790516312587574,-35.083945069602876,6.891570920586201e-20
1786739735.1576989,resting,fast,1786739728.8838232,-466.02274391185347,-183.28198395374966,720.9683418209761,13.746148796531546,-34.95170579338919,6.895578497980287e-20
1786739735.1861236,resting,fast,1786739728.8838232,-464.0080865393352,-184.6093238744977,712.5177862514083,13.84569929058745,-34.80060649045036,6.900098782115952e-20
1786739735.2142665,resting,fast,1786739728.8838232,-461.94108446416294,-184.84546531130218,701.9162985881758,13.863409898347836,-34.64558133481239,6.819847153897495e-20
1786739735.2427094,resting,fast,1786739728.8838232,-461.24551322274465,-184.53229449989146,699.3715038540167,13.839922087492116,-34.59341349170609,6.811460133497031e-20
1786739735.2737122,resting,fast,1786739728.8838232,-462.08048556708445,-184.01194771272128,699.5743996591191,13.800896078454254,-34.65603641753142,6.786220899816239e-20
1786739735.2997768,resting,fast,1786739728.8838232,-465.1456158773326,-184.15126833007923,708.4441646283794,13.811345124756226,-34.88592119080014,6.825365869794536e-20
1786739735.3283908,resting,fast,1786739728.8838232,-466.7271723590907,-187.18118001920323,711.9228592093186,14.038588501440362,-35.00453792693212,6.844776616507098e-20
1786739735.3568127,resting,fast,1786739728.8838232,-469.02291312216676,-186.68362379981784,719.3451923171251,14.001271784986482,-35.176718484162635,6.904265561124174e-20
1786739735.3854272,resting,fast,1786739728.8838232,-466.3649516162304,-185.33619905115825,704.8288095752214,13.900214928837006,-34.977371371217295,6.897947597903567e-20
1786739735.4139671,resting,fast,1786739728.8838232,-467.04954159926547,-184.09414626911484,702.1196036805386,13.807060970183965,-35.02871561994516,6.935094616731469e-20
1786739735.442392,resting,fast,1786739728.8838232,-464.47404355328035,-183.29162460876353,702.3678834502189,13.746871845657406,-34.835553266496284,6.93685864777327e-20
1786739735.472128,resting,fast,1786739728.8838232,-463.34020503998863,-183.8445164325883,707.8087661152877,13.788338732444306,-34.75051537799931,6.921330607036939e-20
1786739735.4993823,resting,fast,1786739728.8838232,-462.9921714200782,-182.8888050732653,716.3797697714572,13.716660380495188,-34.72441285650611,6.909324834858239e-20
1786739735.527907,resting,fast,1786739728.8838232,-464.48038446384726,-182.53526062829758,715.4112048764437,13.690144547122525,-34.836028834788614,6.876170632604705e-20
1786739735.5563788,resting,fast,1786739728.8838232,-463.66321014603136,-181.6424727226423,713.8823469656372,13.623185454198381,-34.77474076095243,6.818040946339883e-20
1786739735.5849702,resting,fast,1786739728.8838232,-462.3757668955709,-182.0742463793655,701.5341493550168,13.655568478452604,-34.6781825171681,6.775628269435901e-20
1786739735.613548,resting,fast,1786739728.8838232,-462.90061017149856,-183.07296217116357,699.9456598809811,13.73047216283744,-34.717545762862535,6.733796538096855e-20
1786739735.6415243,resting,fast,1786739728.8838232,-464.7117654074091,-183.9154047413989,708.2297621442758,13.793655355605079,-34.85338240555579,6.804437750508081e-20
1786739735.670124,resting,fast,1786739728.8838232,-466.16740734764744,-186.4972707761458,714.3858488241058,13.987295308211042,-34.96255555107384,6.829210408007309e-20
1786739735.6983588,resting,fast,1786739728.8838232,-465.6626874161293,-187.67166044911914,720.8997215620184,14.075374533684215,-34.92470155621007,6.906706526374335e-20
1786739735.726886,resting,fast,1786739728.8838232,-466.39335894392707,-186.3329537358428,727.6417292185633,13.974971530188451,-34.979501920794824,6.921702524247388e-20
1786739735.755585,resting,fast,1786739728.8838232,-464.517493799508,-183.5821742579442,721.9370258772196,13.76866306934605,-34.83881203496339,6.899835899421513e-20
1786739735.7838,resting,fast,1786739728.8838232,-463.7820776297408,-179.83242430948542,713.8237106179158,13.487431823211768,-34.783655822230735,6.849067747897385e-20
1786739735.8124442,resting,fast,1786739728.8838232,-461.8583933640771,-179.6771395702508,701.4087396813702,13.475785467769061,-34.63937950230596,6.726748212178829e-20
1786739735.8408203,resting,fast,1786739728.8838232,-464.34688736595854,-184.6039640754052,707.6506336209386,13.845297305655553,-34.82601655244727,6.769136431465602e-20
1786739735.869596,resting,fast,1786739728.8838232,-465.7881577674598,-188.50474701535074,712.5261538827617,14.137856026151457,-34.934111832559765,6.791454351061498e-20
1786739735.897876,resting,fast,1786739728.8838232,-466.3802462576409,-188.9793763126512,717.9925732457286,14.173453223449012,-34.978518469323234,6.857606365795315e-20
1786739735.9263034,resting,fast,1786739728.8838232,-463.4712574625569,-185.37745634486066,713.1482482938163,13.90330922586465,-34.76034430969187,6.80573095139681e-20
1786739735.954751,resting,fast,1786739728.8838232,-463.31275489799964,-184.56408805674437,708.7116774283286,13.84230660425612,-34.74845661735016,6.794122930648887e-20
1786739735.983288,resting,fast,1786739728.8838232,-465.8054995964135,-191.63198073302283,699.0176203923338,14.372398554976908,-34.93541246973126,6.843349379792094e-20
1786739736.0117953,resting,fast,1786739728.8838232,-467.09834543837724,-190.1449396991627,701.697881750486,14.26087047743734,-35.03237590787842,6.875507745636505e-20
1786739736.0403967,resting,fast,1786739728.8838232,-466.48154043599743,-190.65917940647842,707.6117920679444,14.299438455485902,-34.98611553269995,6.928120900675908e-20
1786739736.0688593,resting,fast,1786739728.8838232,-466.53336358907427,-185.02093803454045,717.135269747665,13.876570352590786,-34.990002269180756,6.940782670266583e-20
1786739736.0971816,resting,fast,1786739728.8838232,-466.0048155129257,-185.7472705439659,710.3029428299478,13.931045290797716,-34.95036116346961,6.885690192942632e-20
1786739736.1256597,resting,fast,1786739728.8838232,-464.4043858165205,-186.32941691055362,702.1943317562509,13.974706268291829,-34.83032893623919,6.862649931427132e-20
1786739736.1544125,resting,fast,1786739728.8838232,-463.1085372632001,-186.65040365474636,700.3317522953066,13.998780274106142,-34.73314029474028,6.82948053838798e-20
1786739736.1827683,resting,fast,1786739728.8838232,-462.5135819506763,-186.86003559197536,700.5989030559595,14.014502669398421,-34.68851864630078,6.80926703814768e-20
1786739736.2111065,resting,fast,1786739728.8838232,-461.06556084255635,-184.3336081533712,700.3710991645103,13.825020611503053,-34.57991706319197,6.74813416052986e-20
1786739736.2396522,resting,fast,1786739728.8838232,-459.23765676305356,-184.88263685125037,694.7002205564013,13.866197763844074,-34.44282425722915,6.69735301896286e-20
1786739736.2683477,resting,fast,1786739728.8838232,-459.7008809858926,-185.1512815261127,695.8267548387266,13.886346114458565,-34.47756607394218,6.71279035198648e-20
1786739736.2976882,resting,fast,1786739728.8838232,-461.8589510748775,-189.91665036990753,694.2151972907195,14.243748777743388,-34.639421330615995,6.754623859904861e-20
1786739736.325224,resting,fast,1786739728.8838232,-463.5978854278037,-189.2286064970193,696.6010499337317,14.192145487276765,-34.76984140708557,6.805286910800708e-20
1786739736.3535218,resting,fast,1786739728.8838232,-463.16790769771023,-187.51847684199322,702.4173020719663,14.063885763149603,-34.73759307732843,6.76637618627293e-20
1786739736.38211,resting,fast,1786739728.8838232,-462.57991742548575,-184.99468899951137,708.1164538482335,13.874601674963653,-34.69349380691158,6.785748577885066e-20
1786739736.4105134,resting,fast,1786739728.8838232,-460.66802129241205,-180.5485232853332,702.9417673613543,13.541139246400189,-34.5501015969311,6.773799396605086e-20
1786739736.4389749,resting,fast,1786739728.8838232,-461.4000802090909,-183.01755309095518,698.9967471125601,13.726316481821716,-34.60500601568199,6.807714348230019e-20
1786739736.4676306,resting,fast,1786739728.8838232,-461.8321134329194,-183.6775790056912,696.4727665232067,13.775818425427008,-34.63740850746904,6.757570438661996e-20
1786739736.497206,resting,fast,1786739728.8838232,-463.0569926026192,-187.88099959102965,706.7891445027126,14.09107496932749,-34.7292744451966,6.777294157592649e-20
1786739736.5248544,resting,fast,1786739728.8838232,-466.5525319804715,-185.9664781480941,718.3991718985872,13.94748586110715,-34.99143989853557,6.819760803213007e-20
1786739736.5535033,resting,fast,1786739728.8838232,-465.7860063061071,-183.94148881500746,714.5952136674432,13.7956116611258,-34.93395047295817,6.791621743535759e-20
1786739736.5816116,resting,fast,1786739728.8838232,-465.27328853730023,-184.68110207608004,707.5054596351401,13.851082655706339,-34.89549664029766,6.748837034696425e-20
1786739736.6102753,resting,fast,1786739728.8838232,-462.44905286457197,-185.39378655921325,696.8188236238648,13.904533991941324,-34.68367896484311,6.746849491218574e-20
1786739736.6384912,resting,fast,1786739728.8838232,-462.11722728314226,-187.7387818795504,700.7068757109737,14.08040864096657,-34.658792046235945,6.811372458037903e-20
1786739736.6668742,resting,fast,1786739728.8838232,-466.3747669426016,-187.20184129723918,708.2666442716645,14.040138097293127,-34.97810752069532,6.845896931800856e-20
1786739736.695971,resting,fast,1786739728.8838232,-463.6651554803234,-186.3477167539544,705.9907867463517,13.97607875654673,-34.77488666102451,6.806958230102259e-20
1786739736.7242625,resting,fast,1786739728.8838232,-465.62042907816704,-186.37050587455064,711.2617042137053,13.977787940591408,-34.92153218086271,6.796566955732678e-20
1786739736.7524364,resting,fast,1786739728.8838232,-462.1355023960755,-186.6911023586474,703.8296689556728,14.001832676898697,-34.6601626797059,6.775354720418126e-20
1786739736.7810295,resting,fast,1786739728.8838232,-463.68061324397695,-187.7378003756046,705.8216967078797,14.080335028170577,-34.77604599329851,6.773426477365046e-20
1786739736.8091497,resting,fast,1786739728.8838232,-462.32275495420845,-186.09257412680495,698.7592539027328,13.95694305951054,-34.67420662156576,6.785889400854085e-20
1786739736.8377097,resting,fast,1786739728.8838232,-461.06750971040674,-182.87482819470688,702.6718279948427,13.715612114603335,-34.58006322828073,6.833022177371337e-20
1786739736.8661687,resting,fast,1786739728.8838232,-461.01175838541076,-182.08545240621152,704.1813834606301,13.65640893046599,-34.575881878906046,6.837456296869985e-20
1786739736.8961112,resting,fast,1786739728.8838232,-461.6116376692603,-180.03425601994854,709.2102501692052,13.502569201496303,-34.62087282519477,6.833042471626562e-20
1786739736.9232745,resting,fast,1786739728.8838232,-463.00217777505077,-181.41610386465163,712.0554489080541,13.606207789849062,-34.72516333312902,6.770683246651583e-20
1786739736.9521408,resting,fast,1786739728.8838232,-463.1015099093556,-180.66975896140275,710.490821984733,13.550231922105379,-34.73261324320184,6.785803122786025e-20
1786739736.9802854,resting,fast,1786739728.8838232,-463.26165663804613,-181.48509839131054,709.3491257076794,13.611382379348573,-34.744624247853615,6.757337335524805e-20
1786739737.008716,resting,fast,1786739728.8838232,-460.88900955996905,-182.04152752218977,699.6825192669785,13.653114564164337,-34.56667571699786,6.731189726484023e-20
1786739737.0372305,resting,fast,1786739728.8838232,-463.2910403686901,-184.7627558438685,704.5046001571463,13.857206688290223,-34.74682802765185,6.823625506739697e-20
1786739737.065577,resting,fast,1786739728.8838232,-460.78847609745026,-183.30437063879788,699.1709644841822,13.747827797910038,-34.55913570730892,6.797252015670729e-20
1786739737.095927,resting,fast,1786739728.8838232,-464.93154180939337,-185.7476395911449,708.5032495019968,13.931072969335982,-34.86986563570481,6.886630606850125e-20
1786739737.1228247,resting,fast,1786739728.8838232,-462.6631830979759,-182.00253638480456,708.7036154548205,13.650190228860634,-34.69973873234826,6.796443586944971e-20
1786739737.1512568,resting,fast,1786739728.8838232,-464.5029431927551,-184.02406645485587,712.000556941216,13.801804984114394,-34.83772073945678,6.827742249902583e-20
1786739737.1795628,resting,fast,1786739728.8838232,-463.083752788677,-184.65204405969246,706.6995064645253,13.848903304477087,-34.73128145915106,6.793480827622965e-20
1786739737.208044,resting,fast,1786739728.8838232,-463.5245873042327,-184.80850059055513,708.8292495201949,13.860637544291958,-34.76434404781762,6.806430633492341e-20
1786739737.2367148,resting,fast,1786739728.8838232,-463.95889032447894,-184.8006081819442,713.2183663100241,13.860045613645976,-34.79691677433602,6.838211568769146e-20
1786739737.2653985,resting,fast,1786739728.8838232,-463.566269753318,-181.79360353330935,715.9761347515823,13.634520264998411,-34.767470231499104,6.847963995761193e-20
1786739737.2937844,resting,fast,1786739728.8838232,-463.7865007740702,-182.98289285390115,711.5417775689975,13.723716964042584,-34.78398755805544,6.870540489226511e-20
1786739737.322081,resting,fast,1786739728.8838232,-464.34153546686093,-183.73445141025218,710.370810651063,13.780083855769025,-34.82561516001489,6.834611953092275e-20
1786739737.3504593,resting,fast,1786739728.8838232,-465.94531137040985,-184.4979065819989,709.6128406912958,13.83734299365015,-34.94589835278104,6.858935483369189e-20
1786739737.3791442,resting,fast,1786739728.8838232,-465.56073220902954,-186.40627320984595,707.7477546866448,13.98047049073853,-34.917054915677355,6.824638522343688e-20
1786739737.4074545,resting,fast,1786739728.8838232,-462.76971641828186,-184.52162981746767,704.5120185096575,13.839122236310413,-34.707728731371425,6.796089160436898e-20
1786739737.4360871,resting,fast,1786739728.8838232,-460.3463537031389,-185.66098672829526,702.8806675655123,13.924574004622546,-34.52597652773542,6.769476645957315e-20
1786739737.464699,resting,fast,1786739728.8838232,-462.67804231794526,-185.99179751215445,706.04677601005,13.949384813411623,-34.70085317384602,6.803586734070098e-20
1786739737.493269,resting,fast,1786739728.8838232,-464.9758806011182,-187.75706048381846,709.8097385160327,14.081779536286572,-34.87319104508419,6.85480618336134e-20
1786739737.5212183,resting,fast,1786739728.8838232,-465.53999430405884,-186.78865478634077,709.8675130197253,14.009149108975745,-34.91549957280453,6.864492250993564e-20
1786739737.5497382,resting,fast,1786739728.8838232,-462.9923998894533,-186.09300707907153,708.1318443943983,13.956975530930631,-34.724429991709094,6.864390908115444e-20
1786739737.5781791,resting,fast,1786739728.8838232,-463.98015671460917,-186.3444147630812,708.5574369153146,13.97583110723146,-34.7985117535959,6.897459559095735e-20
1786739737.6066077,resting,fast,1786739728.8838232,-463.27791049115604,-184.95765634947736,708.2548741114197,13.871824226211029,-34.745843286836866,6.830131010507413e-20
1786739737.635087,resting,fast,1786739728.8838232,-464.0462962877923,-182.8713273341201,708.1334092983188,13.71534955005902,-34.80347222158464,6.815942035284088e-20
1786739737.6637194,resting,fast,1786739728.8838232,-462.8491918173845,-182.24136093334016,707.8003303072619,13.668102070000753,-34.713689386304154,6.783137492771738e-20
1786739737.6922452,resting,fast,1786739728.8838232,-465.96961949188653,-184.51727979189332,716.4681443865074,13.838795984392352,-34.94772146189166,6.849929218584399e-20
1786739737.7209628,resting,fast,1786739728.8838232,-466.47237849748717,-189.45339228304863,714.0116543216218,14.209004421228844,-34.98542838731175,6.830433209706448e-20
1786739737.74954,resting,fast,1786739728.8838232,-467.0061127746171,-188.86039543385334,714.4689369229864,14.16452965753911,-35.02545845809633,6.843453547654369e-20
1786739737.7777195,resting,fast,1786739728.8838232,-465.3580668550899,-188.37740250086915,714.2924607789182,14.128305187565378,-34.9018550141319,6.875089510855508e-20
1786739737.806477,resting,fast,1786739728.8838232,-463.3750062801305,-182.96348217461627,713.1326707489679,13.72226116309648,-34.75312547100991,6.828170837080605e-20
1786739737.8349855,resting,fast,1786739728.8838232,-462.7479311618281,-184.9061792467694,704.5060253938718,13.867963443507893,-34.706094837137236,6.792091689446871e-20
1786739737.8633902,resting,fast,1786739728.8838232,-460.90658693525256,-184.7177330768534,695.2920093646399,13.853829980764235,-34.56799402014434,6.751335411340073e-20
1786739737.8917422,resting,fast,1786739728.8838232,-461.79880968658836,-185.52372684263696,698.1668398314814,13.914279513197894,-34.63491072649441,6.822984980220526e-20
1786739737.921351,resting,fast,1786739728.8838232,-461.92325420958514,-184.71958453169293,702.9085043451614,13.853968839877265,-34.64424406571906,6.808516507054038e-20
1786739737.9488573,resting,fast,1786739728.8838232,-462.6591682428111,-183.47174717818916,702.678473462187,13.760381038364425,-34.69943761821098,6.768804062858699e-20
1786739737.9771953,resting,fast,1786739728.8838232,-463.1631537790363,-184.51789511486402,701.2485480594187,13.838842133615035,-34.737236533428025,6.748310296662571e-20
1786739738.005744,resting,fast,1786739728.8838232,-462.2873251924352,-184.44543870079053,695.9135578280793,13.83340790255949,-34.671549389432904,6.720025452589963e-20
1786739738.0344694,resting,fast,1786739728.8838232,-462.63407618954943,-184.59588685192136,703.1570357776263,13.8446915138944,-34.69755571421641,6.74004784352476e-20
1786739738.0625746,resting,fast,1786739728.8838232,-463.27250438298233,-185.1222448699341,705.0717572061503,13.884168365245383,-34.7454378287238,6.749810244727048e-20
1786739738.0915632,resting,fast,1786739728.8838232,-464.01540628783414,-185.44597692278865,709.4348804250703,13.908448269209334,-34.80115547158774,6.782023492278383e-20
1786739738.1197357,resting,fast,1786739728.8838232,-464.6362176276248,-183.46169673801012,708.6688772137413,13.759627255351159,-34.84771632207189,6.817208315277651e-20
1786739738.148285,resting,fast,1786739728.8838232,-465.4566579895354,-181.8239759812301,710.135978249743,13.636798198592562,-34.90924934921542,6.825697849988121e-20
1786739738.177013,resting,fast,1786739728.8838232,-466.1263993272705,-179.40730400925133,719.4906201598633,13.455547800694053,-34.95947994954553,6.869030811441088e-20
1786739738.2053747,resting,fast,1786739728.8838232,-465.50882505830396,-182.35671947014123,714.1026941099199,13.676753960260935,-34.91316187937302,6.83678700434563e-20
1786739738.233661,resting,fast,1786739728.8838232,-463.8655536406068,-182.09498326151243,710.9488089143142,13.657123744613575,-34.78991652304563,6.762173387048733e-20
1786739738.2621734,resting,fast,1786739728.8838232,-464.13176176214847,-186.68067088368116,703.5415562319886,14.001050316276508,-34.80988213216126,6.733861674694591e-20
1786739738.2906065,resting,fast,1786739728.8838232,-465.8319571629745,-187.70628819640103,713.2330914576214,14.077971614730426,-34.93739678722317,6.791474387017373e-20
1786739738.3203979,resting,fast,1786739728.8838232,-465.9919508564358,-188.61836759813139,719.8117571894727,14.146377569859997,-34.94939631423298,6.897914833012655e-20
1786739738.3474662,resting,fast,1786739728.8838232,-465.35393790133276,-189.055328311955,719.3779897003669,14.1791496233967,-34.90154534260009,6.913381499592099e-20
1786739738.3759897,resting,fast,1786739728.8838232,-464.8657603091974,-190.49612460632318,715.9233920075621,14.287209345474363,-34.86493202319018,6.930328100500753e-20
1786739738.4043326,resting,fast,1786739728.8838232,-464.28735424561,-190.06379001084667,707.5542222801287,14.254784250813696,-34.82155156842094,6.906059009036141e-20
1786739738.4329853,resting,fast,1786739728.8838232,-463.7805471132456,-189.41967347743298,700.2038126454845,14.206475510807532,-34.78354103349375,6.9091974127298e-20
1786739738.4612472,resting,fast,1786739728.8838232,-463.503371723712,-188.44151631702493,696.2933370082219,14.133113723777111,-34.76275287927851,6.826904721406788e-20
1786739738.4901066,resting,fast,1786739728.8838232,-464.35608384112265,-190.21598094811725,703.4053722946446,14.266198571108962,-34.82670628808445,6.799973137408005e-20
1786739738.5182228,resting,fast,1786739728.8838232,-465.2056870048232,-188.10517649081964,717.5228255778447,14.107888236811657,-34.8904265253619,6.840443542766694e-20
1786739738.5468214,resting,fast,1786739728.8838232,-464.4075839694342,-184.76574653985847,718.9981854464813,13.857430990489707,-34.830568797707905,6.848530527363728e-20
1786739738.5755825,resting,fast,1786739728.8838232,-465.2605080986191,-184.0650124211586,716.5357748505166,13.80487593158723,-34.894538107396635,6.879078149706667e-20
1786739738.6036747,resting,fast,1786739728.8838232,-465.40434755577326,-186.04964785158052,712.0085448899808,13.953723588868723,-34.905326066683095,6.852229373312362e-20
1786739738.6322746,resting,fast,1786739728.8838232,-465.39722146228814,-185.70504433099734,712.2484350211689,13.927878324824913,-34.904791609671854,6.857744722363376e-20
1786739738.6606975,resting,fast,1786739728.8838232,-465.28133755657245,-187.53595383400568,721.5794426840257,14.065196537550602,-34.896100316743095,6.919501713428383e-20
1786739738.6893332,resting,fast,1786739728.8838232,-461.5165342002092,-186.52556489818062,710.282566198729,13.989417367363888,-34.61374006501587,6.85406658029044e-20
1786739738.7190182,resting,fast,1786739728.8838232,-465.1562384500048,-188.65766632250518,720.6506583432638,14.149324974188136,-34.88671788375056,6.934282077419206e-20
1786739738.7461853,resting,fast,1786739728.8838232,-463.4554205117738,-184.95956117926346,713.8898057194792,13.871967088445029,-34.75915653838328,6.83878685126163e-20
1786739738.7748442,resting,fast,1786739728.8838232,-466.80369099016434,-183.2706613326127,729.7615306655807,13.74529959994614,-35.01027682426254,6.925014246627665e-20
1786739738.803233,resting,fast,1786739728.8838232,-462.21123826555595,-182.80036086113034,716.1654092712324,13.710027064584938,-34.665842869916844,6.853230786246179e-20
1786739738.8316119,resting,fast,1786739728.8838232,-463.3816325163916,-185.90321895839793,712.3385707193374,13.942741421880068,-34.7536224387297,6.837315347218475e-20
1786739738.8601794,resting,fast,1786739728.8838232,-463.40631373262795,-187.79926364543837,710.1435909841839,14.084944773408065,-34.75547352994712,6.837447308878395e-20
1786739738.8887973,resting,fast,1786739728.8838232,-463.8086141124181,-188.1264088404189,704.9966887880973,14.10948066303165,-34.78564605843163,6.809330283043041e-20
1786739738.9178126,resting,fast,1786739728.8838232,-463.2153278316928,-184.74090992876665,714.5464319143948,13.855568244657565,-34.74114958737723,6.853562124064917e-20
1786739738.945977,resting,fast,1786739728.8838232,-462.99248110257076,-184.2949119483859,709.0148385694756,13.82211839612921,-34.72443608269308,6.799248464077095e-20
1786739738.9744196,resting,fast,1786739728.8838232,-463.3247698871187,-183.1718248762529,716.5116518940631,13.737886865719165,-34.749357741533984,6.836668532292537e-20
1786739739.0026565,resting,fast,1786739728.8838232,-461.9348622992602,-183.84085586859862,703.6914931991923,13.788064190145118,-34.64511467244476,6.780466490252264e-20
1786739739.031685,resting,fast,1786739728.8838232,-464.62923782290045,-181.84243722157828,707.7380777567078,13.63818279161855,-34.847192836717774,6.765796024446897e-20
1786739739.0596771,resting,fast,1786739728.8838232,-466.44022066938714,-183.13759701411254,710.659210339124,13.735319776058763,-34.98301655020427,6.750323583464176e-20
1786739739.0879614,resting,fast,1786739728.8838232,-467.5415508821334,-183.649297301626,716.5226855796109,13.77369729762226,-35.065616316160245,6.818948859006616e-20
1786739739.1176658,resting,fast,1786739728.8838232,-466.0775606205748,-183.825003356151,725.1958347460331,13.786875251711631,-34.95581704654342,6.904930942166848e-20
1786739739.1451046,resting,fast,1786739728.8838232,-464.97998643045094,-181.73967299856736,722.7470718447139,13.630475474892844,-34.87349898228406,6.900043949254695e-20
1786739739.173307,resting,fast,1786739728.8838232,-465.90730368713093,-182.66899035326162,724.1495395315269,13.700174276494803,-34.94304777653491,6.908242014540587e-20
1786739739.201935,resting,fast,1786739728.8838232,-466.6106014144566,-183.6174057429646,713.9329322645026,13.771305430722489,-34.9957951060844,6.851583059590405e-20
1786739739.2301934,resting,fast,1786739728.8838232,-464.9179941844968,-184.9878903962981,709.9254621197178,13.87409177972258,-34.868849563837486,6.776703028766606e-20
1786739739.2586863,resting,fast,1786739728.8838232,-464.68896730478446,-187.10389955806738,712.0965039775501,14.03279246685521,-34.851672547859096,6.884716537845305e-20
1786739739.2873666,resting,fast,1786739728.8838232,-462.94532966015095,-186.61860678475853,706.5305535756752,13.996395508857166,-34.72089972451154,6.860137800456325e-20
1786739739.3172007,resting,fast,1786739728.8838232,-463.7687260667826,-189.49972582506075,707.7052823397053,14.212479436879807,-34.782654455008945,6.958762052520045e-20
1786739739.3443558,resting,fast,1786739728.8838232,-464.18882284292295,-185.24852739041262,711.4625257491989,13.893639554281254,-34.814161713219484,6.79981500149665e-20
1786739739.3730772,resting,fast,1786739728.8838232,-469.3243327444875,-188.62832751177575,731.5275269670192,14.147124563383361,-35.19932495583665,6.894660892793429e-20
1786739739.401262,resting,fast,1786739728.8838232,-468.12149047286493,-185.4186052518935,729.4229561097782,13.906395393892307,-35.10911178546515,6.817523349632266e-20
1786739739.4296293,resting,fast,1786739728.8838232,-466.41496765883085,-181.9672121315324,720.2603568222021,13.64754090986494,-34.98112257441258,6.804065807090078e-20
1786739739.4583979,resting,fast,1786739728.8838232,-460.9314649156345,-179.31412191085656,704.5970727767153,13.448559143314402,-34.56985986867278,6.700948859640596e-20
1786739739.4869967,resting,fast,1786739728.8838232,-463.5719129992249,-180.84016864861485,709.7179540159168,13.563012648646382,-34.767893474941964,6.788810859723095e-20
1786739739.5167532,resting,fast,1786739728.8838232,-463.81347029658673,-189.95881263790966,704.2185777279865,14.246910947843286,-34.78601027224408,6.794306536483553e-20
1786739739.543869,resting,fast,1786739728.8838232,-463.42374697487776,-189.83733437556566,708.2229111844208,14.237800078167584,-34.75678102311587,6.828907913469527e-20
1786739739.5722842,resting,fast,1786739728.8838232,-463.2181436205574,-189.07975251794267,712.6858118069713,14.180981438845851,-34.74136077154219,6.829641184970162e-20
1786739739.6007943,resting,fast,1786739728.8838232,-463.6758903465402,-184.78127711754723,717.5680686770966,13.85859578381626,-34.775691775990616,6.822506991976514e-20
1786739739.6292605,resting,fast,1786739728.8838232,-464.94927962252405,-185.28693379004142,710.7521466540766,13.89652003425346,-34.87119597168947,6.813359133735835e-20
1786739739.657977,resting,fast,1786739728.8838232,-462.83524882122674,-184.40437151516062,701.3706183985114,13.83032786363729,-34.712643661592274,6.76268959213587e-20
1786739739.6861763,resting,fast,1786739728.8838232,-460.52405962748617,-185.75694674596105,697.7289256588183,13.931771005947287,-34.53930447206162,6.738245743926001e-20
1786739739.7146585,resting,fast,1786739728.8838232,-460.0914008764289,-186.53517010541805,707.3321223115036,13.99013775790662,-34.50685506573239,6.845977425165698e-20
1786739739.7432785,resting,fast,1786739728.8838232,-462.18533225767123,-187.09237162668205,716.04320827634,14.031927872001202,-34.66389991932555,6.900658063585901e-20
1786739739.7715647,resting,fast,1786739728.8838232,-464.0403248069488,-185.3013233094117,721.6392892150525,13.897599248205989,-34.80302436052136,6.993009710309777e-20
1786739739.80017,resting,fast,1786739728.8838232,-462.9880373675978,-183.73251221185035,711.8540853318318,13.779938415889053,-34.72410280257013,6.844100778626675e-20
1786739739.8284955,resting,fast,1786739728.8838232,-459.26893410912817,-185.10515082152108,696.8762006943643,13.882886311614268,-34.44517005818489,6.76009824124694e-20
1786739739.8570576,resting,fast,1786739728.8838232,-459.7059632638361,-184.83120911808203,695.977390546057,13.862340683856448,-34.47794724478783,6.751584491672571e-20
1786739739.885444,resting,fast,1786739728.8838232,-461.3208731796376,-185.35847231247465,709.9385312355353,13.90188542343569,-34.59906548847302,6.904042039287091e-20
1786739739.9140637,resting,fast,1786739728.8838232,-464.93043688727266,-184.95782076305898,727.259305041277,13.871836557229617,-34.869782766545725,6.959075479611078e-20
1786739739.9424155,resting,fast,1786739728.8838232,-463.7578884741406,-187.59887885075284,724.710089065622,14.06991591380682,-34.781841635560795,6.945334034578979e-20
1786739739.9715786,resting,fast,1786739728.8838232,-463.9342813021881,-186.15106148817404,721.3969063798895,13.961329611613298,-34.79507109766443,6.830016849899006e-20
1786739739.9994917,resting,fast,1786739728.8838232,-462.24452224138304,-185.26332664928543,709.4120000450694,13.8947494986967,-34.66833916810385,6.845555341084123e-20
1786739740.0282216,resting,fast,1786739728.8838232,-460.5448103407148,-183.0066233995601,700.3269428545791,13.725496754967235,-34.540860775553895,6.803727401252436e-20
1786739740.0566454,resting,fast,1786739728.8838232,-458.158153407423,-182.8352879122168,693.5160228710483,13.712646593416554,-34.36186150555687,6.797980836609911e-20
1786739740.084881,resting,fast,1786739728.8838232,-460.56977611700313,-182.51896377434298,702.8533026995374,13.688922283075865,-34.54273320877544,6.799009470980839e-20
1786739740.1135216,resting,fast,1786739728.8838232,-462.66535259956845,-181.87237885696845,718.1107915686753,13.640428414272929,-34.69990144496762,6.84697490041307e-20
1786739740.1417575,resting,fast,1786739728.8838232,-465.262542421734,-183.85079324090714,721.289104464604,13.78880949306824,-34.8946906816302,6.883031990129235e-20
1786739740.1702423,resting,fast,1786739728.8838232,-465.6780204641118,-182.7546097097694,720.6736417767133,13.706595728232859,-34.925851534808444,6.891536210790987e-20
1786739740.1988719,resting,fast,1786739728.8838232,-465.89879205659463,-183.34715778149564,714.7494390046813,13.751036833612321,-34.94240940424494,6.906159230797835e-20
1786739740.2272046,resting,fast,1786739728.8838232,-463.658517483374,-180.96415079974872,699.5258608242184,13.572311309981327,-34.77438881125326,6.833344466684033e-20
1786739740.2556791,resting,fast,1786739728.8838232,-463.88348351919694,-184.22776198083102,700.0089807935383,13.81708214856275,-34.791261263940065,6.825382145086512e-20
1786739740.2842696,resting,fast,1786739728.8838232,-466.0668664994005,-183.12876851720114,706.2940607900191,13.73465763879025,-34.955014987455236,6.749450504407236e-20
1786739740.3127832,resting,fast,1786739728.8838232,-469.3929714560254,-182.3775995036359,724.2906754170581,13.678319962772957,-35.20447285920199,6.836732947894459e-20
1786739740.341287,resting,fast,1786739728.8838232,-468.0871104118705,-180.14708755260324,729.5229537088853,13.511031566445535,-35.106533280890424,6.926225804492102e-20
1786739740.3697686,resting,fast,1786739728.8838232,-467.2904895131137,-181.52637282656156,724.9104734443345,13.614477961992396,-35.04678671348356,6.977665419341207e-20
1786739740.3981762,resting,fast,1786739728.8838232,-466.3967388806591,-185.0982400374944,720.6594686874932,13.882368002812289,-34.97975541604963,6.995074782683437e-20
1786739740.4267778,resting,fast,1786739728.8838232,-464.5291462193227,-184.4178277277349,703.6587783010418,13.831337079580326,-34.83968596644954,6.865472369410953e-20
1786739740.4552708,resting,fast,1786739728.8838232,-462.7867828118069,-183.39669735932887,698.9593098365895,13.754752301949932,-34.70900871088567,6.872049433938006e-20
1786739740.4836593,resting,fast,1786739728.8838232,-461.7414966688252,-183.04167495451077,697.1016915314622,13.728125621588429,-34.63061225016199,6.843660284568406e-20
1786739740.5136166,resting,fast,1786739728.8838232,-465.8676644496795,-184.1136841382388,708.9973036901929,13.808526310368041,-34.94007483372612,6.90589347040572e-20
1786739740.540683,resting,fast,1786739728.8838232,-465.36194726696976,-183.29313428069133,716.2594658445505,13.74698507105209,-34.90214604502293,6.975653321304887e-20
1786739740.5690167,resting,fast,1786739728.8838232,-464.82942762400853,-178.9547232039124,721.4278777330655,13.4216042402937,-34.86220707180081,6.94905903289046e-20
1786739740.5976832,resting,fast,1786739728.8838232,-462.76706036367614,-180.4761241283171,714.0000791604662,13.535709309623986,-34.707529527276066,6.843004274723736e-20
1786739740.6263313,resting,fast,1786739728.8838232,-463.3988498701019,-181.82954648329462,711.7462654931587,13.637215986247252,-34.75491374025791,6.742928874086372e-20
1786739740.6545165,resting,fast,1786739728.8838232,-464.04666895956507,-185.43134788607267,711.4022020479224,13.907351091455713,-34.803500171967634,6.807194473999222e-20
1786739740.6831737,resting,fast,1786739728.8838232,-462.2977478567859,-182.9571859489664,712.0776448494125,13.72178894617262,-34.67233108925921,6.825744788574212e-20
1786739740.7142391,resting,fast,1786739728.8838232,-464.4809647259508,-182.01881383918123,713.0644101287571,13.651411037938924,-34.83607235444668,6.848509628236038e-20
1786739740.7399313,resting,fast,1786739728.8838232,-466.10432419461904,-185.14722297454512,715.4059612722631,13.88604172309132,-34.95782431459672,6.90390076997514e-20
1786739740.7681942,resting,fast,1786739728.8838232,-465.7586558322482,-187.4867038883175,709.7018364558198,14.061502791624104,-34.93189918741881,6.910423101302188e-20
1786739740.7968829,resting,fast,1786739728.8838232,-465.7499169931825,-189.11484595697345,711.5236149005414,14.183613446773041,-34.93124377448878,6.964081558693724e-20
1786739740.825434,resting,fast,1786739728.8838232,-461.8868828748964,-183.84098245662108,698.5284920820595,13.788073684246829,-34.64151621561737,6.776552250946938e-20
1786739740.8535995,resting,fast,1786739728.8838232,-466.0442238322544,-182.29831385147713,715.1155171481578,13.67237353886102,-34.953316787419155,6.894940436221375e-20
1786739740.882332,resting,fast,1786739728.8838232,-464.20102655745586,-182.91033267904288,709.031955200735,13.718274950928429,-34.815076991809335,6.872275547958706e-20
1786739740.9120846,resting,fast,1786739728.8838232,-467.343767398625,-187.53198904317435,716.2583731160621,14.06489917823826,-35.05078255489708,6.969927916514436e-20
1786739740.9392087,resting,fast,1786739728.8838232,-466.7319692499841,-189.8428582113421,716.3407444805025,14.238214365850947,-35.00489769374903,6.945396816439537e-20
1786739740.9676437,resting,fast,1786739728.8838232,-468.0233580808849,-190.9045321203107,713.1271275944237,14.317839909023508,-35.1017518560666,6.921407753744468e-20
1786739740.9963245,resting,fast,1786739728.8838232,-467.77457993557164,-187.54230632465203,715.1520793361697,14.065672974349216,-35.083093495168114,6.907316990254417e-20
1786739741.0245535,resting,fast,1786739728.8838232,-465.2806830533814,-184.60086301059766,709.9420318603752,13.84506472579493,-34.89605122900372,6.84987597427018e-20
1786739741.0529695,resting,fast,1786739728.8838232,-463.82123994881704,-179.71135412598858,718.1699710378798,13.478351559449383,-34.786592996161566,6.814865053329078e-20
1786739741.081728,resting,fast,1786739728.8838232,-464.22585825996066,-181.0494972957157,715.0772140510908,13.578712297178935,-34.81693936949716,6.801673524257254e-20
1786739741.1105754,resting,fast,1786739728.8838232,-466.51157652055053,-185.2707953406408,714.0873205462503,13.89530965054838,-34.98836823904133,6.789056476541017e-20
1786739741.1384697,resting,fast,1786739728.8838232,-466.86847316308376,-188.5118246631913,712.8403113158938,14.138386849739529,-35.01513548723161,6.783629233147898e-20
1786739741.167148,resting,fast,1786739728.8838232,-464.57907704297213,-187.77835629919025,708.6095716727423,14.0833767224394,-34.84343077822313,6.758729728246548e-20
1786739741.1953945,resting,fast,1786739728.8838232,-461.0635403798192,-181.84028772991826,701.7589064453487,13.638021579744137,-34.57976552848658,6.66095645550139e-20
1786739741.2238855,resting,fast,1786739728.8838232,-461.1515922011895,-183.7164452631216,700.8321511599743,13.77873339473442,-34.586369415089436,6.693144582296275e-20
1786739741.2525034,resting,fast,1786739728.8838232,-461.76479503318797,-184.45382036948888,702.183274540711,13.834036527711977,-34.63235962748928,6.702105441651701e-20
1786739741.2809634,resting,fast,1786739728.8838232,-463.52220507750144,-188.26299150208786,707.3726470449055,14.119724362656935,-34.76416538081282,6.844151142840495e-20
1786739741.3094828,resting,fast,1786739728.8838232,-465.81173203467506,-188.08256903194854,717.8908967134093,14.106192677396333,-34.93587990260085,6.934963491197288e-20
1786739741.337933,resting,fast,1786739728.8838232,-465.81105076135054,-185.3165496434126,721.674136552625,13.898741223256057,-34.93582880710151,6.964460272722693e-20
1786739741.3662612,resting,fast,1786739728.8838232,-465.63527852649486,-183.39263497371405,722.242593378739,13.754447623028657,-34.922645889487484,6.960663222066481e-20
1786739741.394796,resting,fast,1786739728.8838232,-465.77553620902927,-180.86693700964827,719.4621170054788,13.565020275723764,-34.9331652156773,6.88332270518252e-20
1786739741.423321,resting,fast,1786739728.8838232,-465.5802599473218,-183.9318572781857,713.2825867938691,13.794889295864106,-34.91851949604939,6.885286550740606e-20
1786739741.4517167,resting,fast,1786739728.8838232,-465.93313094019686,-181.59818398064454,709.1483402751219,13.619863798548483,-34.94498482051507,6.821797989497968e-20
1786739741.4801524,resting,fast,1786739728.8838232,-462.96985180198635,-183.7219379931778,701.1394709958113,13.779145349488633,-34.72273888514923,6.78646907742668e-20
1786739741.508913,resting,fast,1786739728.8838232,-463.1976328263736,-181.8938645814452,707.1994429722063,13.642039843608519,-34.73982246197833,6.743457718816404e-20
1786739741.5372462,resting,fast,1786739728.8838232,-463.43722011546197,-184.3805943451863,714.6957030604572,13.828544575889094,-34.75779150865992,6.792678420913716e-20
1786739741.5657382,resting,fast,1786739728.8838232,-464.26324006129244,-182.45702298129538,717.5962445870155,13.684276723597367,-34.81974300459704,6.837801367134883e-20
1786739741.594133,resting,fast,1786739728.8838232,-465.24583937619764,-182.86671041469526,718.3578164934988,13.715003281102401,-34.8934379532151,6.860110757091467e-20
1786739741.622447,resting,fast,1786739728.8838232,-461.98883625742155,-183.27893529238838,709.2889430140349,13.745920146929432,-34.64916271930675,6.773790330469062e-20
1786739741.6512697,resting,fast,1786739728.8838232,-463.5188844409031,-183.98118561179365,710.1053670333358,13.79858892088458,-34.76391633306775,6.766870139448167e-20
1786739741.6796503,resting,fast,1786739728.8838232,-460.81279928758886,-184.64404974659965,707.4876178228251,13.848303730995088,-34.560959946569504,6.772640443399106e-20
1786739741.7082,resting,fast,1786739728.8838232,-463.707543250056,-185.37069381588492,708.0555986770241,13.902802036191598,-34.7780657437543,6.870227789685106e-20
1786739741.7364273,resting,fast,1786739728.8838232,-462.5427008869742,-183.4825332297454,708.2776048371488,13.76118999223102,-34.690702566523214,6.832186062183737e-20
1786739741.7650797,resting,fast,1786739728.8838232,-466.4612595975859,-182.71562267249305,708.8975223814359,13.703671700437159,-34.984594469819065,6.812940093931461e-20
1786739741.7936268,resting,fast,1786739728.8838232,-467.9387991450021,-181.7735834208396,716.9183585168576,13.63301875656325,-35.09540993587531,6.807081452091849e-20
1786739741.8219776,resting,fast,1786739728.8838232,-466.9568945983956,-183.6631457290017,710.7926336327882,13.774735929675355,-35.02176709487981,6.800073205212554e-20
1786739741.8504772,resting,fast,1786739728.8838232,-463.9510401436223,-185.4488399537331,705.5728378454996,13.908662996530165,-34.7963280107718,6.765151768226252e-20
1786739741.8789563,resting,fast,1786739728.8838232,-462.707937728012,-184.05614437509257,706.1348063568821,13.804210828132273,-34.70309532960096,6.823116596117723e-20
1786739741.9073696,resting,fast,1786739728.8838232,-463.2642257804937,-181.72296056778703,709.8343447188909,13.629222042584171,-34.74481693353721,6.848764707464448e-20
1786739741.9358249,resting,fast,1786739728.8838232,-464.56516748554077,-182.99047980052046,716.4572122440823,13.724285985039355,-34.84238756141583,6.920559354844209e-20
1786739741.9641633,resting,fast,1786739728.8838232,-466.1390211723983,-185.60769588726112,715.808109661315,13.920577191544798,-34.9604265879301,6.902810848954976e-20
1786739741.9928246,resting,fast,1786739728.8838232,-469.40403175002666,-190.44541115456752,719.5017992793046,14.283405836592731,-35.20530238125223,6.937027893626548e-20
1786739742.021324,resting,fast,1786739728.8838232,-467.94276222785993,-187.6543283803096,714.2365797421862,14.074074628523501,-35.09570716708962,6.874959898102947e-20
1786739742.0500157,resting,fast,1786739728.8838232,-466.32746429879353,-188.21205734154387,708.4853499802684,14.115904300616005,-34.97455982240975,6.825661255990392e-20
1786739742.0783305,resting,fast,1786739728.8838232,-461.47806254998113,-185.97950505009192,700.44671836427,13.948462878757123,-34.610854691248804,6.793548782793097e-20
1786739742.10662,resting,fast,1786739728.8838232,-463.0051664175603,-185.8507340922696,705.0899913620033,13.938805056920426,-34.72538748131717,6.840779090363984e-20
1786739742.1351955,resting,fast,1786739728.8838232,-461.5816367097427,-184.5337397851855,705.788666773894,13.84003048388917,-34.6186227532311,6.821769873985175e-20
1786739742.1635263,resting,fast,1786739728.8838232,-462.03528101790744,-184.56781954258474,705.3538143316282,13.842586465694172,-34.65264607634322,6.770189116862926e-20
1786739742.1920433,resting,fast,1786739728.8838232,-464.00014689895534,-183.4118407805414,712.0698048004424,13.755888058540922,-34.800011017421674,6.759463076296668e-20
1786739742.2206364,resting,fast,1786739728.8838232,-465.70476320699345,-183.88973222197137,717.4341759355802,13.791729916648212,-34.92785724052477,6.832592143637628e-20
1786739742.2490413,resting,fast,1786739728.8838232,-466.3735090737732,-186.12489554674983,717.3123435089892,13.959367166006576,-34.97801318053318,6.890474230798936e-20
1786739742.2773786,resting,fast,1786739728.8838232,-464.9063440149562,-190.3424027164706,707.1000708000665,14.275680203735593,-34.86797580112179,6.943092234429933e-20
1786739742.3072784,resting,fast,1786739728.8838232,-463.99481251623774,-189.07414828239098,698.5267443784978,14.180561121179569,-34.79961093871806,6.87415367190925e-20
1786739742.3343933,resting,fast,1786739728.8838232,-466.53300215871286,-186.51370212204301,708.1722997837378,13.98852765915343,-34.989975161903644,6.831811637094616e-20
1786739742.3630989,resting,fast,1786739728.8838232,-466.59967769822197,-187.90585680175684,705.447704363437,14.092939260132123,-34.994975827366794,6.782361532426948e-20
1786739742.3912358,resting,fast,1786739728.8838232,-467.8988936158148,-190.15702614741247,714.3883361851304,14.261776961056146,-35.09241702118627,6.827369322739383e-20
1786739742.4198341,resting,fast,1786739728.8838232,-465.9775976451351,-189.34177023831114,710.826436849241,14.200632767873483,-34.948319823385255,6.86737538603197e-20
1786739742.4481702,resting,fast,1786739728.8838232,-465.723876059179,-184.11750680124476,718.8060240344475,13.808813010093605,-34.92929070443875,6.858689834201162e-20
1786739742.4768188,resting,fast,1786739728.8838232,-465.39037740454205,-181.34455389582286,716.2160966682122,13.600841542186817,-34.90427830534079,6.811837114587409e-20
1786739742.506048,resting,fast,1786739728.8838232,-465.8856827441118,-181.6427575688092,717.0394760202043,13.623206817660897,-34.941426205808625,6.803832061989727e-20
1786739742.5339222,resting,fast,1786739728.8838232,-465.63310605087054,-184.8371142685396,717.9438014781999,13.86278357014059,-34.922482953815454,6.789601643487279e-20
1786739742.5622437,resting,fast,1786739728.8838232,-465.9392967468225,-186.45350213773327,723.6655503436996,13.984012660330269,-34.94544725601192,6.848041687478846e-20
1786739742.5905774,resting,fast,1786739728.8838232,-465.93789328431603,-187.58990478342855,720.1558656746765,14.069242858757502,-34.945341996323975,6.880031149926967e-20
1786739742.619133,resting,fast,1786739728.8838232,-465.2111428784501,-185.5144656302749,715.5329655474125,13.913584922270875,-34.89083571588406,6.920312265050452e-20
1786739742.647577,resting,fast,1786739728.8838232,-465.75469059467514,-186.31202977067483,710.1154800058703,13.973402232800805,-34.931601794600766,6.874937200021161e-20
1786739742.6762788,resting,fast,1786739728.8838232,-467.7725940804662,-184.22097215703207,714.9158554375163,13.816572911777659,-35.08294455603512,6.85589155496954e-20
1786739742.7045178,resting,fast,1786739728.8838232,-467.47961972223857,-187.03213361526582,709.5940915281853,14.027410021145204,-35.06097147916797,6.830967333116744e-20
1786739742.7330406,resting,fast,1786739728.8838232,-466.0126908487264,-186.14654009915137,701.1144853567066,13.960990507436438,-34.95095181365473,6.803060177654164e-20
1786739742.7614136,resting,fast,1786739728.8838232,-463.62941347354354,-189.40006567638193,695.9286089951465,14.205004925728854,-34.77220601051604,6.764575341066645e-20
1786739742.790115,resting,fast,1786739728.8838232,-463.9851114568405,-189.20517167585786,699.7147914133138,14.190387875689435,-34.79888335926329,6.73575318564451e-20
1786739742.8183997,resting,fast,1786739728.8838232,-464.4750464225913,-189.07244353716567,711.1980456397841,14.180433265287778,-34.83562848169471,6.81201937391169e-20
1786739742.8470726,resting,fast,1786739728.8838232,-464.9975432619194,-189.07706591360227,708.8609323690971,14.180779943520438,-34.874815744644195,6.841125443958924e-20
1786739742.8756025,resting,fast,1786739728.8838232,-464.677580302362,-185.4818858836229,711.652709566586,13.911141441271884,-34.85081852267732,6.894095405726983e-20
1786739742.903774,resting,fast,1786739728.8838232,-464.02095016465637,-186.4967296248733,707.0390242283129,13.987254721865742,-34.801571262349526,6.863164558891423e-20
1786739742.9326262,resting,fast,1786739728.8838232,-462.7075851279292,-185.47549024818375,708.0993929896003,13.910661768614109,-34.703068884595005,6.891701739128275e-20
1786739742.9608877,resting,fast,1786739728.8838232,-463.4869602947424,-186.72055247921514,716.1599644985145,14.004041435941357,-34.761522022105936,6.977224004673432e-20
1786739742.9892445,resting,fast,1786739728.8838232,-463.16263493229144,-184.7832024443543,718.7618543692433,13.858740183326685,-34.73719761992212,6.962818871501461e-20
1786739743.0178547,resting,fast,1786739728.8838232,-462.51099164803645,-183.48852639532095,725.6014827683002,13.761639479649237,-34.68832437360289,7.00566034211244e-20
1786739743.0463989,resting,fast,1786739728.8838232,-462.2890397331885,-182.36620079835893,714.8369661270963,13.677465059877175,-34.671677979989475,6.912208277953955e-20
1786739743.0748715,resting,fast,1786739728.8838232,-462.55046127494325,-184.91628181031695,707.6681692202128,13.86872113577395,-34.69128459562097,6.896734127025954e-20
1786739743.1033216,resting,fast,1786739728.8838232,-463.4475910346696,-186.50021673309595,698.7566215102224,13.98751625498237,-34.75856932760047,6.779768483639335e-20
1786739743.131646,resting,fast,1786739728.8838232,-464.07956703904256,-186.84802359560808,701.9704470100387,14.013601769670938,-34.80596752792836,6.807805507865282e-20
1786739743.1602466,resting,fast,1786739728.8838232,-463.70401443929313,-185.56516998735367,706.4782468205785,13.917387749051873,-34.7778010829471,6.832862556034146e-20
1786739743.1886117,resting,fast,1786739728.8838232,-464.06617339339664,-182.33607750151032,710.491125653647,13.675205812613402,-34.804963004504906,6.897719382823154e-20
1786739743.217003,resting,fast,1786739728.8838232,-463.9060764497144,-183.79203361933105,711.0333479923784,13.784402521450165,-34.79295573372886,6.892588751022198e-20
1786739743.2454712,resting,fast,1786739728.8838232,-461.8115443524407,-182.56520184779788,701.295179378505,13.692390138585136,-34.63586582643327,6.863926817231928e-20
1786739743.2743175,resting,fast,1786739728.8838232,-460.8385973814429,-187.28420427077492,698.525784951361,14.046315320308313,-34.56289480360849,6.820623912899e-20
1786739743.302478,resting,fast,1786739728.8838232,-461.08388979647634,-189.67716507194007,700.1619607337843,14.225787380395783,-34.581291734736034,6.837864827263238e-20
1786739743.3326561,resting,fast,1786739728.8838232,-462.72918699665934,-189.3317669769582,714.2325481109392,14.19988252327185,-34.704689024749705,6.894574741416141e-20
1786739743.359578,resting,fast,1786739728.8838232,-467.268968791735,-190.2199531372163,731.6890626573759,14.266496485291437,-35.045172659380334,7.027561364198048e-20
1786739743.3879762,resting,fast,1786739728.8838232,-464.90077150870684,-188.2984198921455,720.2451096470941,14.122381491911089,-34.867557863153216,6.950666889282179e-20
1786739743.4164186,resting,fast,1786739728.8838232,-465.7719509708818,-189.32628579686946,715.2854236048315,14.19947143476541,-34.932896322816234,6.938546116243875e-20
1786739743.4449303,resting,fast,1786739728.8838232,-460.93948688168757,-184.0009917016706,687.4245739618445,13.80007437762563,-34.57046151612677,6.770434568644782e-20
1786739743.47357,resting,fast,1786739728.8838232,-462.1448660230312,-180.8742729676461,694.2818723875807,13.565570472573693,-34.66086495172745,6.776408410092312e-20
1786739743.5018392,resting,fast,1786739728.8838232,-463.7359041431346,-180.99105943988252,701.5486542379394,13.574329457991428,-34.78019281073532,6.796436727083157e-20
1786739743.5313509,resting,fast,1786739728.8838232,-467.89911710999195,-183.55875086019762,723.3180321332875,13.766906314515143,-35.092433783249625,6.889221236970645e-20
1786739743.5592911,resting,fast,1786739728.8838232,-470.8828121573979,-188.2515698585646,731.9618279331826,14.118867739392496,-35.31621091180494,6.921115178010214e-20
1786739743.5876517,resting,fast,1786739728.8838232,-471.6917329260905,-186.28260766325138,728.044978103133,13.971195574744119,-35.376879969456965,6.901272093476836e-20
1786739743.6158051,resting,fast,1786739728.8838232,-469.15640529264465,-182.63768811425382,720.0988967292378,13.697826608569276,-35.18673039694843,6.830004988551027e-20
1786739743.6442974,resting,fast,1786739728.8838232,-464.35309933544795,-179.82366390377706,702.9439548333221,13.486774792783383,-34.82648245015879,6.819316587983911e-20
1786739743.673057,resting,fast,1786739728.8838232,-459.78335960547065,-183.43442034954342,694.3229272421786,13.757581526216025,-34.483751970410495,6.777831517653671e-20
1786739743.7015178,resting,fast,1786739728.8838232,-460.4693227638986,-186.46153214296874,701.5770040956286,13.984614910722858,-34.53519920729261,6.856139789209525e-20
1786739743.7313159,resting,fast,1786739728.8838232,-462.5853941239461,-185.22629554451453,709.9405720681207,13.891972165838748,-34.69390455929615,6.85200442561577e-20
1786739743.7580757,resting,fast,1786739728.8838232,-467.30480329122247,-185.48421540982304,726.9376472832646,13.911316155736959,-35.04786024684184,6.906502562542421e-20
1786739743.786846,resting,fast,1786739728.8838232,-466.5496209276771,-187.85108917520108,718.4943788058063,14.088831688140207,-34.99122156957592,6.854594032837447e-20
1786739743.8151019,resting,fast,1786739728.8838232,-468.45923500939034,-189.73837548361792,720.3214723701731,14.230378161271705,-35.13444262570437,6.862928398151069e-20
1786739743.8434749,resting,fast,1786739728.8838232,-466.27018730309373,-187.66766193789965,709.5796593729556,14.075074645342678,-34.97026404773225,6.838398839432417e-20
1786739743.8719559,resting,fast,1786739728.8838232,-465.6019536630379,-186.71284268212116,709.9782205867596,14.00346320115938,-34.920146524728075,6.832880687466779e-20
1786739743.9005728,resting,fast,1786739728.8838232,-463.3324683104147,-184.5449256152782,707.2273590120167,13.84086942114595,-34.749935123281155,6.792579583802447e-20
1786739743.9293323,resting,fast,1786739728.8838232,-460.7400563484912,-182.74107337809323,698.9020795955312,13.705580503357236,-34.55550422613702,6.762193999952726e-20
1786739743.9574451,resting,fast,1786739728.8838232,-462.62716025059854,-183.5475281564402,700.9166242775536,13.766064611733274,-34.69703701879498,6.795881770104568e-20
1786739743.9858375,resting,fast,1786739728.8838232,-461.4511711364903,-185.04607476915237,701.527697492048,13.878455607686707,-34.60883783523695,6.840266738686599e-20
1786739744.0143373,resting,fast,1786739728.8838232,-466.77816413106893,-187.9871486087609,716.0557437703428,14.099036145657205,-35.008362309830375,6.912150442062165e-20
1786739744.0427449,resting,fast,1786739728.8838232,-463.9696708620777,-183.50846934400704,712.4924351731424,13.763135200800786,-34.7977253146561,6.836088663998325e-20
1786739744.071289,resting,fast,1786739728.8838232,-465.2373155449077,-182.16079482175132,719.6601677575645,13.662059611631637,-34.892798665868305,6.857449736323328e-20
1786739744.100169,resting,fast,1786739728.8838232,-461.3195129053106,-182.48879370559177,716.5327098451107,13.686659527919556,-34.59896346789837,6.829348099838185e-20
1786739744.128343,resting,fast,1786739728.8838232,-465.1960473773188,-184.75330972948916,725.0390217130453,13.856498229711857,-34.889703553299164,6.933887739057381e-20
1786739744.1565588,resting,fast,1786739728.8838232,-465.64255747363677,-183.73590611732504,722.9440342837725,13.780192958799706,-34.923191810522844,6.854880183157138e-20
1786739744.1850383,resting,fast,1786739728.8838232,-466.56652359109603,-182.2369398146801,719.1328804543991,13.667770486101272,-34.9924892693323,6.809490918680953e-20
1786739744.2137914,resting,fast,1786739728.8838232,-465.4875668603777,-181.98006779566515,720.9039030722561,13.648505084675218,-34.91156751452847,6.787751632032712e-20
1786739744.2421532,resting,fast,1786739728.8838232,-465.3122941164793,-183.21450477253677,722.593453312561,13.741087857940432,-34.89842205873625,6.93772437840931e-20
1786739744.27068,resting,fast,1786739728.8838232,-464.5347318414879,-185.50234961428555,725.1025638280425,13.912676221071695,-34.8401048881118,6.956483708817864e-20
1786739744.2990854,resting,fast,1786739728.8838232,-462.7671350783812,-189.53820944236202,715.5079316552146,14.215365708177426,-34.70753513087881,6.958226474791303e-20
1786739744.3276544,resting,fast,1786739728.8838232,-463.5848124965587,-190.48880151112053,718.5033847733457,14.286660113334154,-34.768860937242074,6.931388482631081e-20
1786739744.356029,resting,fast,1786739728.8838232,-466.7881407384443,-187.24200187574718,719.8747264378153,14.043150140681387,-35.009110555383494,6.96651396355534e-20
1786739744.3845696,resting,fast,1786739728.8838232,-467.6633808228489,-183.95091731975504,723.369639872155,13.796318798981847,-35.07475356171382,7.00017075315819e-20
1786739744.4130392,resting,fast,1786739728.8838232,-468.38950094781876,-185.57398450610685,714.4430815107953,13.918048837958306,-35.12921257108653,6.940363139084247e-20
1786739744.4414341,resting,fast,1786739728.8838232,-465.92856357094524,-186.39717278469573,707.9750761797113,13.97978795885233,-34.94464226782107,6.902892751971009e-20
1786739744.4697618,resting,fast,1786739728.8838232,-464.6308085708656,-187.1142162667976,694.7854805897277,14.033566220010027,-34.84731064281514,6.858246580571053e-20
1786739744.498407,resting,fast,1786739728.8838232,-461.5617047005526,-186.84088704686258,695.0347846899413,14.013066528514994,-34.617127852541735,6.88764924657866e-20
1786739744.526928,resting,fast,1786739728.8838232,-462.6823653492438,-189.29357812041656,697.6504594254275,14.197018359031429,-34.701177401193576,6.904560712087092e-20
1786739744.5579586,resting,fast,1786739728.8838232,-462.1250150922742,-187.47252842613761,707.0701623262394,14.060439631960445,-34.659376131920816,6.847059933792667e-20
1786739744.5837157,resting,fast,1786739728.8838232,-465.13143635107735,-186.84688637179806,713.7851751419803,14.01351647788508,-34.884857726331,6.888608382108125e-20
1786739744.6122606,resting,fast,1786739728.8838232,-463.92551890335426,-185.7572575630852,707.2379874554808,13.931794317231503,-34.79441391775175,6.89167665133818e-20
1786739744.6406503,resting,fast,1786739728.8838232,-464.61101972000824,-187.00214839667092,717.3775559033902,14.025161129750611,-34.8458264790008,7.001689595934762e-20
1786739744.669006,resting,fast,1786739728.8838232,-464.5269885265466,-186.8041465631685,704.0813370413425,14.010310992237837,-34.83952413949108,6.94462400541652e-20
1786739744.6975105,resting,fast,1786739728.8838232,-466.04182458341984,-186.4027849183011,714.3759078900321,13.980208868872754,-34.95313684375668,6.94188582665265e-20
1786739744.7261765,resting,fast,1786739728.8838232,-466.1906009450081,-186.09045924975715,704.7734472246002,13.956784443732108,-34.96429507087565,6.883873256347936e-20
1786739744.757786,resting,fast,1786739728.8838232,-466.56529279826054,-183.6577041024085,716.8959415039362,13.774327807680844,-34.99239695986976,6.855608940091235e-20
1786739744.7830658,resting,fast,1786739728.8838232,-464.6455121969457,-181.92835611427142,712.9681323860941,13.644626708570645,-34.848413414771045,6.866522806919179e-20
1786739744.8114967,resting,fast,1786739728.8838232,-466.363054583725,-182.37165452051113,714.4996046096476,13.677874089038472,-34.97722909377951,6.881836556646884e-20
1786739744.8399322,resting,fast,1786739728.8838232,-464.3860571702162,-184.9016693197717,709.348614250167,13.867625198983323,-34.82895428776638,6.890187910564307e-20
1786739744.8685272,resting,fast,1786739728.8838232,-465.4209328950451,-186.5879729789268,707.9217076941568,13.994097973419944,-34.90656996712879,6.863284793201288e-20
1786739744.8969736,resting,fast,1786739728.8838232,-462.325298623216,-185.90839438711214,705.0473366213891,13.943129579033648,-34.674397396741476,6.838130884423053e-20
1786739744.9255211,resting,fast,1786739728.8838232,-462.3256712425282,-185.37053371207685,704.4340171002477,13.902790028406034,-34.6744253431898,6.800003266869304e-20
1786739744.956041,resting,fast,1786739728.8838232,-461.7034725470048,-184.86325114436715,704.7755363348952,13.864743835827763,-34.62776044102556,6.775309180996654e-20
1786739744.9825056,resting,fast,1786739728.8838232,-463.4646824397496,-185.0935849223722,710.9570050314378,13.882018869178086,-34.75985118298148,6.756660568781447e-20
1786739745.011257,resting,fast,1786739728.8838232,-460.77118949675287,-187.1291023508378,709.1764479981093,14.0346826763131,-34.5578392122569,6.814079499836446e-20
1786739745.039248,resting,fast,1786739728.8838232,-460.2512590848969,-185.0616543222368,712.1921536268928,13.87962407416789,-34.518844431367484,6.829933349227634e-20
1786739745.0678184,resting,fast,1786739728.8838232,-459.69813055283385,-183.00479340558024,703.6412227167348,13.725359505418648,-34.477359791462675,6.819667579179051e-20
1786739745.0962327,resting,fast,1786739728.8838232,-463.61741375100746,-182.59452381381266,710.1288010087765,13.694589286035981,-34.771306031325764,6.833817578482805e-20
1786739745.1247056,resting,fast,1786739728.8838232,-464.58445538769274,-185.37250649326018,711.6990755250672,13.902937986994797,-34.84383415407716,6.869142324972821e-20
1786739745.1555166,resting,fast,1786739728.8838232,-465.1896917519207,-186.09095008628776,715.8965549051973,13.956821256471866,-34.8892268813943,6.866640997835891e-20
1786739745.1815727,resting,fast,1786739728.8838232,-465.35984064886725,-183.5056222345563,717.797878001742,13.762921667592035,-34.9019880486653,6.82695239887179e-20
1786739745.210114,resting,fast,1786739728.8838232,-464.6040102800757,-181.76782332857078,711.900722565927,13.63258674964305,-34.84530077100584,6.794155536934912e-20
1786739745.2386224,resting,fast,1786739728.8838232,-465.5708263414522,-184.01632520515807,713.991210845029,13.801224390387102,-34.917811975609034,6.867129560253673e-20
1786739745.2671745,resting,fast,1786739728.8838232,-462.6141887703816,-186.23628062561386,695.2614211396021,13.967721046921188,-34.696064157778686,6.861351999097364e-20
1786739745.2955856,resting,fast,1786739728.8838232,-465.82866017475135,-187.59208033700554,703.8942402249986,14.069406025275551,-34.93714951310637,6.91433023109211e-20
1786739745.3239546,resting,fast,1786739728.8838232,-463.67456912141824,-184.63664686424795,702.5019290306482,13.847748514818829,-34.77559268410656,6.847074018215648e-20
1786739745.3542905,resting,fast,1786739728.8838232,-465.384574634254,-183.32252679283795,719.3338531982245,13.749189509463005,-34.903843097569236,6.868277067335295e-20
1786739745.3810813,resting,fast,1786739728.8838232,-465.0328154392614,-181.23929851589503,723.2335988753848,13.59294738869242,-34.87746115794502,6.842048254348882e-20
1786739745.409406,resting,fast,1786739728.8838232,-465.3824422748212,-180.90527110551807,719.2605050470756,13.56789533291401,-34.903683170611764,6.846118603037509e-20
1786739745.4383,resting,fast,1786739728.8838232,-468.8564134641874,-182.9218898609987,724.1166704524421,13.719141739575175,-35.164231009814294,6.865575243176774e-20
1786739745.4664276,twist +Y,fast,1786739745.4504135,-464.28460247347084,-182.81194667562556,705.969944152559,13.710896000671998,-34.82134518551051,6.817844299581855e-20
1786739745.4949894,twist +Y,fast,1786739745.4504135,-464.5516612576739,-183.05326472059699,707.188193976559,13.728994854044895,-34.84137459432571,6.78277843230977e-20
1786739745.5231714,twist +Y,fast,1786739745.4504135,-461.58141154817895,-181.55486988250436,702.0475629254106,13.61661524118799,-34.618605866113505,6.842916225052722e-20
1786739745.5534885,twist +Y,fast,1786739745.4504135,-466.1630053601207,-183.55435274602735,723.1737427865264,13.766576455952315,-34.96222540200916,6.924780972809651e-20
1786739745.5801258,twist +Y,fast,1786739745.4504135,-466.8944979021021,-185.42476925506185,738.6402432655459,13.906857694129744,-35.017087342657824,7.032167214587667e-20
1786739745.6085362,twist +Y,fast,1786739745.4504135,-466.4341531051982,-184.15301803304703,735.7490358764635,13.811476352478767,-34.982561482890084,6.902783819708917e-20
1786739745.6370323,twist +Y,fast,1786739745.4504135,-463.5432987082031,-186.606927866359,728.3378157443394,13.995519589977182,-34.76574740311533,6.943313803654343e-20
1786739745.6656888,twist +Y,fast,1786739745.4504135,-461.0778440173326,-186.09577420509288,706.3072242242479,13.957183065382136,-34.58083830130034,6.869885270950035e-20
1786739745.6942754,twist +Y,fast,1786739745.4504135,-460.5379316220501,-186.1830918469832,700.8189778479873,13.96373188852409,-34.540344871653986,6.885340670838476e-20
1786739745.7227144,twist +Y,fast,1786739745.4504135,-458.15780346502106,-185.22318025025936,686.357505740124,13.891738518769788,-34.36183525987675,6.769279082175564e-20
1786739745.753388,twist +Y,fast,1786739745.4504135,-462.1921097407562,-186.75435802908282,702.4351308070309,14.006576852181343,-34.6644082305568,6.816535423776598e-20
1786739745.7794611,twist +Y,fast,1786739745.4504135,-463.43975379172343,-188.31850195807272,714.1585721727624,14.123887646855732,-34.757981534379475,6.90130246398251e-20
1786739745.8079,twist +Y,fast,1786739745.4504135,-465.9355691724654,-185.67773647734532,718.5986080030452,13.925830235801232,-34.94516768793519,6.880068093791278e-20
1786739745.8363829,twist +Y,fast,1786739745.4504135,-463.28981862356613,-185.7126263594963,711.051256988284,13.928446976962402,-34.746736396767716,6.873003070288259e-20
1786739745.8648858,twist +Y,fast,1786739745.4504135,-461.3721998820183,-187.80673823356642,700.8968952518653,14.085505367517737,-34.602914991151565,6.89649349529863e-20
1786739745.893257,twist +Y,fast,1786739745.4504135,-463.6932366979677,-187.41337238053177,709.4973153853807,14.056002928540071,-34.77699275234777,6.941585725601043e-20
1786739745.9217718,twist +Y,fast,1786739745.4504135,-463.2278338421811,-184.69273561684156,707.8344370606128,13.851955171263452,-34.742087538163766,6.861468607053004e-20
1786739745.9515078,twist +Y,fast,1786739745.4504135,-463.92237454654605,-181.8058814922565,715.1360252964814,13.635441111919608,-34.79417809099117,6.777059687544803e-20
1786739745.9789984,twist +Y,fast,1786739745.4504135,-461.4756471220717,-183.11210888248922,710.3874608485803,13.73340816618693,-34.6106735341555,6.742620799938094e-20
1786739746.0071437,twist +Y,fast,1786739745.4504135,-465.86017309956287,-185.18483023224417,716.4167408943904,13.888862267418464,-34.939512982467384,6.850223323476782e-20
1786739746.0356243,twist +Y,fast,1786739745.4504135,-464.4827701605145,-183.4722740357089,707.7202922904398,13.760420552678386,-34.836207762038754,6.85647534361283e-20
1786739746.064364,twist +Y,fast,1786739745.4504135,-462.5790088036165,-184.40459677421347,699.8302674996503,13.830344758066143,-34.69342566027122,6.833591975069101e-20
1786739746.0926518,twist +Y,fast,1786739745.4504135,-459.6210988560765,-183.91568317540396,695.5228559522948,13.793676238155758,-34.47158241420599,6.759815207892648e-20
1786739746.1211903,twist +Y,fast,1786739745.4504135,-459.92380606653296,-184.9523553014251,698.744980006888,13.871426647607276,-34.49428545499023,6.694724510307886e-20
1786739746.1502366,twist +Y,fast,1786739745.4504135,-461.88957726698527,-183.2291456654034,709.6033219417614,13.742185924905552,-34.64171829502403,6.71981235396112e-20
1786739746.178209,twist +Y,fast,1786739745.4504135,-461.96286889819794,-186.58680554532975,710.1442112283366,13.994010415900053,-34.647215167364834,6.72837585218671e-20
1786739746.2067106,push -Z,fast,1786739746.1800432,-463.0288787137488,-185.6751236561713,711.2922341935327,13.92563427421307,-34.72716590353132,6.807930056798349e-20
1786739746.2350607,push -Z,fast,1786739746.1800432,-463.52217143951566,-186.39891012229748,709.4258352619809,13.979918259172418,-34.764162857963875,6.787946274195792e-20
1786739746.2633095,push -Z,fast,1786739746.1800432,-463.38302974597764,-186.4340344803844,706.3674070000916,13.982552586029033,-34.75372723094856,6.82813603090787e-20
1786739746.2919223,push -Z,fast,1786739746.1800432,-464.20299944892804,-190.6507963331776,703.0710084568736,14.298809724988448,-34.815224958669766,6.846002285345463e-20
1786739746.3202825,push -Z,fast,1786739746.1800432,-464.75314406054486,-191.12874726732457,706.0543101966323,14.334656045049503,-34.856485804541016,6.8923626903003e-20
1786739746.3492508,push -Z,fast,1786739746.1800432,-464.32008622042804,-187.2927756206127,710.0544033291553,14.046958171546326,-34.82400646653225,6.873250649918001e-20
1786739746.3772564,push -Z,fast,1786739746.1800432,-463.9120474836627,-184.78262649049157,714.7572781032959,13.858696986787141,-34.79340356127477,6.823798347041735e-20
1786739746.405622,push -Z,fast,1786739746.1800432,-463.4027806084687,-186.48673641618984,713.0750943526627,13.986505231214434,-34.755208545635405,6.847019696965413e-20
1786739746.4341948,push -Z,fast,1786739746.1800432,-464.1106155223565,-185.72018273100525,711.0904586203269,13.92901370482576,-34.80829616417691,6.78667343488083e-20
1786739746.462855,push -Z,fast,1786739746.1800432,-463.64823058553566,-186.61722253664334,707.0545434603864,13.996291690248416,-34.77361729391529,6.812955567196817e-20
1786739746.4913769,push -Z,fast,1786739746.1800432,-463.85403629824214,-185.42019056810273,705.1396709899582,13.906514292607849,-34.78905272236843,6.797162016109035e-20
1786739746.519597,push -Z,fast,1786739746.1800432,-462.027107725155,-184.81429478230712,706.6738171021334,13.861072108673238,-34.652033079386726,6.890909066821397e-20
1786739746.548282,push -Z,fast,1786739746.1800432,-463.55219176903347,-186.02152355969736,712.2063127016181,13.951614266977597,-34.766414382677674,6.900212348698453e-20
1786739746.5765307,push -Z,fast,1786739746.1800432,-464.63516983858835,-186.19723483190273,713.73696914842,13.964792612392923,-34.847637737894296,6.884157175968137e-20
1786739746.605014,push -Z,fast,1786739746.1800432,-465.93009671469054,-186.5946119236031,721.4708176466083,13.99459589427045,-34.94475725360189,6.925968165089946e-20
1786739746.6335707,push -Z,fast,1786739746.1800432,-467.4120563408642,-184.5057504606333,724.3224299769308,13.837931284547746,-35.05590422556533,6.94812611597586e-20
1786739746.6619544,push -Z,fast,1786739746.1800432,-464.00277603417317,-181.55220484324468,718.5970994559075,13.616415363243664,-34.80020820256328,6.910505119673316e-20
1786739746.6907442,push -Z,fast,1786739746.1800432,-464.7434436312901,-183.36135804863886,709.1851423257258,13.752101853648188,-34.85575827234696,6.871005680462549e-20
1786739746.7188702,push -Z,fast,1786739746.1800432,-462.43079444257364,-181.86599350258518,706.3880350971567,13.63994951269407,-34.68230958319309,6.865532819923164e-20
1786739746.74815,push -Z,fast,1786739746.1800432,-462.7362614483495,-181.88850182627834,708.610019853123,13.641637636971094,-34.705219608626365,6.894344598102853e-20
1786739746.7772985,push -Z,fast,1786739746.1800432,-462.5690673263721,-182.3095701950083,711.8830186434443,13.673217764626006,-34.69268004947817,6.907782749791003e-20
1786739746.8045063,push -Z,fast,1786739746.1800432,-461.88961891692634,-180.16344415143396,710.561385282932,13.512258311357623,-34.641721418769585,6.848689997755437e-20
1786739746.8330297,push -Z,fast,1786739746.1800432,-462.7509155213388,-180.2719712084006,713.4780192158678,13.5203978406302,-34.706318664100664,6.838051334880932e-20
1786739746.8611891,push -Z,fast,1786739746.1800432,-460.5501897097547,-179.64254975718256,706.2769519544945,13.473191231788963,-34.541264228231995,6.747437341574728e-20
1786739746.8896747,push -Z,fast,1786739746.1800432,-461.75890764059704,-182.2815357960369,704.9623468701093,13.671115184702852,-34.631918073044986,6.746082576443169e-20
1786739746.9182572,push -Z,fast,1786739746.1800432,-462.1607089743238,-182.96368275522116,705.1213504755733,13.722276206641784,-34.662053173074405,6.776705445198012e-20
1786739746.9465878,push -Z,fast,1786739746.1800432,-463.8403396259082,-184.02386845513104,707.4378228991063,13.801790134134965,-34.7880254719432,6.807438531527764e-20
1786739746.9750686,push -Z,fast,1786739746.1800432,-464.0383497065168,-186.21083974305407,712.7313548312613,13.965812980729158,-34.80287622798881,6.867112023587698e-20
1786739747.0034041,push -Z,fast,1786739746.1800432,-463.88141297124275,-187.6536397589873,711.2130801791454,14.074022981924248,-34.791105972843354,6.820592442322153e-20
1786739747.0319579,push -Z,fast,1786739746.1800432,-464.71805160548,-185.2222131672387,723.3899289089859,13.891665987543181,-34.85385387041108,6.891816452674674e-20
1786739747.0603778,push -Z,fast,1786739746.1800432,-462.40858703468257,-184.2991283158949,715.913339825278,13.822434623692441,-34.6806440276015,6.853756161051871e-20
1786739747.0888813,push -Z,fast,1786739746.1800432,-462.8601439557333,-183.87250434961777,714.8069120327727,13.790437826221645,-34.71451079668019,6.919780734353538e-20
1786739747.1173255,push -Z,fast,1786739746.1800432,-463.4382505246681,-186.0218065765896,709.5469727658847,13.951635493244442,-34.757868789350184,6.869990043861749e-20
1786739747.1458454,push -Z,fast,1786739746.1800432,-465.7961935569879,-185.1195079399322,715.535717134283,13.883963095495009,-34.9347145167743,6.889232417575988e-20
1786739747.1755662,push -Z,fast,1786739746.1800432,-468.62552150677357,-188.29773762046977,723.6725051572093,14.122330321535568,-35.14691411300821,6.9086615816981e-20
1786739747.202634,push -Z,fast,1786739746.1800432,-466.416244211654,-185.88222634329588,724.5612970656266,13.941166975747432,-34.98121831587412,6.893171487605561e-20
1786739747.2313027,push -Z,fast,1786739746.1800432,-467.56738173629583,-186.0487474572151,728.8726794380746,13.953656059291337,-35.067553630222335,6.93192793780211e-20
1786739747.259715,push -Z,fast,1786739746.1800432,-465.67053301125407,-184.52934204542794,718.9960371862462,13.839700653407345,-34.92528997584421,6.875309355743349e-20
1786739747.2885256,push -Z,fast,1786739746.1800432,-466.9733400994128,-186.87902307964714,709.4937509652273,14.015926730973828,-35.023000507456075,6.904560178981633e-20
1786739747.3167424,push -Z,fast,1786739746.1800432,-462.5877999954191,-186.98681385396128,697.2544489526535,14.02401103904715,-34.694084999656674,6.834373503544987e-20
1786739747.3454208,push -Z,fast,1786739746.1800432,-461.917980519871,-186.13524151500144,700.7766428232462,13.960143113625225,-34.64384853899047,6.862476679087251e-20
1786739747.3766854,push -Z,fast,1786739746.1800432,-462.6791445736362,-186.86508965532232,706.1776716918048,14.014881724149415,-34.70093584302294,6.841520153115341e-20
1786739747.4018698,push -Z,fast,1786739746.1800432,-465.10905660674825,-187.60159062477237,710.1825071305348,14.070119296857992,-34.883179245506355,6.867257814039145e-20
1786739747.4308004,push -Z,fast,1786739746.1800432,-464.925991902041,-185.76921395938268,712.0734080999418,13.932691046953959,-34.869449392653294,6.84533423084882e-20
1786739747.4588594,push -Z,fast,1786739746.1800432,-463.2487046232345,-182.70176269131662,710.5595530851233,13.702632201848832,-34.743652846742805,6.859271371782259e-20
1786739747.487192,push -Z,fast,1786739746.1800432,-461.04372523285474,-179.63097766462784,700.0346831313227,13.47232332484732,-34.578279392464324,6.800751388260469e-20
1786739747.515793,push -Z,fast,1786739746.1800432,-461.1712853612021,-179.71979553417702,703.1275271120667,13.47898466506356,-34.587846402090385,6.80888276697828e-20
1786739747.544347,push -Z,fast,1786739746.1800432,-461.5050976865841,-182.19728220066145,707.9637674279375,13.664796165049903,-34.612882326494145,6.804593275003656e-20
1786739747.5740523,push -Z,fast,1786739746.1800432,-464.03178517909646,-184.19332651895445,719.5803308465411,13.814499488921758,-34.80238388843252,6.82370673065701e-20
1786739747.6012144,push -Z,fast,1786739746.1800432,-462.5560845766199,-185.1458148530079,712.993935214754,13.885936113975706,-34.69170634324658,6.823624489499843e-20
1786739747.6297026,push -Z,fast,1786739746.1800432,-462.19227826638644,-183.86489283728918,711.8885605810474,13.789866962796975,-34.66442086997917,6.80504117590173e-20
1786739747.658191,push -Z,fast,1786739746.1800432,-461.417689261285,-184.64883015625082,708.227731667208,13.848662261719173,-34.60632669459668,6.838756243093573e-20
1786739747.6867366,push -Z,fast,1786739746.1800432,-464.3410585870465,-183.4306975486994,709.1925302310156,13.75730231615275,-34.82557939402876,6.817774639890672e-20
1786739747.7152574,push -Z,fast,1786739746.1800432,-466.00915649600165,-182.07887171636128,712.1582440526081,13.655915378727261,-34.950686737200314,6.853014499816291e-20
1786739747.7436585,push -Z,fast,1786739746.1800432,-465.0776151688674,-181.961838832367,717.7529063179518,13.647137912427585,-34.88082113766512,6.906192427153753e-20
1786739747.7722287,push -Z,fast,1786739746.1800432,-463.300963740764,-182.5922842508254,718.1554487142321,13.694421318812172,-34.74757228055754,6.88384325802548e-20
1786739747.8006756,push -Z,fast,1786739746.1800432,-462.18598069885184,-184.44613672519768,710.4322852636396,13.833460254390058,-34.663948552413935,6.862326874278726e-20
1786739747.8292887,push -Z,fast,1786739746.1800432,-464.023939605388,-183.74225123360918,711.3277597980887,13.780668842520878,-34.80179547040424,6.840327895301707e-20
1786739747.857286,push -Z,fast,1786739746.1800432,-461.7147473457644,-184.55128869792156,709.9388754330066,13.841346652344424,-34.62860605093271,6.839279136362895e-20
1786739747.886056,push -Z,fast,1786739746.1800432,-461.62238164602195,-184.90323701650323,708.5671927223102,13.867742776237943,-34.62167862345191,6.805409927667502e-20
1786739747.9144704,push -Z,fast,1786739746.1800432,-461.2114078690206,-184.72466060636577,707.733548112531,13.854349545477707,-34.59085559017674,6.759665945476156e-20
1786739747.9430616,push -Z,fast,1786739746.1800432,-463.8525752426099,-187.52897426573543,708.4726928058299,14.064673069930262,-34.788943143195965,6.797163268281865e-20
1786739747.9714813,push -Z,fast,1786739746.1800432,-465.85953063184115,-187.7066448672017,718.9528583512028,14.077998365040312,-34.93946479738838,6.859751914943047e-20
1786739747.999757,push -Z,fast,1786739746.1800432,-465.2225730297082,-188.45839615137754,713.9032859186818,14.134379711353457,-34.89169297722837,6.843559211071186e-20
1786739748.0284216,push -Z,fast,1786739746.1800432,-463.1662322054917,-183.0497920525894,717.3818254261632,13.728734403944447,-34.73746741541222,6.852695843718348e-20
1786739748.056556,push -Z,fast,1786739746.1800432,-461.70476474747284,-181.45432372725588,714.1730587015754,13.609074279544334,-34.62785735606069,6.857885864023063e-20
1786739748.085285,push -Z,fast,1786739746.1800432,-461.1396759863628,-181.52809477897563,709.855678146685,13.614607108423375,-34.58547569897742,6.867598545976253e-20
1786739748.1138089,push -Z,fast,1786739746.1800432,-464.8669640104208,-184.06044673412487,707.5049905961278,13.80453350505962,-34.86502230078177,6.885826734178537e-20
1786739748.1422093,push -Z,fast,1786739746.1800432,-465.5938644298694,-184.3778224637648,709.3879390283419,13.828336684782602,-34.919539832240524,6.846693692313672e-20
1786739748.1723676,push -Z,fast,1786739746.1800432,-467.10743632354615,-183.9527449373727,715.5623859864236,13.796455870303202,-35.033057724266314,6.819894124432231e-20
1786739748.1989498,push -Z,fast,1786739746.1800432,-464.7177072012255,-183.15592426318892,720.4260693463902,13.736694319739538,-34.85382804009213,6.826165018171468e-20
1786739748.2273705,push -Z,fast,1786739746.1800432,-463.3920297958193,-185.09049271508843,714.2176795752584,13.881786953631877,-34.754402234686594,6.821236471783999e-20
1786739748.2560782,push -Z,fast,1786739746.1800432,-462.82567502247184,-186.74401202313595,716.9920472370632,14.005800901735366,-34.71192562668565,6.862844298402856e-20
1786739748.2842658,push -Z,fast,1786739746.1800432,-463.7644086717237,-186.85114382298605,714.5370954759865,14.013835786724147,-34.78233065037948,6.871081520556043e-20
1786739748.3128457,push -Z,fast,1786739746.1800432,-464.6649230652938,-184.11248779839786,715.7140469983733,13.808436584879995,-34.84986922989744,6.852083383304346e-20
1786739748.3412507,push -Z,fast,1786739746.1800432,-464.8341128132647,-183.09042733458705,712.3246689093066,13.73178205009415,-34.86255846099505,6.911947262735531e-20
1786739748.3698227,push -Z,fast,1786739746.1800432,-466.24941156791965,-186.22062585427227,715.0943696897493,13.966546939070735,-34.96870586759415,6.948833326853915e-20
1786739748.3981729,push -Z,fast,1786739746.1800432,-465.6254478670012,-188.33584798870288,717.8229428287204,14.125188599152938,-34.92190859002515,6.976947534766633e-20
1786739748.4268467,push -Z,fast,1786739746.1800432,-466.7064120684304,-188.45886140278992,722.827701009589,14.134414605209383,-35.00298090513248,6.958904408565874e-20
1786739748.4551961,push -Z,fast,1786739746.1800432,-466.7600549511667,-185.0789795305319,721.2182233472113,13.880923464790076,-35.007004121337786,6.907837048925497e-20
1786739748.4835262,push -Z,fast,1786739746.1800432,-464.78594072789156,-184.3153667967082,713.5996227700343,13.823652509753327,-34.85894555459199,6.849712631332188e-20
1786739748.5119479,push -Z,fast,1786739746.1800432,-463.52652769600036,-183.45576460203006,708.5804700924782,13.7591823451524,-34.764489577200095,6.80002201801164e-20
1786739748.5404131,push -Z,fast,1786739746.1800432,-461.62427306668724,-183.9156872477664,706.2407306924924,13.793676543582794,-34.62182048000167,6.823990571589376e-20
1786739748.569054,push -Z,fast,1786739746.1800432,-463.9915078367271,-183.71926745402277,712.165079835384,13.778945059051868,-34.799363087754706,6.876075521506774e-20
1786739748.600375,push -Z,fast,1786739746.1800432,-465.463508211913,-183.17270072009512,720.3248394138382,13.737952554007311,-34.90976311589372,6.923203357206523e-20
1786739748.626133,push -Z,fast,1786739746.1800432,-464.49269457448645,-182.71310002314885,716.7290360320094,13.70348250173635,-34.836952093086616,6.859778654271851e-20
1786739748.654498,push -Z,fast,1786739746.1800432,-465.6232077044142,-180.45042515691625,721.923724640209,13.533781886769038,-34.92174057783128,6.924518378637679e-20
1786739748.6827688,push -Z,fast,1786739746.1800432,-463.5048948862086,-179.25072001980402,713.8012586695204,13.443804001485535,-34.76286711646581,6.82755930005047e-20
1786739748.7113626,push -Z,fast,1786739746.1800432,-465.8014131494733,-181.306603834037,719.0942637909175,13.597995287553001,-34.9351059862107,6.920847728545905e-20
1786739748.7394202,push -Z,fast,1786739746.1800432,-461.2296040370243,-182.03819594335937,704.9088235622794,13.65286469575226,-34.59222030277685,6.830375294711747e-20
1786739748.7682629,push -Z,fast,1786739746.1800432,-461.9256853928114,-184.96108228870276,703.9979012564945,13.872081171652948,-34.64442640446107,6.881745093753835e-20
1786739748.799499,push -Z,fast,1786739746.1800432,-461.4728454948372,-186.07462921929596,702.4106642031584,13.955597191447321,-34.61046341211306,6.830325019244625e-20
1786739748.8251326,push -Z,fast,1786739746.1800432,-465.9528655660615,-189.71962092309877,713.4921754752395,14.228971569232787,-34.94646491745476,6.911134954152767e-20
1786739748.8536134,push -Z,fast,1786739746.1800432,-467.77300628204694,-187.28732937092843,717.0641853827647,14.046549702819899,-35.08297547115378,6.886259048092997e-20
1786739748.8818355,push -Z,fast,1786739746.1800432,-465.84012291026147,-185.4666806545655,714.5461846302469,13.910001049092731,-34.93800921826984,6.891283262412931e-20
1786739748.9105277,push -Z,fast,1786739746.1800432,-464.3448625203023,-182.5503347010531,712.0515898733138,13.691275102579251,-34.82586468902293,6.820726948061487e-20
1786739748.938604,push -Z,fast,1786739746.1800432,-459.5038070599185,-182.9360741124483,704.2352626346137,13.720205558433673,-34.462785529494,6.783560044794585e-20
1786739748.9674091,push -Z,fast,1786739746.1800432,-462.05538244466516,-182.8144915997301,712.5380419560279,13.711086869979962,-34.65415368335003,6.853652232885387e-20
1786739748.997944,push -Z,fast,1786739746.1800432,-461.9621425654623,-186.85279242413117,707.6371249006097,14.013959431810061,-34.647160692409855,6.832772538995265e-20
1786739749.0239644,push -Z,fast,1786739746.1800432,-464.83061371104804,-188.1281796488936,712.247423073637,14.109613473667263,-34.86229602832869,6.856374860384518e-20
1786739749.0526555,push -Z,fast,1786739746.1800432,-462.75209152868683,-187.0315221343949,705.1665605483995,14.02736416007976,-34.706406864651704,6.748227695170267e-20
1786739749.0813067,push -Z,fast,1786739746.1800432,-463.19039590945613,-182.98780262985792,712.5608414500603,13.724085197239656,-34.73927969320929,6.758152978741389e-20
1786739749.1095157,push -Z,fast,1786739746.1800432,-462.1483855822885,-182.35112787155617,707.8519341390147,13.67633459036691,-34.66112891867167,6.698346369816937e-20
1786739749.1381197,push -Z,fast,1786739746.1800432,-465.9720805967113,-183.7815206436983,711.1551191447825,13.783614048277617,-34.94790604475343,6.794969681555708e-20
1786739749.1666498,push -Z,fast,1786739746.1800432,-466.3942244858272,-184.45986380513466,710.3962153302837,13.834489785385184,-34.97956683643718,6.849026766490756e-20
1786739749.194956,push -Z,fast,1786739746.1800432,-468.4037016784291,-183.92104455977517,721.4885481740357,13.794078341983475,-35.130277625882194,6.971771980136917e-20
1786739749.2234964,push -Z,fast,1786739746.1800432,-464.26891375629793,-183.65404166200994,715.0499761401561,13.77405312465108,-34.82016853172252,6.855435652459756e-20
1786739749.2518163,push -Z,fast,1786739746.1800432,-462.93752821968565,-183.70656405142165,709.918039218689,13.777992303856731,-34.72031461647661,6.793130496729314e-20
1786739749.2803175,push -Z,fast,1786739746.1800432,-461.2412948253791,-184.37572938510652,702.0060089138224,13.828179703883041,-34.59309711190356,6.722385579616562e-20
1786739749.3086898,push -Z,fast,1786739746.1800432,-460.7023799637741,-184.53419823897093,700.2652811745511,13.840064867922823,-34.55267849728321,6.705268391190305e-20
1786739749.3374116,push -Z,fast,1786739746.1800432,-461.12600056190786,-184.40296285786246,702.790759121347,13.830222214339894,-34.58445004214329,6.711260434212318e-20
1786739749.3657155,push -Z,fast,1786739746.1800432,-463.08005769806687,-185.62740087690702,711.7251869560896,13.922055065768195,-34.73100432735517,6.805521320961772e-20
1786739749.394051,push -Z,fast,1786739746.1800432,-468.31777176322976,-186.37356949638877,725.3177166812848,13.978017712229263,-35.12383288224242,6.948919358342835e-20
1786739749.4225454,push -Z,fast,1786739746.1800432,-468.4242187648888,-185.41470372808908,724.9740384220659,13.906102779606957,-35.13181640736691,6.937749119475836e-20
1786739749.4510448,push -Z,fast,1786739746.1800432,-468.35428589810635,-184.89169132811583,720.3093225057164,13.866876849608975,-35.126571442358205,6.874036340349885e-20
1786739749.4793587,push -Z,fast,1786739746.1800432,-465.10010320728134,-184.70521389848398,715.2133873542634,13.852891042386478,-34.88250774054624,6.805848323667291e-20
1786739749.5079944,push -Z,fast,1786739746.1800432,-467.1313675647052,-187.5006451811821,717.0219681363324,14.06254838858894,-35.03485256735323,6.850451107771377e-20
1786739749.5364926,push -Z,fast,1786739746.1800432,-466.8198522819789,-187.25244200394275,720.6533364445004,14.043933150295732,-35.01148892114858,6.939402811953306e-20
1786739749.5647097,push -Z,fast,1786739746.1800432,-466.67817246712275,-187.55296987800511,715.6142283474192,14.066472740850504,-35.00086293503442,6.941032247341239e-20
1786739749.5931895,push -Z,fast,1786739746.1800432,-466.5326752578412,-187.5387582837942,716.4057612217175,14.065406871284683,-34.989950644338286,6.951171549728922e-20
1786739749.6217055,push -Z,fast,1786739746.1800432,-468.5658789004201,-189.5750756453058,719.8976395000491,14.218130673398132,-35.142440917531786,6.912458620409532e-20
1786739749.6505275,push -Z,fast,1786739746.1800432,-468.5020306189449,-188.31484374938373,719.0206178395892,14.123613281203848,-35.137652296420974,6.855222823225536e-20
1786739749.6785872,push -Z,fast,1786739746.1800432,-464.47823978196266,-186.2386776241916,712.3127693700262,13.967900821814528,-34.83586798364745,6.78685573427312e-20
1786739749.7073038,push -Z,fast,1786739746.1800432,-462.08820629766933,-185.59308561032628,703.6202021952686,13.919481420774655,-34.656615472325356,6.758758274957924e-20
1786739749.7356434,push -Z,fast,1786739746.1800432,-462.31303996216184,-184.20368737046044,707.7630752550103,13.815276552784812,-34.673477997162266,6.819845029263369e-20
1786739749.7641656,push -Z,fast,1786739746.1800432,-465.85114841072254,-185.8166109151938,713.1830407181988,13.93624581863985,-34.938836130804305,6.82550408680096e-20
1786739749.792561,push -Z,fast,1786739746.1800432,-465.63578516590496,-183.6076714389352,712.5253553361781,13.770575357920162,-34.92268388744316,6.80186441748374e-20
1786739749.821125,push -Z,fast,1786739746.1800432,-465.12760112931437,-186.3840608665388,705.6842787090372,13.978804564990536,-34.88457008469887,6.778156538777468e-20
1786739749.849299,push -Z,fast,1786739746.1800432,-464.1790097453122,-185.35403111205778,706.1491825099502,13.901552333404592,-34.813425730898665,6.828913997490647e-20
1786739749.8780441,push -Z,fast,1786739746.1800432,-466.3594516608114,-183.84538402972157,711.8045847231324,13.788403802229258,-34.97695887456103,6.832266250984954e-20
1786739749.906309,push -Z,fast,1786739746.1800432,-467.080820991308,-183.76031915325177,712.5994567981588,13.78202393649406,-35.03106157434826,6.868856685948838e-20
1786739749.9347935,push -Z,fast,1786739746.1800432,-466.53155071498986,-182.2619951595143,710.0997275238888,13.669649636963701,-34.989866303624694,6.8236905213792e-20
1786739749.963061,push -Z,fast,1786739746.1800432,-464.599986863268,-186.81362129476213,703.0865294405603,14.011021597107355,-34.84499901474544,6.86234593491086e-20
1786739749.99173,push -Z,fast,1786739746.1800432,-463.0566595404762,-184.6739152445448,710.7751822184073,13.850543643341059,-34.729249465536014,6.858486539775389e-20
1786739750.0200443,push -Z,fast,1786739746.1800432,-466.6027523878838,-188.2350760285252,719.0421175749589,14.117630702139653,-34.995206429091525,6.910518405328341e-20
1786739750.0483906,push -Z,fast,1786739746.1800432,-465.06012970966776,-184.348471717116,714.2991631003806,13.82613537878392,-34.879509728225216,6.79550880537178e-20
1786739750.07711,push -Z,fast,1786739746.1800432,-464.8164096206856,-185.1037687613781,710.7009123478465,13.882782657103693,-34.86123072155174,6.773813828553363e-20
1786739750.1054602,push -Z,fast,1786739746.1800432,-461.9132007151579,-183.9402229958481,699.7141097644899,13.795516724688962,-34.643490053637024,6.756450161576781e-20
1786739750.1339931,push -Z,fast,1786739746.1800432,-463.1993984054661,-185.84622538392443,711.7762602418507,13.938466903794623,-34.73995488041026,6.899046927535956e-20
1786739750.163016,push -Z,fast,1786739746.1800432,-464.56478167667683,-186.81754500235058,712.9113695294636,14.011315875176397,-34.84235862575079,6.927285294363026e-20
1786739750.190917,push -Z,fast,1786739746.1800432,-465.20802210697275,-185.86908169181493,719.1213875666654,13.94018112688639,-34.8906016580233,6.926866683598288e-20
1786739750.2192802,push -Z,fast,1786739746.1800432,-465.0135715680726,-185.38753269160395,716.8491258980512,13.904064951870584,-34.8760178676056,6.901387933184125e-20
1786739750.247826,push -Z,fast,1786739746.1800432,-465.05446202657276,-183.6502189359162,714.4836847749648,13.77376642019409,-34.87908465199322,6.894889305476893e-20
1786739750.2761257,push -Z,fast,1786739746.1800432,-464.61398139906623,-184.92570338480903,706.2968830108139,13.869427753860972,-34.84604860493,6.957103706884126e-20
1786739750.3045068,push -Z,fast,1786739746.1800432,-465.13910485292854,-185.6774302985533,702.9234195768631,13.925807272391555,-34.88543286396981,6.912591333563907e-20
1786739750.3334494,push -Z,fast,1786739746.1800432,-465.98745351674916,-187.45209868683617,707.6608145256623,14.058907401512759,-34.94905901375635,6.895362033362908e-20
1786739750.3618379,push -Z,fast,1786739746.1800432,-464.5218062111312,-184.27007017259905,712.0316728257267,13.820255262945143,-34.839135465835085,6.812929212743263e-20
1786739750.3899958,push -Z,fast,1786739746.1800432,-464.16573606201655,-186.54347842741583,712.9026850471228,13.990760882056446,-34.81243020465133,6.775211048007548e-20
1786739750.4183943,push -Z,fast,1786739746.1800432,-465.0171849885028,-185.57487858350544,713.3425670719234,13.918115893763062,-34.87628887413784,6.757785500307646e-20
1786739750.446763,push -Z,fast,1786739746.1800432,-465.3583086504191,-186.96424685042882,711.6779649270029,14.022318513782327,-34.901873148781654,6.733397959488258e-20
1786739750.4753668,push -Z,fast,1786739746.1800432,-466.487224216507,-183.7658618047342,714.4850150341781,13.782439635355406,-34.98654181623821,6.802335699360513e-20
1786739750.5036004,push -Z,fast,1786739746.1800432,-464.22861285288263,-182.31714702365718,710.10027657298,13.67378602677459,-34.817145963966446,6.788153271445985e-20
1786739750.5323026,push -Z,fast,1786739746.1800432,-462.13027449426863,-182.4487295980506,711.3201039660398,13.683654719854044,-34.659770587070376,6.772937381628373e-20
1786739750.560607,push -Z,fast,1786739746.1800432,-459.39478504475346,-184.32037457215654,706.1537643555839,13.824028092911977,-34.45460887835682,6.757935727831929e-20
1786739750.5892432,push -Z,fast,1786739746.1800432,-460.0415696155478,-186.35262037903897,704.4663164387275,13.976446528428145,-34.50311772116626,6.765181884694331e-20
1786739750.6177547,push -Z,fast,1786739746.1800432,-465.4992432386348,-187.48332230782376,711.2207684681471,14.061249173086981,-34.91244324289784,6.858031581664901e-20
1786739750.646236,push -Z,fast,1786739746.1800432,-466.7268342727066,-183.3024938560501,713.5614436956221,13.747687039203978,-35.00451257045319,6.782952915481261e-20
1786739750.6745987,push -Z,fast,1786739746.1800432,-467.542875727263,-183.63108749995774,717.8554495031512,13.77233156249704,-35.065715679544944,6.851767921379214e-20
1786739750.7028875,push -Z,fast,1786739746.1800432,-463.8761407468196,-182.84475825262257,709.2743886758071,13.71335686894697,-34.79071055601171,6.751872368413101e-20
1786739750.7313628,push -Z,fast,1786739746.1800432,-464.11403676476493,-185.2314402980753,709.5246134726385,13.892358022355875,-34.80855275735774,6.830066124856009e-20
1786739750.7600312,push -Z,fast,1786739746.1800432,-463.6424566456608,-186.35996015614012,712.6671847745547,13.976997011710804,-34.77318424842474,6.797222619233746e-20
1786739750.7883072,push -Z,fast,1786739746.1800432,-464.38637127239326,-186.68498690827516,719.1114585098621,14.00137401812091,-34.82897784542966,6.84813683748477e-20
1786739750.8167355,push -Z,fast,1786739746.1800432,-464.0031199984087,-186.72219762688167,718.4232375420679,14.004164822016381,-34.80023399988099,6.84227142990846e-20
1786739750.8450444,push -Z,fast,1786739746.1800432,-462.6448204305666,-183.74632023701315,706.2412903514532,13.780974017776334,-34.69836153229292,6.749776411098611e-20
1786739750.8736181,push -Z,fast,1786739746.1800432,-464.3562562109373,-183.39770935597323,706.4067799975719,13.754828201698206,-34.82671921582058,6.770741054207377e-20
1786739750.9023836,push -Z,fast,1786739746.1800432,-464.43567198585333,-185.40865172168947,702.332705013443,13.905648879126996,-34.832675398939244,6.748086148876917e-20
1786739750.9305418,push -Z,fast,1786739746.1800432,-463.43551176065284,-185.21212167991519,705.4213325152577,13.890909125993826,-34.75766338204909,6.743905687594138e-20
1786739750.95908,push -Z,fast,1786739746.1800432,-461.51156317528194,-185.83535290749023,704.669823426977,13.937651468061961,-34.6133672381463,6.684546515613018e-20
1786739750.9872859,push -Z,fast,1786739746.1800432,-461.3757563848785,-183.39846954253835,706.5492423044352,13.754885215690638,-34.603181728866154,6.679871638117348e-20
1786739751.0158193,push -Z,fast,1786739746.1800432,-463.25327521652025,-185.7694527819733,715.0756513829647,13.932708958648288,-34.743995641239025,6.807350713763127e-20
1786739751.0443172,push -Z,fast,1786739746.1800432,-465.26328717243905,-186.69915542993317,713.5424682512357,14.00243665724513,-34.89474653793316,6.884169462669917e-20
1786739751.0728774,push -Z,fast,1786739746.1800432,-467.1608661889227,-187.4000086455785,716.6899529296879,14.055000648418567,-35.037064964169346,6.85344594047079e-20
1786739751.1012046,push -Z,fast,1786739746.1800432,-470.79637603071205,-188.1560964506059,714.3384659195872,14.11170723379568,-35.3097282023038,6.846538359423205e-20
1786739751.1296523,push -Z,fast,1786739746.1800432,-467.0557310983322,-186.49211190393646,707.1582839097391,13.986908392795488,-35.02917983237514,6.785071581261313e-20
1786739751.158174,push -Z,fast,1786739746.1800432,-467.21937380189956,-188.633131293544,708.6301597669935,14.147484847015864,-35.041453035142666,6.95948305101988e-20
1786739751.1866972,push -Z,fast,1786739746.1800432,-466.35080412652724,-188.1941021841244,712.0586592241643,14.114557663809624,-34.97631030948966,6.978442133353546e-20
1786739751.2149696,push -Z,fast,1786739746.1800432,-471.04733460045145,-188.49553159800723,724.8894574911656,14.137164869850768,-35.328550095034046,7.070984456503082e-20
1786739751.2434227,push -Z,fast,1786739746.1800432,-469.32653023386547,-184.311677511908,725.518386872167,13.823375813393358,-35.19948976754004,6.94459998450747e-20
1786739751.2722366,push -Z,fast,1786739746.1800432,-465.6255361569524,-183.15867914530247,715.2996190441618,13.736900935897754,-34.921915211771655,6.831942138509338e-20
1786739751.3003538,push -Z,fast,1786739746.1800432,-462.4999185544689,-182.05243169897676,706.4053402239342,13.653932377423434,-34.68749389158544,6.784031988874385e-20
1786739751.3289113,push -Z,fast,1786739746.1800432,-462.7974200948438,-186.04507740027498,700.3770101090695,13.953380805020831,-34.70980650711347,6.76254227943654e-20
1786739751.3572361,push -Z,fast,1786739746.1800432,-463.86834690882006,-188.83728105364128,705.2278724512562,14.162796079023291,-34.790126018161686,6.864542439200103e-20
1786739751.3870425,push -Z,fast,1786739746.1800432,-466.14062123628264,-189.47990021844885,715.0762120199151,14.210992516383865,-34.960546592721414,6.908054894963111e-20
1786739751.414454,push -Z,fast,1786739746.1800432,-467.030379580558,-187.8876984471334,722.0592423026164,14.0915773835352,-35.027278468541994,6.948227192562946e-20
1786739751.442672,push -Z,fast,1786739746.1800432,-466.38254788433005,-184.67335682222142,721.8840953659083,13.850501761666958,-34.978691091324976,6.851398824904222e-20
1786739751.471273,push -Z,fast,1786739746.1800432,-465.5434149993298,-185.86377525525438,713.6079776392562,13.939783144144254,-34.91575612495005,6.787433132596729e-20
1786739751.4994867,push -Z,fast,1786739746.1800432,-465.53390978720154,-188.09807994459686,705.4270901811169,14.107355995844951,-34.91504323404022,6.830190368430351e-20
1786739751.5281587,push -Z,fast,1786739746.1800432,-466.4194794518462,-189.30851920371117,704.704855573962,14.1981389402785,-34.98146095888874,6.843506271968715e-20
1786739751.5566137,push -Z,fast,1786739746.1800432,-464.24623548906993,-188.9616706128062,704.8195445260708,14.172125295960665,-34.81846766168045,6.869730555515038e-20
1786739751.5862613,push -Z,fast,1786739746.1800432,-464.599636129391,-187.89229807035997,716.8321183524558,14.091922355277209,-34.84497270970455,6.897377653794914e-20
1786739751.6135101,push -Z,fast,1786739746.1800432,-464.96851503753396,-186.09420496371183,722.5894628467713,13.95706537227844,-34.87263862781523,6.858603360391125e-20
1786739751.6420543,push -Z,fast,1786739746.1800432,-465.9340189050017,-187.01754113792606,722.1014022864665,14.026315585344673,-34.945051417875405,6.883558448246283e-20
1786739751.670388,push -Z,fast,1786739746.1800432,-466.11887159914295,-185.9727171179884,716.6969300539686,13.947953783849425,-34.95891536993583,6.833793196609773e-20
1786739751.6990163,push -Z,fast,1786739746.1800432,-466.34563255508056,-186.7084890337842,715.5951503283286,14.003136677534155,-34.97592244163118,6.90111444204354e-20
1786739751.7273037,push -Z,fast,1786739746.1800432,-467.84817215564726,-185.03804168516967,719.9222372076192,13.877853126387873,-35.08861291167383,6.907425902543999e-20
1786739751.7558906,push -Z,fast,1786739746.1800432,-466.1971747704174,-187.52977273269823,717.3019906389127,14.064732954952671,-34.96478810778144,6.899228966791232e-20
1786739751.785018,push -Z,fast,1786739746.1800432,-465.97776432369574,-187.11708662874855,716.6538645197334,14.033781497156387,-34.94833232427743,6.929758541724787e-20
1786739751.8129528,push -Z,fast,1786739746.1800432,-464.8178241498149,-188.49873076190943,711.8423635614845,14.137404807143387,-34.861336811236306,6.836371977099796e-20
1786739751.8412623,push -Z,fast,1786739746.1800432,-465.282236231913,-185.43388031365532,712.1203172042506,13.907541023524441,-34.89616771739367,6.812234900450636e-20
1786739751.8695536,push -Z,fast,1786739746.1800432,-463.60689010265287,-186.0625078096772,703.9098823856402,13.954688085726016,-34.77051675769916,6.772795957908638e-20
1786739751.8981977,push -Z,fast,1786739746.1800432,-464.23737751989665,-185.98046579294373,701.2620590335173,13.948534934471052,-34.8178033139925,6.846689845993461e-20
1786739751.9268613,push -Z,fast,1786739746.1800432,-464.0466978787881,-185.81768070751514,699.885628448751,13.936326053063976,-34.80350234090949,6.829496723527695e-20
1786739751.9552405,push -Z,fast,1786739746.1800432,-465.69623123193105,-188.21872942121968,701.2470428787556,14.116404706591663,-34.927217342394854,6.843200274993805e-20
1786739751.9851246,push -Z,fast,1786739746.1800432,-462.9235278149308,-184.792280390953,700.8285146682883,13.859421029321634,-34.71926458611995,6.78117156043467e-20
1786739752.0121982,push -Z,fast,1786739746.1800432,-464.26711456536987,-187.2403523025814,704.9243635615658,14.043026422693746,-34.82003359240281,6.822175779754456e-20
1786739752.0408435,push -Z,fast,1786739746.1800432,-463.77734672082397,-184.12312371171504,708.1541021462635,13.809234278378849,-34.78330100406206,6.788376349731271e-20
1786739752.069051,push -Z,fast,1786739746.1800432,-464.6657851185596,-184.82265521113197,714.4500607476066,13.861699140835103,-34.84993388389217,6.852458776961307e-20
1786739752.0974805,push -Z,fast,1786739746.1800432,-462.12342731692615,-180.45298758287413,711.0070671629519,13.533974068715796,-34.65925704876969,6.796815721739686e-20
1786739752.1257823,push -Z,fast,1786739746.1800432,-461.5143738892457,-180.3300208122057,710.798199731692,13.524751560915679,-34.613578041693664,6.85370886895404e-20
1786739752.1542578,push -Z,fast,1786739746.1800432,-465.1296379575756,-183.90567528937072,712.7606719045552,13.79292564670303,-34.884722846818406,6.912649835551905e-20
1786739752.1838107,push -Z,fast,1786739746.1800432,-468.6624218593179,-186.77846055633324,717.3194998585286,14.008384541725324,-35.14968163944898,6.981509831195758e-20
1786739752.2113261,push -Z,fast,1786739746.1800432,-469.7491631447883,-186.52205025619946,718.8470243337188,13.989153769215132,-35.23118723585921,6.919596880687192e-20
1786739752.2399073,push -Z,fast,1786739746.1800432,-468.09741009581194,-187.88848855815218,713.2275273386449,14.091636641861673,-35.107305757186076,6.819861913250714e-20
1786739752.26833,push -Z,fast,1786739746.1800432,-463.84327566618504,-185.7229112668457,707.6920571184064,13.929218345013691,-34.788245674963925,6.686642641774268e-20
1786739752.2966855,push -Z,fast,1786739746.1800432,-462.09045652515624,-183.0683960888814,704.237297007804,13.730129706666151,-34.656784239386866,6.678388416888213e-20
1786739752.324919,push -Z,fast,1786739746.1800432,-460.668601921901,-180.6287120554656,701.4904175228348,13.547153404160273,-34.55014514414271,6.729349985382858e-20
1786739752.3533766,push -Z,fast,1786739746.1800432,-463.79716445773465,-184.27787951562186,705.17266600334,13.820840963671774,-34.784787334330105,6.893293072982611e-20
1786739752.3823507,push -Z,fast,1786739746.1800432,-466.32123967692496,-188.06336832529325,709.6699349775126,14.104752624397324,-34.97409297576958,6.941659610791442e-20
1786739752.410538,push -Z,fast,1786739746.1800432,-468.7058784314745,-189.38616571323428,713.4731995395878,14.203962428492705,-35.152940882360795,6.882602392318743e-20
1786739752.4390476,push -Z,fast,1786739746.1800432,-466.4732148444223,-187.52995047652325,711.078758069968,14.06474628573945,-34.98549111333179,6.848742401107154e-20
1786739752.467254,push -Z,fast,1786739746.1800432,-465.6673336267527,-185.60333253694273,710.8963773486257,13.920249940270796,-34.92505002200659,6.84131128484861e-20
1786739752.4959064,push -Z,fast,1786739746.1800432,-465.18480474879516,-183.06940219055082,714.348640408245,13.730205164291608,-34.88886035615987,6.852370072089985e-20
1786739752.524197,push -Z,fast,1786739746.1800432,-464.84465808250434,-182.71953224747324,711.9633672206091,13.703964918560732,-34.86334935618805,6.782112400599137e-20
1786739752.5525985,push -Z,fast,1786739746.1800432,-464.35922983933324,-185.24732778540215,709.4129302751244,13.893549583905408,-34.82694223795015,6.749069309125788e-20
1786739752.5810761,push -Z,fast,1786739746.1800432,-462.5909922869423,-186.21788295837348,709.734571180772,13.966341221878178,-34.694324421520896,6.738976258379305e-20
1786739752.609807,push -Z,fast,1786739746.1800432,-463.77197222815175,-185.41960846713164,712.4884870360966,13.906470635035124,-34.78289791711167,6.781989499915454e-20
1786739752.6382499,push -Z,fast,1786739746.1800432,-462.77044730587704,-185.89860238148765,709.0038268370718,13.942395178611886,-34.70778354794104,6.80747954686405e-20
1786739752.6664793,push -Z,fast,1786739746.1800432,-463.87706485217905,-185.83643677013208,704.7814793150637,13.937732757760049,-34.79077986391356,6.807140069061245e-20
1786739752.69501,push -Z,fast,1786739746.1800432,-463.9291850768841,-186.4331284940174,704.4139222539252,13.982484637051446,-34.794688880766444,6.804635958664075e-20
1786739752.7234366,push -Z,fast,1786739746.1800432,-464.9718416840551,-187.26314246764093,705.7006204322806,14.04473568507331,-34.87288812630432,6.842462751321366e-20
1786739752.752019,push -Z,fast,1786739746.1800432,-464.22930090289674,-187.64131145227907,706.1279172225331,14.073098358921168,-34.81719756771738,6.857248828113393e-20
1786739752.7804399,push -Z,fast,1786739746.1800432,-464.41720119021284,-189.62046327381074,708.4557995584337,14.221534745536022,-34.83129008926615,6.862661825609675e-20
1786739752.8091402,push -Z,fast,1786739746.1800432,-464.0834096696117,-185.25510579553793,708.602665779762,13.894132934665553,-34.80625572522102,6.790574749946513e-20
1786739752.8374076,push -Z,fast,1786739746.1800432,-466.48425381757534,-185.45074375987133,712.4387969325526,13.908805781990598,-34.986319036318484,6.79594286299307e-20
1786739752.8658187,push -Z,fast,1786739746.1800432,-467.07021874952125,-184.53040242612497,708.5840919353241,13.83978018195955,-35.03026640621423,6.746368965687874e-20
1786739752.894362,push -Z,fast,1786739746.1800432,-467.6599952868032,-187.04795629294654,709.9764193881983,14.028596721971173,-35.07449964651048,6.766534052310664e-20
1786739752.9225726,push -Z,fast,1786739746.1800432,-463.83222878307333,-186.38921797842738,703.664829521309,13.979191348382276,-34.78741715873084,6.727113999031111e-20
1786739752.951228,push -Z,fast,1786739746.1800432,-462.71657586477886,-184.35599313698265,706.0864053627447,13.826699485273995,-34.70374318985864,6.755621464095006e-20
1786739752.9794924,push -Z,fast,1786739746.1800432,-462.932461350063,-184.84677202392038,712.7382732764518,13.86350790179424,-34.7199346012548,6.846254924085156e-20
1786739753.0079079,push -Z,fast,1786739746.1800432,-463.38671513660165,-184.33562197506023,712.8498505721609,13.825171648129764,-34.75400363524523,6.876164542275211e-20
1786739753.0362878,push -Z,fast,1786739746.1800432,-465.0223510159235,-185.34282746753274,720.1473637704703,13.900712060065107,-34.876676326194335,6.973705906004752e-20
1786739753.0647373,push -Z,fast,1786739746.1800432,-464.06461987443026,-185.07299289531318,710.6284882535865,13.880474467148677,-34.80484649058236,6.88816967727037e-20
1786739753.0932374,push -Z,fast,1786739746.1800432,-465.7786125632274,-184.7040807876682,716.3003109479505,13.852806059075402,-34.93339594224213,6.943770847906377e-20
1786739753.1217208,push -Z,fast,1786739746.1800432,-463.47345312316975,-184.4280519271199,707.3310343392168,13.832103894534196,-34.760508984237894,6.829990845218664e-20
1786739753.1506908,push -Z,fast,1786739746.1800432,-463.0723981440465,-183.0746276047554,711.2699948547042,13.730597070356882,-34.73042986080365,6.834467254214125e-20
1786739753.1789837,push -Z,fast,1786739746.1800432,-464.258039327196,-185.8257665218291,710.8920162650656,13.936932489137515,-34.81935294953986,6.861209928847299e-20
1786739753.2089415,push -Z,fast,1786739746.1800432,-466.01816363669786,-185.94607443048415,713.6991865347645,13.945955582286498,-34.95136227275248,6.886326545403098e-20
1786739753.2358491,push -Z,fast,1786739746.1800432,-468.45735998714645,-187.32329731631137,727.2301983333464,14.049247298723575,-35.13430199903621,6.9351041978045e-20
1786739753.264031,push -Z,fast,1786739746.1800432,-467.7529228314529,-185.38010656484994,724.8147831854994,13.903507992363952,-35.081469212359046,6.867327602352559e-20
1786739753.29253,push -Z,fast,1786739746.1800432,-467.91860112829954,-184.6428679820334,730.752135107583,13.848215098652563,-35.09389508462274,6.914059794773664e-20
1786739753.32135,push -Z,fast,1786739746.1800432,-466.8050673989892,-185.86603045804725,717.0849739510568,13.939952284353698,-35.01038005492442,6.877774187043338e-20
1786739753.3497012,push -Z,fast,1786739746.1800432,-466.5175994455831,-184.00408699557192,719.3412808981602,13.800306524667977,-34.98881995841894,6.842679382277943e-20
1786739753.3778646,push -Z,fast,1786739746.1800432,-466.94947572741376,-187.18910279084673,717.2614333222837,14.039182709313739,-35.021210679556276,6.844502127257555e-20
1786739753.4080174,push -Z,fast,1786739746.1800432,-466.40188616970954,-184.7218974403205,718.6166321596311,13.854142308024212,-34.98014146272849,6.864452015838364e-20
1786739753.4350748,push -Z,fast,1786739746.1800432,-466.47783375292966,-186.60610094821948,719.3144631652085,13.995457571116663,-34.985837531469876,6.930227865403757e-20
1786739753.463419,push -Z,fast,1786739746.1800432,-463.8205750406182,-183.5297186377985,709.6322193211299,13.76472889783508,-34.78654312804653,6.846704767213647e-20
1786739753.4918382,push -Z,fast,1786739746.1800432,-464.19006572717853,-182.93708509125588,710.1700429477596,13.720281381844405,-34.81425492953859,6.874190371033586e-20
1786739753.5202298,push -Z,fast,1786739746.1800432,-462.409973447674,-183.74533355934102,705.8292825657209,13.7809000169507,-34.680748008575684,6.792685788610834e-20
1786739753.5485997,push -Z,fast,1786739746.1800432,-462.6452728480708,-184.57854192235004,707.2338174631986,13.843390644176477,-34.69839546360554,6.850545664952356e-20
1786739753.577069,push -Z,fast,1786739746.1800432,-463.5651814015828,-186.13245032870134,706.3871689389644,13.959933774652821,-34.76738860511889,6.807591626541292e-20
1786739753.6065953,push -Z,fast,1786739746.1800432,-464.6687803644513,-185.78066248342827,713.4109499793503,13.933549686257418,-34.85015852733398,6.916596126174045e-20
1786739753.6341233,push -Z,fast,1786739746.1800432,-465.0537538036874,-187.23577822603522,711.2727993695753,14.04268336695284,-34.87903153527672,6.840121119315153e-20
1786739753.6623166,push -Z,fast,1786739746.1800432,-462.49152422239285,-184.58939343550583,708.725111016467,13.844204507663239,-34.68686431667975,6.787599948110171e-20
1786739753.691037,push -Z,fast,1786739746.1800432,-465.9747787387828,-184.93799160633432,708.759830054053,13.870349370475392,-34.948108405408895,6.753285239391133e-20
1786739753.719363,push -Z,fast,1786739746.1800432,-465.5656222523885,-182.93534982378617,712.0778646546887,13.720151236784137,-34.91742166892923,6.729494914039385e-20
1786739753.7480283,push -Z,fast,1786739746.1800432,-466.2123534273651,-184.17076319730882,716.0604774127178,13.812807239798321,-34.96592650705249,6.780618124262655e-20
1786739753.7762635,push -Z,fast,1786739746.1800432,-461.4322766780847,-182.64271954147694,713.4760817387996,13.698203965611075,-34.60742075085656,6.73020038056551e-20
1786739753.8046885,push -Z,fast,1786739746.1800432,-463.3906400597343,-184.65931129738897,720.1860050642708,13.849448347304357,-34.75429800448012,6.907452889375273e-20
1786739753.8333793,push -Z,fast,1786739746.1800432,-465.4364080513292,-185.85820180263272,723.5522593767391,13.939365135197736,-34.90773060384988,6.911548444846605e-20
1786739753.861954,push -Z,fast,1786739746.1800432,-466.7557676534275,-188.27425527135176,720.0759730757554,14.12056914535157,-35.00668257400706,6.936534011287852e-20
1786739753.8900788,push -Z,fast,1786739746.1800432,-465.8577203850805,-185.66205349438223,717.5394303901476,13.924654012078893,-34.93932902888108,6.775135284347251e-20
1786739753.9186015,push -Z,fast,1786739746.1800432,-465.71091632029857,-184.87227627662605,708.7778264705503,13.865420720747078,-34.92831872402253,6.724807689484149e-20
1786739753.9471061,push -Z,fast,1786739746.1800432,-464.8309498738636,-182.07880938173537,705.0350646574516,13.655910703630422,-34.862321240540034,6.698841482208301e-20
1786739753.9754922,push -Z,fast,1786739746.1800432,-465.8578910854685,-183.79627876445238,705.0955550073668,13.784720907334322,-34.93934183141042,6.745388269311504e-20
1786739754.0055442,push -Z,fast,1786739746.1800432,-463.25700923435943,-184.35354325177866,707.3600210217492,13.826515743883636,-34.744275692577204,6.735252254309667e-20
1786739754.0323896,push -Z,fast,1786739746.1800432,-464.7948365055863,-183.71897959597743,716.6209344498166,13.778923469698643,-34.85961273791915,6.74103920628986e-20
1786739754.0607643,push -Z,fast,1786739746.1800432,-462.89424118373563,-183.50119637368323,711.786243285469,13.762589728026374,-34.717068088780316,6.722799432653078e-20
1786739754.089215,push -Z,fast,1786739746.1800432,-465.0377383644209,-184.55713437752104,712.7980291159574,13.841785078314313,-34.87783037733178,6.737106799756461e-20
1786739754.1181173,push -Z,fast,1786739746.1800432,-462.68917602424426,-184.2146507284159,707.3536648842437,13.816098804631327,-34.70168820181855,6.760867853778258e-20
1786739754.146456,push -Z,fast,1786739746.1800432,-463.09287400102494,-185.11406504048546,709.1122739285329,13.883554878036609,-34.73196555007699,6.789501891063696e-20
1786739754.1747708,push -Z,fast,1786739746.1800432,-464.5084122548137,-184.3017751719584,718.9449115970901,13.82263313789706,-34.83813091911135,6.882334471938187e-20
1786739754.2032545,push -Z,fast,1786739746.1800432,-468.3410917597389,-188.65531016404395,727.2500822124366,14.14914826230358,-35.12558188198054,6.899532150531856e-20
1786739754.231656,push -Z,fast,1786739746.1800432,-468.689402314933,-190.40980121889004,726.9972500397944,14.280735091416997,-35.151705173620186,6.87047000722281e-20
1786739754.2599611,push -Z,fast,1786739746.1800432,-466.2274152531004,-192.22213460637,717.4922657261759,14.416660095478004,-34.967056143982816,6.813182309328022e-20
1786739754.288411,push -Z,fast,1786739746.1800432,-463.9813269502861,-187.88003928947637,716.9643469627244,14.091002946710983,-34.79859952127151,6.870857371893041e-20
1786739754.317039,push -Z,fast,1786739746.1800432,-465.6992667412651,-187.47596587001397,719.7829599875367,14.060697440251257,-34.92744500559507,6.960675766184224e-20
1786739754.345295,push -Z,fast,1786739746.1800432,-465.3242951339771,-185.68557040707788,717.5092801742903,13.92641778053115,-34.89932213504851,6.91265271486246e-20
1786739754.3739815,push -Z,fast,1786739746.1800432,-464.8669427601162,-188.15465727147568,712.6623547428835,14.11159929536095,-34.86502070700894,6.875906749124874e-20
1786739754.402401,push -Z,fast,1786739746.1800432,-463.22954989606933,-187.12220693074119,709.5654053667704,14.034165519805708,-34.74221624220538,6.796178291582759e-20
1786739754.4306853,push -Z,fast,1786739746.1800432,-464.74361205415835,-187.51783857768385,712.7248434465228,14.063837893326617,-34.85577090406199,6.861339519605124e-20
1786739754.4591584,push -Z,fast,1786739746.1800432,-465.40507538798556,-184.42641130302036,710.512856673723,13.83198084772685,-34.90538065409917,6.803983528925753e-20
1786739754.4874895,push -Z,fast,1786739746.1800432,-466.78588446935873,-182.4449881634016,712.7394958058558,13.68337411225529,-35.00894133520215,6.818514983434653e-20
1786739754.516025,push -Z,fast,1786739746.1800432,-464.46352331929666,-180.07687911232233,708.6395450650962,13.505765933424247,-34.8347642489475,6.777548426869198e-20
1786739754.5445302,push -Z,fast,1786739746.1800432,-465.8843142609262,-184.3452851619154,710.061062018719,13.825896387143725,-34.94132356956965,6.819242174951157e-20
1786739754.5730183,push -Z,fast,1786739746.1800432,-465.6908511644833,-187.59742886270544,708.753788613828,14.06980716470311,-34.926813837336255,6.817829638371706e-20
1786739754.60188,push -Z,fast,1786739746.1800432,-467.4886332585238,-187.27508622403047,715.612968354696,14.045631466802543,-35.061647494389504,6.872969457205204e-20
1786739754.629806,push -Z,fast,1786739746.1800432,-467.1035046489683,-188.7378641215911,713.4910735058584,14.155339809119749,-35.03276284867289,6.82648837069067e-20
1786739754.65838,push -Z,fast,1786739746.1800432,-465.93522394293313,-185.64436321096116,713.1816419017487,13.92332724082235,-34.945141795720104,6.838611131542052e-20
1786739754.6867507,push -Z,fast,1786739746.1800432,-465.84942627689315,-186.49622508950858,713.4564532020122,13.987216881713525,-34.93870697076721,6.795163002877244e-20
1786739754.7153645,push -Z,fast,1786739746.1800432,-464.16729823096966,-182.76351325505664,716.418602912654,13.707263494129496,-34.812547367322935,6.803016834894547e-20
1786739754.7435427,push -Z,fast,1786739746.1800432,-466.0638534100476,-184.10208556730834,721.2978583914592,13.807656417548468,-34.9547890057538,6.837121987207144e-20
1786739754.7720392,push -Z,fast,1786739746.1800432,-465.5672048640313,-184.1359259534389,720.9706357072564,13.81019444650796,-34.91754036480241,6.850320638558232e-20
1786739754.8007095,push -Z,fast,1786739746.1800432,-465.6309219157647,-184.24259912529203,723.585011663532,13.818194934397138,-34.92231914368258,6.888906491031184e-20
1786739754.8291502,push -Z,fast,1786739746.1800432,-465.43472708338595,-182.7763109040385,720.6455411836714,13.708223317803121,-34.90760453125424,6.865857413524506e-20
1786739754.8576608,push -Z,fast,1786739746.1800432,-465.6485377045451,-182.68447359638822,717.2423366258181,13.701335519729387,-34.92364032784109,6.883054409824492e-20
1786739754.886012,push -Z,fast,1786739746.1800432,-465.2743502291564,-183.8315522449583,709.6994289018749,13.787366418372375,-34.89557626718688,6.822337041142569e-20
1786739754.914161,push -Z,fast,1786739746.1800432,-464.8250050760107,-183.88497320389672,718.4245516024421,13.791372990292526,-34.861875380700894,6.900883279649487e-20
1786739754.9431274,push -Z,fast,1786739746.1800432,-464.12807089994885,-184.9231108060568,718.0565916187315,13.869233310454543,-34.809605317496235,6.864386057402467e-20
1786739754.9714181,push -Z,fast,1786739746.1800432,-465.21476794717955,-182.70596611894496,722.1019501867077,13.702947458921205,-34.89110759603871,6.890008091249264e-20
1786739755.001059,push -Z,fast,1786739746.1800432,-464.7580786007625,-183.68014093835063,715.4356917406412,13.776010570376567,-34.85685589505742,6.821770148185406e-20
1786739755.0281801,push -Z,fast,1786739746.1800432,-465.88211524020335,-184.09367515044028,717.1720480927515,13.807025636283274,-34.94115864301553,6.858766748947243e-20
1786739755.056545,push -Z,fast,1786739746.1800432,-467.16027153999266,-186.53074757172863,717.380622603072,13.98980606787983,-35.03702036549974,6.885955831129407e-20
1786739755.0849035,push -Z,fast,1786739746.1800432,-467.1986944598998,-186.26048507144924,711.3324837838481,13.969536380359106,-35.03990208449271,6.90779030367632e-20
1786739755.1134849,push -Z,fast,1786739746.1800432,-465.9316314876978,-186.31456870097952,708.6814402841983,13.97359265257364,-34.94487236157757,6.886017412484078e-20
1786739755.1419463,push -Z,fast,1786739746.1800432,-463.2586712276152,-183.42359569786038,710.0340300025537,13.756769677339864,-34.74440034207135,6.830212167708664e-20
1786739755.170552,push -Z,fast,1786739746.1800432,-462.26560834787097,-182.31889929281033,710.6496287164073,13.673917446960967,-34.669920626090594,6.755781831825913e-20
1786739755.1988974,push -Z,fast,1786739746.1800432,-463.6049392906393,-182.03966546709034,717.7669254038856,13.652974910032096,-34.77037044679802,6.794362598646221e-20
1786739755.22725,push -Z,fast,1786739746.1800432,-465.6196493018533,-185.47257740846078,713.6831017977811,13.910443305634761,-34.92147369763909,6.811927400391798e-20
1786739755.2559452,push -Z,fast,1786739746.1800432,-465.50999751622794,-186.6923974349154,717.4395941555968,14.00192980761894,-34.913249813717215,6.851155491666355e-20
1786739755.2841403,push -Z,fast,1786739746.1800432,-464.78057202951004,-186.51639468674955,707.1008550682263,13.988729601506368,-34.858542902213486,6.793349573371972e-20
1786739755.3127332,push -Z,fast,1786739746.1800432,-463.9443644781809,-182.22825758793147,709.5663190024798,13.667119319095047,-34.79582733586365,6.807137785370698e-20
1786739755.3411949,push -Z,fast,1786739746.1800432,-466.197349959255,-183.39467948128254,712.8220163324995,13.75460096109629,-34.964801246944376,6.826500398641286e-20
1786739755.369682,push -Z,fast,1786739746.1800432,-466.06505329687025,-183.2691819197072,718.5497754040416,13.745188643978299,-34.954878997265425,6.834926336595101e-20
1786739755.3979073,push -Z,fast,1786739746.1800432,-466.6521670905654,-186.04945983209507,722.87039927344,13.953709487407384,-34.99891253179259,6.928824829396334e-20
1786739755.4294045,push -Z,fast,1786739746.1800432,-463.86799835595593,-184.04518068405218,713.7686300168143,13.80338855130405,-34.7900998766969,6.879950246994249e-20
1786739755.454963,push -Z,fast,1786739746.1800432,-465.3114429676293,-183.60239006164932,715.060269067928,13.77017925462388,-34.89835822257248,6.875561489474021e-20
1786739755.4837103,push -Z,fast,1786739746.1800432,-467.17036155694086,-184.5406325941409,708.1687618693904,13.840547444560702,-35.0377771167707,6.816747457157575e-20
1786739755.512092,push -Z,fast,1786739746.1800432,-468.11841741605804,-186.04624611381848,711.8992998049634,13.953468458536609,-35.10888130620452,6.841364969742269e-20
1786739755.5404255,push -Z,fast,1786739746.1800432,-465.92406964729116,-186.6254506035417,707.5679409175009,13.996908795265778,-34.944305223547,6.82762846987127e-20
1786739755.5688128,push -Z,fast,1786739746.1800432,-462.71142932517205,-187.63113083728058,708.985955814389,14.072334812796317,-34.70335719938819,6.797958106740623e-20
1786739755.5976162,push -Z,fast,1786739746.1800432,-464.04509602756434,-185.08381609714945,716.1042128898953,13.881286207286376,-34.80338220206759,6.852181397330126e-20
1786739755.6284306,push -Z,fast,1786739746.1800432,-465.32761250678095,-185.22897278508128,719.4048761934746,13.892172958881186,-34.89957093800886,6.898701356467827e-20
1786739755.6541784,push -Z,fast,1786739746.1800432,-465.94692100347856,-182.01248154958728,723.2486973419109,13.650936116219182,-34.94601907526092,6.915391935791609e-20
1786739755.6824734,push -Z,fast,1786739746.1800432,-466.4470555573316,-183.31260868314644,716.1458534822177,13.748445651236064,-34.98352916680002,6.841697763340416e-20
1786739755.7109532,push -Z,fast,1786739746.1800432,-465.8518488353766,-183.98117809965754,713.8267941413296,13.798588357474717,-34.93888866265358,6.818076931577571e-20
1786739755.7392085,push -Z,fast,1786739746.1800432,-466.51060127984465,-184.96248833356935,714.3525110752953,13.872186625017992,-34.98829509598844,6.857678275036913e-20
1786739755.7678819,push -Z,fast,1786739746.1800432,-463.92151283365774,-185.43577583452725,712.9804439166928,13.907683187589708,-34.794113462524685,6.88316863629716e-20
1786739755.7963793,push -Z,fast,1786739746.1800432,-465.09925951522564,-184.95216382153978,715.4814731968372,13.871412286615776,-34.88244446364191,6.922272394898637e-20
1786739755.8272443,push -Z,fast,1786739746.1800432,-466.3355224679108,-187.4138843829851,713.436729073358,14.056041328724195,-34.97516418509346,6.92473106212409e-20
1786739755.8534925,push -Z,fast,1786739746.1800432,-467.8039143850069,-185.83797295965462,721.1058002241034,13.937847971974303,-35.085293578875756,6.982080949343005e-20
1786739755.881462,push -Z,fast,1786739746.1800432,-466.5420749531404,-186.0619649135906,717.6306560059011,13.95464736851945,-34.99065562148557,6.933209132290155e-20
1786739755.909912,push -Z,fast,1786739746.1800432,-464.34640703424793,-182.26716671207248,716.304310612898,13.670037503405656,-34.825980527568646,6.857850521932886e-20
1786739755.9383056,push -Z,fast,1786739746.1800432,-464.90012115557784,-183.64028855387994,716.2050607355168,13.773021641541103,-34.86750908666853,6.881915026547335e-20
1786739755.9670455,push -Z,fast,1786739746.1800432,-464.30313932702575,-183.7235742264379,714.7659946007034,13.779268066982997,-34.82273544952714,6.855905030854916e-20
1786739755.9952996,push -Z,fast,1786739746.1800432,-464.75810510033716,-183.8632513594173,716.3845032221952,13.789743851956526,-34.85685788252549,6.876724925913883e-20
1786739756.0257528,push -Z,fast,1786739746.1800432,-464.2635665973112,-185.23232260386953,713.1459035694561,13.89242419529047,-34.81976749479831,6.83212302330907e-20
1786739756.0522704,push -Z,fast,1786739746.1800432,-465.3864824543489,-184.83163806063874,716.8943846503325,13.862372854548102,-34.90398618407624,6.886446170402405e-20
1786739756.0805633,push -Z,fast,1786739746.1800432,-464.4923963259739,-186.2961344159196,716.2278096857181,13.97221008119416,-34.8369297244481,6.879736027603475e-20
1786739756.1091032,push -Z,fast,1786739746.1800432,-463.9435214881196,-184.29613168945366,717.8424082008851,13.822209876709383,-34.79576411160916,6.857020764798831e-20
1786739756.1373825,push -Z,fast,1786739746.1800432,-461.9557146531092,-184.3102677832578,709.7384358276313,13.823270083744514,-34.64667859898329,6.835438138975801e-20
1786739756.1658182,push -Z,fast,1786739746.1800432,-462.24250739189256,-183.8254239551494,705.0616620153969,13.786906796636469,-34.66818805439229,6.821795965045517e-20
1786739756.1944103,push -Z,fast,1786739746.1800432,-463.7784400777455,-185.77954180818017,705.1218678039459,13.93346563561364,-34.783383005831254,6.843588406516772e-20
1786739756.2250106,push -Z,fast,1786739746.1800432,-466.06637167827967,-184.97477380363443,709.9422659476504,13.87310803527269,-34.95497787587109,6.815938753136666e-20
1786739756.2513363,push -Z,fast,1786739746.1800432,-467.0410149396648,-184.71246279629997,721.1823918748878,13.853434709722766,-35.02807612047522,6.935638811211086e-20
1786739756.2800674,push -Z,fast,1786739746.1800432,-464.064959958102,-182.04790049497615,718.207136024701,13.65359253712344,-34.80487199685776,6.889864825426765e-20
1786739756.3083503,push -Z,fast,1786739746.1800432,-463.5142827052523,-181.7819212963907,720.266107356716,13.633644097229546,-34.763571202894056,6.936979369704195e-20
1786739756.336447,push -Z,fast,1786739746.1800432,-462.5042877205792,-183.02840386862079,706.9102771464277,13.7271302901468,-34.687821579043515,6.802325378542798e-20
1786739756.3651197,push -Z,fast,1786739746.1800432,-464.1794971907384,-185.13868859557965,704.2097292028993,13.88540164466863,-34.8134622893056,6.828817767003887e-20
1786739756.393587,push -Z,fast,1786739746.1800432,-464.4903500020082,-183.74952297079187,706.0911464546753,13.781214222809535,-34.8367762501507,6.812490459006098e-20
1786739756.4227982,push -Z,fast,1786739746.1800432,-465.08415097218494,-182.7255284542831,714.3580177723725,13.704414634071437,-34.881311322914094,6.832764075378912e-20
1786739756.4503279,push -Z,fast,1786739746.1800432,-465.14151953502505,-183.2522224907667,719.35741456306,13.743916686807697,-34.88561396512696,6.822537027169686e-20
1786739756.4786816,push -Z,fast,1786739746.1800432,-465.3866885140401,-186.97112481649174,716.5647032720699,14.022834361237106,-34.90400163855326,6.817666224692487e-20
1786739756.5072184,push -Z,fast,1786739746.1800432,-465.65890713916406,-188.82706914736798,714.7296165565258,14.162030186052835,-34.92441803543751,6.865499637376279e-20
1786739756.535828,push -Z,fast,1786739746.1800432,-464.5620826812037,-187.49707037502242,709.3681340218691,14.062280278126824,-34.84215620109047,6.830975879736999e-20
1786739756.5641975,push -Z,fast,1786739746.1800432,-465.46525915630764,-185.57298436816507,712.6959351848218,13.917973827612482,-34.909894436723256,6.809943251869095e-20
1786739756.5926297,push -Z,fast,1786739746.1800432,-464.6631228114229,-183.40475922252347,716.2678190244897,13.755356941689609,-34.849734210856845,6.756379431449844e-20
1786739756.6220105,push -Z,fast,1786739746.1800432,-464.2750289677665,-183.8336986907873,721.4426024090762,13.787527401809296,-34.820627172582746,6.757262861186919e-20
1786739756.6496208,push -Z,fast,1786739746.1800432,-464.3937526840218,-188.41406457167727,715.4947697661228,14.13105484287598,-34.829531451301904,6.777587252868769e-20
1786739756.678104,push -Z,fast,1786739746.1800432,-465.3447134780299,-189.30343606813176,711.9800937640002,14.197757705110103,-34.90085351085257,6.794447328163309e-20
1786739756.7065175,push -Z,fast,1786739746.1800432,-463.97335471702854,-188.75313274897712,702.1155503411101,14.15648495617351,-34.798001603777266,6.72010852243021e-20
1786739756.7350395,push -Z,fast,1786739746.1800432,-461.1358379913204,-185.43272750072856,698.2224045563553,13.907454562554971,-34.58518784934933,6.707291715438308e-20
1786739756.763382,push -Z,fast,1786739746.1800432,-463.6677815552266,-185.75607907311928,703.550072321229,13.931705930484252,-34.7750836166421,6.744481900295918e-20
1786739756.7919064,push -Z,fast,1786739746.1800432,-465.20518397046226,-186.17799722360678,711.6031068194952,13.963349791770657,-34.8903887977848,6.871691993026389e-20
1786739756.8229067,push -Z,fast,1786739746.1800432,-465.7457357604826,-184.32250455128667,722.386783265857,13.824187841346717,-34.93093018203645,6.951575945782481e-20
1786739756.8487144,push -Z,fast,1786739746.1800432,-462.6770025694841,-182.7880666798825,714.9042519826144,13.709105000991432,-34.700775192711454,6.917244929483867e-20
1786739756.8771663,push -Z,fast,1786739746.1800432,-465.37840433264273,-182.15077089008082,714.6004827822035,13.661307816756189,-34.90338032494822,6.867878428730137e-20
1786739756.9054556,push -Z,fast,1786739746.1800432,-467.04400693807656,-181.81743104909856,711.4369332668894,13.636307328682616,-35.02830052035589,6.789781692085119e-20
1786739756.933883,push -Z,fast,1786739746.1800432,-467.3898413078459,-183.60159257213775,715.0239554159652,13.770119442910595,-35.05423809808867,6.801831626179951e-20
1786739756.9623036,push -Z,fast,1786739746.1800432,-465.22188283859396,-186.94934314488705,712.7296289360283,14.021200735866802,-34.89164121289474,6.827018978325492e-20
1786739756.9910412,push -Z,fast,1786739746.1800432,-465.13960234989645,-187.99060455513904,715.0800595586561,14.099295341635692,-34.88547017624238,6.867922683273851e-20
1786739757.0192716,push -Z,fast,1786739746.1800432,-467.5862658126648,-188.75537563819796,721.9035985770915,14.156653172865173,-35.06896993595009,6.952283745219297e-20
1786739757.047718,push -Z,fast,1786739746.1800432,-468.4852199680772,-184.74514846524755,721.8309473136187,13.855886134893684,-35.13639149760614,6.920255578464839e-20
1786739757.0762937,push -Z,fast,1786739746.1800432,-469.3449078059057,-186.26849379467046,718.0077244964305,13.970137034600388,-35.20086808544301,6.840677253106802e-20
1786739757.1046371,push -Z,fast,1786739746.1800432,-466.50854561030974,-183.4323751003801,707.9583598973695,13.757428132528691,-34.988140920773624,6.74205587895937e-20
1786739757.1332972,push -Z,fast,1786739746.1800432,-464.48157669379134,-184.49463211799002,703.0986155321534,13.83709740884947,-34.83611825203458,6.728079616559962e-20
1786739757.161622,push -Z,fast,1786739746.1800432,-462.1728001310498,-182.56983954979728,706.0208187388316,13.692737966234812,-34.66296000982885,6.8054372749804e-20
1786739757.1900222,push -Z,fast,1786739746.1800432,-462.0780987074854,-184.13781307628665,711.2508085259878,13.810335980721636,-34.655857403061574,6.850373694745571e-20
1786739757.2199414,push -Z,fast,1786739746.1800432,-463.5174732232749,-185.03490889172326,720.3516235229899,13.87761816687939,-34.763810491745765,6.903666311788163e-20
1786739757.2467384,push -Z,fast,1786739746.1800432,-462.765889417944,-184.61334339850544,718.9845297976544,13.846000754888077,-34.70744170634587,6.842190504353826e-20
1786739757.2752388,push -Z,fast,1786739746.1800432,-466.572047430594,-186.34242641540118,718.2171681612999,13.975681981155216,-34.99290355729486,6.836719031492813e-20
1786739757.3036864,push -Z,fast,1786739746.1800432,-465.52735770237723,-184.23225662780953,716.0021323733799,13.817419247086026,-34.91455182767865,6.815665946403645e-20
1786739757.3321953,push -Z,fast,1786739746.1800432,-468.5900494599382,-188.5844333610022,715.4259582909508,14.14383250207528,-35.144253709495466,6.871479122502378e-20
1786739757.3605018,push -Z,fast,1786739746.1800432,-463.38047312668823,-188.8060706450567,705.9168629837586,14.1604552983795,-34.75353548450192,6.811841849103543e-20
1786739757.389032,push -Z,fast,1786739746.1800432,-464.0806142920319,-188.91950046892669,707.174696408184,14.168962535169786,-34.806046071902664,6.821958481920156e-20
1786739757.4174726,push -Z,fast,1786739746.1800432,-464.56031792968497,-187.60372423684157,714.3027562202205,14.070279317763362,-34.84202384472668,6.885588639481772e-20
1786739757.446025,push -Z,fast,1786739746.1800432,-465.5868549447018,-185.13027008858398,718.7571604057575,13.884770256643957,-34.91901412085289,6.898498249528473e-20
1786739757.4743476,push -Z,fast,1786739746.1800432,-464.1696797058821,-187.25263012658786,712.7588662127346,14.04394725949425,-34.81272597794148,6.83847328835109e-20
1786739757.502837,push -Z,fast,1786739746.1800432,-460.79145471250877,-185.39927586493593,702.3757919662839,13.904945689870349,-34.559359103438304,6.72616220687814e-20
1786739757.531361,push -Z,fast,1786739746.1800432,-460.3470703494695,-186.1286210611222,697.2217530364278,13.959646579584348,-34.526030276210406,6.678600314072133e-20
1786739757.5599196,push -Z,fast,1786739746.1800432,-460.01140260733155,-185.92321446618723,695.6784159949921,13.944241084964165,-34.500855195550045,6.67648294758088e-20
1786739757.5882359,push -Z,fast,1786739746.1800432,-461.4751731152487,-186.8266840290337,701.8288092021885,14.01200130217779,-34.61063798364385,6.711381809226068e-20
1786739757.616847,push -Z,fast,1786739746.1800432,-462.3687039955098,-188.17093687576005,709.6965376740427,14.112820265682156,-34.677652799663505,6.780268284487756e-20
1786739757.6451943,push -Z,fast,1786739746.1800432,-464.8401427904555,-186.5003354823275,717.9274773665366,13.987525161174691,-34.86301070928438,6.899426966836946e-20
1786739757.673867,push -Z,fast,1786739746.1800432,-467.5302508895247,-184.7647336152968,721.7483510993634,13.857355021147303,-35.06476881671471,6.928663196609156e-20
1786739757.7019775,push -Z,fast,1786739746.1800432,-466.6438843492233,-182.76911804658175,719.3247055732681,13.707683853493908,-34.998291326192,6.897102392713115e-20
1786739757.730997,push -Z,fast,1786739746.1800432,-465.4716754884744,-183.3405381244279,713.7446236502992,13.750540359332408,-34.91037566163571,6.843643813383008e-20
1786739757.7589874,push -Z,fast,1786739746.1800432,-462.94828801570475,-185.87517956637578,708.4794209820957,13.940638467478312,-34.72112160117805,6.898927926770614e-20
1786739757.7875214,push -Z,fast,1786739746.1800432,-463.2206771960891,-185.25901915026998,705.4358245553703,13.894426436270425,-34.74155078970695,6.884170296866635e-20
1786739757.8193953,push -Z,fast,1786739746.1800432,-463.97411167799646,-186.17460207926035,707.4782936204219,13.963095155944817,-34.798058375849834,6.897039603061014e-20
1786739757.844554,push -Z,fast,1786739746.1800432,-463.09114687729107,-184.9042365341278,705.7358463852806,13.867817740059738,-34.731836015796894,6.799577400966401e-20
1786739757.8729784,push -Z,fast,1786739746.1800432,-464.01246269342255,-185.01662224338304,708.1211283868724,13.876246668253945,-34.800934702006714,6.837121354157438e-20
1786739757.901461,push -Z,fast,1786739746.1800432,-464.14129991042046,-184.16864414574582,711.9285389315937,13.812648310931184,-34.81059749328171,6.82398779619525e-20
1786739757.9298701,push -Z,fast,1786739746.1800432,-463.8542035184987,-184.4103698088885,709.4614551866671,13.830777735666832,-34.7890652638876,6.853330454121764e-20
1786739757.9583225,push -Z,fast,1786739746.1800432,-464.0700110044809,-185.8515601695383,711.8617980693907,13.938867012715438,-34.80525082533621,6.865523579765637e-20
1786739757.9868023,push -Z,fast,1786739746.1800432,-463.7391526876354,-186.1859598180847,709.0074607163469,13.963946986356515,-34.78043645157305,6.935478279795846e-20
1786739758.0170379,push -Z,fast,1786739746.1800432,-462.6975941780429,-185.53157007374693,713.9505993514831,13.914867755531287,-34.702319563353434,6.910657344787997e-20
1786739758.0435567,push -Z,fast,1786739746.1800432,-464.0644979460003,-186.35643161660732,718.1748182423398,13.976732371245792,-34.80483734595032,6.932727049403285e-20
1786739758.0722587,push -Z,fast,1786739746.1800432,-463.8298539503894,-185.76851397917278,716.6813040474608,13.932638548438181,-34.7872390462792,6.86652460068871e-20
1786739758.1005614,push -Z,fast,1786739746.1800432,-465.1364348830507,-185.14751905186336,712.1909856969032,13.886063928889985,-34.88523261622899,6.865104482735587e-20
1786739758.1290958,push -Z,fast,1786739746.1800432,-464.6882383495058,-184.27214196576767,709.3831300754127,13.820410647432833,-34.85161787621313,6.873824813274426e-20
1786739758.157617,push -Z,fast,1786739746.1800432,-466.43336183490874,-185.26061216175322,712.8894323392224,13.894545912131786,-34.98250213761834,6.875242707318533e-20
1786739758.1859689,push -Z,fast,1786739746.1800432,-466.01454424566646,-185.33437414086893,710.845140221928,13.900078060565274,-34.951090818425016,6.851009429443603e-20
1786739758.2164469,push -Z,fast,1786739746.1800432,-466.1357624284383,-184.48934841193318,712.2610239975402,13.836701130895054,-34.96018218213308,6.875785239948513e-20
1786739758.2429662,push -Z,fast,1786739746.1800432,-464.6672440776101,-185.74952471908114,708.3248517627526,13.931214353931399,-34.850043305820904,6.843778002037207e-20
1786739758.2717988,push -Z,fast,1786739746.1800432,-464.5863978002599,-182.84232525475363,711.8878788310312,13.713174394106755,-34.84397983501973,6.842220254446889e-20
1786739758.2999263,push -Z,fast,1786739746.1800432,-463.0173543189071,-183.16488560809307,709.7342999971906,13.737366420607184,-34.72630157391822,6.775791915436766e-20
1786739758.3283432,push -Z,fast,1786739746.1800432,-462.1032662794355,-180.79604298868594,706.1713183455595,13.55970322415163,-34.65774497095775,6.763839447212585e-20
1786739758.3565361,push -Z,fast,1786739746.1800432,-462.6538647252296,-186.01126450561048,708.1444795902162,13.950844837921057,-34.699039854392446,6.811123498336518e-20
1786739758.385284,push -Z,fast,1786739746.1800432,-462.60880173198484,-185.66080194288043,706.8676695482563,13.924560145716246,-34.695660129899075,6.822066674339842e-20
1786739758.416731,push -Z,fast,1786739746.1800432,-464.16320755159177,-186.01433601723045,715.0161676776579,13.951075201292522,-34.81224056636959,6.868488837602617e-20
1786739758.4423647,push -Z,fast,1786739746.1800432,-466.10361794566825,-185.19180392072985,716.8976514648921,13.889385294054843,-34.95777134592527,6.878183084149771e-20
1786739758.4707344,push -Z,fast,1786739746.1800432,-467.83435442152677,-185.44627613708747,718.6613311595247,13.908470710281708,-35.087576581614684,6.855407634003048e-20
1786739758.4988475,push -Z,fast,1786739746.1800432,-466.21612184696414,-187.05692127875705,712.7250052691761,14.029269095907008,-34.96620913852246,6.818255202464718e-20
1786739758.5274818,push -Z,fast,1786739746.1800432,-464.1308727631399,-185.14469778385762,702.9386033256369,13.885852333789575,-34.809815457235736,6.773790660643962e-20
1786739758.5559022,push -Z,fast,1786739746.1800432,-465.03903897970895,-187.58393751092876,703.9385607863587,14.068795313320091,-34.877927923478246,6.795257508327061e-20
1786739758.5846224,push -Z,fast,1786739746.1800432,-467.14788862898695,-187.4697434563476,708.8849593192135,14.06023075922636,-35.0360916471741,6.832115493295924e-20
1786739758.613794,push -Z,fast,1786739746.1800432,-468.6572100488679,-187.89287241085333,718.5018927008232,14.091965430814131,-35.14929075366525,6.853201324218772e-20
1786739758.641302,push -Z,fast,1786739746.1800432,-466.1006080336988,-185.92933481032924,718.994667967474,13.9447001107748,-34.95754560252763,6.865509114909871e-20
1786739758.6697555,push -Z,fast,1786739746.1800432,-465.3222982632883,-184.92179130113243,714.435046517995,13.86913434758517,-34.89917236974675,6.839511638115403e-20
1786739758.6982753,push -Z,fast,1786739746.1800432,-466.0612016482132,-187.92634977408477,714.4955265289136,14.094476233056493,-34.95459012361609,6.870542768971106e-20
1786739758.7266824,push -Z,fast,1786739746.1800432,-465.0510180311453,-186.33630560843267,708.961019008123,13.975222920632678,-34.87882635233599,6.840469940706986e-20
1786739758.7549086,push -Z,fast,1786739746.1800432,-465.96949091104216,-187.38341877759922,712.2827639436382,14.053756408320101,-34.94771181832833,6.889124028374006e-20
1786739758.783329,push -Z,fast,1786739746.1800432,-462.0017292175876,-184.26067932314857,705.7791855953337,13.819550949236518,-34.65012969131924,6.797866782886119e-20
1786739758.8122113,push -Z,fast,1786739746.1800432,-464.2433139619234,-186.07125098676602,710.8742373588084,13.955343824007588,-34.818248547144286,6.809785122813049e-20
1786739758.8404233,push -Z,fast,1786739746.1800432,-463.8627285617149,-185.44058770161564,710.0385114698165,13.90804407762133,-34.7897046421288,6.772207473992396e-20
1786739758.868799,push -Z,fast,1786739746.1800432,-466.04787383531857,-186.26872890031132,713.400534480118,13.970154667523463,-34.953590537649056,6.855390571369176e-20
1786739758.8974888,push -Z,fast,1786739746.1800432,-464.9676747261251,-186.38281693574174,708.6494011324739,13.978711270180856,-34.872575604459435,6.833819415570997e-20
1786739758.9256723,push -Z,fast,1786739746.1800432,-464.27187670506555,-186.41048857478825,701.7424371046482,13.98078664310933,-34.820390752880066,6.811823313476041e-20
1786739758.954152,push -Z,fast,1786739746.1800432,-462.9818725445193,-186.13989993698658,697.6125609295686,13.960492495274213,-34.72364044083908,6.781698572563426e-20
1786739758.9825945,push -Z,fast,1786739746.1800432,-465.1220763152219,-187.07629116093062,702.0955785864826,14.030721837069951,-34.884155723641584,6.829562978749098e-20
1786739759.0109055,push -Z,fast,1786739746.1800432,-468.4322996205933,-186.12932334596496,717.5856302775346,13.959699250947548,-35.13242247154465,6.891640111077642e-20
1786739759.0394347,push -Z,fast,1786739746.1800432,-469.76841507634435,-185.68254456598584,723.5407589880988,13.926190842449113,-35.2326311307259,6.899042146804167e-20
1786739759.06801,push -Z,fast,1786739746.1800432,-468.3767500899812,-183.3762781235955,721.705446136194,13.753220859269792,-35.12825625674883,6.874472338035375e-20
1786739759.0964942,push -Z,fast,1786739746.1800432,-465.1593334162999,-183.61874944631097,710.3280982118968,13.77140620847349,-34.886950006222754,6.850508003155895e-20
1786739759.1249416,push -Z,fast,1786739746.1800432,-465.3418433713282,-183.055146521599,709.1563262537711,13.72913598912017,-34.90063825284984,6.825674397556911e-20
1786739759.153433,push -Z,fast,1786739746.1800432,-463.54191462476956,-181.59738455058903,706.224288265922,13.619803841294537,-34.76564359685776,6.824763900396039e-20
1786739759.1818175,push -Z,fast,1786739746.1800432,-462.524762318847,-181.7645870907437,706.6308714387387,13.632344031805903,-34.68935717391363,6.791475590283465e-20
1786739759.2101455,push -Z,fast,1786739746.1800432,-462.5879706976307,-183.97038912714015,704.8784223014982,13.79777918453576,-34.69409780232254,6.805594963581641e-20
1786739759.238769,push -Z,fast,1786739746.1800432,-465.6976375371755,-187.87337579778716,715.7377809318014,14.090503184834123,-34.92732281528834,6.888770920964886e-20
1786739759.267308,push -Z,fast,1786739746.1800432,-465.43873746760164,-186.57083793730737,713.0184329033418,13.992812845298193,-34.90790531007039,6.88611434101183e-20
1786739759.2955718,push -Z,fast,1786739746.1800432,-465.48985757854325,-185.87565971379138,715.720145854677,13.94067447853448,-34.91173931839088,6.917416609798146e-20
1786739759.3240876,push -Z,fast,1786739746.1800432,-462.6035816524527,-183.1724807131775,705.9562894015453,13.737936053488465,-34.695268623934226,6.816701278003651e-20
1786739759.352642,push -Z,fast,1786739746.1800432,-465.18229763631234,-187.6303152119042,715.7673932604539,14.072273640892963,-34.88867232272371,6.907626522282301e-20
1786739759.3807323,push -Z,fast,1786739746.1800432,-466.1769290780817,-189.12400881908002,719.4239010641795,14.184300661431262,-34.96326968085619,6.958592944858788e-20
1786739759.4091809,push -Z,fast,1786739746.1800432,-465.04702116611315,-189.03814691750085,714.3408198363923,14.177861018812724,-34.87852658745882,6.930816107006561e-20
1786739759.4403267,push -Z,fast,1786739746.1800432,-466.33562842205356,-188.58925321467302,713.2995797511339,14.144193991100796,-34.9751721316542,6.868171675548305e-20
1786739759.4664361,push -Z,fast,1786739746.1800432,-466.4593287803782,-187.8101525270289,716.6830006724631,14.085761439527385,-34.98444965852864,6.883106194508202e-20
1786739759.4946141,push -Z,fast,1786739746.1800432,-466.7349211313058,-187.25869960632917,714.0581381297025,14.04440247047496,-35.00511908484817,6.810687946202325e-20
1786739759.5233583,push -Z,fast,1786739746.1800432,-461.5997725277448,-186.3506512335897,710.3713004437268,13.976298842519402,-34.61998293958121,6.815183083676579e-20
1786739759.5515468,push -Z,fast,1786739746.1800432,-457.8583902697201,-186.01925503987138,694.3831972290727,13.951444127990602,-34.33937927022915,6.67461952722924e-20
1786739759.5800369,push -Z,fast,1786739746.1800432,-459.64661145982245,-187.52937588271834,705.7277852934403,14.064703191203986,-34.473495859486796,6.843539709074967e-20
1786739759.6088064,push -Z,fast,1786739746.1800432,-463.381730682891,-186.9776524043906,705.2877216536572,14.023323930329507,-34.75362980121697,6.908091004665158e-20
1786739759.6370037,push -Z,fast,1786739746.1800432,-465.6599176473883,-186.23087862917316,718.3332896532665,13.967315897188048,-34.92449382355425,6.919991953293553e-20
1786739759.6655347,push -Z,fast,1786739746.1800432,-467.03159815175286,-188.08104131262667,714.0255706247808,14.106078098447323,-35.02736986138154,6.830346495911019e-20
1786739759.694115,push -Z,fast,1786739746.1800432,-466.09560557221903,-183.61255176464158,715.7802556113529,13.770941382348287,-34.95717041791656,6.709698977916551e-20
1786739759.7223349,push -Z,fast,1786739746.1800432,-464.570084541263,-184.7798169339262,705.8844883184256,13.85848627004481,-34.84275634059493,6.699447983032714e-20
1786739759.7508519,push -Z,fast,1786739746.1800432,-463.26884412511936,-182.64014043240843,712.2185982309929,13.698010532430697,-34.74516330938409,6.757863906705507e-20
1786739759.779195,push -Z,fast,1786739746.1800432,-461.1469057912868,-186.72855797496413,710.1159404672417,14.00464184812262,-34.586017934346735,6.791794041087656e-20
1786739759.8072813,push -Z,fast,1786739746.1800432,-463.85407789737974,-186.61812821280944,712.5094456090774,13.996359615961044,-34.7890558423036,6.849437185464441e-20
1786739759.8383927,push -Z,fast,1786739746.1800432,-465.69579265757966,-186.91438063503824,712.9010453725186,14.018578547628035,-34.9271844493187,6.901841424478807e-20
1786739759.8644922,push -Z,fast,1786739746.1800432,-467.86777045692725,-186.09361966592826,720.1884074936315,13.957021474944778,-35.09008278426987,6.954647130213045e-20
1786739759.89259,push -Z,fast,1786739746.1800432,-469.9919301685027,-186.04369517594068,729.2484476325862,13.953277138195784,-35.24939476263773,6.961870057707061e-20
1786739759.921215,push -Z,fast,1786739746.1800432,-469.7641374503978,-187.84983090998355,723.2599533033062,14.08873731824912,-35.23231030878016,6.880244066289922e-20
1786739759.9496064,push -Z,fast,1786739746.1800432,-468.4840319039313,-188.17718517472258,715.5803744302084,14.113288888104531,-35.13630239279505,6.758609069198863e-20
1786739759.9781504,push -Z,fast,1786739746.1800432,-465.8794934623288,-187.88994438476414,720.5318341670754,14.091745828857587,-34.94096200967489,6.87807958765122e-20
1786739760.0068238,push -Z,fast,1786739746.1800432,-465.2039289541708,-189.5108078961573,715.9333357183377,14.213310592212,-34.8902946715632,6.906119277039825e-20
1786739760.0377028,push -Z,fast,1786739746.1800432,-465.17766585030176,-188.68416667696806,718.4447632327265,14.151312500772793,-34.88832493877284,7.01593678039831e-20
1786739760.0633686,push -Z,fast,1786739746.1800432,-466.6890145503344,-186.79737931740203,718.5662610947202,14.009803448805354,-35.001676091275364,6.976906817900425e-20
1786739760.0916865,push -Z,fast,1786739746.1800432,-466.2330387897964,-184.91299027073808,723.1119567587675,13.868474270305537,-34.96747790923505,6.94469385856026e-20
1786739760.1201358,push -Z,fast,1786739746.1800432,-468.2286108804228,-186.16317636734198,723.7876627048172,13.962238227550774,-35.11714581603193,6.910724472031806e-20
1786739760.1489203,push -Z,fast,1786739746.1800432,-466.0937934560043,-187.33092625720667,713.3127596585382,14.049819469290835,-34.95703450920043,6.883591361186444e-20
1786739760.1771944,push -Z,fast,1786739746.1800432,-465.7847976467774,-185.24384196045378,716.3618779777617,13.893288147034244,-34.933859823508534,6.91529208116345e-20
1786739760.2058084,push -Z,fast,1786739746.1800432,-465.11962186473056,-183.53020647821006,712.9102761910463,13.764765485865954,-34.883971639854956,6.871082051651062e-20
1786739760.236743,push -Z,fast,1786739746.1800432,-465.69285986154046,-183.3476483248279,715.9049434896224,13.751073624362494,-34.92696448961584,6.822050523731328e-20
1786739760.262481,push -Z,fast,1786739746.1800432,-465.1532337883932,-184.60642838746594,719.7507749746619,13.845482129060127,-34.88649253412979,6.849364012706151e-20
1786739760.291095,push -Z,fast,1786739746.1800432,-465.95022209711124,-184.2619944982879,723.1694654242883,13.819649587371803,-34.94626665728352,6.881210267336893e-20
1786739760.3195066,push -Z,fast,1786739746.1800432,-468.5011588949883,-186.45725827684078,721.1811118831229,13.984294370763362,-35.137586917124196,6.929779819459701e-20
1786739760.3477755,push -Z,fast,1786739746.1800432,-467.26668016485064,-184.6748018768452,712.8715687396434,13.850610140763646,-35.04500101236383,6.855061550789191e-20
1786739760.3764439,push -Z,fast,1786739746.1800432,-466.4382498828686,-187.1572240670921,712.5698011974255,14.036791805032106,-34.98286874121531,6.895696545204319e-20
1786739760.4048903,push -Z,fast,1786739746.1800432,-463.4844380875111,-185.62105988930443,707.7799751425828,13.92157949169815,-34.76133285656362,6.850261034687829e-20
1786739760.4344265,push -Z,fast,1786739746.1800432,-466.12319959257593,-186.778214534394,712.3011042969165,14.008366090079708,-34.959239969443395,6.87252214933893e-20
1786739760.4613671,push -Z,fast,1786739746.1800432,-466.60251627489924,-186.40576341647056,719.3394491597755,13.980432256235463,-34.99518872061763,6.896701900321067e-20
1786739760.4901628,push -Z,fast,1786739746.1800432,-467.59375421731465,-185.67676213386972,727.1596532887088,13.925757160040366,-35.069531566298785,6.914188717433902e-20
1786739760.518332,push -Z,fast,1786739746.1800432,-467.8878551416824,-187.5016943894061,725.4598808945093,14.062627079205658,-35.09158913562626,6.899092418783498e-20
1786739760.547222,push -Z,fast,1786739746.1800432,-466.43951520864084,-185.9453133915248,716.3239681139357,13.945898504364475,-34.98296364064823,6.87543042846429e-20
1786739760.5752642,push -Z,fast,1786739746.1800432,-467.15619263136614,-186.51460825442018,717.5632293607196,13.988595619081703,-35.03671444735267,6.890784969985737e-20
1786739760.6036463,push -Z,fast,1786739746.1800432,-467.28901739334015,-183.73347656357612,723.5755280908334,13.780010742268484,-35.046676304500636,6.954130137645029e-20
1786739760.6326602,push -Z,fast,1786739746.1800432,-468.8488485421126,-186.30085523621574,722.2405949540444,13.972564142716326,-35.16366364065846,6.887578550138684e-20
1786739760.6609921,push -Z,fast,1786739746.1800432,-471.4409366045984,-187.2666935500257,728.1440985871395,14.045002016252159,-35.35807024534496,6.918109953917046e-20
1786739760.689422,push -Z,fast,1786739746.1800432,-469.3926057232484,-186.07413600544226,727.5039136691375,13.95556020040831,-35.20444542924383,6.80943165601087e-20
1786739760.7176387,push -Z,fast,1786739746.1800432,-471.7251158588979,-183.53006784890727,736.2106259433958,13.764755088668391,-35.37938368941752,6.851963155349934e-20
1786739760.7460384,push -Z,fast,1786739746.1800432,-466.06364753758544,-179.74437045420393,717.5217373907517,13.480827784065749,-34.95477356531921,6.741332380919995e-20
1786739760.7743561,push -Z,fast,1786739746.1800432,-468.29433415153653,-180.60732093818615,716.9563843429951,13.545549070364249,-35.122075061365365,6.860289774222531e-20
1786739760.8027275,push -Z,fast,1786739746.1800432,-463.33142309016284,-181.140268147538,707.0661272573761,13.585520111065488,-34.74985673176239,6.787853344247179e-20
1786739760.8311753,push -Z,fast,1786739746.1800432,-464.6083957920405,-184.08295711965354,714.5729697540764,13.806221783974298,-34.84562968440328,6.798947352310655e-20
1786739760.8596737,push -Z,fast,1786739746.1800432,-463.07776455273006,-186.17244993913664,715.7324846625324,13.962933745435532,-34.73083234145508,6.755443772491793e-20
1786739760.8883042,push -Z,fast,1786739746.1800432,-465.93191759495176,-186.31770244648635,721.873692880531,13.973827683486757,-34.94489381962147,6.842668882806017e-20
1786739760.9166188,push -Z,fast,1786739746.1800432,-467.4960840324152,-183.82652438781076,724.604953547997,13.786989329086087,-35.06220630243129,6.846888266242846e-20
1786739760.9453614,push -Z,fast,1786739746.1800432,-462.7032417467185,-180.1350750925801,706.3121653776543,13.510130631943756,-34.70274313100412,6.755278313281956e-20
1786739760.9738493,push -Z,fast,1786739746.1800432,-463.250052337115,-178.79484826119517,705.6333047200915,13.409613619589823,-34.74375392528387,6.735000436028254e-20
1786739761.0023482,push -Z,fast,1786739746.1800432,-461.314807499316,-180.98123668603637,707.647805542394,13.573592751453017,-34.59861056244881,6.75198983224339e-20
1786739761.031153,push -Z,fast,1786739746.1800432,-465.8733700139778,-183.77036328947884,720.37447744767,13.782777246711031,-34.9405027510487,6.841363995411287e-20
1786739761.059123,push -Z,fast,1786739746.1800432,-464.8264573809629,-183.24610133459817,723.3523968391964,13.743457600095002,-34.86198430357247,6.911689727369569e-20
1786739761.0873969,push -Z,fast,1786739746.1800432,-464.60585690220523,-179.57781329952707,716.0055298381103,13.468335997464681,-34.84543926766566,6.845092048998483e-20
1786739761.1161892,push -Z,fast,1786739746.1800432,-467.22475429576616,-181.72955613548368,714.5873259795117,13.629716710161535,-35.04185657218269,6.83940155641778e-20
1786739761.1443262,push -Z,fast,1786739746.1800432,-465.5856848455137,-181.49139956308545,701.3415586379178,13.61185496723171,-34.918926363413775,6.7152029640241e-20
1786739761.1727026,push -Z,fast,1786739746.1800432,-467.23828144963954,-185.5604091146737,702.785840050381,13.917030683600732,-35.042871108723155,6.75928589243146e-20
1786739761.201216,push -Z,fast,1786739746.1800432,-465.1078115018486,-185.54445150950733,698.8034242404265,13.915833863213226,-34.883085862638914,6.813523328594291e-20
1786739761.2294202,push -Z,fast,1786739746.1800432,-466.76557591053415,-186.63281760861707,712.503994731589,13.99746132064644,-35.00741819328994,6.85580836720575e-20
1786739761.257947,push -Z,fast,1786739746.1800432,-465.1336032143072,-186.11321664224795,715.1587899467877,13.95849124816878,-34.885020241073185,6.856774007587936e-20
1786739761.286525,push -Z,fast,1786739746.1800432,-466.5753243680806,-186.0668746341181,722.4892597448907,13.955015597559122,-34.99314932760611,6.866406475175346e-20
1786739761.3148572,push -Z,fast,1786739746.1800432,-466.5794910649556,-186.58272305337653,718.1731843401831,13.993704229003324,-34.993461829871826,6.912832775653902e-20
1786739761.3432155,push -Z,fast,1786739746.1800432,-467.8278022877689,-186.11753972879524,715.5337770792275,13.958815479659737,-35.087085171582736,6.957229173255733e-20
1786739761.3716462,push -Z,fast,1786739746.1800432,-464.74975269008746,-182.12855750761707,709.902667854316,13.659641813071612,-34.85623145175666,6.864273421641746e-20
1786739761.4001486,push -Z,fast,1786739746.1800432,-464.0046226210861,-182.7636916989677,707.7526423450199,13.707276877422803,-34.80034669658177,6.838943518191058e-20
1786739761.4291859,push -Z,fast,1786739746.1800432,-463.5043283406785,-182.4480872404223,708.248126751927,13.68360654303186,-34.76282462555111,6.773053568231958e-20
1786739761.4571745,push -Z,fast,1786739746.1800432,-468.3394619602286,-188.2963202948439,718.1325641109806,14.122224022113517,-35.12545964701737,6.855359262214475e-20
1786739761.4855106,push -Z,fast,1786739746.1800432,-465.713236598569,-186.68619141168836,717.11907019095,14.00146435587681,-34.92849274489285,6.791738568530184e-20
1786739761.5140657,push -Z,fast,1786739746.1800432,-467.3730538429586,-186.31027320352052,717.7625680987767,13.973270490264373,-35.05297903822208,6.794013494406106e-20
1786739761.542482,push -Z,fast,1786739746.1800432,-462.48690034158517,-181.6841493494802,709.854853856018,13.626311201211305,-34.686517525619045,6.676789793031749e-20
1786739761.5707753,push -Z,fast,1786739746.1800432,-464.92111179389894,-182.49838685124462,709.8688960563768,13.687379013843529,-34.869083384542684,6.713525627197464e-20
1786739761.599414,push -Z,fast,1786739746.1800432,-463.6691744287159,-182.95413023422896,713.2971837563573,13.721559767567303,-34.775188082153775,6.772306485296672e-20
1786739761.6279414,push -Z,fast,1786739746.1800432,-464.43478299387334,-183.1733080460532,717.719763833893,13.737998103454228,-34.83260872454067,6.816038974208703e-20
1786739761.65634,push -Z,fast,1786739746.1800432,-465.7924616773021,-183.1186782225924,719.4269135132654,13.733900866694736,-34.934434625797884,6.827014390233584e-20
1786739761.6846492,push -Z,fast,1786739746.1800432,-466.6874756381658,-185.39884772625828,721.7474046334337,13.904913579469504,-35.00156067286267,6.854638139175767e-20
1786739761.7132914,push -Z,fast,1786739746.1800432,-467.9843182196664,-185.9131626917757,717.3624413915159,13.94348720188341,-35.09882386647531,6.856763136822947e-20
1786739761.741594,push -Z,fast,1786739746.1800432,-466.60599412597776,-188.1169648050502,711.713599040514,14.10877236037894,-34.99544955944863,6.839260513025645e-20
1786739761.7699137,push -Z,fast,1786739746.1800432,-465.42935562258754,-184.62249573969586,712.1390135303945,13.846687180477385,-34.90720167169422,6.807601800064396e-20
1786739761.7984817,push -Z,fast,1786739746.1800432,-463.03409467855545,-182.22838567602173,716.3779926831994,13.667128925701878,-34.72755710089187,6.844903923290225e-20
1786739761.8294322,push -Z,fast,1786739746.1800432,-462.5964153565278,-180.3156264252267,720.9626529066509,13.523671981892175,-34.69473115173977,6.87606983918031e-20
1786739761.855481,push -Z,fast,1786739746.1800432,-464.81894322354583,-183.48141266945458,720.6905682716306,13.761105950209323,-34.86142074176611,6.917021563648622e-20
1786739761.8839533,push -Z,fast,1786739746.1800432,-465.13699341925485,-185.47643522335068,713.9303694608143,13.91073264175154,-34.885274506444354,6.913954404005164e-20
1786739761.9124005,push -Z,fast,1786739746.1800432,-466.04478316254836,-188.2992756539337,714.718592782363,14.122445674045142,-34.953358737191316,6.902283170122477e-20
1786739761.940661,push -Z,fast,1786739746.1800432,-462.5391487810848,-186.83169191117406,705.1286449401368,14.012376893338288,-34.69043615858156,6.840816581095688e-20
1786739761.9691684,push -Z,fast,1786739746.1800432,-463.1453425930931,-186.62454820016592,703.5634990025301,13.996841115012653,-34.735900694482176,6.779261341255782e-20
1786739761.9978585,push -Z,fast,1786739746.1800432,-461.94785670173223,-185.61879737049856,703.8763736440987,13.921409802787561,-34.646089252629956,6.839143339426797e-20
1786739762.0261211,push -Z,fast,1786739746.1800432,-462.55016036328334,-187.74432863084564,699.672761144916,14.08082464731363,-34.69126202724649,6.843177965661161e-20
1786739762.0543756,push -Z,fast,1786739746.1800432,-462.2090579091114,-187.95618285176658,704.0765165888197,14.096713713882618,-34.66567934318346,6.875804836701457e-20
1786739762.0829635,push -Z,fast,1786739746.1800432,-465.6391117953758,-185.92782781166989,710.592380164403,13.944587085875593,-34.92293338465341,6.888684112413906e-20
1786739762.111361,push -Z,fast,1786739746.1800432,-464.9564735398767,-182.68123445085735,711.9613222754124,13.701092583814688,-34.87173551549088,6.859648400258728e-20
1786739762.1400383,push -Z,fast,1786739746.1800432,-463.5076412562812,-183.52912685108754,702.7854222979058,13.764684513831728,-34.76307309422121,6.821069841345424e-20
1786739762.168357,push -Z,fast,1786739746.1800432,-460.5923359647936,-184.04286796919973,692.7998181422636,13.803215097690146,-34.544425197359736,6.747293031572341e-20
1786739762.19693,push -Z,fast,1786739746.1800432,-462.8713244927999,-183.6577930590837,700.7938388742714,13.774334479431577,-34.715349336960166,6.793774056065383e-20
1786739762.2266173,push -Z,fast,1786739746.1800432,-465.35897225428425,-182.83386969324692,708.388858911565,13.712540226993827,-34.90192291907152,6.821216512428472e-20
1786739762.2534797,push -Z,fast,1786739746.1800432,-468.1118339029508,-182.45087586125908,719.8595529357463,13.683815689594748,-35.108387542721566,6.803469227928304e-20
1786739762.281945,push -Z,fast,1786739746.1800432,-468.6691045668381,-187.22262463443474,717.6647235541586,14.041696847582845,-35.15018284251301,6.849625256468017e-20
1786739762.3104641,push -Z,fast,1786739746.1800432,-468.1002401547289,-190.2635606985915,717.6293828673506,14.26976705239451,-35.10751801160487,6.878899165009052e-20
1786739762.3389082,push -Z,fast,1786739746.1800432,-466.726244093431,-191.3283247502876,715.9737031702689,14.349624356271836,-35.0044683070075,6.943968982430641e-20
1786739762.3673058,push -Z,fast,1786739746.1800432,-463.18760242407916,-188.88483126423966,707.9408969244314,14.166362344818172,-34.739070181805985,6.831380324467157e-20
1786739762.3956525,push -Z,fast,1786739746.1800432,-466.229891883449,-186.79491673138148,716.8249269877151,14.00961875485385,-34.967241891258816,6.910254280684149e-20
1786739762.4258084,push -Z,fast,1786739746.1800432,-465.8159341052933,-184.90716776416025,710.8480804381124,13.868037582312137,-34.93619505789704,6.872304639452416e-20
1786739762.4526258,push -Z,fast,1786739746.1800432,-466.6581405363422,-184.0504658801499,725.1591718530708,13.803784941011475,-34.99936054022595,6.943775669518524e-20
1786739762.481288,push -Z,fast,1786739746.1800432,-463.7534282547613,-183.50332897181386,718.1463919900307,13.762749672886297,-34.78150711910713,6.817537418473396e-20
1786739762.5096216,push -Z,fast,1786739746.1800432,-463.3494931442019,-186.55701089035153,708.8784036123816,13.991775816776535,-34.75121198581542,6.765541173981265e-20
1786739762.5380235,push -Z,fast,1786739746.1800432,-463.2558812523557,-185.91215411178496,698.5788582513742,13.943411558384039,-34.74419109392688,6.740545831783617e-20
1786739762.5664172,push -Z,fast,1786739746.1800432,-463.85263649422586,-186.51990098685076,698.540191207665,13.988992574014059,-34.78894773706712,6.786111441606956e-20
1786739762.59491,push -Z,fast,1786739746.1800432,-464.3647948552016,-186.89448024298417,706.8000838567305,14.01708601822411,-34.82735961414034,6.815622437100498e-20
1786739762.6267912,push -Z,fast,1786739746.1800432,-465.50872430387335,-189.15174419019547,706.6062656556833,14.186380814264897,-34.91315432279087,6.779778742422924e-20
1786739762.65173,push -Z,fast,1786739746.1800432,-465.87251418632513,-186.59871351926597,714.7728656821964,13.994903513945186,-34.940438563974574,6.820711909619449e-20
1786739762.6804254,push -Z,fast,1786739746.1800432,-464.52361735992054,-183.83327133263242,712.9856284120142,13.787495349947807,-34.83927130199406,6.820320616597882e-20
1786739762.7085338,push -Z,fast,1786739746.1800432,-464.0208703256594,-184.1896967927952,712.2713953459515,13.814227259459859,-34.801565274424625,6.905154583188083e-20
1786739762.7369766,push -Z,fast,1786739746.1800432,-462.1352452742167,-183.87958338012857,698.2504367012752,13.790968753509997,-34.660143395566514,6.836935550130639e-20
1786739762.76538,push -Z,fast,1786739746.1800432,-460.90863756994304,-183.2799420737182,692.7708688569373,13.745995655529097,-34.56814781774586,6.869742821369599e-20
1786739762.7940645,push -Z,fast,1786739746.1800432,-464.9092692403924,-181.953993670459,710.1931468467274,13.646549525284694,-34.86819519302957,6.891347736778375e-20
1786739762.825145,push -Z,fast,1786739746.1800432,-467.1008848113888,-183.9753170253457,718.8262223936426,13.798148776901105,-35.032566360854204,6.938572320350902e-20
1786739762.8510327,push -Z,fast,1786739746.1800432,-468.8695686038973,-185.42621046805255,734.7528389092513,13.906965785104074,-35.16521764529246,6.995955409451547e-20
1786739762.8791938,push -Z,fast,1786739746.1800432,-464.81617912071124,-185.03228726751433,720.8869839078889,13.877421545063815,-34.86121343405352,6.920793305107492e-20
1786739762.9075074,push -Z,fast,1786739746.1800432,-462.72438766639834,-184.84283556724836,714.8300125771693,13.863212667543824,-34.704329074980045,6.879167191333262e-20
1786739762.9359932,push -Z,fast,1786739746.1800432,-461.4582464545292,-183.33057857839958,699.074168011758,13.749793393380255,-34.609368484089885,6.788968889124361e-20
1786739762.964643,push -Z,fast,1786739746.1800432,-461.04256986419523,-185.01492868398168,690.5091715482922,13.876119651298762,-34.578192739814824,6.785256575034756e-20
1786739762.992982,push -Z,fast,1786739746.1800432,-461.89764690987886,-185.56564593186783,690.5019548923765,13.917423444890144,-34.642323518241,6.737282511777443e-20
1786739763.0231118,push -Z,fast,1786739746.1800432,-464.28064818748,-189.2553654714128,701.5305883662877,14.1941524103561,-34.821048614061134,6.776373756240433e-20
1786739763.0498393,push -Z,fast,1786739746.1800432,-462.9153686076311,-186.96977088538995,717.1709854565215,14.022732816404432,-34.7186526455726,6.812982249028794e-20
1786739763.0782754,push -Z,fast,1786739746.1800432,-461.14092740385695,-185.4328937623402,714.0442373054057,13.907467032175521,-34.58556955528953,6.856902675854736e-20
1786739763.1066277,push -Z,fast,1786739746.1800432,-458.53955601601774,-181.42209037152077,708.5694131962864,13.606656777864213,-34.39046670120149,6.803574847956769e-20
1786739763.1350646,push -Z,fast,1786739746.1800432,-459.393756598693,-181.8684803044015,694.743069418404,13.640136022830465,-34.45453174490222,6.721843699261296e-20
1786739763.1634192,push -Z,fast,1786739746.1800432,-459.52077930176984,-179.70844111131623,697.2796398799983,13.478133083349004,-34.46405844763305,6.677260572971908e-20
1786739763.1921132,push -Z,fast,1786739746.1800432,-460.6038309265614,-180.5694319217115,695.829975768811,13.542707394128588,-34.54528731949233,6.680580931501845e-20
1786739763.2216742,push -Z,fast,1786739746.1800432,-461.8980572195828,-179.46695682697884,708.6480093516984,13.460021762023619,-34.64235429146877,6.679926418316507e-20
1786739763.2487948,push -Z,fast,1786739746.1800432,-463.2134620176953,-182.09843358526518,714.9947091745444,13.657382518895144,-34.741009651327445,6.709124804631899e-20
1786739763.2773826,push -Z,fast,1786739746.1800432,-463.981810581894,-181.29636360569702,720.0599482791413,13.597227270427549,-34.79863579364216,6.724997681862239e-20
1786739763.3058846,push -Z,fast,1786739746.1800432,-463.41462957009344,-183.93996224717125,708.5212993998812,13.795497168538073,-34.75609721775708,6.724279243310865e-20
1786739763.3342628,push -Z,fast,1786739746.1800432,-463.4938990532751,-185.25815737054347,701.8620826212136,13.894361802791007,-34.76204242899568,6.744300052802665e-20
1786739763.3625996,push -Z,fast,1786739746.1800432,-465.48877551867736,-188.99951803114948,704.6115420115912,14.174963852336237,-34.91165816390088,6.819063458148819e-20
1786739763.3912528,push -Z,fast,1786739746.1800432,-466.0782294665778,-188.7031626293674,709.571005026607,14.152737197202573,-34.95586720999354,6.905106451582484e-20
1786739763.4204273,push -Z,fast,1786739746.1800432,-466.6156782662929,-187.2231670179176,716.9287614574287,14.041737526343983,-34.996175869972205,6.916570369865027e-20
1786739763.4477985,push -Z,fast,1786739746.1800432,-464.29157830392614,-185.07214268360178,709.6521274283823,13.880410701270495,-34.821868372794576,6.85481049054014e-20
1786739763.4762192,push -Z,fast,1786739746.1800432,-467.54789482253,-188.61500172204296,715.6060416722521,14.146125129153557,-35.06609211168995,6.933568679972128e-20
1786739763.5048296,push -Z,fast,1786739746.1800432,-466.60504442778256,-191.23477883681517,709.8904373396272,14.34260841276129,-34.99537833208384,6.873876164198172e-20
1786739763.5333614,push -Z,fast,1786739746.1800432,-466.9925839054972,-190.66869351610876,716.5637640188443,14.300152013708388,-35.02444379291248,6.910103520899312e-20
1786739763.5616841,push -Z,fast,1786739746.1800432,-460.89477787607166,-187.57428887041226,703.1829936230042,14.068071665281114,-34.56710834070553,6.743377583564956e-20
1786739763.5900946,push -Z,fast,1786739746.1800432,-459.11920321464277,-186.41300261627487,701.0930186606893,13.980975196220779,-34.43394024109847,6.74163236233863e-20
1786739763.6215892,push -Z,fast,1786739746.1800432,-461.4975120909021,-191.07880439600126,698.0028750068768,14.330910329700355,-34.61231340681787,6.783894773134307e-20
1786739763.6469765,push -Z,fast,1786739746.1800432,-463.4052794694521,-189.61218897382457,706.1119743556255,14.220914173037169,-34.75539596020909,6.81317403899977e-20
1786739763.675481,push -Z,fast,1786739746.1800432,-468.080796171771,-190.40975573774938,712.2522198422594,14.280731680331446,-35.106059712882846,6.910414931800933e-20
1786739763.7040048,push -Z,fast,1786739746.1800432,-464.12489112554977,-186.32356438796114,708.9962481152097,13.974267329097291,-34.80936683441636,6.830421170341827e-20
1786739763.7325532,push -Z,fast,1786739746.1800432,-465.3982787217037,-185.52033127679044,708.8082529592402,13.914024845759517,-34.90487090412806,6.798935322111448e-20
1786739763.7609625,push -Z,fast,1786739746.1800432,-460.95750641235054,-186.0367738323206,704.6489182333626,13.952758037424257,-34.571812980926424,6.775777147240226e-20
1786739763.7891886,push -Z,fast,1786739746.1800432,-464.0782250011498,-186.64214464018642,707.3719182902332,13.998160848014233,-34.80586687508635,6.797115635937387e-20
1786739763.8200195,push -Z,fast,1786739746.1800432,-463.28753113849416,-187.13639385474607,708.1268840169205,14.035229539106144,-34.74656483538722,6.807279558769197e-20
1786739763.8460155,push -Z,fast,1786739746.1800432,-465.9366987668018,-185.86519722854155,714.6792419201456,13.939889792140821,-34.94525240751027,6.825543378617685e-20
1786739763.874449,push -Z,fast,1786739746.1800432,-465.7420531530074,-184.79259709376572,715.8412965017114,13.859444782032657,-34.930653986475896,6.845337552569529e-20
1786739763.9030826,push -Z,fast,1786739746.1800432,-465.3990990677303,-185.59333308559906,715.3183510939562,13.919499981420149,-34.90493243007988,6.866598394795208e-20
1786739763.9315,push -Z,fast,1786739746.1800432,-463.8315964369963,-185.31372479540096,711.1228289864084,13.898529359655289,-34.787369732774984,6.768141957076708e-20
1786739763.9599173,push -Z,fast,1786739746.1800432,-461.66533545172933,-184.4679853471938,710.8003575054672,13.835098901039597,-34.62490015887996,6.690689691294724e-20
1786739763.988334,push -Z,fast,1786739746.1800432,-462.8882777954368,-182.75304453228512,711.4169421844235,13.706478339921649,-34.71662083465796,6.716296331393161e-20
1786739764.0177288,push -Z,fast,1786739746.1800432,-464.49321989628424,-184.45406190867038,712.9095733126369,13.834054643150576,-34.83699149222144,6.835854095589096e-20
1786739764.0452898,push -Z,fast,1786739746.1800432,-467.2877983432245,-187.19941874136998,715.8624517661547,14.039956405602982,-35.04658487574186,6.968078116745984e-20
1786739764.0737026,push -Z,fast,1786739746.1800432,-466.20263038847133,-188.243629350329,716.0879304740138,14.118272201275065,-34.96519727913569,6.959429647633709e-20
1786739764.1020517,push -Z,fast,1786739746.1800432,-464.71415651030657,-186.14070933207392,711.7437907886688,13.960553199905736,-34.85356173827316,6.889006981405833e-20
1786739764.1304235,push -Z,fast,1786739746.1800432,-463.8353744178585,-184.916927271183,709.173260231546,13.868769545338946,-34.787653081339656,6.826264094799012e-20
1786739764.15891,push -Z,fast,1786739746.1800432,-463.640398437778,-186.32804820192246,705.428451110266,13.9746036151444,-34.773029882833534,6.855418559267992e-20
1786739764.18729,push -Z,fast,1786739746.1800432,-466.1361120892175,-187.7412613567169,709.5579057680561,14.08059460175389,-34.96020840669139,6.915230080132245e-20
1786739764.2157326,push -Z,fast,1786739746.1800432,-463.747599574519,-186.41316991844405,707.7810931112172,13.980987743883386,-34.7810699680891,6.889528598328332e-20
1786739764.2441375,push -Z,fast,1786739746.1800432,-465.45709837228105,-183.71839110586916,711.3853147863274,13.778879332940338,-34.909282377921194,6.855105179185963e-20
1786739764.273008,push -Z,fast,1786739746.1800432,-466.8507482710397,-183.16646637321014,722.0758667005066,13.737484977990906,-35.01380612032809,6.930776200568997e-20
1786739764.3010836,push -Z,fast,1786739746.1800432,-469.84397646787556,-186.22084517416215,726.0295447931303,13.966563388062465,-35.23829823509074,7.003901293765169e-20
1786739764.3296783,push -Z,fast,1786739746.1800432,-468.65687307610506,-185.23894825200034,725.4296480125277,13.892921118900293,-35.149265480708074,7.031896603660185e-20
1786739764.3580327,push -Z,fast,1786739746.1800432,-463.5472071821873,-184.9592024976114,706.5575817034169,13.871940187321133,-34.76604053866416,6.841400714102859e-20
1786739764.3863313,push -Z,fast,1786739746.1800432,-459.47747342527055,-182.19041839869476,694.5974083265592,13.66428137990226,-34.46081050689553,6.723646079825471e-20
1786739764.4151065,push -Z,fast,1786739746.1800432,-458.87413027974117,-186.28976030661102,689.8191707635906,13.97173202299604,-34.41555977098076,6.707095924758933e-20
1786739764.4433434,push -Z,fast,1786739746.1800432,-462.79295414146554,-183.64363211138982,697.6649411357266,13.773272408354398,-34.70947156060995,6.749871159436678e-20
1786739764.4716954,push -Z,fast,1786739746.1800432,-464.4430085476033,-182.54007206631866,702.5436433402638,13.690505404974058,-34.83322564107045,6.719312186132757e-20
1786739764.5003421,push -Z,fast,1786739746.1800432,-466.91985368008136,-180.67971774119565,710.6826304475971,13.550978830589965,-35.01898902600623,6.728267304364599e-20
1786739764.5287848,push -Z,fast,1786739746.1800432,-464.5966949228264,-181.1519215852354,708.0590125958252,13.586394118892908,-34.844752119212025,6.770428548733314e-20
1786739764.5571651,push -Z,fast,1786739746.1800432,-465.60216424670443,-183.77189292354194,711.4996488402367,13.782891969265794,-34.92016231850296,6.838540333018409e-20
1786739764.5856102,push -Z,fast,1786739746.1800432,-463.8163219446651,-184.32730883957947,708.708811934569,13.824548162968572,-34.78622414585007,6.886732686954266e-20
1786739764.6140997,push -Z,fast,1786739746.1800432,-465.6671316457291,-187.13891552784992,711.7822392448488,14.035418664588864,-34.925034873429944,6.863527931721069e-20
1786739764.6425066,push -Z,fast,1786739746.1800432,-467.8257007352604,-186.35188820581732,717.6549980905047,13.976391615436643,-35.08692755514481,6.917778905585637e-20
1786739764.6710007,push -Z,fast,1786739746.1800432,-469.7937206579031,-185.13649735266608,721.8410305941779,13.885237301450193,-35.234529049343095,6.887935384023124e-20
1786739764.6994274,push -Z,fast,1786739746.1800432,-470.4970576187038,-185.5285927456016,724.1865243262428,13.91464445592037,-35.28727932140295,6.931363243874078e-20
1786739764.7278433,push -Z,fast,1786739746.1800432,-467.13413681694465,-185.83105936153004,715.9629019272616,13.937329452115105,-35.035060261270964,6.908490330257712e-20
1786739764.75632,push -Z,fast,1786739746.1800432,-466.583713854091,-188.23227570004235,711.7696238642257,14.117420677503315,-34.99377853905688,6.872010068687007e-20
1786739764.7844863,push -Z,fast,1786739746.1800432,-464.8897532725987,-188.4695066904335,702.2486895334305,14.135213001782663,-34.86673149544512,6.807174851955871e-20
1786739764.8141518,push -Z,fast,1786739746.1800432,-465.2832249272574,-190.40578013563095,698.0739660899699,14.280433510172475,-34.89624186954446,6.743196603057254e-20
1786739764.8416615,push -Z,fast,1786739746.1800432,-463.79285739770194,-187.23236122424373,699.783444052372,14.04242709181845,-34.78446430482785,6.791038614419196e-20
1786739764.8700874,push -Z,fast,1786739746.1800432,-464.09254541592554,-185.25480520999406,704.9968221135978,13.894110390749805,-34.806940906194654,6.802263999602767e-20
1786739764.8984892,push -Z,fast,1786739746.1800432,-464.887584355914,-183.92204293661905,714.4694609681164,13.794153220246603,-34.866568826693815,6.894717470859303e-20
1786739764.9268458,push -Z,fast,1786739746.1800432,-463.7051736256467,-182.8244366104591,710.8478111084041,13.711832745784722,-34.77788802192368,6.850885909597565e-20
1786739764.955245,push -Z,fast,1786739746.1800432,-462.19854366359505,-183.73366612621123,707.6709853853463,13.780024959466044,-34.66489077476998,6.828757434623529e-20
1786739764.984023,push -Z,fast,1786739746.1800432,-462.5389418895511,-182.48156654255888,705.082501025604,13.686117490692109,-34.69042064171645,6.730814988442774e-20
1786739765.0134861,push -Z,fast,1786739746.1800432,-464.295964785872,-186.31141611339524,707.31033616676,13.973356208504772,-34.82219735894057,6.753448190345643e-20
1786739765.0405378,push -Z,fast,1786739746.1800432,-465.91326013599064,-186.30848833710218,718.9532820381555,13.973136625282873,-34.943494510199436,6.798151834726533e-20
1786739765.0693069,push -Z,fast,1786739746.1800432,-463.77026531585625,-183.88043276139865,718.2362378264315,13.791032457104972,-34.78276989868957,6.874068702575703e-20
1786739765.0975704,push -Z,fast,1786739746.1800432,-464.96917341285143,-186.52611507807126,724.5566512195728,13.989458630855562,-34.872688005964115,6.908862839978707e-20
1786739765.1261399,push -Z,fast,1786739746.1800432,-466.76897499683173,-185.26278342180342,719.5385918134907,13.8947087566353,-35.00767312476244,6.913954398801301e-20
1786739765.154291,push -Z,fast,1786739746.1800432,-467.55669916568513,-187.06428754921717,717.3635050995144,14.029821566191561,-35.06675243742664,6.890692198780898e-20
1786739765.1827586,push -Z,fast,1786739746.1800432,-464.04879559396295,-184.15897164953503,704.9497328803645,13.81192287371535,-34.80365966954736,6.825949732924495e-20
1786739765.2116365,push -Z,fast,1786739746.1800432,-463.3549168053464,-185.88790008935678,711.4875448067778,13.941592506701877,-34.75161876040112,6.867337713187856e-20
1786739765.2398393,push -Z,fast,1786739746.1800432,-463.7421367167617,-188.069436071508,710.4726569547356,14.105207705363238,-34.78066025375734,6.822356615565896e-20
1786739765.2686946,push -Z,fast,1786739746.1800432,-465.30226090774704,-185.2567540142163,719.3738076817181,13.894256551066345,-34.89766956808124,6.872334146679251e-20
1786739765.2967556,push -Z,fast,1786739746.1800432,-464.9430860560992,-186.68723651656705,708.8266479591211,14.001542738742952,-34.870731454207615,6.866767809139556e-20
1786739765.32505,push -Z,fast,1786739746.1800432,-465.6680322828952,-185.25701215509912,718.2401493151092,13.894275911632679,-34.92510242121737,6.959881168928027e-20
1786739765.3535244,push -Z,fast,1786739746.1800432,-465.3360213558808,-185.69322204807054,711.9337647712646,13.926991653605665,-34.90020160169115,6.934448679251298e-20
1786739765.3819115,push -Z,fast,1786739746.1800432,-465.04166127372264,-185.42439874379045,710.7862166958448,13.906829905784502,-34.87812459552946,6.908556201310334e-20
1786739765.410392,push -Z,fast,1786739746.1800432,-464.80096337214354,-186.06670204510624,704.3313297290224,13.955002653383207,-34.86007225291095,6.82249106201799e-20
1786739765.44179,push -Z,fast,1786739746.1800432,-469.45154022312636,-190.1759111688865,718.2720619531719,14.263193337666689,-35.20886551673464,6.861654469060915e-20
1786739765.4672318,push -Z,fast,1786739746.1800432,-469.3725368023788,-190.11597046546308,721.4086710744723,14.25869778490988,-35.2029402601785,6.866272094365811e-20
1786739765.4957986,push -Z,fast,1786739746.1800432,-470.25401747433625,-189.25817688152654,727.2052724290943,14.194363266114781,-35.26905131057534,6.956328562245287e-20
1786739765.5241787,push -Z,fast,1786739746.1800432,-466.4591286444738,-186.61522852208816,715.498483015469,13.996142139156856,-34.9844346483357,6.926818310787749e-20
1786739765.552472,push -Z,fast,1786739746.1800432,-464.4923711889801,-184.17488282158013,714.411341696321,13.813116211618695,-34.83692783917361,6.910583322880165e-20
1786739765.5810277,push -Z,fast,1786739746.1800432,-462.7011534750786,-187.18622728607068,703.1669039688732,14.038967046455557,-34.702586510631185,6.847209911457546e-20
1786739765.6094177,push -Z,fast,1786739746.1800432,-463.97174570623747,-185.93604873331628,706.167369120175,13.945203654998974,-34.79788092796805,6.821383961885955e-20
1786739765.6377473,push -Z,fast,1786739746.1800432,-465.2335278227065,-186.99933203880323,706.0804154368716,14.024949902910354,-34.892514586703165,6.790399771158068e-20
1786739765.666136,push -Z,fast,1786739746.1800432,-467.05307834243104,-186.31177956333136,713.9037475475525,13.973383467250198,-35.028980875682564,6.801425691126424e-20
1786739765.6947606,push -Z,fast,1786739746.1800432,-466.07370671177523,-189.00869704177012,714.2291778827839,14.175652278132954,-34.9555280033833,6.846737883316094e-20
1786739765.7232423,push -Z,fast,1786739746.1800432,-465.0783498309602,-189.43302093041666,712.4536870714237,14.207476569781623,-34.88087623732214,6.853133158928036e-20
1786739765.7515783,push -Z,fast,1786739746.1800432,-464.51092361154906,-187.82248361538825,708.2014347450513,14.08668627115431,-34.83831927086631,6.823540276360511e-20
1786739765.7799408,push -Z,fast,1786739746.1800432,-463.4022534539263,-186.8109856984446,708.1436715679374,14.01082392738346,-34.7551690090448,6.840834497341684e-20
1786739765.8085644,push -Z,fast,1786739746.1800432,-463.9203221761795,-184.11525083035133,711.6841762076128,13.808643812276518,-34.79402416321375,6.877289079688726e-20
1786739765.838508,push -Z,fast,1786739746.1800432,-463.5155919813719,-183.66387296909318,717.0560186464172,13.774790472682216,-34.76366939860315,6.900737932454804e-20
1786739765.8653927,push -Z,fast,1786739746.1800432,-465.79003948753825,-183.39571675792934,712.8828646377906,13.754678756845006,-34.93425296156555,6.7871211234627e-20
1786739765.894113,push -Z,fast,1786739746.1800432,-467.52360868907544,-185.32608266013972,718.0436344717737,13.899456199510592,-35.064270651680744,6.785824980670424e-20
1786739765.9223762,push -Z,fast,1786739746.1800432,-465.5702491777056,-186.20943520326466,711.8714941592352,13.965707640245139,-34.917768688328,6.752356664019258e-20
1786739765.9509084,push -Z,fast,1786739746.1800432,-465.31824990910627,-186.38013307467008,710.7817552460974,13.978509980600467,-34.89886874318327,6.83858266930646e-20
1786739765.9795485,push -Z,fast,1786739746.1800432,-465.30901470892695,-186.04725523543948,712.4069104788387,13.953544142658142,-34.898176103169796,6.86628620787433e-20
1786739766.0076995,push -Z,fast,1786739746.1800432,-466.9213770200063,-185.13008120126062,713.3690796214305,13.884756090094758,-35.0191032765007,6.881633125280722e-20
1786739766.0383217,push -Z,fast,1786739746.1800432,-465.8059222977404,-184.30401542771472,713.0792692700743,13.822801157078782,-34.935444172330634,6.820725148629905e-20
1786739766.0644765,push -Z,fast,1786739746.1800432,-464.6198291165342,-182.1797177288156,713.3786433586811,13.663478829661539,-34.84648718374029,6.811767469134472e-20
1786739766.0931878,push -Z,fast,1786739746.1800432,-467.54899358935654,-184.28552751689006,715.9248253871065,13.82141456376716,-35.06617451920203,6.846963104408457e-20
1786739766.1212392,push -Z,fast,1786739746.1800432,-466.7432781112461,-184.10203929726765,719.0820341082108,13.807652947295157,-35.00574585834386,6.885743658109419e-20
1786739766.150223,push -Z,fast,1786739746.1800432,-465.0180406962081,-188.40477046392232,698.459331691668,14.130357784794409,-34.87635305221577,6.826251687019487e-20
1786739766.178324,push -Z,fast,1786739746.1800432,-459.98433432394677,-184.5141897961929,691.9521013320573,13.838564234714635,-34.498825074295944,6.74045127986476e-20
1786739766.2065344,push -Z,fast,1786739746.1800432,-458.78721765481305,-185.52358511319767,686.0304479764272,13.914268883490127,-34.40904132411107,6.696442521096173e-20
1786739766.2369874,push -Z,fast,1786739746.1800432,-462.67076403169494,-187.02944030801518,696.4902114046081,14.027208023101434,-34.7003073023773,6.676096570401048e-20
1786739766.263522,push -Z,fast,1786739746.1800432,-466.4433903409581,-192.0263993145726,712.0333638133206,14.401979948593112,-34.983254275572044,6.781193213863444e-20
1786739766.292103,push -Z,fast,1786739746.1800432,-469.95535613008997,-192.9011511808351,723.7400793236438,14.467586338562707,-35.246651709756826,6.856787575772156e-20
1786739766.320448,push -Z,fast,1786739746.1800432,-466.8909111869375,-189.15907877475274,723.0166025447143,14.186930908106628,-35.0168183390205,6.863211899799444e-20
1786739766.348806,push -Z,fast,1786739746.1800432,-465.78403332023527,-178.4218944832097,706.7425969493725,13.381642086241026,-34.93380249901803,6.749389328518318e-20
1786739766.3771243,push -Z,fast,1786739746.1800432,-466.0566704715334,-177.259056203427,704.7150354103496,13.294429215257484,-34.954250285365255,6.746411154954872e-20
1786739766.4055848,push -Z,fast,1786739746.1800432,-466.8973960788817,-176.03840964643257,706.0128092640971,13.202880723482597,-35.01730470591615,6.750364399206356e-20
1786739766.4357374,push -Z,fast,1786739746.1800432,-466.48145158763646,-182.91482651735794,714.0177553080284,13.718611988802106,-34.98610886907287,6.901855886840301e-20
1786739766.4624918,push -Z,fast,1786739746.1800432,-465.4558435455556,-183.66184713477003,720.0169040040264,13.774638535107915,-34.90918826591675,6.898566697670718e-20
1786739766.4911232,push -Z,fast,1786739746.1800432,-465.294606158694,-185.4011883870361,717.6335759987414,13.905089129027832,-34.89709546190229,6.928662791635412e-20
1786739766.5197096,push -Z,fast,1786739746.1800432,-465.9404286353474,-186.1253064627041,715.7339523697692,13.959397984702878,-34.94553214765121,6.878510996839731e-20
1786739766.5477953,push -Z,fast,1786739746.1800432,-464.1912691112884,-186.79469905130009,700.1318876237074,14.00960242884776,-34.81434518334678,6.852153459087986e-20
1786739766.5762978,push -Z,fast,1786739746.1800432,-463.92897239351214,-185.89990231638637,702.7414642453032,13.942492673729117,-34.794672929513645,6.87429519423421e-20
1786739766.604701,push -Z,fast,1786739746.1800432,-462.61732898421906,-185.27614041862307,699.2684130793677,13.89571053139706,-34.69629967381681,6.866489630355503e-20
1786739766.6347532,push -Z,fast,1786739746.1800432,-462.6428978024851,-185.3618442421391,705.7166538830734,13.90213831816082,-34.69821733518669,6.866363046237394e-20
1786739766.6620064,push -Z,fast,1786739746.1800432,-463.62385728508525,-187.82205307679385,717.4798755167321,14.086653980759703,-34.77178929638155,6.883713447143212e-20
1786739766.6901977,push -Z,fast,1786739746.1800432,-467.4692248958381,-188.5963029538226,723.8252220014547,14.144722721536876,-35.06019186718785,6.883687061421087e-20
1786739766.718908,push -Z,fast,1786739746.1800432,-467.47911333403454,-189.49194845654836,720.1077992700739,14.211896134241282,-35.06093350005275,6.895842901480829e-20
1786739766.7470186,push -Z,fast,1786739746.1800432,-464.46803169753684,-184.4041727456913,703.9496963050606,13.830312955926988,-34.83510237731549,6.832716121631768e-20
1786739766.775435,push -Z,fast,1786739746.1800432,-461.8054871616778,-185.02538166505917,703.2140802553731,13.876903624879692,-34.63541153712611,6.83504383445351e-20
1786739766.803796,push -Z,fast,1786739746.1800432,-462.62872186310506,-182.37961682253592,711.2319344693051,13.678471261690358,-34.697154139733136,6.850355419997789e-20
1786739766.8347642,push -Z,fast,1786739746.1800432,-464.8072532572728,-184.77663752628985,713.8468328777253,13.858247814472076,-34.86054399429567,6.848509304747369e-20
1786739766.8607047,push -Z,fast,1786739746.1800432,-462.74722120427487,-186.02499784810686,712.2737493789264,13.951874838608244,-34.70604159032087,6.760370046487935e-20
1786739766.8894334,push -Z,fast,1786739746.1800432,-463.21621037672594,-187.04402833568213,703.9089375242411,14.02830212517635,-34.741215778254784,6.736755883710616e-20
1786739766.9181511,push -Z,fast,1786739746.1800432,-460.29469820126906,-184.9376821189835,697.8296037220398,13.870326158923977,-34.522102365095506,6.736298566726737e-20
1786739766.946286,push -Z,fast,1786739746.1800432,-463.6094185188381,-187.4243299518647,691.4817882157022,14.056824746390074,-34.770706388913034,6.795932770790847e-20
1786739766.9746525,push -Z,fast,1786739746.1800432,-465.68214528819544,-187.90764732597665,699.6844532367986,14.093073549448558,-34.926160896614824,6.8296370140872e-20
1786739767.0034444,push -Z,fast,1786739746.1800432,-468.1711501374839,-194.37558839723022,705.1583816384937,14.578169129792318,-35.11283626031155,6.842615616036332e-20
1786739767.0334272,push -Z,fast,1786739746.1800432,-468.3340160592388,-190.9436804394611,713.6034691496161,14.32077603295988,-35.1250512044432,6.873729498381849e-20
1786739767.0599833,push -Z,fast,1786739746.1800432,-466.7115251602572,-191.97181801829288,719.9052806723257,14.39788635137214,-35.00336438701952,6.91778075121528e-20
1786739767.0883834,push -Z,fast,1786739746.1800432,-469.4834485637907,-187.71069701867305,729.837254931439,14.078302276400738,-35.21125864228445,6.953510868241197e-20
1786739767.1169748,push -Z,fast,1786739746.1800432,-470.0897962488866,-183.38954055218312,729.4038266652415,13.754215541413995,-35.25673471866664,6.902262849369422e-20
1786739767.1454113,push -Z,fast,1786739746.1800432,-468.955770889173,-180.29451678420264,715.8426622504485,13.522088758815418,-35.17168281668819,6.823122811383641e-20
1786739767.1741292,push -Z,fast,1786739746.1800432,-466.4949692445366,-180.68633033892627,709.8461834707641,13.551474775419582,-34.987122693340496,6.799415407770072e-20
1786739767.2020843,push -Z,fast,1786739746.1800432,-462.35544507731674,-184.3216339293598,705.6931089397276,13.824122544702202,-34.67665838079886,6.782200744905588e-20
1786739767.2317631,push -Z,fast,1786739746.1800432,-461.87511111724734,-183.032831839687,707.4041373517366,13.727462387976782,-34.6406333337937,6.811968202523393e-20
1786739767.2590587,push -Z,fast,1786739746.1800432,-462.6381259358509,-182.28673067286468,716.1509801609609,13.671504800465062,-34.69785944518917,6.825385534137712e-20
1786739767.28745,push -Z,fast,1786739746.1800432,-463.2413004941077,-181.86257706405695,719.675878196409,13.639693279804536,-34.74309753705849,6.881997644998771e-20
1786739767.315891,push -Z,fast,1786739746.1800432,-464.8587428475389,-184.96148090888244,722.3040277033051,13.872111068166323,-34.86440571356559,6.889147601620719e-20
1786739767.344385,push -Z,fast,1786739746.1800432,-463.4250179512428,-180.5933742224164,715.61626078068,13.54450306668151,-34.7568763463434,6.871833186244704e-20
1786739767.372879,push -Z,fast,1786739746.1800432,-465.58124026896076,-181.37951260586726,716.3985340050776,13.603463445440365,-34.91859302017223,6.886432865603366e-20
1786739767.4011595,push -Z,fast,1786739746.1800432,-461.95922434757085,-179.3910003739619,712.1313310043124,13.45432502804734,-34.646941826068094,6.819589640668528e-20
1786739767.430079,push -Z,fast,1786739746.1800432,-463.57419532974154,-184.19043104091168,713.5224965239458,13.814282328068682,-34.7680646497309,6.853392154914396e-20
1786739767.458077,push -Z,fast,1786739746.1800432,-462.0633861071292,-186.02257816611814,708.8430777040958,13.951693362459071,-34.65475395803479,6.801225106472402e-20
1786739767.486424,push -Z,fast,1786739746.1800432,-465.25008420064114,-186.54639882324784,716.9351015641678,13.99097991174391,-34.89375631504813,6.833939881558091e-20
1786739767.5152686,push -Z,fast,1786739746.1800432,-463.51247135066615,-186.94616251866773,707.6610791383555,14.020962188900302,-34.76343535130012,6.748134960552204e-20
1786739767.543578,push -Z,fast,1786739746.1800432,-461.6726776382957,-181.89187123185923,700.2828424494164,13.641890342389633,-34.62545082287234,6.718371497645499e-20
1786739767.5718164,push -Z,fast,1786739746.1800432,-462.374273653978,-184.36201978709028,697.1278292029747,13.827151484031898,-34.678070524048564,6.727968802740024e-20
1786739767.600239,push -Z,fast,1786739746.1800432,-463.62350614552315,-187.57562850314855,704.5544318066541,14.068172137736344,-34.771762960914266,6.833962179646636e-20
1786739767.6285944,push -Z,fast,1786739746.1800432,-466.82212254937986,-189.65540456166366,715.9786757675638,14.224155342124977,-35.0116591912036,6.874565933850251e-20
1786739767.6570446,push -Z,fast,1786739746.1800432,-464.7038856508625,-188.26200144328084,706.1278405520306,14.119650108246208,-34.852791423814836,6.857659132198289e-20
1786739767.6858048,push -Z,fast,1786739746.1800432,-465.1177277735583,-184.889033271048,702.8469618455374,13.86667749532877,-34.88382958301702,6.827532103305677e-20
1786739767.7145174,push -Z,fast,1786739746.1800432,-468.56754698638633,-189.28864508016215,711.7943214205761,14.196648381012334,-35.142566023979235,6.955014157013905e-20
1786739767.742219,push -Z,fast,1786739746.1800432,-469.9230087376445,-188.65427753528672,724.2878854028686,14.14907081514676,-35.24422565532351,6.969741671276173e-20
1786739767.770839,push -Z,fast,1786739746.1800432,-468.19594005603494,-187.88241099244374,718.1080224178977,14.091180824433383,-35.11469550420278,6.911602322861233e-20
1786739767.7994325,push -Z,fast,1786739746.1800432,-465.66927455490895,-185.8520685971215,711.0688541936597,13.93890514478434,-34.925195591618255,6.924490710643704e-20
1786739767.8279157,push -Z,fast,1786739746.1800432,-466.0269243384246,-184.20795679967955,711.115174802203,13.815596759976348,-34.95201932538201,6.937031948010124e-20
1786739767.856436,push -Z,fast,1786739746.1800432,-467.0190945831,-184.28994202798185,717.0373433425693,13.821745652098922,-35.026432093732744,6.974180852725758e-20
1786739767.8848739,push -Z,fast,1786739746.1800432,-464.29090493351896,-182.19564497107172,717.6021570911389,13.664673372830624,-34.8218178700141,6.826472804663081e-20
1786739767.9133086,push -Z,fast,1786739746.1800432,-463.26270975764373,-180.88987198051973,706.3666838804638,13.566740398539135,-34.74470323182351,6.703483111988373e-20
1786739767.9412427,push -Z,fast,1786739746.1800432,-463.8573755182297,-181.26825258866643,709.2054286653538,13.595118944150219,-34.78930316386742,6.714895958446236e-20
1786739767.9698193,push -Z,fast,1786739746.1800432,-465.0320370427371,-182.0584941722907,705.6848905292245,13.654387062922194,-34.877402778205415,6.755670481625972e-20
1786739767.9981828,push -Z,fast,1786739746.1800432,-462.8824277021463,-185.17575017936088,705.4825509917773,13.888181263452207,-34.716182077661045,6.832532403998129e-20
1786739768.0265555,push -Z,fast,1786739746.1800432,-463.49840204809925,-188.10586873593354,708.1106502984612,14.10794015519522,-34.76238015360767,6.885579008263996e-20
1786739768.055094,push -Z,fast,1786739746.1800432,-464.37505345796944,-189.37533048811179,708.8201712463988,14.203149786608567,-34.82812900934793,6.941371962272619e-20
1786739768.0834968,push -Z,fast,1786739746.1800432,-468.57776211644614,-189.3706002586756,720.8325605861219,14.20279501940092,-35.14333215873386,7.054512843121354e-20
1786739768.1120555,push -Z,fast,1786739746.1800432,-466.3549972479791,-185.2076108887901,711.5546436173227,13.89057081665931,-34.976624793598624,6.98704856610025e-20
1786739768.1403682,push -Z,fast,1786739746.1800432,-464.7990486612898,-185.10169240587015,718.5782304230552,13.882626930440427,-34.859928649597066,6.957054584181746e-20
1786739768.1689887,push -Z,fast,1786739746.1800432,-462.11873611975034,-182.40594275435853,706.3314587970635,13.68044570657705,-34.65890520898142,6.828917101729405e-20
1786739768.1971688,push -Z,fast,1786739746.1800432,-462.048253943738,-183.9391091477621,708.1448407304279,13.795433186082494,-34.65361904578049,6.810055897957413e-20
1786739768.2258658,push -Z,fast,1786739746.1800432,-464.35728185828293,-183.17314835412333,705.8129936229125,13.73798612655948,-34.826796139371275,6.798982805178243e-20
1786739768.257144,push -Z,fast,1786739746.1800432,-466.54552672744603,-183.5582663959592,717.067740286273,13.766869979697244,-34.990914504558745,6.837196772515954e-20
1786739768.2824512,push -Z,fast,1786739746.1800432,-468.66661142894554,-182.67873611101265,719.3321123647902,13.700905208326159,-35.14999585717128,6.880087121716951e-20
1786739768.3111567,push -Z,fast,1786739746.1800432,-466.2500247856251,-182.538099506737,708.6120591329945,13.690357463005473,-34.968751858922126,6.81172033154465e-20
1786739768.3393154,push -Z,fast,1786739746.1800432,-465.78132941284866,-186.3639804258721,709.2673131489064,13.977298531940665,-34.93359970596389,6.833502483433961e-20
1786739768.367664,push -Z,fast,1786739746.1800432,-466.049692674379,-185.8381193597263,706.474757498363,13.937858951979752,-34.95372695057849,6.771609145280125e-20
1786739768.3960497,push -Z,fast,1786739746.1800432,-466.2644708544649,-188.02157447436332,707.7248986051691,14.101618085577552,-34.969835314084996,6.847526652003417e-20
1786739768.4245863,push -Z,fast,1786739746.1800432,-466.6282424357187,-184.54458241205782,704.7301239378448,13.840843680904587,-34.997118182679074,6.860592567189244e-20
1786739768.454641,push -Z,fast,1786739746.1800432,-467.083385817386,-185.00786357477352,713.3189891195534,13.875589768108224,-35.03125393630409,6.905557652021226e-20
1786739768.4815755,push -Z,fast,1786739746.1800432,-469.02198059297507,-183.02092667569605,726.3803384888588,13.72656950067746,-35.17664854447322,6.895240112635897e-20
1786739768.5102456,push -Z,fast,1786739746.1800432,-465.99631335480126,-183.7569518353297,715.1445528770464,13.781771387649908,-34.94972350161017,6.779671176124228e-20
1786739768.538537,push -Z,fast,1786739746.1800432,-464.25049846110414,-184.9422493532519,714.8846671932251,13.87066870149403,-34.818787384582926,6.799932735840093e-20
1786739768.5670793,push -Z,fast,1786739746.1800432,-462.22121958710386,-187.0728867696074,696.2549313604441,14.030466507720728,-34.66659146903297,6.805424290932177e-20
1786739768.5953944,push -Z,fast,1786739746.1800432,-465.04187394845803,-188.2956087210547,705.4522382248679,14.122170654079309,-34.878140546134674,6.915190210766434e-20
1786739768.6238856,push -Z,fast,1786739746.1800432,-466.60580494495935,-188.169173031578,700.8074551316467,14.112687977368541,-34.99543537087221,6.922174917001997e-20
1786739768.6523242,push -Z,fast,1786739746.1800432,-467.75781166814795,-183.52554979232434,710.7888669427593,13.764416234424584,-35.08183587511125,6.84783574754528e-20
1786739768.6807022,push -Z,fast,1786739746.1800432,-464.27276779975045,-181.91921960050308,703.856662283566,13.643941470037962,-34.82045758498136,6.728877948903237e-20
1786739768.709195,push -Z,fast,1786739746.1800432,-463.9623844145008,-182.31318843056897,707.2200593694015,13.673489132292826,-34.79717883108781,6.800477153675054e-20
1786739768.7374668,push -Z,fast,1786739746.1800432,-464.9695641868989,-183.5752381629503,707.7522716319363,13.768142862221449,-34.87271731401757,6.820003119399731e-20
1786739768.7659254,push -Z,fast,1786739746.1800432,-466.1823940303284,-184.27036415352893,708.7638072946156,13.820277311515031,-34.96367955227495,6.912563713164707e-20
1786739768.7943401,push -Z,fast,1786739746.1800432,-465.7981139871463,-185.65025650322275,703.5595367229744,13.923769237741869,-34.93485854903611,6.831411578542352e-20
1786739768.8228135,push -Z,fast,1786739746.1800432,-463.55416730895286,-185.812126719493,701.3358830935831,13.935909503962126,-34.7665625481715,6.859390125277147e-20
1786739768.8536513,push -Z,fast,1786739746.1800432,-463.0610200306214,-185.63150835833596,700.4785598998205,13.922363126875371,-34.72957650229675,6.850298452481089e-20
1786739768.879865,push -Z,fast,1786739746.1800432,-464.3771799223846,-184.6154279877868,715.0923522328658,13.846157099084206,-34.828288494179084,6.954617403239645e-20
1786739768.9084637,push -Z,fast,1786739746.1800432,-465.73058333646486,-182.22583584116876,720.1864435303678,13.666937688087874,-34.92979375023512,6.888944090227844e-20
1786739768.9368312,push -Z,fast,1786739746.1800432,-467.54121792649494,-183.96053497893502,724.9883546256087,13.797040123420249,-35.06559134448727,6.896745402919985e-20
1786739768.9650698,push -Z,fast,1786739746.1800432,-464.3934661253961,-181.1582058397894,706.6460592886242,13.58686543798424,-34.829509959404895,6.720935148624414e-20
1786739768.9936075,push -Z,fast,1786739746.1800432,-463.7422922261326,-183.6665661248304,702.1876496996847,13.774992459362469,-34.780671916960074,6.773647194656521e-20
1786739769.022094,push -Z,fast,1786739746.1800432,-463.11567469137344,-183.01151151738748,700.3712435734615,13.725863363804226,-34.73367560185317,6.751628381797136e-20
1786739769.0506084,push -Z,fast,1786739746.1800432,-463.04960503073016,-181.11925619444798,704.7105908933181,13.583944214583806,-34.72872037730495,6.733864377551291e-20
1786739769.0790017,push -Z,fast,1786739746.1800432,-463.4091208640775,-183.46883190465394,706.6552953545543,13.760162392849214,-34.755684064805976,6.778466761052443e-20
1786739769.1075125,push -Z,fast,1786739746.1800432,-462.3003634099118,-182.45026577115584,702.286262270818,13.683769932836885,-34.67252725574356,6.742720731752931e-20
1786739769.135477,push -Z,fast,1786739746.1800432,-463.8613485652472,-187.1056588211634,700.1942707919088,14.032924411587505,-34.78960114239383,6.845332092560563e-20
1786739769.164108,push -Z,fast,1786739746.1800432,-461.5803322941365,-184.44654582206306,693.5239522267057,13.833490936654965,-34.618524922060466,6.845307426720659e-20
1786739769.1925163,push -Z,fast,1786739746.1800432,-464.36637136267564,-185.3525145182856,703.8679756038,13.901438588871567,-34.827477852200886,6.94284285431421e-20
1786739769.221285,push -Z,fast,1786739746.1800432,-464.6819051947755,-186.67829811099307,708.4662976022901,14.000872358324745,-34.85114288960851,6.92892532349811e-20
1786739769.2516809,push -Z,fast,1786739746.1800432,-468.04561481609153,-189.69458260230374,716.7167150115583,14.227093695173014,-35.10342111120698,6.939753360077217e-20
1786739769.2777882,push -Z,fast,1786739746.1800432,-466.6949294310475,-185.4925823616636,725.1938199702663,13.911943677124928,-35.002119707328795,6.871135333548648e-20
1786739769.306473,push -Z,fast,1786739746.1800432,-464.8021431807674,-183.35307771403848,719.2401471362409,13.751480828553195,-34.860160738557866,6.820542059886368e-20
1786739769.334649,push -Z,fast,1786739746.1800432,-464.0524621637351,-182.65657734705576,719.21933844862,13.69924330102955,-34.80393466228035,6.814270858383554e-20
1786739769.3632615,push -Z,fast,1786739746.1800432,-464.5041852335803,-187.1658186541066,706.8104521662872,14.037436399058375,-34.83781389251859,6.863505198893822e-20
1786739769.391526,push -Z,fast,1786739746.1800432,-465.8150926474227,-186.79461065165674,705.7849159835268,14.009595798874624,-34.936131948556806,6.86283810690664e-20
1786739769.4198558,push -Z,fast,1786739746.1800432,-464.1187500843198,-185.96296324041634,700.0389020021539,13.94722224303148,-34.80890625632426,6.809902823452169e-20
1786739769.4487667,push -Z,fast,1786739746.1800432,-464.3458243189157,-185.11536857610247,704.8302281517517,13.883652643207721,-34.82593682391883,6.813127836310433e-20
1786739769.4769902,push -Z,fast,1786739746.1800432,-465.38536814635063,-188.58174203362967,710.4474394354938,14.143630652522365,-34.903902610976566,6.840818508172735e-20
1786739769.505403,push -Z,fast,1786739746.1800432,-464.8283544810092,-186.99779732014088,709.3601440177308,14.024834799010716,-34.86212658607581,6.854906590557992e-20
1786739769.533725,push -Z,fast,1786739746.1800432,-463.7384632233802,-187.8862041783134,696.9383749708932,14.091465313373764,-34.78038474175363,6.79604965488871e-20
1786739769.5621796,push -Z,fast,1786739746.1800432,-459.41026356981865,-186.57415801462253,678.3493982662876,13.99306185109688,-34.45576976773665,6.784327923620619e-20
1786739769.591063,push -Z,fast,1786739746.1800432,-459.9233987997213,-186.4971907022624,681.666055953051,13.98728930266984,-34.49425490997948,6.76890841872831e-20
1786739769.6194375,push -Z,fast,1786739746.1800432,-459.41617592175226,-184.88565364481565,695.5154172249922,13.866424023361315,-34.45621319413169,6.85156608327834e-20
1786739769.6477098,push -Z,fast,1786739746.1800432,-465.8265596639126,-183.54971798137979,721.8069363676477,13.766228848603735,-34.936991974793685,6.907352584310735e-20
1786739769.6765022,push -Z,fast,1786739746.1800432,-465.0708605844129,-183.5600809950039,719.8091535109143,13.767006074625524,-34.880314543831275,6.932327850674057e-20
1786739769.7049024,push -Z,fast,1786739746.1800432,-467.47794627572785,-183.84898354280438,713.473826010134,13.788673765710517,-35.06084597067983,6.829125656384369e-20
1786739769.732983,push -Z,fast,1786739746.1800432,-462.78653515571887,-182.0985036758915,707.7626717363,13.657387775692019,-34.70899013667917,6.79752670532008e-20
1786739769.7614138,push -Z,fast,1786739746.1800432,-464.4004935495482,-183.1395449800723,710.889395831241,13.735465873505714,-34.830037016216394,6.83998450828867e-20
1786739769.7898283,push -Z,fast,1786739746.1800432,-460.16802673758,-182.59448639294283,708.1696886913669,13.694586479471003,-34.51260200531879,6.869443046431135e-20
1786739769.8184605,push -Z,fast,1786739746.1800432,-461.9829485649989,-187.1553279174317,702.8922284610235,14.036649593807685,-34.64872114237506,6.855294615195073e-20
1786739769.84968,push -Z,fast,1786739746.1800432,-461.59850672103676,-189.1195325004294,704.360487992396,14.183964937532469,-34.619888004077886,6.8044016400976e-20
1786739769.8755102,push -Z,fast,1786739746.1800432,-464.39382667138034,-190.560885483633,707.6518507327137,14.292066411272653,-34.82953700035365,6.77511645822826e-20
1786739769.90398,push -Z,fast,1786739746.1800432,-464.1595778437036,-188.699938249281,712.3355069682093,14.152495368696261,-34.811968338278014,6.828929036217376e-20
1786739769.9324632,push -Z,fast,1786739746.1800432,-465.0930770656346,-185.97733600675247,712.8207956697488,13.94830020050669,-34.88198077992279,6.833279734668268e-20
1786739769.960465,push -Z,fast,1786739746.1800432,-464.85294361008664,-187.17157310378036,716.1474069792876,14.03786798278362,-34.863970770756694,6.893172321833133e-20
1786739769.9891138,push -Z,fast,1786739746.1800432,-460.2850944448619,-182.77454365717335,701.4159424874179,13.708090774288177,-34.52138208336489,6.77852421050925e-20
1786739770.0174901,push -Z,fast,1786739746.1800432,-462.26391080115945,-184.69422963111356,710.4147841188715,13.852067222333776,-34.66979331008698,6.851660516568281e-20
1786739770.0492673,push -Z,fast,1786739746.1800432,-462.5539424258109,-182.43201113076316,709.5523087041365,13.682400834807513,-34.691545681936084,6.837760991967011e-20
1786739770.0743034,push -Z,fast,1786739746.1800432,-469.1439525984215,-185.44178213041766,729.1108351666262,13.90813365978158,-35.185796444881746,6.943282735957436e-20
1786739770.102622,push -Z,fast,1786739746.1800432,-469.78108472817576,-185.65920141228787,717.8484330932351,13.924440105921729,-35.233581354613285,6.87324119832447e-20
1786739770.1314356,push -Z,fast,1786739746.1800432,-469.59816431572153,-185.5402961899414,717.8070209817106,13.915522214245865,-35.21986232367933,6.878618716190163e-20
1786739770.1595457,push -Z,fast,1786739746.1800432,-467.65355907851153,-184.56517933860493,718.1527093084824,13.842388450395664,-35.07401693088845,6.931265051138553e-20
1786739770.1880295,push -Z,fast,1786739746.1800432,-462.60478971512975,-182.4655331596606,707.404336429985,13.684914986974679,-34.695359228634906,6.856456698302472e-20
1786739770.216512,push -Z,fast,1786739746.1800432,-464.50116295359203,-184.2743029690081,713.3104328881218,13.820572722675987,-34.83758722151947,6.902692183656278e-20
1786739770.2447298,push -Z,fast,1786739746.1800432,-463.71571409701255,-186.04646685436342,705.6173011496721,13.953485014077447,-34.77867855727611,6.825571058709678e-20
1786739770.2736354,push -Z,fast,1786739746.1800432,-464.3214841447866,-185.69664833782633,727.6631980442817,13.927248625337189,-34.824111310859244,6.900402702854634e-20
1786739770.3017685,push -Z,fast,1786739746.1800432,-464.73182912836273,-187.88820019636296,723.4184349332354,14.091615014727292,-34.854887184627316,6.868105539474328e-20
1786739770.330092,push -Z,fast,1786739746.1800432,-463.07367273761247,-188.87038716872803,717.3072641976496,14.165279037654674,-34.73052545532112,6.815172781027365e-20
1786739770.3587096,push -Z,fast,1786739746.1800432,-464.7626848257073,-190.12754654505977,704.1510030356158,14.25956599087976,-34.85720136192821,6.844841013812493e-20
1786739770.3870623,push -Z,fast,1786739746.1800432,-461.67705945620673,-187.74543764371322,696.0748338994244,14.080907823278796,-34.62577945921571,6.840083270287179e-20
1786739770.4154534,push -Z,fast,1786739746.1800432,-465.2424495995024,-184.6944849606599,707.9033704058156,13.852086372049786,-34.89318371996292,6.929156445160776e-20
1786739770.444298,push -Z,fast,1786739746.1800432,-463.9367366369952,-182.07330693840981,712.1835582736994,13.6554980203809,-34.79525524777475,6.876912667091354e-20
1786739770.472473,push -Z,fast,1786739746.1800432,-469.2057712095375,-182.35074316444286,725.8851876908111,13.676305737333376,-35.19043284071538,6.914239467444626e-20
1786739770.5009034,push -Z,fast,1786739746.1800432,-466.66251732358023,-183.3677059979599,718.5769553849068,13.75257794984714,-34.999688799268625,6.818089127234325e-20
1786739770.5293422,push -Z,fast,1786739746.1800432,-465.89301830736713,-183.42325925747912,717.0054668492276,13.756744444311142,-34.94197637305273,6.807791958676086e-20
1786739770.557651,push -Z,fast,1786739746.1800432,-461.7436055347589,-185.1509686270507,711.6939868812433,13.88632264702903,-34.63077041510716,6.793355435305174e-20
1786739770.5861506,push -Z,fast,1786739746.1800432,-461.50280780309004,-185.8580259742729,713.3608042053484,13.939351948070577,-34.61271058523182,6.865090874399243e-20
1786739770.6145465,push -Z,fast,1786739746.1800432,-462.2799492750469,-187.53064874838947,711.6152492301817,14.06479865612933,-34.67099619562873,6.861879520303311e-20
1786739770.6429775,push -Z,fast,1786739746.1800432,-462.92626738381705,-184.80462893394304,713.5482524084728,13.860347170046051,-34.71947005378651,6.868024842833734e-20
1786739770.6715543,push -Z,fast,1786739746.1800432,-463.9835034030907,-183.68307518849304,712.9003329074148,13.776230639137122,-34.798762755232055,6.819664299356958e-20
1786739770.7001398,push -Z,fast,1786739746.1800432,-462.96998721768523,-182.92624825135124,707.5549659356648,13.71946861885159,-34.722749041326615,6.764427684826865e-20
1786739770.7283633,push -Z,fast,1786739746.1800432,-461.10713733332386,-185.2341234682948,696.6442687233903,13.892559260122344,-34.58303529999946,6.749712839386044e-20
1786739770.7567918,push -Z,fast,1786739746.1800432,-461.45337070038795,-186.9859959542323,699.6016389269562,14.023949696567602,-34.60900280252922,6.810164941471916e-20
1786739770.7854414,push -Z,fast,1786739746.1800432,-462.7185117299441,-186.82066189978366,699.4023314571514,14.011549642483995,-34.703888379745784,6.806416501329842e-20
1786739770.8136091,push -Z,fast,1786739746.1800432,-463.8766750322593,-183.8006025483021,705.4508078421331,13.785045191122808,-34.79075062741957,6.793599556343798e-20
1786739770.8434198,push -Z,fast,1786739746.1800432,-464.4103960262096,-183.31202640502238,706.9777817979857,13.748401980376972,-34.83077970196615,6.797509976087812e-20
1786739770.8709152,push -Z,fast,1786739746.1800432,-465.18029677638833,-183.56534955666382,718.1811851451639,13.767401216749942,-34.88852225822928,6.892298236586285e-20
1786739770.8990302,push -Z,fast,1786739746.1800432,-464.42507871090584,-183.55254139114493,723.8211514146333,13.766440604336108,-34.831880903318044,6.862206767466867e-20
1786739770.9273188,push -Z,fast,1786739746.1800432,-462.8081727408844,-182.92520007634448,716.8323725203009,13.719390005725959,-34.71061295556655,6.799348420204496e-20
1786739770.9559188,push -Z,fast,1786739746.1800432,-461.9271115889019,-182.49821688645864,714.1315025992262,13.68736626648479,-34.64453336916784,6.791374056577186e-20
1786739770.9845998,push -Z,fast,1786739746.1800432,-462.97425761719114,-185.0718139806712,706.0262700983403,13.880386048550445,-34.723069321289444,6.834363828538681e-20
1786739771.0126908,push -Z,fast,1786739746.1800432,-463.7823040590092,-183.61401013005855,709.635832798006,13.771050759754747,-34.783672804426,6.891345001630234e-20
1786739771.0425813,push -Z,fast,1786739746.1800432,-462.64343572125335,-186.73371929812436,703.7207075088363,14.005028947359545,-34.69825767909423,6.898649473123453e-20
1786739771.0697052,push -Z,fast,1786739746.1800432,-463.3944276692114,-184.56043716491638,713.3766563927402,13.842032787368925,-34.75458207519114,6.894492341882812e-20
1786739771.0980468,push -Z,fast,1786739746.1800432,-465.10797940576913,-188.11195008620666,717.8654925433511,14.10839625646567,-34.88309845543289,6.888461315295893e-20
1786739771.1268423,push -Z,fast,1786739746.1800432,-465.1501568126728,-185.59310342425238,715.5509059650485,13.919482756819004,-34.88626176095071,6.814422364709104e-20
1786739771.154824,push -Z,fast,1786739746.1800432,-466.3080113935084,-186.06818264403694,712.9966704658154,13.955113698302927,-34.97310085451326,6.825548866123547e-20
1786739771.183208,push -Z,fast,1786739746.1800432,-462.5918255359111,-183.40386952929873,705.7710956770279,13.755290214697663,-34.694386915193405,6.765738895584164e-20
1786739771.2118852,push -Z,fast,1786739746.1800432,-464.60620762481676,-182.1214775242927,715.3407735716783,13.659110814322116,-34.84546557186148,6.860993408833271e-20
1786739771.2422493,push -Z,fast,1786739746.1800432,-462.1284764367724,-182.3754888517367,710.2892899684393,13.678161663880513,-34.659635732758105,6.87505643320876e-20
1786739771.2684963,push -Z,fast,1786739746.1800432,-461.8380441196837,-183.0730797539817,708.2713545251345,13.73048098154889,-34.63785330897647,6.884448143178923e-20
1786739771.2971134,push -Z,fast,1786739746.1800432,-463.66181713437254,-185.77869565378455,708.9368152571215,13.933402174034132,-34.77463628507826,6.923993178786641e-20
1786739771.3254347,push -Z,fast,1786739746.1800432,-462.47374523048256,-184.47721196710745,703.2704964433633,13.835790897533396,-34.68553089228632,6.865356458499626e-20
1786739771.3540206,push -Z,fast,1786739746.1800432,-465.2539919971391,-183.46559453055613,712.0003042393691,13.759919589791924,-34.894049399785644,6.90820265062339e-20
1786739771.3822167,push -Z,fast,1786739746.1800432,-461.378131052903,-184.11276688017517,711.9308417680932,13.808457516013394,-34.60335982896784,6.865681215460167e-20
1786739771.410886,push -Z,fast,1786739746.1800432,-464.07813627196674,-185.6284233018033,718.3769011389895,13.922131747635458,-34.80586022039767,6.899930798350874e-20
1786739771.4412887,push -Z,fast,1786739746.1800432,-466.1085342774659,-186.21759798781443,724.8423880757537,13.966319849086194,-34.95814007081001,6.907543968284643e-20
1786739771.467478,push -Z,fast,1786739746.1800432,-467.857233383118,-181.59548690012753,726.4259313768607,13.619661517509652,-35.08929250373393,6.867012611452932e-20
1786739771.4964297,push -Z,fast,1786739746.1800432,-466.52269437423274,-178.4453149323466,728.6214072374778,13.383398619926385,-34.989202078067684,6.87465003017805e-20
1786739771.5245829,push -Z,fast,1786739746.1800432,-462.9515783989186,-178.2368871710455,713.6145245734879,13.367766537828697,-34.721368379919056,6.817805540595585e-20
1786739771.55322,push -Z,fast,1786739746.1800432,-462.27443346128666,-180.97474481938684,704.244821711055,13.573105861454241,-34.67058250959671,6.861738479008976e-20
1786739771.5812914,push -Z,fast,1786739746.1800432,-458.6475118388448,-183.47574231174497,694.3469153207807,13.760680673381028,-34.39856338791344,6.826113726095619e-20
1786739771.610249,push -Z,fast,1786739746.1800432,-459.7821153250984,-183.23975483941365,702.9822557825819,13.742981612956132,-34.483658649382626,6.876706934866357e-20
1786739771.6416152,push -Z,fast,1786739746.1800432,-460.66596375184736,-186.3022629204578,705.602099617041,13.972669719034474,-34.5499472813888,6.842964935668658e-20
1786739771.6668503,push -Z,fast,1786739746.1800432,-464.0737430509271,-186.43558371650852,716.3199713683189,13.982668778738347,-34.805530728819846,6.893553341740845e-20
1786739771.695161,push -Z,fast,1786739746.1800432,-464.80021577911975,-187.02590892564797,716.756115016603,14.026943169423806,-34.86001618343408,6.896566562535873e-20
1786739771.7236106,push -Z,fast,1786739746.1800432,-464.55767202085735,-184.00677982571517,720.18097429092,13.800508486928916,-34.84182540156439,6.90653115113895e-20
1786739771.7522724,push -Z,fast,1786739746.1800432,-466.15173438317424,-184.62593304873758,717.3837429750893,13.846944978655468,-34.9613800787382,6.850761447965611e-20
1786739771.7805157,push -Z,fast,1786739746.1800432,-464.48445800211675,-182.9056075305583,712.2467715797357,13.717920564792113,-34.83633435015883,6.910462475997139e-20
1786739771.8090963,push -Z,fast,1786739746.1800432,-464.8986350087048,-184.88558088658408,714.4154719649359,13.866418566493923,-34.867397625653076,6.976574782639794e-20
1786739771.8373816,push -Z,fast,1786739746.1800432,-466.80327569199926,-185.34430093553806,721.7534264235774,13.900822570165655,-35.01024567690015,7.058064805319333e-20
1786739771.8658288,push -Z,fast,1786739746.1800432,-468.104486889456,-187.87866928515848,722.7790862360725,14.090900196387079,-35.10783651670922,6.945290376109543e-20
1786739771.894646,push -Z,fast,1786739746.1800432,-466.736344646974,-185.88144496531993,719.7156142837048,13.94110837239916,-35.00522584852328,6.882150968993795e-20
1786739771.9230323,push -Z,fast,1786739746.1800432,-461.9739698430185,-184.08369846640107,709.6714460197436,13.806277384980344,-34.648047738226616,6.797730319897627e-20
1786739771.9513834,push -Z,fast,1786739746.1800432,-460.3485100183534,-182.15019922197632,708.2587468671845,13.661264941648515,-34.52613825137673,6.865422370763076e-20
1786739771.9797866,push -Z,fast,1786739746.1800432,-460.16000951966726,-184.23645860405747,705.7755640820878,13.817734395304523,-34.512000713975105,6.866355400351405e-20
1786739772.0080585,push -Z,fast,1786739746.1800432,-461.74827789145684,-184.4040901649961,707.5617333697619,13.830306762374999,-34.63112084185944,6.924457049688637e-20
1786739772.0366874,push -Z,fast,1786739746.1800432,-463.30827829492137,-186.5102757048661,711.7112554467785,13.988270677865298,-34.74812087211918,6.904340180622665e-20
1786739772.0649812,push -Z,fast,1786739746.1800432,-465.40137277662507,-182.14220539663495,715.1034217931247,13.660665404747963,-34.905102958247,6.89413509959572e-20
1786739772.0933313,push -Z,fast,1786739746.1800432,-465.9305997465667,-180.22971129600876,726.417561591039,13.517228347200938,-34.94479498099281,6.901222015383435e-20
1786739772.1218848,push -Z,fast,1786739746.1800432,-464.7013057277086,-176.4012783690671,725.1606673032884,13.230095877680302,-34.8525979295785,6.897943706353989e-20
1786739772.1503239,push -Z,fast,1786739746.1800432,-463.39827519271284,-179.13687579802854,726.065505368997,13.435265684852386,-34.75487063945363,6.941870783701413e-20
1786739772.1787484,push -Z,fast,1786739746.1800432,-462.40394605396114,-182.3650002373522,718.7496649247369,13.677375017801712,-34.68029595404734,6.987519525875427e-20
1786739772.2077363,push -Z,fast,1786739746.1800432,-462.2430698804869,-183.71117830800222,711.9277387115262,13.778338373100357,-34.668230241036774,6.961304712823885e-20
1786739772.2357118,push -Z,fast,1786739746.1800432,-466.4063525491533,-187.11983401588407,717.0305293259462,14.033987551191611,-34.980476441186774,6.954017322382273e-20
1786739772.2644317,push -Z,fast,1786739746.1800432,-469.28500156301106,-185.2000405815104,718.182050381688,13.890003043613458,-35.196375117226054,6.93228621627491e-20
1786739772.2926302,push -Z,fast,1786739746.1800432,-474.77747103863794,-187.23918374748075,731.7499697941403,14.042938781061292,-35.60831032789799,6.944448206435016e-20
1786739772.321198,push -Z,fast,1786739746.1800432,-473.16406780239413,-186.9771321791851,724.4811437402996,14.023284913439038,-35.487305085179706,6.888668718583405e-20
1786739772.3495302,push -Z,fast,1786739746.1800432,-469.0398327397943,-185.3434622703121,719.3987934549586,13.90075967027364,-35.177987455484754,6.734719798525093e-20
1786739772.378074,push -Z,fast,1786739746.1800432,-464.8940308300421,-184.335219576731,712.4562787846662,13.825141468254959,-34.86705231225326,6.799000042894823e-20
1786739772.406575,push -Z,fast,1786739746.1800432,-460.46195053742804,-179.196995648776,702.3025431340157,13.439774673658494,-34.53464629030716,6.772831455782627e-20
1786739772.4349914,push -Z,fast,1786739746.1800432,-464.2764013115275,-184.64824365187485,707.6639048422694,13.848618273890924,-34.820730098364656,6.84541697703183e-20
1786739772.4632976,push -Z,fast,1786739746.1800432,-467.0618541657059,-186.2489769483002,720.43880814167,13.968673271122793,-35.029639062428075,6.878695383554153e-20
1786739772.4917488,push -Z,fast,1786739746.1800432,-467.42460239234106,-186.25306974323303,726.1157432970258,13.968980230742705,-35.056845179425565,6.887415295052063e-20
1786739772.5202498,push -Z,fast,1786739746.1800432,-465.2708977797265,-186.3324631166828,719.5031411863556,13.974934733751429,-34.89531733347975,6.93158414454928e-20
1786739772.5486898,push -Z,fast,1786739746.1800432,-462.54213559928667,-187.61274946021456,706.7307565570936,14.070956209516307,-34.69066016994668,6.82975565657479e-20
1786739772.576973,push -Z,fast,1786739746.1800432,-459.9524373444824,-191.90237725339534,699.6392294433599,14.392678294004757,-34.49643280083642,6.765909012838496e-20
1786739772.6057987,push -Z,fast,1786739746.1800432,-459.58533998289295,-186.10107702049686,703.0847929232896,13.957580776537593,-34.4689004987172,6.710912714659576e-20
1786739772.6340375,push -Z,fast,1786739746.1800432,-457.00362706735996,-183.10639680000907,696.586154835747,13.732979760000948,-34.275272030052214,6.645595165593708e-20
1786739772.6623404,push -Z,fast,1786739746.1800432,-461.6750598268868,-180.84702594039402,709.5940456825565,13.563526945529876,-34.6256294870166,6.754076139670033e-20
1786739772.69104,push -Z,fast,1786739746.1800432,-463.4933153747884,-185.50435606900976,709.2357182889236,13.912826705175963,-34.76199865310932,6.809648253391469e-20
1786739772.7194164,push -Z,fast,1786739746.1800432,-463.96224648650923,-186.4420989520089,718.3653012827117,13.983157421401007,-34.797168486488545,6.92954701503306e-20
1786739772.7476969,push -Z,fast,1786739746.1800432,-465.1498437145942,-184.5983840007043,719.453182242466,13.844878800053099,-34.88623827859471,6.886456059534093e-20
1786739772.7762723,push -Z,fast,1786739746.1800432,-465.8090380321778,-182.85333714309934,723.0643388810295,13.714000285732684,-34.935677852413626,6.927360042513503e-20
1786739772.8044162,push -Z,fast,1786739746.1800432,-467.1815791871454,-182.3388454654479,721.5121613578494,13.675413409908803,-35.03861843903612,6.856986246585623e-20
1786739772.8360043,push -Z,fast,1786739746.1800432,-465.4048089098151,-182.45480041731253,717.946406510242,13.684110031298768,-34.9053606682364,6.913214363229427e-20
1786739772.8613088,push -Z,fast,1786739746.1800432,-464.35797773919194,-182.61878776562355,723.5608303692215,13.696409082422026,-34.8268483304396,6.912255322408924e-20
1786739772.8898394,push -Z,fast,1786739746.1800432,-467.71446721511984,-182.56021436580374,728.2800719341267,13.692016077435635,-35.07858504113419,6.972748404566034e-20
1786739772.9182503,push -Z,fast,1786739746.1800432,-466.5177280768703,-184.27730525560696,725.96760313308,13.820797894170799,-34.98882960576547,6.917587900696467e-20
1786739772.9466827,push -Z,fast,1786739746.1800432,-464.09551396590905,-182.50906590167835,707.5162858151125,13.688179942626103,-34.807163547443395,6.813680261278362e-20
1786739772.9751987,push -Z,fast,1786739746.1800432,-460.52847564547346,-181.68199682868885,696.3942603414034,13.626149762152,-34.539635673410686,6.796488528988244e-20
1786739773.0039425,push -Z,fast,1786739746.1800432,-460.8266505712081,-182.0930457368181,695.2630538192934,13.656978430261706,-34.56199879284076,6.781540895479092e-20
1786739773.0324457,push -Z,fast,1786739746.1800432,-460.2984321049166,-183.7643547911124,698.2631886951776,13.782326609333648,-34.52238240786898,6.758470207165095e-20
1786739773.060321,push -Z,fast,1786739746.1800432,-462.1906920913948,-189.50343623028914,702.064319263116,14.212757717271952,-34.664301906854746,6.705283659848302e-20
1786739773.0891573,push -Z,fast,1786739746.1800432,-464.09763975199985,-189.28362078615862,706.6238309306154,14.1962715589621,-34.80732298140002,6.78712725061532e-20
1786739773.1173224,push -Z,fast,1786739746.1800432,-467.19823463029024,-189.9489988847397,713.1442616505155,14.246174916355496,-35.03986759727204,6.871801310028443e-20
1786739773.1457129,push -Z,fast,1786739746.1800432,-467.0204591643069,-188.93088905618765,706.0942097593443,14.169816679214232,-35.02653443732303,6.921562081408782e-20
1786739773.1745765,push -Z,fast,1786739746.1800432,-466.19739713658646,-188.06179105833837,703.6980271181683,14.10463432937549,-34.9648047852442,6.88564443435118e-20
1786739773.202652,push -Z,fast,1786739746.1800432,-465.1240413211831,-188.79521998552627,699.0746617498553,14.159641498914684,-34.88430309908902,6.854754510011047e-20
1786739773.2317858,push -Z,fast,1786739746.1800432,-462.74113848312527,-184.14624412095952,700.7187819487563,13.810968309072155,-34.705585386234524,6.79371081881788e-20
1786739773.2598393,push -Z,fast,1786739746.1800432,-466.4398683117197,-189.3824776983123,706.8329955969093,14.203685827373707,-34.9829901233793,6.8466047671356e-20
1786739773.288089,push -Z,fast,1786739746.1800432,-467.61130498810735,-192.1370911077355,708.7256250536129,14.410281833080415,-35.07084787410825,6.845799544482078e-20
1786739773.3164225,push -Z,fast,1786739746.1800432,-468.03606084360945,-192.13506368941955,711.6002523884081,14.410129776706608,-35.10270456327087,6.844215330339973e-20
1786739773.3449144,push -Z,fast,1786739746.1800432,-463.50640575929447,-187.73784355775422,698.1507968335727,14.08033826683182,-34.762980431947256,6.729679223122865e-20
1786739773.3733213,push -Z,fast,1786739746.1800432,-462.64304723784926,-184.63495643562044,699.3844005554565,13.847621732671708,-34.698228542839004,6.733161764668044e-20
1786739773.4016147,push -Z,fast,1786739746.1800432,-462.1150482780304,-186.91962988390355,700.0304599496576,14.018972241292932,-34.65862862085257,6.74759488581997e-20
1786739773.4311442,push -Z,fast,1786739746.1800432,-462.93591032236236,-187.4277286353788,709.590155070423,14.057079647653534,-34.7201932741773,6.846846566007613e-20
1786739773.4585783,push -Z,fast,1786739746.1800432,-465.37647875954553,-186.33335670791223,716.0629421508138,13.97500175309374,-34.903235906966216,6.892502711488824e-20
1786739773.4871864,push -Z,fast,1786739746.1800432,-466.3006268019976,-183.97924254513634,717.7722042247606,13.798443190885475,-34.9725470101499,6.8900964777934e-20
1786739773.5155594,push -Z,fast,1786739746.1800432,-466.8356419210804,-182.4326029213861,717.125799838841,13.68244521910417,-35.01267314408114,6.829532317987582e-20
1786739773.5438528,push -Z,fast,1786739746.1800432,-462.172223847077,-179.4407169796806,704.2608894113246,13.458053773476355,-34.66291678853098,6.687533632672717e-20
1786739773.572314,push -Z,fast,1786739746.1800432,-462.3340735899219,-181.3589912719267,703.3460461954137,13.601924345394696,-34.67505551924424,6.710246412607256e-20
1786739773.6007102,push -Z,fast,1786739746.1800432,-462.6569042105166,-183.77467847540754,710.4493267721809,13.783100885655745,-34.69926781578892,6.809331286975307e-20
1786739773.632327,push -Z,fast,1786739746.1800432,-463.6463392368364,-186.63614870883612,716.1002937513449,13.997711153162943,-34.77347544276289,6.895517297002424e-20
1786739773.6577146,push -Z,fast,1786739746.1800432,-463.49177673676695,-184.10241870582092,719.6660064364105,13.80768140293669,-34.76188325525768,6.890195524242623e-20
1786739773.6861877,push -Z,fast,1786739746.1800432,-462.83028537534983,-185.56820509504826,708.8173874934719,13.91761538212884,-34.71227140315133,6.834679269510138e-20
1786739773.714493,push -Z,fast,1786739746.1800432,-463.80468260130465,-184.80324095923913,713.1151858016483,13.860243071943191,-34.78535119509805,6.865309003684221e-20
1786739773.7431056,push -Z,fast,1786739746.1800432,-463.40676545873066,-186.28689749759337,705.934248608186,13.971517312319836,-34.755507409405034,6.83403323158521e-20
1786739773.7713873,push -Z,fast,1786739746.1800432,-461.818834727434,-180.36197340526735,705.1491983567221,13.527148005395052,-34.63641260455777,6.753518822439867e-20
1786739773.7999623,push -Z,fast,1786739746.1800432,-462.5888119338715,-184.14013396388123,702.8763625803331,13.810510047291306,-34.69416089504039,6.739116650356788e-20
1786739773.8284316,push -Z,fast,1786739746.1800432,-463.32471870307836,-183.68001160047754,711.705367734673,13.77600087003604,-34.749353902730995,6.777480386816284e-20
1786739773.8567743,push -Z,fast,1786739746.1800432,-463.76891388323247,-186.5138287137113,716.816314026094,13.988537153528544,-34.782668541242614,6.842319637221643e-20
1786739773.8850846,push -Z,fast,1786739746.1800432,-462.9184548144244,-182.89588681325336,710.3971818915943,13.717191510994223,-34.718884111082225,6.753128227903055e-20
1786739773.9139338,push -Z,fast,1786739746.1800432,-465.24968609372627,-183.74374871143743,709.6332745947948,13.780781153357974,-34.89372645702969,6.768489093554274e-20
1786739773.9420478,push -Z,fast,1786739746.1800432,-467.22938681877713,-185.86332909627765,710.0471762499146,13.939749682221144,-35.04220401140863,6.783493058739333e-20
1786739773.9704,push -Z,fast,1786739746.1800432,-468.6994034127092,-189.76806761720013,714.6815607190447,14.232605071290234,-35.15245525595347,6.877719977604804e-20
1786739773.998846,push -Z,fast,1786739746.1800432,-466.0846255939214,-188.22951541316763,708.2890898753512,14.117213655987786,-34.95634691954441,6.867525280246131e-20
1786739774.0273035,push -Z,fast,1786739746.1800432,-466.7857325886089,-188.33741455379663,707.7424929149429,14.125306091534878,-35.00892994414577,6.870255692350574e-20
1786739774.055749,push -Z,fast,1786739746.1800432,-464.76612661425224,-185.25208071781913,704.9985035743148,13.893906053836783,-34.85745949606924,6.802629386933767e-20
1786739774.0841982,push -Z,fast,1786739746.1800432,-467.0247658532958,-186.98733093388603,714.7624528058323,14.024049820041714,-35.026857438997425,6.86687817378798e-20
1786739774.112457,push -Z,fast,1786739746.1800432,-467.54943736471887,-184.48902709619801,717.4148794881457,13.836677032214983,-35.06620780235414,6.832341612670199e-20
1786739774.1411664,push -Z,fast,1786739746.1800432,-468.16462637229733,-187.77810695119956,711.5507209794605,14.083358021340278,-35.11234697792253,6.888825114914109e-20
1786739774.1692858,push -Z,fast,1786739746.1800432,-465.84007375125793,-187.36035574807033,704.5475753152741,14.052026681105342,-34.93800553134451,6.82631905864212e-20
1786739774.1977313,push -Z,fast,1786739746.1800432,-465.53399580930045,-188.55184693045874,711.2683704215287,14.14138851978468,-34.91504968569778,6.902157255674399e-20
1786739774.2275684,push -Z,fast,1786739746.1800432,-465.7190905792654,-185.6388375118736,719.5269561291434,13.922912813390642,-34.92893179344518,6.920798074898969e-20
1786739774.2546244,push -Z,fast,1786739746.1800432,-468.26934495425576,-186.4391095091488,730.6211496796741,13.982933213186254,-35.12020087156939,6.94006269875514e-20
1786739774.2834082,push -Z,fast,1786739746.1800432,-464.3382406640417,-184.57789183413638,710.7288090066304,13.843341887560573,-34.82536804980337,6.825304664937907e-20
1786739774.3115032,push -Z,fast,1786739746.1800432,-463.88537205465263,-182.0744900356408,710.9257069862815,13.655586752673212,-34.79140290409913,6.799345932467595e-20
1786739774.3402433,push -Z,fast,1786739746.1800432,-462.53275407675073,-179.05502863669335,699.7560527394435,13.429127147752123,-34.6899565557566,6.76446913074251e-20
1786739774.3683906,push -Z,fast,1786739746.1800432,-465.40883084428106,-180.66649339279263,708.7622952362899,13.549987004459627,-34.9056623133212,6.861554639574298e-20
1786739774.39704,push -Z,fast,1786739746.1800432,-465.50363993448354,-184.89621206337222,706.8479819629083,13.867215904753113,-34.91277299508648,6.900073831439637e-20
1786739774.4263544,push -Z,fast,1786739746.1800432,-464.49030013875745,-187.9875303676023,705.3564581119745,14.099064777570351,-34.83677251040703,6.922247254911276e-20
1786739774.4537814,push -Z,fast,1786739746.1800432,-464.3322414372187,-190.43796772377107,712.936383791256,14.282847579283061,-34.82491810779154,6.944317903771602e-20
1786739774.4820802,push -Z,fast,1786739746.1800432,-466.36086890486104,-192.39702329112254,710.1412644037046,14.429776746834431,-34.977065167864694,6.960626177596347e-20
1786739774.5105872,push -Z,fast,1786739746.1800432,-466.38383766024026,-191.12510882691765,715.5080418546358,14.334383162018913,-34.978787824518086,6.960993750830226e-20
1786739774.5388777,push -Z,fast,1786739746.1800432,-463.3753167679679,-188.46587113869032,701.031057060597,14.134940335401826,-34.75314875759779,6.84925625309453e-20
1786739774.5673163,push -Z,fast,1786739746.1800432,-462.85968780054236,-183.24444717483777,706.440049945556,13.743333538113053,-34.71447658504092,6.758456064949299e-20
1786739774.5956244,push -Z,fast,1786739746.1800432,-461.4027475511016,-182.33762184044213,701.6588877856202,13.675321638033314,-34.60520606633277,6.698509988067241e-20
1786739774.6264029,push -Z,fast,1786739746.1800432,-462.44674092274226,-183.33787656822915,704.8244362426949,13.750340742617265,-34.68350556920596,6.724686455435163e-20
1786739774.6526685,push -Z,fast,1786739746.1800432,-464.1183507101191,-187.21165643485222,711.6229379207634,14.040874232614154,-34.8088763032591,6.825309329494858e-20
1786739774.6811316,push -Z,fast,1786739746.1800432,-465.64861848598366,-189.02624206406108,712.4004889844537,14.17696815480485,-34.923646386449036,6.893956191422072e-20
1786739774.7094998,push -Z,fast,1786739746.1800432,-466.5844840454938,-188.38832024991655,713.2000092576845,14.129124018744083,-34.99383630341224,6.898516767773601e-20
1786739774.7379456,push -Z,fast,1786739746.1800432,-461.1402360302877,-186.6882275870097,698.3941671647171,14.001617069026093,-34.58551770227182,6.801687150245353e-20
1786739774.76642,push -Z,fast,1786739746.1800432,-460.3991915065317,-186.26342717448426,700.0833025380662,13.96975703808656,-34.52993936299004,6.809918139848817e-20
1786739774.7948103,push -Z,fast,1786739746.1800432,-460.67057130776175,-185.63439420299198,705.5209015530118,13.92257956522452,-34.55029284808235,6.841775456997933e-20
1786739774.8252373,push -Z,fast,1786739746.1800432,-462.7867122339203,-185.5053648432213,714.2989367651635,13.912902363241844,-34.70900341754418,6.874913232186147e-20
1786739774.8516953,push -Z,fast,1786739746.1800432,-465.5222381720714,-185.9436986142399,722.2196555560004,13.945777396068255,-34.914167862905586,6.886723763664716e-20
1786739774.8801227,push -Z,fast,1786739746.1800432,-465.13106005553936,-187.8741742720681,717.9222168254528,14.090563070405526,-34.88482950416569,6.803836992207066e-20
1786739774.9089131,push -Z,fast,1786739746.1800432,-466.03331786641365,-186.39866110413118,715.3997267474424,13.979899582810123,-34.952498839981295,6.816200370998974e-20
1786739774.9370763,push -Z,fast,1786739746.1800432,-465.1303146455002,-187.03482670021435,707.4966190707173,14.027612002516417,-34.88477359841272,6.86015084386065e-20
1786739774.9653468,push -Z,fast,1786739746.1800432,-466.2585714539673,-186.65754637179077,710.2708061634357,13.999315977884539,-34.969392859047645,6.967589643633438e-20
1786739774.9939795,push -Z,fast,1786739746.1800432,-466.4215145967987,-188.60064912663302,714.0378559371702,14.145048684497748,-34.98161359476005,6.982324223433771e-20
1786739775.02362,push -Z,fast,1786739746.1800432,-464.84100543404475,-186.1069788769821,713.5178305641148,13.958023415773926,-34.86307540755354,6.82116158388377e-20
1786739775.0508738,push -Z,fast,1786739746.1800432,-462.39250981075156,-184.28013200118528,709.1488295188656,13.82100990008907,-34.67943823580671,6.713224484672537e-20
1786739775.079409,push -Z,fast,1786739746.1800432,-460.8852549754156,-184.01283477137838,706.6753657251147,13.800962607853588,-34.5663941231564,6.697062248318762e-20
1786739775.1076758,push -Z,fast,1786739746.1800432,-460.7737943497518,-186.5608563566759,701.7978829438216,13.992064226750937,-34.55803457623145,6.764922268254743e-20
1786739775.1361957,push -Z,fast,1786739746.1800432,-460.5479058963256,-184.2088896664061,703.2490580992471,13.815666724980634,-34.541092942224616,6.856724701952959e-20
1786739775.1646068,push -Z,fast,1786739746.1800432,-460.8074399494076,-182.57949001373345,702.8896559527193,13.693461751030203,-34.56055799620559,6.84677411695986e-20
1786739775.192859,push -Z,fast,1786739746.1800432,-462.68104372416883,-183.03494973078807,711.0543472301433,13.727621229809376,-34.70107827931288,6.883915420633533e-20
1786739775.221455,push -Z,fast,1786739746.1800432,-463.60032633883156,-186.06564651196902,712.1861337423106,13.954923488397892,-34.77002447541268,6.853245504885989e-20
1786739775.2499108,push -Z,fast,1786739746.1800432,-466.52750428281706,-188.39640342298878,713.7538816228371,14.129730256724425,-34.98956282121136,6.886671585999247e-20
1786739775.2783213,push -Z,fast,1786739746.1800432,-463.3817263208134,-185.78890479514223,706.192684819378,13.93416785963571,-34.75362947406129,6.82224709625688e-20
1786739775.306997,push -Z,fast,1786739746.1800432,-462.63374816340956,-185.3740179313561,701.4076840808175,13.903051344851864,-34.697531112255774,6.757040753675923e-20
1786739775.335061,push -Z,fast,1786739746.1800432,-457.21716256382115,-185.31854556829398,688.2478483949453,13.898890917622285,-34.29128719228679,6.677769663708603e-20
1786739775.3636417,push -Z,fast,1786739746.1800432,-460.2087640212653,-186.6291339075866,693.7240241960826,13.99718504306919,-34.51565730159493,6.672106214107023e-20
1786739775.3920054,push -Z,fast,1786739746.1800432,-460.51147825676117,-184.17123888006586,699.3184491887741,13.812842916005042,-34.53836086925739,6.689888083044358e-20
1786739775.4232645,push -Z,fast,1786739746.1800432,-464.15934184397065,-183.9797799887,716.3330828859544,13.798483499152677,-34.811950638298036,6.76899435277618e-20
1786739775.4489868,push -Z,fast,1786739746.1800432,-463.2116712862389,-182.75625196913472,715.1787735527078,13.706718897685395,-34.74087534646807,6.81652572007851e-20
1786739775.4772053,push -Z,fast,1786739746.1800432,-464.28439688329036,-186.5059812805148,714.4393710513068,13.987948596038887,-34.82132976624705,6.838480639534727e-20
1786739775.5057626,push -Z,fast,1786739746.1800432,-464.08011664648484,-188.27016059356095,702.3737706261363,14.120262044517116,-34.80600874848664,6.7701203627945e-20
1786739775.5341172,push -Z,fast,1786739746.1800432,-463.7285521885615,-188.72187481391154,705.2256155297218,14.15414061104362,-34.7796414141424,6.808767282450568e-20
1786739775.5628672,push -Z,fast,1786739746.1800432,-461.7250233668651,-187.2584543723566,701.0117687043694,14.044384077926924,-34.62937675251512,6.785950529082487e-20
1786739775.5910375,push -Z,fast,1786739746.1800432,-460.86728400676975,-183.68995436646958,706.6128155475417,13.776746577485337,-34.56504630050777,6.832129473848554e-20
1786739775.6197698,push -Z,fast,1786739746.1800432,-462.1838297730278,-184.56910929518892,707.5363084323944,13.842683197139419,-34.66378723297729,6.838328799236015e-20
1786739775.6480567,push -Z,fast,1786739746.1800432,-466.8107542219641,-185.01818763488302,713.2923996788031,13.876364072616422,-35.01080656664748,6.941934739616271e-20
1786739775.6763988,push -Z,fast,1786739746.1800432,-465.1594142455988,-188.32778098070867,708.6466115193307,14.12458357355332,-34.88695606841991,6.895556002651528e-20
1786739775.7050269,push -Z,fast,1786739746.1800432,-463.5752919019192,-188.75660207075464,701.3269731217815,14.156745155307025,-34.768146892644126,6.81998299280135e-20
1786739775.7332544,push -Z,fast,1786739746.1800432,-462.61849487882773,-188.4929182967212,706.8235214694623,14.136968872254275,-34.69638711591237,6.800638998173182e-20
1786739775.761586,push -Z,fast,1786739746.1800432,-464.2823904889483,-186.27770803307124,710.8667953284876,13.970828102480478,-34.821179286671374,6.860153269463961e-20
1786739775.7900069,push -Z,fast,1786739746.1800432,-464.8497692826445,-186.62950504435287,718.1431341303623,13.997212878326788,-34.86373269619839,6.943423250573497e-20
1786739775.8184392,push -Z,fast,1786739746.1800432,-464.2322651392874,-187.23678803019072,712.585467894547,14.042759102264629,-34.8174198854467,6.94692805634735e-20
1786739775.8469043,push -Z,fast,1786739746.1800432,-465.59222732859644,-186.14837106512175,721.1964002192572,13.961127829884287,-34.91941704964493,6.977908617166997e-20
1786739775.8751907,push -Z,fast,1786739746.1800432,-465.20910079563464,-185.66966287224284,715.7826909345786,13.925224715418384,-34.89068255967279,6.924593356147297e-20
1786739775.9037166,push -Z,fast,1786739746.1800432,-464.8798120678766,-184.4655003240215,720.2594662831398,13.834912524301782,-34.8659859050909,6.894890177273513e-20
1786739775.932316,push -Z,fast,1786739746.1800432,-463.51344405987356,-184.1093494551901,713.4256599518267,13.808201209139437,-34.76350830449062,6.845513552390465e-20
1786739775.9605134,push -Z,fast,1786739746.1800432,-462.69779433081567,-185.2294096445322,709.7604383255102,13.892205723340158,-34.702334574811324,6.852316593980689e-20
1786739775.9891763,push -Z,fast,1786739746.1800432,-462.9100580722661,-188.32895241352514,706.0874840796241,14.124671431014672,-34.71825435542008,6.894381578397524e-20
1786739776.0174644,push -Z,fast,1786739746.1800432,-463.76398264705995,-189.12716795357437,706.9491064097228,14.184537596518378,-34.782298698529566,6.906091882162563e-20
1786739776.0459816,push -Z,fast,1786739746.1800432,-464.2632120371495,-187.90355735453556,706.526736995037,14.092766801590312,-34.81974090278643,6.90862128565397e-20
1786739776.0743365,push -Z,fast,1786739746.1800432,-464.36339369817415,-186.12556363261876,711.2574089743721,13.95941727244659,-34.82725452736325,6.936219179683797e-20
1786739776.1030197,push -Z,fast,1786739746.1800432,-463.5235526347178,-188.2133645019636,706.2237629265856,14.116002337647483,-34.76426644760403,6.900974366288432e-20
1786739776.1314013,push -Z,fast,1786739746.1800432,-464.3319192550275,-187.3432288490411,711.9562879750292,14.050742163678496,-34.82489394412736,6.89779495326448e-20
1786739776.1597924,push -Z,fast,1786739746.1800432,-463.00283410707107,-188.062849224214,705.5465865194001,14.104713691816197,-34.72521255803063,6.817355350105753e-20
1786739776.188136,push -Z,fast,1786739746.1800432,-463.47087059799014,-186.51884116332383,708.7737229176582,13.988913087249461,-34.76031529484952,6.85926053493228e-20
1786739776.218382,push -Z,fast,1786739746.1800432,-464.49469853213077,-187.3725989027613,714.4364043914156,14.052944917707226,-34.83710238991001,6.936308391948017e-20
1786739776.2451506,push -Z,fast,1786739746.1800432,-465.60772594600576,-186.39771841781044,720.0059498979354,13.979828881336058,-34.9205794459506,6.978949271094655e-20
1786739776.2735558,push -Z,fast,1786739746.1800432,-465.42052915588874,-185.33958285529536,723.9617999213751,13.900468714147376,-34.90653968669171,6.980877294084287e-20
1786739776.3018625,push -Z,fast,1786739746.1800432,-464.78969600811115,-184.52618282894457,717.7910905218505,13.83946371217117,-34.85922720060851,6.904193463995919e-20
1786739776.3303576,push -Z,fast,1786739746.1800432,-464.8381751137081,-183.92791466725396,710.7304193035106,13.794593600044177,-34.86286313352835,6.857883403958163e-20
1786739776.3587012,push -Z,fast,1786739746.1800432,-466.4046394481629,-183.56029637796541,711.4921906896325,13.767022228347638,-34.98034795861244,6.858723804642723e-20
1786739776.3874054,push -Z,fast,1786739746.1800432,-465.2252123892422,-183.22573828345185,712.36585522317,13.741930371258963,-34.89189092919348,6.844855936427707e-20
1786739776.4174416,push -Z,fast,1786739746.1800432,-466.0386101924091,-182.39663267977858,724.6075627931068,13.679747450983587,-34.95289576443098,6.941378629816664e-20
1786739776.4440084,push -Z,fast,1786739746.1800432,-464.803156225948,-185.9653437066646,723.5731257517209,13.947400778000056,-34.86023671694626,6.951261196694356e-20
1786739776.472458,push -Z,fast,1786739746.1800432,-466.1576462494986,-186.61944350084673,726.2609660309108,13.99645826256361,-34.96182346871272,6.98339448941693e-20
1786739776.5008786,push -Z,fast,1786739746.1800432,-462.80963282748417,-187.92384282428327,712.6875148954241,14.094288211821524,-34.71072246206144,6.857320909322528e-20
1786739776.5295238,push -Z,fast,1786739746.1800432,-461.10309090318196,-183.41419614110384,703.5490669016817,13.756064710583,-34.582731817738775,6.828405547692268e-20
1786739776.55773,push -Z,fast,1786739746.1800432,-457.5083641932738,-182.40918790536853,690.3066329228095,13.680689092902899,-34.31312731449564,6.732720451937208e-20
1786739776.586523,push -Z,fast,1786739746.1800432,-459.2339777539951,-182.1666055774008,694.1267874006808,13.662495418305166,-34.44254833154983,6.751626851890176e-20
1786739776.6163895,push -Z,fast,1786739746.1800432,-461.9242126522795,-184.11034577194584,705.4507418931826,13.808275932896226,-34.644315948921104,6.759230091727996e-20
1786739776.6433086,push -Z,fast,1786739746.1800432,-467.16610581550276,-187.62626084277827,716.947006149212,14.0719695632086,-35.03745793616298,6.878872197976039e-20
1786739776.6717203,push -Z,fast,1786739746.1800432,-469.05357110843033,-188.8026935644665,718.6606845600536,14.160202017335326,-35.179017833132455,6.940983713316709e-20
1786739776.6998742,push -Z,fast,1786739746.1800432,-467.68008031689305,-188.98419586437785,712.9567464397278,14.173814689828458,-35.07600602376711,6.918932537931802e-20
1786739776.728259,push -Z,fast,1786739746.1800432,-464.37038690912095,-186.4601622287563,708.6322229680509,13.984512167156868,-34.82777901818414,6.85790246157508e-20
1786739776.756881,push -Z,fast,1786739746.1800432,-462.3387606861802,-185.69740901780892,705.0209056445992,13.927305676335774,-34.67540705146349,6.829518957030824e-20
1786739776.7851968,push -Z,fast,1786739746.1800432,-462.4750698325106,-186.08829036859265,702.9087479602204,13.956621777644703,-34.68563023743851,6.837615539671298e-20
1786739776.8149896,push -Z,fast,1786739746.1800432,-462.75709142680216,-185.04505969219178,703.1471929110412,13.878379476914699,-34.706781857010526,6.81222606835355e-20
1786739776.8421762,push -Z,fast,1786739746.1800432,-462.5069615632269,-186.59108614498848,708.9359192059437,13.994331460874402,-34.688022117242156,6.828675865010208e-20
1786739776.870881,push -Z,fast,1786739746.1800432,-463.4577645388081,-188.19693809135106,712.7038867706469,14.114770356851576,-34.75933234041079,6.808538505010561e-20
1786739776.8990114,push -Z,fast,1786739746.1800432,-463.54913018461,-187.72049615946605,716.4943259070842,14.079037211960244,-34.76618476384588,6.835731669698172e-20
1786739776.9275162,push -Z,fast,1786739746.1800432,-462.40515179743215,-182.1030447822684,704.760915195131,13.657728358670301,-34.6803863848076,6.774469614424524e-20
1786739776.9558983,push -Z,fast,1786739746.1800432,-460.06671280961245,-179.11663488282932,700.6621112176026,13.433747616212433,-34.505003460721035,6.788315769084369e-20
1786739776.9842885,push -Z,fast,1786739746.1800432,-462.7290331190957,-182.2769349108013,704.3671349523856,13.670770118310319,-34.70467748393234,6.837093661458557e-20
1786739777.0135589,push -Z,fast,1786739746.1800432,-463.67264664612276,-184.25916122236424,709.0700564542585,13.819437091677553,-34.77544849845934,6.838588253166232e-20
1786739777.0412428,push -Z,fast,1786739746.1800432,-466.62529419597286,-186.56053265921548,714.6879780152794,13.992039949441423,-34.99689706469832,6.850776504722569e-20
1786739777.070078,push -Z,fast,1786739746.1800432,-463.3215133870599,-183.99990886204125,707.0897175350601,13.799993164653241,-34.74911350402969,6.776771254824669e-20
1786739777.0981169,push -Z,fast,1786739746.1800432,-463.69626801267805,-185.7271020892897,709.5665745507713,13.929532656696946,-34.777220100951,6.819068857659279e-20
1786739777.1265292,push -Z,fast,1786739746.1800432,-461.2100211990555,-183.14345508576423,698.607343503968,13.73575913143259,-34.590751589929425,6.804540143495431e-20
1786739777.1548593,push -Z,fast,1786739746.1800432,-462.0672146126026,-183.7961941529726,707.0371551938488,13.784714561473262,-34.655041095945286,6.826602440610349e-20
1786739777.183337,push -Z,fast,1786739746.1800432,-462.8960976314652,-183.47211794185046,710.5598096143758,13.760408845638995,-34.71720732236005,6.845700738858926e-20
1786739777.2123046,push -Z,fast,1786739746.1800432,-462.92081455531707,-185.1963632034939,715.4420393352921,13.889727240262193,-34.719061091649024,6.830255114491191e-20
1786739777.240203,push -Z,fast,1786739746.1800432,-464.3887780329155,-188.26755488405195,711.5861219003691,14.120066616304054,-34.82915835246884,6.845845407212752e-20
1786739777.268791,push -Z,fast,1786739746.1800432,-465.40468788291537,-188.16968130292491,709.8569928938432,14.112726097719563,-34.90535159121876,6.842755508517856e-20
1786739777.2972429,push -Z,fast,1786739746.1800432,-467.1913671086886,-186.96788754683598,720.5425810164215,14.022591566012867,-35.039352533151764,6.919843167033984e-20
1786739777.3256457,push -Z,fast,1786739746.1800432,-465.06779502906784,-182.50948169981848,716.4586818919706,13.68821112748655,-34.88008462718025,6.885231116340881e-20
1786739777.3542058,push -Z,fast,1786739746.1800432,-463.4205245780063,-181.8349560796671,716.3740684227114,13.637621705975295,-34.75653934335068,6.863671021530703e-20
1786739777.3824496,push -Z,fast,1786739746.1800432,-464.8457526853749,-184.60283652646763,715.3971666169537,13.845212739485223,-34.86343145140332,6.841618800488855e-20
1786739777.4109693,push -Z,fast,1786739746.1800432,-466.06492468076794,-186.02844137500597,716.9892804673646,13.952133103125629,-34.954869351057724,6.863633150761907e-20
1786739777.4392524,push -Z,fast,1786739746.1800432,-466.5089081428141,-188.16739426893878,714.8296185741865,14.112554570170712,-34.98816811071116,6.878641928351357e-20
1786739777.467647,push -Z,fast,1786739746.1800432,-463.3960288979497,-185.76328296795396,707.421675740592,13.932246222596685,-34.754702167346395,6.844778880980503e-20
1786739777.496073,push -Z,fast,1786739746.1800432,-463.5948392549117,-185.7146016935137,708.758047901415,13.92859512701369,-34.76961294411865,6.838569142163394e-20
1786739777.5245132,push -Z,fast,1786739746.1800432,-463.41713151881277,-182.57131409423994,701.3450295070797,13.692848557068114,-34.75628486391106,6.772326694226642e-20
1786739777.5530772,push -Z,fast,1786739746.1800432,-464.95165404251975,-183.13130970210693,708.5710362384416,13.73484822765823,-34.87137405318916,6.807280703172476e-20
1786739777.5816379,push -Z,fast,1786739746.1800432,-464.0899445489513,-184.29813901811997,704.6072479955137,13.822360426359243,-34.806745841171676,6.778197929579334e-20
1786739777.610358,push -Z,fast,1786739746.1800432,-466.30280862090194,-188.79599233476074,716.2490222463948,14.159699425107224,-34.97271064656794,6.822021448231879e-20
1786739777.638405,push -Z,fast,1786739746.1800432,-466.6201991989901,-189.28451368912692,716.9696534963032,14.196338526684723,-34.99651493992454,6.872371299003137e-20
1786739777.6670825,push -Z,fast,1786739746.1800432,-467.28105619931966,-188.73732389451334,717.2581929290354,14.155299292088767,-35.04607921494931,6.942268909711823e-20
1786739777.6953537,push -Z,fast,1786739746.1800432,-466.52818864370147,-186.4022366442806,717.0236415197678,13.980167748321254,-34.98961414827777,6.947249086601294e-20
1786739777.7236795,push -Z,fast,1786739746.1800432,-465.9373986066753,-189.2791045079249,705.9386524344873,14.195932838094595,-34.94530489550086,6.875998004510912e-20
1786739777.752045,push -Z,fast,1786739746.1800432,-464.5612062211435,-190.3426374909966,703.902652186377,14.275697811824909,-34.84209046658589,6.837654019214445e-20
1786739777.7803605,push -Z,fast,1786739746.1800432,-464.24237951969417,-192.0003024229494,700.7007884584973,14.400022681721413,-34.818178463977304,6.873803286273015e-20
1786739777.8088138,push -Z,fast,1786739746.1800432,-464.0002707184108,-189.49460649602565,703.4557838125165,14.21209548720206,-34.800020303881034,6.855454005122267e-20
1786739777.837242,push -Z,fast,1786739746.1800432,-465.9973089189393,-189.19028688044523,710.1902342908288,14.189271516033681,-34.9497981689206,6.874229941604953e-20
1786739777.8656163,push -Z,fast,1786739746.1800432,-467.1175203047319,-185.97583280938636,714.1929995691071,13.948187460704215,-35.03381402285505,6.823342784634472e-20
1786739777.8942652,push -Z,fast,1786739746.1800432,-465.6248353873352,-185.7569744807413,713.7273307697333,13.93177308605581,-34.92186265405038,6.797986444696697e-20
1786739777.9227588,push -Z,fast,1786739746.1800432,-464.9939214791648,-185.42801886227278,712.041770605676,13.907101414670723,-34.87454411093765,6.807293553787256e-20
1786739777.9512084,push -Z,fast,1786739746.1800432,-461.42125564081334,-187.4375199492771,704.8430871169548,14.057813996195936,-34.60659417306129,6.8070367934278e-20
1786739777.97948,push -Z,fast,1786739746.1800432,-461.63452157981965,-185.22157897664977,705.4450609867317,13.89161842324894,-34.622589118486566,6.85893397824628e-20
1786739778.0078137,push -Z,fast,1786739746.1800432,-461.8920885885991,-183.41718028700222,709.5458376576216,13.75628852152548,-34.641906644145145,6.846739195266361e-20
1786739778.0363042,push -Z,fast,1786739746.1800432,-463.99342155236445,-183.9992585788135,714.6312111183261,13.799944393411312,-34.799506616427486,6.866070405695915e-20
1786739778.0646548,push -Z,fast,1786739746.1800432,-465.6365087834497,-186.22726357236377,716.6494637048327,13.967044767927494,-34.92273815875888,6.844460768836822e-20
1786739778.0932467,push -Z,fast,1786739746.1800432,-466.319589939651,-187.75692720355187,718.3719946154497,14.081769540266595,-34.973969245474116,6.887981423624415e-20
1786739778.1217918,push -Z,fast,1786739746.1800432,-465.3951723845321,-185.21452811690517,713.4233028471181,13.891089608767967,-34.90463792883997,6.892848111469461e-20
1786739778.1501284,push -Z,fast,1786739746.1800432,-465.0147364661357,-183.36833453683357,714.9067476682094,13.752625090262821,-34.876105234960434,6.91413916093068e-20
1786739778.1783836,push -Z,fast,1786739746.1800432,-463.7567154422745,-183.7285206716507,706.6800248594745,13.779639050374204,-34.78175365817087,6.822795191763077e-20
1786739778.2069392,push -Z,fast,1786739746.1800432,-463.9566329439467,-185.2781029141048,709.4880463265954,13.895857718558116,-34.796747470796305,6.84774975447016e-20
1786739778.2355752,push -Z,fast,1786739746.1800432,-464.36072495391727,-186.56562917851488,705.3512321291928,13.992422188388847,-34.827054371544165,6.806000481865431e-20
1786739778.2638876,push -Z,fast,1786739746.1800432,-464.77291202823244,-183.88754602372558,709.2494579921404,13.791565951779521,-34.8579684021176,6.84016977881973e-20
1786739778.2922344,push -Z,fast,1786739746.1800432,-465.7810751654656,-185.47163836639731,709.5819138435327,13.91037287747999,-34.93358063741005,6.852961234390462e-20
1786739778.3207452,push -Z,fast,1786739746.1800432,-464.41644106610056,-185.1597481885202,711.9012663429276,13.886981114139285,-34.83123307995761,6.850195655356485e-20
1786739778.349066,push -Z,fast,1786739746.1800432,-464.18051148736913,-188.0990672293949,708.516710310203,14.107430042204886,-34.81353836155299,6.808781383600155e-20
1786739778.3778398,push -Z,fast,1786739746.1800432,-463.5110034856111,-187.82792197566994,707.2353177511677,14.087094148175428,-34.76332526142099,6.778900988845447e-20
1786739778.4089496,push -Z,fast,1786739746.1800432,-464.9481316250849,-188.41490208203925,704.7377266788089,14.131117656153297,-34.8711098718816,6.807330294572201e-20
1786739778.4342787,push -Z,fast,1786739746.1800432,-464.9062254183209,-185.80074226648935,709.5064745229547,13.935055669986905,-34.867966906374214,6.889213573479114e-20
1786739778.4628441,push -Z,fast,1786739746.1800432,-465.93669366208724,-186.31887647528185,709.8567292363541,13.973915735646305,-34.94525202465692,6.869960287053825e-20
1786739778.4917295,push -Z,fast,1786739746.1800432,-465.93709628024726,-183.6634205757731,713.4269069124639,13.774756543183234,-34.945282221018736,6.834570555419336e-20
1786739778.5201433,push -Z,fast,1786739746.1800432,-467.10186112723613,-184.70012401066015,719.6688199043147,13.852509300799742,-35.0326395845429,6.841635813166521e-20
1786739778.5481331,push -Z,fast,1786739746.1800432,-465.6487898417754,-182.73654804188368,718.9568795086216,13.7052411031415,-34.9236592381335,6.816045748621552e-20
1786739778.5765293,push -Z,fast,1786739746.1800432,-464.29939093372104,-184.67609160940026,717.9351242467219,13.850706870705299,-34.82245432002909,6.839642801300099e-20
1786739778.6082585,push -Z,fast,1786739746.1800432,-464.6021193564634,-185.49529839045147,710.3004777514207,13.912147379283947,-34.84515895173495,6.78277910712657e-20
1786739778.6337729,push -Z,fast,1786739746.1800432,-465.39117287544013,-185.8277584677296,712.8729978335259,13.937081885079873,-34.90433796565825,6.806164831646761e-20
1786739778.6620288,push -Z,fast,1786739746.1800432,-465.3429973156881,-185.34408616757491,707.8221113429809,13.900806462568365,-34.90072479867681,6.809319631299842e-20
1786739778.6902153,push -Z,fast,1786739746.1800432,-463.8512562743658,-184.2887018662609,703.0483511619532,13.821652639969816,-34.7888442205776,6.788694536692208e-20
1786739778.7187817,push -Z,fast,1786739746.1800432,-463.8451029975886,-182.85711502247216,705.4751166540664,13.714283626685752,-34.78838272481942,6.810368540304736e-20
1786739778.7470813,push -Z,fast,1786739746.1800432,-463.3595608810756,-183.22870288098215,706.5258263977175,13.742152716073956,-34.751967066080965,6.84468385780815e-20
1786739778.775524,push -Z,fast,1786739746.1800432,-463.75127719102875,-183.40874920805595,708.8137101309994,13.755656190604459,-34.78134578932727,6.901099700792166e-20
1786739778.8057249,push -Z,fast,1786739746.1800432,-464.49338035830806,-184.69428283843774,712.3203122018522,13.852071212883072,-34.837003526873346,6.96210376310479e-20
1786739778.832406,push -Z,fast,1786739746.1800432,-464.605028574274,-183.4242317113667,715.8566421708338,13.756817378352775,-34.84537714307069,6.854250652067081e-20
1786739778.8610463,push -Z,fast,1786739746.1800432,-463.76257289599334,-183.66983854838588,716.9721578147528,13.775237891129155,-34.78219296719976,6.86020101871751e-20
1786739778.889527,push -Z,fast,1786739746.1800432,-462.0270035301892,-182.2082030643527,709.117207747986,13.66561522982673,-34.65202526476442,6.762187106337853e-20
1786739778.9178596,push -Z,fast,1786739746.1800432,-460.75071199527883,-183.63110618140843,706.0908703656014,13.772332963605944,-34.55630339964615,6.824585079452428e-20
1786739778.9464073,push -Z,fast,1786739746.1800432,-459.6470295316167,-182.68042613793318,702.3183260717751,13.701031960345201,-34.47352721487128,6.765501219088487e-20
1786739778.974766,push -Z,fast,1786739746.1800432,-459.51979263794146,-183.50595928614086,702.7393485402172,13.762946946460719,-34.463984447845725,6.779452299769618e-20
1786739779.0063515,push -Z,fast,1786739746.1800432,-462.2237439829255,-183.25267011376957,704.4882443290744,13.743950258532937,-34.666780798719714,6.796396347703662e-20
1786739779.0318513,push -Z,fast,1786739746.1800432,-464.77442636438354,-185.19487061702773,708.2596858831021,13.889615296277203,-34.858081977328965,6.858313306848322e-20
1786739779.0600677,push -Z,fast,1786739746.1800432,-465.45653123342026,-186.1792430681088,706.9119593505529,13.963443230108421,-34.90923984250684,6.853732252076309e-20
1786739779.0884254,push -Z,fast,1786739746.1800432,-464.919258366132,-190.83235337340625,703.4866159900193,14.312426503005714,-34.86894437746013,6.834325322275403e-20
1786739779.1169379,push -Z,fast,1786739746.1800432,-464.98101333758586,-191.36024114148142,704.5872992839668,14.352018085611409,-34.87357600031933,6.821395124657129e-20
1786739779.1452997,push -Z,fast,1786739746.1800432,-462.8279266005957,-191.1245542852929,695.0801317477799,14.334341571397236,-34.71209449504486,6.786401351940256e-20
1786739779.174064,push -Z,fast,1786739746.1800432,-463.6616666370337,-186.4500610641163,697.5846821867362,13.983754579808984,-34.77462499777776,6.777093397112865e-20
1786739779.2059636,push -Z,fast,1786739746.1800432,-463.15827311697285,-183.97158586141086,700.1405595899996,13.7978689396061,-34.73687048377307,6.707670848380141e-20
1786739779.2306783,push -Z,fast,1786739746.1800432,-465.45052057088424,-183.04697170540135,715.1807206666854,13.728522877905338,-34.90878904281659,6.74421971284109e-20
1786739779.2592964,push -Z,fast,1786739746.1800432,-464.8411161897361,-185.66826128742446,717.1962313540498,13.925119596557035,-34.863083714230505,6.779805523741777e-20
1786739779.287587,push -Z,fast,1786739746.1800432,-465.2028148280656,-188.3770046765992,713.8777126083305,14.128275350745096,-34.89021111210498,6.881260972665493e-20
1786739779.3159192,push -Z,fast,1786739746.1800432,-467.3310536405729,-189.31806353548257,712.7259072345487,14.198854765161283,-35.04982902304321,6.918165560324185e-20
1786739779.3442264,push -Z,fast,1786739746.1800432,-466.0021361389013,-183.9977997882197,713.3901717107801,13.799834984116753,-34.95016021041768,6.89058570646394e-20
1786739779.373128,push -Z,fast,1786739746.1800432,-465.4151052758207,-182.90182929667708,710.6137260157366,13.717637197251019,-34.90613289568657,6.808026704339895e-20
1786739779.4039326,push -Z,fast,1786739746.1800432,-461.81684243312066,-182.25234441408793,708.8590858456146,13.66892583105685,-34.636263182484164,6.738402583688526e-20
1786739779.4296286,push -Z,fast,1786739746.1800432,-462.72027177704604,-182.93925980112363,713.3156249366384,13.720444485084418,-34.70402038327862,6.7998590631257e-20
1786739779.4580445,push -Z,fast,1786739746.1800432,-466.54943029586275,-184.58181424536372,725.3434454212265,13.843636068402507,-34.99120727218996,6.975361875552876e-20
1786739779.4865863,push -Z,fast,1786739746.1800432,-467.5446834270015,-184.28935085697208,722.9957499236361,13.821701314273067,-35.06585125702534,7.002752308216039e-20
1786739779.5150068,push -Z,fast,1786739746.1800432,-468.64027853107154,-184.88617982536346,727.5349577944544,13.866463486902422,-35.14802088983053,6.990530263594594e-20
1786739779.543496,push -Z,fast,1786739746.1800432,-465.76114397018,-183.95096012247018,717.8665177557978,13.79632200918564,-34.93208579776363,6.844350149290704e-20
1786739779.5719006,push -Z,fast,1786739746.1800432,-465.46086602320565,-183.04426258001695,718.2735013052197,13.72831969350148,-34.90956495174051,6.85757676602016e-20
1786739779.6026933,push -Z,fast,1786739746.1800432,-468.37822468509376,-187.63239967907816,717.6321025988518,14.072429975931076,-35.128366851382104,6.90062799107072e-20
1786739779.6290271,push -Z,fast,1786739746.1800432,-467.1127866649954,-185.50495393167898,720.6328010713933,13.912871544876207,-35.033458999875,6.886628545811381e-20
1786739779.657335,push -Z,fast,1786739746.1800432,-467.1029378878925,-187.65548280373366,718.2408542535532,14.074161210280419,-35.032720341592146,6.856479660090299e-20
1786739779.685502,push -Z,fast,1786739746.1800432,-463.2234142347588,-185.8530120244301,709.2043524889095,13.938975901832446,-34.74175606760722,6.79104893374965e-20
1786739779.7140746,push -Z,fast,1786739746.1800432,-461.71860941408477,-188.5476055375724,702.0293824108285,14.141070415318186,-34.628895706056596,6.79482794285459e-20
1786739779.742422,push -Z,fast,1786739746.1800432,-461.3042131209536,-186.0084710843007,704.0734696783084,13.950635331322662,-34.597815984071794,6.855505774375677e-20
1786739779.7707477,push -Z,fast,1786739746.1800432,-460.2511348677526,-183.90693342881684,704.1657878593323,13.793020007161335,-34.51883511508156,6.86307636308904e-20
1786739779.8003013,push -Z,fast,1786739746.1800432,-464.1461089583522,-186.21439986812516,709.725352313967,13.966079990109574,-34.81095817187665,6.896652249365194e-20
1786739779.8279321,push -Z,fast,1786739746.1800432,-465.70511494285165,-189.02419889740202,711.76346332915,14.176814917305467,-34.927883620714,6.876670890753405e-20
1786739779.8564203,push -Z,fast,1786739746.1800432,-466.8301573409585,-192.3333331716234,707.5676355336946,14.424999987871875,-35.01226180057224,6.869861453842362e-20
1786739779.884593,push -Z,fast,1786739746.1800432,-463.9668776749854,-188.89499776895252,705.3961902617293,14.167124832671721,-34.79751582562405,6.874991516353833e-20
1786739779.913133,push -Z,fast,1786739746.1800432,-463.19824446148823,-187.37064716265866,707.7382439176736,14.05279853719971,-34.7398683346118,6.826302629883032e-20
1786739779.9414246,push -Z,fast,1786739746.1800432,-464.0714548507458,-185.6120566633548,713.6058932432597,13.920904249752038,-34.80535911380618,6.862786691166675e-20
1786739779.9702082,push -Z,fast,1786739746.1800432,-465.05465007714565,-184.59652013980826,715.9869080924718,13.84473901048582,-34.87909875578605,6.864154060862993e-20
1786739779.9987516,push -Z,fast,1786739746.1800432,-464.06168786101125,-184.0575755707473,713.666225213271,13.804318167806219,-34.80462658957617,6.896462533640114e-20
1786739780.0267239,push -Z,fast,1786739746.1800432,-462.07271294846623,-183.9914173698437,707.8698058450009,13.79935630273852,-34.65545347113513,6.875931815438635e-20
1786739780.0551655,push -Z,fast,1786739746.1800432,-462.12409694152166,-182.16200065565602,709.2289822633493,13.662150049174347,-34.659307270614185,6.91836375197259e-20
1786739780.083727,push -Z,fast,1786739746.1800432,-464.6787207250036,-183.155338370933,709.1108996061694,13.736650377820407,-34.850904054375505,6.896680231260636e-20
1786739780.1123872,push -Z,fast,1786739746.1800432,-465.45878504701386,-180.70793649862878,717.4602739807915,13.553095237397262,-34.90940887852632,6.855721091681594e-20
1786739780.1406674,push -Z,fast,1786739746.1800432,-464.4640644240585,-182.24972773328466,711.336602995425,13.668729579996604,-34.83480483180462,6.733895205653489e-20
1786739780.1692016,push -Z,fast,1786739746.1800432,-461.88349487903633,-183.34543810189086,709.9172541652015,13.75090785764208,-34.64126211592784,6.810629394471332e-20
1786739780.1975684,push -Z,fast,1786739746.1800432,-460.9523567676001,-184.22742962765153,706.1685389885379,13.817057222074123,-34.5714267575701,6.868289607857673e-20
1786739780.2257822,push -Z,fast,1786739746.1800432,-462.13216402618673,-185.38864913282373,709.6030784876448,13.904148684961907,-34.659912301964305,6.929221780057449e-20
1786739780.2545877,push -Z,fast,1786739746.1800432,-465.4514139789312,-184.92059242193113,712.5218085439992,13.869044431644983,-34.908856048419985,6.909975811399458e-20
1786739780.2828112,push -Z,fast,1786739746.1800432,-468.03098495482254,-187.55166712573532,712.0149210919599,14.066375034430404,-35.10232387161179,6.885888522726927e-20
1786739780.3110175,push -Z,fast,1786739746.1800432,-466.41071672399767,-185.78640401941323,709.1491105721243,13.933980301456305,-34.98080375429997,6.829551902789312e-20
1786739780.3393476,push -Z,fast,1786739746.1800432,-463.814574503921,-184.2222784789459,710.2378162598106,13.81667088592113,-34.78609308779421,6.796814029723968e-20
1786739780.3678422,push -Z,fast,1786739746.1800432,-463.5446919549495,-182.59632082971223,713.6268746867145,13.694724062228584,-34.765851896621456,6.85390857018626e-20
1786739780.3961961,push -Z,fast,1786739746.1800432,-464.0393725091353,-182.38288107864594,718.5846005471421,13.678716080898742,-34.80295293818531,6.908796417170633e-20
1786739780.424716,push -Z,fast,1786739746.1800432,-464.924605747417,-185.23282905388635,716.1316107900466,13.892462179041612,-34.869345431056544,6.931985747265278e-20
1786739780.453092,push -Z,fast,1786739746.1800432,-463.90628085288836,-185.71527318279902,714.2090260090408,13.928645488710092,-34.79297106396698,6.8545000434795e-20
1786739780.4817371,push -Z,fast,1786739746.1800432,-463.91476325394433,-187.32219555656206,709.125142405348,14.049164666742318,-34.79360724404605,6.790130482197432e-20
1786739780.5101204,push -Z,fast,1786739746.1800432,-463.7855297816559,-182.2349989337016,708.939898360386,13.667624920027858,-34.783914733624584,6.725094988541819e-20
1786739780.5385377,push -Z,fast,1786739746.1800432,-464.11068297795237,-180.3796719674806,709.7779704647255,13.528475397561298,-34.80830122334682,6.771229614281129e-20
1786739780.5668929,push -Z,fast,1786739746.1800432,-462.77625957944065,-180.99252587112062,705.6554308973573,13.5744394403341,-34.7082194684581,6.834179668747465e-20
1786739780.595674,push -Z,fast,1786739746.1800432,-461.5998724364381,-185.32276867251983,704.1547938037938,13.899207650439283,-34.61999043273305,6.8623715317406e-20
1786739780.6236818,push -Z,fast,1786739746.1800432,-461.97697742803757,-189.54929445277241,701.9836278523126,14.216197083958246,-34.64827330710284,6.80345263849956e-20
1786739780.6525817,push -Z,fast,1786739746.1800432,-465.55779685745665,-190.40779269258758,712.8197510985365,14.280584451944303,-34.91683476430935,6.865469546190883e-20
1786739780.6805596,push -Z,fast,1786739746.1800432,-466.25127884761287,-190.29999198116616,712.8262371443961,14.272499398587744,-34.96884591357117,6.823517898169998e-20
1786739780.7090237,push -Z,fast,1786739746.1800432,-465.2315737219742,-185.93715737626178,709.8843587654183,13.945286803219833,-34.89236802914819,6.82717309120224e-20
1786739780.7373602,push -Z,fast,1786739746.1800432,-461.317594469067,-185.55427277789272,701.2837834806096,13.916570458342118,-34.59881958518021,6.758051846353044e-20
1786739780.7661772,push -Z,fast,1786739746.1800432,-459.62133258032236,-183.54157846137207,702.14068958802,13.765618384603325,-34.47159994352433,6.768579540961394e-20
1786739780.7968917,push -Z,fast,1786739746.1800432,-460.5359477968127,-185.08859454728304,710.3574590654325,13.88164459104635,-34.540196084760964,6.784927834675335e-20
1786739780.8226902,push -Z,fast,1786739746.1800432,-462.65039525607745,-183.9402001467579,715.9380832452707,13.795515011007009,-34.69877964420601,6.80918323317877e-20
1786739780.8512437,push -Z,fast,1786739746.1800432,-466.2277629524647,-183.58112196277614,717.9549449525557,13.76858414720849,-34.967082221435014,6.862635236897249e-20
1786739780.879697,push -Z,fast,1786739746.1800432,-465.26232032416783,-182.9740726501724,711.7949392458167,13.723055448763166,-34.8946740243125,6.860379072865412e-20
1786739780.9080749,push -Z,fast,1786739746.1800432,-464.2270440825523,-182.56851673218875,711.5034354918516,13.692638754914402,-34.8170283061916,6.888843354778032e-20
1786739780.9362864,push -Z,fast,1786739746.1800432,-460.1046835036468,-184.58789522955942,704.8225191282236,13.844092142217125,-34.50785126277386,6.842469718570232e-20
1786739780.964917,push -Z,fast,1786739746.1800432,-460.18709213992315,-184.7406581436005,704.0114799862367,13.855549360770215,-34.51403191049436,6.822881857961545e-20
1786739780.9931843,push -Z,fast,1786739746.1800432,-460.6923186774993,-183.7082122504911,702.9126672954362,13.77811591878719,-34.551923900812646,6.749553209655102e-20
1786739781.0217013,push -Z,fast,1786739746.1800432,-461.6279275397619,-184.03377292318453,705.8396074411112,13.802532969239,-34.62209456548237,6.794856790478845e-20
1786739781.0502071,push -Z,fast,1786739746.1800432,-464.64730922534136,-186.13132299354845,712.2489604194488,13.95984922451635,-34.84854819190073,6.839548201722988e-20
1786739781.0785153,push -Z,fast,1786739746.1800432,-464.22515353369636,-186.51077432619593,711.5884583629868,13.988308074464893,-34.81688651502751,6.859023851123181e-20
1786739781.106916,push -Z,fast,1786739746.1800432,-465.2687906900551,-184.4574409858925,712.259389691857,13.83430807394215,-34.895159301754425,6.806915611689603e-20
1786739781.1356027,push -Z,fast,1786739746.1800432,-461.56317809687926,-183.46234359130847,705.4536160398902,13.759675769348323,-34.617238357266146,6.767421509221728e-20
1786739781.1639419,push -Z,fast,1786739746.1800432,-461.0518608974289,-181.728303859604,710.8507397058147,13.629622789470464,-34.5788895673073,6.732256435927214e-20
1786739781.1957402,push -Z,fast,1786739746.1800432,-462.20800018613,-180.95169555147243,714.7450108185894,13.571377166360538,-34.66560001395993,6.766441733513789e-20
1786739781.2207048,push -Z,fast,1786739746.1800432,-462.3490273801599,-179.68450908500756,712.3926205245134,13.476338181375713,-34.67617705351219,6.773640655147759e-20
1786739781.2492256,push -Z,fast,1786739746.1800432,-463.5236597952412,-184.17086572821597,701.7536589447545,13.812814929616426,-34.764274484643174,6.831147392643948e-20
1786739781.277527,push -Z,fast,1786739746.1800432,-463.4251301866566,-186.4576611507806,704.0753787487938,13.984324586308706,-34.7568847639995,6.834527679672308e-20
1786739781.3060343,push -Z,fast,1786739746.1800432,-462.2889843128319,-188.32610800427483,701.195876250008,14.124458100320904,-34.67167382346244,6.775826659930506e-20
1786739781.3343647,push -Z,fast,1786739746.1800432,-462.73940149226746,-186.29143002809792,709.2830968402886,13.971857252107501,-34.70545511192015,6.77131755566575e-20
1786739781.362821,push -Z,fast,1786739746.1800432,-462.3094759945511,-184.70802502202957,706.5085701965336,13.853101876652335,-34.6732106995915,6.734647178160788e-20
1786739781.391782,push -Z,fast,1786739746.1800432,-466.0257381833171,-184.25197306222492,719.7356652218132,13.81889797966689,-34.95193036374878,6.798705010052425e-20
1786739781.4198837,push -Z,fast,1786739746.1800432,-465.0030998824918,-185.48085533637266,717.0151337998732,13.911064150228196,-34.87523249118697,6.810660571744523e-20
1786739781.4483209,push -Z,fast,1786739746.1800432,-467.55007324130975,-189.01465343705956,722.6793813936556,14.176099007779722,-35.066255493098296,6.911078509170674e-20
1786739781.4766161,push -Z,fast,1786739746.1800432,-466.60121245896426,-188.3491630668841,717.2928656288013,14.126187230016658,-34.99509093442241,6.915727889452854e-20
1786739781.5050294,push -Z,fast,1786739746.1800432,-465.0960518814368,-186.2005317345247,710.4692102797198,13.965039880089538,-34.88220389110799,6.840911556526366e-20
1786739781.5334983,push -Z,fast,1786739746.1800432,-463.83167633368475,-184.41126738035337,705.5719882664289,13.830845053526755,-34.78737572502657,6.766056565436898e-20
1786739781.562221,push -Z,fast,1786739746.1800432,-462.5045619215948,-184.87899108999852,705.7685396874822,13.865924331750012,-34.68784214411985,6.792657114629336e-20
1786739781.5919962,push -Z,fast,1786739746.1800432,-466.0290485480941,-190.19687767637186,715.2211252402576,14.264765825728173,-34.95217864110739,6.908437563104761e-20
1786739781.6189466,push -Z,fast,1786739746.1800432,-463.3825533692807,-190.7925806208176,713.546181565901,14.309443546561486,-34.75369150269624,6.83708730304702e-20
1786739781.6471226,push -Z,fast,1786739746.1800432,-462.5539133965767,-188.08595638224176,708.9400965472141,14.106446728668228,-34.69154350474347,6.743686955338242e-20
1786739781.6758754,push -Z,fast,1786739746.1800432,-460.2489663906963,-182.5086073485943,704.6228093101763,13.688145551144704,-34.518672479302346,6.678160604186941e-20
1786739781.704171,push -Z,fast,1786739746.1800432,-459.85165745089625,-179.65354382542114,702.8092233289435,13.474015786906772,-34.48887430881731,6.785739727398402e-20
1786739781.7324417,push -Z,fast,1786739746.1800432,-459.9323802022909,-184.03764720842742,700.5779457521721,13.802823540632364,-34.49492851517204,6.84106422618647e-20
1786739781.7609372,push -Z,fast,1786739746.1800432,-461.1570669714638,-185.77771312667994,702.1663905141777,13.933328484501178,-34.586780022860076,6.851460268264095e-20
1786739781.7915823,push -Z,fast,1786739746.1800432,-463.47900269738557,-189.76576302494698,710.5458615536063,14.232432226871286,-34.76092520230408,6.902707280073978e-20
1786739781.8180594,push -Z,fast,1786739746.1800432,-466.77645578774536,-188.3146980429359,721.0350617448839,14.123602353220225,-35.00823418408115,6.927941975245158e-20
1786739781.8462834,push -Z,fast,1786739746.1800432,-466.40396263163666,-186.602074808393,719.5315755639995,13.995155610629713,-34.980297197372764,6.904593372628365e-20
1786739781.8746347,push -Z,fast,1786739746.1800432,-466.48128425502455,-184.8353045780466,716.2051054424828,13.862647843353688,-34.98609631912693,6.887480778137326e-20
1786739781.903143,push -Z,fast,1786739746.1800432,-465.8391271971336,-184.43202513650544,720.6419296408212,13.832401885238117,-34.9379345397852,6.934229630661688e-20
1786739781.931619,push -Z,fast,1786739746.1800432,-466.75416088611473,-188.08069024289216,723.0263042736888,14.106051768217139,-35.006562066458834,6.930504676658315e-20
1786739781.9599345,push -Z,fast,1786739746.1800432,-466.13415288460556,-187.83669118902185,725.2163815868325,14.087751839176857,-34.96006146634566,6.893683843724882e-20
1786739781.9901075,push -Z,fast,1786739746.1800432,-465.3097256868309,-188.15527215540192,724.4037322643417,14.111645411655292,-34.89822942651254,6.931498597477695e-20
1786739782.016951,push -Z,fast,1786739746.1800432,-465.27385086179584,-186.01684712116548,729.9548969631896,13.951263534087541,-34.89553881463489,6.962259568208781e-20
1786739782.0453045,push -Z,fast,1786739746.1800432,-467.7330087445316,-185.4438084395557,726.175745499294,13.90828563296694,-35.07997565584008,6.953757327485712e-20
1786739782.073979,push -Z,fast,1786739746.1800432,-466.3804085565257,-185.22252402594142,717.7702422481216,13.891689301945927,-34.978530641739724,6.829346897200244e-20
1786739782.1020179,push -Z,fast,1786739746.1800432,-466.1093021526767,-184.87801180253234,716.487138682477,13.865850885190131,-34.958197661451,6.891362827263999e-20
1786739782.130389,push -Z,fast,1786739746.1800432,-463.5802061487043,-184.41174582669737,712.6155638437922,13.830880937002622,-34.7685154611528,6.833055134441582e-20
1786739782.1591413,push -Z,fast,1786739746.1800432,-465.19762343392404,-182.84127298631154,720.3662647097235,13.713095473973556,-34.88982175754433,6.880542575590859e-20
1786739782.1887457,push -Z,fast,1786739746.1800432,-463.43136156003266,-182.9405621163246,713.9897573054432,13.720542158724374,-34.75735211700264,6.796108323334496e-20
1786739782.2158618,push -Z,fast,1786739746.1800432,-465.6840725114016,-186.52767301845142,720.7154102699669,13.989575476384136,-34.92630543835523,6.866046447732226e-20
1786739782.2442238,push -Z,fast,1786739746.1800432,-464.93647512724556,-187.0331695746371,714.0615207360752,14.027487718098026,-34.87023563454367,6.805003939150737e-20
1786739782.2727838,push -Z,fast,1786739746.1800432,-466.50942574450755,-185.42867448874938,715.8753318374957,13.907150586656503,-34.98820693083811,6.816298874801845e-20
1786739782.3012033,push -Z,fast,1786739746.1800432,-466.2434783314229,-183.15957221881024,711.7100869622354,13.736967916411022,-34.96826087485695,6.849212683290277e-20
1786739782.329457,push -Z,fast,1786739746.1800432,-466.88607058616844,-183.54362890354264,712.0224943702569,13.765772167765942,-35.01645529396276,6.899185942073071e-20
1786739782.3581114,push -Z,fast,1786739746.1800432,-466.69353843190993,-188.46170926382433,714.292613559769,14.134628194787101,-35.00201538239342,6.947104145811379e-20
1786739782.387954,push -Z,fast,1786739746.1800432,-463.99858426425726,-187.52915367958065,713.182256640388,14.064686525968828,-34.79989381981949,6.935282461769825e-20
1786739782.414825,push -Z,fast,1786739746.1800432,-462.822828017579,-188.51123199785923,715.3650657107355,14.138342399839697,-34.71171210131864,6.874549439440766e-20
1786739782.4433703,push -Z,fast,1786739746.1800432,-463.59160467774564,-188.24857939315655,714.6924262923985,14.118643454487025,-34.769370350831096,6.84141862626701e-20
1786739782.471763,push -Z,fast,1786739746.1800432,-463.6094859939003,-187.5705078443118,710.3455009341451,14.067788088323706,-34.77071144954262,6.777389529598486e-20
1786739782.5006804,push -Z,fast,1786739746.1800432,-463.7705894683686,-186.75012251646262,708.7777042896341,14.006259188734983,-34.78279421012768,6.839756282350182e-20
1786739782.5290258,push -Z,fast,1786739746.1800432,-463.526652312285,-185.79589804990928,709.4536960481373,13.934692353743426,-34.76449892342149,6.824431256755853e-20
1786739782.5568988,push -Z,fast,1786739746.1800432,-464.1788331926732,-188.45847043450658,715.5999381721385,14.13438528258806,-34.813412489450705,6.856564137631019e-20
1786739782.5864825,push -Z,fast,1786739746.1800432,-464.4964485748251,-189.15565158600884,713.0823117958589,14.186673868950837,-34.837233643112,6.811376011653086e-20
1786739782.6142218,push -Z,fast,1786739746.1800432,-466.60951545848957,-189.76340458183347,717.1819066432909,14.2322553436377,-34.99571365938703,6.859187673348205e-20
1786739782.6424878,push -Z,fast,1786739746.1800432,-465.7885423566172,-190.41719844602108,712.6711154281111,14.28128988345173,-34.93414067674644,6.86824263897111e-20
1786739782.6708198,push -Z,fast,1786739746.1800432,-466.9148640950234,-188.5928476550307,715.5097774704154,14.14446357412736,-35.0186148071269,6.887987442954714e-20
1786739782.6990194,push -Z,fast,1786739746.1800432,-465.4869995253348,-185.49757930124406,709.5139815726407,13.912318447593503,-34.911524964400236,6.824902159426119e-20
1786739782.7274137,push -Z,fast,1786739746.1800432,-463.7932283964806,-183.31159191902918,706.9183261581275,13.748369393927458,-34.78449212973617,6.728616735503694e-20
1786739782.7563605,push -Z,fast,1786739746.1800432,-463.09781967600566,-185.4342605980096,710.9134281751831,13.907569544850912,-34.7323364757006,6.794411234020272e-20
1786739782.7856972,push -Z,fast,1786739746.1800432,-464.04137973547176,-186.63356103379022,719.4215493626834,13.997517077534535,-34.80310348016062,6.884750945658854e-20
1786739782.8127837,push -Z,fast,1786739746.1800432,-467.36894185227493,-188.66459709499247,725.5063720682501,14.1498447821246,-35.052670638920894,6.995746589387519e-20
1786739782.8414683,push -Z,fast,1786739746.1800432,-466.09932228458956,-186.60251718816335,716.1385065467066,13.995188789112486,-34.95744917134438,6.922795587946389e-20
1786739782.8697853,push -Z,fast,1786739746.1800432,-466.45243163333544,-186.45448034885646,707.5997054805202,13.984086026164395,-34.98393237250035,6.816584130479237e-20
1786739782.8981214,push -Z,fast,1786739746.1800432,-464.5020720558391,-183.238115603241,699.8986695565354,13.74285867024346,-34.837655404188126,6.754967318922207e-20
1786739782.9265018,push -Z,fast,1786739746.1800432,-463.75066012029265,-183.26437874340718,699.3649003237615,13.744828405755673,-34.78129950902205,6.727184306906007e-20
1786739782.9549844,push -Z,fast,1786739746.1800432,-462.41607007244966,-182.8820608959487,707.2602124459881,13.716154567196387,-34.68120525543387,6.82576513325632e-20
1786739782.9856265,push -Z,fast,1786739746.1800432,-464.5588598227055,-183.92668257038338,717.5703215500826,13.794501192779013,-34.84191448670307,6.876368555476529e-20
1786739783.0121365,push -Z,fast,1786739746.1800432,-468.7008531737183,-188.3328585422288,725.5696952960352,14.124964390667405,-35.15256398802918,6.952301300301302e-20
1786739783.0405674,push -Z,fast,1786739746.1800432,-466.06198321352895,-186.9500650335691,711.6937657148001,14.021254877517936,-34.954648741014786,6.859613958190445e-20
1786739783.0686705,push -Z,fast,1786739746.1800432,-464.25225956327404,-186.44344442867794,711.0134262564452,13.983258332151063,-34.81891946724575,6.821559504029641e-20
1786739783.0971587,push -Z,fast,1786739746.1800432,-461.8665260476496,-183.6473145191909,707.0047508610514,13.773548588939494,-34.63998945357383,6.826649214474877e-20
1786739783.1254358,push -Z,fast,1786739746.1800432,-462.8240189783287,-183.96867578051922,710.1716492893811,13.797650683539079,-34.71180142337489,6.817557814555185e-20
1786739783.1540408,push -Z,fast,1786739746.1800432,-466.08372077972444,-186.77537809817807,711.2371458090292,14.008153357363572,-34.95627905847942,6.878635166220761e-20
1786739783.184369,push -Z,fast,1786739746.1800432,-466.15593531931563,-188.47258345705222,711.404537342145,14.135443759279273,-34.96169514894876,6.859033456023038e-20
1786739783.2107153,push -Z,fast,1786739746.1800432,-468.3400659835843,-188.4632183785949,724.4624189358674,14.134741378394896,-35.12550494876909,6.905540816288238e-20
1786739783.2393148,push -Z,fast,1786739746.1800432,-465.64967970153657,-184.62296888409026,724.4864391186638,13.846722666307105,-34.92372597761547,6.893037776415607e-20
1786739783.2677546,push -Z,fast,1786739746.1800432,-464.93512423970014,-180.14621460760827,721.7252714997885,13.510966095570833,-34.87013431797775,6.836254705925066e-20
1786739783.2962663,push -Z,fast,1786739746.1800432,-464.3804134398929,-181.53618688424888,714.1622782151662,13.615214016318877,-34.828531007992126,6.857775290309725e-20
1786739783.3247106,push -Z,fast,1786739746.1800432,-464.8610057520232,-183.06994962455508,708.7459486701155,13.730246221841863,-34.864575431402024,6.805528404015111e-20
1786739783.352922,push -Z,fast,1786739746.1800432,-466.09439219037904,-186.28651350432153,710.8210795713767,13.971488512824234,-34.95707941427862,6.8253859787233e-20
1786739783.3818836,push -Z,fast,1786739746.1800432,-463.8497317248557,-186.42717706118833,704.2835160729828,13.982038279589407,-34.78872987936443,6.756707011906469e-20
1786739783.4099004,push -Z,fast,1786739746.1800432,-465.7523750110613,-188.1881043122811,706.6905607666013,14.114107823421204,-34.9314281258299,6.784437229597687e-20
1786739783.4383712,push -Z,fast,1786739746.1800432,-464.99231806082753,-188.42259105663504,709.09205317745,14.131694329247932,-34.87442385456219,6.891834034294646e-20
1786739783.4668374,push -Z,fast,1786739746.1800432,-466.5015478833848,-189.06295486170677,709.6080784386868,14.179721614628168,-34.98761609125393,6.913544870954978e-20
1786739783.4954417,push -Z,fast,1786739746.1800432,-465.1179652837045,-187.4377808983969,708.7071883532572,14.057833567380026,-34.883847396278085,6.932368914656878e-20
1786739783.5235207,push -Z,fast,1786739746.1800432,-464.55656062768,-187.15733041297028,707.3746182711575,14.03679978097301,-34.84174204707608,6.84738401799801e-20
1786739783.552267,push -Z,fast,1786739746.1800432,-464.3594269197529,-185.10138886193306,712.3361844642432,13.882604164645212,-34.82695701898184,6.844407618754475e-20
1786739783.583209,push -Z,fast,1786739746.1800432,-464.3993024753886,-184.92786552456835,716.4795617035716,13.869589914342814,-34.829947685654176,6.835688810487872e-20
1786739783.6090395,push -Z,fast,1786739746.1800432,-466.2718643165963,-186.22251613376397,721.5599236447651,13.966688710032624,-34.97038982374498,6.87306192341321e-20
1786739783.6372736,push -Z,fast,1786739746.1800432,-465.0770912632602,-187.059672287461,722.6684096138179,14.029475421559606,-34.880781844744675,6.91388055249435e-20
1786739783.665967,push -Z,fast,1786739746.1800432,-464.92436460168165,-187.2969637179309,719.7654610726322,14.047272278844947,-34.86932734512612,6.924833343875002e-20
1786739783.6943479,push -Z,fast,1786739746.1800432,-461.53344195507407,-185.38257941474876,708.6005094197972,13.903693456106264,-34.615008146630814,6.814085164918047e-20
1786739783.722524,push -Z,fast,1786739746.1800432,-463.44828125717095,-184.6958711247014,707.3218149989661,13.852190334352695,-34.758621094288074,6.81955446512712e-20
1786739783.751321,push -Z,fast,1786739746.1800432,-465.0859854226446,-186.4223109573395,707.3303142334844,13.981673321800624,-34.88144890669851,6.809300791519131e-20
1786739783.7811184,push -Z,fast,1786739746.1800432,-466.33423972395667,-185.93580288544092,709.7319599838493,13.945185216408266,-34.975067979296945,6.858120640366916e-20
1786739783.808147,push -Z,fast,1786739746.1800432,-465.67986924949446,-186.21128650009803,708.3387353023872,13.965846487507651,-34.92599019371223,6.79166662263446e-20
1786739783.8364308,push -Z,fast,1786739746.1800432,-465.2630925205017,-183.73884438580058,710.3621213237375,13.780413328935456,-34.894731939037825,6.792307019436202e-20
1786739783.8649955,push -Z,fast,1786739746.1800432,-465.6016131107358,-182.49532207262052,707.1517380982859,13.687149155446793,-34.920120983305424,6.770826969484489e-20
1786739783.8938048,push -Z,fast,1786739746.1800432,-467.5630991921221,-183.86469113646137,708.7777508511144,13.78985183523486,-35.067232439409324,6.808941756293249e-20
1786739783.9217613,push -Z,fast,1786739746.1800432,-466.1386664301117,-185.46591694592814,705.696856357762,13.90994377094464,-34.96039998225852,6.754297848595209e-20
1786739783.9502323,push -Z,fast,1786739746.1800432,-467.2115533047263,-187.27701745500462,715.1409979093369,14.045776309125603,-35.04086649785471,6.81127560618252e-20
1786739783.9804728,push -Z,fast,1786739746.1800432,-465.54215200751196,-186.14799659357027,718.3969724096205,13.961099744518034,-34.91566140056358,6.798789058984264e-20
1786739784.0073802,push -Z,fast,1786739746.1800432,-468.8483442434458,-185.2696623386546,725.8051365615838,13.89522467539933,-35.16362581825864,6.871822296263788e-20
1786739784.0356362,push -Z,fast,1786739746.1800432,-468.60182018417663,-184.14475771401567,724.9875241650943,13.810856828551362,-35.14513651381332,6.859261744098497e-20
1786739784.0639055,push -Z,fast,1786739746.1800432,-468.4690983901337,-185.14170931682747,719.0335160742352,13.885628198762237,-35.13518237926004,6.868254925457927e-20
1786739784.0923715,push -Z,fast,1786739746.1800432,-463.30836585038514,-185.3528936074175,708.8317249868423,13.90146702055647,-34.748127438779015,6.789107910072588e-20
1786739784.1208594,push -Z,fast,1786739746.1800432,-461.882254874944,-185.82416914367082,703.0746453548772,13.936812685775497,-34.641169115620926,6.758574041359516e-20
1786739784.1493335,push -Z,fast,1786739746.1800432,-462.9483328118572,-185.4379088721148,707.6967144870905,13.90784316540886,-34.72112496088947,6.778807331268598e-20
1786739784.1776254,push -Z,fast,1786739746.1800432,-465.2883873145315,-187.0892130626886,715.5066575717892,14.031690979701867,-34.89662904858995,6.830304680501776e-20
1786739784.2061846,push -Z,fast,1786739746.1800432,-466.11311422517156,-187.53846884573647,719.9212709378071,14.065385163430467,-34.95848356688801,6.878906689249637e-20
1786739784.2345989,push -Z,fast,1786739746.1800432,-465.29147398308896,-189.39464035225478,713.804456338893,14.204598026419173,-34.89686054873198,6.870682681596028e-20
1786739784.2631454,push -Z,fast,1786739746.1800432,-465.7268226694823,-187.19411837384416,709.4243090492473,14.039558878038545,-34.92951170021121,6.831600679870126e-20
1786739784.2913427,push -Z,fast,1786739746.1800432,-466.8075901539146,-187.4370228530903,708.2843360127663,14.05777671398192,-35.010569261543964,6.836472013386482e-20
1786739784.3199024,push -Z,fast,1786739746.1800432,-465.49945572179695,-183.08875240475686,707.148208158399,13.73165643035679,-34.912459179135006,6.790466685724919e-20
1786739784.3482466,push -Z,fast,1786739746.1800432,-465.0393043609497,-184.0133040704187,711.1469565508996,13.8009978052816,-34.87794782707139,6.875351596003272e-20
1786739784.3769505,push -Z,fast,1786739746.1800432,-464.6786307439156,-185.02616383484155,708.6476625068653,13.876962287613399,-34.850897305793914,6.868793593036361e-20
1786739784.405268,push -Z,fast,1786739746.1800432,-465.5078725807757,-186.99686302886232,715.9506458993155,14.024764727164946,-34.913090443558346,6.957488710058109e-20
1786739784.4336812,push -Z,fast,1786739746.1800432,-466.0192546422809,-185.57663980935445,717.5912411124227,13.918247985701779,-34.95144409817132,6.971015032688065e-20
1786739784.4620912,push -Z,fast,1786739746.1800432,-464.91141978404266,-183.5518777060622,721.8444798243981,13.766390827954812,-34.868356483803325,6.906463022843249e-20
1786739784.4902716,push -Z,fast,1786739746.1800432,-463.8864548655488,-184.29799112642274,710.6968199103376,13.822349334481782,-34.79148411491621,6.775174074982434e-20
1786739784.5187578,push -Z,fast,1786739746.1800432,-461.9810975666055,-184.00001591280125,704.3916759090598,13.800001193460371,-34.6485823174956,6.733873652848325e-20
1786739784.5471559,push -Z,fast,1786739746.1800432,-463.2171162522459,-187.16525415537456,703.6711829128744,14.037394061653277,-34.741283718918616,6.825608854055803e-20
1786739784.576604,push -Z,fast,1786739746.1800432,-466.43537451265775,-186.0443498983126,715.1614887471042,13.953326242373524,-34.982653088449624,6.90248461546994e-20
1786739784.6042361,push -Z,fast,1786739746.1800432,-467.961863697064,-186.91132736315706,719.5391041264666,14.01834955223691,-35.097139777279956,6.919336845807844e-20
1786739784.632412,push -Z,fast,1786739746.1800432,-469.2625926154774,-185.20858047486092,725.0102246235183,13.890643535614732,-35.19469444616089,6.914958415796667e-20
1786739784.6610327,push -Z,fast,1786739746.1800432,-468.36135297395595,-184.10826523544097,720.507078691734,13.808119892658222,-35.12710147304687,6.897235684310043e-20
1786739784.6894174,push -Z,fast,1786739746.1800432,-464.44920487281115,-181.4719060044922,710.4558405807866,13.610392950337097,-34.833690365461024,6.783855827940935e-20
1786739784.7178128,push -Z,fast,1786739746.1800432,-463.70369694955707,-179.92242267128256,709.7098991813564,13.49418170034635,-34.777777271216976,6.766690418119009e-20
1786739784.7461855,push -Z,fast,1786739746.1800432,-462.7897842834532,-182.07596784885106,710.7133026132715,13.6556975886641,-34.709233821259126,6.79941854818753e-20
1786739784.7754893,push -Z,fast,1786739746.1800432,-466.9798232052276,-183.54320774934433,719.3093595871769,13.76574058120099,-35.02348674039212,6.866682104437461e-20
1786739784.802974,push -Z,fast,1786739746.1800432,-467.7073237213467,-186.09417525885874,717.5911654308702,13.957063144414722,-35.078049279101165,6.897920768840939e-20
1786739784.831371,push -Z,fast,1786739746.1800432,-467.74772513650714,-185.67184584717063,716.7752390272435,13.925388438537947,-35.08107938523823,6.872391349644016e-20
1786739784.8601055,push -Z,fast,1786739746.1800432,-465.7583202331257,-190.34313655625385,707.0626830950187,14.275735241719293,-34.93187401748475,6.844514348311249e-20
1786739784.888296,push -Z,fast,1786739746.1800432,-463.9139046448877,-186.54416040400463,702.0712199421896,13.990812030300464,-34.79354284836686,6.780465084271732e-20
1786739784.9170365,push -Z,fast,1786739746.1800432,-461.6293024533825,-183.33906291086885,698.2112618080473,13.750429718315221,-34.62219768400386,6.753586169418146e-20
1786739784.9452887,push -Z,fast,1786739746.1800432,-462.76421380666307,-180.75815859219722,706.1678594393497,13.556861894415118,-34.707316035500035,6.79977718863504e-20
1786739784.9736114,push -Z,fast,1786739746.1800432,-463.30442797009346,-182.77373020786104,712.9626881682134,13.70802976558986,-34.74783209775726,6.811695369850253e-20
1786739785.001941,push -Z,fast,1786739746.1800432,-465.69848078488576,-185.81081715814435,718.1651395070539,13.935811286860922,-34.92738605886654,6.881469067311588e-20
1786739785.03096,push -Z,fast,1786739746.1800432,-465.250048660585,-183.9664192080205,719.1888990944999,13.79748144060181,-34.89375364954412,6.886664798424777e-20
1786739785.059125,push -Z,fast,1786739746.1800432,-465.7859912306917,-183.4258588709863,719.754131049649,13.756939415324123,-34.93394934230208,6.901393649245862e-20
1786739785.0873783,push -Z,fast,1786739746.1800432,-467.2322005406004,-183.40932061893022,720.1593488661647,13.755699046420052,-35.04241504054539,6.898256795246957e-20
1786739785.1157975,push -Z,fast,1786739746.1800432,-467.4401073853146,-185.45971423912943,714.2542860670674,13.909478567934958,-35.05800805389874,6.90298206664741e-20
1786739785.14406,push -Z,fast,1786739746.1800432,-465.82042241538056,-185.72564386850115,704.2409626689823,13.92942329013788,-34.93653168115369,6.853408014098008e-20
1786739785.1730342,push -Z,fast,1786739746.1800432,-465.1107607580616,-186.21299502735053,705.7902312493516,13.965974627051434,-34.88330705685475,6.80268247546944e-20
1786739785.201157,push -Z,fast,1786739746.1800432,-468.4906549702091,-186.9095077798554,714.5169985584025,14.018213083489297,-35.13679912276572,6.824914232648926e-20
1786739785.229388,push -Z,fast,1786739746.1800432,-469.95891874145127,-188.05973130265272,724.2090349799664,14.104479847699107,-35.2469189056089,6.873672248281479e-20
1786739785.257928,push -Z,fast,1786739746.1800432,-470.3173845453766,-187.930734237847,725.4745948970503,14.09480506783876,-35.27380384090354,6.893618976241507e-20
1786739785.2863517,push -Z,fast,1786739746.1800432,-467.6028389467201,-186.2575473341234,724.1845642544858,13.969316050059522,-35.0702129210043,6.87407437813442e-20
1786739785.314938,push -Z,fast,1786739746.1800432,-464.915411049089,-187.2594821207125,713.9197355543174,14.044461159053586,-34.86865582868187,6.83248716609684e-20
1786739785.3434021,push -Z,fast,1786739746.1800432,-464.5146177133465,-186.53918097779865,712.2386083203301,13.990438573335002,-34.83859632850124,6.83705974936314e-20
1786739785.372369,push -Z,fast,1786739746.1800432,-464.15376519436813,-185.2548711601753,709.610891512516,13.8941153370134,-34.81153238957782,6.842976108104948e-20
1786739785.4000578,push -Z,fast,1786739746.1800432,-465.5079717762719,-182.46004105236034,717.8129160799881,13.684503078927353,-34.91309788322054,6.857367502320385e-20
1786739785.4286797,push -Z,fast,1786739746.1800432,-464.51279818413195,-183.60035713449565,714.8667934138684,13.77002678508737,-34.83845986380992,6.870869277340955e-20
1786739785.457026,push -Z,fast,1786739746.1800432,-463.68629222803247,-183.37363184356946,713.9922892149552,13.753022388267734,-34.77647191710265,6.825690094727637e-20
1786739785.4854023,push -Z,fast,1786739746.1800432,-461.7994291685027,-184.32036514582683,702.261009954027,13.824027385937203,-34.63495718763777,6.769916320129209e-20
1786739785.5137587,push -Z,fast,1786739746.1800432,-461.9267332866252,-185.33081433595828,699.8729876342668,13.899811075196997,-34.64450499649706,6.767928286726172e-20
1786739785.5425293,push -Z,fast,1786739746.1800432,-463.4706305663749,-187.9764265946758,701.9413809371299,14.098231994600763,-34.76029729247826,6.79542903400074e-20
1786739785.5709748,push -Z,fast,1786739746.1800432,-466.7649285458251,-190.29671222206582,711.6603109396101,14.272253416655236,-35.007369640937156,6.872468551761523e-20
1786739785.5990767,push -Z,fast,1786739746.1800432,-467.592276377492,-190.65670541387237,721.8871428360881,14.299252906040618,-35.06942072831203,6.964553887264002e-20
1786739785.6274242,push -Z,fast,1786739746.1800432,-466.6406653520571,-191.49099632130162,719.4061455692417,14.361824724097882,-34.99804990140447,6.96779759453288e-20
1786739785.6558769,push -Z,fast,1786739746.1800432,-465.8679240706342,-187.58525794436287,715.3616275097665,14.068894345827406,-34.940094305297755,6.940310688436919e-20
1786739785.6843855,push -Z,fast,1786739746.1800432,-464.6409248774403,-185.0071151801211,706.872463149427,13.87553363850915,-34.84806936580822,6.824511210605384e-20
1786739785.7128835,push -Z,fast,1786739746.1800432,-464.12475353380296,-181.833033902446,707.4129299202332,13.637477542683595,-34.8093565150355,6.797434713504644e-20
1786739785.7412539,push -Z,fast,1786739746.1800432,-462.4396841445291,-184.2543923308017,708.6851164571335,13.819079424810287,-34.6829763108399,6.776719418503503e-20
1786739785.7696474,push -Z,fast,1786739746.1800432,-461.86866434368403,-184.3175665956485,708.1937769553942,13.823817494673872,-34.64014982577637,6.77731730061134e-20
1786739785.797952,push -Z,fast,1786739746.1800432,-462.4796908801068,-183.92588613212536,710.1189794410793,13.79444145990961,-34.68597681600807,6.793021563836471e-20
1786739785.8269217,push -Z,fast,1786739746.1800432,-464.19944274417776,-182.67762296808803,714.9452755700959,13.700821722606843,-34.814958205813596,6.880649514518193e-20
1786739785.8549197,push -Z,fast,1786739746.1800432,-464.98091121211655,-183.154911095819,717.3152689012168,13.73661833218664,-34.87356834090899,6.8990238702866e-20
1786739785.8832335,push -Z,fast,1786739746.1800432,-463.7236608979729,-184.7513119673514,707.4242543312084,13.85634839755166,-34.77927456734818,6.893273163080006e-20
1786739785.911939,push -Z,fast,1786739746.1800432,-463.34643034342935,-184.26216666430855,703.8689639155791,13.819662499823348,-34.75098227575741,6.843818419031279e-20
1786739785.9402027,push -Z,fast,1786739746.1800432,-462.3070985256645,-184.47867600613017,705.5738081096879,13.835900700459892,-34.67303238942501,6.882235092103278e-20
1786739785.9687374,push -Z,fast,1786739746.1800432,-465.7678392996386,-185.78822182705483,716.6274494308072,13.93411663702923,-34.93258794747308,6.915468520696389e-20
1786739785.9987454,push -Z,fast,1786739746.1800432,-468.01467525774524,-185.0725287481556,722.9118327390679,13.880439656111879,-35.10110064433125,6.929570382943237e-20
1786739786.0253828,push -Z,fast,1786739746.1800432,-469.25278343481386,-181.3797611766629,727.9461312805706,13.603482088249901,-35.193958757611114,6.861101727478366e-20
1786739786.05379,push -Z,fast,1786739746.1800432,-465.6882764920306,-179.75010328468818,724.6788925128994,13.481257746351805,-34.92662073690249,6.8181170380313e-20
1786739786.082215,push -Z,fast,1786739746.1800432,-462.2746323096935,-181.56825444972287,713.8374314238654,13.617619083729405,-34.67059742322727,6.763506096989994e-20
1786739786.1106238,push -Z,fast,1786739746.1800432,-464.63197059326285,-185.40810301105023,708.4471197866469,13.905607725829004,-34.847397794494846,6.754258647827169e-20
1786739786.1390932,push -Z,fast,1786739746.1800432,-465.8502328366876,-186.26900317459933,708.0036466533084,13.970175238095177,-34.93876746275166,6.729509772764156e-20
1786739786.1678057,push -Z,fast,1786739746.1800432,-466.654198987188,-186.47096303376804,711.1805971024996,13.985322227532766,-34.999064924039274,6.724816798604686e-20
1786739786.1980634,push -Z,fast,1786739746.1800432,-467.6422301460666,-186.02179193823793,718.5656018142618,13.951634395368,-35.07316726095522,6.815643737474304e-20
1786739786.224255,push -Z,fast,1786739746.1800432,-467.0595482874478,-187.22988031884813,716.4688070891243,14.042241023913814,-35.02946612155883,6.828228909843356e-20
1786739786.2529848,push -Z,fast,1786739746.1800432,-469.03639689853435,-186.7368469098551,721.1266238566213,14.005263518239442,-35.177729767390375,6.896764656716864e-20
1786739786.281277,push -Z,fast,1786739746.1800432,-465.392783892451,-186.74405629396415,708.2532368556722,14.00580422204742,-34.90445879193408,6.840610091402531e-20
1786739786.30972,push -Z,fast,1786739746.1800432,-467.26631720175146,-184.44494809153787,713.9375430085292,13.833371106865595,-35.044973790131706,6.875175854446026e-20
1786739786.3381033,push -Z,fast,1786739746.1800432,-464.2873222753951,-185.22338236510961,709.005159399393,13.891753677383516,-34.82154917065484,6.83530036329268e-20
1786739786.3665662,push -Z,fast,1786739746.1800432,-464.08914109003126,-185.16049759813666,713.111554402085,13.887037319860479,-34.806685581752475,6.825530686364007e-20
1786739786.39618,push -Z,fast,1786739746.1800432,-461.5875126458127,-186.82471824344645,702.7766579061536,14.011853868258651,-34.61906344843618,6.825118077457232e-20
1786739786.423577,push -Z,fast,1786739746.1800432,-464.5164369637364,-184.8093946231994,714.2338671424868,13.860704596740145,-34.83873277228047,6.819027227337865e-20
1786739786.4518158,push -Z,fast,1786739746.1800432,-465.042513978683,-186.54109923306828,717.0712746689824,13.990582442480449,-34.87818854840142,6.861966106384288e-20
1786739786.4803777,push -Z,fast,1786739746.1800432,-463.7304316320283,-185.77875886753782,715.7308264839794,13.933406915065522,-34.77978237240222,6.803397058125024e-20
1786739786.5087023,push -Z,fast,1786739746.1800432,-463.1747214263851,-187.1115679982994,706.9636878600904,14.033367599872644,-34.73810410697914,6.821244348890425e-20
1786739786.5370696,push -Z,fast,1786739746.1800432,-462.66658245317194,-189.40371837959003,699.76837019918,14.205278878469375,-34.69999368398818,6.806925246837807e-20
1786739786.5655222,push -Z,fast,1786739746.1800432,-465.44166553308014,-192.02771660009535,715.606339121201,14.402078745007191,-34.90812491498114,6.924157696945333e-20
1786739786.596912,push -Z,fast,1786739746.1800432,-466.45397896194027,-193.5956798983084,718.7246188796626,14.519675992373362,-34.98404842214573,6.971676516668282e-20
1786739786.6223142,push -Z,fast,1786739746.1800432,-466.62202813334534,-190.29620612327244,730.905621318775,14.272215459245746,-34.996652110001186,6.973881708703494e-20
1786739786.650731,push -Z,fast,1786739746.1800432,-466.9141336564667,-187.18954224076776,728.1625099504763,14.039215668057789,-35.01856002423521,6.922379158125452e-20
1786739786.6792076,push -Z,fast,1786739746.1800432,-468.28448808190024,-185.31701316049782,730.788179922858,13.898775987037606,-35.12133660614268,6.898386487116007e-20
1786739786.7074049,push -Z,fast,1786739746.1800432,-466.2328449434349,-180.77369943661836,718.6557199220424,13.558027457746686,-34.967463370757734,6.782987308827455e-20
1786739786.7359931,push -Z,fast,1786739746.1800432,-464.55735515614015,-178.21109095315353,715.0638380655055,13.365831821486719,-34.841801636710755,6.756826010136132e-20
1786739786.7646248,push -Z,fast,1786739746.1800432,-462.6633252004426,-177.04884655785293,710.5454013383842,13.278663491839144,-34.69974939003341,6.729194256026837e-20
1786739786.7947092,push -Z,fast,1786739746.1800432,-467.9209368266611,-183.68831090035292,721.3549753197585,13.776623317526724,-35.09407026199977,6.847700874098378e-20
1786739786.8212914,push -Z,fast,1786739746.1800432,-468.3266604139776,-185.40773281074405,723.8863863577062,13.905579960806126,-35.1244995310486,6.840214108332048e-20
1786739786.8499312,push -Z,fast,1786739746.1800432,-467.59657232480595,-183.49072276469622,723.8130627840992,13.761804207352423,-35.069742924360675,6.826429506862912e-20
1786739786.8782842,push -Z,fast,1786739746.1800432,-467.599430232357,-181.93832210618496,722.8095026122946,13.645374157964024,-35.06995726742696,6.84887480072805e-20
1786739786.906823,push -Z,fast,1786739746.1800432,-466.549840832924,-179.4592145164379,708.4391626533243,13.459441088733026,-34.99123806246958,6.80089162143197e-20
1786739786.9350078,push -Z,fast,1786739746.1800432,-468.3579168200931,-181.18378361394946,710.0220206278655,13.588783771046305,-35.12684376150717,6.837151462059443e-20
1786739786.9634,push -Z,fast,1786739746.1800432,-464.7925638970737,-177.00145527013115,704.9459892663435,13.275109145260028,-34.85944229228068,6.71939597309506e-20
1786739786.9954438,push -Z,fast,1786739746.1800432,-467.1655492434443,-179.02641668444858,718.8527030660862,13.426981251333888,-35.03741619325849,6.76599982931082e-20
1786739787.020395,push -Z,fast,1786739746.1800432,-465.5910183203591,-181.62434390393878,718.7795477116242,13.62182579279575,-34.9193263740271,6.749514596343881e-20
1786739787.0490427,push -Z,fast,1786739746.1800432,-470.12345483433637,-185.8541769348068,727.0567239245065,13.939063270110783,-35.25925911257539,6.841963122978076e-20
1786739787.0775132,push -Z,fast,1786739746.1800432,-469.7810889782354,-187.49596292920899,728.7410412749387,14.062197219690812,-35.233581673367745,6.884376403752471e-20
1786739787.10551,push -Z,fast,1786739746.1800432,-469.8798649857008,-186.36666837370717,723.2321418179272,13.977500128028172,-35.2409898739278,6.909044274772782e-20
1786739787.1339438,push -Z,fast,1786739746.1800432,-462.69122097989793,-186.08670967922774,704.3121185869841,13.956503225942338,-34.701841573492395,6.769269571800041e-20
1786739787.1626372,push -Z,fast,1786739746.1800432,-460.3774027972281,-187.19443289684295,697.9571073669576,14.039582467263376,-34.52830520979209,6.723206810672282e-20
1786739787.194443,push -Z,fast,1786739746.1800432,-460.1237518337507,-188.22273259032352,697.9220671452631,14.116704944274343,-34.50928138753154,6.644154248820229e-20
1786739787.219501,push -Z,fast,1786739746.1800432,-463.9186002906563,-191.8858066369953,708.4615647364017,14.391435497774811,-34.79389502179927,6.816311403010511e-20
1786739787.247842,push -Z,fast,1786739746.1800432,-466.6334431691648,-187.81048290846388,711.4601828970344,14.085786218135016,-34.997508237687455,6.874729029137793e-20
1786739787.2763546,push -Z,fast,1786739746.1800432,-465.68117561176314,-186.35857275526905,717.2293603542867,13.976892956645191,-34.926088170882366,6.969818814091715e-20
1786739787.304511,push -Z,fast,1786739746.1800432,-462.79208916853986,-179.91551008120894,702.8984179615309,13.4936632560911,-34.7094066876406,6.869352384417132e-20
1786739787.333023,push -Z,fast,1786739746.1800432,-459.90870319195847,-182.53985386512193,694.7290715017925,13.690489039884508,-34.493152739397054,6.776293181572748e-20
1786739787.3614564,push -Z,fast,1786739746.1800432,-460.92291743571104,-184.99864783420605,692.7667230824409,13.874898587565792,-34.56921880767849,6.781879091417275e-20
1786739787.3918576,push -Z,fast,1786739746.1800432,-465.33393982089,-186.90776179494526,714.1319569091593,14.018082134621043,-34.90004548656699,6.826762253914751e-20
1786739787.418121,push -Z,fast,1786739746.1800432,-467.33735218107404,-185.18142651163737,733.8277161843343,13.888606988373116,-35.05030141358071,6.95041208196927e-20
1786739787.4466372,push -Z,fast,1786739746.1800432,-464.3966442660999,-180.87182175084433,725.4536421836574,13.565386631313483,-34.82974831995779,6.833774029311867e-20
1786739787.4751885,push -Z,fast,1786739746.1800432,-461.67148859121744,-180.54445595490904,716.9644316738977,13.540834196618508,-34.62536164434166,6.771543433686297e-20
1786739787.5033581,push -Z,fast,1786739746.1800432,-460.7721932529885,-182.77476679694485,701.9428424214066,13.708107509771086,-34.557914493974394,6.619976806638076e-20
1786739787.5319543,push -Z,fast,1786739746.1800432,-461.58428583708246,-184.88442674764144,705.4456460002266,13.86633200607331,-34.61882143778147,6.654926440731128e-20
1786739787.5602136,push -Z,fast,1786739746.1800432,-461.3763426428545,-184.35550699112582,707.6046150244429,13.82666302433466,-34.60322569821431,6.662754309712712e-20
1786739787.591394,push -Z,fast,1786739746.1800432,-462.3549665147434,-185.31141810783618,705.6730348711599,13.898356358087899,-34.67662248860611,6.693377194793318e-20
1786739787.61744,push -Z,fast,1786739746.1800432,-464.67361401753806,-184.71946034009488,716.9298648713384,13.853959525507232,-34.850521051315454,6.751271350777809e-20
1786739787.6458268,push -Z,fast,1786739746.1800432,-464.79713806109385,-183.2622107733008,712.5784955873787,13.74466580799788,-34.85978535458228,6.774641301842913e-20
1786739787.6741805,push -Z,fast,1786739746.1800432,-464.1034766104308,-182.21598018988755,720.765282669744,13.666198514241845,-34.80776074578238,6.750929812381543e-20
1786739787.7025058,push -Z,fast,1786739746.1800432,-461.9957178947543,-182.9708258818115,707.0782612426474,13.72281194113626,-34.649678842106724,6.691782511079194e-20
1786739787.7311645,push -Z,fast,1786739746.1800432,-461.7900300544461,-182.6539516817901,707.2761165954053,13.699046376134458,-34.634252254083655,6.669447126749719e-20
1786739787.7595744,push -Z,fast,1786739746.1800432,-462.0476870188986,-183.72794498542862,701.0079627490031,13.779595873907379,-34.65357652641773,6.747869038016654e-20
1786739787.7880063,push -Z,fast,1786739746.1800432,-461.69898990629554,-183.40450234518391,704.4083701574564,13.75533767588895,-34.627424242972396,6.762141549228322e-20
1786739787.8163323,push -Z,fast,1786739746.1800432,-463.6768898040409,-188.27697339872054,711.0675195659705,14.120773004904354,-34.775766735303485,6.844792339022571e-20
1786739787.844725,push -Z,fast,1786739746.1800432,-466.4113406933675,-187.82999764781778,714.3298820293558,14.087249823586593,-34.98085055200291,6.892471082458902e-20
1786739787.8731647,push -Z,fast,1786739746.1800432,-471.8735517009427,-189.52314806071888,724.5966859813652,14.21423610455415,-35.390516377570826,6.970644355087383e-20
1786739787.9017682,push -Z,fast,1786739746.1800432,-469.3745552556884,-188.6557504394076,709.9274852801927,14.149181282955869,-35.203091644176716,6.972918515112015e-20
1786739787.930187,push -Z,fast,1786739746.1800432,-467.6565909671908,-187.61404242256344,705.5136347338585,14.071053181692431,-35.07424432253949,6.863309715387822e-20
1786739787.9584801,push -Z,fast,1786739746.1800432,-463.82670647096666,-185.45010128466436,697.7475667976141,13.908757596349968,-34.787002985322765,6.816330703947453e-20
1786739787.9873624,push -Z,fast,1786739746.1800432,-466.38499247344726,-183.7252992218472,712.2539252640636,13.77939744163874,-34.97887443550871,6.793916851560257e-20
1786739788.0151987,push -Z,fast,1786739746.1800432,-466.3304293383949,-189.10484919124087,714.2037499606031,14.182863689343261,-34.97478220037987,6.864012653634448e-20
1786739788.0438254,push -Z,fast,1786739746.1800432,-466.27655058886376,-192.80777272936302,712.7336777747787,14.460582954702485,-34.97074129416484,6.847265248619668e-20
1786739788.0722358,push -Z,fast,1786739746.1800432,-463.75300775090363,-192.58639855740057,701.8592163179146,14.443979891805203,-34.781475581317885,6.768294600562923e-20
1786739788.100872,push -Z,fast,1786739746.1800432,-460.70408474446685,-188.1035067070594,693.5698082892786,14.107763003029728,-34.55280635583521,6.729596399369059e-20
1786739788.1289794,push -Z,fast,1786739746.1800432,-460.6157826309318,-184.75539399898082,694.084219038913,13.856654549923885,-34.54618369732007,6.717179277069864e-20
1786739788.1572077,push -Z,fast,1786739746.1800432,-462.7905525852739,-184.8978609929228,700.5659996695049,13.86733957446953,-34.70929144389582,6.793698322048817e-20
1786739788.188196,push -Z,fast,1786739746.1800432,-465.21228347524357,-186.22839130665113,706.8884006770077,13.967129347998966,-34.89092126064344,6.81907721887436e-20
1786739788.2143972,push -Z,fast,1786739746.1800432,-466.6652609621965,-187.09480599132337,719.016104079571,14.03211044934947,-34.999894572165076,6.949506552532577e-20
1786739788.2426956,push -Z,fast,1786739746.1800432,-466.17437656473567,-189.49166893171457,719.4203698354231,14.211875169878848,-34.96307824235537,6.93050935390099e-20
1786739788.2710505,push -Z,fast,1786739746.1800432,-467.0669274909437,-189.20389364432788,719.2066368113628,14.19029202332479,-35.03001956182107,6.958429380466759e-20
1786739788.2993677,push -Z,fast,1786739746.1800432,-464.9648031305237,-186.35621860973208,708.9291427869794,13.976716395730204,-34.87236023478946,6.812905169086168e-20
1786739788.32792,push -Z,fast,1786739746.1800432,-463.0990382658165,-182.442562885474,702.8875903067765,13.683192216410784,-34.73242786993638,6.781449485111179e-20
1786739788.3563406,push -Z,fast,1786739746.1800432,-462.12865444696945,-181.62921145886241,705.2755266809254,13.622190859414925,-34.65964908352292,6.767633130323706e-20
1786739788.3876872,push -Z,fast,1786739746.1800432,-463.0513256418303,-184.79096389306085,701.2877049651124,13.859322291979705,-34.72884942313731,6.844008488322517e-20
1786739788.4132824,push -Z,fast,1786739746.1800432,-467.9582681648121,-187.50112341075976,723.4733625238096,14.062584255807199,-35.09687011236101,7.026583301152027e-20
1786739788.4417758,push -Z,fast,1786739746.1800432,-468.28973637996705,-187.01274844656677,727.3154642495401,14.025956133492802,-35.121730228497775,7.035693768220468e-20
1786739788.4699044,push -Z,fast,1786739746.1800432,-465.9430741736005,-188.5855757995023,721.7142940815911,14.143918184962953,-34.945730563020156,6.907069228670806e-20
1786739788.4983351,push -Z,fast,1786739746.1800432,-462.23242704549557,-187.55064869080627,703.7497781088259,14.066298651810765,-34.66743202841226,6.791967502732529e-20
1786739788.5268378,push -Z,fast,1786739746.1800432,-463.526331381795,-188.11688350753946,701.3547622908909,14.108766263065714,-34.764474853634795,6.764652533835379e-20
1786739788.5551994,push -Z,fast,1786739746.1800432,-464.441795340309,-185.68058871361995,705.0912061386271,13.926044153521563,-34.833134650523334,6.812903593916995e-20
1786739788.5852482,push -Z,fast,1786739746.1800432,-464.7296850527455,-187.0006716578598,700.8346363080118,14.025050374339852,-34.854726378956144,6.787486363871583e-20
1786739788.612113,push -Z,fast,1786739746.1800432,-462.45181223718373,-184.11840735047508,702.1497634171319,13.808880551285899,-34.68388591778894,6.700270392191588e-20
1786739788.640625,push -Z,fast,1786739746.1800432,-461.918715215244,-183.03344470941647,702.494553151133,13.727508353206506,-34.643903641143545,6.678442683790478e-20
1786739788.6690342,push -Z,fast,1786739746.1800432,-465.03046638866954,-182.8067191587146,714.6758641743836,13.710503936903901,-34.87728497915032,6.722628660113563e-20
1786739788.6972647,push -Z,fast,1786739746.1800432,-465.64230620622084,-184.28864638479854,712.1298656539711,13.821648478860059,-34.923172965466854,6.872330369877214e-20
1786739788.7256477,push -Z,fast,1786739746.1800432,-467.91215069680175,-182.53086747150314,713.0091807174013,13.689815060362964,-35.09341130226034,6.91783305593142e-20
1786739788.7545786,push -Z,fast,1786739746.1800432,-466.0489228957358,-182.08118764157007,706.7141312899066,13.656089073117787,-34.95366921718026,6.879958427310862e-20
1786739788.7836723,push -Z,fast,1786739746.1800432,-467.9855540688636,-181.9681354631973,711.6211312846235,13.647610159740179,-35.09891655516496,6.843245772718537e-20
1786739788.8111815,push -Z,fast,1786739746.1800432,-468.7381156554543,-186.984008078888,715.489760123086,14.023800605917014,-35.15535867415916,6.825030915893279e-20
1786739788.8396614,push -Z,fast,1786739746.1800432,-467.0052258882465,-187.2736189248368,719.6300686551394,14.04552141936286,-35.025391941618786,6.852568477570049e-20
1786739788.868199,push -Z,fast,1786739746.1800432,-464.79316118037605,-186.61631300456907,713.7611230453849,13.996223475342855,-34.85948708852847,6.796128930643114e-20
1786739788.896527,push -Z,fast,1786739746.1800432,-462.7932440714426,-182.7468266838805,710.777743544857,13.70601200129116,-34.70949330535836,6.879535507354294e-20
1786739788.9248698,push -Z,fast,1786739746.1800432,-464.4316729941838,-182.55965906573044,703.9660611114623,13.691974429929925,-34.83237547456397,6.824454710740673e-20
1786739788.9531868,push -Z,fast,1786739746.1800432,-465.59248653610484,-183.40716691462126,707.29473986831,13.755537518596821,-34.919436490208085,6.871031407640162e-20
1786739788.9833739,push -Z,fast,1786739746.1800432,-466.6911896655283,-188.51147710415,708.7562846657129,14.13836078281155,-35.00183922491482,6.812231553231982e-20
1786739789.0103767,push -Z,fast,1786739746.1800432,-468.1653597199602,-187.5253536765373,717.6919742962673,14.064401525740596,-35.11240197899731,6.878770402923598e-20
1786739789.0387657,push -Z,fast,1786739746.1800432,-466.9180885098808,-186.05362670160173,718.722985519431,13.954022002620253,-35.01885663824113,6.887203254622963e-20
1786739789.0669308,push -Z,fast,1786739746.1800432,-465.70813182558686,-181.94385191493313,713.4007513900042,13.645788893620196,-34.92810988691911,6.883029982364717e-20
1786739789.095125,push -Z,fast,1786739746.1800432,-464.049822951672,-184.330756686957,713.0139303447104,13.824806751522072,-34.80373672137552,6.920566351712366e-20
1786739789.1238246,push -Z,fast,1786739746.1800432,-463.91169780338714,-185.61739504874288,707.2970092145715,13.92130462865602,-34.79337733525414,6.877716360285146e-20
1786739789.1522818,push -Z,fast,1786739746.1800432,-463.3028925788017,-185.60090814288208,711.0450828840239,13.920068110716418,-34.747716943410424,6.866443309373489e-20
1786739789.18046,push -Z,fast,1786739746.1800432,-461.4632756742776,-183.36200952168713,705.6337116618679,13.752150714126753,-34.60974567557114,6.835437433030561e-20
1786739789.2089472,push -Z,fast,1786739746.1800432,-461.97242189573217,-183.78199837491184,710.2884149268411,13.783649878118599,-34.6479316421801,6.87175923502528e-20
1786739789.2372353,push -Z,fast,1786739746.1800432,-461.0526508133539,-183.18605019167637,708.7830803811739,13.738953764375896,-34.57894881100166,6.888652848000772e-20
1786739789.265789,push -Z,fast,1786739746.1800432,-462.3964296090676,-182.5983197909095,716.0180994472339,13.69487398431858,-34.67973222068029,6.867706611370574e-20
1786739789.2945635,push -Z,fast,1786739746.1800432,-462.885439746025,-183.53671892045725,712.6767648768,13.765253919034468,-34.71640798095202,6.832080630483091e-20
1786739789.3225877,push -Z,fast,1786739746.1800432,-467.6787888313329,-184.2634961761081,721.7373418904344,13.819762213208296,-35.075909162350044,6.81865825600798e-20
1786739789.3511047,push -Z,fast,1786739746.1800432,-466.25937326736266,-185.45991457260232,712.3902287570845,13.909493592945484,-34.96945299505244,6.840831105615126e-20
1786739789.3793356,push -Z,fast,1786739746.1800432,-465.71749900168516,-183.69162256350126,712.4442177337487,13.776871692262876,-34.928812425126615,6.890857443388367e-20
1786739789.4080675,push -Z,fast,1786739746.1800432,-464.7168090639798,-184.72260172593508,708.6099392511533,13.854195129445433,-34.85376067979874,6.951279912056217e-20
1786739789.4362586,push -Z,fast,1786739746.1800432,-464.6922854641707,-184.1634605307089,709.329278471243,13.812259539803424,-34.851921409812846,6.911037315798439e-20
1786739789.4648368,push -Z,fast,1786739746.1800432,-464.7452507124535,-185.76131795564027,707.9836574600531,13.932098846673203,-34.85589380343419,6.882305337087432e-20
1786739789.4933836,push -Z,fast,1786739746.1800432,-464.43024061026244,-186.97587578435434,706.3399000275867,14.023190683826858,-34.832268045769816,6.84134948901431e-20
1786739789.521487,push -Z,fast,1786739746.1800432,-465.40764384724343,-186.7636858824602,708.0417199895282,14.007276441184903,-34.90557328854339,6.832970879190136e-20
1786739789.5502486,push -Z,fast,1786739746.1800432,-463.8821978140063,-183.23609294477558,709.4240288574119,13.742706970858439,-34.79116483605063,6.82202963623666e-20
1786739789.5784063,push -Z,fast,1786739746.1800432,-462.16849529789806,-182.480264004692,710.1059730829847,13.68601980035211,-34.66263714734254,6.825399876117722e-20
1786739789.6100805,push -Z,fast,1786739746.1800432,-461.90597484302316,-183.08309284843676,708.0536033655462,13.731231963633089,-34.64294811322685,6.786218790929344e-20
1786739789.6352262,push -Z,fast,1786739746.1800432,-462.5880358883164,-186.00972158563764,713.45556213094,13.950729118923054,-34.694102691623925,6.80459381238364e-20
1786739789.6636767,push -Z,fast,1786739746.1800432,-462.0656721449982,-182.13508640912778,708.4801465676692,13.660131480684857,-34.65492541087508,6.767209600055558e-20
1786739789.6924267,push -Z,fast,1786739746.1800432,-461.2177703484799,-180.74731794538218,708.4456664514319,13.556048845903849,-34.5913327761361,6.743797221850712e-20
1786739789.7208583,push -Z,fast,1786739746.1800432,-462.3775343225998,-183.3880194231482,705.4570654832905,13.754101456736205,-34.67831507419515,6.772934044969304e-20
1786739789.7492197,push -Z,fast,1786739746.1800432,-461.3567304752496,-183.91246542530132,703.7702016488238,13.793434906897954,-34.601754785643884,6.748019747256778e-20
1786739789.7773476,push -Z,fast,1786739746.1800432,-461.8356660090426,-185.76974539247692,707.0242191706511,13.93273090443616,-34.63767495067847,6.833617625422187e-20
1786739789.8078594,push -Z,fast,1786739746.1800432,-461.17607216114266,-181.66477767390438,704.9512035744701,13.624858325542977,-34.58820541208584,6.808099064945795e-20
1786739789.834533,push -Z,fast,1786739746.1800432,-463.52509600448593,-187.1185136303942,715.8606355635466,14.033888522279742,-34.764382200336726,6.879692095925884e-20
1786739789.862674,push -Z,fast,1786739746.1800432,-463.8692121426593,-189.13282527124852,714.696582542063,14.184961895343765,-34.790190910699664,6.935440636726117e-20
1786739789.891148,push -Z,fast,1786739746.1800432,-463.35573459183024,-188.28811180309924,717.3284803539418,14.12160838523275,-34.75168009438738,6.878569679097593e-20
1786739789.9194844,push -Z,fast,1786739746.1800432,-456.6137480810644,-184.61780889086356,692.974372543431,13.846335666814841,-34.246031106079926,6.77699769839725e-20
1786739789.9480398,push -Z,fast,1786739746.1800432,-457.3354601800288,-181.85335333132844,690.6941574187586,13.639001499849872,-34.30015951350231,6.744700034736669e-20
1786739789.9763305,push -Z,fast,1786739746.1800432,-460.25969676156546,-183.07904728959136,690.5050678531552,13.730928546719664,-34.519477257117536,6.780874655687762e-20
1786739790.0058277,push -Z,fast,1786739746.1800432,-466.75563371863245,-186.14586243318888,708.1531567439424,13.960939682489364,-35.00667252889769,6.923588820983552e-20
1786739790.0337996,push -Z,fast,1786739746.1800432,-466.268397825153,-188.81149947639074,710.2377806761906,14.16086246072945,-34.97012983688652,6.85553219846615e-20
1786739790.0616093,push -Z,fast,1786739746.1800432,-463.88040297757243,-187.60751494509896,705.4310847794222,14.070563620882691,-34.79103022331813,6.867405944554138e-20
1786739790.0904186,push -Z,fast,1786739746.1800432,-462.5197273228591,-183.76722257691029,699.9466619025116,13.782541693268588,-34.68897954921463,6.753848014819467e-20
1786739790.118738,push -Z,fast,1786739746.1800432,-460.7790802288687,-181.61716207159975,694.1108627699814,13.621287155370151,-34.558431017165276,6.736694455917139e-20
1786739790.1470733,push -Z,fast,1786739746.1800432,-459.5798769257981,-182.78987113492997,690.4543098974727,13.70924033511999,-34.4684907694351,6.687137224318335e-20
1786739790.1753793,push -Z,fast,1786739746.1800432,-462.72040333897166,-186.176633156329,701.1540601979614,13.963247486724978,-34.704030250423045,6.794853120251956e-20
1786739790.2037768,push -Z,fast,1786739746.1800432,-462.58411619825483,-185.38949686106537,700.3443021131325,13.904212264580185,-34.693808714869405,6.818547510702922e-20
1786739790.2324173,push -Z,fast,1786739746.1800432,-465.60866601346333,-184.77224682072722,716.1181181233405,13.857918511554796,-34.92064995100987,6.919608398449433e-20
1786739790.2607138,push -Z,fast,1786739746.1800432,-463.0501877501647,-181.13654934461397,717.6759639674183,13.585241200846436,-34.728764081262604,6.839000610035058e-20
1786739790.2891815,push -Z,fast,1786739746.1800432,-463.40008309194764,-180.30176686189577,714.0230630600063,13.522632514642414,-34.75500623189606,6.797914053219834e-20
1786739790.3176441,push -Z,fast,1786739746.1800432,-459.54314077837944,-180.31859238081324,699.792754827723,13.523894428561096,-34.46573555837857,6.697549023973894e-20
1786739790.3459797,push -Z,fast,1786739746.1800432,-462.4288616785507,-182.8752930336832,698.5697707477739,13.715646977526543,-34.68216462589152,6.747879139457659e-20
1786739790.3744671,push -Z,fast,1786739746.1800432,-466.1305148313768,-184.70838559785352,715.3360399479607,13.853128919839225,-34.95978861235363,6.823433866341409e-20
1786739790.4045496,push -Z,fast,1786739746.1800432,-468.9742711946483,-186.36383735960408,719.8957382761309,13.977287801970572,-35.17307033959894,6.877399256488587e-20
1786739790.431387,push -Z,fast,1786739746.1800432,-465.65374847324983,-184.49660040107312,720.3906589245271,13.837245030080748,-34.924031135493884,6.805113722259327e-20
1786739790.4599257,push -Z,fast,1786739746.1800432,-464.4776028774163,-185.21181092197992,721.040805810082,13.890885819148505,-34.83582021580644,6.8365809738189e-20
1786739790.4882584,push -Z,fast,1786739746.1800432,-463.4169195719355,-185.5534600042481,721.0158751057916,13.916509500318686,-34.75626896789537,6.854777698982157e-20
1786739790.516566,push -Z,fast,1786739746.1800432,-464.3159456399012,-187.417320022627,714.659660700836,14.056299001697443,-34.82369592299274,6.951458630656392e-20
1786739790.544799,push -Z,fast,1786739746.1800432,-462.5221752211942,-185.35965136129164,705.4898244825863,13.90197385209709,-34.68916314158968,6.887653677706767e-20
1786739790.5731454,push -Z,fast,1786739746.1800432,-462.18732952749224,-183.9189373464103,705.483169697558,13.793920300981018,-34.66404971456198,6.820507552863545e-20
1786739790.6028042,push -Z,fast,1786739746.1800432,-463.41861815672974,-185.5677174835613,704.7154315472999,13.917578811267408,-34.75639636175501,6.798240551250135e-20
1786739790.6302013,push -Z,fast,1786739746.1800432,-462.6365483265454,-188.15390367767975,705.1224743390649,14.111542775826177,-34.697741124491124,6.772768004229196e-20
1786739790.6585183,push -Z,fast,1786739746.1800432,-462.4285906230648,-189.7536250595972,703.9527901773472,14.231521879469955,-34.682144296729845,6.775286094488492e-20
1786739790.6869905,push -Z,fast,1786739746.1800432,-461.02631643184577,-186.50893769755578,703.8181651353225,13.98817032731682,-34.5769737323885,6.768964056343737e-20
1786739790.7152696,push -Z,fast,1786739746.1800432,-463.451706346782,-186.3551534982255,700.9373632123234,13.976636512367062,-34.75887797600887,6.84169392357636e-20
1786739790.743839,push -Z,fast,1786739746.1800432,-464.6784852427445,-185.14385187271705,701.3991527116559,13.88578889045414,-34.850886393205826,6.858248003914113e-20
1786739790.7722692,push -Z,fast,1786739746.1800432,-465.61859328986793,-186.20817735636604,705.5838781213779,13.96561330172764,-34.921394496740284,6.871147785389656e-20
1786739790.800667,push -Z,fast,1786739746.1800432,-465.29972144993917,-184.00739846959993,714.6381264054726,13.800554885220134,-34.897479108745536,6.867990781956329e-20
1786739790.8290474,push -Z,fast,1786739746.1800432,-467.2161456318081,-183.97265044943924,721.5249578256517,13.79794878370804,-35.04121092238562,6.930277632017327e-20
1786739790.8577273,push -Z,fast,1786739746.1800432,-466.16457499341504,-184.563568811172,716.476352258207,13.84226766083815,-34.96234312450633,6.931569211109463e-20
1786739790.886134,push -Z,fast,1786739746.1800432,-466.07507504861087,-185.13851555894155,709.3612789322015,13.885388666920871,-34.955630628646,6.852852907610932e-20
1786739790.9146423,push -Z,fast,1786739746.1800432,-463.0090274235504,-183.22047070821327,700.0017127692599,13.74153530311612,-34.72567705676643,6.763434913821684e-20
1786739790.9428918,push -Z,fast,1786739746.1800432,-463.5164407599236,-181.1483508905293,708.8286386729833,13.586126316790004,-34.763733056994454,6.795412808682852e-20
1786739790.971393,push -Z,fast,1786739746.1800432,-462.9770167719007,-181.81455709674208,707.9388906508029,13.636091782255821,-34.72327625789279,6.862886474498833e-20
1786739791.000226,push -Z,fast,1786739746.1800432,-465.02249100510744,-186.69427101140877,715.8827991457556,14.002070325856,-34.87668682538334,6.967146811545088e-20
1786739791.02805,push -Z,fast,1786739746.1800432,-463.34013642929403,-186.83006532145225,704.6891652521672,14.012254899109134,-34.75051023219728,6.861483047181523e-20
1786739791.05649,push -Z,fast,1786739746.1800432,-463.91601505088465,-185.4099588242882,719.1107944293462,13.905746911821833,-34.79370112881655,6.945468094473591e-20
1786739791.0848975,push -Z,fast,1786739746.1800432,-462.5092205438327,-184.33137886109694,709.9408325048335,13.824853414582446,-34.68819154078766,6.863794109064373e-20
1786739791.1134348,push -Z,fast,1786739746.1800432,-466.9372927296845,-185.34039693248292,721.6168156619815,13.900529769936501,-35.020296954726525,6.943648819743695e-20
1786739791.141647,push -Z,fast,1786739746.1800432,-464.921864638085,-185.67961024852355,706.3416085479003,13.92597076863947,-34.869139847856616,6.799031447084731e-20
1786739791.1702666,push -Z,fast,1786739746.1800432,-465.0856926717197,-183.77207831130227,714.9292386712223,13.782905873347904,-34.88142695037918,6.818538271981657e-20
1786739791.1987333,push -Z,fast,1786739746.1800432,-463.9456361594762,-183.41016237565793,711.5977806970595,13.755762178174539,-34.79592271196095,6.795259009898016e-20
1786739791.2271035,push -Z,fast,1786739746.1800432,-464.6681940054241,-184.03409297542214,710.6940340367801,13.8025569731568,-34.85011455040704,6.816276659695392e-20
1786739791.255386,push -Z,fast,1786739746.1800432,-465.02290676003804,-184.47476482703814,707.7865550744964,13.835607362027975,-34.876718007003156,6.828877015984653e-20
1786739791.283795,push -Z,fast,1786739746.1800432,-462.7973093528217,-181.0786558701409,704.7295836903022,13.580899190260784,-34.70979820146187,6.805527476022465e-20
1786739791.3122928,push -Z,fast,1786739746.1800432,-464.0390142049714,-181.45319061520934,709.1998128722862,13.60898929614083,-34.80292606537305,6.814080250375987e-20
1786739791.3406928,push -Z,fast,1786739746.1800432,-461.4784419367197,-180.7855895506665,698.6685551547725,13.558919216300215,-34.61088314525422,6.76052598099853e-20
1786739791.369376,push -Z,fast,1786739746.1800432,-462.77371505993324,-184.8817018267929,699.1573554693814,13.866127637009622,-34.70802862949521,6.815098193552014e-20
1786739791.3977444,push -Z,fast,1786739746.1800432,-463.2258324056693,-185.44278716933707,705.9576037019178,13.908209037700477,-34.74193743042543,6.851691745893668e-20
1786739791.426022,push -Z,fast,1786739746.1800432,-466.4590763252763,-186.39129278779785,719.0420260949131,13.979346959085195,-34.98443072439584,6.916699741963195e-20
1786739791.454453,push -Z,fast,1786739746.1800432,-469.0014604630537,-185.17405548120087,729.0031814766435,13.888054161090427,-35.175109534729124,6.952133118098967e-20
1786739791.4829774,push -Z,fast,1786739746.1800432,-468.6319225083712,-183.29489570753856,720.6410962950931,13.74711717806559,-35.14739418812817,6.90158668671873e-20
1786739791.5113165,push -Z,fast,1786739746.1800432,-469.42213029582945,-183.06393521877396,721.5754501316997,13.729795141408307,-35.206659772187464,6.866837986788308e-20
1786739791.539731,push -Z,fast,1786739746.1800432,-466.9489107368331,-183.89744058119618,713.0771790847666,13.792308043590001,-35.021168305262734,6.77598572224601e-20
1786739791.5681887,push -Z,fast,1786739746.1800432,-465.1558227063242,-184.15996343615984,706.8061538001002,13.811997257712182,-34.886686702974444,6.764606853589572e-20
1786739791.5965052,push -Z,fast,1786739746.1800432,-462.77983673988456,-186.57731241509032,704.556989436398,13.993298431132065,-34.708487755491646,6.795061588715757e-20
1786739791.6250277,push -Z,fast,1786739746.1800432,-461.7021386119477,-187.88306974168506,704.0307690572063,14.09123023062654,-34.62766039589634,6.802803827925611e-20
1786739791.6537995,push -Z,fast,1786739746.1800432,-465.32256000968846,-188.71625535627436,719.2310392467489,14.153719151720733,-34.8991920007268,6.849639178274218e-20
1786739791.681984,push -Z,fast,1786739746.1800432,-464.8884765945959,-187.06982519608948,713.1312718411418,14.030236889706831,-34.866635744595015,6.807656262447548e-20
1786739791.7104971,push -Z,fast,1786739746.1800432,-466.19450027478933,-183.14946902045233,715.6503636847938,13.736210176534119,-34.964587520609435,6.773063453463542e-20
1786739791.7386005,push -Z,fast,1786739746.1800432,-464.779318683949,-183.15067308843413,716.8956662372138,13.736300481632814,-34.85844890129644,6.824515561018393e-20
1786739791.7673635,push -Z,fast,1786739746.1800432,-465.05012160279057,-181.57241913459745,717.5298684516965,13.61793143509502,-34.87875912020945,6.828924825455213e-20
1786739791.795413,push -Z,fast,1786739746.1800432,-463.40217952862395,-183.2595996975972,718.2985417368936,13.744469977320055,-34.75516346464708,6.870157996436632e-20
1786739791.825346,push -Z,fast,1786739746.1800432,-462.37907850677493,-182.99418654621093,711.94046076208,13.724563990966086,-34.6784308880083,6.816307010337351e-20
1786739791.8521671,push -Z,fast,1786739746.1800432,-464.03773410530266,-182.2273970554122,719.2924665086312,13.667054779156135,-34.80283005789792,6.817716631741243e-20
1786739791.8809478,push -Z,fast,1786739746.1800432,-463.6372778900668,-181.1439051770758,710.6864656417238,13.585792888280952,-34.772795841755084,6.794300759268196e-20
1786739791.9090657,push -Z,fast,1786739746.1800432,-462.8543937690579,-180.5053086483059,704.1425833701351,13.53789814862311,-34.7140795326795,6.804794568720363e-20
1786739791.937409,push -Z,fast,1786739746.1800432,-461.0608673631591,-180.4574857446479,701.5578420344646,13.5343114308487,-34.57956505223724,6.82056417418622e-20
1786739791.9660425,push -Z,fast,1786739746.1800432,-460.90143672236263,-181.53490256036582,700.0421058683824,13.615117692027585,-34.56760775417753,6.789625116068936e-20
1786739791.9945824,push -Z,fast,1786739746.1800432,-462.7198233449881,-182.44442048109397,708.610592268149,13.68333153608241,-34.703986750874336,6.791088572552604e-20
1786739792.0226994,push -Z,fast,1786739746.1800432,-461.99289263397986,-183.81932443054222,707.4746109166726,13.786449332290875,-34.64946694754853,6.698919635551726e-20
1786739792.0514243,push -Z,fast,1786739746.1800432,-463.62765783547866,-185.3009367692673,720.2201045939373,13.897570257695225,-34.772074337661124,6.775705830591007e-20
1786739792.0797973,push -Z,fast,1786739746.1800432,-463.7667846650911,-184.43703551702026,722.1036556324389,13.832777663776834,-34.78250884988195,6.8091819808445e-20
1786739792.1081564,push -Z,fast,1786739746.1800432,-464.65995650248396,-183.70349254743667,719.8309624936956,13.777761941057943,-34.849496737686486,6.891470656006096e-20
1786739792.1363063,push -Z,fast,1786739746.1800432,-464.65725317779106,-184.45399528339738,713.9881689320264,13.834049646255156,-34.849293988334644,6.880057077283659e-20
1786739792.1648214,push -Z,fast,1786739746.1800432,-461.2306011783089,-185.05993820127208,705.5462291015083,13.87949536509564,-34.59229508837343,6.792901516674669e-20
1786739792.193161,push -Z,fast,1786739746.1800432,-462.78348538768205,-187.61191171822315,711.3772761036744,14.070893378866831,-34.70876140407626,6.824254287938548e-20
1786739792.2215834,push -Z,fast,1786739746.1800432,-461.7869123046462,-188.19968822138844,708.3485125948873,14.114976616604391,-34.634018422848634,6.813140663928463e-20
1786739792.2501051,push -Z,fast,1786739746.1800432,-463.9773068567538,-187.06427922039984,714.3797362852038,14.029820941530172,-34.79829801425677,6.86490802359526e-20
1786739792.278685,push -Z,fast,1786739746.1800432,-461.69571100965914,-186.8297410794704,704.4419281606715,14.012230580960473,-34.62717832572453,6.798418470109037e-20
1786739792.3071947,push -Z,fast,1786739746.1800432,-460.898600901151,-181.29080045227442,697.6566121700289,13.596810033920871,-34.56739506758646,6.720343925420861e-20
1786739792.335384,push -Z,fast,1786739746.1800432,-461.95064168837825,-183.1067189293998,697.8301538428332,13.733003919705272,-34.64629812662858,6.711103459382015e-20
1786739792.3636594,push -Z,fast,1786739746.1800432,-466.65070956830596,-180.45933567174666,711.0372048701101,13.534450175381064,-34.99880321762319,6.785680492056215e-20
1786739792.3921258,push -Z,fast,1786739746.1800432,-468.11314309394174,-183.65669123179237,719.4572891109319,13.774251842384576,-35.10848573204599,6.858544541903359e-20
1786739792.420506,push -Z,fast,1786739746.1800432,-466.54349346220033,-181.63102520006703,716.0184086793233,13.622326890005159,-34.99076200966516,6.864492224947442e-20
1786739792.4488676,push -Z,fast,1786739746.1800432,-463.45058410863294,-181.20597406454817,711.7630364434681,13.590448054841286,-34.758793808147665,6.817090017402561e-20
1786739792.4774308,push -Z,fast,1786739746.1800432,-463.70856598704995,-182.05077010083937,714.3703642686978,13.65380775756324,-34.77814244902889,6.843890508522952e-20
1786739792.506046,push -Z,fast,1786739746.1800432,-464.2467578227165,-180.77464579614946,714.1336957236108,13.5580984347115,-34.818506836703875,6.839262654560827e-20
1786739792.5341618,push -Z,fast,1786739746.1800432,-465.7642544785126,-183.01682277761188,712.841611775586,13.72626170832108,-34.93231908588859,6.868275908909956e-20
1786739792.562698,push -Z,fast,1786739746.1800432,-466.7736906312539,-182.88509016917567,719.0098302888782,13.716381762688403,-35.00802679734412,6.930375751906709e-20
1786739792.5916817,push -Z,fast,1786739746.1800432,-466.569804032506,-186.00909562575612,715.7140474660591,13.950682171931849,-34.992735302438156,6.891234921599677e-20
1786739792.619551,push -Z,fast,1786739746.1800432,-467.6422252744883,-189.3962911324693,721.0287688713825,14.204721834935324,-35.07316689558674,6.918870688503245e-20
1786739792.6478727,push -Z,fast,1786739746.1800432,-466.4601190471485,-189.22814458082678,714.6208885899196,14.192110843562237,-34.984508928536236,6.804602222894304e-20
1786739792.6763353,push -Z,fast,1786739746.1800432,-468.9699044509566,-189.66147436804397,722.7124753504522,14.224610577603475,-35.172742833821886,6.905730073846824e-20
1786739792.7047555,push -Z,fast,1786739746.1800432,-469.0372586650865,-187.74380583923175,714.0265697664754,14.080785437942684,-35.17779439988158,6.897754255486087e-20
1786739792.7332127,push -Z,fast,1786739746.1800432,-469.48820663620745,-186.03923449258502,714.8284124215597,13.952942586944186,-35.21161549771591,6.916481011435022e-20
1786739792.7616234,push -Z,fast,1786739746.1800432,-465.33544759928327,-186.4125507528678,701.3011610476269,13.98094130646523,-34.900158569946406,6.786874783535391e-20
1786739792.7932298,push -Z,fast,1786739746.1800432,-463.23096713417135,-185.91451296981415,702.2731740335121,13.943588472736376,-34.74232253506317,6.739827659336192e-20
1786739792.818609,push -Z,fast,1786739746.1800432,-465.3515530617856,-187.71286907740534,702.8571149940808,14.078465180805654,-34.90136647963419,6.752571782602369e-20
1786739792.8470256,push -Z,fast,1786739746.1800432,-471.10040071637195,-188.88534695833016,713.492192058171,14.166401021874979,-35.33253005372797,6.809901137003293e-20
1786739792.8753486,push -Z,fast,1786739746.1800432,-470.4912762212907,-186.28728949826484,716.6466403592694,13.97154671236996,-35.28684571659696,6.854352010342405e-20
1786739792.9037414,push -Z,fast,1786739746.1800432,-469.42753930175604,-185.00482787322437,718.1930057869895,13.875362090492079,-35.20706544763211,6.816062100041311e-20
1786739792.9323244,push -Z,fast,1786739746.1800432,-465.09794689493765,-181.76653054317728,719.291899938582,13.632489790738578,-34.88234601712055,6.784222476188747e-20
1786739792.962666,push -Z,fast,1786739746.1800432,-465.54342133539376,-182.58632858276394,724.7736327571247,13.693974643707637,-34.91575660015472,6.807280541190126e-20
1786739792.9892535,push -Z,fast,1786739746.1800432,-466.07235156294837,-183.66513400920508,732.3593378896894,13.774885050690575,-34.95542636722109,6.816039413939108e-20
1786739793.0178587,push -Z,fast,1786739746.1800432,-468.8869436118807,-186.49712273975285,735.1190138691472,13.987284205481568,-35.16652077089121,6.889426865129953e-20
1786739793.0462337,push -Z,fast,1786739746.1800432,-468.9706212021829,-188.38686773098095,723.4994092522275,14.129015079823926,-35.17279659016391,6.84463885100659e-20
1786739793.0743442,push -Z,fast,1786739746.1800432,-467.0102227191883,-189.95559076518828,705.8113598658629,14.246669307389237,-35.02576670393933,6.859821769810706e-20
1786739793.1028469,push -Z,fast,1786739746.1800432,-464.96312715607655,-188.64344830551204,703.5114159776031,14.14825862291362,-34.87223453670606,6.779501104388047e-20
1786739793.1311667,push -Z,fast,1786739746.1800432,-465.89284803274177,-190.4658666145175,710.4507718340119,14.284939996088983,-34.94196360245574,6.802738174127968e-20
1786739793.1616032,push -Z,fast,1786739746.1800432,-467.008981940533,-189.69160752136474,727.9707998472059,14.226870564102537,-35.02567364554016,6.967089527394595e-20
1786739793.188065,push -Z,fast,1786739746.1800432,-467.7138505816938,-188.4132550217662,727.492360963367,14.130994126632604,-35.07853879362712,7.012356246932607e-20
1786739793.2166932,push -Z,fast,1786739746.1800432,-466.00853948838767,-186.9843776519226,723.4455760353894,14.023828323894318,-34.950640461629156,6.983149313224103e-20
1786739793.2450554,push -Z,fast,1786739746.1800432,-465.69152132641193,-184.66047958604827,709.141266257232,13.84953596895372,-34.92686409948103,6.799379288243491e-20
1786739793.2733471,push -Z,fast,1786739746.1800432,-466.2521961785351,-184.2367775427117,716.9990227817771,13.817758315703674,-34.968914713390234,6.836820727468714e-20
1786739793.301756,push -Z,fast,1786739746.1800432,-469.49037930136956,-179.80329142394783,725.6870216562174,13.485246856796397,-35.2117784476027,6.826324575967685e-20
1786739793.330267,push -Z,fast,1786739746.1800432,-466.6327463888947,-182.32241310687562,720.3440258321243,13.674180983015763,-34.99745597916707,6.769099890280069e-20
1786739793.3608718,push -Z,fast,1786739746.1800432,-462.74944706394626,-182.02867077291512,703.8070202723256,13.652150307969055,-34.70620852979619,6.658307116204931e-20
1786739793.387247,push -Z,fast,1786739746.1800432,-459.9959419673437,-182.7331986331775,705.7189100694186,13.704989897488549,-34.49969564755091,6.635800723978779e-20
1786739793.4159198,push -Z,fast,1786739746.1800432,-463.56688882873596,-183.1015478118676,722.6932495525034,13.73261608589021,-34.76751666215535,6.741569631181722e-20
1786739793.444031,push -Z,fast,1786739746.1800432,-465.68479391752317,-182.37433864434092,724.7460520625309,13.678075398325756,-34.92635954381445,6.753029410432102e-20
1786739793.4721508,push -Z,fast,1786739746.1800432,-465.6355321665651,-181.3418539742603,719.9134391566677,13.600639048069848,-34.9226649124926,6.766320535343539e-20
1786739793.5009587,push -Z,fast,1786739746.1800432,-462.81068483374975,-180.9086188180304,704.8317957587897,13.568146411352483,-34.71080136253147,6.683991170749942e-20
1786739793.5294263,push -Z,fast,1786739746.1800432,-464.7102089285204,-183.7356458716614,709.4377860383765,13.780173440374934,-34.8532656696394,6.720763811041368e-20
1786739793.558879,push -Z,fast,1786739746.1800432,-464.32511209784525,-186.61021552406214,703.416887645828,13.995766164304687,-34.82438340733869,6.723283672967751e-20
1786739793.5859747,push -Z,fast,1786739746.1800432,-465.4262277151938,-187.44122390526218,709.1827376009169,14.058091792894832,-34.90696707863976,6.802716774200667e-20
1786739793.614594,push -Z,fast,1786739746.1800432,-468.11879416804913,-188.48419841260284,718.5766983176582,14.136314880945445,-35.10890956260399,6.900668487589319e-20
1786739793.6429725,push -Z,fast,1786739746.1800432,-466.0601074466704,-189.87828889337277,723.6058498500734,14.240871667003194,-34.95450805850022,6.928594667729155e-20
1786739793.671283,push -Z,fast,1786739746.1800432,-465.778467072706,-188.6909428571671,712.2423588128568,14.151820714287592,-34.93338503045317,6.91111793568434e-20
1786739793.6996534,push -Z,fast,1786739746.1800432,-457.8327763269017,-186.44309785233293,693.73690195382,13.983232338925152,-34.33745822451779,6.839398380132689e-20
1786739793.7280695,push -Z,fast,1786739746.1800432,-461.6591221340923,-186.73303790698776,692.1270287339903,14.004977843024353,-34.62443416005718,6.803248558599398e-20
1786739793.7596445,push -Z,fast,1786739746.1800432,-461.68835372366766,-185.17593503588512,698.0636620324276,13.888195127691407,-34.626626529275406,6.82067005897967e-20
1786739793.7851586,push -Z,fast,1786739746.1800432,-463.82594765368185,-184.80986341489813,699.8812812409451,13.860739756117628,-34.78694607402644,6.760391146587358e-20
1786739793.8133583,push -Z,fast,1786739746.1800432,-463.26207126226836,-182.81641881707833,703.4724651886245,13.711231411281066,-34.74465534467017,6.832106399397041e-20
1786739793.8416016,push -Z,fast,1786739746.1800432,-463.39100707796797,-186.76078688737493,712.6473815429572,14.007059016553331,-34.75432553084784,6.756735150440942e-20
1786739793.8700836,push -Z,fast,1786739746.1800432,-466.25873440404985,-188.75107303457287,729.0889189601276,14.156330477593247,-34.9694050803039,6.899909173689889e-20
1786739793.898723,push -Z,fast,1786739746.1800432,-462.066294990997,-188.8338102834408,712.9425282616294,14.16253577125823,-34.654972124324836,6.83902463626344e-20
1786739793.9270365,push -Z,fast,1786739746.1800432,-461.42293621352155,-183.61006329653628,705.5120724948265,13.77075474724042,-34.60672021601426,6.930671859026379e-20
1786739793.9559922,push -Z,fast,1786739746.1800432,-461.5680973239587,-181.45549842940363,696.3797812668035,13.6091623822055,-34.617607299296985,6.770698613769156e-20
1786739793.9838195,push -Z,fast,1786739746.1800432,-466.99614846790655,-183.6441356615951,709.078834654486,13.773310174619983,-35.0247111350933,6.816561988833577e-20
1786739794.012217,push -Z,fast,1786739746.1800432,-468.24131749817843,-186.65105955566628,713.7253970576494,13.998829466675229,-35.11809881236355,6.824905136048031e-20
1786739794.0406096,push -Z,fast,1786739746.1800432,-466.8595392002194,-187.550357040123,711.6075520739341,14.066276778009485,-35.014465440016586,6.854816370443491e-20
1786739794.0691073,push -Z,fast,1786739746.1800432,-464.46444540073935,-182.90616252314817,713.257630568598,13.717962189236342,-34.83483340505558,6.797979375350326e-20
1786739794.0975397,push -Z,fast,1786739746.1800432,-463.2177562061056,-183.71396249628867,709.7590424299124,13.778547187221879,-34.741331715458124,6.75995238748357e-20
1786739794.1261108,push -Z,fast,1786739746.1800432,-463.100670957931,-182.73368134360783,708.5024039991222,13.705026100770834,-34.73255032184504,6.76653908854957e-20
1786739794.1566267,push -Z,fast,1786739746.1800432,-462.298218820697,-183.7592585633313,699.2901307701377,13.781944392250136,-34.67236641155257,6.727866528266902e-20
1786739794.18273,push -Z,fast,1786739746.1800432,-463.14511914490004,-181.05839012850913,703.6182618002149,13.57937925963839,-34.735883935867705,6.698833951053464e-20
1786739794.21143,push -Z,fast,1786739746.1800432,-464.72332586763696,-180.97798850384004,708.5230385453024,13.573349137788295,-34.8542494400729,6.69854260335721e-20
1786739794.2397428,push -Z,fast,1786739746.1800432,-468.6136470464826,-183.37847209448375,723.9319068515779,13.753385407086473,-35.14602352848656,6.782592512227434e-20
1786739794.2681427,push -Z,fast,1786739746.1800432,-467.97094910340184,-188.62516063986243,714.9613668221336,14.146887047989932,-35.097821182755126,6.842955369514044e-20
1786739794.2967665,push -Z,fast,1786739746.1800432,-464.85175649416306,-188.63810160163803,702.770309043477,14.147857620123066,-34.86388173706234,6.864001114084258e-20
1786739794.3251197,push -Z,fast,1786739746.1800432,-465.7126020705332,-187.98307281057214,698.9449398638071,14.098730460793096,-34.92844515529028,6.911184254044197e-20
1786739794.3549788,push -Z,fast,1786739746.1800432,-466.24530353487853,-186.84836930412303,709.5424008788232,14.013627697809635,-34.96839776511601,6.889498708321813e-20
1786739794.3816555,push -Z,fast,1786739746.1800432,-467.52840953658097,-188.2506741777213,722.3185401956998,14.11880056332937,-35.06463071524373,6.895740376103794e-20
1786739794.4103298,push -Z,fast,1786739746.1800432,-462.31632476646655,-187.3211930483875,709.7976263402434,14.049089478629366,-34.67372435748515,6.819030525415385e-20
1786739794.4387453,push -Z,fast,1786739746.1800432,-462.9997348149236,-185.88174955679574,707.4129035419519,13.941131216759903,-34.724980111119365,6.850989748249483e-20
1786739794.467059,push -Z,fast,1786739746.1800432,-462.21072826371164,-186.4156467348938,693.9082409488492,13.981173505117024,-34.665804619778676,6.820455596300535e-20
1786739794.49567,push -Z,fast,1786739746.1800432,-464.784953392385,-188.79652091600815,701.8283494263778,14.15973906870082,-34.85887150442914,6.8193782147975e-20
1786739794.5239103,push -Z,fast,1786739746.1800432,-461.06475787460477,-187.35004196419925,690.5774607961648,14.051253147315268,-34.5798568405954,6.682487931746818e-20
1786739794.5526664,push -Z,fast,1786739746.1800432,-462.96411797792825,-186.88929765084038,701.7524765826493,14.016697323813158,-34.722308848344824,6.695590818595019e-20
1786739794.580828,push -Z,fast,1786739746.1800432,-459.83916288290175,-184.70965178983693,697.1950283863252,13.853223884237867,-34.48793721621765,6.694415864960353e-20
1786739794.6092255,push -Z,fast,1786739746.1800432,-462.2143188889718,-185.9469525589151,706.2687956388809,13.946021441918699,-34.666073916673184,6.839572700253757e-20
1786739794.6373978,push -Z,fast,1786739746.1800432,-461.55414059848044,-186.15017739804637,704.9308749699348,13.961263304853698,-34.61656054488631,6.854791610410677e-20
1786739794.6660275,push -Z,fast,1786739746.1800432,-462.60833521393715,-184.2153157198701,704.0682621403312,13.816148678990547,-34.6956251410456,6.823456343798068e-20
1786739794.6946313,push -Z,fast,1786739746.1800432,-458.93438522132783,-181.81075325876907,692.3021437164671,13.635806494407912,-34.42007889159982,6.704867767382292e-20
1786739794.7228065,push -Z,fast,1786739746.1800432,-458.04919967793194,-183.11715490091012,689.9616285908669,13.733786617568544,-34.353689975844965,6.674447057674061e-20
1786739794.7512684,push -Z,fast,1786739746.1800432,-460.252084253505,-185.79071375724698,696.1386946966904,13.93430353179362,-34.518906319013134,6.730529102452173e-20
1786739794.779586,push -Z,fast,1786739746.1800432,-463.47966620633315,-186.83397964564017,703.990836342552,14.012548473423248,-34.76097496547517,6.789993768648844e-20
1786739794.808052,push -Z,fast,1786739746.1800432,-465.5072907082331,-183.80064592455017,714.8007317608053,13.785048444341573,-34.91304680311762,6.84896726357839e-20
1786739794.8365214,push -Z,fast,1786739746.1800432,-465.70838603313996,-184.88063222127323,713.7723435728221,13.866047416595837,-34.9281289524857,6.848185855749246e-20
1786739794.8650758,push -Z,fast,1786739746.1800432,-464.45703652636075,-181.89411217243605,711.1055869037937,13.642058412933022,-34.83427773947724,6.76746528487803e-20
1786739794.8935096,push -Z,fast,1786739746.1800432,-464.0491519211082,-182.33884052396877,705.8034181335606,13.675413039298004,-34.80368639408338,6.73240344893375e-20
1786739794.9217033,push -Z,fast,1786739746.1800432,-463.16899133535026,-181.01008957271495,703.960939853433,13.575756717953855,-34.73767435015156,6.669141217183852e-20
1786739794.95049,push -Z,fast,1786739746.1800432,-465.28395444907846,-183.49604121346204,710.5361965310749,13.76220309100982,-34.89629658368104,6.743442576361814e-20
1786739794.9787376,push -Z,fast,1786739746.1800432,-464.40936217948183,-185.70845578436217,707.7697025350471,13.928134183827407,-34.83070216346129,6.781969081174493e-20
1786739795.007245,push -Z,fast,1786739746.1800432,-464.15526963786124,-187.10427525903378,705.3435986639706,14.032820644427634,-34.81164522283961,6.838483764566277e-20
1786739795.035398,push -Z,fast,1786739746.1800432,-466.4464818052438,-187.29752449750742,710.523884357578,14.047314337313214,-34.9834861353934,6.881590826888405e-20
1786739795.0639627,push -Z,fast,1786739746.1800432,-465.4217767762857,-183.98494873447567,706.7934715449455,13.798871155085923,-34.90663325822158,6.842937897564467e-20
1786739795.091987,push -Z,fast,1786739746.1800432,-466.65768891777225,-181.08298101800426,713.1780412533453,13.581223576350485,-34.99932666883306,6.760661703326143e-20
1786739795.120783,push -Z,fast,1786739746.1800432,-464.77125712262705,-182.89444393590622,709.9727972261098,13.717083295193053,-34.85784428419713,6.745063340327469e-20
1786739795.1492882,push -Z,fast,1786739746.1800432,-466.49048621566726,-185.8858073988232,713.4447028526756,13.941435554912008,-34.98678646617503,6.795573962593278e-20
1786739795.1776338,push -Z,fast,1786739746.1800432,-465.6671654808397,-187.44388325033242,714.2804247840058,14.058291243775319,-34.92503741106326,6.926764605308094e-20
1786739795.2059653,push -Z,fast,1786739746.1800432,-467.04947180384806,-187.34377082034052,719.2559455029195,14.050782811525831,-35.02871038528873,6.935232561336499e-20
1786739795.2344065,push -Z,fast,1786739746.1800432,-466.76232177785596,-185.50635647506283,720.753891664106,13.912976735629993,-35.007174133339504,6.93184507070524e-20
1786739795.2628894,push -Z,fast,1786739746.1800432,-465.34054565908446,-185.93388053376043,711.3551133924357,13.945041040032283,-34.90054092443139,6.859062387864868e-20
1786739795.2913399,push -Z,fast,1786739746.1800432,-463.19336962204943,-183.49706136130658,701.4005913872516,13.762279602098172,-34.73950272165396,6.773282951052201e-20
1786739795.319667,push -Z,fast,1786739746.1800432,-464.0893922663804,-185.91088595754968,702.2173092288185,13.943316446816493,-34.80670441997864,6.736386660841993e-20
1786739795.3482502,push -Z,fast,1786739746.1800432,-464.9369159486905,-184.221505950518,709.0354370006535,13.81661294628908,-34.87026869615188,6.753754923400973e-20
1786739795.3763692,push -Z,fast,1786739746.1800432,-465.1229523247657,-183.9406872906378,721.081556287696,13.795551546798091,-34.88422142435773,6.877405937647368e-20
1786739795.4049516,push -Z,fast,1786739746.1800432,-465.2330580718908,-182.98288683705402,722.8407722509291,13.723716512779237,-34.89247935539202,6.864941404544043e-20
1786739795.4334514,push -Z,fast,1786739746.1800432,-467.0569270323208,-185.150565176908,722.4465707271202,13.886292388268355,-35.02926952742417,6.871753776146469e-20
1786739795.461661,push -Z,fast,1786739746.1800432,-469.0989357377998,-187.6137068049153,723.0179557225883,14.071028010368796,-35.18242018033504,6.892662794074536e-20
1786739795.4901175,push -Z,fast,1786739746.1800432,-465.5700658672199,-182.97959661524533,712.2515510847697,13.723469746143703,-34.917754940041675,6.860315004115682e-20
1786739795.5186148,push -Z,fast,1786739746.1800432,-462.1689933607681,-181.78012341757994,708.5127996330084,13.633509256318685,-34.66267450205784,6.784900324707272e-20
1786739795.5471632,push -Z,fast,1786739746.1800432,-459.88312189188264,-179.2604961784209,699.0148479252657,13.444537213381839,-34.49123414189143,6.723234199497426e-20
1786739795.577442,push -Z,fast,1786739746.1800432,-463.4998914023713,-183.06667644559764,712.7071082166722,13.730000733419875,-34.76249185517806,6.809906551576557e-20
1786739795.6042907,push -Z,fast,1786739746.1800432,-463.5689604079489,-182.97121157229674,710.6126570458064,13.722840867922468,-34.76767203059641,6.868760234051981e-20
1786739795.6323195,push -Z,fast,1786739746.1800432,-467.0253027349463,-184.09979542928727,717.9720616445866,13.807484657196749,-35.026897705121094,6.880650230856357e-20
1786739795.6609147,push -Z,fast,1786739746.1800432,-466.24102340642276,-182.8439455561189,714.1227736073415,13.713295916709239,-34.96807675548183,6.860138238773993e-20
1786739795.6893253,push -Z,fast,1786739746.1800432,-467.80445477609055,-185.9698223015256,713.0963409913829,13.947736672614685,-35.085334108207,6.895471547510422e-20
1786739795.7181869,push -Z,fast,1786739746.1800432,-464.7599439236251,-185.80046177085842,709.5126818773006,13.935034632814489,-34.856995794272066,6.851871666374527e-20
1786739795.7461078,push -Z,fast,1786739746.1800432,-464.83763579263314,-185.9406978588978,706.099484218712,13.945552339417493,-34.862822684447465,6.82788329198133e-20
1786739795.7751415,push -Z,fast,1786739746.1800432,-466.6445428885977,-185.83589520234398,719.5914742408477,13.937692140176043,-34.99834071664502,6.874986233959963e-20
1786739795.8028927,push -Z,fast,1786739746.1800432,-465.6155463212067,-188.00875195955427,712.2392814046189,14.100656396966787,-34.92116597409067,6.867269570119164e-20
1786739795.8312879,push -Z,fast,1786739746.1800432,-463.9476328303681,-188.5119162748548,709.2919825828521,14.138393720614449,-34.79607246227783,6.842395546524903e-20
1786739795.8598464,push -Z,fast,1786739746.1800432,-463.68712471019853,-184.3708693482081,709.2690141749536,13.827815201115808,-34.7765343532649,6.797350605001057e-20
1786739795.8881838,push -Z,fast,1786739746.1800432,-465.77590036771335,-185.79231003876043,711.5018246458385,13.934423252907418,-34.93319252757876,6.880853767925557e-20
1786739795.9166586,push -Z,fast,1786739746.1800432,-467.7740176661837,-185.35844335105423,720.4158489878664,13.901883251329483,-35.08305132496404,6.908990935024623e-20
1786739795.945045,push -Z,fast,1786739746.1800432,-465.20046406310666,-188.29324355101494,712.9691535667034,14.121993266326452,-34.89003480473323,6.865945456953388e-20
1786739795.9758232,push -Z,fast,1786739746.1800432,-466.0287714871715,-186.6792758186897,716.6557420448689,14.000945686402044,-34.952157861538076,6.842164477325224e-20
1786739796.0020313,push -Z,fast,1786739746.1800432,-464.1180464478434,-188.01330568550236,711.7157567907152,14.100997926412806,-34.808853483588436,6.82676397833322e-20
1786739796.0301313,push -Z,fast,1786739746.1800432,-467.1290677015845,-186.75055743272458,716.3902634057322,14.006291807454591,-35.03468007761898,6.910514483459329e-20
1786739796.0585773,push -Z,fast,1786739746.1800432,-463.8871180400947,-184.3304421715127,710.4579358309547,13.824783162863678,-34.79153385300724,6.81979497794724e-20
1786739796.08721,push -Z,fast,1786739746.1800432,-463.57893632700416,-181.30849718990544,704.0462540451981,13.598137289243017,-34.768420224525485,6.766510304150128e-20
1786739796.115642,push -Z,fast,1786739746.1800432,-462.15800581946087,-181.70341339037043,702.1769456906386,13.627756004277995,-34.66185043645962,6.735962955685386e-20
1786739796.143886,push -Z,fast,1786739746.1800432,-463.71909977318774,-183.67735884587103,705.3850914444347,13.775801913440556,-34.77893248298924,6.771831672412823e-20
1786739796.1731105,push -Z,fast,1786739746.1800432,-466.3900978301963,-185.15781559375796,713.9859133117561,13.886836169531993,-34.97925733726481,6.842595701965167e-20
1786739796.200729,push -Z,fast,1786739746.1800432,-466.41114553824355,-188.5791761558836,714.3798783249968,14.1434382116914,-34.98083591536845,6.82847873993055e-20
1786739796.2298484,push -Z,fast,1786739746.1800432,-467.19937438429224,-185.7826020803169,717.0533493380644,13.93369515602414,-35.03995307882213,6.863038063298577e-20
1786739796.2579894,push -Z,fast,1786739746.1800432,-466.6762101216091,-186.84816761979425,715.3947558590671,14.013612571484753,-35.000715759120745,6.823799019328518e-20
1786739796.2859726,push -Z,fast,1786739746.1800432,-465.7950994213247,-182.4764647558834,715.0402602599006,13.685734856691614,-34.93463245659962,6.863963643872876e-20
1786739796.3146904,push -Z,fast,1786739746.1800432,-466.8829849795429,-184.80660945530929,715.3139553183028,13.860495709148541,-35.01622387346595,6.8519331305811e-20
1786739796.342826,push -Z,fast,1786739746.1800432,-466.69029570686644,-186.39949991204378,717.5858011443506,13.979962493403466,-35.00177217801505,6.916157295999186e-20
1786739796.3724694,push -Z,fast,1786739746.1800432,-468.3524337523959,-186.62578346233124,715.4574864760061,13.996933759674942,-35.126432531429906,6.812245089469261e-20
1786739796.3999383,push -Z,fast,1786739746.1800432,-466.82869894749956,-185.36449326298873,726.6713381937734,13.902336994724376,-35.01215242106256,6.793902374329824e-20
1786739796.428231,push -Z,fast,1786739746.1800432,-465.6281562119252,-182.71258967071697,724.4576217117537,13.70344422530395,-34.922111715894495,6.800285736235734e-20
1786739796.4565594,push -Z,fast,1786739746.1800432,-465.093366581134,-182.2712176200713,725.7271591195631,13.670341321505472,-34.882002493585155,6.858418874209316e-20
1786739796.484896,push -Z,fast,1786739746.1800432,-464.8666233399922,-182.87990606621884,719.758426995827,13.715992954966683,-34.86499675049961,6.972194380799727e-20
1786739796.513386,push -Z,fast,1786739746.1800432,-464.8737201589406,-185.1053944761927,716.2275033716705,13.882904585714744,-34.86552901192083,6.880387751301098e-20
1786739796.542186,push -Z,fast,1786739746.1800432,-464.2915117212242,-183.77560000754715,716.380804627579,13.78317000056622,-34.82186337909216,6.913919969155237e-20
1786739796.5711687,push -Z,fast,1786739746.1800432,-465.3634208979738,-184.27943254706054,713.6704416818002,13.82095744102983,-34.90225656734835,6.879301164901444e-20
1786739796.598786,push -Z,fast,1786739746.1800432,-466.26096247135956,-183.8132364635651,724.3044106673269,13.7859927347676,-34.96957218535221,6.893778181940087e-20
1786739796.6270528,push -Z,fast,1786739746.1800432,-464.8134008817715,-186.00294517944167,716.9493388743595,13.950220888458158,-34.86100506613308,6.755698107048547e-20
1786739796.6554768,push -Z,fast,1786739746.1800432,-464.8798373564837,-184.7957359383621,714.9799493671362,13.859680195377383,-34.86598780173656,6.642051252330486e-20
1786739796.6838183,push -Z,fast,1786739746.1800432,-463.1755119110517,-184.0020536903903,705.6482395822386,13.800154026779428,-34.73816339332914,6.722814254924781e-20
1786739796.7125876,push -Z,fast,1786739746.1800432,-464.386691554289,-184.5837191600059,706.0801903347347,13.843778937000739,-34.829001866571964,6.828438774747211e-20
1786739796.7408614,push -Z,fast,1786739746.1800432,-464.0841715344459,-186.88583374027212,708.0209614095984,14.016437530520694,-34.806312865083676,6.90641066800848e-20
1786739796.7693005,push -Z,fast,1786739746.1800432,-465.7824566743461,-186.87048588255982,716.7596069485153,14.015286441192249,-34.93368425057621,6.881619083990136e-20
1786739796.797465,push -Z,fast,1786739746.1800432,-464.7057761910969,-183.9590072839742,722.2679385034344,13.796925546298272,-34.85293321433247,6.849040454484814e-20
1786739796.8259723,push -Z,fast,1786739746.1800432,-463.185656215167,-179.67313547210074,716.3604220608768,13.475485160407633,-34.73892421613772,6.816932509759165e-20
1786739796.8544676,push -Z,fast,1786739746.1800432,-465.66033711728323,-177.5830409337335,720.2952036039442,13.318728070030158,-34.924525283796406,6.776867929930229e-20
1786739796.882951,push -Z,fast,1786739746.1800432,-466.8704108585871,-181.18718109117685,714.6775937696257,13.589038581838519,-35.01528081439422,6.771828522103395e-20
1786739796.9112408,push -Z,fast,1786739746.1800432,-469.44491953752413,-184.9599574609431,721.8011053506752,13.871996809571105,-35.208368965314634,6.843102112255476e-20
1786739796.939667,push -Z,fast,1786739746.1800432,-464.69178754963514,-188.2991070508632,711.7030067443402,14.122433028814914,-34.851884066222865,6.881657524610335e-20
1786739796.9683313,push -Z,fast,1786739746.1800432,-463.47324536803444,-186.3766216189632,712.0521116051023,13.978246621422524,-34.76049340260287,6.87995824973572e-20
1786739796.996597,push -Z,fast,1786739746.1800432,-460.1774909739147,-182.1346106167083,710.0103895181683,13.660095796253398,-34.5133118230439,6.793922785005578e-20
1786739797.0251827,push -Z,fast,1786739746.1800432,-460.23927457462923,-177.33429639571943,710.2015586709513,13.300072229679227,-34.51794559309742,6.713306093572508e-20
1786739797.0532777,push -Z,fast,1786739746.1800432,-459.55460240871844,-176.31869532472035,711.4582895223557,13.223902149354249,-34.466595180654046,6.669486462246247e-20
1786739797.08196,push -Z,fast,1786739746.1800432,-460.32008184555707,-178.41875345461722,700.6410364064586,13.381406509096646,-34.52400613841709,6.577366347314255e-20
1786739797.1101003,push -Z,fast,1786739746.1800432,-463.33918092083695,-185.58522362036138,698.0070052463398,13.918891771527296,-34.750438569062986,6.674671738935954e-20
1786739797.1385424,push -Z,fast,1786739746.1800432,-465.44728562687715,-186.49499147668064,703.1295610371553,13.987124360751427,-34.908546422015945,6.765374476690955e-20
1786739797.166866,push -Z,fast,1786739746.1800432,-465.9599340612199,-189.3346117774512,710.546150227703,14.200095883309064,-34.946995054591824,6.898853562038546e-20
1786739797.195322,push -Z,fast,1786739746.1800432,-464.04462732600723,-183.8046199880174,709.4424895241382,13.785346499101532,-34.80334704945064,6.878429538975654e-20
1786739797.2237554,push -Z,fast,1786739746.1800432,-464.12667906078786,-185.7335320734993,710.9873691758075,13.930014905512738,-34.80950092955931,6.901209134565866e-20
1786739797.252123,push -Z,fast,1786739746.1800432,-462.7361826389115,-182.94468031701047,708.766586934089,13.72085102377591,-34.70521369791863,6.811072521130041e-20
1786739797.2805765,push -Z,fast,1786739746.1800432,-465.619910070875,-186.05623114196237,718.344706628719,13.954217335647318,-34.92149325531584,6.882615336729065e-20
1786739797.309153,push -Z,fast,1786739746.1800432,-467.72852167146584,-184.84230778756057,718.7610778969265,13.863173084067324,-35.07963912536022,6.860009797736073e-20
1786739797.3376055,push -Z,fast,1786739746.1800432,-472.41541098609514,-186.71276571508145,727.8609975710215,14.003457428631268,-35.43115582395735,7.010764742164873e-20
1786739797.3658862,push -Z,fast,1786739746.1800432,-471.63895017407185,-183.75542017113298,729.8220259853715,13.781656512835152,-35.37292126305563,6.944628606838174e-20
1786739797.394362,push -Z,fast,1786739746.1800432,-469.8518729954312,-183.98315060877735,731.5175984088555,13.798736295658589,-35.238890474657495,6.93736779509812e-20
1786739797.422652,push -Z,fast,1786739746.1800432,-466.9626079671102,-184.17676282874424,729.4566814898235,13.813257212156007,-35.022195597533575,6.815294213391736e-20
1786739797.451046,push -Z,fast,1786739746.1800432,-469.16507706085304,-182.3873534484236,730.9204441471902,13.679051508632018,-35.18738077956414,6.806783743354374e-20
1786739797.4795387,push -Z,fast,1786739746.1800432,-470.4400862901821,-179.49953677881228,728.6332424339653,13.462465258411168,-35.28300647176379,6.757240700033371e-20
1786739797.5079684,push -Z,fast,1786739746.1800432,-469.08885739840025,-179.5089834393898,717.2419410245138,13.463173757954547,-35.18166430488015,6.781691813124991e-20
1786739797.5364,push -Z,fast,1786739746.1800432,-465.9371702279368,-184.90324270236238,712.0715540834653,13.867743202677477,-34.945287767095486,6.825925272008053e-20
1786739797.5649683,push -Z,fast,1786739746.1800432,-465.3430865637479,-189.8388893071367,715.1426213058194,14.237916698035495,-34.90073149228136,6.915304476959049e-20
1786739797.5930977,push -Z,fast,1786739746.1800432,-472.791361970043,-192.75059176678712,727.2174991102429,14.456294382509295,-35.45935214775323,6.932749986078198e-20
1786739797.6215894,push -Z,fast,1786739746.1800432,-474.83275908084624,-191.08785082140218,726.5248379337208,14.331588811605211,-35.6124569310635,6.9329698713346e-20
1786739797.6500542,push -Z,fast,1786739746.1800432,-475.93428872649974,-189.77110451234216,726.9471064692016,14.232832838425875,-35.695071654487485,6.890372742586685e-20
1786739797.678476,push -Z,fast,1786739746.1800432,-470.3528995580982,-183.577321557427,723.4042865099591,13.76829911680733,-35.276467466857625,6.869429220513963e-20
1786739797.7067587,push -Z,fast,1786739746.1800432,-467.03853251554665,-182.07733774279745,716.526481822686,13.65580033071021,-35.02788993866619,6.795358207840185e-20
1786739797.7352176,push -Z,fast,1786739746.1800432,-461.6127705883332,-180.72841255119192,704.8623281044765,13.554630941339678,-34.62095779412525,6.705852452543378e-20
1786739797.7635674,push -Z,fast,1786739746.1800432,-460.6562523589564,-182.71564262324318,707.6482666070724,13.703673196743512,-34.549218926921846,6.724380790501157e-20
1786739797.7929974,push -Z,fast,1786739746.1800432,-461.2540683134566,-186.26314032595258,710.7450709986388,13.969735524446843,-34.59405512350957,6.803628640436949e-20
1786739797.8203955,push -Z,fast,1786739746.1800432,-464.3921337683023,-185.84888167358076,720.4584938793614,13.938666125518782,-34.82941003262279,6.920297151281125e-20
1786739797.8491044,push -Z,fast,1786739746.1800432,-464.7411544394695,-188.3487278853105,715.498195744588,14.126154591398492,-34.855586582960505,6.888723549466222e-20
1786739797.8773074,push -Z,fast,1786739746.1800432,-465.21235285570583,-184.68433935703865,713.4476741455956,13.851325451778063,-34.89092646417805,6.786779678364423e-20
1786739797.9057796,push -Z,fast,1786739746.1800432,-464.6328391162656,-181.33547139117115,703.0534728819639,13.600160354338126,-34.84746293372009,6.739976345013308e-20
1786739797.934376,push -Z,fast,1786739746.1800432,-464.74792679304164,-179.1160331375903,708.9859408309603,13.433702485319483,-34.85609450947836,6.785943455607385e-20
1786739797.962674,push -Z,fast,1786739746.1800432,-463.7033392120493,-180.88115282315403,711.0534566536171,13.566086461736806,-34.77775044090381,6.828554727431736e-20
1786739797.9915018,push -Z,fast,1786739746.1800432,-465.08803954016594,-184.27997653444902,718.9589919903483,13.820998240083863,-34.8816029655126,6.84833690214648e-20
1786739798.019239,push -Z,fast,1786739746.1800432,-467.8577617895103,-185.39153500197312,723.4412090227152,13.904365125148164,-35.089332134213514,6.905804081049546e-20
1786739798.0478144,push -Z,fast,1786739746.1800432,-468.2650696101982,-182.3584496163934,729.2192629954534,13.676883721229753,-35.11988022076492,6.94606830092539e-20
1786739798.0760424,push -Z,fast,1786739746.1800432,-465.829103110495,-182.22625028579102,723.847196380083,13.66696877143453,-34.93718273328725,6.867039002317242e-20
1786739798.1045415,push -Z,fast,1786739746.1800432,-464.0952477598862,-184.29526106496223,709.676205877794,13.822144579872397,-34.80714358199169,6.788733092872855e-20
1786739798.1329882,push -Z,fast,1786739746.1800432,-464.7322605223753,-190.35181349053357,702.5098346713339,14.27638601179014,-34.854919539178375,6.757046999193405e-20
1786739798.1612728,push -Z,fast,1786739746.1800432,-466.1099520056746,-190.6952679086113,706.7466018130963,14.302145093146219,-34.958246400425715,6.880657900200019e-20
1786739798.1907108,push -Z,fast,1786739746.1800432,-463.7182004043052,-186.29124162195262,708.8360769741203,13.971843121646703,-34.7788650303232,6.825501787837105e-20
1786739798.2181058,push -Z,fast,1786739746.1800432,-462.75115944513664,-181.8562819669795,710.0757919123444,13.639221147523674,-34.70633695838554,6.778937625712653e-20
1786739798.246521,push -Z,fast,1786739746.1800432,-461.1924695333846,-182.26729984206588,701.4679535860223,13.670047488155152,-34.58943521500395,6.694275840323326e-20
1786739798.275227,push -Z,fast,1786739746.1800432,-462.1881572589332,-181.9159952719516,699.99645295759,13.64369964539652,-34.66411179442003,6.672478172073058e-20
1786739798.303347,push -Z,fast,1786739746.1800432,-462.8553453584368,-181.92633519271055,695.3595913220515,13.644475139453608,-34.71415090188302,6.703873364304546e-20
1786739798.3318386,push -Z,fast,1786739746.1800432,-460.9796079382986,-178.8448235047955,693.2032025179142,13.41336176286011,-34.57347059537261,6.610857552082769e-20
1786739798.3607125,push -Z,fast,1786739746.1800432,-461.2743096285576,-180.66733628557643,700.7850498985836,13.550050221418491,-34.595573222142036,6.723175330354207e-20
1786739798.3905842,push -Z,fast,1786739746.1800432,-461.397645778447,-181.41660557308478,709.8182957119907,13.606245417981459,-34.604823433383714,6.780405998422125e-20
1786739798.4174924,push -Z,fast,1786739746.1800432,-466.59623703803254,-183.144793082119,729.5906025537479,13.73585948115922,-34.99471777785271,6.985068542095209e-20
1786739798.4455187,push -Z,fast,1786739746.1800432,-465.6842868128697,-182.0406301631042,719.7133979679875,13.653047262233049,-34.92632151096533,6.936152381334425e-20
1786739798.473996,push -Z,fast,1786739746.1800432,-468.53426195845213,-183.07964772674177,723.4693116487106,13.73097357950589,-35.14006964688419,6.922543938315108e-20
1786739798.5023837,push -Z,fast,1786739746.1800432,-465.7474980994348,-184.27281485637457,705.3931234024003,13.82046111422829,-34.93106235745787,6.821966750605503e-20
1786739798.5307617,push -Z,fast,1786739746.1800432,-465.19591116674246,-183.67640453463298,711.08175200195,13.775730340097692,-34.88969333750597,6.805017321223285e-20
1786739798.5592008,push -Z,fast,1786739746.1800432,-462.3341182163258,-183.40117977552802,709.8232216201159,13.755088483164702,-34.6750588662246,6.837236683867143e-20
1786739798.5891879,push -Z,fast,1786739746.1800432,-463.98318297052674,-184.53594937205287,721.6601073991769,13.840196202904178,-34.7987387227895,6.874324340855584e-20
1786739798.6160445,push -Z,fast,1786739746.1800432,-466.65700310818374,-186.9055828306184,727.2553740597996,14.017918712296638,-34.99927523311399,6.960486038491829e-20
1786739798.6446645,push -Z,fast,1786739746.1800432,-465.96616764203054,-185.4679162327384,716.8419562633862,13.910093717455627,-34.94746257315246,6.885319949928138e-20
1786739798.6729178,push -Z,fast,1786739746.1800432,-467.037292724674,-185.5528433361568,711.6844683400204,13.916463250212,-35.0277969543507,6.839129372665001e-20
1786739798.7014132,push -Z,fast,1786739746.1800432,-463.7764260182553,-182.18065103972242,697.6000803859079,13.66354882797948,-34.783231951369444,6.758692448220873e-20
1786739798.7298586,push -Z,fast,1786739746.1800432,-464.3358094238479,-182.57103553654736,705.4834937058567,13.6928276652413,-34.825185706788766,6.78104594769151e-20
1786739798.7581527,push -Z,fast,1786739746.1800432,-463.1136803799668,-180.46528344275987,712.3056060857425,13.534896258207159,-34.73352602849754,6.800399032825765e-20
1786739798.7879794,push -Z,fast,1786739746.1800432,-464.8211910790578,-184.88815118067066,719.3598567829195,13.866611338550545,-34.86158933092953,6.806970580378052e-20
1786739798.815182,push -Z,fast,1786739746.1800432,-466.4680913781135,-189.25898555950653,717.9057125202908,14.194423916963142,-34.98510685335878,6.801287407688677e-20
1786739798.843622,push -Z,fast,1786739746.1800432,-468.17753561932204,-191.8941848523176,715.4404222647263,14.392063863924118,-35.11331517144936,6.825373383214437e-20
1786739798.8717372,push -Z,fast,1786739746.1800432,-466.9463796929622,-188.85742356451124,712.3878249432491,14.164306767338555,-35.020978476972246,6.820849116699285e-20
1786739798.900334,push -Z,fast,1786739746.1800432,-462.78746602464616,-187.14488481791034,700.8934308635944,14.035866361343576,-34.70905995184866,6.797175866410416e-20
1786739798.9288473,push -Z,fast,1786739746.1800432,-462.1168344003422,-184.18769788901045,702.3781034993299,13.81407734167595,-34.658762580025844,6.796724057562499e-20
1786739798.9570642,push -Z,fast,1786739746.1800432,-463.4426246322955,-185.11100866492632,707.4265111783488,13.883325649869729,-34.758196847422255,6.857989233709951e-20
1786739798.9857574,push -Z,fast,1786739746.1800432,-466.7175396797047,-184.83439725840685,717.1206457572625,13.862579794380746,-35.00381547597796,6.917392278245436e-20
1786739799.0140178,push -Z,fast,1786739746.1800432,-464.96774454487195,-186.1093172811494,713.1140353451756,13.958198796086545,-34.87258084086548,6.857672502847174e-20
1786739799.0423086,push -Z,fast,1786739746.1800432,-465.1298886975155,-186.44147641596805,714.4819666476069,13.98311073119785,-34.88474165231376,6.825358113921596e-20
1786739799.0706055,push -Z,fast,1786739746.1800432,-463.780794222831,-186.39251081311158,704.8935426846474,13.979438310983621,-34.783559566712675,6.770344183104724e-20
1786739799.0992286,push -Z,fast,1786739746.1800432,-464.0667094114606,-187.63180277278946,699.2889624034688,14.072385207959467,-34.80500320585984,6.75983819641272e-20
1786739799.1274803,push -Z,fast,1786739746.1800432,-463.85216342134663,-191.68447073200582,695.7755405415974,14.37633530490054,-34.78891225660122,6.726558251070552e-20
1786739799.1562774,push -Z,fast,1786739746.1800432,-464.16277369880754,-191.81934808741437,698.6151850261631,14.386451106556425,-34.812208027410875,6.75770543738364e-20
1786739799.1854165,push -Z,fast,1786739746.1800432,-464.35014921562424,-191.95148251222417,702.2651061415218,14.396361188416993,-34.826261191172044,6.860739892763858e-20
1786739799.2128913,push -Z,fast,1786739746.1800432,-466.74333434050186,-185.05767105875373,709.1586112563245,13.879325329406857,-35.00575007553789,6.82799186127341e-20
1786739799.2414243,push -Z,fast,1786739746.1800432,-466.1786765898455,-184.23582108230448,715.0056866012364,13.817686581173124,-34.963400744238655,6.805327651519414e-20
1786739799.2697525,push -Z,fast,1786739746.1800432,-466.19908360992486,-183.85049530077913,712.3289392307597,13.788787147558612,-34.9649312707446,6.740779399150024e-20
1786739799.297963,push -Z,fast,1786739746.1800432,-464.96189105453277,-185.8901095055072,708.2172391924532,13.941758212913246,-34.872141829090175,6.834123239324161e-20
1786739799.3262563,push -Z,fast,1786739746.1800432,-465.07270474454117,-185.61780955078234,704.0610985184594,13.921335716308864,-34.88045285584063,6.809273610945611e-20
1786739799.3549757,push -Z,fast,1786739746.1800432,-463.95117459647327,-184.84709635902743,710.376395084686,13.863532226927223,-34.79633809473572,6.830050475075717e-20
1786739799.3838058,push -Z,fast,1786739746.1800432,-462.9364163977493,-186.8026024384775,708.7266807468595,14.010195182885926,-34.720231229831334,6.831090480714786e-20
1786739799.411924,push -Z,fast,1786739746.1800432,-464.3364457362195,-186.0071063787401,715.0870042726501,13.950532978405715,-34.82523343021666,6.833321480235963e-20
1786739799.4402974,push -Z,fast,1786739746.1800432,-465.2132370806057,-185.75226580337187,711.1485218501275,13.931419935253064,-34.89099278104559,6.796273371032403e-20
1786739799.468556,push -Z,fast,1786739746.1800432,-466.3965134174309,-183.68519532395874,719.2668025178064,13.77638964929712,-34.979738506307406,6.793290374585187e-20
1786739799.496888,push -Z,fast,1786739746.1800432,-465.31099440030584,-184.75468839594862,715.2330612072637,13.856601629696453,-34.89832458002298,6.864880865365147e-20
1786739799.5253472,push -Z,fast,1786739746.1800432,-466.93548892258013,-184.6319123013982,720.7136491533338,13.84739342260514,-35.020161669193776,6.914308312719162e-20
1786739799.55388,push -Z,fast,1786739746.1800432,-463.71789386212276,-185.67161348614275,713.3999273621594,13.925371011461035,-34.77884203965947,6.857589633276843e-20
1786739799.5825891,push -Z,fast,1786739746.1800432,-467.18001612584885,-189.99773485029925,719.9425887137731,14.24983011377262,-35.0385012094387,6.81837843909933e-20
1786739799.6106906,push -Z,fast,1786739746.1800432,-463.32396712175523,-192.52156358727393,710.029529816049,14.43911726904589,-34.74929753413185,6.792248288867408e-20
1786739799.6391358,push -Z,fast,1786739746.1800432,-468.49295336355044,-193.31406822354108,725.2141990890777,14.498555116765868,-35.136971502266384,6.921808522154373e-20
1786739799.6674979,push -Z,fast,1786739746.1800432,-465.2714204895424,-187.39305315566753,720.0829046650279,14.05447898667526,-34.89535653671586,6.876597222762982e-20
1786739799.6957037,push -Z,fast,1786739746.1800432,-469.39192364498604,-184.7082284738451,731.7811336109198,13.8531171355386,-35.20439427337425,6.941353012534154e-20
1786739799.7240899,push -Z,fast,1786739746.1800432,-467.7331271234175,-184.5486934156089,722.5865279601303,13.841152006171011,-35.07998453425649,6.964379336905665e-20
1786739799.7528455,push -Z,fast,1786739746.1800432,-468.4580825699795,-185.1442731160181,723.3980603755417,13.885820483701547,-35.13435619274858,7.04438578887399e-20
1786739799.7809112,push -Z,fast,1786739746.1800432,-469.11232716006134,-186.58919434905283,725.5861697230766,13.994189576179199,-35.183424537004676,7.02255316457897e-20
1786739799.8093235,push -Z,fast,1786739746.1800432,-468.59791270699316,-188.20433697940143,714.0802304078252,14.115325273455316,-35.1448434530246,6.936548278223761e-20
1786739799.8379607,push -Z,fast,1786739746.1800432,-466.1251297309709,-187.46373435805378,715.3712535497434,14.059780076854192,-34.959384729822915,6.889622270529883e-20
1786739799.8664281,push -Z,fast,1786739746.1800432,-464.70872712021765,-187.13952275521262,712.3999947689945,14.035464206641276,-34.85315453401657,6.891972097916206e-20
1786739799.894762,push -Z,fast,1786739746.1800432,-465.79437951575574,-185.0774055314978,723.6977200124929,13.88080541486249,-34.93457846368183,6.885561693929021e-20
1786739799.9229338,push -Z,fast,1786739746.1800432,-468.0364893761339,-187.1954791731688,726.4595655698704,14.039660937987794,-35.10273670321029,6.924868474489568e-20
1786739799.951418,push -Z,fast,1786739746.1800432,-468.06057349177945,-187.48310897268345,726.5975483059119,14.061233172951436,-35.10454301188374,6.9200626352962e-20
1786739799.98018,push -Z,fast,1786739746.1800432,-465.8025967821095,-188.24475003089776,726.0047326120284,14.11835625231743,-34.93519475865829,6.912761209516676e-20
1786739800.0082505,push -Z,fast,1786739746.1800432,-465.3754141157192,-187.63935147079098,719.6990635072216,14.072951360309428,-34.903156058679095,6.873523088431291e-20
1786739800.036559,push -Z,fast,1786739746.1800432,-463.94996690400967,-185.5281108701197,722.2415201008243,13.914608315259205,-34.796247517800744,6.888543552645303e-20
1786739800.0650396,push -Z,fast,1786739746.1800432,-464.35557273368704,-183.86847058541946,719.3018446961987,13.790135293906754,-34.82666795502664,6.881692486331129e-20
1786739800.0934775,push -Z,fast,1786739746.1800432,-464.5290198924108,-186.43827836223397,717.4028309156502,13.982870877167645,-34.83967649193101,6.84489702485549e-20
1786739800.1220036,push -Z,fast,1786739746.1800432,-464.0249452574485,-186.3504006687275,705.4057137647269,13.976280050154696,-34.80187089430898,6.768548799901715e-20
1786739800.150281,push -Z,fast,1786739746.1800432,-463.240573466529,-183.89210083201203,702.2246428632952,13.791907562401168,-34.74304300998999,6.741051974161075e-20
1786739800.1789253,push -Z,fast,1786739746.1800432,-465.113566827677,-182.55224368910842,707.8651702874677,13.691418276683248,-34.88351751207598,6.823967730117484e-20
1786739800.2071862,push -Z,fast,1786739746.1800432,-466.60001265400524,-183.54018258284714,713.3446139381222,13.765513693713583,-34.9950009490505,6.867873006859409e-20
1786739800.2357125,push -Z,fast,1786739746.1800432,-468.16090135320064,-186.8023407818306,717.4854821293911,14.010175558637524,-35.11206760149006,6.915405496916968e-20
1786739800.2641,push -Z,fast,1786739746.1800432,-467.19118328273726,-185.7247851341266,720.3432747087363,13.929358885059823,-35.03933874620554,6.90722661920729e-20
1786739800.292681,push -Z,fast,1786739746.1800432,-468.7371009355279,-187.68271591728308,724.2161565717633,14.07620369379639,-35.1552825701647,6.922802202450699e-20
1786739800.3208492,push -Z,fast,1786739746.1800432,-468.63413164344365,-188.0127616819483,722.2083040084854,14.100957126146294,-35.1475598732584,6.91852464742446e-20
1786739800.3492548,push -Z,fast,1786739746.1800432,-465.52177026387335,-187.86582075630974,709.6641317181693,14.089936556723405,-34.91413276979064,6.853544188132961e-20
1786739800.3776388,push -Z,fast,1786739746.1800432,-464.44438930838396,-185.47597943942037,712.2019205797278,13.910698457956595,-34.83332919812902,6.813298669626713e-20
1786739800.406091,push -Z,fast,1786739746.1800432,-462.93004358366306,-182.91957152003954,709.510181200314,13.718967864003272,-34.71975326877507,6.754518001161279e-20
1786739800.4345455,push -Z,fast,1786739746.1800432,-465.2878685721648,-180.52218125161892,718.6204853847794,13.53916359387178,-34.89659014291254,6.781647044944466e-20
1786739800.4631238,push -Z,fast,1786739746.1800432,-465.22692400119195,-181.80581986402763,707.078723705722,13.635436489802242,-34.89201930008949,6.777969908296238e-20
1786739800.4912362,push -Z,fast,1786739746.1800432,-465.9105868335564,-182.65076755188818,708.9440988296656,13.698807566391796,-34.94329401251695,6.773800731363467e-20
1786739800.5194628,push -Z,fast,1786739746.1800432,-464.5825869363093,-182.39243677574495,704.3491845534008,13.679432758181012,-34.84369402022347,6.748098109775387e-20
1786739800.548013,push -Z,fast,1786739746.1800432,-463.6171677564457,-181.7020087683394,703.7371038311157,13.627650657625676,-34.771287581733375,6.735087533703507e-20
1786739800.5762534,push -Z,fast,1786739746.1800432,-465.0114121553238,-182.2556944025515,713.7870862326345,13.669177080191556,-34.875855911649396,6.853030468686977e-20
1786739800.6047206,push -Z,fast,1786739746.1800432,-467.59471071867983,-184.86131775122942,719.1125877855238,13.86459883134241,-35.0696033039011,6.917792209375469e-20
1786739800.63362,push -Z,fast,1786739746.1800432,-468.48418184179354,-184.52613158950714,723.3709704038238,13.839459869213105,-35.13631363813475,6.9500473122331e-20
1786739800.661662,push -Z,fast,1786739746.1800432,-469.33953766321065,-184.0812539357221,717.0339950876605,13.806094045179474,-35.200465324740954,6.863130679542978e-20
1786739800.690168,push -Z,fast,1786739746.1800432,-466.7624409770997,-182.25355035925406,709.4367682838956,13.669016276944195,-35.007183073282526,6.809923747267854e-20
1786739800.7183633,push -Z,fast,1786739746.1800432,-468.06887245920234,-184.47318452274772,712.7075499794846,13.83548883920638,-35.105165434440465,6.817563988215883e-20
1786739800.747025,push -Z,fast,1786739746.1800432,-465.80748836502744,-186.0597850941623,707.7529970189516,13.954483882062437,-34.93556162737736,6.78114340343801e-20
1786739800.7762775,push -Z,fast,1786739746.1800432,-466.4411950793151,-186.26424655596213,714.3939599978657,13.969818491697342,-34.98308963094894,6.761320837216682e-20
1786739800.8037248,push -Z,fast,1786739746.1800432,-465.0519780898144,-187.48787890270842,710.81892491277,14.061590917703345,-34.878898356736336,6.774088635043174e-20
1786739800.8322043,push -Z,fast,1786739746.1800432,-465.9731545706077,-187.22075338259435,712.0865780027452,14.041556503694782,-34.94798659279583,6.794041987372394e-20
1786739800.8604624,push -Z,fast,1786739746.1800432,-466.432562200509,-187.4576081987001,709.7568201668328,14.059320614902742,-34.9824421650385,6.742941514385143e-20
1786739800.8889747,push -Z,fast,1786739746.1800432,-465.39178721244025,-184.9213050027364,707.766649066758,13.869097875205387,-34.90438404093316,6.73277144311518e-20
1786739800.917297,push -Z,fast,1786739746.1800432,-465.050830355719,-185.05440189846775,708.3380886891464,13.879080142385224,-34.87881227667912,6.698977187317523e-20
1786739800.9458299,push -Z,fast,1786739746.1800432,-464.962538469189,-185.42048483031454,708.3312217317389,13.906536362273815,-34.872190385189334,6.78609114771892e-20
1786739800.9761126,push -Z,fast,1786739746.1800432,-465.1041542959774,-185.9167673147548,712.283025647037,13.943757548606843,-34.88281157219851,6.773034617123242e-20
1786739801.0028923,push -Z,fast,1786739746.1800432,-465.04735392095654,-186.49258954125105,716.7553599655002,13.98694421559399,-34.87855154407196,6.832832262415775e-20
1786739801.0312514,push -Z,fast,1786739746.1800432,-468.1643587245203,-188.3549428748305,722.952185428635,14.126620715612464,-35.11232690433919,6.854202439472122e-20
1786739801.0596166,push -Z,fast,1786739746.1800432,-468.0865040189469,-187.22670009491128,724.5609447504194,14.042002507118607,-35.106487801421245,6.890227740792746e-20
1786739801.0878232,push -Z,fast,1786739746.1800432,-467.47946085546573,-187.7219976548978,716.0181596276052,14.079149824117525,-35.06095956415996,6.908716910852149e-20
1786739801.1164722,push -Z,fast,1786739746.1800432,-466.35520382560617,-188.48837002707933,713.530485288471,14.136627752031178,-34.97664028692063,7.00266650220194e-20
1786739801.1449623,push -Z,fast,1786739746.1800432,-465.64320832408157,-188.63230892641286,708.1489608155698,14.147423169481176,-34.923240624306295,6.905058274392279e-20
1786739801.1731274,push -Z,fast,1786739746.1800432,-465.91307435227327,-188.56502318945797,708.7361197316877,14.142376739209578,-34.9434805764207,6.878066379834704e-20
1786739801.2018642,push -Z,fast,1786739746.1800432,-463.0634253350581,-186.21835120423248,701.9239383375252,13.96637634031769,-34.729756900129566,6.774984753238063e-20
1786739801.230253,push -Z,fast,1786739746.1800432,-464.9392365763515,-184.602404776723,704.0141540892355,13.84518035825445,-34.87044274322645,6.799712062821741e-20
1786739801.2582495,push -Z,fast,1786739746.1800432,-464.8272239236471,-182.47131808852998,708.0271770475501,13.685348856639923,-34.86204179427368,6.785538449811484e-20
1786739801.286719,push -Z,fast,1786739746.1800432,-467.52488240882803,-183.6444583170695,714.5056343924134,13.77333437378039,-35.064366180662304,6.789406332179002e-20
1786739801.3151276,push -Z,fast,1786739746.1800432,-465.06052008807546,-184.5199237506174,710.7289080133678,13.838994281296433,-34.879539006605945,6.749567161950979e-20
1786739801.3435504,push -Z,fast,1786739746.1800432,-463.80315572983864,-184.74512155523905,708.8814506219142,13.855884116643143,-34.785236679738084,6.691221647188205e-20
1786739801.3719509,push -Z,fast,1786739746.1800432,-462.67524557480556,-181.78019931632593,712.3687401798279,13.633514948724585,-34.700643418110744,6.698501697822485e-20
1786739801.400549,push -Z,fast,1786739746.1800432,-466.3250499021219,-184.38657185989507,725.1941367019463,13.828992889492444,-34.974378742659184,6.828164200158567e-20
1786739801.4290414,push -Z,fast,1786739746.1800432,-467.88065943319543,-182.13390159225548,726.936567423003,13.660042619419475,-35.091049457489966,6.877312794777232e-20
1786739801.457346,push -Z,fast,1786739746.1800432,-468.53202706625825,-185.08914928136437,724.1510874293654,13.881686196102596,-35.13990202996965,6.882642971602361e-20
1786739801.4857905,push -Z,fast,1786739746.1800432,-466.68250432830246,-184.96707911565682,715.9533668100976,13.872530933674614,-35.00118782462287,6.852069686760863e-20
1786739801.5142145,push -Z,fast,1786739746.1800432,-466.65630259865975,-188.9583994606396,711.1893160700965,14.171879959548246,-34.99922269489972,6.83970386781196e-20
1786739801.542434,push -Z,fast,1786739746.1800432,-466.58012049951776,-190.13936970686484,706.9165618675579,14.260452728014972,-34.993509037464115,6.834601527432287e-20
1786739801.5710957,push -Z,fast,1786739746.1800432,-469.5293620214975,-187.2761272932811,711.3413401494581,14.045709546996175,-35.214702151612535,6.780366965276164e-20
1786739801.5995822,push -Z,fast,1786739746.1800432,-472.4612359058574,-190.11052657255698,721.4593292277914,14.258289492941838,-35.434592692939574,6.90082808239461e-20
1786739801.627607,push -Z,fast,1786739746.1800432,-473.25795088350696,-188.20663935306936,723.7518890969213,14.115497951480368,-35.49434631626328,6.906839356736916e-20
1786739801.6561222,push -Z,fast,1786739746.1800432,-469.7803972471006,-188.81208873488947,717.7114229506706,14.160906655116921,-35.23352979353292,6.949504831318855e-20
1786739801.684432,push -Z,fast,1786739746.1800432,-466.89182119267844,-184.60281063500588,707.8815312765437,13.845210797625679,-35.016886589451026,6.76784660955754e-20
1786739801.7135475,push -Z,fast,1786739746.1800432,-467.2485080827769,-188.59533022340793,707.3673318655319,14.144649766755858,-35.04363810620838,6.765851567314333e-20
1786739801.7416198,push -Z,fast,1786739746.1800432,-467.83538134743367,-189.02710604235438,709.2770375707223,14.17703295317681,-35.087653601057696,6.767482524271143e-20
1786739801.7698996,push -Z,fast,1786739746.1800432,-468.1982457860022,-189.48280343138674,709.1388632425678,14.211210257354185,-35.11486843395042,6.842440858393496e-20
1786739801.798358,push -Z,fast,1786739746.1800432,-465.7586013633627,-187.50158974650765,708.7659671412821,14.0626192309883,-34.93189510225232,6.79295133897843e-20
1786739801.8267567,push -Z,fast,1786739746.1800432,-467.5239816959552,-189.83311676992946,711.3473674591396,14.237483757745064,-35.064298627196955,6.786829489080623e-20
1786739801.855259,push -Z,fast,1786739746.1800432,-467.1826774437104,-191.6359420104136,715.4713635954386,14.372695650781214,-35.03870080827845,6.774471216030966e-20
1786739801.8836336,push -Z,fast,1786739746.1800432,-467.30978821697363,-189.50606905846416,715.7254672911731,14.21295517938491,-35.04823411627324,6.75667144618087e-20
1786739801.9118638,push -Z,fast,1786739746.1800432,-467.54262736900137,-190.44724694274964,715.8378714615365,14.28354352070637,-35.06569705267535,6.778686263757191e-20
1786739801.9405382,push -Z,fast,1786739746.1800432,-467.9609539691792,-191.95395593085175,712.524934997994,14.396546694813974,-35.09707154768875,6.794935018521861e-20
1786739801.968756,push -Z,fast,1786739746.1800432,-470.24672086232295,-191.71994260648205,713.4271599847125,14.378995695486285,-35.26850406467442,6.838136678166779e-20
1786739801.997108,push -Z,fast,1786739746.1800432,-468.4032556071247,-190.04076087909777,707.391626454154,14.253057065932477,-35.13024417053452,6.822615542976342e-20
1786739802.0258293,push -Z,fast,1786739746.1800432,-468.7540743795539,-187.05282561263164,707.6348200768252,14.028961920947541,-35.15655557846674,6.838826165409966e-20
1786739802.0540354,push -Z,fast,1786739746.1800432,-466.4831627232443,-186.46351300868525,703.8110294259686,13.984763475651636,-34.986237204243636,6.889557981906709e-20
1786739802.082304,push -Z,fast,1786739746.1800432,-466.12439761269843,-188.42278960487897,702.0700893359954,14.131709220366137,-34.95932982095246,6.8820706302405e-20
1786739802.1110094,push -Z,fast,1786739746.1800432,-465.42613146759095,-187.9872335624077,705.5745530648774,14.09904251718078,-34.90695986006962,6.889604683241716e-20
1786739802.1395013,push -Z,fast,1786739746.1800432,-466.92887385825725,-191.71247865791304,712.4274015274823,14.378435899343483,-35.01966553936946,6.872558768288257e-20
1786739802.167621,push -Z,fast,1786739746.1800432,-468.63334167932953,-188.33114995789754,725.1408112589752,14.124836246842559,-35.14750062594992,6.901609940735052e-20
1786739802.1959612,push -Z,fast,1786739746.1800432,-469.33863394134414,-189.02713509810326,727.7569230608115,14.177035132358032,-35.20039754560092,6.904065699015252e-20
1786739802.2244058,push -Z,fast,1786739746.1800432,-469.7104172328741,-186.3849228371106,723.4323345918765,13.978869212783525,-35.22828129246577,6.864066246515071e-20
1786739802.252829,push -Z,fast,1786739746.1800432,-469.2831161917443,-188.31706521122123,718.6972651957067,14.123779890841814,-35.19623371438099,6.823670025249058e-20
1786739802.2811475,push -Z,fast,1786739746.1800432,-469.09287794108104,-192.83665387265842,712.9458002269548,14.462749040449726,-35.18196584558128,6.817121274898082e-20
1786739802.3095598,push -Z,fast,1786739746.1800432,-467.95974318623985,-192.78931444770888,714.8418169838706,14.459198583578388,-35.09698073896815,6.81117157671445e-20
1786739802.3379734,push -Z,fast,1786739746.1800432,-468.1190391204768,-193.95236645421517,713.5788725226175,14.546427484066431,-35.10892793403593,6.83744846118154e-20
1786739802.3683934,push -Z,fast,1786739746.1800432,-467.7446478937045,-190.04982883233413,712.4641269005297,14.25373716242532,-35.08084859202809,6.855284646338475e-20
1786739802.3948674,push -Z,fast,1786739746.1800432,-471.33894455753534,-190.28244938697492,721.0097582930239,14.271183704023311,-35.35042084181537,6.946139683663559e-20
1786739802.4232693,push -Z,fast,1786739746.1800432,-472.0168249010453,-190.73920679881485,723.9549329768397,14.305440509911268,-35.40126186757866,6.975547977467525e-20
1786739802.4516604,push -Z,fast,1786739746.1800432,-473.43465680236113,-192.44489652541063,729.4380745386388,14.433367239405943,-35.507599260177315,6.978894900950893e-20
1786739802.4801435,push -Z,fast,1786739746.1800432,-469.3648741617885,-191.02320973482676,719.37549285558,14.326740730112217,-35.20236556213431,6.88358106809405e-20
1786739802.508633,push -Z,fast,1786739746.1800432,-467.7257388528119,-188.22880961599253,714.1910829732769,14.117160721199678,-35.07943041396114,6.809585096123388e-20
1786739802.5368464,push -Z,fast,1786739746.1800432,-467.2421677564698,-186.80977986601386,720.4986022618587,14.010733489951217,-35.043162581735515,6.853861859804013e-20
1786739802.56651,push -Z,fast,1786739746.1800432,-468.07502893337005,-189.09436351971647,713.9634949448173,14.182077263978986,-35.105627170002904,6.855366560219468e-20
1786739802.5940459,push -Z,fast,1786739746.1800432,-470.22384488825855,-191.21992119233573,722.8341794664784,14.341494089425414,-35.26678836661962,6.915880804179599e-20
1786739802.6223297,push -Z,fast,1786739746.1800432,-469.188308322186,-191.59448772297708,712.9549277820424,14.369586579223391,-35.18912312416413,6.839873548928141e-20
1786739802.6509066,push -Z,fast,1786739746.1800432,-470.12442263979256,-192.25470803009148,721.2924694665708,14.419103102257164,-35.25933169798467,6.877485177244306e-20
1786739802.6789582,push -Z,fast,1786739746.1800432,-468.310690259058,-191.2724973145455,713.1472154428293,14.345437298591126,-35.12330176942959,6.862521549091008e-20
1786739802.707535,push -Z,fast,1786739746.1800432,-466.28777643151125,-188.48627734867034,706.1904404379375,14.136470801150576,-34.97158323236354,6.817168807468286e-20
1786739802.7361667,push -Z,fast,1786739746.1800432,-464.9339048986503,-187.96141835057517,705.4074995931987,14.097106376293436,-34.8700428673989,6.847122750560927e-20
1786739802.7663002,push -Z,fast,1786739746.1800432,-466.2587978808724,-187.63329389352225,709.0610126455149,14.072497042014522,-34.96940984106564,6.842069425195878e-20
1786739802.792833,push -Z,fast,1786739746.1800432,-471.05152307435173,-188.79706988906935,723.714027852564,14.159780241680576,-35.32886423057675,6.901180331869732e-20
1786739802.8211868,push -Z,fast,1786739746.1800432,-469.5075738982705,-190.18725811272736,716.4248915885655,14.264044358454644,-35.21306804237045,6.831428854510183e-20
1786739802.8495667,push -Z,fast,1786739746.1800432,-468.2384847298067,-188.43968766625346,711.023401652581,14.132976574969238,-35.11788635473572,6.829650473354053e-20
1786739802.8778462,push -Z,fast,1786739746.1800432,-466.3573085598314,-189.47045103954372,706.0890881894775,14.210283827966055,-34.976798141987544,6.846420499651129e-20
1786739802.9062703,push -Z,fast,1786739746.1800432,-467.7929880389115,-187.49280231621822,709.6974990024983,14.061960173716617,-35.08447410291834,6.843357243020182e-20
1786739802.9348018,push -Z,fast,1786739746.1800432,-468.0296657711042,-187.07372984114375,713.9846338258458,14.030529738086042,-35.102224932832804,6.778417382725927e-20
1786739802.9632018,push -Z,fast,1786739746.1800432,-468.5830270377187,-185.35132901602026,716.9763304134322,13.901349676201644,-35.14372702782921,6.684123309966294e-20
1786739802.991601,push -Z,fast,1786739746.1800432,-472.38701194072064,-185.79875854574436,728.6489800617346,13.93490689093105,-35.429025895554155,6.768564461117014e-20
1786739803.0200846,push -Z,fast,1786739746.1800432,-473.327407850853,-186.8583620323376,734.3546316653646,14.01437715242562,-35.49955558881421,6.851687285208478e-20
1786739803.0485704,push -Z,fast,1786739746.1800432,-472.2962312220561,-187.1043688339522,727.5297945385419,14.032827662546662,-35.422217341654466,6.953166996594468e-20
1786739803.0772321,push -Z,fast,1786739746.1800432,-468.64715759480987,-186.67956976976097,715.7492962200786,14.000967732732281,-35.14853681961111,6.929759131288565e-20
1786739803.1053734,push -Z,fast,1786739746.1800432,-466.26346569673524,-185.95934772874546,704.8326413405621,13.946951079656234,-34.96975992725539,6.846860744760081e-20
1786739803.1337967,push -Z,fast,1786739746.1800432,-466.1032814014743,-186.64091819444286,702.9248065528636,13.998068864583285,-34.957746105110814,6.805671161933879e-20
1786739803.1621764,push -Z,fast,1786739746.1800432,-466.0976145921327,-187.8204909375296,706.0897283264376,14.086536820314908,-34.957321094410034,6.805547305821272e-20
1786739803.1903186,push -Z,fast,1786739746.1800432,-466.7480976054162,-190.72313526101505,711.4214745455756,14.30423514457637,-35.00610732040637,6.873743795700785e-20
1786739803.2187314,push -Z,fast,1786739746.1800432,-466.24115674608584,-190.77030391145365,715.9101450775161,14.307772793359238,-34.96808675595668,6.907536948998421e-20
1786739803.247272,push -Z,fast,1786739746.1800432,-466.7269647695721,-187.4894118259167,711.2548861741925,14.061705886943944,-35.004522357718194,6.80721968936231e-20
1786739803.27564,push -Z,fast,1786739746.1800432,-465.2533549366285,-186.89580327093086,702.2395819178091,14.01718524531999,-34.894001620247394,6.73549443086179e-20
1786739803.3038902,push -Z,fast,1786739746.1800432,-466.31166328342033,-186.53123832831375,704.1189419147777,13.989842874623744,-34.97337474625663,6.710042420321817e-20
1786739803.3324277,push -Z,fast,1786739746.1800432,-466.86844684752714,-189.11344960877489,710.5356311895266,14.183508720658427,-35.01513351356496,6.796570783746886e-20
1786739803.3624544,push -Z,fast,1786739746.1800432,-468.3469062522113,-185.6006357964917,716.8010397228745,13.920047684737082,-35.126017968916024,6.840043305522412e-20
1786739803.389411,push -Z,fast,1786739746.1800432,-469.869238803205,-184.649788738673,717.403607362141,13.84873415540056,-35.240192910240424,6.833316584209813e-20
1786739803.4179504,push -Z,fast,1786739746.1800432,-468.0825412491299,-182.7228000068236,713.5503516330209,13.704210000511917,-35.1061905936849,6.787772227548457e-20
1786739803.4466174,push -Z,fast,1786739746.1800432,-464.244492625593,-185.07387561821076,704.9034697049401,13.880540671366116,-34.818336946919544,6.699100776714958e-20
1786739803.4751518,push -Z,fast,1786739746.1800432,-461.3630064276267,-185.48008638003114,696.7607224266249,13.911006478502646,-34.60222548207228,6.631470145974588e-20
1786739803.5029726,push -Z,fast,1786739746.1800432,-462.1502054980192,-186.87416150362287,697.1844572100927,14.015562112772013,-34.66126541235162,6.645742387431207e-20
1786739803.531407,push -Z,fast,1786739746.1800432,-467.29763769155306,-186.84651413875395,709.9735950449194,14.013488560406866,-35.04732282686676,6.769671174712974e-20
1786739803.5610547,push -Z,fast,1786739746.1800432,-468.007314353888,-188.54346753755192,715.5580102758822,14.140760065316645,-35.100548576542,6.817470886902809e-20
1786739803.5882668,push -Z,fast,1786739746.1800432,-467.2425554406691,-186.06484943452028,721.2197233332163,13.95486370758928,-35.04319165805035,6.767794434319494e-20
1786739803.6166935,push -Z,fast,1786739746.1800432,-466.41343701261985,-186.37744804615193,717.5861790051395,13.978308603461588,-34.98100777594659,6.739673437473687e-20
1786739803.6455255,push -Z,fast,1786739746.1800432,-467.14860063874175,-185.367532997603,717.5781235429713,13.902564974820454,-35.03614504790585,6.787815305186127e-20
1786739803.6737926,push -Z,fast,1786739746.1800432,-466.8849768534433,-186.4115842188437,711.4048862617637,13.980868816413516,-35.01637326400833,6.786067090839353e-20
1786739803.7022076,push -Z,fast,1786739746.1800432,-466.55436862215174,-186.04420321054056,709.5861320861959,13.95331524079079,-34.991577646661504,6.753011028847082e-20
1786739803.730412,push -Z,fast,1786739746.1800432,-464.059278763415,-184.6427954965087,704.484531751832,13.848209662238492,-34.80444590725629,6.729479987630079e-20
1786739803.7599208,push -Z,fast,1786739746.1800432,-468.50433116692784,-188.87117642444946,714.4014945534946,14.165338231833882,-35.137824837519766,6.864874019193035e-20
1786739803.787224,push -Z,fast,1786739746.1800432,-471.09697196478373,-189.0440383341197,720.435552960882,14.178302875059362,-35.332272897358905,6.938630215177756e-20
1786739803.815672,push -Z,fast,1786739746.1800432,-473.4655607257905,-190.1040544001636,727.5932454432832,14.257804080012438,-35.50991705443449,6.92910254816137e-20
1786739803.8440132,push -Z,fast,1786739746.1800432,-470.2559660249203,-187.30312774080687,716.9196578119318,14.04773458056091,-35.2691974518693,6.849139833879167e-20
1786739803.8725364,push -Z,fast,1786739746.1800432,-469.1643784803755,-184.1221544004652,715.3532242296424,13.80916158003502,-35.18732838602828,6.820977075975652e-20
1786739803.9010222,push -Z,fast,1786739746.1800432,-467.652061517374,-184.38424753452182,715.2798941457531,13.82881856508924,-35.07390461380334,6.809597208015642e-20
1786739803.9293053,push -Z,fast,1786739746.1800432,-468.0530326826961,-185.95710126686765,718.9716403725197,13.946782595015119,-35.103977451202276,6.803631009608557e-20
1786739803.9574692,push -Z,fast,1786739746.1800432,-467.07321105172423,-188.34417495688592,723.9136388457428,14.125813121766637,-35.03049082887957,6.859147641399799e-20
1786739803.985859,push -Z,fast,1786739746.1800432,-469.18712603432095,-190.65868441525504,727.8525668471011,14.299401331144292,-35.18903445257412,6.984516909317772e-20
1786739804.014361,push -Z,fast,1786739746.1800432,-470.1608618532009,-189.48131499891701,730.0819465779341,14.211098624919085,-35.262064638990225,7.01845154593707e-20
1786739804.0429835,push -Z,fast,1786739746.1800432,-468.44743688344533,-189.88622028507564,716.6909815246499,14.241466521380932,-35.13355776625881,6.888000536514173e-20
1786739804.0713983,push -Z,fast,1786739746.1800432,-468.8886144431235,-190.95666156236405,710.7555853591357,14.321749617177435,-35.166646083234426,6.789461167971217e-20
1786739804.0996652,push -Z,fast,1786739746.1800432,-466.9834871851949,-194.3057450733619,704.3213268205727,14.57293088050233,-35.023761538889815,6.740202704068332e-20
1786739804.128157,push -Z,fast,1786739746.1800432,-469.16290130836796,-193.21425700143936,711.3555752491047,14.491069275108064,-35.18721759812774,6.841841446252368e-20
1786739804.1579144,push -Z,fast,1786739746.1800432,-469.8886211392719,-190.0437216478988,721.7056300383856,14.25327912359263,-35.24164658544567,6.870936859061648e-20
1786739804.1851394,push -Z,fast,1786739746.1800432,-471.79519585907155,-187.19914624335843,729.1545715300699,14.03993596825202,-35.384639689430735,6.92470660454017e-20
1786739804.213631,push -Z,fast,1786739746.1800432,-471.79768735155085,-188.74944000693984,734.2820357807568,14.156208000520731,-35.38482655136641,6.889363442196794e-20
1786739804.2416902,push -Z,fast,1786739746.1800432,-470.5927143517729,-187.79898234061295,721.0656509806095,14.084923675546097,-35.29445357638325,6.79570170062045e-20
1786739804.2703688,push -Z,fast,1786739746.1800432,-470.1303128853333,-187.30355768553557,715.5161836835423,14.047766826415288,-35.25977346640025,6.763224769228668e-20
1786739804.2985573,push -Z,fast,1786739746.1800432,-469.43644607556735,-188.78926440238627,707.3290547161469,14.159194830179228,-35.2077334556678,6.721480943241538e-20
1786739804.326944,push -Z,fast,1786739746.1800432,-469.3957336782146,-189.20552009808307,713.5378211855805,14.19041400735642,-35.204680025866274,6.810596649105161e-20
1786739804.3562202,push -Z,fast,1786739746.1800432,-469.6690279330942,-189.21099277664587,716.1782680039341,14.19082445824856,-35.22517709498233,6.835848781096666e-20
1786739804.3836708,push -Z,fast,1786739746.1800432,-469.8349492641296,-188.04791012440478,721.8103305539335,14.103593259330541,-35.23762119480978,6.866048959653704e-20
1786739804.4122794,push -Z,fast,1786739746.1800432,-469.1271661124233,-190.18627934903282,714.2642661860127,14.263970951177729,-35.18453745843205,6.846339523745387e-20
1786739804.4405205,push -Z,fast,1786739746.1800432,-468.309581675996,-190.5564933337066,718.1590689743316,14.291737000028103,-35.12321862569988,6.85407579744256e-20
1786739804.4690347,push -Z,fast,1786739746.1800432,-467.8294453309295,-189.5864160869554,712.644692439826,14.218981206521779,-35.08720839982004,6.895347452011483e-20
1786739804.4975905,push -Z,fast,1786739746.1800432,-468.6167841595434,-187.7560115345825,720.5750934220778,14.081700865093847,-35.146258811965915,6.895507585353952e-20
1786739804.5270448,push -Z,fast,1786739746.1800432,-468.9031409457648,-189.06133116946398,715.1072139340195,14.179599837709869,-35.167735570932415,6.906953470728526e-20
1786739804.554265,push -Z,fast,1786739746.1800432,-470.0773461220183,-189.78504868935147,722.8188535047657,14.233878651701492,-35.25580095915165,6.926808385321139e-20
1786739804.5826051,push -Z,fast,1786739746.1800432,-469.1505440220358,-190.93976108512186,721.2788122141983,14.320482081384295,-35.1862908016531,6.960253236832566e-20
1786739804.6112244,push -Z,fast,1786739746.1800432,-468.6410274210393,-186.51310120337632,720.4297286024739,13.988482590253508,-35.14807705657819,6.892149437246619e-20
1786739804.6393135,push -Z,fast,1786739746.1800432,-466.6020895469055,-187.86706138557292,708.8887669364758,14.090029603918222,-34.99515671601806,6.834274017788053e-20
1786739804.6678476,push -Z,fast,1786739746.1800432,-466.7212611098894,-186.91436937200115,705.9955092564433,14.018577702900263,-35.004094583241844,6.788000943139573e-20
1786739804.6967075,push -Z,fast,1786739746.1800432,-466.0368180387918,-189.47096713862027,704.7155381457978,14.210322535396745,-34.95276135290965,6.812760926948728e-20
1786739804.7249916,push -Z,fast,1786739746.1800432,-464.8507305368212,-186.75129887167657,705.3802956720965,14.006347415375831,-34.86380479026171,6.801670167865752e-20
1786739804.7532196,push -Z,fast,1786739746.1800432,-465.6241639595087,-188.93275388361542,706.7384890544727,14.169956541271365,-34.92181229696328,6.835266421855798e-20
1786739804.7815194,push -Z,fast,1786739746.1800432,-464.7254950002962,-188.6806804779136,706.9240005168349,14.151051035843675,-34.85441212502236,6.797060497596225e-20
1786739804.8099604,push -Z,fast,1786739746.1800432,-468.1802517427809,-192.25162253884037,706.0006752718982,14.418871690413237,-35.11351888070858,6.794949343367546e-20
1786739804.8381524,push -Z,fast,1786739746.1800432,-467.46810872273727,-191.1159930241912,706.8797603855828,14.333699476814619,-35.06010815420557,6.778901549128945e-20
1786739804.866862,push -Z,fast,1786739746.1800432,-469.1834246392823,-190.44905099801542,713.3038187906404,14.283678824851304,-35.18875684794639,6.850760912658458e-20
1786739804.8954954,push -Z,fast,1786739746.1800432,-467.2543378265673,-188.10622728628948,713.3262133980124,14.107967046471945,-35.04407533699267,6.843122656065452e-20
1786739804.9234219,push -Z,fast,1786739746.1800432,-467.11221056891964,-187.0787738670898,713.7609573707032,14.030908040032035,-35.03341579266896,6.861418391931352e-20
1786739804.952011,push -Z,fast,1786739746.1800432,-466.78452315198,-185.40843741928313,707.0656200297208,13.905632806446416,-35.008839236398636,6.755135788324165e-20
1786739804.9804268,push -Z,fast,1786739746.1800432,-465.17729347702834,-184.25483067536197,707.752883041816,13.819112300652467,-34.8882970107774,6.752268332285654e-20
1786739805.008767,push -Z,fast,1786739746.1800432,-462.9911987867017,-183.47131328629303,704.5780512792498,13.760348496472215,-34.72433990900281,6.689312149324422e-20
1786739805.037336,push -Z,fast,1786739746.1800432,-461.4515103496651,-187.47496239123404,703.0160826245683,14.060622179342754,-34.6088632762251,6.787017181950003e-20
1786739805.065712,push -Z,fast,1786739746.1800432,-462.4520526394567,-187.99237158641085,697.7319404763193,14.09942786898102,-34.6839039479595,6.764393279262677e-20
1786739805.094127,push -Z,fast,1786739746.1800432,-463.8576884247286,-189.09588389829185,694.7262500773586,14.182191292372107,-34.78932663185487,6.812051216567244e-20
1786739805.122363,push -Z,fast,1786739746.1800432,-463.54591546380243,-186.2346670422179,697.6938189727061,13.967600028166611,-34.76594365978525,6.7783482948861e-20
1786739805.1533303,push -Z,fast,1786739746.1800432,-464.59826381256744,-184.10083436079367,706.9609478043776,13.807562577059844,-34.84486978594292,6.804927961503532e-20
1786739805.1792524,push -Z,fast,1786739746.1800432,-463.8624080404443,-183.9370728654187,710.4300826319086,13.795280464906615,-34.78968060303348,6.78741212768673e-20
1786739805.2080135,push -Z,fast,1786739746.1800432,-463.4967576314384,-184.15520421709698,705.1415850223311,13.811640316282595,-34.762256822357976,6.783098813154803e-20
1786739805.2363667,push -Z,fast,1786739746.1800432,-464.47079771314384,-188.00628824834246,705.4391013624854,14.100471618625857,-34.835309828486054,6.840358381175533e-20
1786739805.26432,push -Z,fast,1786739746.1800432,-463.8881184707452,-188.89493349987117,696.9236341970818,14.167120012490582,-34.791608885306054,6.880870444688271e-20
1786739805.2927387,push -Z,fast,1786739746.1800432,-464.5526390275809,-189.30909253066125,699.7301696406612,14.198181939799863,-34.84144792706862,6.863308004170428e-20
1786739805.3214073,push -Z,fast,1786739746.1800432,-463.43600493078293,-187.971187039847,704.5209038026724,14.097839027988744,-34.757700369808894,6.835224824864479e-20
1786739805.3498087,push -Z,fast,1786739746.1800432,-464.3110725478623,-186.4121811857542,717.8875252678536,13.980913588931724,-34.82333044108983,6.848818071749811e-20
1786739805.3782985,push -Z,fast,1786739746.1800432,-466.79201457209183,-186.8516186644266,730.6352026947043,14.013871399832286,-35.00940109290689,6.959512993010156e-20
1786739805.4064329,push -Z,fast,1786739746.1800432,-467.04967400674514,-186.3510742787504,723.8121956550631,13.97633057090653,-35.0287255505059,6.967700776290174e-20
1786739805.4348962,push -Z,fast,1786739746.1800432,-469.01941546156377,-187.87123349692047,719.7060777155484,14.090342512269363,-35.176456159617736,6.949179853868967e-20
1786739805.4633288,push -Z,fast,1786739746.1800432,-466.78004780711717,-187.31576111629033,715.4522534949292,14.04868208372201,-35.00850358553389,6.975681951265548e-20
1786739805.4919643,push -Z,fast,1786739746.1800432,-467.88928837295225,-186.47253300210184,721.1151693936936,13.985439975157757,-35.09169662797164,6.977403443298675e-20
1786739805.5202832,push -Z,fast,1786739746.1800432,-465.85904148797135,-183.65859286008106,727.1469567522036,13.774394464506283,-34.93942811159802,6.945769487874437e-20
1786739805.5484223,push -Z,fast,1786739746.1800432,-466.8558050919073,-182.84019312222983,717.958775999231,13.713014484167434,-35.01418538189326,6.875375688512975e-20
1786739805.5768914,push -Z,fast,1786739746.1800432,-465.45231536419624,-184.08302678312646,728.4699608415076,13.806227008734641,-34.90892365231493,6.958330684068795e-20
1786739805.6054375,push -Z,fast,1786739746.1800432,-465.273795076992,-183.69867680233585,719.5030592782241,13.777400760175528,-34.89553463077447,6.956278941337928e-20
1786739805.6337206,push -Z,fast,1786739746.1800432,-464.42997939823954,-183.59008726603133,728.6797065849742,13.769256544952544,-34.83224845486809,6.924849775305441e-20
1786739805.662143,push -Z,fast,1786739746.1800432,-465.872485429828,-183.9605096579163,716.0636568325499,13.797038224343833,-34.940436407237186,6.836013775348582e-20
1786739805.6904945,push -Z,fast,1786739746.1800432,-468.652880181256,-185.82756877640406,727.4630353908042,13.9370676582304,-35.14896601359439,6.877921053706382e-20
1786739805.7189665,push -Z,fast,1786739746.1800432,-469.1731696539973,-187.52334991687167,720.4522267299844,14.064251243765664,-35.187987724050096,6.923295063427011e-20
1786739805.748102,push -Z,fast,1786739746.1800432,-467.64808627882894,-186.0990791216077,717.6974516080672,13.957430934120875,-35.07360647091231,6.925306620792723e-20
1786739805.7756186,push -Z,fast,1786739746.1800432,-467.15739082769005,-188.81149288609663,715.1982216810338,14.160861966457507,-35.03680431207695,6.945340287126875e-20
1786739805.804079,push -Z,fast,1786739746.1800432,-465.5562483556955,-187.4250249945577,710.3493058748545,14.056876874592074,-34.91671862667743,6.855991055997154e-20
1786739805.8325222,push -Z,fast,1786739746.1800432,-466.0109511703449,-187.98441405496612,714.865320019695,14.098831054122645,-34.950821337776055,6.880194310124098e-20
1786739805.8612344,push -Z,fast,1786739746.1800432,-461.57075675152055,-186.0163339774938,700.4987435127186,13.951225048312292,-34.61780675636425,6.764201324770339e-20
1786739805.8894894,push -Z,fast,1786739746.1800432,-461.64786614383956,-185.51600048824025,701.3098406085855,13.913700036618334,-34.62358996078809,6.763817692897669e-20
1786739805.9178479,push -Z,fast,1786739746.1800432,-460.2011429769045,-184.35735809180858,697.4917379498629,13.826801856885997,-34.515085723268136,6.708256265296347e-20
1786739805.9472587,push -Z,fast,1786739746.1800432,-462.40267442390495,-183.25253693881052,703.996713404501,13.74394027041097,-34.680200581792995,6.731922444315313e-20
1786739805.97464,push -Z,fast,1786739746.1800432,-464.67868454562904,-185.59895869259356,712.4285334982151,13.919921901944573,-34.850901340922384,6.774272869721614e-20
1786739806.0031102,push -Z,fast,1786739746.1800432,-464.58797293648104,-187.16252135367984,710.8411948791772,14.037189101526206,-34.84409797023635,6.781233781402875e-20
1786739806.0315208,push -Z,fast,1786739746.1800432,-464.50332344849085,-186.4433892253993,710.0777605198882,13.983254191905036,-34.837749258636926,6.821453161234266e-20
1786739806.0598896,push -Z,fast,1786739746.1800432,-464.6810335975997,-186.28157874579767,708.9670315114454,13.97111840593507,-34.85107751982009,6.879205173386181e-20
1786739806.0885682,push -Z,fast,1786739746.1800432,-466.04768986943964,-187.0084573329865,709.4981547533771,14.025634299974374,-34.953576740208284,6.892742823527651e-20
1786739806.1167831,push -Z,fast,1786739746.1800432,-467.0513124054519,-187.79645766535748,719.3590233226232,14.08473432490209,-35.028848430409035,6.935067613156188e-20
1786739806.1460292,push -Z,fast,1786739746.1800432,-466.33177315455714,-187.00914174850016,719.8885165296797,14.025685631137687,-34.97488298659207,6.865780152442979e-20
1786739806.1734974,push -Z,fast,1786739746.1800432,-468.7943310741766,-188.87817573046812,729.4108281882036,14.165863179785251,-35.15957483056335,6.876406177305571e-20
1786739806.2020435,push -Z,fast,1786739746.1800432,-468.15160121977624,-188.24762226287044,721.3895548539149,14.11857166971534,-35.11137009148333,6.839140835012324e-20
1786739806.2304182,push -Z,fast,1786739746.1800432,-468.28880377483483,-187.99683030459437,719.7069335200877,14.099762272844774,-35.12166028311281,6.830649402667855e-20
1786739806.2588592,push -Z,fast,1786739746.1800432,-464.1466512915472,-185.6405216736406,709.2097501953849,13.923039125523285,-34.810998846866255,6.793755847422209e-20
1786739806.2872384,push -Z,fast,1786739746.1800432,-465.28817820058157,-185.85747470229353,710.7631868679073,13.939310602672254,-34.89661336504379,6.808518240176805e-20
1786739806.3156931,push -Z,fast,1786739746.1800432,-464.16721580956073,-183.42212769931643,709.1962769085367,13.75665957744896,-34.81254118571726,6.846059153613033e-20
1786739806.344233,push -Z,fast,1786739746.1800432,-465.9659803344207,-182.90608434300555,713.6424577875996,13.717956325725599,-34.94744852508182,6.831288688216801e-20
1786739806.3727205,push -Z,fast,1786739746.1800432,-465.2526843803739,-185.63802043648343,711.4354033360323,13.922851532736498,-34.893951328528146,6.777155229117563e-20
1786739806.4010506,push -Z,fast,1786739746.1800432,-466.4958018070838,-186.75537194839796,713.2442401888056,14.006652896130046,-34.98718513553142,6.79180517295299e-20
1786739806.4293015,push -Z,fast,1786739746.1800432,-466.51746047554616,-186.8076462009834,712.1934789284833,14.010573465074021,-34.98880953566634,6.817571316763631e-20
1786739806.4577272,push -Z,fast,1786739746.1800432,-466.0246487389222,-184.8269804622439,707.331532328004,13.862023534668605,-34.95184865541927,6.860995864945584e-20
1786739806.4862173,push -Z,fast,1786739746.1800432,-466.53537959566484,-185.88507067176965,709.374007736269,13.941380300383056,-34.99015346967491,6.847951340995511e-20
1786739806.5145862,push -Z,fast,1786739746.1800432,-466.13326981580803,-185.97205065573473,709.0443405751867,13.947903799180427,-34.95999523618569,6.855891306969516e-20
1786739806.5435376,push -Z,fast,1786739746.1800432,-466.9656346762722,-186.94767046129925,716.6306638262067,14.021075284597561,-35.022422600720596,6.851270622077335e-20
1786739806.571529,push -Z,fast,1786739746.1800432,-467.42953202748413,-188.99152915369768,715.3911647599725,14.174364686527387,-35.057214902061354,6.845179110823349e-20
1786739806.6000443,push -Z,fast,1786739746.1800432,-467.5289602289349,-189.5295563307734,712.5716365104572,14.214716724808152,-35.06467201717034,6.848605305132118e-20
1786739806.628356,push -Z,fast,1786739746.1800432,-467.60239542321506,-187.2941843228358,706.5858911298237,14.047063824213087,-35.070179656741175,6.807200038519383e-20
1786739806.6568615,push -Z,fast,1786739746.1800432,-465.3326476097477,-184.45566289458873,704.1416244144566,13.834174717094417,-34.89994857073127,6.794606323216017e-20
1786739806.6852639,push -Z,fast,1786739746.1800432,-463.1549698602198,-186.9482877400901,699.5787253227272,14.021121580507003,-34.73662273951673,6.741842236227921e-20
1786739806.713713,push -Z,fast,1786739746.1800432,-462.87281434424176,-189.80372922848994,699.414862801761,14.23527969213713,-34.71546107581824,6.766228193677565e-20
1786739806.7419026,push -Z,fast,1786739746.1800432,-463.89727123092416,-192.89175297946804,700.8263787494361,14.466881473460308,-34.79229534231964,6.81241800851464e-20
1786739806.7703419,push -Z,fast,1786739746.1800432,-467.3815070170699,-189.62324782161954,709.5962978103835,14.221743586621617,-35.05361302628048,6.881794662688193e-20
1786739806.798701,push -Z,fast,1786739746.1800432,-468.4813530427746,-188.49729266378006,719.4101500891829,14.137296949783842,-35.13610147820848,6.927138067710366e-20
1786739806.8271022,push -Z,fast,1786739746.1800432,-469.81794807170036,-188.23902564818695,716.8872617136321,14.117926923614323,-35.23634610537775,6.89645534996018e-20
1786739806.8562794,push -Z,fast,1786739746.1800432,-468.76667097252766,-189.4739366077133,718.6931019802378,14.210545245578789,-35.15750032293974,6.908547765204196e-20
1786739806.883931,push -Z,fast,1786739746.1800432,-470.8859955058533,-189.49339894495324,720.7136773117218,14.212004920871603,-35.31644966293916,6.88100753620139e-20
1786739806.9123027,push -Z,fast,1786739746.1800432,-466.9528175915475,-188.1334184819434,717.5750040569092,14.11000638614583,-35.02146131936596,6.873014113019541e-20
1786739806.9408796,push -Z,fast,1786739746.1800432,-467.7005027622472,-189.49233267502598,716.2718446472836,14.21192495062709,-35.07753770716865,6.902284836506225e-20
1786739806.9692326,push -Z,fast,1786739746.1800432,-464.2437786855753,-187.23081860036564,705.8949998072303,14.042311395027628,-34.818283401418476,6.858657846952036e-20
1786739806.9978878,push -Z,fast,1786739746.1800432,-467.878622881718,-185.80483038213185,715.5143401127398,13.93536227866009,-35.090896716129,6.904926049345888e-20
1786739807.0260227,push -Z,fast,1786739746.1800432,-466.1721066493519,-183.0166267763775,712.0517185439794,13.726247008228686,-34.96290799870167,6.826002421275566e-20
1786739807.054344,push -Z,fast,1786739746.1800432,-465.52419257823476,-186.8263360612176,709.528613286514,14.011975204591554,-34.91431444336777,6.812179244416269e-20
1786739807.0827417,push -Z,fast,1786739746.1800432,-463.1575804394256,-187.84368766289072,700.8097429310819,14.08827657471706,-34.73681853295714,6.704116928899167e-20
1786739807.1112537,push -Z,fast,1786739746.1800432,-462.8754166088311,-189.95997761367983,697.854955099795,14.246998321026286,-34.715656245662565,6.684187851080213e-20
1786739807.1397917,push -Z,fast,1786739746.1800432,-464.411713301512,-190.02228541616364,702.9370508344291,14.251671406212626,-34.8308784976135,6.755677419141003e-20
1786739807.1685057,push -Z,fast,1786739746.1800432,-466.1570212673846,-191.0087037893378,706.1271939848266,14.325652784200603,-34.96177659505393,6.846824086603424e-20
1786739807.1965873,push -Z,fast,1786739746.1800432,-466.9032709231683,-188.1816002388814,714.9477692994551,14.113620017916421,-35.01774531923763,6.892108170319951e-20
1786739807.2249615,push -Z,fast,1786739746.1800432,-466.76630302734975,-186.2895575779089,712.5941366718462,13.971716818343392,-35.00747272705157,6.86225589093959e-20
1786739807.2534485,push -Z,fast,1786739746.1800432,-468.61705034078705,-185.56545606876693,717.1414904843041,13.917409205157842,-35.14627877555912,6.827198258297104e-20
1786739807.281936,push -Z,fast,1786739746.1800432,-469.7611528545849,-189.5973733946372,713.8978509420112,14.219803004597946,-35.23208646409412,6.898186453879879e-20
1786739807.3101149,push -Z,fast,1786739746.1800432,-469.2131408030159,-188.76026918999287,712.2873179152975,14.157020189249753,-35.19098556022633,6.854112459928891e-20
1786739807.338771,push -Z,fast,1786739746.1800432,-468.7197151441396,-188.98002811172103,711.8718145915145,14.173502108379164,-35.15397863581057,6.871865038229443e-20
1786739807.3671691,push -Z,fast,1786739746.1800432,-468.4872286582636,-188.1728861221078,706.8347703480731,14.112966459158383,-35.13654214937001,6.821793881277996e-20
1786739807.3955305,push -Z,fast,1786739746.1800432,-469.4875199385492,-187.50342807680886,718.7689204583603,14.062757105760877,-35.211563995391266,6.869648672484708e-20
1786739807.4238248,push -Z,fast,1786739746.1800432,-469.256448166117,-187.36368148502368,714.0755199452624,14.052276111377093,-35.19423361245905,6.826887360820702e-20
1786739807.452041,push -Z,fast,1786739746.1800432,-468.1112337623308,-184.79494666268454,714.9289088599708,13.859620999701708,-35.10834253217498,6.756490631690774e-20
1786739807.4806974,push -Z,fast,1786739746.1800432,-468.47593939474655,-187.56509919009977,715.8936838811715,14.067382439257731,-35.13569545460633,6.856142512777049e-20
1786739807.5090055,push -Z,fast,1786739746.1800432,-467.2786128176076,-190.40028270284552,717.7801069323141,14.280021202713758,-35.04589596132085,6.896258321558526e-20
1786739807.5372636,push -Z,fast,1786739746.1800432,-467.6717235120768,-190.38021675052687,717.1731265666131,14.278516256289745,-35.075379263405814,6.897161168013221e-20
1786739807.5657315,push -Z,fast,1786739746.1800432,-466.51700033478346,-189.51774403555657,708.1621590426685,14.213830802666966,-34.988775025109,6.788612243210597e-20
1786739807.5944974,push -Z,fast,1786739746.1800432,-465.680295492386,-185.34529532485624,712.5169208430398,13.900897149364464,-34.926022161929325,6.786206267189991e-20
1786739807.622775,push -Z,fast,1786739746.1800432,-466.29621753689526,-185.86252554059865,722.0792059207943,13.939689415545121,-34.972216315267396,6.910551895345358e-20
1786739807.651115,push -Z,fast,1786739746.1800432,-466.91127355533536,-185.68033381045973,723.0590664170404,13.926025035784729,-35.01834551665037,6.929074793042542e-20
1786739807.6797225,push -Z,fast,1786739746.1800432,-466.23119315486565,-185.83195455631392,716.4056233059073,13.9373965917239,-34.96733948661496,6.910184555086593e-20
1786739807.7080393,push -Z,fast,1786739746.1800432,-465.3334846766202,-185.8585711508739,705.9340664108331,13.939392836315879,-34.900011350746595,6.82698775809348e-20
1786739807.7364469,push -Z,fast,1786739746.1800432,-466.72627637194773,-185.1759328840127,709.5175711700158,13.888194966301239,-35.00447072789645,6.822311033090818e-20
1786739807.7646444,push -Z,fast,1786739746.1800432,-469.0397932249107,-187.54476003750483,715.211997654932,14.065857002813114,-35.17798449186852,6.834479171425724e-20
1786739807.793196,push -Z,fast,1786739746.1800432,-472.4992956637084,-189.8253791732851,728.1445198534939,14.236903437996634,-35.43744717477828,6.93082679126563e-20
1786739807.821333,push -Z,fast,1786739746.1800432,-472.1934521346134,-194.05969243614504,726.0476895624888,14.554476932711179,-35.41450891009629,6.939020970705739e-20
1786739807.849776,push -Z,fast,1786739746.1800432,-471.4630203624597,-193.08907282259452,722.1389186241231,14.481680461694804,-35.35972652718469,6.940165594066551e-20
1786739807.8782494,push -Z,fast,1786739746.1800432,-468.0726999235285,-193.10528090932905,713.7036984480164,14.48289606819996,-35.10545249426491,6.829573247414074e-20
1786739807.9066575,push -Z,fast,1786739746.1800432,-466.7727881554738,-191.43725311677179,710.0301967402493,14.35779398375799,-35.007959111660746,6.845198916171955e-20
1786739807.9350584,push -Z,fast,1786739746.1800432,-467.6480253276345,-191.19974729784394,710.8917888400092,14.339981047338437,-35.07360189957258,6.834456835843821e-20
1786739807.9635925,push -Z,fast,1786739746.1800432,-467.0198683766648,-188.0208061386104,708.7489677586736,14.10156046039599,-35.02649012825012,6.817632436805618e-20
1786739807.991938,push -Z,fast,1786739746.1800432,-466.69544302807844,-184.39661308125733,713.0717869290311,13.829745981094565,-35.002158227105994,6.780026458516118e-20
1786739808.020288,push -Z,fast,1786739746.1800432,-465.94991040686364,-183.9313186038321,711.7384514855321,13.794848895287547,-34.94624328051494,6.808840001580307e-20
1786739808.048992,push -Z,fast,1786739746.1800432,-464.9880916988095,-184.41867669749695,709.5573568273503,13.83140075231255,-34.87410687741095,6.806485595852329e-20
1786739808.0772228,push -Z,fast,1786739746.1800432,-465.9153646748464,-186.324861986624,707.5788096663464,13.974364648997064,-34.94365235061358,6.840419866728565e-20
1786739808.105569,push -Z,fast,1786739746.1800432,-464.10980573433517,-186.10989082418735,705.6104663170327,13.958241811814208,-34.80823543007518,6.782748638800911e-20
1786739808.1341298,push -Z,fast,1786739746.1800432,-465.7318820385299,-184.2635418570734,708.9145821689153,13.819765639280707,-34.92989115288988,6.757735238970754e-20
1786739808.162413,push -Z,fast,1786739746.1800432,-465.4840097989427,-185.87566762191307,709.0690811521545,13.940675071643621,-34.911300734920864,6.732295870162136e-20
1786739808.1908498,push -Z,fast,1786739746.1800432,-467.04471031760386,-185.27724113849763,714.5668956373311,13.895793085387513,-35.028353273820564,6.757633005766835e-20
1786739808.2192135,push -Z,fast,1786739746.1800432,-467.6371159789833,-186.09558544957952,716.7774879861554,13.957168908718668,-35.072783698423876,6.808883603228589e-20
1786739808.2476332,push -Z,fast,1786739746.1800432,-466.5893361856747,-183.33560507688378,714.6366506772438,13.750170380766608,-34.99420021392572,6.799643899292008e-20
1786739808.2760267,push -Z,fast,1786739746.1800432,-464.81817975833974,-184.59436113820016,708.8713096505899,13.844577085365312,-34.861363481875706,6.800399410909232e-20
1786739808.3045967,push -Z,fast,1786739746.1800432,-464.8847974330565,-183.57702592378814,708.6357126291814,13.768276944284342,-34.86635980747953,6.835340296335166e-20
1786739808.3334603,push -Z,fast,1786739746.1800432,-464.84966330226234,-182.03084099457044,711.526495601107,13.652313074593057,-34.86372474766991,6.839883887867682e-20
1786739808.361221,push -Z,fast,1786739746.1800432,-466.6089925148458,-181.44453368048187,716.795915102236,13.608340026036341,-34.995674438613534,6.883730781571318e-20
1786739808.389735,push -Z,fast,1786739746.1800432,-467.0383311383175,-183.24700912219885,721.0556596321558,13.743525684165075,-35.02787483537406,6.880639021366803e-20
1786739808.4182546,push -Z,fast,1786739746.1800432,-466.4556388664887,-185.6152243370493,716.3157521352568,13.921141825278763,-34.98417291498692,6.848252382407941e-20
1786739808.4464993,push -Z,fast,1786739746.1800432,-464.98149281156566,-185.24529897232674,713.1164376769229,13.893397422924682,-34.873611960867706,6.726998534986193e-20
1786739808.4750776,push -Z,fast,1786739746.1800432,-466.07683192936156,-184.1786691933139,711.9464543106105,13.813400189498918,-34.95576239470235,6.735705114386616e-20
1786739808.5033739,push -Z,fast,1786739746.1800432,-466.4458687788938,-182.57783342136065,713.3263053942737,13.693337506602294,-34.98344015841726,6.746601285274468e-20
1786739808.531899,push -Z,fast,1786739746.1800432,-466.57905600121694,-180.26348886286087,716.8766119156289,13.51976166471474,-34.99342920009138,6.800909123745239e-20
1786739808.560241,push -Z,fast,1786739746.1800432,-463.0181442497119,-181.60904461347593,711.5144442562923,13.620678346010845,-34.726360818728516,6.741989669532883e-20
1786739808.5885527,push -Z,fast,1786739746.1800432,-464.1229942239388,-182.33850962137956,715.3096551659737,13.675388221603637,-34.80922456679578,6.764438339330904e-20
1786739808.6170611,push -Z,fast,1786739746.1800432,-465.10242463753457,-186.55022935301702,713.6504981333765,13.991267201476521,-34.88268184781509,6.835876888831774e-20
1786739808.645325,push -Z,fast,1786739746.1800432,-462.82497710224425,-184.42556886330897,709.1054178487557,13.831917664748342,-34.71187328266858,6.812501256369371e-20
1786739808.673916,push -Z,fast,1786739746.1800432,-462.9708600620352,-185.82998187380076,708.9890271570011,13.937248640535369,-34.72281450465275,6.803829841145963e-20
1786739808.7023437,push -Z,fast,1786739746.1800432,-462.5385299805298,-183.91617407036563,712.0051554728361,13.793713055277816,-34.69038974853985,6.75272057496205e-20
1786739808.730843,push -Z,fast,1786739746.1800432,-468.34386309347155,-185.85821016765453,725.0954774620532,13.939365762574287,-35.12578973201061,6.865638594008335e-20
1786739808.7590976,push -Z,fast,1786739746.1800432,-468.1759439966586,-185.06364260290673,727.0973974917215,13.879773195218196,-35.11319579974968,6.921844087362128e-20
1786739808.7876465,push -Z,fast,1786739746.1800432,-471.53045572052406,-187.98650744545375,728.1360033024957,14.098988058409123,-35.36478417903949,6.953900002950854e-20
1786739808.816112,push -Z,fast,1786739746.1800432,-470.3661483911419,-188.36784942623467,718.8499038237815,14.127588706967902,-35.27746112933587,6.862294675577033e-20
1786739808.844293,push -Z,fast,1786739746.1800432,-469.1334706683929,-188.50319158634863,715.806416410941,14.137739368976373,-35.18501030012975,6.83490650186391e-20
1786739808.8727226,push -Z,fast,1786739746.1800432,-467.04542459180175,-187.8116917298844,715.2298938546746,14.085876879741637,-35.02840684438536,6.867815295157813e-20
1786739808.90129,push -Z,fast,1786739746.1800432,-466.4122462353139,-190.17507018295157,715.9164691781398,14.26313026372176,-34.98091846764872,6.923166071723831e-20
1786739808.9312637,push -Z,fast,1786739746.1800432,-466.5700168293265,-189.98279459250307,715.4746016331264,14.248709594438022,-34.99275126219954,6.941023127477845e-20
1786739808.9580703,push -Z,fast,1786739746.1800432,-470.30478013192396,-188.92460654926197,721.5002489448207,14.169345491194807,-35.27285850989456,6.951024243644497e-20
1786739808.986428,push -Z,fast,1786739746.1800432,-469.0042442635631,-184.52644561418435,719.841340581097,13.839483421063985,-35.17531831976743,6.913640275102419e-20
1786739809.015269,push -Z,fast,1786739746.1800432,-468.01884056927156,-180.96815288561834,720.0843752738947,13.572611466421609,-35.10141304269534,6.859995798683355e-20
1786739809.0434191,push -Z,fast,1786739746.1800432,-462.7268631129605,-181.2106776040656,703.2680252767987,13.590800820305088,-34.70451473347222,6.761071372831086e-20
1786739809.0717797,push -Z,fast,1786739746.1800432,-463.4420321917537,-182.854938414201,704.3385775026964,13.714120381065246,-34.75815241438184,6.738211305508203e-20
1786739809.1002872,push -Z,fast,1786739746.1800432,-463.3465991611288,-185.63389091754334,701.3559285151132,13.922541818815954,-34.75099493708489,6.720450592202238e-20
1786739809.128772,push -Z,fast,1786739746.1800432,-463.7003742785532,-185.54798650233784,710.4552028348025,13.916098987675536,-34.77752807089146,6.804990815433863e-20
1786739809.156926,push -Z,fast,1786739746.1800432,-465.14695865155636,-188.0110526157058,713.5843726301264,14.100828946178066,-34.88602189886689,6.869172759132318e-20
1786739809.1852736,push -Z,fast,1786739746.1800432,-465.88385922992666,-188.01372124914212,717.5139603409452,14.101029093685828,-34.94128944224472,6.919858508328362e-20
1786739809.2138999,push -Z,fast,1786739746.1800432,-468.7210255129553,-188.04285553197838,719.8594795046956,14.10321416489862,-35.15407691347193,6.891830953133017e-20
1786739809.2422664,push -Z,fast,1786739746.1800432,-466.5642461758612,-184.1369527009765,716.8379282815349,13.810271452573307,-34.99231846318981,6.859822462636318e-20
1786739809.2711923,push -Z,fast,1786739746.1800432,-466.38029398089793,-185.03546013704295,713.6594433378359,13.87765951027843,-34.97852204856741,6.864213652829753e-20
1786739809.2990015,push -Z,fast,1786739746.1800432,-464.03286092210647,-184.5776429714805,706.0495130774962,13.84332322286124,-34.80246456915828,6.913398187559343e-20
1786739809.3275776,push -Z,fast,1786739746.1800432,-465.30373586362157,-185.75282328644312,713.9168734653076,13.931461746483446,-34.89778018977193,6.912637355221954e-20
1786739809.3557122,push -Z,fast,1786739746.1800432,-466.1080170636451,-186.67019013809943,715.435908010194,14.000264260357678,-34.958101279773544,6.946417295583567e-20
1786739809.3844101,push -Z,fast,1786739746.1800432,-466.57932448111706,-186.07428945249364,719.939284027023,13.955571708937317,-34.9934493360841,6.92349711710849e-20
1786739809.4131818,push -Z,fast,1786739746.1800432,-466.87628241670745,-186.56488487416573,713.9033651451437,13.992366365562635,-35.01572118125327,6.94019678685645e-20
1786739809.4412513,push -Z,fast,1786739746.1800432,-466.86684172880723,-184.1732797036185,713.4363184845706,13.812995977771553,-35.015013129660886,6.901747791811715e-20
1786739809.469656,push -Z,fast,1786739746.1800432,-465.41720641846905,-184.28451082384765,708.6409142433258,13.821338311788647,-34.906290481385355,6.863563733066238e-20
1786739809.4980073,push -Z,fast,1786739746.1800432,-464.9524274232849,-187.31898559348406,708.2322600452671,14.048923919511669,-34.871432056746535,6.936526730614379e-20
1786739809.5266,push -Z,fast,1786739746.1800432,-463.6745832908632,-187.46055490655294,706.075071613528,14.059541617991517,-34.775593746814835,6.866295877453077e-20
1786739809.5545838,push -Z,fast,1786739746.1800432,-466.34655434705337,-188.8932771081553,712.6650227654827,14.166995783111819,-34.97599157602912,6.864843834616561e-20
1786739809.5832186,push -Z,fast,1786739746.1800432,-465.37444241926914,-186.46131177304824,715.0830050434888,13.984598382978835,-34.90308318144544,6.817333085068111e-20
1786739809.6116126,push -Z,fast,1786739746.1800432,-465.474085065704,-186.78832871699638,715.9305926728111,14.009124653774837,-34.91055637992787,6.830089317473868e-20
1786739809.6399615,push -Z,fast,1786739746.1800432,-464.93434217425875,-187.07577575641437,713.7078672183425,14.030683181731352,-34.87007566306947,6.815495195241134e-20
1786739809.668318,push -Z,fast,1786739746.1800432,-465.615461692335,-186.3626253060562,711.1040927518043,13.977196897954517,-34.92115962692533,6.779298930756771e-20
1786739809.6967142,push -Z,fast,1786739746.1800432,-467.79498775373804,-187.72421307325112,714.3162267128891,14.07931598049392,-35.084624081530585,6.812064307157805e-20
1786739809.7254686,push -Z,fast,1786739746.1800432,-468.51721708146215,-188.22326225537756,717.2122955706,14.116744669153586,-35.13879128110974,6.85568787170062e-20
1786739809.753705,push -Z,fast,1786739746.1800432,-468.90765071724536,-189.5379234106257,714.8975082540219,14.215344255797081,-35.168073803793476,6.824222670848439e-20
1786739809.7821393,push -Z,fast,1786739746.1800432,-469.4821246604997,-191.72272284044698,714.9671278365859,14.379204213033692,-35.21115934953759,6.807297509142951e-20
1786739809.810739,push -Z,fast,1786739746.1800432,-467.8109855142761,-188.5417329233029,710.0966607045939,14.14062996924785,-35.08582391357092,6.681297546113234e-20
1786739809.8390105,push -Z,fast,1786739746.1800432,-467.13626148075355,-188.23101459088355,714.5986929302662,14.117326094316464,-35.03521961105675,6.724029074909646e-20
1786739809.8673239,push -Z,fast,1786739746.1800432,-466.4027262815207,-186.7711073884808,713.958542901567,14.007833054136245,-34.98020447111424,6.748222216670073e-20
1786739809.8959565,push -Z,fast,1786739746.1800432,-465.84922188833434,-190.5579239998857,713.9890983820906,14.291844299991627,-34.93869164162521,6.843934287704901e-20
1786739809.9246178,push -Z,fast,1786739746.1800432,-467.70817652937603,-190.28832650229015,714.9717433082769,14.271624487672145,-35.07811323970335,6.828369658155637e-20
1786739809.9526868,push -Z,fast,1786739746.1800432,-468.7681121933829,-190.57804085169641,714.7774967439982,14.293353063877543,-35.15760841450375,6.809156458566949e-20
1786739809.9810784,push -Z,fast,1786739746.1800432,-468.35275380951725,-188.3361178046673,713.3898405510427,14.125208835350168,-35.12645653571412,6.824986325396153e-20
1786739810.009468,push -Z,fast,1786739746.1800432,-466.1563995867923,-187.0438173834043,704.7989959772895,14.028286303755554,-34.96172996900983,6.795176828153101e-20
1786739810.038024,push -Z,fast,1786739746.1800432,-464.04786707719177,-186.50710877115057,707.3383599323861,13.988033157836615,-34.80359003078958,6.826062704734665e-20
1786739810.0663776,push -Z,fast,1786739746.1800432,-463.51416577096234,-186.44060278867073,704.0927287377217,13.983045209150522,-34.76356243282237,6.731047188802576e-20
1786739810.0946968,push -Z,fast,1786739746.1800432,-464.2321818255191,-188.1035968414019,707.7109140878283,14.107769763105342,-34.81741363691406,6.771941387437979e-20
1786739810.1232514,push -Z,fast,1786739746.1800432,-465.5335663153119,-187.37615199138816,707.7383290666166,14.0532113993543,-34.915017473648476,6.777922820627474e-20
1786739810.1516085,push -Z,fast,1786739746.1800432,-466.8732511879357,-188.2446258659836,711.8242585646849,14.11834693994896,-35.015493839095285,6.805623273394178e-20
1786739810.1802564,push -Z,fast,1786739746.1800432,-466.88506944910523,-187.84067558673212,713.6453500553616,14.088050669005153,-35.016380208682946,6.82654554471674e-20
1786739810.208465,push -Z,fast,1786739746.1800432,-465.50514234401135,-186.89849691006282,708.226339814616,14.017387268254947,-34.91288567580106,6.772348714508719e-20
1786739810.2367902,push -Z,fast,1786739746.1800432,-466.5145302191927,-186.0194507156009,709.4719195911157,13.951458803670373,-34.988589766439624,6.797201663998478e-20
1786739810.2650893,push -Z,fast,1786739746.1800432,-467.70666257423136,-187.00267618422936,711.0772108273213,14.025200713817295,-35.07799969306764,6.809436725624813e-20
1786739810.2936673,push -Z,fast,1786739746.1800432,-469.64909303955983,-190.00091818993963,716.8755595743824,14.250068864245694,-35.2236819779673,6.946596867976143e-20
1786739810.3233838,push -Z,fast,1786739746.1800432,-469.2135927564859,-189.84588346308396,717.4961133774941,14.238441259731399,-35.19101945673667,6.967062710785781e-20
1786739810.350612,push -Z,fast,1786739746.1800432,-468.1296072160908,-186.50995735675235,720.4391304340779,13.988246801756748,-35.10972054120685,6.882442463049631e-20
1786739810.378949,push -Z,fast,1786739746.1800432,-466.3995546372503,-184.69518654081446,713.7541324802041,13.852138990561425,-34.97996659779416,6.759299922998016e-20
1786739810.4073265,push -Z,fast,1786739746.1800432,-465.56548693295053,-185.46125889931125,706.9443509160646,13.909594417448677,-34.917411519971594,6.724968325718859e-20
1786739810.43579,push -Z,fast,1786739746.1800432,-464.4399312691435,-188.06587989976435,700.5698182149135,14.104940992482465,-34.832994845185965,6.773354864320014e-20
1786739810.4640784,push -Z,fast,1786739746.1800432,-465.6036349326055,-188.70963077936722,705.4248270785138,14.153222308452829,-34.92027261994557,6.814928591649062e-20
1786739810.4926026,push -Z,fast,1786739746.1800432,-466.6413470649545,-188.93702865605758,712.2521553460456,14.170277149204477,-34.99810102987171,6.863394481422506e-20
1786739810.5216906,push -Z,fast,1786739746.1800432,-467.7057038740213,-189.26748343122006,717.936359492177,14.195061257341667,-35.0779277905517,6.887857018328301e-20
1786739810.549695,push -Z,fast,1786739746.1800432,-467.4055554134775,-190.06059252198736,713.24168640265,14.254544439149281,-35.05541665601092,6.911298087420861e-20
1786739810.578328,push -Z,fast,1786739746.1800432,-468.57051213382374,-190.50319821221103,716.208255614185,14.287739865916006,-35.14278841003695,6.918074462682517e-20
1786739810.60619,push -Z,fast,1786739746.1800432,-468.61036050212897,-189.5549606060871,708.8314067032907,14.21662204545692,-35.1457770376598,6.854211342878525e-20
1786739810.6345282,push -Z,fast,1786739746.1800432,-467.6970860255142,-188.69380513566932,710.1904617104083,14.152035385175271,-35.077281451913805,6.861416020720367e-20
1786739810.6630714,push -Z,fast,1786739746.1800432,-466.740179108544,-186.58018716156278,711.6876019389683,13.993514037117333,-35.005513433141125,6.854699972973756e-20
1786739810.6913502,push -Z,fast,1786739746.1800432,-468.05140803231825,-186.53164611845125,715.931696523463,13.98987345888413,-35.103855602424076,6.885167469976102e-20
1786739810.7204406,push -Z,fast,1786739746.1800432,-468.9831376304137,-186.21216452877502,721.1176573301591,13.965912339658349,-35.173735322281146,6.887896089139423e-20
1786739810.7482274,push -Z,fast,1786739746.1800432,-468.6947784183585,-188.93822637788082,719.2642107889824,14.17036697834136,-35.15210838137714,6.92464046913295e-20
1786739810.776966,push -Z,fast,1786739746.1800432,-467.93454520615387,-189.54645113291383,721.3077601065725,14.215983834968728,-35.09509089046171,6.961821481004616e-20
1786739810.805126,push -Z,fast,1786739746.1800432,-467.96206235171485,-188.7632680273723,719.5427352095285,14.157245102053185,-35.09715467637882,6.912007473044787e-20
1786739810.8335543,push -Z,fast,1786739746.1800432,-466.97289832276465,-185.63928130991076,714.1246293648956,13.92294609824349,-35.022967374207596,6.850468935799314e-20
1786739810.8621922,push -Z,fast,1786739746.1800432,-466.69991565746705,-185.4907336873813,707.0205906963838,13.911805026553761,-35.00249367431015,6.778393461636526e-20
1786739810.8906083,push -Z,fast,1786739746.1800432,-466.5758829325987,-185.31974963075675,704.8725230564141,13.898981222307075,-34.99319121994528,6.76971806717673e-20
1786739810.919462,push -Z,fast,1786739746.1800432,-467.3586282330034,-187.16730205922875,709.6262247360728,14.037547654442395,-35.051897117475555,6.772579579881541e-20
1786739810.947427,push -Z,fast,1786739746.1800432,-467.66789125796413,-187.35160935875706,716.0443262685621,14.05137070190688,-35.07509184434745,6.836210647821151e-20
1786739810.975852,push -Z,fast,1786739746.1800432,-468.16242297511326,-188.446757016305,722.3936733200808,14.133506776223182,-35.11218172313374,6.92931170311563e-20
1786739811.0041962,push -Z,fast,1786739746.1800432,-467.6010547046217,-189.3372036864422,713.2681968877314,14.200290276483447,-35.07007910284671,6.92266753121555e-20
1786739811.0324929,push -Z,fast,1786739746.1800432,-467.8126357230667,-188.13349985052344,712.8626747171384,14.110012488789561,-35.08594767923014,6.876767892708344e-20
1786739811.061113,push -Z,fast,1786739746.1800432,-466.5267358786514,-188.2435124733189,706.4443990365871,14.118263435499042,-34.989505190898946,6.815135602503898e-20
1786739811.0894165,push -Z,fast,1786739746.1800432,-466.40346739119786,-185.89933024398067,709.4714730173546,13.942449768298847,-34.98026005434001,6.766474259178461e-20
1786739811.1189036,push -Z,fast,1786739746.1800432,-465.6981399863189,-185.68351924961883,712.5770325370177,13.926263943721576,-34.92736049897412,6.82670640035126e-20
1786739811.1463,push -Z,fast,1786739746.1800432,-466.152933767391,-186.35779486612523,713.4354013858756,13.976834614959625,-34.96147003255462,6.792067533803653e-20
1786739811.1748486,push -Z,fast,1786739746.1800432,-467.0577101430745,-188.29538898458338,717.2885581097089,14.122154173844049,-35.02932826073074,6.852636675646449e-20
1786739811.2028327,push -Z,fast,1786739746.1800432,-466.5226619360892,-189.32639222464684,713.2382897865746,14.199479416848707,-34.9891996452069,6.765453287436835e-20
1786739811.2316272,push -Z,fast,1786739746.1800432,-464.3714514498811,-187.69233644474832,709.5543730757963,14.076925233356395,-34.82785885874138,6.694047174592582e-20
1786739811.2596595,push -Z,fast,1786739746.1800432,-466.2838205025,-187.5573642854846,714.7254717561664,14.066802321411561,-34.971286537687625,6.788607723225494e-20
1786739811.288151,push -Z,fast,1786739746.1800432,-465.57044081123695,-188.02051939953537,711.8015878241031,14.101538954965374,-34.917783060843036,6.820767387382845e-20
1786739811.3165798,push -Z,fast,1786739746.1800432,-469.0093453761924,-188.70189999982938,719.2954475531678,14.152642499987525,-35.17570090321468,6.964485726366052e-20
1786739811.3449833,push -Z,fast,1786739746.1800432,-468.291906114478,-187.62350376494976,718.058653382448,14.07176278237132,-35.121892958585946,6.884149006715761e-20
1786739811.3734546,push -Z,fast,1786739746.1800432,-470.4524909744173,-185.19910011991294,721.0871920593463,13.889932508993628,-35.28393682308137,6.879721694084769e-20
1786739811.4017282,push -Z,fast,1786739746.1800432,-468.6239870458976,-188.63004934313574,714.927342207403,14.147253700735316,-35.146799028442565,6.785567381666449e-20
1786739811.430561,push -Z,fast,1786739746.1800432,-465.9577715625828,-185.95140215912636,708.6314236553617,13.946355161934566,-34.94683286719376,6.741769916387467e-20
1786739811.458798,push -Z,fast,1786739746.1800432,-464.88875053604625,-188.78643113853582,709.4871837743613,14.158982335390267,-34.86665629020352,6.760227807997085e-20
1786739811.487296,push -Z,fast,1786739746.1800432,-463.5109341208404,-185.48434742229824,706.9560926312988,13.911326056672497,-34.763320059063375,6.728602525251024e-20
1786739811.5155106,push -Z,fast,1786739746.1800432,-464.6732159477824,-191.44323132318482,710.6387294257211,14.35824234923913,-34.85049119608382,6.77543723027424e-20
1786739811.5441096,push -Z,fast,1786739746.1800432,-465.83317702135355,-190.33394803489352,712.7970251935294,14.275046102617242,-34.93748827660169,6.803362880106223e-20
1786739811.5723078,push -Z,fast,1786739746.1800432,-468.7486567392607,-189.6414045118811,717.9208841077625,14.223105338391175,-35.15614925544476,6.837731155574752e-20
1786739811.6008503,push -Z,fast,1786739746.1800432,-467.90370091643126,-185.18041685939056,718.9134770479286,13.888531264454603,-35.092777568732444,6.85551856234453e-20
1786739811.6294255,push -Z,fast,1786739746.1800432,-466.6945397998288,-185.019464016308,714.1746966824812,13.876459801223351,-35.002090484987086,6.853193404731574e-20
1786739811.6575906,push -Z,fast,1786739746.1800432,-465.15041147399234,-185.76994944390526,711.8813077389532,13.9327462082931,-34.886280860549576,6.881148224077989e-20
1786739811.68605,push -Z,fast,1786739746.1800432,-464.6916537534962,-187.87769740690817,705.2112836834249,14.090827305518363,-34.85187403151235,6.85574312917145e-20
1786739811.7146287,push -Z,fast,1786739746.1800432,-464.63014956900497,-187.29171069756796,709.936547255912,14.046878302317776,-34.847261217675566,6.865395309312339e-20
1786739811.7430232,push -Z,fast,1786739746.1800432,-462.99446759960665,-184.60561991662257,712.077335441254,13.845421493746922,-34.72458506997066,6.831084321165222e-20
1786739811.7712178,push -Z,fast,1786739746.1800432,-463.9169450923282,-182.6836362562285,718.5719759862977,13.701272719217211,-34.793770881924914,6.794516526162477e-20
1786739811.7997537,push -Z,fast,1786739746.1800432,-462.8666673062662,-184.2508260843805,712.6910372824877,13.818811956328862,-34.71500004797021,6.767697704559046e-20
1786739811.8280387,push -Z,fast,1786739746.1800432,-463.7745767889246,-185.4895562209922,710.3819693333653,13.911716716574485,-34.78309325916949,6.782189391134712e-20
1786739811.8567114,push -Z,fast,1786739746.1800432,-462.90227728987566,-184.37936899345357,705.5406979726131,13.828452674509176,-34.717670796740904,6.754895992008917e-20
1786739811.8849897,push -Z,fast,1786739746.1800432,-463.4321580098258,-183.11871449567877,707.2084433785149,13.73390358717604,-34.75741185073712,6.786756234209617e-20
1786739811.913267,push -Z,fast,1786739746.1800432,-465.10881224221566,-181.2186102255596,715.670288255973,13.591395766917177,-34.88316091816637,6.874345533914263e-20
1786739811.9418294,push -Z,fast,1786739746.1800432,-465.49675220217387,-184.38981534696381,719.019018223974,13.829236151022432,-34.912256415163554,6.946729192881646e-20
1786739811.9701352,push -Z,fast,1786739746.1800432,-465.84148523945214,-184.45948570611233,718.6278416635514,13.834461427958647,-34.938111392959065,6.879567787188203e-20
1786739811.9986122,push -Z,fast,1786739746.1800432,-463.09278617279824,-185.74651733902408,706.6415516066136,13.930988800427006,-34.73195896296002,6.828434019637801e-20
1786739812.0273206,push -Z,fast,1786739746.1800432,-464.19659742544945,-185.3784973477018,706.3126761949407,13.903387301077874,-34.81474480690894,6.80146695720653e-20
1786739812.0558405,push -Z,fast,1786739746.1800432,-464.47101372662746,-187.0918407094963,710.8985945317481,14.03188805321231,-34.835326029497146,6.871163831526755e-20
1786739812.0840056,push -Z,fast,1786739746.1800432,-464.8788739965139,-189.50881215329923,711.9008888024864,14.213160911497507,-34.86591554973892,6.845659610268965e-20
1786739812.1124773,push -Z,fast,1786739746.1800432,-463.61966627021775,-186.0567494208168,707.0949728282794,13.954256206561606,-34.77147497026662,6.814585461908122e-20
1786739812.1410148,push -Z,fast,1786739746.1800432,-461.97023566803455,-182.4336455575209,702.7901004930791,13.682523416814174,-34.647767675102756,6.729102580854477e-20
1786739812.1693716,push -Z,fast,1786739746.1800432,-464.2512471332434,-181.30924176759765,705.4704867505325,13.598193132569993,-34.818843534993455,6.718146088496776e-20
1786739812.1975615,push -Z,fast,1786739746.1800432,-465.4159044870521,-184.0637891591174,711.1730067777971,13.804784186934004,-34.90619283652911,6.738944319189064e-20
1786739812.22588,push -Z,fast,1786739746.1800432,-466.09906753371706,-184.6473418347606,710.7777357106743,13.84855063760725,-34.95743006502917,6.735589306726108e-20
1786739812.2547054,push -Z,fast,1786739746.1800432,-463.45556053729433,-184.35213850130822,709.825493904621,13.826410387598298,-34.75916704029727,6.710634515274833e-20
1786739812.2831817,push -Z,fast,1786739746.1800432,-460.9126395624344,-182.16423720355408,704.0020990920339,13.662317790266894,-34.56844796718257,6.698975595162832e-20
1786739812.3114007,push -Z,fast,1786739746.1800432,-461.4516415646617,-183.32186017960987,702.8356225838988,13.749139513470919,-34.60887311734983,6.709013734370903e-20
1786739812.3400297,push -Z,fast,1786739746.1800432,-463.7888343500822,-183.37015476763486,707.5323017272631,13.752761607572719,-34.784162576256165,6.758948177066011e-20
1786739812.3681808,push -Z,fast,1786739746.1800432,-465.76931454505257,-185.05692459336558,712.5702162864809,13.879269344502628,-34.93269859087904,6.813294142573601e-20
1786739812.3966444,push -Z,fast,1786739746.1800432,-465.386526520625,-184.59068643830813,713.2546323525994,13.84430148287321,-34.90398948904694,6.827801361703904e-20
1786739812.4248738,push -Z,fast,1786739746.1800432,-463.5781306467934,-183.783464712615,708.0077452994165,13.783759853446401,-34.76835979850959,6.802194273553186e-20
1786739812.4535518,push -Z,fast,1786739746.1800432,-465.93436267624566,-185.14462182693148,711.9239623177609,13.88584663702012,-34.945077200718636,6.802662881483788e-20
1786739812.481675,push -Z,fast,1786739746.1800432,-465.52785333719567,-184.3870044600459,713.6450336508806,13.82902533450368,-34.9145890002898,6.785896043206899e-20
1786739812.5101867,push -Z,fast,1786739746.1800432,-468.4506896367102,-186.09431829166215,719.7187358601504,13.957073871874886,-35.133801722753375,6.854000419207886e-20
1786739812.5386624,push -Z,fast,1786739746.1800432,-466.3812801839754,-184.7661547210679,717.2986801638717,13.85746160408031,-34.97859601379826,6.82657216995954e-20
1786739812.5669096,push -Z,fast,1786739746.1800432,-468.1521478654158,-186.83580523677733,715.9039541920283,14.012685392758517,-35.111411089906426,6.875834850826284e-20
1786739812.595594,push -Z,fast,1786739746.1800432,-466.3331089616313,-185.3663978897514,712.8879927072257,13.902479841731616,-34.97498317212275,6.869259386701697e-20
1786739812.623935,push -Z,fast,1786739746.1800432,-464.1671408037778,-185.38117461968443,704.7239277790668,13.903588096476494,-34.81253556028352,6.848045843347652e-20
1786739812.6525226,push -Z,fast,1786739746.1800432,-464.7569172985086,-183.54848870784065,706.8882706188615,13.766136653088314,-34.85676879738846,6.824179344053934e-20
1786739812.6808577,push -Z,fast,1786739746.1800432,-463.4617774891931,-184.62470435268278,705.4056065158693,13.846852826451364,-34.75963331168965,6.764809288197249e-20
1786739812.7101583,push -Z,fast,1786739746.1800432,-465.4086664826891,-183.7105148613482,711.3367162785134,13.778288614601397,-34.90564998620184,6.788789852513016e-20
1786739812.7377257,push -Z,fast,1786739746.1800432,-464.95335594976996,-184.54720779442835,711.0775636967746,13.841040584582355,-34.87150169623305,6.821852685333691e-20
1786739812.7658277,push -Z,fast,1786739746.1800432,-466.9930167052089,-184.73381275577083,713.7869105255868,13.855035956682993,-35.02447625289083,6.87292618915343e-20
1786739812.7943714,push -Z,fast,1786739746.1800432,-466.31580094912306,-186.16898997811904,709.6521965114689,13.962674248359146,-34.97368507118436,6.824886864579491e-20
1786739812.822815,push -Z,fast,1786739746.1800432,-463.36355128966125,-185.53648185048462,701.0353779738934,13.915236138786472,-34.75226634672473,6.786404257230499e-20
1786739812.8513024,push -Z,fast,1786739746.1800432,-461.7964759630554,-184.4542303949645,697.1758569440817,13.83406727962257,-34.63473569722923,6.722237581565114e-20
1786739812.8798018,push -Z,fast,1786739746.1800432,-459.9169424001893,-183.5659702172951,700.8597074222089,13.767447766297312,-34.4937706800143,6.761066634280504e-20
1786739812.909514,push -Z,fast,1786739746.1800432,-462.3309683295961,-184.69336167979066,709.8549394167176,13.852002125984452,-34.67482262471977,6.829061093863045e-20
1786739812.9366014,push -Z,fast,1786739746.1800432,-462.46389837276047,-184.81756442242784,711.7190642932428,13.861317331682368,-34.68479237795709,6.810452470388006e-20
1786739812.964896,push -Z,fast,1786739746.1800432,-463.8976884334029,-185.00919222568768,708.2432133594675,13.875689416926836,-34.79232663250543,6.773763994315212e-20
1786739812.993525,push -Z,fast,1786739746.1800432,-462.24852820517845,-185.04404092252832,706.9566560615594,13.878303069189773,-34.668639615388386,6.687602102643442e-20
1786739813.0218012,push -Z,fast,1786739746.1800432,-461.3405596671432,-182.70373257670656,702.6296256276928,13.70277994325318,-34.60054197503609,6.716840529197695e-20
1786739813.050164,push -Z,fast,1786739746.1800432,-461.62820181361803,-182.11160948293298,707.343232934436,13.658370711220183,-34.62211513602151,6.787813953733217e-20
1786739813.078848,push -Z,fast,1786739746.1800432,-463.6244390634356,-182.50223066824367,711.6217724441776,13.687667300118452,-34.77183292975789,6.857717318418864e-20
1786739813.1070318,push -Z,fast,1786739746.1800432,-466.3518824532416,-185.04117586536825,717.8964394642508,13.8780881899029,-34.97639118399315,6.89076745985797e-20
1786739813.13544,push -Z,fast,1786739746.1800432,-467.18698240239064,-185.70680124270837,719.2275033966989,13.928010093203351,-35.03902368017948,6.852687736478413e-20
1786739813.164098,push -Z,fast,1786739746.1800432,-465.1932231773285,-183.06255481796404,709.5473396610714,13.729691611347494,-34.889491738299775,6.797505312699025e-20
1786739813.1925166,push -Z,fast,1786739746.1800432,-463.95729550651413,-184.52498752213842,707.0204544155904,13.839374064160662,-34.79679716298871,6.781954248497366e-20
1786739813.2207887,push -Z,fast,1786739746.1800432,-461.32740388151115,-184.28265260926605,697.4917060428079,13.821198945695226,-34.59955529111353,6.774162374173771e-20
1786739813.2490058,push -Z,fast,1786739746.1800432,-462.07799349228435,-186.80322133159063,703.3728707046557,14.010241599869534,-34.65584951192148,6.813746444025961e-20
1786739813.2777858,push -Z,fast,1786739746.1800432,-462.9530801942142,-185.76205405277165,707.16072985761,13.932154053958033,-34.72148101456628,6.848098235959248e-20
1786739813.3060765,push -Z,fast,1786739746.1800432,-465.05414157183486,-186.4127679760503,711.3024014234352,13.980957598204082,-34.87906061788771,6.898700725998809e-20
1786739813.3344958,push -Z,fast,1786739746.1800432,-466.60087114510316,-185.26496276413923,714.4998773274747,13.894872207310616,-34.995065335882984,6.872456296440961e-20
1786739813.3628862,push -Z,fast,1786739746.1800432,-468.6579578826668,-187.07273975436294,720.1795136878945,14.030455481577317,-35.14934684120029,6.930711829396824e-20
1786739813.391088,push -Z,fast,1786739746.1800432,-467.20885769915776,-187.74761935201775,713.2836785898708,14.081071451401503,-35.040664327437135,6.867060561358722e-20
1786739813.419573,push -Z,fast,1786739746.1800432,-466.1614395230149,-189.0753378842254,706.8094527243784,14.180650341317193,-34.9621079642263,6.936785383983397e-20
1786739813.4479055,push -Z,fast,1786739746.1800432,-462.80101433229584,-185.20759703352917,702.7164065739607,13.890569777514887,-34.710076074922405,6.86142775173565e-20
1786739813.4764998,push -Z,fast,1786739746.1800432,-464.4075881952981,-183.6652930596406,710.1552190537877,13.774896979473358,-34.83056911464737,6.896059125492329e-20
1786739813.505816,push -Z,fast,1786739746.1800432,-464.84292348929966,-183.36636058923034,710.0494332738072,13.752477044192535,-34.86321926169779,6.793418709366452e-20
1786739813.533362,push -Z,fast,1786739746.1800432,-468.15632729368645,-185.36144668919167,714.996780906391,13.9021085016896,-35.11172454702665,6.761712074321657e-20
1786739813.5616682,push -Z,fast,1786739746.1800432,-469.81316258605784,-184.06200450635026,718.2960333578603,13.804650337976657,-35.235987193954635,6.72922240596088e-20
1786739813.5900187,push -Z,fast,1786739746.1800432,-469.09663024221163,-184.8926031869513,713.4721689585849,13.866945239021494,-35.18224726816607,6.755808739340141e-20
1786739813.6184025,push -Z,fast,1786739746.1800432,-466.4293445651947,-185.4313349405155,704.3479488026296,13.90735012053904,-34.98220084238986,6.793255178202511e-20
1786739813.6468298,push -Z,fast,1786739746.1800432,-465.2629534706507,-186.38269924199494,700.1103974257267,13.978702443149952,-34.89472151029899,6.755311984187205e-20
1786739813.6753345,push -Z,fast,1786739746.1800432,-466.5374852226596,-184.1503259592572,708.1320981484387,13.811274446944527,-34.99031139169961,6.715332896217739e-20
1786739813.7049346,push -Z,fast,1786739746.1800432,-468.67122386202345,-186.68047103289985,708.6763369273767,14.0010353274678,-35.15034178965194,6.72230416560123e-20
1786739813.732698,push -Z,fast,1786739746.1800432,-467.4776582249697,-189.97629781338253,711.2327391627568,14.248222336004002,-35.060824366873035,6.758965399423185e-20
1786739813.7604377,push -Z,fast,1786739746.1800432,-468.5928522025433,-191.8008632987786,724.6351277132344,14.385064747408553,-35.14446391519076,6.944515758138309e-20
1786739813.7888653,push -Z,fast,1786739746.1800432,-466.222497445754,-187.80616754561413,721.349577427779,14.085462565921265,-34.96668730843166,6.89006810707069e-20
1786739813.8172855,push -Z,fast,1786739746.1800432,-463.3933437807682,-187.36866879932518,709.0763304605562,14.052650159949604,-34.754500783557795,6.868867579040305e-20
1786739813.8456957,push -Z,fast,1786739746.1800432,-463.1559770824224,-185.25511322108287,697.2413919075861,13.894133491581474,-34.73669828118184,6.734037242523904e-20
1786739813.8740995,push -Z,fast,1786739746.1800432,-464.68668999220154,-185.09975778632702,704.6393154424713,13.882481833974833,-34.85150174941527,6.839504343904078e-20
1786739813.9025013,push -Z,fast,1786739746.1800432,-469.0737888619933,-183.77836855124588,718.5332280996927,13.78337764134363,-35.1805341646497,6.917601671384902e-20
1786739813.9311175,push -Z,fast,1786739746.1800432,-468.26993318792756,-185.2954598922057,722.1595341398333,13.897159491915776,-35.12024498909487,6.925839232469674e-20
1786739813.9593828,push -Z,fast,1786739746.1800432,-466.4201727054842,-186.8357408245771,717.9939600189218,14.012680561843421,-34.981512952911395,6.823728542547313e-20
1786739813.9877093,push -Z,fast,1786739746.1800432,-463.7364822091299,-184.1548890920203,710.0373704327112,13.811616681901679,-34.78023616568483,6.781931225845001e-20
1786739814.016259,push -Z,fast,1786739746.1800432,-461.6921446375168,-184.51194954761615,694.7944011443205,13.838396216071342,-34.62691084781387,6.75357457061519e-20
1786739814.044891,push -Z,fast,1786739746.1800432,-460.52178350077975,-182.62122993661376,687.2640197806395,13.696592245246332,-34.539133762558734,6.779815783926614e-20
1786739814.0730138,push -Z,fast,1786739746.1800432,-463.1797356261354,-185.60020915002713,693.9415290450124,13.920015686252267,-34.73848017196018,6.813234762013292e-20
1786739814.1013803,push -Z,fast,1786739746.1800432,-465.72662097685225,-187.431787180853,713.275093135494,14.057384038564027,-34.92949657326421,6.84956449534714e-20
1786739814.1299465,push -Z,fast,1786739746.1800432,-467.9794776888343,-191.70328403939914,719.2138081601979,14.377746302955043,-35.09846082666277,6.845650808780116e-20
1786739814.1584122,push -Z,fast,1786739746.1800432,-466.84222283249755,-190.85135770777106,719.6641327486268,14.313851828083042,-35.01316671243757,6.870687886682637e-20
1786739814.1865263,push -Z,fast,1786739746.1800432,-465.7987272561945,-189.4087896760617,705.1725754130666,14.205659225704945,-34.93490454421486,6.914169643936364e-20
1786739814.215055,push -Z,fast,1786739746.1800432,-466.0052935091603,-185.5604680329028,702.7135963876353,13.917035102467903,-34.95039701318714,6.88508370914187e-20
1786739814.2434258,push -Z,fast,1786739746.1800432,-465.2027876014081,-186.98251843514868,699.8184780262727,14.02368888263646,-34.89020907010575,6.862427894050734e-20
1786739814.272178,push -Z,fast,1786739746.1800432,-466.75269607902237,-188.17066865893946,715.6738590005298,14.112800149420696,-35.006452205926834,6.931064163230635e-20
1786739814.3012972,push -Z,fast,1786739746.1800432,-464.31008142892097,-186.5507732039148,717.996795661119,13.991307990293858,-34.823256107169165,6.945199325003254e-20
1786739814.3286953,push -Z,fast,1786739746.1800432,-465.03420856787307,-185.39930946525635,716.0961018986509,13.904948209894375,-34.87756564259068,6.880517038621101e-20
1786739814.3571424,push -Z,fast,1786739746.1800432,-465.1087813507629,-182.6336977391038,710.398987871833,13.697527330433122,-34.88315860130744,6.808398888565325e-20
1786739814.3855085,push -Z,fast,1786739746.1800432,-465.1847914861346,-182.74754478897535,703.5820138534937,13.706065859173346,-34.88885936146047,6.754739143332534e-20
1786739814.414051,push -Z,fast,1786739746.1800432,-463.71097773190104,-184.22999448530732,706.3639104700242,13.817249586398322,-34.778323329892906,6.831415871753614e-20
1786739814.4423196,push -Z,fast,1786739746.1800432,-461.69120713810844,-182.53318138306815,699.6959668205718,13.689988603730487,-34.62684053535835,6.784242254851071e-20
1786739814.4711015,push -Z,fast,1786739746.1800432,-462.2026064125125,-184.26364779177754,706.113962403917,13.819773584383423,-34.66519548093875,6.848548338780461e-20
1786739814.4991455,push -Z,fast,1786739746.1800432,-462.7090176370816,-180.45594400612754,707.5505466217646,13.534195800459845,-34.70317632278121,6.811714079202568e-20
1786739814.5278723,push -Z,fast,1786739746.1800432,-463.4657425442947,-182.1128927018841,721.3566064649476,13.658466952641557,-34.759930690822195,6.878942237601817e-20
1786739814.5561895,push -Z,fast,1786739746.1800432,-464.6292226355263,-182.8820350503994,725.055518184975,13.716152628780218,-34.84719169766462,6.89101604508741e-20
1786739814.584383,push -Z,fast,1786739746.1800432,-466.3576199576755,-185.0708023884191,722.3888647759823,13.88031017913168,-34.97682149682589,6.896406246635054e-20
1786739814.612864,push -Z,fast,1786739746.1800432,-465.4437032589972,-186.4727008674555,704.8894857218884,13.98545256505938,-34.90827774442504,6.808979891918512e-20
1786739814.6411126,push -Z,fast,1786739746.1800432,-464.82414307250156,-185.47842810581074,702.252534095006,13.910882107935901,-34.861810730437696,6.798062998998527e-20
1786739814.6698577,push -Z,fast,1786739746.1800432,-464.42045035358205,-184.1677778479101,702.6822459773048,13.812583338593459,-34.831533776518945,6.77461984021235e-20
1786739814.700188,push -Z,fast,1786739746.1800432,-466.96599374943435,-182.90526004373567,712.2160989781332,13.71789450328048,-35.022449531207734,6.779652595923909e-20
1786739814.7264464,push -Z,fast,1786739746.1800432,-468.6561428607474,-185.43463885865538,717.3600771281872,13.907597914399343,-35.14921071455621,6.84577188728242e-20
1786739814.7547057,push -Z,fast,1786739746.1800432,-467.2109751211983,-184.87643700236902,711.5456917960018,13.865732775177985,-35.0408231340899,6.825487954152465e-20
1786739814.783337,push -Z,fast,1786739746.1800432,-463.9335011052681,-184.87694009407574,710.2991916434057,13.865770507055867,-34.79501258289524,6.854452201799206e-20
1786739814.8117216,push -Z,fast,1786739746.1800432,-463.4066955259732,-182.48391487552806,706.2947753788849,13.686293615664642,-34.75550216444832,6.826028795035307e-20
1786739814.8400278,push -Z,fast,1786739746.1800432,-464.66307880607565,-184.4869831112535,717.0965235397325,13.836523733344261,-34.84973091045588,6.881282545543961e-20
1786739814.868744,push -Z,fast,1786739746.1800432,-464.51387989387104,-184.18460536857003,711.8224966912167,13.813845402643029,-34.838540992040606,6.822317745420342e-20
1786739814.8991883,push -Z,fast,1786739746.1800432,-464.22511358857173,-185.43355020870717,712.5572367775931,13.907516265653218,-34.816883519143104,6.80558922239039e-20
1786739814.925497,push -Z,fast,1786739746.1800432,-464.06857424096097,-185.86903940444938,708.8682727806954,13.940177955333947,-34.80514306807215,6.780727185068938e-20
1786739814.9537368,push -Z,fast,1786739746.1800432,-463.4484435554323,-185.03949005792322,707.9735086384271,13.877961754344387,-34.75863326665763,6.767269725724844e-20
1786739814.9820857,push -Z,fast,1786739746.1800432,-460.87506305789975,-180.33205604868647,700.4566744187432,13.524904203651733,-34.56562972934278,6.720031765596238e-20
1786739815.0104415,push -Z,fast,1786739746.1800432,-462.05310503945157,-181.11200636643002,705.9067417046735,13.583400477482467,-34.653982877959,6.837542855571345e-20
1786739815.0391493,push -Z,fast,1786739746.1800432,-463.2679674064316,-181.2585284381645,712.4617210178621,13.594389632862555,-34.74509755548256,6.915020479886438e-20
1786739815.0674446,push -Z,fast,1786739746.1800432,-464.4990827216043,-184.4474649916291,713.889924414585,13.833559874372366,-34.837431204120534,6.990359056456295e-20
1786739815.0965137,push -Z,fast,1786739746.1800432,-464.5675058787806,-182.26193073052514,712.4870366410441,13.669644804789659,-34.84256294090882,6.900194884454088e-20
1786739815.1242447,push -Z,fast,1786739746.1800432,-464.2963728081104,-181.8738503127587,708.8160981512665,13.64053877345712,-34.822227960608345,6.828064170602139e-20
1786739815.1525471,push -Z,fast,1786739746.1800432,-465.9439241446762,-181.83948821937872,714.7208400352984,13.637961616453676,-34.94579431085079,6.801638581158055e-20
1786739815.1810353,push -Z,fast,1786739746.1800432,-463.9180541903306,-183.27676662309125,709.7798396189382,13.745757496732079,-34.79385406427508,6.748946905986972e-20
1786739815.2095537,push -Z,fast,1786739746.1800432,-463.5253820734929,-181.68525122618018,705.8061423896297,13.626393841963694,-34.76440365551224,6.750779499590785e-20
1786739815.2378616,push -Z,fast,1786739746.1800432,-463.16872783467124,-182.47630823844202,708.4913909221723,13.685723117883317,-34.73765458760046,6.785032801871442e-20
1786739815.2664802,push -Z,fast,1786739746.1800432,-462.5815397224833,-182.7705543965518,707.7317126962316,13.707791579741507,-34.693615479186455,6.782138431379394e-20
1786739815.2964995,push -Z,fast,1786739746.1800432,-466.4398704967707,-186.41869033187936,723.8266133617226,13.981401774891243,-34.98299028725813,6.949442861803077e-20
1786739815.3230305,push -Z,fast,1786739746.1800432,-464.72399746942165,-186.92415857980018,718.3561613583788,14.019311893485199,-34.85429981020665,6.871266567970401e-20
1786739815.351301,push -Z,fast,1786739746.1800432,-466.62681447884233,-183.99217911266794,727.7031028507799,13.799413433450294,-34.99701108591341,6.923163009664682e-20
1786739815.3797784,push -Z,fast,1786739746.1800432,-461.65297831664384,-183.27830033081364,706.9247107912834,13.745872524811364,-34.62397337374842,6.706301512245698e-20
1786739815.408107,push -Z,fast,1786739746.1800432,-461.8862301125073,-182.64597296934187,703.8834050913492,13.69844797270098,-34.64146725843831,6.713733626650264e-20
1786739815.4369297,push -Z,fast,1786739746.1800432,-461.4659889607465,-185.38594193205927,701.4262920426909,13.903945644904741,-34.60994917205619,6.727517129708387e-20
1786739815.464933,push -Z,fast,1786739746.1800432,-463.70094211220385,-187.32196975318345,709.3286569152906,14.049147731488912,-34.77757065841546,6.873602498903792e-20
1786739815.4933553,push -Z,fast,1786739746.1800432,-465.775947324903,-188.18931641134498,715.6982178454327,14.114198730850998,-34.9331960493678,6.893128154456094e-20
1786739815.5217187,push -Z,fast,1786739746.1800432,-467.15469072659926,-190.44989843600058,720.5068470435426,14.283742382700215,-35.036601804495305,6.962906190196126e-20
1786739815.550646,push -Z,fast,1786739746.1800432,-466.6569859383126,-188.4046297767992,721.5760322909027,14.13034723326015,-34.99927394537364,6.899668909815627e-20
1786739815.5785747,push -Z,fast,1786739746.1800432,-465.9514200817789,-187.08084058318957,721.9289456172955,14.031063043739426,-34.946356506133654,6.942342402079622e-20
1786739815.6070726,push -Z,fast,1786739746.1800432,-464.93389343975514,-184.1761551439431,710.2068227495492,13.813211635796005,-34.87004200798176,6.849300907697236e-20
1786739815.635609,push -Z,fast,1786739746.1800432,-466.76496678940657,-185.19514533261508,713.2417919488935,13.889635899946544,-35.00737250920578,6.904983787583852e-20
1786739815.6640146,push -Z,fast,1786739746.1800432,-466.45472999257754,-186.23343806311914,715.1378806213997,13.967507854734112,-34.98410474944343,6.887558115188296e-20
1786739815.6924052,push -Z,fast,1786739746.1800432,-466.825011429838,-184.0042887178472,719.5711393157417,13.800321653838598,-35.01187585723803,6.871320036448777e-20
1786739815.7207427,push -Z,fast,1786739746.1800432,-467.1046596061974,-183.04323952234608,720.8677423333374,13.728242964176207,-35.032849470465045,6.90364545985973e-20
1786739815.749303,push -Z,fast,1786739746.1800432,-467.5326933801498,-181.66122082465836,714.2678248759521,13.624591561849574,-35.06495200351165,6.842673930368495e-20
1786739815.7773364,push -Z,fast,1786739746.1800432,-466.8298639303639,-184.420296444217,714.9163064947415,13.831522233316473,-35.01223979477741,6.861433901464964e-20
1786739815.8057883,push -Z,fast,1786739746.1800432,-465.39250278660256,-185.85242845001426,716.6177747352449,13.938932133751376,-34.90443770899531,6.837779781686235e-20
1786739815.8343143,push -Z,fast,1786739746.1800432,-464.40328449485196,-185.7934609216818,721.1814010568032,13.934509569126302,-34.83024633711415,6.900795472616276e-20
1786739815.8632407,push -Z,fast,1786739746.1800432,-464.6351394659937,-185.31134078966159,725.0144477015183,13.898350559224898,-34.84763545994974,6.953647924458935e-20
1786739815.8910794,push -Z,fast,1786739746.1800432,-465.9509522212711,-186.14835696317107,725.366234813856,13.961126772238114,-34.946321416595474,6.951667022000306e-20
1786739815.9193254,push -Z,fast,1786739746.1800432,-465.9846330812188,-185.93744454949376,722.3638420341149,13.945308341212286,-34.94884748109146,6.903985477833682e-20
1786739815.9478781,push -Z,fast,1786739746.1800432,-465.3786315248858,-183.23565154110963,719.251906833646,13.74267386558348,-34.903397364366604,6.894494395911528e-20
1786739815.9762852,push -Z,fast,1786739746.1800432,-462.19930183208453,-182.29584544438535,710.797604255361,13.672188408329301,-34.66494763740658,6.819030989222919e-20
1786739816.0046632,push -Z,fast,1786739746.1800432,-465.88029086503184,-183.9658589147689,721.4275389279346,13.797439418607812,-34.9410218148777,6.884155615367353e-20
1786739816.0331006,push -Z,fast,1786739746.1800432,-468.038770716656,-185.93584405775016,719.0649881016388,13.945188304331506,-35.102907803749304,6.932681308761345e-20
1786739816.0613348,push -Z,fast,1786739746.1800432,-470.3004534143515,-185.5570390382785,721.6463255786402,13.916777927871149,-35.27253400607655,6.940282489746043e-20
1786739816.0901062,push -Z,fast,1786739746.1800432,-468.1251152452296,-183.64788169473366,715.1265979759573,13.773591127105238,-35.10938364339247,6.875836697871833e-20
1786739816.1182046,push -Z,fast,1786739746.1800432,-464.0993449388411,-184.58710970870493,710.0754424943634,13.844033228153112,-34.80745087041333,6.749026244279249e-20
1786739816.146864,push -Z,fast,1786739746.1800432,-463.61638668579644,-182.19254277555387,715.8652118919381,13.664440708166762,-34.77122900143478,6.800354141326993e-20
1786739816.1752715,push -Z,fast,1786739746.1800432,-462.6819820831465,-184.29762545660992,712.3286946544777,13.822321909245996,-34.70114865623599,6.784982442611538e-20
1786739816.2035167,push -Z,fast,1786739746.1800432,-464.7166803954474,-184.2867079654942,714.9834115381391,13.821503097412293,-34.85375102965858,6.777075881717544e-20
1786739816.2320929,push -Z,fast,1786739746.1800432,-463.80679001790486,-186.83852040836007,703.3426298899931,14.012889030627274,-34.7855092513431,6.729893540285205e-20
1786739816.2604,push -Z,fast,1786739746.1800432,-465.53782502625745,-187.66720008239167,707.3323028320992,14.075040006179517,-34.91533687696952,6.73471972887323e-20
1786739816.2886944,push -Z,fast,1786739746.1800432,-466.016258031108,-189.3033660117867,705.1600995891567,14.197752450884064,-34.95121935233316,6.710064954004614e-20
1786739816.31738,push -Z,fast,1786739746.1800432,-466.91393361556857,-187.90698291765295,713.5638366211497,14.093023718824139,-35.018545021167874,6.772944478860437e-20
1786739816.3457224,push -Z,fast,1786739746.1800432,-464.6223544894706,-185.08883832467416,706.3269545143048,13.881662874350734,-34.84667658671044,6.792549173173335e-20
1786739816.3740911,push -Z,fast,1786739746.1800432,-465.40586776036207,-183.5512119516044,711.9843093771524,13.766340896370583,-34.90544008202721,6.89481554289025e-20
1786739816.402349,push -Z,fast,1786739746.1800432,-464.3975470652108,-184.62111994699376,706.3683182054729,13.846583996024815,-34.82981602989107,6.845838224214714e-20
1786739816.4307957,push -Z,fast,1786739746.1800432,-464.75496525215704,-186.7419413464496,707.6291966359022,14.005645600983922,-34.85662239391208,6.827434501818732e-20
1786739816.459099,push -Z,fast,1786739746.1800432,-464.3301134887938,-184.41704253140267,707.406369523248,13.831278189855407,-34.82475851165968,6.814635262512834e-20
1786739816.4878585,push -Z,fast,1786739746.1800432,-465.1153076676469,-184.67540948681733,705.9473691485691,13.850655711511482,-34.883648075073744,6.805181368097878e-20
1786739816.5159643,push -Z,fast,1786739746.1800432,-466.41801981277285,-185.04810765080094,713.4006452721997,13.878608073810238,-34.981351485958086,6.888878441277112e-20
1786739816.544213,push -Z,fast,1786739746.1800432,-466.3648774233743,-185.97813350882006,717.5913287945359,13.948360013161764,-34.977365806753255,6.878282979559054e-20
1786739816.5727453,push -Z,fast,1786739746.1800432,-466.2370070497368,-186.31015780262862,720.4866119363696,13.973261835197366,-34.967775528730385,6.858599436622376e-20
1786739816.6011581,push -Z,fast,1786739746.1800432,-464.5113444644453,-187.94806018134545,714.2654957063814,14.096104513601087,-34.83835083483358,6.749825055307904e-20
1786739816.6295373,push -Z,fast,1786739746.1800432,-466.65525438521536,-187.16449862392983,714.6313956607455,14.037337396794864,-34.999144078891156,6.731973170519704e-20
1786739816.6582015,push -Z,fast,1786739746.1800432,-466.33812821412994,-185.32176662475592,718.653800808087,13.899132496856847,-34.97535961605995,6.801071091612497e-20
1786739816.6864297,push -Z,fast,1786739746.1800432,-465.655583350871,-184.44675653376237,714.0580478943693,13.833506740032295,-34.9241687513157,6.844787269234938e-20
1786739816.7149556,push -Z,fast,1786739746.1800432,-463.861438249196,-185.43668769608644,710.2595294848006,13.907751577206763,-34.78960786868986,6.837445037514166e-20
1786739816.74326,push -Z,fast,1786739746.1800432,-462.6492059095963,-184.7884980368716,701.6793310999201,13.859137352765611,-34.69869044321998,6.739882468305836e-20
1786739816.7718446,push -Z,fast,1786739746.1800432,-464.7046869134888,-181.56782854244454,707.7855569490594,13.617587140683472,-34.852851518511955,6.689972490947949e-20
1786739816.8002872,push -Z,fast,1786739746.1800432,-462.7645924164958,-182.34573041461908,709.624214634614,13.675929781096702,-34.70734443123737,6.733241404045099e-20
1786739816.828517,push -Z,fast,1786739746.1800432,-465.6366586042973,-187.0404032446395,717.0090902078082,14.028030243348166,-34.92274939532256,6.814810897630644e-20
1786739816.8593342,push -Z,fast,1786739746.1800432,-466.2046259867575,-188.96191566770688,730.287510824588,14.17214367507815,-34.96534694900713,6.988504293045191e-20
1786739816.885307,push -Z,fast,1786739746.1800432,-467.265660462283,-186.62661338807584,726.6983445613305,13.996996004106027,-35.04492453467141,6.954616864700213e-20
1786739816.9139419,push -Z,fast,1786739746.1800432,-467.2607156650811,-184.1131452460363,728.388900481501,13.808485893452794,-35.044553674881264,7.003249021808234e-20
1786739816.9422011,push -Z,fast,1786739746.1800432,-463.6837702154089,-180.64308782347234,716.252584433526,13.548231586760561,-34.77628276615581,6.824300362161395e-20
1786739816.970422,push -Z,fast,1786739746.1800432,-465.6163972166082,-186.47685865465826,715.2968505371691,13.985764399099455,-34.9212297912459,6.830721679412044e-20
1786739816.9988704,push -Z,fast,1786739746.1800432,-461.89935782759494,-184.1130383236058,709.0943135003854,13.808477874270732,-34.6424518370697,6.704111029311694e-20
1786739817.0273159,push -Z,fast,1786739746.1800432,-463.27882949716195,-189.50582023877303,702.7011324443174,14.212936517908293,-34.74591221228743,6.72867369892553e-20
1786739817.0558465,push -Z,fast,1786739746.1800432,-461.08023427367107,-186.44645904564356,706.0594171445682,13.983484428423555,-34.58101757052548,6.757545604547622e-20
1786739817.0842605,push -Z,fast,1786739746.1800432,-463.49702722234633,-187.18166393473814,711.7183371022948,14.038624795105736,-34.76227704167617,6.836932584858704e-20
1786739817.112528,push -Z,fast,1786739746.1800432,-467.1865918899907,-182.6481533038733,722.3847400792183,13.698611497790875,-35.03899439174954,6.910820760619173e-20
1786739817.1410856,push -Z,fast,1786739746.1800432,-465.6874822283785,-182.14178573843128,711.9753715161596,13.660633930382698,-34.92656116712865,6.847766005622945e-20
1786739817.169416,push -Z,fast,1786739746.1800432,-466.30976559509054,-183.85852681700715,710.921705373923,13.789389511275584,-34.97323241963188,6.830903732760823e-20
1786739817.197869,push -Z,fast,1786739746.1800432,-464.69296009395794,-188.80336352010863,704.9008816426795,14.160252264008395,-34.85197200704703,6.831958522229601e-20
1786739817.2267115,push -Z,fast,1786739746.1800432,-466.27239175127625,-188.9195568520015,713.1963834761145,14.168966763900325,-34.970429381345944,6.889548508890962e-20
1786739817.2547407,push -Z,fast,1786739746.1800432,-467.2045027649301,-192.31989408677532,711.3676007392705,14.423992056508343,-35.040337707369865,6.891593128265228e-20
1786739817.2832308,push -Z,fast,1786739746.1800432,-465.0915471368912,-187.6110066344171,711.3901434747722,14.070825497581492,-34.88186603526706,6.872653626598677e-20
1786739817.3116267,push -Z,fast,1786739746.1800432,-464.50934750739407,-184.54805107567677,706.7173279182334,13.841103830676015,-34.8382010630546,6.776068250797752e-20
1786739817.3397083,push -Z,fast,1786739746.1800432,-464.3098340421657,-179.73714601758365,713.149465298854,13.48028595131903,-34.82323755316253,6.812664009233936e-20
1786739817.3681207,push -Z,fast,1786739746.1800432,-463.9758409661422,-180.55637290027403,711.4854733647653,13.54172796752093,-34.798188072460874,6.770584036659592e-20
1786739817.3964298,push -Z,fast,1786739746.1800432,-466.29755637394646,-184.15710106327447,718.782088019323,13.811782579745927,-34.97231672804627,6.86240822541103e-20
1786739817.4247408,push -Z,fast,1786739746.1800432,-465.8705539131106,-185.99349841678793,717.3548486492173,13.949512381259314,-34.940291543483696,6.883495822872723e-20
1786739817.4533203,push -Z,fast,1786739746.1800432,-466.50731387319183,-186.17929615764285,720.3191461630131,13.963447211823354,-34.98804854048961,6.890907312711838e-20
1786739817.481856,push -Z,fast,1786739746.1800432,-465.4346007798722,-187.3052471217751,717.373105290445,14.047893534133404,-34.907595058490635,6.872373419184311e-20
1786739817.5101533,push -Z,fast,1786739746.1800432,-467.43918560945804,-183.52891872332145,722.9270187077254,13.764668904249337,-35.05793892070957,6.862017787056842e-20
1786739817.5384872,push -Z,fast,1786739746.1800432,-467.99531371987496,-183.17887420032855,724.361000804909,13.738415565024898,-35.09964852899079,7.003408605542625e-20
1786739817.567072,push -Z,fast,1786739746.1800432,-468.62342093068855,-181.6354106369655,726.7710247084242,13.622655797772605,-35.146756569801816,6.99640602682041e-20
1786739817.5955422,push -Z,fast,1786739746.1800432,-465.8972896308919,-183.32029775261492,724.7569721522232,13.749022331446309,-34.94229672231705,6.972467603012854e-20
1786739817.623868,push -Z,fast,1786739746.1800432,-464.63191224609955,-181.58956726308315,729.4554025938396,13.61921754473138,-34.847393418457536,6.82403062057375e-20
1786739817.6522017,push -Z,fast,1786739746.1800432,-463.2437711264147,-180.44221407968314,726.5143773857353,13.533166055976604,-34.743282834481484,6.851828461613895e-20
1786739817.6807504,push -Z,fast,1786739746.1800432,-462.81888842524177,-183.52206671503166,716.6779897065917,13.764155003627575,-34.71141663189338,6.882001806397048e-20
1786739817.7090125,push -Z,fast,1786739746.1800432,-464.2405864264815,-186.34123654909922,710.0975598700115,13.975592741182762,-34.81804398198623,6.906181780874572e-20
1786739817.7373545,push -Z,fast,1786739746.1800432,-465.70184859783603,-184.1630675336927,713.0743509074009,13.812230065027112,-34.92763864483769,6.907912822200835e-20
1786739817.7656817,push -Z,fast,1786739746.1800432,-464.3425670634074,-180.1627492727156,709.8964138099882,13.51220619545401,-34.8256925297557,6.850625378889777e-20
1786739817.7947192,resting,fast,1786739817.7878432,-465.7975930466796,-180.07457468695486,713.257463626851,13.505593101521814,-34.93481947850118,6.906141575286594e-20
1786739817.823764,resting,fast,1786739817.7878432,-463.84777754443076,-180.8670806064432,712.9972475083487,13.565031045483575,-34.78858331583246,6.870626404436938e-20
1786739817.8514373,resting,fast,1786739817.7878432,-464.95898552960307,-183.05543603147657,709.8735629162493,13.729157702361011,-34.87192391472034,6.84577254106042e-20
1786739817.879553,resting,fast,1786739817.7878432,-463.20377233873114,-183.8504129921754,706.4504684184076,13.788780974413388,-34.74028292540493,6.833861169344665e-20
1786739817.9079454,resting,fast,1786739817.7878432,-463.8634530037607,-187.0713246737149,700.1479820878667,14.030349350528805,-34.78975897528222,6.78598093396056e-20
1786739817.936258,resting,fast,1786739817.7878432,-465.6833666552543,-186.47674352741512,709.9996487964336,13.985755764556355,-34.9262524991441,6.867054783445831e-20
1786739817.9647546,resting,fast,1786739817.7878432,-465.645400587106,-184.70697978960038,708.0734089672724,13.853023484220234,-34.92340504403315,6.851843738187666e-20
1786739817.9931283,resting,fast,1786739817.7878432,-464.6292556727144,-183.86994290441305,708.7315308529605,13.790245717831194,-34.84719417545385,6.878820911230422e-20
1786739818.0217364,resting,fast,1786739817.7878432,-463.96522433299924,-187.29031391401702,706.971085870603,14.046773543551542,-34.79739182497522,6.826544984567526e-20
1786739818.049932,resting,fast,1786739817.7878432,-464.43904441763107,-189.02349849267762,709.8814869421831,14.176762386951072,-34.83292833132254,6.887384948641844e-20
1786739818.0782456,resting,fast,1786739817.7878432,-466.50243558575266,-187.4823932416217,716.2104115923357,14.061179493121767,-34.987682668931654,6.901279144690932e-20
1786739818.1066885,resting,fast,1786739817.7878432,-467.9962334738493,-186.99760903854428,716.2971791236096,14.024820677891181,-35.09971751053889,6.917762040728458e-20
1786739818.1352026,resting,fast,1786739817.7878432,-467.6218450260417,-184.25283181255895,714.3387165320446,13.818962385942125,-35.071638376953324,6.821869360750151e-20
1786739818.163394,resting,fast,1786739817.7878432,-465.3838933207776,-184.99362089017848,708.0564437273888,13.874521566763587,-34.903791999058605,6.802091569633008e-20
1786739818.191873,resting,fast,1786739817.7878432,-462.7097269143396,-180.24543343103971,705.9153003836836,13.518407507328146,-34.70322951857565,6.747386784440284e-20
1786739818.2202537,resting,fast,1786739817.7878432,-461.1957636524112,-180.99063896409064,702.9195762656655,13.574297922307078,-34.58968227393098,6.746867646878124e-20
1786739818.2486498,resting,fast,1786739817.7878432,-463.55765490600197,-184.00725457981514,701.3044465210987,13.800544093486355,-34.766824117950314,6.761969553181056e-20
1786739818.2770507,resting,fast,1786739817.7878432,-464.73568277114055,-185.39241298502816,708.0284845014057,13.904430973877215,-34.8551762078358,6.861747928716752e-20
1786739818.3054135,resting,fast,1786739817.7878432,-466.25530040699095,-186.58447998457802,706.3636691408383,13.993835998843569,-34.9691475305244,6.875263632264931e-20
1786739818.3340795,resting,fast,1786739817.7878432,-466.03635541633867,-186.02343846489816,712.467133572798,13.951757884867607,-34.95272665622539,6.945817002665843e-20
1786739818.362493,resting,fast,1786739817.7878432,-465.3571916400929,-188.89965240869287,707.572494739692,14.16747393065226,-34.90178937300716,6.871501134753885e-20
1786739818.3907914,resting,fast,1786739817.7878432,-464.5564663932141,-190.79124611733096,711.2045135752969,14.309343458799997,-34.841734979491214,6.90725524392895e-20
1786739818.4204354,resting,fast,1786739817.7878432,-462.6716325116304,-192.36018756023338,707.7817507558502,14.427014067017684,-34.70037243837243,6.823989031032265e-20
1786739818.447605,resting,fast,1786739817.7878432,-462.4448402094404,-189.41173477768575,713.1970583853581,14.205880108326657,-34.68336301570818,6.815152590366833e-20
1786739818.4763937,resting,fast,1786739817.7878432,-464.0135826666369,-186.92881896016115,713.9938282253088,14.019661422012437,-34.80101869999801,6.74008187294936e-20
1786739818.504462,resting,fast,1786739817.7878432,-466.2007858898014,-181.91552729868454,717.091824384298,13.643664547401546,-34.96505894173529,6.753007687057019e-20
1786739818.533029,resting,fast,1786739817.7878432,-466.94955602570917,-182.03887060948057,710.5540567635508,13.652915295711228,-35.02121670192825,6.761495534090987e-20
1786739818.56149,resting,fast,1786739817.7878432,-466.20439168986377,-185.7181748483614,708.4701157365498,13.928863113627227,-34.96532937674001,6.773483228776276e-20
1786739818.590081,resting,fast,1786739817.7878432,-464.0207696741436,-188.0677123580091,702.2546548058917,14.105078426850955,-34.801557725560855,6.80136810545387e-20
1786739818.6180162,resting,fast,1786739817.7878432,-465.00924105921786,-189.8700631434806,706.5438594949801,14.24025473576138,-34.875693079441604,6.886218732994621e-20
1786739818.6465094,resting,fast,1786739817.7878432,-464.46214259151293,-186.66153874583233,707.8629015615834,13.99961540593765,-34.83466069436359,6.877528671526057e-20
1786739818.6747947,resting,fast,1786739817.7878432,-463.3568743744463,-186.54208351099726,704.9873014158966,13.990656263325047,-34.75176557808369,6.866854702207835e-20
1786739818.7034357,resting,fast,1786739817.7878432,-462.02296869801694,-184.58245362482,703.051765629898,13.843684021861815,-34.65172265235151,6.815022419378788e-20
1786739818.7316148,resting,fast,1786739817.7878432,-462.65866087680206,-184.93933152599448,705.9226612140119,13.870449864449771,-34.6993995657604,6.857316717143856e-20
1786739818.7600393,resting,fast,1786739817.7878432,-464.96721485705075,-184.54971351736265,713.0175284486859,13.841228513802388,-34.87254111427897,6.850897526422525e-20
1786739818.7884843,resting,fast,1786739817.7878432,-465.84047079701304,-185.96883735646077,714.2136747809482,13.947662801734669,-34.938035309775984,6.843099091210083e-20
1786739818.8169754,resting,fast,1786739817.7878432,-467.91895467177665,-185.36338169585747,720.5615435175996,13.90225362718947,-35.09392160038341,6.874151298104105e-20
1786739818.845632,resting,fast,1786739817.7878432,-470.1411323414245,-186.0115629766343,726.9726509979073,13.950867223247815,-35.26058492560706,6.885348295821403e-20
1786739818.874032,resting,fast,1786739817.7878432,-469.0489094581603,-182.57660275841522,726.5675279690158,13.693245206881418,-35.178668209362286,6.888962178495389e-20
1786739818.902331,resting,fast,1786739817.7878432,-465.4784052690675,-180.8335433286028,716.4383163919438,13.562515749645446,-34.91088039518033,6.818897521124873e-20
1786739818.9308078,resting,fast,1786739817.7878432,-462.17353469093496,-178.62860392795267,707.1362882156409,13.397145294596594,-34.663015101820264,6.808065527520231e-20
1786739818.959186,resting,fast,1786739817.7878432,-462.2690300464901,-182.94364181024127,705.7604237630958,13.720773135768365,-34.67017725348689,6.85170486688227e-20
1786739818.9883819,resting,fast,1786739817.7878432,-463.0447196838609,-183.2467168821879,706.3870312035369,13.743503766164299,-34.72835397628972,6.916284794143434e-20
1786739819.0162506,resting,fast,1786739817.7878432,-466.21676960518016,-185.9209108528005,714.6557950359138,13.944068313960255,-34.96625772038859,6.944313458828578e-20
1786739819.0443623,resting,fast,1786739817.7878432,-467.3162464692091,-187.78683469709074,710.0506410932267,14.084012602281998,-35.04871848519077,6.841925882040102e-20
1786739819.0730286,resting,fast,1786739817.7878432,-468.30335047220296,-191.9238080427143,710.7816271693519,14.39428560320378,-35.122751285415355,6.794804351554961e-20
1786739819.1010041,resting,fast,1786739817.7878432,-466.6229081968072,-190.55865348535463,706.6707652552032,14.291899011401828,-34.99671811476059,6.815780971077729e-20
1786739819.1293993,resting,fast,1786739817.7878432,-465.38199920522993,-186.3554192984783,706.6822589825842,13.976656447386215,-34.903649940392285,6.83907436195617e-20
1786739819.1581192,resting,fast,1786739817.7878432,-464.41586760240534,-183.63496891077068,711.2130836921842,13.772622668307921,-34.831190070180504,6.903112704148574e-20
1786739819.186431,resting,fast,1786739817.7878432,-462.5163573229711,-183.0911688700346,706.3776556222365,13.731837665252836,-34.688726799222955,6.845200601061781e-20
1786739819.214564,resting,fast,1786739817.7878432,-464.59430687806025,-183.094902952138,715.014810006016,13.732117721410656,-34.84457301585469,6.895285521098457e-20
1786739819.2434022,resting,fast,1786739817.7878432,-465.18000700899984,-183.640642811548,715.3389094421364,13.773048210866282,-34.88850052567515,6.896291591094332e-20
1786739819.2719426,resting,fast,1786739817.7878432,-466.2933594831193,-184.07983958049851,718.5162070184997,13.805987968537654,-34.972001961234305,6.842218981554568e-20
1786739819.3000698,resting,fast,1786739817.7878432,-462.6532482115149,-184.05187433477442,710.060615061152,13.80389057510833,-34.698993615863714,6.741129688013132e-20
1786739819.3282454,resting,fast,1786739817.7878432,-462.0163053084657,-185.29176557746064,697.2682862323063,13.896882418309776,-34.65122289813513,6.694696092568932e-20
1786739819.3565745,resting,fast,1786739817.7878432,-460.32910175004736,-184.7847375946435,701.0852905530483,13.85885531959833,-34.52468263125373,6.805760566840888e-20
1786739819.3850384,resting,fast,1786739817.7878432,-461.12254821903207,-184.9075161976191,702.5389531034216,13.868063714821677,-34.58419111642741,6.854409219706525e-20
1786739819.4136143,resting,fast,1786739817.7878432,-462.7691986955856,-183.78939889496849,718.0616804257406,13.784204917122782,-34.70768990216916,6.872320668387234e-20
1786739819.441851,resting,fast,1786739817.7878432,-464.6790922608425,-185.26690507982448,718.2923063494072,13.895017880987108,-34.850931919563415,6.823344075365709e-20
1786739819.4709008,resting,fast,1786739817.7878432,-463.15382457710484,-184.60346000423579,713.6999087055401,13.845259500317905,-34.736536843283,6.787476071909662e-20
1786739819.4986405,resting,fast,1786739817.7878432,-462.56632873188437,-184.1510597260061,707.1606953699811,13.811329479450702,-34.692474654891384,6.745843441830678e-20
1786739819.5271142,resting,fast,1786739817.7878432,-462.25642345231427,-183.04038480751217,701.3025476455869,13.728028860563509,-34.669231758923964,6.796027414090342e-20
1786739819.555524,resting,fast,1786739817.7878432,-462.4947542707937,-183.95891642825075,705.7724010621359,13.79691873211905,-34.687106570309744,6.829843164377671e-20
1786739819.5839632,resting,fast,1786739817.7878432,-462.980721485912,-183.6069527615773,709.5918632049543,13.770521457118374,-34.72355411144343,6.849262790138669e-20
1786739819.6154027,resting,fast,1786739817.7878432,-464.4416257528651,-181.96314350622276,715.6091976442976,13.647235762967032,-34.83312193146505,6.840633914645648e-20
1786739819.6408243,resting,fast,1786739817.7878432,-465.6993460885956,-182.03894351808583,715.6919004775191,13.65292076385651,-34.92745095664499,6.872610358398943e-20
1786739819.6694536,resting,fast,1786739817.7878432,-463.71806502934305,-181.2983408066134,712.4524317642099,13.59737556049637,-34.778854877201006,6.805503737229864e-20
1786739819.6976333,resting,fast,1786739817.7878432,-461.301745245647,-184.11923097794727,708.131222592051,13.808942323346333,-34.59763089342377,6.747028829124036e-20
1786739819.7259998,resting,fast,1786739817.7878432,-461.9040564753359,-184.3430150344094,704.1317232804358,13.825726127580875,-34.64280423565044,6.72932206334345e-20
1786739819.7542493,resting,fast,1786739817.7878432,-461.0684427533288,-183.66441088684564,697.4886522106735,13.774830816513646,-34.58013320649988,6.789242133408607e-20
1786739819.7826757,resting,fast,1786739817.7878432,-461.45023959110085,-182.4826907888097,698.6168697666226,13.686201809160853,-34.60876796933268,6.815247594805734e-20
1786739819.8126044,resting,fast,1786739817.7878432,-461.1131305581439,-182.62430657784944,701.8340409609136,13.696822993338909,-34.58348479186082,6.783645119989222e-20
1786739819.839487,resting,fast,1786739817.7878432,-464.1066826328233,-184.15187893461825,712.6809435131872,13.811390920096645,-34.80800119746196,6.779308113007344e-20
1786739819.8680787,resting,fast,1786739817.7878432,-464.8268763725796,-182.33106953699735,708.382065472596,13.674830215275126,-34.8620157279438,6.772377728827566e-20
1786739819.8963249,resting,fast,1786739817.7878432,-465.53945429649366,-182.80790677320726,710.4736699985588,13.710593007990855,-34.915459072237226,6.824108833320606e-20
1786739819.9250174,resting,fast,1786739817.7878432,-465.4829586907549,-186.13246661699156,705.6564674679612,13.959934996274558,-34.9112219018069,6.867128049186093e-20
1786739819.9532282,resting,fast,1786739817.7878432,-466.5222146508504,-188.95002867456242,712.3496824117037,14.171252150592355,-34.98916609881391,6.901927516906076e-20
1786739819.9816148,resting,fast,1786739817.7878432,-468.1976527448951,-189.6917140913672,721.1032184248179,14.226878556852729,-35.11482395586725,6.938786092950783e-20
1786739820.0114157,resting,fast,1786739817.7878432,-466.64752299172596,-187.6162783684572,719.6835928051714,14.071220877634463,-34.99856422437968,6.890017699244572e-20
1786739820.0385413,resting,fast,1786739817.7878432,-466.94576571375455,-188.38234436723872,719.3804569382773,14.128675827543166,-35.02093242853172,6.881910521447773e-20
1786739820.0671372,resting,fast,1786739817.7878432,-464.66173514366665,-188.1516179702502,705.7870923904311,14.111371347769005,-34.84963013577522,6.81561737718523e-20
1786739820.0958893,resting,fast,1786739817.7878432,-466.8777656889238,-185.8943657183845,712.9513589285298,13.942077428879106,-35.01583242666955,6.892310971826093e-20
1786739820.1236217,resting,fast,1786739817.7878432,-464.56805601768065,-185.34419952974383,709.7397995528709,13.900814964730852,-34.84260420132618,6.849459646722537e-20
1786739820.1523292,resting,fast,1786739817.7878432,-462.6158965378704,-184.3387432906071,713.8352764897445,13.82540574679587,-34.69619224034056,6.893213020154552e-20
1786739820.1811438,resting,fast,1786739817.7878432,-464.9878305286329,-188.57038992952005,717.5018890746915,14.142779244714173,-34.874087289647754,6.881337685383111e-20
1786739820.2090085,resting,fast,1786739817.7878432,-465.51832435023243,-186.04287535315154,716.028559566088,13.953215651486612,-34.913874326267575,6.875654424250902e-20
1786739820.2375555,resting,fast,1786739817.7878432,-466.9640798546334,-184.95435070197084,722.7742683303386,13.871576302647998,-35.022305989097646,6.766360103057269e-20
1786739820.2662082,resting,fast,1786739817.7878432,-463.24308278476065,-180.9503604954724,714.9578859696439,13.571277037160623,-34.7432312088572,6.695216209340561e-20
1786739820.294292,resting,fast,1786739817.7878432,-459.7016203966823,-183.68251392039429,708.8615572619356,13.776188544029619,-34.47762152975136,6.668789600485887e-20
1786739820.3225694,resting,fast,1786739817.7878432,-458.46954981352883,-183.55446157641916,698.8253236254805,13.766584618231636,-34.38521623601488,6.699353343179652e-20
1786739820.351295,resting,fast,1786739817.7878432,-461.40038229272204,-183.88714578630072,706.6689713710093,13.791535933972629,-34.60502867195434,6.803446966983649e-20
1786739820.3821583,resting,fast,1786739817.7878432,-466.3591720134332,-184.90568287619465,719.5419283645806,13.867926215714778,-34.97693790100775,6.910295863235577e-20
1786739820.4079094,resting,fast,1786739817.7878432,-467.9272098044089,-183.81870639481815,729.6115876665554,13.78640297961162,-35.09454073533078,6.982407355822155e-20
1786739820.4363153,resting,fast,1786739817.7878432,-466.8938735651959,-186.62092374432643,729.3143857095374,13.99656928082462,-35.017040517389844,6.92479496813218e-20
1786739820.4646242,resting,fast,1786739817.7878432,-464.5103059106377,-182.07349884054338,721.9296005402775,13.655512413040892,-34.838272943298016,6.797321683511678e-20
1786739820.4930255,resting,fast,1786739817.7878432,-462.5223267983697,-183.76372220284964,705.3505299371618,13.782279165213925,-34.689174509878015,6.722694286155637e-20
1786739820.5214567,resting,fast,1786739817.7878432,-460.17827667576285,-180.6503189733861,694.6340656955299,13.548773923004216,-34.5133707506825,6.67449508090713e-20
1786739820.550163,resting,fast,1786739817.7878432,-461.82468286156245,-181.48108943095065,694.9371350688416,13.611081707321478,-34.63685121461742,6.752093632190115e-20
1786739820.57917,resting,fast,1786739817.7878432,-461.761231352878,-185.24220315643606,708.5473144724074,13.893165236732909,-34.63209235146592,6.882103186434272e-20
1786739820.6068554,resting,fast,1786739817.7878432,-464.4978874719145,-187.21269058994176,715.090117711321,14.040951794245725,-34.8373415603938,6.934632776669492e-20
1786739820.6351068,resting,fast,1786739817.7878432,-467.6300215318993,-189.7006814177263,726.1904714433404,14.22755110632983,-35.072251614892714,7.01484347503338e-20
1786739820.6635373,resting,fast,1786739817.7878432,-468.6160153266874,-185.90256597385405,723.9707820123267,13.942692448039313,-35.14620114950192,6.88350163050954e-20
1786739820.6921067,resting,fast,1786739817.7878432,-466.1000338918834,-183.8466370081103,717.9224061223122,13.788497775608494,-34.95750254189147,6.890665815580951e-20
1786739820.7204618,resting,fast,1786739817.7878432,-461.1120568091419,-183.2603217448691,708.384222616126,13.74452413086546,-34.583404260685825,6.839409062238857e-20
1786739820.7487974,resting,fast,1786739817.7878432,-462.958701755997,-185.79376067096405,706.8156095443828,13.934532050322527,-34.72190263169984,6.896306597281155e-20
1786739820.7771115,resting,fast,1786739817.7878432,-463.42677455682315,-186.66840137544,708.4820004983576,14.000130103158309,-34.757008091761875,6.795140901616439e-20
1786739820.8057652,resting,fast,1786739817.7878432,-463.26791223154896,-184.99701863213897,709.5428843207819,13.874776397410553,-34.74509341736631,6.742954556119619e-20
1786739820.8341749,resting,fast,1786739817.7878432,-466.3354681051037,-183.38766715274016,717.8546404396002,13.754075036455863,-34.9751601078829,6.755016257793562e-20
1786739820.8625953,resting,fast,1786739817.7878432,-465.98446790380694,-186.30855091844808,713.0783869109273,13.973141318883915,-34.948835092785764,6.865397705026036e-20
1786739820.8909335,resting,fast,1786739817.7878432,-467.92867598597877,-188.49341021718612,711.9371885660103,14.137005766289132,-35.09465069894876,6.870252531272625e-20
1786739820.9194634,resting,fast,1786739817.7878432,-463.04696912466534,-190.07427364566615,694.2403703802538,14.255570523425224,-34.72852268435008,6.774567928400007e-20
1786739820.947978,resting,fast,1786739817.7878432,-465.96939296693745,-187.205157607636,703.7956595060541,14.040386820572952,-34.947704472520385,6.752915946933548e-20
1786739820.9763193,resting,fast,1786739817.7878432,-465.1968299686864,-184.99842404777962,705.135768675912,13.874881803583666,-34.889762247651745,6.768340373332012e-20
1786739821.0043333,resting,fast,1786739817.7878432,-468.2164430221592,-186.3420293839696,721.2244742306893,13.975652203797981,-35.11623322666213,6.909912499589568e-20
1786739821.0329196,resting,fast,1786739817.7878432,-468.68185390733925,-182.95233735660963,719.6594466654333,13.721425301745771,-35.151139043050485,6.849084017638128e-20
1786739821.0613568,resting,fast,1786739817.7878432,-468.4656645659952,-184.31609191551343,720.2666889765205,13.823706893663815,-35.13492484244992,6.862487272653114e-20
1786739821.0896084,resting,fast,1786739817.7878432,-467.54768426183,-181.34796287924223,713.9411362855208,13.601097215943401,-35.06607631963749,6.754872514718419e-20
1786739821.1179266,resting,fast,1786739817.7878432,-466.47414812013085,-186.2176488454079,713.1955575173897,13.966323663405849,-34.98556110901007,6.880502969728742e-20
1786739821.1462712,resting,fast,1786739817.7878432,-467.6585455467407,-185.62323320757582,714.7064839116301,13.921742490568352,-35.07439091600572,6.915154905191186e-20
1786739821.1770375,resting,fast,1786739817.7878432,-467.351791105948,-185.73492626628615,716.4677962476471,13.93011946997176,-35.05138433294639,6.968889026137755e-20
1786739821.2032466,resting,fast,1786739817.7878432,-464.7801227971522,-183.92442890944517,719.6538979941533,13.79433216820868,-34.8585092097865,6.8525341126584e-20
1786739821.2315662,resting,fast,1786739817.7878432,-465.4374827619099,-185.9280645632599,720.2504854298904,13.944604842244676,-34.90781120714345,6.819783425866401e-20
1786739821.2601056,resting,fast,1786739817.7878432,-465.41949750895265,-185.56030567876655,718.7504048827104,13.917022925907805,-34.90646231317161,6.80689586517495e-20
1786739821.2883716,resting,fast,1786739817.7878432,-464.8776635423051,-186.88106195664432,711.8059277628599,14.01607964674854,-34.865824765672976,6.81243704128188e-20
1786739821.3169296,resting,fast,1786739817.7878432,-462.13308101859093,-183.47573123572943,701.253615383458,13.76067984267993,-34.65998107639445,6.731250139429603e-20
1786739821.3454354,resting,fast,1786739817.7878432,-460.89577408496643,-183.5644638731394,695.519845358398,13.767334790485702,-34.5671830563726,6.727143339127103e-20
1786739821.3768911,resting,fast,1786739817.7878432,-462.62368240495334,-183.49060507247475,699.4486077870233,13.76179538043569,-34.69677618037167,6.747365724448391e-20
1786739821.4020777,resting,fast,1786739817.7878432,-464.0115111674145,-185.821247327396,712.4314829400573,13.936593549555088,-34.80086333755625,6.879455408785668e-20
1786739821.4305139,resting,fast,1786739817.7878432,-466.8569754241162,-189.01635492469404,723.4377207513908,14.176226619352224,-35.014273156808976,6.945830384532798e-20
1786739821.4588792,resting,fast,1786739817.7878432,-464.4076393742853,-186.50570256921196,720.9785089710676,13.98792769269117,-34.83057295307154,6.919951417143948e-20
1786739821.4872944,resting,fast,1786739817.7878432,-463.24468607995095,-184.10421705989677,716.8057362560867,13.807816279492332,-34.74335145599645,6.817992160536577e-20
1786739821.515993,resting,fast,1786739817.7878432,-461.69638174389684,-180.5011590128288,716.1717780581084,13.53758692596254,-34.62722863079236,6.788703104114153e-20
1786739821.5441422,resting,fast,1786739817.7878432,-462.2808168281981,-181.03943619350719,713.6653886249806,13.577957714513214,-34.67106126211502,6.789617091995855e-20
1786739821.5749102,resting,fast,1786739817.7878432,-465.27240356600896,-185.1823128113963,714.4705017311153,13.888673460854957,-34.895430267450976,6.845723345645585e-20
1786739821.601002,resting,fast,1786739817.7878432,-463.9264326352559,-185.1048001428711,709.7068749875234,13.882860010715614,-34.79448244764434,6.835592873876778e-20
1786739821.6294367,resting,fast,1786739817.7878432,-465.5066344212114,-184.1009666545633,710.1712585977348,13.807572499092576,-34.91299758159111,6.830987675505349e-20
1786739821.6578417,resting,fast,1786739817.7878432,-467.0267283149333,-182.63303483487584,711.0114583026025,13.697477612615895,-35.02700462362006,6.854172417180707e-20
1786739821.6864543,resting,fast,1786739817.7878432,-467.77939953589384,-182.40956935876795,716.3885651654373,13.680717701907685,-35.08345496519217,6.849504363598455e-20
1786739821.7150943,resting,fast,1786739817.7878432,-467.3280035359039,-183.84281846612691,718.0248367223958,13.788211384959762,-35.04960026519296,6.861438666718661e-20
1786739821.7435563,resting,fast,1786739817.7878432,-464.3204138670658,-183.58902740785936,714.5467471925313,13.76917705558974,-34.82403104003015,6.827827163152069e-20
1786739821.7715447,resting,fast,1786739817.7878432,-464.2672243356915,-182.99258105048114,711.3013618027971,13.724443578786211,-34.82004182517699,6.80851843629688e-20
1786739821.7998466,resting,fast,1786739817.7878432,-464.95166096807543,-183.1930403360317,720.6289488614839,13.739478025202555,-34.87137457260591,6.892335604955272e-20
1786739821.828171,resting,fast,1786739817.7878432,-465.91016536871984,-182.21358354766198,718.350902095046,13.666018766074917,-34.94326240265425,6.832953338171896e-20
1786739821.8567963,resting,fast,1786739817.7878432,-468.03436139495534,-183.98507534983105,716.9740680790292,13.798880651237706,-35.10257710462175,6.866811629695959e-20
1786739821.8852806,resting,fast,1786739817.7878432,-465.43278300057045,-186.96955339413557,701.0240637316492,14.02271650456046,-34.90745872504289,6.748839733744695e-20
1786739821.9137073,resting,fast,1786739817.7878432,-465.6426560183636,-188.2033491988949,707.0947257625567,14.115251189917306,-34.923199201377535,6.772085488379573e-20
1786739821.943337,resting,fast,1786739817.7878432,-464.88733075596883,-186.79840590019535,715.9897763394711,14.00988044251481,-34.86654980669777,6.777886675376834e-20
1786739821.970212,resting,fast,1786739817.7878432,-466.49273047460974,-183.92948484970748,730.0593671768529,13.794711363728343,-34.98695478559608,6.819778754394419e-20
1786739821.998739,resting,fast,1786739817.7878432,-466.10785350030665,-182.4674298408213,731.1725506852863,13.685057238061777,-34.958089012523175,6.863440912749695e-20
1786739822.0272112,resting,fast,1786739817.7878432,-465.0582612673652,-184.1136669178752,725.2367989057857,13.808525018840928,-34.879369595052395,6.819208799439169e-20
1786739822.0554702,resting,fast,1786739817.7878432,-463.4562211040702,-182.67333797976255,713.8833073888136,13.700500348482361,-34.75921658280539,6.807505970533014e-20
1786739822.0839639,resting,fast,1786739817.7878432,-461.5737048390797,-181.983889944579,706.1430920374187,13.648791745843827,-34.618027862931136,6.773897524790624e-20
1786739822.1124663,resting,fast,1786739817.7878432,-463.16997954356884,-179.39894698645094,705.6511815897102,13.454921023984031,-34.73774846576789,6.778417068696627e-20
1786739822.1441545,resting,fast,1786739817.7878432,-464.1111218747933,-182.1455497670895,708.0354127222172,13.660916232531822,-34.808334140609844,6.819311773088532e-20
1786739822.1691034,resting,fast,1786739817.7878432,-466.96725341478714,-185.6670347244377,714.2506629649079,13.925027604333,-35.02254400610914,6.86937825851719e-20
1786739822.1975296,resting,fast,1786739817.7878432,-466.4717724301531,-189.83618128532464,714.898715564038,14.23771359639952,-34.985382932261814,6.8831618299876e-20
1786739822.225902,resting,fast,1786739817.7878432,-465.836329070356,-188.42220107767116,715.1261079042142,14.13166508082546,-34.9377246802769,6.866968386730414e-20
1786739822.2543724,resting,fast,1786739817.7878432,-464.46386337724334,-183.09431352213414,706.9051388039206,13.73207351416021,-34.83478975329341,6.791376512289435e-20
1786739822.282751,resting,fast,1786739817.7878432,-463.1226373254817,-179.77739484284064,702.8813828440007,13.483304613213381,-34.734197799411305,6.746221618404668e-20
1786739822.3112128,resting,fast,1786739817.7878432,-464.4265415834716,-180.7129257098029,701.1895616631728,13.553469428235427,-34.83199061876057,6.73851306939688e-20
1786739822.342031,resting,fast,1786739817.7878432,-462.73295422589626,-185.51771596210153,700.6150203218103,13.913828697157907,-34.7049715669424,6.778339139233188e-20
1786739822.3679342,resting,fast,1786739817.7878432,-464.0540960635544,-185.44649254023204,706.8814222677684,13.908486940517559,-34.804057204766686,6.804485512668818e-20
1786739822.3964658,resting,fast,1786739817.7878432,-463.11863774662606,-184.36215464228223,705.6284587924883,13.827161598171426,-34.733897830997236,6.795904545678937e-20
1786739822.424843,resting,fast,1786739817.7878432,-466.0351488268989,-182.57456665157622,710.2501520999758,13.69309249886847,-34.952636162017654,6.785300580269516e-20
1786739822.453409,resting,fast,1786739817.7878432,-464.74393938675485,-183.04055092851866,702.6848712303154,13.728041319638944,-34.855795454006675,6.786646483207502e-20
1786739822.4816332,resting,fast,1786739817.7878432,-465.8706913812589,-183.80904905017655,704.4980753576829,13.785678678763386,-34.9403018535945,6.877911215196732e-20
1786739822.5102663,resting,fast,1786739817.7878432,-464.5691642846441,-184.37375435124784,704.8076856589041,13.828031576343822,-34.84268732134848,6.951113497000397e-20
1786739822.5394201,resting,fast,1786739817.7878432,-466.03505412829554,-186.55494791092633,715.735512817072,13.991621093319711,-34.95262905962224,7.027955686908879e-20
1786739822.5670786,resting,fast,1786739817.7878432,-464.74234887534067,-188.3907930122449,715.098137355576,14.12930947591855,-34.855676165650756,6.898534912155965e-20
1786739822.5953243,resting,fast,1786739817.7878432,-463.89961609505053,-187.32289605037636,719.7029748766872,14.049217203778436,-34.79247120712902,6.834861430243455e-20
1786739822.6237814,resting,fast,1786739817.7878432,-460.1012258902797,-186.29496752235684,709.4130839420632,13.972122564176967,-34.50759194177109,6.709062672435188e-20
1786739822.6524634,resting,fast,1786739817.7878432,-461.1268447478833,-183.77126580026334,711.2849497288971,13.782844935020076,-34.58451335609144,6.775803339938468e-20
1786739822.680978,resting,fast,1786739817.7878432,-462.1443936087235,-182.31606281613074,710.9863309444236,13.673704711209997,-34.66082952065447,6.754082229589747e-20
1786739822.7089083,resting,fast,1786739817.7878432,-465.32830479416634,-181.31065906422134,713.3082803205298,13.598299429816759,-34.89962285956279,6.824203240000974e-20
1786739822.7388067,resting,fast,1786739817.7878432,-464.35347750374785,-181.16401546955103,718.5809011094198,13.587301160216558,-34.82651081278122,6.839957260006955e-20
1786739822.765687,resting,fast,1786739817.7878432,-463.0004038675138,-184.24347179137726,716.194956098022,13.818260384353504,-34.72503029006354,6.879293181407284e-20
1786739822.7943032,resting,fast,1786739817.7878432,-462.5761132527673,-185.00883909029062,713.483133701322,13.875662931771867,-34.693208493957805,6.871422997856236e-20
1786739822.8225904,resting,fast,1786739817.7878432,-465.024540720749,-186.70118457192348,708.13978545991,14.002588842894557,-34.87684055405624,6.870429649852794e-20
1786739822.8512652,resting,fast,1786739817.7878432,-462.7025304826607,-184.41298132409565,701.1725768306178,13.830973599307395,-34.70268978619968,6.831722101569747e-20
1786739822.8796852,resting,fast,1786739817.7878432,-463.67181996807403,-183.17097150750055,701.3096200542568,13.737822863062785,-34.7753864976059,6.774343107859607e-20
1786739822.908094,resting,fast,1786739817.7878432,-463.1636205910345,-182.67468830153064,704.5338599358729,13.700601622615164,-34.73727154432779,6.785658733968672e-20
1786739822.9369903,resting,fast,1786739817.7878432,-465.0706411502806,-181.61147190773522,710.8334471917397,13.620860393080381,-34.880298086271274,6.838333294386559e-20
1786739822.965018,resting,fast,1786739817.7878432,-464.82456621600477,-184.6084228302924,713.8636589711632,13.845631712272255,-34.86184246620071,6.908974023154646e-20
1786739822.9932315,resting,fast,1786739817.7878432,-464.30942991487245,-183.93066424644792,716.3035538652421,13.794799818483764,-34.82320724361572,6.88229526384751e-20
1786739823.021712,resting,fast,1786739817.7878432,-463.99915980790365,-185.5349468216657,714.5247006110103,13.9151210116251,-34.79993698559309,6.78877910020181e-20
1786739823.049823,resting,fast,1786739817.7878432,-462.73078264335254,-181.91001293387842,712.1040663052254,13.643250970041155,-34.704808698251476,6.767852733906093e-20
1786739823.0782921,resting,fast,1786739817.7878432,-463.7339936417452,-183.70326206803884,712.9971579193252,13.777744655103131,-34.78004952313103,6.819391012771318e-20
1786739823.1066535,resting,fast,1786739817.7878432,-464.9980841592137,-183.95366991788194,712.5803490245917,13.796525243841455,-34.87485631194111,6.89592475817087e-20
1786739823.136133,resting,fast,1786739817.7878432,-465.7773933636995,-182.3764836199249,718.688598390946,13.678236271494779,-34.9333045022777,6.938260343978599e-20
1786739823.1636233,resting,fast,1786739817.7878432,-465.0632438778857,-181.56438831219236,717.7739888490796,13.617329123414503,-34.87974329084168,6.886707977609463e-20
1786739823.1924891,resting,fast,1786739817.7878432,-464.2476662787826,-181.72142686535847,717.2395081968034,13.629107014902043,-34.81857497090889,6.852747578347554e-20
1786739823.2204258,resting,fast,1786739817.7878432,-462.98851196267515,-182.06074139075486,710.8973258140222,13.65455560430679,-34.72413839720083,6.76817278759824e-20
1786739823.2488341,resting,fast,1786739817.7878432,-461.1886784668677,-183.36694199331225,695.2627458769939,13.752520649498639,-34.589150885015165,6.723307843910258e-20
1786739823.2773566,resting,fast,1786739817.7878432,-462.1416278376205,-183.46269158882887,703.8423504376251,13.759701869162345,-34.660622087821864,6.737208616172617e-20
1786739823.3057573,resting,fast,1786739817.7878432,-463.0924080369864,-186.56338549849863,706.5840511131364,13.992253912387756,-34.73193060277402,6.793712151629685e-20
1786739823.335326,resting,fast,1786739817.7878432,-465.15606370864,-181.78734760553755,720.8568601881643,13.634051070415605,-34.88670477814821,6.843876434663235e-20
1786739823.3624473,resting,fast,1786739817.7878432,-465.37908699351556,-182.9833748731578,710.5929223859721,13.723753115487174,-34.90343152451382,6.821496693046662e-20
1786739823.3908217,resting,fast,1786739817.7878432,-465.88979630225776,-183.0977728080187,717.6044438747667,13.73233296060167,-34.94173472266968,6.862215474255227e-20
1786739823.4190814,resting,fast,1786739817.7878432,-466.1004085219165,-187.90461400780578,712.4374049994894,14.092846050585624,-34.95753063914395,6.855268274631297e-20
1786739823.447614,resting,fast,1786739817.7878432,-465.07676398015565,-185.18664215987678,715.57817338323,13.888998161990958,-34.88075729851185,6.895093506443206e-20
1786739823.4761221,resting,fast,1786739817.7878432,-461.4545157807247,-183.0935113399347,710.6771820032718,13.732013350495162,-34.60908868355461,6.819452294093451e-20
1786739823.5045803,resting,fast,1786739817.7878432,-460.4639289427696,-180.6030734720283,712.4307983959206,13.545230510402387,-34.53479467070777,6.83742640076812e-20
1786739823.533473,resting,fast,1786739817.7878432,-465.331657933456,-183.31552768204506,723.004986748987,13.748664576153605,-34.89987434500939,6.872304109453154e-20
1786739823.5614476,resting,fast,1786739817.7878432,-468.79311430147754,-189.81919828790797,717.9408032201873,14.236439871593273,-35.159483572610995,6.912524177640517e-20
1786739823.589882,resting,fast,1786739817.7878432,-467.67310881162757,-189.53885678548465,721.6809720208339,14.215414258911661,-35.075483160872274,6.848067550958142e-20
1786739823.6182902,resting,fast,1786739817.7878432,-461.7002366140173,-188.27175985754718,706.4415086752615,14.120381989316218,-34.62751774605165,6.746588323864916e-20
1786739823.6468313,resting,fast,1786739817.7878432,-459.369302148978,-185.37347460244905,703.1294784915181,13.903010595183783,-34.452697661173566,6.699975617834478e-20
1786739823.675447,resting,fast,1786739817.7878432,-458.63744084747304,-185.97643782954276,696.689619035531,13.948232837215887,-34.397808063560774,6.739898181186998e-20
1786739823.703286,resting,fast,1786739817.7878432,-461.6403859275697,-186.9982698148109,706.7515152209653,14.024870236110996,-34.62302894456795,6.872181720604305e-20
1786739823.7334912,resting,fast,1786739817.7878432,-465.56092403068624,-186.36039761484506,715.3968112128186,13.977029821113685,-34.917069302301556,6.889829077139377e-20
1786739823.7600548,resting,fast,1786739817.7878432,-465.93738958582526,-185.36574871272808,721.2761099744466,13.902431153454796,-34.94530421893715,6.841054001066702e-20
1786739823.7887537,resting,fast,1786739817.7878432,-464.7836019857509,-185.32621858153595,715.3271698593353,13.89946639361558,-34.85877014893162,6.760575681326464e-20
1786739823.8168702,resting,fast,1786739817.7878432,-462.79853531677827,-187.00714033164877,710.8002983712158,14.025535524873927,-34.709890148758525,6.80404771203443e-20
1786739823.8453078,resting,fast,1786739817.7878432,-463.20870517712456,-189.25497715575068,701.099961788359,14.194123286681528,-34.74065288828452,6.815987846839259e-20
1786739823.8737452,resting,fast,1786739817.7878432,-464.37579788131234,-186.97051580115465,710.9530970024452,14.02278868508677,-34.8281848410985,6.835585729988291e-20
1786739823.9022741,resting,fast,1786739817.7878432,-462.80630503767634,-186.54352221673946,708.1733869087011,13.990764166255598,-34.710472877825985,6.822797361480623e-20
1786739823.930649,resting,fast,1786739817.7878432,-460.7828139596227,-182.34527326503064,705.969724847495,13.675895494877555,-34.55871104697189,6.817486545020038e-20
1786739823.9590938,resting,fast,1786739817.7878432,-461.1044358565491,-187.24000030911486,702.7006998357328,14.043000023183776,-34.58283268924139,6.836714159443248e-20
1786739823.9875567,resting,fast,1786739817.7878432,-462.19439973299177,-183.04077649038618,701.3721658296045,13.728058236779209,-34.66457997997469,6.785948506459978e-20
1786739824.0159829,resting,fast,1786739817.7878432,-465.12336817802725,-184.74029329439202,710.5099018567971,13.85552199707956,-34.884252613352196,6.805003464456172e-20
1786739824.0442595,resting,fast,1786739817.7878432,-462.18476969875155,-179.93618414380876,707.9033789503201,13.495213810785803,-34.66385772740668,6.704744076163349e-20
1786739824.0726736,resting,fast,1786739817.7878432,-461.7965171908804,-181.98258197828557,710.0824890221711,13.648693648371815,-34.63473878931621,6.796391149862709e-20
1786739824.101097,resting,fast,1786739817.7878432,-461.2117369968073,-183.8887976667221,713.8949683802621,13.79165982500437,-34.59088027476082,6.849543036518719e-20
1786739824.1296628,resting,fast,1786739817.7878432,-462.8629362062661,-184.84114794877735,707.1348381839971,13.86308609615848,-34.71472021547015,6.968355694002229e-20
1786739824.1580493,resting,fast,1786739817.7878432,-462.89600222732906,-183.54621143023644,714.2960307207868,13.765965857267876,-34.7172001670499,6.93577280015313e-20
1786739824.1862714,resting,fast,1786739817.7878432,-461.9172614457261,-181.0331229642154,705.9159699532283,13.577484222316446,-34.643794608429765,6.912699807679746e-20
1786739824.2148056,resting,fast,1786739817.7878432,-461.8995573605707,-181.3288063079591,712.9056978021345,13.599660473097149,-34.642466802043074,6.926593337080491e-20
1786739824.2431886,resting,fast,1786739817.7878432,-462.392977064163,-183.07308255310352,704.2000424447797,13.730481191482884,-34.679473279812456,6.91899030770531e-20
1786739824.2717984,resting,fast,1786739817.7878432,-465.21599874034155,-187.45898246139143,713.1301328356694,14.059423684604543,-34.89119990552577,6.939578353292069e-20
1786739824.300237,resting,fast,1786739817.7878432,-465.98700231867997,-188.2762526909761,715.3937766789841,14.120718951823537,-34.94902517390127,6.973708413918332e-20
1786739824.328528,resting,fast,1786739817.7878432,-464.9618353976739,-186.82357893712617,715.0980340125425,14.011768420284678,-34.872137654825636,6.948893554619463e-20
1786739824.356891,resting,fast,1786739817.7878432,-463.40446571820576,-185.57936064915384,709.2370955923434,13.918452048686834,-34.755334928865715,6.95278570641524e-20
1786739824.3854928,resting,fast,1786739817.7878432,-462.1788027702987,-182.99859429702803,702.4507396593553,13.724894572277346,-34.66341020777275,6.826940049823306e-20
1786739824.4136891,resting,fast,1786739817.7878432,-462.4982188584154,-182.98437375663127,706.7781155897837,13.723828031747484,-34.68736641438149,6.818037142295028e-20
1786739824.4419909,resting,fast,1786739817.7878432,-461.81373876470207,-182.48502160765497,705.6098335339993,13.68637662057439,-34.636030407352884,6.766290427902591e-20
1786739824.470346,resting,fast,1786739817.7878432,-463.50282751689247,-184.7331579989003,709.852013394081,13.85498684991784,-34.76271206376719,6.80726939092491e-20
1786739824.4986317,resting,fast,1786739817.7878432,-465.5999728916818,-185.91910322666,717.6622192237483,13.943932741999614,-34.919997966876295,6.904376598097331e-20
1786739824.5271642,resting,fast,1786739817.7878432,-465.8821412065927,-184.87765567417682,720.5759579380292,13.865824175563507,-34.9411605904947,6.90868794413838e-20
1786739824.5556717,resting,fast,1786739817.7878432,-463.71646121303047,-184.6568069884197,718.9719680108356,13.849260524131598,-34.7787345909775,6.917171005168577e-20
1786739824.5838423,resting,fast,1786739817.7878432,-463.52735690925556,-183.46413517211454,715.6679598162264,13.759810137909025,-34.76455176819446,6.826576659666828e-20
1786739824.612365,resting,fast,1786739817.7878432,-464.30982253712773,-183.8975286745831,717.4088682716983,13.792314650593962,-34.8232366902848,6.889260007436584e-20
1786739824.6407564,resting,fast,1786739817.7878432,-465.5326672074757,-183.96875539150415,717.2055351348026,13.797656654363063,-34.914950040560996,6.876369898020934e-20
1786739824.6691017,resting,fast,1786739817.7878432,-462.40004708711194,-183.5450575056667,709.3396617932722,13.765879312925346,-34.680003531533465,6.852080513262676e-20
1786739824.6976674,resting,fast,1786739817.7878432,-463.9504761310327,-184.01144390310685,712.8452556124212,13.800858292733164,-34.79628570982776,6.841682970003538e-20
1786739824.7285812,resting,fast,1786739817.7878432,-462.5117717517214,-185.2422332621503,707.6915656167939,13.893167494661423,-34.688382881379425,6.760428648863558e-20
1786739824.7547307,resting,fast,1786739817.7878432,-463.35878599007674,-187.7483379450723,706.6020409823795,14.081125345880576,-34.75190894925592,6.773508317327913e-20
1786739824.7831066,resting,fast,1786739817.7878432,-462.17601517368485,-186.2136584087442,701.7308374965633,13.966024380656041,-34.663201138026594,6.745640680359901e-20
1786739824.8112516,resting,fast,1786739817.7878432,-463.09033044343505,-182.8192043341918,710.1738123472915,13.711440325064661,-34.731774783257784,6.776002490487459e-20
1786739824.8395674,resting,fast,1786739817.7878432,-464.21674140311734,-181.10726750316007,713.3083499512286,13.58304506273728,-34.81625560523397,6.786343105515911e-20
1786739824.8680499,resting,fast,1786739817.7878432,-464.285997001381,-184.79272830042362,713.3598753846272,13.859454622531874,-34.82144977510373,6.780825778705925e-20
1786739824.8966393,resting,fast,1786739817.7878432,-465.99721172488535,-188.64520267636942,717.5423302410409,14.148390200727814,-34.94979087936664,6.89131038653314e-20
1786739824.9249642,resting,fast,1786739817.7878432,-466.2677488311256,-189.02054202274553,719.6043499485504,14.176540651706201,-34.97008116233475,6.894856342943237e-20
1786739824.9532733,resting,fast,1786739817.7878432,-471.0630667681953,-188.77345098432147,729.9155145678806,14.158008823824357,-35.32973000761491,6.962908736937503e-20
1786739824.9816756,resting,fast,1786739817.7878432,-468.7691492411559,-185.50977545204773,721.0785843807753,13.913233158903946,-35.15768619308682,6.844362088822165e-20
1786739825.0102139,resting,fast,1786739817.7878432,-468.33607343489393,-186.87239246057038,722.039223097986,14.015429434542998,-35.125205507617295,6.891177633175121e-20
1786739825.0386755,resting,fast,1786739817.7878432,-461.8861504991264,-181.61126846259333,709.1239971824689,13.620845134694715,-34.64146128743474,6.832841595253712e-20
1786739825.0670433,resting,fast,1786739817.7878432,-461.88179607738994,-180.74578599463632,709.8616575856013,13.555933949598046,-34.64113470580458,6.937367234553821e-20
1786739825.0952184,resting,fast,1786739817.7878432,-463.6198178409909,-180.66656616920613,715.5285793854491,13.549992462690707,-34.77148633807446,6.962509496661546e-20
1786739825.123922,resting,fast,1786739817.7878432,-464.3302621162802,-182.5856764205888,718.5469381215244,13.693925731544415,-34.82476965872109,6.939415564289835e-20
1786739825.1522288,resting,fast,1786739817.7878432,-467.95778153370384,-186.43958457096608,723.2837857226805,13.98296884282286,-35.096833615027975,6.930556280088329e-20
1786739825.1804178,resting,fast,1786739817.7878432,-464.615026971871,-183.88824070458531,712.062457989181,13.791618052844033,-34.846127022890485,6.805596699885765e-20
1786739825.2088196,resting,fast,1786739817.7878432,-463.99729099949263,-184.8228956777349,703.3709495546127,13.861717175830268,-34.79979682496205,6.808116251296438e-20
1786739825.2373402,resting,fast,1786739817.7878432,-461.3825219670821,-186.55104622939746,700.9871334289073,13.991328467205118,-34.60368914753139,6.869433116946563e-20
1786739825.265937,resting,fast,1786739817.7878432,-464.41428366419814,-187.1283097332945,709.4482151195516,14.034623229997496,-34.83107127481508,6.971203762650556e-20
1786739825.294283,resting,fast,1786739817.7878432,-465.8701925564628,-187.67462706280253,713.8785084779583,14.07559702971044,-34.940264441734875,7.01348580621814e-20
1786739825.3224273,resting,fast,1786739817.7878432,-465.13583934536064,-184.33672444713488,713.206000074204,13.825254333535351,-34.88518795090214,6.923927331926067e-20
1786739825.3509285,resting,fast,1786739817.7878432,-463.9947508882324,-187.02516826936198,706.9110933202019,14.02688762020215,-34.79960631661755,6.852050496471832e-20
1786739825.379557,resting,fast,1786739817.7878432,-462.4307508719585,-187.08802440807904,703.9468833885467,14.03160183060626,-34.68230631539704,6.810441888416848e-20
1786739825.4077408,resting,fast,1786739817.7878432,-465.7799635212582,-187.55432106727312,708.3825982026519,14.066574080045509,-34.93349726409453,6.844752252500176e-20
1786739825.4361172,resting,fast,1786739817.7878432,-465.12438015156704,-185.77843002728162,710.9466680835849,13.933382252046382,-34.88432851136772,6.85223427990818e-20
1786739825.4648032,resting,fast,1786739817.7878432,-466.18755297113194,-185.26682175468375,714.7309945283705,13.895011631601488,-34.964066472835235,6.861010990076483e-20
1786739825.4929273,resting,fast,1786739817.7878432,-462.6653407760905,-184.75932585090345,710.5931195977819,13.856949438817725,-34.69990055820692,6.808017796168962e-20
1786739825.5212488,resting,fast,1786739817.7878432,-465.0035598772356,-188.1131269023375,710.2424094847365,14.108484517675475,-34.87526699079286,6.880878318550583e-20
1786739825.5498903,resting,fast,1786739817.7878432,-467.47732826410993,-187.21098342631797,719.0818803326702,14.040823756974145,-35.06079961980834,6.933905281742687e-20
1786739825.5781405,resting,fast,1786739817.7878432,-468.41609072304664,-188.31409432232476,719.4727428987553,14.12355707417468,-35.13120680422874,6.961728016096817e-20
1786739825.6064541,resting,fast,1786739817.7878432,-465.8393639890023,-184.2803459149677,719.0931136958379,13.821025943622882,-34.937952299175365,6.910196598695636e-20
1786739825.6351032,resting,fast,1786739817.7878432,-463.9178590756792,-189.01648287081377,709.9070754366603,14.176236215311167,-34.793839430676044,6.900010346239093e-20
1786739825.6633162,resting,fast,1786739817.7878432,-463.0005118481645,-187.4573086335903,706.8809868637918,14.059298147519566,-34.725038388612646,6.85405646795676e-20
1786739825.6916401,resting,fast,1786739817.7878432,-463.6174618916839,-188.8627280868393,704.5889334226149,14.164704606513144,-34.7713096418765,6.825659998328845e-20
1786739825.7200263,resting,fast,1786739817.7878432,-462.7369950491743,-183.17300755841188,711.1459425603161,13.737975566881172,-34.70527462868823,6.803959386994848e-20
1786739825.7486422,resting,fast,1786739817.7878432,-460.75995109460473,-182.77825616296593,704.8304144273643,13.708369212222824,-34.556996332095515,6.733155084184686e-20
1786739825.7769837,resting,fast,1786739817.7878432,-462.8709632843038,-182.4327960545553,708.9154192959395,13.68245970409188,-34.7153222463231,6.815945672313088e-20
1786739825.8053157,resting,fast,1786739817.7878432,-462.6448925233726,-183.83959161454334,702.9339107403694,13.787969371090913,-34.6983669392532,6.762735292445783e-20
1786739825.8338337,resting,fast,1786739817.7878432,-462.7430432868073,-183.55300705813534,700.059756000127,13.766475529360147,-34.70572824651066,6.782333196940109e-20
1786739825.8621047,resting,fast,1786739817.7878432,-463.39658937968125,-186.63487379188928,702.9776756701976,13.997615534392029,-34.754744203476506,6.783145194430221e-20
1786739825.8932874,resting,fast,1786739817.7878432,-464.5197234357629,-186.6206595384606,703.4999549329132,13.996549465384707,-34.83897925768234,6.793366681010733e-20
1786739825.9189878,resting,fast,1786739817.7878432,-467.7667648212223,-189.49162267235533,718.3794889901601,14.211871700426872,-35.08250736159168,6.944146981578538e-20
1786739825.947347,resting,fast,1786739817.7878432,-464.67513254613004,-186.44977100198878,710.614220815929,13.983732825149449,-34.85063494095994,6.895450003370353e-20
1786739825.9760573,resting,fast,1786739817.7878432,-463.9220089013479,-188.21816823914412,709.2024041662244,14.116362617935952,-34.79415066760135,6.911052422333838e-20
1786739826.0045917,resting,fast,1786739817.7878432,-462.44654509488555,-187.09939067397534,700.5376781818322,14.032454300548391,-34.68349088211661,6.834791292533695e-20
1786739826.0325925,resting,fast,1786739817.7878432,-463.9748937963154,-185.81772110572444,704.605937755663,13.936329082929642,-34.79811703472376,6.869075333012456e-20
1786739826.0611107,resting,fast,1786739817.7878432,-463.6717389864921,-183.7518578206401,704.4115717962541,13.78138933654824,-34.77538042398701,6.895065026352694e-20
1786739826.0912895,resting,fast,1786739817.7878432,-466.47749921085915,-183.59447899744055,716.3492644446424,13.769585924808137,-34.98581244081457,6.96239722222954e-20
1786739826.118193,resting,fast,1786739817.7878432,-465.8344696856075,-183.98388685516227,719.262542074086,13.79879151413731,-34.93758522642088,6.980597134231656e-20
1786739826.1468287,resting,fast,1786739817.7878432,-465.40441512256893,-183.4920535732074,719.7153980678258,13.761904017990876,-34.90533113419286,6.93249997579033e-20
1786739826.1747575,resting,fast,1786739817.7878432,-463.62927753631084,-183.10805258893583,713.8902955089088,13.733103944170434,-34.77219581522342,6.917774592193922e-20
1786739826.2030554,resting,fast,1786739817.7878432,-465.86217305783657,-185.38135774663374,711.9747671731793,13.903601830997761,-34.93966297933805,6.886251558904549e-20
1786739826.231432,resting,fast,1786739817.7878432,-463.9917996383274,-186.23411977521585,710.1286221949213,13.967558983141249,-34.79938497287483,6.852804002074795e-20
1786739826.2600968,resting,fast,1786739817.7878432,-463.67581157213044,-188.0639718707929,711.1235023190893,14.104797890309694,-34.775685867909985,6.836569748865005e-20
1786739826.290453,resting,fast,1786739817.7878432,-461.0296158639876,-187.51503008138434,706.1595339866508,14.063627256104223,-34.577221189799296,6.819013424069118e-20
1786739826.3168857,resting,fast,1786739817.7878432,-465.5852805300551,-185.724818911621,717.1385469394663,13.92936141837168,-34.9188960397544,6.874260890484019e-20
1786739826.345161,resting,fast,1786739817.7878432,-465.6753577739569,-182.67214863576908,720.7015429908024,13.700411147682761,-34.92565183304678,6.851002602751771e-20
1786739826.373702,resting,fast,1786739817.7878432,-467.26731326659046,-181.35819754574743,729.6096596975585,13.601864815931325,-35.04504849499447,6.895717781621574e-20
1786739826.4020994,resting,fast,1786739817.7878432,-463.78732486721674,-181.8625877443568,721.0455425122427,13.639694080826924,-34.78404936504134,6.869962634093119e-20
1786739826.4308057,resting,fast,1786739817.7878432,-464.2685179103246,-182.4485181088845,712.3480167969046,13.683638858166592,-34.820138843274414,6.839002094256812e-20
1786739826.4594207,resting,fast,1786739817.7878432,-461.60858027528457,-182.27499455105715,707.9392017859136,13.67062459132939,-34.620643520646524,6.785326006460881e-20
1786739826.4890347,resting,fast,1786739817.7878432,-462.36115451526393,-182.93509127949335,706.6568983605393,13.72013184596226,-34.677086588645075,6.833437872931444e-20
1786739826.516189,resting,fast,1786739817.7878432,-462.84475995197363,-184.42425173475203,715.635762303782,13.831818880106642,-34.713356996398154,6.839199807624666e-20
1786739826.544383,resting,fast,1786739817.7878432,-463.22446872584624,-183.42017156098495,710.7762685741309,13.756512867074132,-34.74183515443878,6.79772208353446e-20
1786739826.5725296,resting,fast,1786739817.7878432,-462.8795690189727,-183.88777232370853,709.5832520321474,13.791582924278433,-34.71596767642313,6.725342708122603e-20
1786739826.6009648,resting,fast,1786739817.7878432,-460.6925055899328,-185.01180063805612,702.9647296055164,13.875885047854485,-34.55193791924511,6.747067530937728e-20
1786739826.6293566,resting,fast,1786739817.7878432,-461.86489515320045,-187.2154825933585,702.0476799709431,14.041161194502063,-34.639867136490416,6.784491842174804e-20
1786739826.6585019,resting,fast,1786739817.7878432,-463.7858228362534,-187.98774459523236,710.3868651318426,14.099080844642746,-34.78393671271928,6.910593143353915e-20
1786739826.688781,resting,fast,1786739817.7878432,-464.8728756783471,-187.6614272969489,705.1218806557181,14.074607047271375,-34.865465675876365,6.905303332881377e-20
1786739826.7145815,resting,fast,1786739817.7878432,-467.0593212036965,-185.91374462833176,719.8112861452755,13.943530847125206,-35.029449090277346,6.946042607688556e-20
1786739826.7430909,resting,fast,1786739817.7878432,-466.48241631490237,-188.06318183579947,712.5122566059126,14.104738637685198,-34.98618122361761,6.8264050518813e-20
1786739826.771811,resting,fast,1786739817.7878432,-467.8089915487403,-186.02611579095162,724.5184341925687,13.951958684321493,-35.08567436615584,6.873710479219994e-20
1786739826.7997682,resting,fast,1786739817.7878432,-463.6250821256276,-186.77509473389966,709.3597799236486,14.008132105042744,-34.7718811594223,6.835733483293861e-20
1786739826.8281682,resting,fast,1786739817.7878432,-463.28339993261216,-183.04422712278313,706.3239063410501,13.72831703420896,-34.746254994946135,6.854033673315231e-20
1786739826.8565354,resting,fast,1786739817.7878432,-464.57611140718745,-185.8524623730856,704.3046791207216,13.93893467798166,-34.84320835553914,6.858771777036537e-20
1786739826.8868606,resting,fast,1786739817.7878432,-464.4488628494969,-186.93271288872802,700.7675633905237,14.01995346665483,-34.83366471371221,6.831171457554296e-20
1786739826.914173,resting,fast,1786739817.7878432,-464.7347693358897,-186.93346920280806,712.0712642115877,14.020010190210957,-34.85510770019206,6.861767843135162e-20
1786739826.9419062,resting,fast,1786739817.7878432,-462.25416725000105,-183.26801325072597,708.738891309772,13.745100993804687,-34.66906254375026,6.873318852004014e-20
1786739826.970287,resting,fast,1786739817.7878432,-463.4846284006753,-180.82200545532828,711.6141399402277,13.561650409149923,-34.761347130050936,6.89682901563575e-20
1786739826.9985878,resting,fast,1786739817.7878432,-464.4978427501451,-180.20485922353134,709.8020695078121,13.515364441765097,-34.837338206261,6.907511727861328e-20
1786739827.027266,resting,fast,1786739817.7878432,-463.72203567860834,-181.84292529454513,705.3003814709009,13.638219397091117,-34.779152675895844,6.779481335685766e-20
1786739827.055899,resting,fast,1786739817.7878432,-465.40068685619644,-180.54501500916774,717.624969766518,13.540876125687763,-34.905051514214925,6.76483898736545e-20
1786739827.084109,resting,fast,1786739817.7878432,-464.1374482681881,-183.20079845863324,717.1975770078661,13.7400598843976,-34.810308620114384,6.75681389547831e-20
1786739827.113081,resting,fast,1786739817.7878432,-465.41257011373,-185.78515252696786,719.1492325026666,13.933886439522798,-34.905942758529974,6.832369664997939e-20
1786739827.1409726,resting,fast,1786739817.7878432,-460.3612747106022,-187.3649039336418,702.5497032697112,14.05236779502344,-34.527095603295386,6.780327803197649e-20
1786739827.169155,resting,fast,1786739817.7878432,-461.895345082673,-188.1030229870704,707.69147517081,14.107726724030524,-34.64215088120079,6.870596901787586e-20
1786739827.1974852,resting,fast,1786739817.7878432,-461.5303853807404,-185.21858145666715,706.5170233543686,13.891393609250553,-34.61477890355577,6.828264574494915e-20
1786739827.226208,resting,fast,1786739817.7878432,-464.62229874733475,-187.35801126858848,707.45580846354,14.051850845144298,-34.84667240605024,6.874516452435907e-20
1786739827.2546794,resting,fast,1786739817.7878432,-464.50116069341175,-188.59522307215013,700.5259730051512,14.144641730411468,-34.83758705200595,6.83910060868915e-20
1786739827.2858002,resting,fast,1786739817.7878432,-464.12490783624116,-188.0640510077659,701.6185252091691,14.104803825582668,-34.809368087718326,6.851508550409893e-20
1786739827.3114696,resting,fast,1786739817.7878432,-465.4658367468164,-186.2808318457072,712.1753605772647,13.971062388428269,-34.90993775601145,6.875127476306006e-20
1786739827.3396413,resting,fast,1786739817.7878432,-465.0509810386752,-183.97850592700934,711.5774580588832,13.798387944525903,-34.8788235779009,6.86566509791883e-20
1786739827.3681285,resting,fast,1786739817.7878432,-465.370703085719,-185.78061489458003,711.0208908310469,13.93354611709378,-34.90280273142921,6.864406513440554e-20
1786739827.3964498,resting,fast,1786739817.7878432,-465.8457943820381,-185.9003519311492,711.6539410150981,13.94252639483646,-34.93843457865303,6.894174780584156e-20
1786739827.4248297,resting,fast,1786739817.7878432,-462.77171438032974,-186.5340365190856,701.6212122463303,13.99005273893155,-34.70787857852498,6.79717042569272e-20
1786739827.453815,resting,fast,1786739817.7878432,-463.2071720294339,-184.85395846582276,704.5815975043643,13.864046884937014,-34.74053790220776,6.795744998476972e-20
1786739827.4819317,resting,fast,1786739817.7878432,-462.6252416300458,-185.61925416786949,702.0820891361454,13.921444062590492,-34.69689312225363,6.825986177958091e-20
1786739827.5104017,resting,fast,1786739817.7878432,-464.76667741117853,-182.0193932513696,711.5782808693002,13.651454493852956,-34.857500805838654,6.90280634892999e-20
1786739827.5383391,resting,fast,1786739817.7878432,-463.9471827538432,-183.24132396321068,706.6563932237732,13.74309929724102,-34.79603870653836,6.894547550425969e-20
1786739827.5669923,resting,fast,1786739817.7878432,-465.8715522856796,-183.11991635233812,706.9347335897073,13.733993726425577,-34.94036642142618,6.836416589248179e-20
1786739827.595143,resting,fast,1786739817.7878432,-467.5073733613258,-185.26497970049866,709.1005211333468,13.894873477537576,-35.063053002099664,6.805486215826855e-20
1786739827.6236567,resting,fast,1786739817.7878432,-466.7073934525315,-184.9036738910096,707.891839714126,13.867775541826152,-35.00305450894017,6.794372840747048e-20
1786739827.6536767,resting,fast,1786739817.7878432,-465.995340471919,-187.69381116514057,709.8908311898904,14.077035837385676,-34.94965053539409,6.822633923350106e-20
1786739827.6805332,resting,fast,1786739817.7878432,-466.2993485497591,-191.66065656249316,712.741823262043,14.374549242187253,-34.97245114123204,6.859581307839026e-20
1786739827.7090445,resting,fast,1786739817.7878432,-467.19956296999726,-191.24084957457603,715.360345709395,14.343063718093479,-35.03996722275002,6.917065254612338e-20
1786739827.7375019,resting,fast,1786739817.7878432,-464.26539761609956,-189.84272079241418,711.3950582170228,14.238204059431272,-34.819904821207665,6.916455478618137e-20
1786739827.7657642,resting,fast,1786739817.7878432,-460.49590318946866,-185.03708246666906,699.4813174153624,13.877781185000426,-34.53719273921035,6.850546016842194e-20
1786739827.7942436,resting,fast,1786739817.7878432,-463.0733618576669,-183.5690792283076,705.046570892654,13.76768094212316,-34.7305021393253,6.833942687803843e-20
1786739827.8225646,resting,fast,1786739817.7878432,-464.12733384451394,-181.0680480038319,707.2266359722707,13.580103600287696,-34.809550038338685,6.824066495311139e-20
1786739827.8541465,resting,fast,1786739817.7878432,-465.9566673069603,-182.0030375540356,716.959605567974,13.650227816552889,-34.946750048022295,6.885182463891785e-20
1786739827.8793962,resting,fast,1786739817.7878432,-464.3283425312088,-184.9460820320038,720.6425094879869,13.870956152400478,-34.824625689840886,6.976107344755515e-20
1786739827.9078305,resting,fast,1786739817.7878432,-465.7135692929246,-186.0299008862312,720.3092049111228,13.952242566467621,-34.92851769696951,6.99733479730636e-20
1786739827.936009,resting,fast,1786739817.7878432,-465.6279759417107,-187.10728961259383,713.1786417076519,14.033046720944835,-34.92209819562829,6.961049414462772e-20
1786739827.9644063,resting,fast,1786739817.7878432,-465.84263671346207,-185.90519353426782,710.4070178428128,13.942889515070316,-34.93819775350992,6.921605562113237e-20
1786739827.992786,resting,fast,1786739817.7878432,-464.5601542658842,-184.9190962885126,709.1090839530016,13.868932221638719,-34.84201156994144,6.846698555126323e-20
1786739828.021628,resting,fast,1786739817.7878432,-465.2581191569034,-184.69397442761795,712.8906296558416,13.852048082071416,-34.89435893676801,6.866777456359913e-20
1786739828.0521836,resting,fast,1786739817.7878432,-464.6725039448893,-182.39859005541462,709.5336190915577,13.67989425415632,-34.850437795866874,6.831639235665029e-20
1786739828.078339,resting,fast,1786739817.7878432,-464.9974175998718,-182.43188743431472,714.7736601669067,13.682391557573933,-34.87480631999065,6.861197298672063e-20
1786739828.1066294,resting,fast,1786739817.7878432,-465.63184391603227,-181.2995723083758,717.0883267349354,13.597467923128239,-34.9223882937027,6.88647919365235e-20
1786739828.134989,resting,fast,1786739817.7878432,-463.8137069449158,-184.49877473059212,711.4737817673067,13.837408104794388,-34.7860280208688,6.848966586308861e-20
1786739828.1631522,resting,fast,1786739817.7878432,-463.36887697054226,-186.77940254571126,700.9430324288069,14.008455190928391,-34.752665772791,6.848043093599008e-20
1786739828.1915085,resting,fast,1786739817.7878432,-460.42483484354307,-189.2880049507188,693.5513858253262,14.196600371304054,-34.53186261326598,6.762061275333001e-20
1786739828.220268,resting,fast,1786739817.7878432,-461.7696020812996,-187.82741460204988,697.3054729476316,14.087056095154,-34.63272015609771,6.763333575719869e-20
1786739828.2486675,resting,fast,1786739817.7878432,-463.5000451543742,-189.42637809605026,696.931861525949,14.206978357204182,-34.76250338657836,6.772767884044032e-20
1786739828.2769587,resting,fast,1786739817.7878432,-465.69427630923246,-187.43690581557132,707.1820964057142,14.057767936168158,-34.92707072319263,6.854563677880027e-20
1786739828.305443,resting,fast,1786739817.7878432,-466.9124187106827,-189.50963048910592,708.7017557103572,14.213222286683159,-35.01843140330127,6.932875316541899e-20
1786739828.333722,resting,fast,1786739817.7878432,-466.76499818662614,-187.45343842796535,717.1044774028105,14.059007882097493,-35.00737486399711,6.994776909604433e-20
1786739828.3621655,resting,fast,1786739817.7878432,-469.0905781333918,-188.26160255785646,716.4086179040814,14.119620191839307,-35.181793360004576,6.982878192273616e-20
1786739828.3905418,resting,fast,1786739817.7878432,-465.9906042906282,-184.64860744847942,705.7134319395318,13.848645558636083,-34.949295321797216,6.894720764534523e-20
1786739828.4190714,resting,fast,1786739817.7878432,-464.67384685741126,-185.23656559216818,703.3057549289861,13.89274241941295,-34.850538514305974,6.870745308031208e-20
1786739828.4507008,resting,fast,1786739817.7878432,-461.8416056590627,-184.11624073716087,699.3905909827818,13.80871805528719,-34.63812042442998,6.864239276353393e-20
1786739828.4762757,resting,fast,1786739817.7878432,-464.2357012102325,-186.28054430653617,710.7299311398519,13.971040822990542,-34.817677590767694,6.866787039763772e-20
1786739828.5040941,resting,fast,1786739817.7878432,-462.7216526080033,-183.47039032359646,707.5650229310841,13.760279274270001,-34.70412394560051,6.741194881843796e-20
1786739828.5326595,resting,fast,1786739817.7878432,-464.60405647215293,-182.44276929131786,714.2112901113669,13.683207696849077,-34.8453042354115,6.780374071064779e-20
1786739828.5609827,resting,fast,1786739817.7878432,-463.11692311931574,-183.3512964538919,706.5381902650051,13.751347234042004,-34.73376923394886,6.822276568453679e-20
1786739828.589385,resting,fast,1786739817.7878432,-462.51396226349425,-183.2986266721516,703.5226911791888,13.747397000411457,-34.68854716976213,6.862379697613489e-20
1786739828.6187544,resting,fast,1786739817.7878432,-460.78879977149427,-184.44692463637398,696.6673405285565,13.83351934772831,-34.559159982862056,6.795095621908622e-20
1786739828.6465816,resting,fast,1786739817.7878432,-460.7552492428895,-184.3497304921042,698.7626008717589,13.826229786908169,-34.55664369321702,6.750221529226343e-20
1786739828.6749988,resting,fast,1786739817.7878432,-462.44898002343507,-185.37412721508997,706.3155600201999,13.903059541131991,-34.68367350175796,6.804522369933833e-20
1786739828.7032309,resting,fast,1786739817.7878432,-460.09613940085956,-185.7393583195328,702.261290626785,13.930451873965257,-34.50721045506464,6.755161227737146e-20
1786739828.731894,resting,fast,1786739817.7878432,-461.6415030084222,-183.93797955649222,707.3541804843671,13.795348466737057,-34.623112725631806,6.778333688693298e-20
1786739828.7598581,resting,fast,1786739817.7878432,-461.2787189200976,-184.8066805987928,703.2813757165559,13.860501044909537,-34.595903919007625,6.835332433883516e-20
1786739828.7882962,resting,fast,1786739817.7878432,-461.6357078538331,-186.81849579363472,699.582090897391,14.011387184522757,-34.62267808903755,6.880891032135515e-20
1786739828.816884,resting,fast,1786739817.7878432,-460.80433423246313,-186.84460054419185,695.5166635569367,14.013345040814581,-34.56032506743493,6.843280700593771e-20
1786739828.8583488,resting,fast,1786739817.7878432,-460.4192923264354,-185.09757354041733,701.4837840632044,13.882318015531457,-34.531446924482815,6.750774285498335e-20
